"id","centro","x1","x2","periodo","y"
1,"1",1.40156849046089,0,"1",0
1,"1",1.40156849046089,0,"2",0
1,"1",1.40156849046089,0,"3",0
1,"1",1.40156849046089,0,"4",0
1,"1",1.40156849046089,0,"5",0
2,"1",0.489606134221501,1,"1",0
2,"1",0.489606134221501,1,"2",0
2,"1",0.489606134221501,1,"3",0
2,"1",0.489606134221501,1,"4",0
2,"1",0.489606134221501,1,"5",0
2,"1",0.489606134221501,1,"6",0
3,"1",0.169554313353314,0,"1",0
3,"1",0.169554313353314,0,"2",0
3,"1",0.169554313353314,0,"3",0
4,"1",2.21776480999002,1,"1",0
4,"1",2.21776480999002,1,"2",0
4,"1",2.21776480999002,1,"3",0
4,"1",2.21776480999002,1,"4",0
4,"1",2.21776480999002,1,"5",0
5,"1",-0.0285134392216473,0,"1",0
5,"1",-0.0285134392216473,0,"2",0
5,"1",-0.0285134392216473,0,"3",0
5,"1",-0.0285134392216473,0,"4",0
6,"1",0.0343232482448995,0,"1",0
6,"1",0.0343232482448995,0,"2",0
6,"1",0.0343232482448995,0,"3",0
6,"1",0.0343232482448995,0,"4",0
6,"1",0.0343232482448995,0,"5",0
7,"1",0.0799058164112459,1,"1",0
7,"1",0.0799058164112459,1,"2",0
7,"1",0.0799058164112459,1,"3",0
7,"1",0.0799058164112459,1,"4",0
8,"1",-0.506602056918307,1,"1",0
8,"1",-0.506602056918307,1,"2",0
8,"1",-0.506602056918307,1,"3",0
9,"1",-0.0180461065544948,1,"1",0
9,"1",-0.0180461065544948,1,"2",0
9,"1",-0.0180461065544948,1,"3",0
9,"1",-0.0180461065544948,1,"4",0
10,"1",0.523915110433574,1,"1",0
10,"1",0.523915110433574,1,"2",0
10,"1",0.523915110433574,1,"3",0
11,"1",1.17029852286515,1,"1",0
11,"1",1.17029852286515,1,"2",0
11,"1",1.17029852286515,1,"3",0
11,"1",1.17029852286515,1,"4",0
11,"1",1.17029852286515,1,"5",0
12,"1",-0.635915227135433,0,"1",0
12,"1",-0.635915227135433,0,"2",0
12,"1",-0.635915227135433,0,"3",0
12,"1",-0.635915227135433,0,"4",0
13,"1",-1.27219445476138,0,"1",0
13,"1",-1.27219445476138,0,"2",0
13,"1",-1.27219445476138,0,"3",0
14,"1",-0.469406054949486,0,"1",0
14,"1",-0.469406054949486,0,"2",0
14,"1",-0.469406054949486,0,"3",0
14,"1",-0.469406054949486,0,"4",0
14,"1",-0.469406054949486,0,"5",0
14,"1",-0.469406054949486,0,"6",0
15,"1",-0.308903873230199,1,"1",0
15,"1",-0.308903873230199,1,"2",0
15,"1",-0.308903873230199,1,"3",0
15,"1",-0.308903873230199,1,"4",0
16,"1",-0.988062128622911,0,"1",0
16,"1",-0.988062128622911,0,"2",0
16,"1",-0.988062128622911,0,"3",0
16,"1",-0.988062128622911,0,"4",0
16,"1",-0.988062128622911,0,"5",0
17,"1",0.622568735383779,0,"1",1
18,"1",0.700371310069222,1,"1",0
18,"1",0.700371310069222,1,"2",0
18,"1",0.700371310069222,1,"3",0
18,"1",0.700371310069222,1,"4",0
18,"1",0.700371310069222,1,"5",0
18,"1",0.700371310069222,1,"6",0
19,"1",0.602091805348772,0,"1",0
19,"1",0.602091805348772,0,"2",0
19,"1",0.602091805348772,0,"3",0
19,"1",0.602091805348772,0,"4",0
20,"1",-0.151446521651605,0,"1",0
20,"1",-0.151446521651605,0,"2",0
20,"1",-0.151446521651605,0,"3",0
20,"1",-0.151446521651605,0,"4",0
20,"1",-0.151446521651605,0,"5",0
20,"1",-0.151446521651605,0,"6",0
21,"1",0.770237655164392,0,"1",0
21,"1",0.770237655164392,0,"2",0
21,"1",0.770237655164392,0,"3",0
21,"1",0.770237655164392,0,"4",0
21,"1",0.770237655164392,0,"5",0
22,"1",0.0954848225825853,0,"1",0
22,"1",0.0954848225825853,0,"2",0
22,"1",0.0954848225825853,0,"3",0
23,"1",0.251925870284885,1,"1",0
23,"1",0.251925870284885,1,"2",0
23,"1",0.251925870284885,1,"3",0
23,"1",0.251925870284885,1,"4",0
23,"1",0.251925870284885,1,"5",0
24,"1",-0.0983816713253679,0,"1",0
24,"1",-0.0983816713253679,0,"2",0
24,"1",-0.0983816713253679,0,"3",0
25,"1",1.09491920472604,1,"1",0
25,"1",1.09491920472604,1,"2",0
25,"1",1.09491920472604,1,"3",0
25,"1",1.09491920472604,1,"4",0
25,"1",1.09491920472604,1,"5",0
26,"1",1.02544048850908,0,"1",0
26,"1",1.02544048850908,0,"2",0
26,"1",1.02544048850908,0,"3",0
27,"1",1.08562187720625,0,"1",0
27,"1",1.08562187720625,0,"2",0
27,"1",1.08562187720625,0,"3",0
27,"1",1.08562187720625,0,"4",1
28,"1",0.383284602520448,0,"1",0
28,"1",0.383284602520448,0,"2",0
28,"1",0.383284602520448,0,"3",0
28,"1",0.383284602520448,0,"4",0
28,"1",0.383284602520448,0,"5",0
28,"1",0.383284602520448,0,"6",0
29,"1",-1.73448877068403,0,"1",0
29,"1",-1.73448877068403,0,"2",0
29,"1",-1.73448877068403,0,"3",0
29,"1",-1.73448877068403,0,"4",0
30,"2",-0.936271509381182,1,"1",0
30,"2",-0.936271509381182,1,"2",0
30,"2",-0.936271509381182,1,"3",0
30,"2",-0.936271509381182,1,"4",0
30,"2",-0.936271509381182,1,"5",0
31,"2",0.106667852179846,1,"1",0
31,"2",0.106667852179846,1,"2",0
31,"2",0.106667852179846,1,"3",0
31,"2",0.106667852179846,1,"4",0
31,"2",0.106667852179846,1,"5",0
31,"2",0.106667852179846,1,"6",0
32,"2",0.99133518021782,0,"1",0
32,"2",0.99133518021782,0,"2",0
32,"2",0.99133518021782,0,"3",0
33,"2",0.179479627858347,0,"1",0
33,"2",0.179479627858347,0,"2",0
33,"2",0.179479627858347,0,"3",0
33,"2",0.179479627858347,0,"4",0
34,"2",-1.52477469065639,0,"1",0
34,"2",-1.52477469065639,0,"2",0
34,"2",-1.52477469065639,0,"3",0
34,"2",-1.52477469065639,0,"4",0
34,"2",-1.52477469065639,0,"5",0
34,"2",-1.52477469065639,0,"6",0
35,"2",-0.425436702256561,1,"1",0
35,"2",-0.425436702256561,1,"2",0
35,"2",-0.425436702256561,1,"3",0
35,"2",-0.425436702256561,1,"4",0
35,"2",-0.425436702256561,1,"5",0
35,"2",-0.425436702256561,1,"6",0
36,"2",-0.199083301744608,0,"1",0
36,"2",-0.199083301744608,0,"2",0
36,"2",-0.199083301744608,0,"3",0
37,"2",-0.584157323253611,0,"1",0
37,"2",-0.584157323253611,0,"2",0
37,"2",-0.584157323253611,0,"3",0
37,"2",-0.584157323253611,0,"4",0
37,"2",-0.584157323253611,0,"5",0
37,"2",-0.584157323253611,0,"6",0
38,"2",-1.39288733147184,0,"1",1
39,"2",0.237486279366672,1,"1",0
39,"2",0.237486279366672,1,"2",0
39,"2",0.237486279366672,1,"3",0
39,"2",0.237486279366672,1,"4",0
40,"2",1.13498946216552,1,"1",1
41,"2",-0.835087682148841,0,"1",0
41,"2",-0.835087682148841,0,"2",1
42,"2",-0.435213989560262,0,"1",0
42,"2",-0.435213989560262,0,"2",0
42,"2",-0.435213989560262,0,"3",0
42,"2",-0.435213989560262,0,"4",0
42,"2",-0.435213989560262,0,"5",0
42,"2",-0.435213989560262,0,"6",0
43,"2",0.423331015894615,1,"1",0
43,"2",0.423331015894615,1,"2",0
43,"2",0.423331015894615,1,"3",0
43,"2",0.423331015894615,1,"4",0
43,"2",0.423331015894615,1,"5",0
44,"2",-2.21179385780289,0,"1",0
44,"2",-2.21179385780289,0,"2",0
44,"2",-2.21179385780289,0,"3",0
44,"2",-2.21179385780289,0,"4",0
45,"2",0.0864896196950626,0,"1",0
45,"2",0.0864896196950626,0,"2",0
45,"2",0.0864896196950626,0,"3",0
45,"2",0.0864896196950626,0,"4",0
45,"2",0.0864896196950626,0,"5",0
45,"2",0.0864896196950626,0,"6",0
46,"2",-0.845395129382294,0,"1",0
46,"2",-0.845395129382294,0,"2",0
46,"2",-0.845395129382294,0,"3",0
46,"2",-0.845395129382294,0,"4",0
46,"2",-0.845395129382294,0,"5",0
46,"2",-0.845395129382294,0,"6",1
47,"2",1.2662248229541,0,"1",0
47,"2",1.2662248229541,0,"2",0
47,"2",1.2662248229541,0,"3",0
47,"2",1.2662248229541,0,"4",0
47,"2",1.2662248229541,0,"5",0
47,"2",1.2662248229541,0,"6",0
48,"2",0.85507552129002,1,"1",0
48,"2",0.85507552129002,1,"2",0
48,"2",0.85507552129002,1,"3",1
49,"2",-0.154000912459803,1,"1",0
49,"2",-0.154000912459803,1,"2",0
49,"2",-0.154000912459803,1,"3",0
49,"2",-0.154000912459803,1,"4",0
50,"2",-0.436141742662503,0,"1",0
50,"2",-0.436141742662503,0,"2",0
50,"2",-0.436141742662503,0,"3",0
50,"2",-0.436141742662503,0,"4",0
50,"2",-0.436141742662503,0,"5",0
50,"2",-0.436141742662503,0,"6",0
51,"2",-0.579224783903935,0,"1",0
51,"2",-0.579224783903935,0,"2",0
51,"2",-0.579224783903935,0,"3",0
51,"2",-0.579224783903935,0,"4",0
52,"2",-0.464727356365608,0,"1",0
52,"2",-0.464727356365608,0,"2",0
52,"2",-0.464727356365608,0,"3",0
52,"2",-0.464727356365608,0,"4",0
52,"2",-0.464727356365608,0,"5",0
53,"2",-2.02321998806989,1,"1",0
53,"2",-2.02321998806989,1,"2",0
53,"2",-2.02321998806989,1,"3",0
54,"2",1.0946240755485,1,"1",0
54,"2",1.0946240755485,1,"2",0
54,"2",1.0946240755485,1,"3",0
54,"2",1.0946240755485,1,"4",0
54,"2",1.0946240755485,1,"5",0
55,"2",-0.608212356281214,0,"1",0
55,"2",-0.608212356281214,0,"2",0
55,"2",-0.608212356281214,0,"3",0
55,"2",-0.608212356281214,0,"4",0
55,"2",-0.608212356281214,0,"5",0
55,"2",-0.608212356281214,0,"6",0
56,"2",-0.405496802634149,0,"1",0
56,"2",-0.405496802634149,0,"2",0
56,"2",-0.405496802634149,0,"3",0
56,"2",-0.405496802634149,0,"4",0
56,"2",-0.405496802634149,0,"5",0
56,"2",-0.405496802634149,0,"6",0
57,"2",1.03330629034355,0,"1",1
58,"2",-0.705643640291232,0,"1",0
58,"2",-0.705643640291232,0,"2",0
58,"2",-0.705643640291232,0,"3",0
58,"2",-0.705643640291232,0,"4",0
58,"2",-0.705643640291232,0,"5",0
58,"2",-0.705643640291232,0,"6",1
59,"2",1.67158706533127,1,"1",0
59,"2",1.67158706533127,1,"2",0
59,"2",1.67158706533127,1,"3",0
60,"2",-1.49020369453086,1,"1",0
60,"2",-1.49020369453086,1,"2",0
60,"2",-1.49020369453086,1,"3",0
60,"2",-1.49020369453086,1,"4",0
61,"2",-2.16415857828205,0,"1",0
61,"2",-2.16415857828205,0,"2",0
61,"2",-2.16415857828205,0,"3",0
61,"2",-2.16415857828205,0,"4",0
61,"2",-2.16415857828205,0,"5",0
61,"2",-2.16415857828205,0,"6",0
62,"2",-0.320487782712974,0,"1",0
62,"2",-0.320487782712974,0,"2",0
62,"2",-0.320487782712974,0,"3",0
62,"2",-0.320487782712974,0,"4",0
62,"2",-0.320487782712974,0,"5",0
63,"2",-0.661825019639227,0,"1",0
63,"2",-0.661825019639227,0,"2",0
63,"2",-0.661825019639227,0,"3",0
63,"2",-0.661825019639227,0,"4",0
63,"2",-0.661825019639227,0,"5",0
64,"2",-2.38613324633344,0,"1",0
64,"2",-2.38613324633344,0,"2",0
64,"2",-2.38613324633344,0,"3",0
64,"2",-2.38613324633344,0,"4",0
64,"2",-2.38613324633344,0,"5",0
64,"2",-2.38613324633344,0,"6",0
65,"2",-2.02055673543638,1,"1",0
65,"2",-2.02055673543638,1,"2",0
65,"2",-2.02055673543638,1,"3",0
65,"2",-2.02055673543638,1,"4",0
65,"2",-2.02055673543638,1,"5",0
66,"2",0.493434246353423,0,"1",0
66,"2",0.493434246353423,0,"2",0
66,"2",0.493434246353423,0,"3",0
67,"2",-1.50640555317499,0,"1",0
67,"2",-1.50640555317499,0,"2",0
67,"2",-1.50640555317499,0,"3",0
67,"2",-1.50640555317499,0,"4",0
67,"2",-1.50640555317499,0,"5",0
68,"2",-0.722359969664876,0,"1",1
69,"2",-1.76059867236824,1,"1",0
69,"2",-1.76059867236824,1,"2",0
69,"2",-1.76059867236824,1,"3",0
69,"2",-1.76059867236824,1,"4",0
69,"2",-1.76059867236824,1,"5",0
69,"2",-1.76059867236824,1,"6",0
70,"2",-1.56071119487212,0,"1",0
70,"2",-1.56071119487212,0,"2",0
70,"2",-1.56071119487212,0,"3",0
71,"2",-1.47803048641078,0,"1",0
71,"2",-1.47803048641078,0,"2",0
71,"2",-1.47803048641078,0,"3",0
71,"2",-1.47803048641078,0,"4",0
72,"2",-0.252978695961147,0,"1",0
72,"2",-0.252978695961147,0,"2",0
72,"2",-0.252978695961147,0,"3",0
72,"2",-0.252978695961147,0,"4",0
73,"2",0.374144525028405,1,"1",0
73,"2",0.374144525028405,1,"2",0
73,"2",0.374144525028405,1,"3",0
73,"2",0.374144525028405,1,"4",0
73,"2",0.374144525028405,1,"5",0
73,"2",0.374144525028405,1,"6",0
74,"2",0.846540573272817,1,"1",0
74,"2",0.846540573272817,1,"2",0
74,"2",0.846540573272817,1,"3",0
74,"2",0.846540573272817,1,"4",0
74,"2",0.846540573272817,1,"5",0
74,"2",0.846540573272817,1,"6",0
75,"2",1.30801865466282,0,"1",0
75,"2",1.30801865466282,0,"2",0
75,"2",1.30801865466282,0,"3",0
76,"2",-1.65863486496052,0,"1",0
76,"2",-1.65863486496052,0,"2",0
76,"2",-1.65863486496052,0,"3",0
76,"2",-1.65863486496052,0,"4",0
76,"2",-1.65863486496052,0,"5",0
76,"2",-1.65863486496052,0,"6",0
77,"2",-0.343376598571795,1,"1",0
77,"2",-0.343376598571795,1,"2",0
77,"2",-0.343376598571795,1,"3",0
77,"2",-0.343376598571795,1,"4",0
77,"2",-0.343376598571795,1,"5",0
78,"2",2.40548309847531,0,"1",0
78,"2",2.40548309847531,0,"2",0
78,"2",2.40548309847531,0,"3",1
79,"2",0.19046536431736,0,"1",0
79,"2",0.19046536431736,0,"2",0
79,"2",0.19046536431736,0,"3",0
79,"2",0.19046536431736,0,"4",0
79,"2",0.19046536431736,0,"5",0
80,"2",1.51357038535372,0,"1",0
80,"2",1.51357038535372,0,"2",0
80,"2",1.51357038535372,0,"3",1
81,"2",1.19158097014742,0,"1",0
81,"2",1.19158097014742,0,"2",0
81,"2",1.19158097014742,0,"3",1
82,"2",-0.524509817583609,0,"1",0
82,"2",-0.524509817583609,0,"2",0
82,"2",-0.524509817583609,0,"3",0
82,"2",-0.524509817583609,0,"4",1
83,"2",0.678218500535046,0,"1",0
83,"2",0.678218500535046,0,"2",0
83,"2",0.678218500535046,0,"3",0
83,"2",0.678218500535046,0,"4",0
84,"3",1.01623718174399,0,"1",0
84,"3",1.01623718174399,0,"2",1
85,"3",2.05610186187028,1,"1",0
85,"3",2.05610186187028,1,"2",0
85,"3",2.05610186187028,1,"3",0
85,"3",2.05610186187028,1,"4",1
86,"3",-0.0234629969302916,1,"1",0
86,"3",-0.0234629969302916,1,"2",0
86,"3",-0.0234629969302916,1,"3",0
86,"3",-0.0234629969302916,1,"4",0
86,"3",-0.0234629969302916,1,"5",0
86,"3",-0.0234629969302916,1,"6",0
87,"3",-1.28207964487314,1,"1",0
87,"3",-1.28207964487314,1,"2",0
87,"3",-1.28207964487314,1,"3",0
88,"3",0.932750115969289,0,"1",0
88,"3",0.932750115969289,0,"2",0
88,"3",0.932750115969289,0,"3",1
89,"3",-1.82931466355176,1,"1",0
89,"3",-1.82931466355176,1,"2",0
89,"3",-1.82931466355176,1,"3",0
89,"3",-1.82931466355176,1,"4",0
89,"3",-1.82931466355176,1,"5",0
89,"3",-1.82931466355176,1,"6",0
90,"3",0.669460816245723,0,"1",0
90,"3",0.669460816245723,0,"2",0
90,"3",0.669460816245723,0,"3",0
90,"3",0.669460816245723,0,"4",1
91,"3",0.638671355912208,1,"1",0
91,"3",0.638671355912208,1,"2",0
91,"3",0.638671355912208,1,"3",0
91,"3",0.638671355912208,1,"4",0
91,"3",0.638671355912208,1,"5",0
91,"3",0.638671355912208,1,"6",0
92,"3",1.81550758486186,1,"1",0
92,"3",1.81550758486186,1,"2",0
92,"3",1.81550758486186,1,"3",1
93,"3",0.409738628833757,0,"1",0
93,"3",0.409738628833757,0,"2",0
93,"3",0.409738628833757,0,"3",1
94,"3",-2.44359508283889,1,"1",0
94,"3",-2.44359508283889,1,"2",0
94,"3",-2.44359508283889,1,"3",0
94,"3",-2.44359508283889,1,"4",0
95,"3",0.211287900799183,1,"1",0
95,"3",0.211287900799183,1,"2",0
95,"3",0.211287900799183,1,"3",0
95,"3",0.211287900799183,1,"4",0
96,"3",0.258641804614719,0,"1",0
96,"3",0.258641804614719,0,"2",0
96,"3",0.258641804614719,0,"3",0
96,"3",0.258641804614719,0,"4",1
97,"3",0.358752531177296,0,"1",0
97,"3",0.358752531177296,0,"2",0
97,"3",0.358752531177296,0,"3",0
97,"3",0.358752531177296,0,"4",0
97,"3",0.358752531177296,0,"5",0
98,"3",0.70043198015801,0,"1",0
98,"3",0.70043198015801,0,"2",0
98,"3",0.70043198015801,0,"3",0
98,"3",0.70043198015801,0,"4",0
98,"3",0.70043198015801,0,"5",0
99,"3",0.311454163453817,1,"1",0
99,"3",0.311454163453817,1,"2",0
99,"3",0.311454163453817,1,"3",0
100,"3",-1.00432884634812,0,"1",0
100,"3",-1.00432884634812,0,"2",0
100,"3",-1.00432884634812,0,"3",0
101,"3",-0.109280892019458,0,"1",0
101,"3",-0.109280892019458,0,"2",0
101,"3",-0.109280892019458,0,"3",0
102,"3",-1.84666930275033,1,"1",0
102,"3",-1.84666930275033,1,"2",0
102,"3",-1.84666930275033,1,"3",0
102,"3",-1.84666930275033,1,"4",0
102,"3",-1.84666930275033,1,"5",0
103,"3",0.302522737040598,0,"1",0
103,"3",0.302522737040598,0,"2",0
103,"3",0.302522737040598,0,"3",0
103,"3",0.302522737040598,0,"4",0
103,"3",0.302522737040598,0,"5",0
104,"3",-0.490130531412686,0,"1",0
104,"3",-0.490130531412686,0,"2",1
105,"3",-1.33338955167749,0,"1",0
105,"3",-1.33338955167749,0,"2",0
105,"3",-1.33338955167749,0,"3",0
105,"3",-1.33338955167749,0,"4",0
106,"3",-0.323237789316727,1,"1",0
106,"3",-0.323237789316727,1,"2",0
106,"3",-0.323237789316727,1,"3",0
107,"3",-1.41075151989055,1,"1",0
107,"3",-1.41075151989055,1,"2",0
107,"3",-1.41075151989055,1,"3",0
107,"3",-1.41075151989055,1,"4",0
108,"3",-0.165404095191251,0,"1",0
108,"3",-0.165404095191251,0,"2",0
108,"3",-0.165404095191251,0,"3",0
109,"3",0.187513564367753,1,"1",0
109,"3",0.187513564367753,1,"2",0
109,"3",0.187513564367753,1,"3",0
109,"3",0.187513564367753,1,"4",0
109,"3",0.187513564367753,1,"5",0
110,"3",1.31589849226648,0,"1",0
110,"3",1.31589849226648,0,"2",0
110,"3",1.31589849226648,0,"3",0
110,"3",1.31589849226648,0,"4",0
110,"3",1.31589849226648,0,"5",1
111,"3",0.0631992347405176,1,"1",0
111,"3",0.0631992347405176,1,"2",0
111,"3",0.0631992347405176,1,"3",0
111,"3",0.0631992347405176,1,"4",0
111,"3",0.0631992347405176,1,"5",0
111,"3",0.0631992347405176,1,"6",0
112,"3",-0.139631984220222,1,"1",0
112,"3",-0.139631984220222,1,"2",0
112,"3",-0.139631984220222,1,"3",0
113,"3",-0.394551962864752,1,"1",0
113,"3",-0.394551962864752,1,"2",0
113,"3",-0.394551962864752,1,"3",0
113,"3",-0.394551962864752,1,"4",0
114,"3",0.163280645623032,0,"1",1
115,"4",-0.798431753795741,0,"1",0
115,"4",-0.798431753795741,0,"2",0
115,"4",-0.798431753795741,0,"3",0
115,"4",-0.798431753795741,0,"4",0
115,"4",-0.798431753795741,0,"5",0
116,"4",-0.855106139146506,0,"1",0
116,"4",-0.855106139146506,0,"2",0
116,"4",-0.855106139146506,0,"3",0
116,"4",-0.855106139146506,0,"4",0
116,"4",-0.855106139146506,0,"5",0
116,"4",-0.855106139146506,0,"6",0
117,"4",0.818066618965165,1,"1",0
117,"4",0.818066618965165,1,"2",0
117,"4",0.818066618965165,1,"3",0
117,"4",0.818066618965165,1,"4",1
118,"4",0.398045248737111,0,"1",0
118,"4",0.398045248737111,0,"2",0
118,"4",0.398045248737111,0,"3",1
119,"4",-0.268705312827777,1,"1",0
119,"4",-0.268705312827777,1,"2",0
119,"4",-0.268705312827777,1,"3",0
119,"4",-0.268705312827777,1,"4",0
120,"4",1.65286728172104,0,"1",0
120,"4",1.65286728172104,0,"2",0
120,"4",1.65286728172104,0,"3",1
121,"4",1.16036332022944,1,"1",0
121,"4",1.16036332022944,1,"2",0
121,"4",1.16036332022944,1,"3",0
122,"4",0.399323594305644,1,"1",0
122,"4",0.399323594305644,1,"2",0
122,"4",0.399323594305644,1,"3",0
122,"4",0.399323594305644,1,"4",0
122,"4",0.399323594305644,1,"5",0
123,"4",1.61253555870124,0,"1",0
123,"4",1.61253555870124,0,"2",0
123,"4",1.61253555870124,0,"3",0
123,"4",1.61253555870124,0,"4",0
123,"4",1.61253555870124,0,"5",1
124,"4",0.393994736932173,1,"1",0
124,"4",0.393994736932173,1,"2",0
124,"4",0.393994736932173,1,"3",0
125,"4",-1.89523518958564,1,"1",0
125,"4",-1.89523518958564,1,"2",0
125,"4",-1.89523518958564,1,"3",0
126,"4",0.740788852200491,1,"1",0
126,"4",0.740788852200491,1,"2",0
126,"4",0.740788852200491,1,"3",0
126,"4",0.740788852200491,1,"4",0
126,"4",0.740788852200491,1,"5",1
127,"4",-0.120502485289879,1,"1",0
127,"4",-0.120502485289879,1,"2",0
127,"4",-0.120502485289879,1,"3",0
128,"4",-0.538921046824501,0,"1",0
128,"4",-0.538921046824501,0,"2",0
128,"4",-0.538921046824501,0,"3",0
128,"4",-0.538921046824501,0,"4",0
128,"4",-0.538921046824501,0,"5",0
128,"4",-0.538921046824501,0,"6",0
129,"4",0.0914993216703219,1,"1",0
129,"4",0.0914993216703219,1,"2",0
129,"4",0.0914993216703219,1,"3",0
129,"4",0.0914993216703219,1,"4",0
129,"4",0.0914993216703219,1,"5",0
129,"4",0.0914993216703219,1,"6",1
130,"4",1.52917710746111,1,"1",0
130,"4",1.52917710746111,1,"2",0
130,"4",1.52917710746111,1,"3",0
130,"4",1.52917710746111,1,"4",0
131,"4",-0.148784686053131,1,"1",0
131,"4",-0.148784686053131,1,"2",0
131,"4",-0.148784686053131,1,"3",0
131,"4",-0.148784686053131,1,"4",0
131,"4",-0.148784686053131,1,"5",0
131,"4",-0.148784686053131,1,"6",0
132,"4",-1.33699804149533,0,"1",0
132,"4",-1.33699804149533,0,"2",0
132,"4",-1.33699804149533,0,"3",0
132,"4",-1.33699804149533,0,"4",0
132,"4",-1.33699804149533,0,"5",0
132,"4",-1.33699804149533,0,"6",0
133,"4",0.176295014005532,1,"1",0
133,"4",0.176295014005532,1,"2",0
133,"4",0.176295014005532,1,"3",0
133,"4",0.176295014005532,1,"4",0
134,"4",-1.10519447553698,1,"1",0
134,"4",-1.10519447553698,1,"2",0
134,"4",-1.10519447553698,1,"3",0
134,"4",-1.10519447553698,1,"4",0
134,"4",-1.10519447553698,1,"5",0
134,"4",-1.10519447553698,1,"6",0
135,"4",-0.483407435617541,1,"1",0
135,"4",-0.483407435617541,1,"2",0
135,"4",-0.483407435617541,1,"3",0
135,"4",-0.483407435617541,1,"4",0
135,"4",-0.483407435617541,1,"5",0
136,"4",0.74550807620602,0,"1",0
136,"4",0.74550807620602,0,"2",0
136,"4",0.74550807620602,0,"3",0
137,"4",0.0468649131345402,1,"1",0
137,"4",0.0468649131345402,1,"2",0
137,"4",0.0468649131345402,1,"3",0
138,"4",0.418104954335414,0,"1",0
138,"4",0.418104954335414,0,"2",0
138,"4",0.418104954335414,0,"3",0
138,"4",0.418104954335414,0,"4",0
138,"4",0.418104954335414,0,"5",0
139,"4",0.182290237547043,1,"1",0
139,"4",0.182290237547043,1,"2",0
139,"4",0.182290237547043,1,"3",0
139,"4",0.182290237547043,1,"4",0
139,"4",0.182290237547043,1,"5",0
140,"4",1.68174716972041,1,"1",1
141,"4",0.115564323049955,1,"1",0
141,"4",0.115564323049955,1,"2",0
141,"4",0.115564323049955,1,"3",0
141,"4",0.115564323049955,1,"4",0
142,"4",-0.562429429934418,0,"1",0
142,"4",-0.562429429934418,0,"2",0
142,"4",-0.562429429934418,0,"3",0
142,"4",-0.562429429934418,0,"4",0
142,"4",-0.562429429934418,0,"5",0
143,"4",0.233823888735006,0,"1",0
143,"4",0.233823888735006,0,"2",1
144,"4",1.1109106488342,1,"1",0
144,"4",1.1109106488342,1,"2",0
144,"4",1.1109106488342,1,"3",0
144,"4",1.1109106488342,1,"4",0
144,"4",1.1109106488342,1,"5",0
145,"4",-1.9898959852682,0,"1",0
145,"4",-1.9898959852682,0,"2",0
145,"4",-1.9898959852682,0,"3",0
146,"4",-0.17063385493899,0,"1",0
146,"4",-0.17063385493899,0,"2",0
146,"4",-0.17063385493899,0,"3",0
146,"4",-0.17063385493899,0,"4",0
146,"4",-0.17063385493899,0,"5",0
146,"4",-0.17063385493899,0,"6",1
147,"4",0.574881909916831,0,"1",0
147,"4",0.574881909916831,0,"2",0
147,"4",0.574881909916831,0,"3",0
147,"4",0.574881909916831,0,"4",0
147,"4",0.574881909916831,0,"5",0
147,"4",0.574881909916831,0,"6",0
148,"5",0.715314897486572,1,"1",0
148,"5",0.715314897486572,1,"2",0
148,"5",0.715314897486572,1,"3",0
148,"5",0.715314897486572,1,"4",0
148,"5",0.715314897486572,1,"5",0
148,"5",0.715314897486572,1,"6",0
149,"5",-0.850190513248583,0,"1",0
149,"5",-0.850190513248583,0,"2",0
149,"5",-0.850190513248583,0,"3",0
149,"5",-0.850190513248583,0,"4",0
149,"5",-0.850190513248583,0,"5",0
149,"5",-0.850190513248583,0,"6",0
150,"5",0.260739434439053,1,"1",0
150,"5",0.260739434439053,1,"2",0
150,"5",0.260739434439053,1,"3",0
150,"5",0.260739434439053,1,"4",0
151,"5",0.846148177760361,1,"1",0
151,"5",0.846148177760361,1,"2",0
151,"5",0.846148177760361,1,"3",1
152,"5",1.12636786352197,0,"1",0
152,"5",1.12636786352197,0,"2",0
152,"5",1.12636786352197,0,"3",0
152,"5",1.12636786352197,0,"4",0
153,"5",1.69677881786931,0,"1",1
154,"5",-0.0420320219735413,0,"1",0
154,"5",-0.0420320219735413,0,"2",1
155,"5",-0.311658682086904,0,"1",0
155,"5",-0.311658682086904,0,"2",0
155,"5",-0.311658682086904,0,"3",0
155,"5",-0.311658682086904,0,"4",0
155,"5",-0.311658682086904,0,"5",0
155,"5",-0.311658682086904,0,"6",0
156,"5",1.29926299972011,1,"1",0
156,"5",1.29926299972011,1,"2",0
156,"5",1.29926299972011,1,"3",1
157,"5",0.847349531854117,1,"1",0
157,"5",0.847349531854117,1,"2",0
157,"5",0.847349531854117,1,"3",0
157,"5",0.847349531854117,1,"4",0
157,"5",0.847349531854117,1,"5",0
157,"5",0.847349531854117,1,"6",0
158,"5",-0.70230352353487,0,"1",0
158,"5",-0.70230352353487,0,"2",0
158,"5",-0.70230352353487,0,"3",0
159,"5",0.904883543833209,1,"1",0
159,"5",0.904883543833209,1,"2",0
159,"5",0.904883543833209,1,"3",0
159,"5",0.904883543833209,1,"4",0
159,"5",0.904883543833209,1,"5",0
160,"5",-1.27914744177325,1,"1",0
160,"5",-1.27914744177325,1,"2",0
160,"5",-1.27914744177325,1,"3",0
160,"5",-1.27914744177325,1,"4",0
160,"5",-1.27914744177325,1,"5",0
160,"5",-1.27914744177325,1,"6",0
161,"5",-1.20747615964659,0,"1",0
161,"5",-1.20747615964659,0,"2",0
161,"5",-1.20747615964659,0,"3",0
161,"5",-1.20747615964659,0,"4",0
161,"5",-1.20747615964659,0,"5",0
162,"5",-0.903567537844221,1,"1",0
162,"5",-0.903567537844221,1,"2",0
162,"5",-0.903567537844221,1,"3",0
162,"5",-0.903567537844221,1,"4",0
163,"5",-1.0038272767466,1,"1",0
163,"5",-1.0038272767466,1,"2",0
163,"5",-1.0038272767466,1,"3",0
164,"5",1.14940912161868,0,"1",0
164,"5",1.14940912161868,0,"2",1
165,"5",-0.351792942500125,0,"1",0
165,"5",-0.351792942500125,0,"2",0
165,"5",-0.351792942500125,0,"3",0
165,"5",-0.351792942500125,0,"4",1
166,"5",0.0577672682958614,1,"1",0
166,"5",0.0577672682958614,1,"2",1
167,"5",-0.720365807520773,0,"1",0
167,"5",-0.720365807520773,0,"2",0
167,"5",-0.720365807520773,0,"3",0
167,"5",-0.720365807520773,0,"4",0
167,"5",-0.720365807520773,0,"5",0
167,"5",-0.720365807520773,0,"6",0
168,"5",1.14113610132233,0,"1",0
168,"5",1.14113610132233,0,"2",1
169,"5",-0.272835208467285,0,"1",0
169,"5",-0.272835208467285,0,"2",0
169,"5",-0.272835208467285,0,"3",0
169,"5",-0.272835208467285,0,"4",1
170,"5",0.476955053051629,0,"1",0
170,"5",0.476955053051629,0,"2",0
170,"5",0.476955053051629,0,"3",1
171,"5",0.669887630739053,0,"1",0
171,"5",0.669887630739053,0,"2",0
171,"5",0.669887630739053,0,"3",0
171,"5",0.669887630739053,0,"4",0
171,"5",0.669887630739053,0,"5",0
171,"5",0.669887630739053,0,"6",0
172,"5",0.68463418228112,0,"1",0
172,"5",0.68463418228112,0,"2",1
173,"5",-0.0832895700646581,0,"1",0
173,"5",-0.0832895700646581,0,"2",0
173,"5",-0.0832895700646581,0,"3",1
174,"5",-0.672349501513432,1,"1",0
174,"5",-0.672349501513432,1,"2",0
174,"5",-0.672349501513432,1,"3",0
175,"5",0.305842256381749,1,"1",0
175,"5",0.305842256381749,1,"2",0
175,"5",0.305842256381749,1,"3",0
175,"5",0.305842256381749,1,"4",0
175,"5",0.305842256381749,1,"5",0
175,"5",0.305842256381749,1,"6",0
176,"5",-0.79189519159207,0,"1",0
176,"5",-0.79189519159207,0,"2",0
176,"5",-0.79189519159207,0,"3",0
177,"5",-0.884284734060374,1,"1",0
177,"5",-0.884284734060374,1,"2",0
177,"5",-0.884284734060374,1,"3",0
177,"5",-0.884284734060374,1,"4",0
178,"5",-1.65169078233128,1,"1",0
178,"5",-1.65169078233128,1,"2",0
178,"5",-1.65169078233128,1,"3",0
178,"5",-1.65169078233128,1,"4",0
178,"5",-1.65169078233128,1,"5",0
178,"5",-1.65169078233128,1,"6",0
179,"5",-0.957716634461288,0,"1",0
179,"5",-0.957716634461288,0,"2",0
179,"5",-0.957716634461288,0,"3",0
179,"5",-0.957716634461288,0,"4",0
179,"5",-0.957716634461288,0,"5",0
180,"5",-0.423311107119805,0,"1",0
180,"5",-0.423311107119805,0,"2",0
180,"5",-0.423311107119805,0,"3",0
180,"5",-0.423311107119805,0,"4",1
181,"5",0.391546993734169,0,"1",0
181,"5",0.391546993734169,0,"2",0
181,"5",0.391546993734169,0,"3",0
182,"5",1.10818236048812,1,"1",0
182,"5",1.10818236048812,1,"2",0
182,"5",1.10818236048812,1,"3",0
182,"5",1.10818236048812,1,"4",1
183,"6",-1.18344393131502,0,"1",0
183,"6",-1.18344393131502,0,"2",0
183,"6",-1.18344393131502,0,"3",0
184,"6",-2.27723162514581,0,"1",0
184,"6",-2.27723162514581,0,"2",0
184,"6",-2.27723162514581,0,"3",0
184,"6",-2.27723162514581,0,"4",0
185,"6",-0.343197470282636,1,"1",0
185,"6",-0.343197470282636,1,"2",0
185,"6",-0.343197470282636,1,"3",0
185,"6",-0.343197470282636,1,"4",0
185,"6",-0.343197470282636,1,"5",0
185,"6",-0.343197470282636,1,"6",0
186,"6",-0.871556864133717,1,"1",0
186,"6",-0.871556864133717,1,"2",0
186,"6",-0.871556864133717,1,"3",0
187,"6",-0.283065967374383,0,"1",0
187,"6",-0.283065967374383,0,"2",0
187,"6",-0.283065967374383,0,"3",0
187,"6",-0.283065967374383,0,"4",0
187,"6",-0.283065967374383,0,"5",0
187,"6",-0.283065967374383,0,"6",1
188,"6",-1.48280815310734,0,"1",0
188,"6",-1.48280815310734,0,"2",0
188,"6",-1.48280815310734,0,"3",0
189,"6",-0.606891057760753,0,"1",0
189,"6",-0.606891057760753,0,"2",0
189,"6",-0.606891057760753,0,"3",0
189,"6",-0.606891057760753,0,"4",0
189,"6",-0.606891057760753,0,"5",0
190,"6",-1.20766864014251,0,"1",0
190,"6",-1.20766864014251,0,"2",0
190,"6",-1.20766864014251,0,"3",0
190,"6",-1.20766864014251,0,"4",0
190,"6",-1.20766864014251,0,"5",0
190,"6",-1.20766864014251,0,"6",0
191,"6",0.801046805430461,0,"1",1
192,"6",-0.228297800332297,1,"1",0
192,"6",-0.228297800332297,1,"2",0
192,"6",-0.228297800332297,1,"3",0
192,"6",-0.228297800332297,1,"4",0
192,"6",-0.228297800332297,1,"5",0
193,"6",0.903513343206148,0,"1",1
194,"6",0.986606871087228,0,"1",0
194,"6",0.986606871087228,0,"2",0
194,"6",0.986606871087228,0,"3",1
195,"6",0.795392353379688,0,"1",0
195,"6",0.795392353379688,0,"2",0
195,"6",0.795392353379688,0,"3",0
195,"6",0.795392353379688,0,"4",1
196,"6",-0.00930628801296061,1,"1",0
196,"6",-0.00930628801296061,1,"2",0
196,"6",-0.00930628801296061,1,"3",0
196,"6",-0.00930628801296061,1,"4",0
196,"6",-0.00930628801296061,1,"5",0
196,"6",-0.00930628801296061,1,"6",0
197,"6",1.88581090335734,0,"1",1
198,"6",-0.514950048267969,1,"1",0
198,"6",-0.514950048267969,1,"2",0
198,"6",-0.514950048267969,1,"3",0
198,"6",-0.514950048267969,1,"4",0
198,"6",-0.514950048267969,1,"5",1
199,"6",1.71820256050457,1,"1",1
200,"6",1.33757486550288,0,"1",0
200,"6",1.33757486550288,0,"2",0
200,"6",1.33757486550288,0,"3",0
201,"6",0.319111581640478,0,"1",1
202,"6",1.10225385699608,0,"1",0
202,"6",1.10225385699608,0,"2",1
203,"6",0.898811883869485,1,"1",0
203,"6",0.898811883869485,1,"2",0
203,"6",0.898811883869485,1,"3",1
204,"6",-0.256364930307747,1,"1",0
204,"6",-0.256364930307747,1,"2",0
204,"6",-0.256364930307747,1,"3",0
204,"6",-0.256364930307747,1,"4",0
204,"6",-0.256364930307747,1,"5",0
204,"6",-0.256364930307747,1,"6",0
205,"6",1.71564493992258,0,"1",0
205,"6",1.71564493992258,0,"2",1
206,"6",-0.487508423507138,1,"1",0
206,"6",-0.487508423507138,1,"2",0
206,"6",-0.487508423507138,1,"3",0
206,"6",-0.487508423507138,1,"4",0
206,"6",-0.487508423507138,1,"5",0
207,"6",-0.822113003988759,0,"1",0
207,"6",-0.822113003988759,0,"2",0
207,"6",-0.822113003988759,0,"3",0
207,"6",-0.822113003988759,0,"4",0
208,"6",-0.661736019365357,1,"1",0
208,"6",-0.661736019365357,1,"2",0
208,"6",-0.661736019365357,1,"3",0
208,"6",-0.661736019365357,1,"4",0
209,"6",0.56424949153095,0,"1",0
209,"6",0.56424949153095,0,"2",0
209,"6",0.56424949153095,0,"3",0
209,"6",0.56424949153095,0,"4",0
209,"6",0.56424949153095,0,"5",0
209,"6",0.56424949153095,0,"6",1
210,"6",0.00240596404145791,1,"1",0
210,"6",0.00240596404145791,1,"2",0
210,"6",0.00240596404145791,1,"3",0
210,"6",0.00240596404145791,1,"4",0
211,"6",1.71795217800131,0,"1",0
211,"6",1.71795217800131,0,"2",1
212,"6",-1.76506355892394,1,"1",0
212,"6",-1.76506355892394,1,"2",0
212,"6",-1.76506355892394,1,"3",0
212,"6",-1.76506355892394,1,"4",0
212,"6",-1.76506355892394,1,"5",0
213,"6",-0.900716756100194,1,"1",0
213,"6",-0.900716756100194,1,"2",0
213,"6",-0.900716756100194,1,"3",0
213,"6",-0.900716756100194,1,"4",0
214,"6",-0.317978374412021,0,"1",0
214,"6",-0.317978374412021,0,"2",1
215,"7",-0.555335478286061,1,"1",0
215,"7",-0.555335478286061,1,"2",0
215,"7",-0.555335478286061,1,"3",0
216,"7",-0.273368601846864,1,"1",0
216,"7",-0.273368601846864,1,"2",0
216,"7",-0.273368601846864,1,"3",0
217,"7",-0.676168915495319,1,"1",0
217,"7",-0.676168915495319,1,"2",0
217,"7",-0.676168915495319,1,"3",0
217,"7",-0.676168915495319,1,"4",0
217,"7",-0.676168915495319,1,"5",0
217,"7",-0.676168915495319,1,"6",0
218,"7",0.166626702525231,0,"1",0
218,"7",0.166626702525231,0,"2",0
218,"7",0.166626702525231,0,"3",0
218,"7",0.166626702525231,0,"4",0
219,"7",0.205020119245332,1,"1",0
219,"7",0.205020119245332,1,"2",0
219,"7",0.205020119245332,1,"3",0
219,"7",0.205020119245332,1,"4",0
219,"7",0.205020119245332,1,"5",0
220,"7",-1.83325087925087,1,"1",0
220,"7",-1.83325087925087,1,"2",0
220,"7",-1.83325087925087,1,"3",0
221,"7",0.410835747964947,0,"1",0
221,"7",0.410835747964947,0,"2",0
221,"7",0.410835747964947,0,"3",0
221,"7",0.410835747964947,0,"4",0
221,"7",0.410835747964947,0,"5",0
221,"7",0.410835747964947,0,"6",0
222,"7",-0.646139635771474,1,"1",0
222,"7",-0.646139635771474,1,"2",0
222,"7",-0.646139635771474,1,"3",0
222,"7",-0.646139635771474,1,"4",0
222,"7",-0.646139635771474,1,"5",0
222,"7",-0.646139635771474,1,"6",0
223,"7",1.1507000213657,0,"1",0
223,"7",1.1507000213657,0,"2",1
224,"7",-0.814049696663433,1,"1",0
224,"7",-0.814049696663433,1,"2",0
224,"7",-0.814049696663433,1,"3",0
224,"7",-0.814049696663433,1,"4",0
225,"7",1.5931658838082,0,"1",0
225,"7",1.5931658838082,0,"2",0
225,"7",1.5931658838082,0,"3",0
225,"7",1.5931658838082,0,"4",1
226,"7",-0.0797427716760666,0,"1",0
226,"7",-0.0797427716760666,0,"2",0
226,"7",-0.0797427716760666,0,"3",0
227,"7",-1.2080071002637,1,"1",0
227,"7",-1.2080071002637,1,"2",0
227,"7",-1.2080071002637,1,"3",0
227,"7",-1.2080071002637,1,"4",0
227,"7",-1.2080071002637,1,"5",0
227,"7",-1.2080071002637,1,"6",0
228,"7",-1.76947226326765,1,"1",0
228,"7",-1.76947226326765,1,"2",0
228,"7",-1.76947226326765,1,"3",0
229,"7",0.235500584015951,1,"1",0
229,"7",0.235500584015951,1,"2",0
229,"7",0.235500584015951,1,"3",0
230,"7",-0.971263574453488,0,"1",0
230,"7",-0.971263574453488,0,"2",0
230,"7",-0.971263574453488,0,"3",0
230,"7",-0.971263574453488,0,"4",0
230,"7",-0.971263574453488,0,"5",1
231,"7",-0.194783983859112,0,"1",0
231,"7",-0.194783983859112,0,"2",0
231,"7",-0.194783983859112,0,"3",0
231,"7",-0.194783983859112,0,"4",0
231,"7",-0.194783983859112,0,"5",0
231,"7",-0.194783983859112,0,"6",0
232,"7",-2.21529560912706,0,"1",0
232,"7",-2.21529560912706,0,"2",0
232,"7",-2.21529560912706,0,"3",0
232,"7",-2.21529560912706,0,"4",0
232,"7",-2.21529560912706,0,"5",0
233,"7",-0.961937660633779,1,"1",0
233,"7",-0.961937660633779,1,"2",0
233,"7",-0.961937660633779,1,"3",0
234,"7",0.428273150165278,1,"1",0
234,"7",0.428273150165278,1,"2",0
234,"7",0.428273150165278,1,"3",0
234,"7",0.428273150165278,1,"4",0
235,"7",1.07305715643038,1,"1",0
235,"7",1.07305715643038,1,"2",0
235,"7",1.07305715643038,1,"3",0
235,"7",1.07305715643038,1,"4",0
235,"7",1.07305715643038,1,"5",0
235,"7",1.07305715643038,1,"6",0
236,"7",-1.62545583434991,0,"1",0
236,"7",-1.62545583434991,0,"2",0
236,"7",-1.62545583434991,0,"3",0
236,"7",-1.62545583434991,0,"4",0
237,"7",0.228209603468868,0,"1",0
237,"7",0.228209603468868,0,"2",0
237,"7",0.228209603468868,0,"3",0
238,"7",0.649876215067087,0,"1",0
238,"7",0.649876215067087,0,"2",0
238,"7",0.649876215067087,0,"3",0
239,"7",1.60632593666528,0,"1",0
239,"7",1.60632593666528,0,"2",0
239,"7",1.60632593666528,0,"3",0
239,"7",1.60632593666528,0,"4",1
240,"7",-0.218757908843687,0,"1",1
241,"7",0.379001296351087,1,"1",0
241,"7",0.379001296351087,1,"2",0
241,"7",0.379001296351087,1,"3",1
242,"7",0.833375017937787,1,"1",0
242,"7",0.833375017937787,1,"2",0
242,"7",0.833375017937787,1,"3",0
242,"7",0.833375017937787,1,"4",0
242,"7",0.833375017937787,1,"5",0
243,"7",-1.80782797630117,0,"1",0
243,"7",-1.80782797630117,0,"2",0
243,"7",-1.80782797630117,0,"3",0
243,"7",-1.80782797630117,0,"4",0
244,"7",0.923284222256436,0,"1",0
244,"7",0.923284222256436,0,"2",0
244,"7",0.923284222256436,0,"3",0
244,"7",0.923284222256436,0,"4",1
245,"7",-0.151007655183318,1,"1",0
245,"7",-0.151007655183318,1,"2",0
245,"7",-0.151007655183318,1,"3",0
246,"7",0.702456892331101,1,"1",0
246,"7",0.702456892331101,1,"2",0
246,"7",0.702456892331101,1,"3",0
246,"7",0.702456892331101,1,"4",0
246,"7",0.702456892331101,1,"5",0
247,"7",-0.589905122424816,0,"1",0
247,"7",-0.589905122424816,0,"2",0
247,"7",-0.589905122424816,0,"3",0
247,"7",-0.589905122424816,0,"4",0
248,"7",0.548813894141378,1,"1",0
248,"7",0.548813894141378,1,"2",0
248,"7",0.548813894141378,1,"3",0
249,"7",-1.08908134337188,0,"1",0
249,"7",-1.08908134337188,0,"2",0
249,"7",-1.08908134337188,0,"3",0
249,"7",-1.08908134337188,0,"4",0
250,"7",-0.817818272495824,1,"1",0
250,"7",-0.817818272495824,1,"2",0
250,"7",-0.817818272495824,1,"3",0
250,"7",-0.817818272495824,1,"4",0
250,"7",-0.817818272495824,1,"5",0
250,"7",-0.817818272495824,1,"6",0
251,"7",-0.576474492122987,0,"1",0
251,"7",-0.576474492122987,0,"2",0
251,"7",-0.576474492122987,0,"3",0
251,"7",-0.576474492122987,0,"4",0
252,"7",1.07899029461414,0,"1",0
252,"7",1.07899029461414,0,"2",0
252,"7",1.07899029461414,0,"3",0
253,"8",0.0386415698306574,1,"1",0
253,"8",0.0386415698306574,1,"2",0
253,"8",0.0386415698306574,1,"3",0
253,"8",0.0386415698306574,1,"4",0
253,"8",0.0386415698306574,1,"5",0
253,"8",0.0386415698306574,1,"6",0
254,"8",-1.41813443465654,1,"1",1
255,"8",-2.07255580177855,0,"1",0
255,"8",-2.07255580177855,0,"2",0
255,"8",-2.07255580177855,0,"3",0
256,"8",0.0843759261807372,0,"1",0
256,"8",0.0843759261807372,0,"2",1
257,"8",0.0181483405830294,1,"1",0
257,"8",0.0181483405830294,1,"2",0
257,"8",0.0181483405830294,1,"3",0
258,"8",-1.11322420887499,0,"1",0
258,"8",-1.11322420887499,0,"2",0
258,"8",-1.11322420887499,0,"3",0
258,"8",-1.11322420887499,0,"4",0
259,"8",-0.166015081244747,1,"1",0
259,"8",-0.166015081244747,1,"2",0
259,"8",-0.166015081244747,1,"3",0
259,"8",-0.166015081244747,1,"4",0
259,"8",-0.166015081244747,1,"5",1
260,"8",-0.281390651199535,0,"1",0
260,"8",-0.281390651199535,0,"2",0
260,"8",-0.281390651199535,0,"3",0
260,"8",-0.281390651199535,0,"4",0
261,"8",1.09388671769935,0,"1",0
261,"8",1.09388671769935,0,"2",0
261,"8",1.09388671769935,0,"3",0
261,"8",1.09388671769935,0,"4",1
262,"8",0.468285290017559,1,"1",0
262,"8",0.468285290017559,1,"2",0
262,"8",0.468285290017559,1,"3",0
262,"8",0.468285290017559,1,"4",0
262,"8",0.468285290017559,1,"5",0
262,"8",0.468285290017559,1,"6",0
263,"8",-1.48980002436073,0,"1",0
263,"8",-1.48980002436073,0,"2",0
263,"8",-1.48980002436073,0,"3",0
264,"8",-0.2522485039204,1,"1",0
264,"8",-0.2522485039204,1,"2",0
264,"8",-0.2522485039204,1,"3",0
265,"8",0.663133495657334,1,"1",0
265,"8",0.663133495657334,1,"2",0
265,"8",0.663133495657334,1,"3",0
266,"8",-0.765072983823722,1,"1",0
266,"8",-0.765072983823722,1,"2",0
266,"8",-0.765072983823722,1,"3",0
266,"8",-0.765072983823722,1,"4",0
266,"8",-0.765072983823722,1,"5",0
267,"8",0.230837207255719,1,"1",0
267,"8",0.230837207255719,1,"2",0
267,"8",0.230837207255719,1,"3",0
267,"8",0.230837207255719,1,"4",0
267,"8",0.230837207255719,1,"5",0
268,"8",0.259777332702631,1,"1",0
268,"8",0.259777332702631,1,"2",0
268,"8",0.259777332702631,1,"3",0
268,"8",0.259777332702631,1,"4",0
269,"8",2.06760085411783,0,"1",1
270,"8",-0.0997745864007312,0,"1",0
270,"8",-0.0997745864007312,0,"2",0
270,"8",-0.0997745864007312,0,"3",0
270,"8",-0.0997745864007312,0,"4",0
270,"8",-0.0997745864007312,0,"5",0
271,"8",-0.0950118173721985,0,"1",0
271,"8",-0.0950118173721985,0,"2",0
271,"8",-0.0950118173721985,0,"3",0
271,"8",-0.0950118173721985,0,"4",1
272,"8",0.279281269928771,0,"1",0
272,"8",0.279281269928771,0,"2",0
272,"8",0.279281269928771,0,"3",0
272,"8",0.279281269928771,0,"4",0
272,"8",0.279281269928771,0,"5",0
272,"8",0.279281269928771,0,"6",1
273,"8",-0.279998140256831,1,"1",0
273,"8",-0.279998140256831,1,"2",0
273,"8",-0.279998140256831,1,"3",0
273,"8",-0.279998140256831,1,"4",0
273,"8",-0.279998140256831,1,"5",1
274,"8",-1.4392362660461,0,"1",0
274,"8",-1.4392362660461,0,"2",0
274,"8",-1.4392362660461,0,"3",0
274,"8",-1.4392362660461,0,"4",0
274,"8",-1.4392362660461,0,"5",0
275,"8",0.381503354501608,1,"1",0
275,"8",0.381503354501608,1,"2",1
276,"8",-1.34296258298947,0,"1",0
276,"8",-1.34296258298947,0,"2",0
276,"8",-1.34296258298947,0,"3",0
276,"8",-1.34296258298947,0,"4",0
276,"8",-1.34296258298947,0,"5",0
277,"8",-2.04288672363908,0,"1",0
277,"8",-2.04288672363908,0,"2",0
277,"8",-2.04288672363908,0,"3",0
278,"8",0.305311647294333,0,"1",0
278,"8",0.305311647294333,0,"2",0
278,"8",0.305311647294333,0,"3",0
278,"8",0.305311647294333,0,"4",0
278,"8",0.305311647294333,0,"5",1
279,"8",0.585544815930201,1,"1",0
279,"8",0.585544815930201,1,"2",0
279,"8",0.585544815930201,1,"3",0
279,"8",0.585544815930201,1,"4",0
280,"8",-0.949924499496028,0,"1",0
280,"8",-0.949924499496028,0,"2",0
280,"8",-0.949924499496028,0,"3",0
280,"8",-0.949924499496028,0,"4",0
280,"8",-0.949924499496028,0,"5",0
280,"8",-0.949924499496028,0,"6",0
281,"8",-0.772761156274368,0,"1",0
281,"8",-0.772761156274368,0,"2",0
281,"8",-0.772761156274368,0,"3",0
281,"8",-0.772761156274368,0,"4",0
281,"8",-0.772761156274368,0,"5",1
282,"8",-0.841031360643581,0,"1",0
282,"8",-0.841031360643581,0,"2",0
282,"8",-0.841031360643581,0,"3",0
282,"8",-0.841031360643581,0,"4",0
282,"8",-0.841031360643581,0,"5",0
283,"8",0.945921692667486,0,"1",0
283,"8",0.945921692667486,0,"2",0
283,"8",0.945921692667486,0,"3",0
283,"8",0.945921692667486,0,"4",0
284,"8",0.424049523774716,1,"1",0
284,"8",0.424049523774716,1,"2",0
284,"8",0.424049523774716,1,"3",0
284,"8",0.424049523774716,1,"4",0
284,"8",0.424049523774716,1,"5",0
285,"8",1.00992163224788,1,"1",0
285,"8",1.00992163224788,1,"2",0
285,"8",1.00992163224788,1,"3",0
285,"8",1.00992163224788,1,"4",0
285,"8",1.00992163224788,1,"5",0
285,"8",1.00992163224788,1,"6",1
286,"8",1.10321313413401,0,"1",1
287,"8",-0.96639993020108,1,"1",0
287,"8",-0.96639993020108,1,"2",0
287,"8",-0.96639993020108,1,"3",0
288,"8",-0.00258307436499088,0,"1",0
288,"8",-0.00258307436499088,0,"2",0
288,"8",-0.00258307436499088,0,"3",0
288,"8",-0.00258307436499088,0,"4",1
289,"8",1.62865022709343,0,"1",1
290,"8",-0.324971192796256,0,"1",0
290,"8",-0.324971192796256,0,"2",0
290,"8",-0.324971192796256,0,"3",0
290,"8",-0.324971192796256,0,"4",1
291,"9",-0.11037778104746,1,"1",0
291,"9",-0.11037778104746,1,"2",0
291,"9",-0.11037778104746,1,"3",0
291,"9",-0.11037778104746,1,"4",0
291,"9",-0.11037778104746,1,"5",0
291,"9",-0.11037778104746,1,"6",0
292,"9",-1.18429906008958,0,"1",0
292,"9",-1.18429906008958,0,"2",0
292,"9",-1.18429906008958,0,"3",0
292,"9",-1.18429906008958,0,"4",0
292,"9",-1.18429906008958,0,"5",0
293,"9",-0.296766834475837,0,"1",0
293,"9",-0.296766834475837,0,"2",0
293,"9",-0.296766834475837,0,"3",0
293,"9",-0.296766834475837,0,"4",0
294,"9",0.509974156417767,0,"1",0
294,"9",0.509974156417767,0,"2",0
294,"9",0.509974156417767,0,"3",0
294,"9",0.509974156417767,0,"4",0
294,"9",0.509974156417767,0,"5",0
294,"9",0.509974156417767,0,"6",0
295,"9",-0.0353547074397667,0,"1",0
295,"9",-0.0353547074397667,0,"2",0
295,"9",-0.0353547074397667,0,"3",0
295,"9",-0.0353547074397667,0,"4",0
295,"9",-0.0353547074397667,0,"5",0
295,"9",-0.0353547074397667,0,"6",0
296,"9",-0.409139588072636,1,"1",0
296,"9",-0.409139588072636,1,"2",0
296,"9",-0.409139588072636,1,"3",0
297,"9",0.654556684772641,1,"1",0
297,"9",0.654556684772641,1,"2",0
297,"9",0.654556684772641,1,"3",0
297,"9",0.654556684772641,1,"4",0
297,"9",0.654556684772641,1,"5",0
298,"9",1.20777426826447,0,"1",1
299,"9",-1.14421685946784,1,"1",0
299,"9",-1.14421685946784,1,"2",0
299,"9",-1.14421685946784,1,"3",0
300,"9",-1.20762258701527,1,"1",0
300,"9",-1.20762258701527,1,"2",1
301,"9",0.84915059869716,0,"1",0
301,"9",0.84915059869716,0,"2",0
301,"9",0.84915059869716,0,"3",0
301,"9",0.84915059869716,0,"4",0
301,"9",0.84915059869716,0,"5",0
301,"9",0.84915059869716,0,"6",0
302,"9",1.57426963930856,0,"1",0
302,"9",1.57426963930856,0,"2",0
302,"9",1.57426963930856,0,"3",0
303,"9",-0.310191221972319,1,"1",0
303,"9",-0.310191221972319,1,"2",0
303,"9",-0.310191221972319,1,"3",0
304,"9",0.958496802916509,0,"1",0
304,"9",0.958496802916509,0,"2",0
304,"9",0.958496802916509,0,"3",0
304,"9",0.958496802916509,0,"4",0
304,"9",0.958496802916509,0,"5",0
305,"9",3.05274685704667,1,"1",0
305,"9",3.05274685704667,1,"2",0
305,"9",3.05274685704667,1,"3",0
305,"9",3.05274685704667,1,"4",0
305,"9",3.05274685704667,1,"5",0
305,"9",3.05274685704667,1,"6",0
306,"9",-1.64453352664643,1,"1",0
306,"9",-1.64453352664643,1,"2",0
306,"9",-1.64453352664643,1,"3",0
306,"9",-1.64453352664643,1,"4",0
306,"9",-1.64453352664643,1,"5",0
306,"9",-1.64453352664643,1,"6",0
307,"9",0.465690963052398,0,"1",0
307,"9",0.465690963052398,0,"2",0
307,"9",0.465690963052398,0,"3",0
307,"9",0.465690963052398,0,"4",1
308,"9",1.14260436505905,1,"1",0
308,"9",1.14260436505905,1,"2",1
309,"9",-0.582374349044171,1,"1",0
309,"9",-0.582374349044171,1,"2",0
309,"9",-0.582374349044171,1,"3",0
309,"9",-0.582374349044171,1,"4",0
309,"9",-0.582374349044171,1,"5",0
310,"9",-0.0531576467771455,1,"1",0
310,"9",-0.0531576467771455,1,"2",0
310,"9",-0.0531576467771455,1,"3",0
310,"9",-0.0531576467771455,1,"4",0
311,"9",0.0101489045796936,0,"1",0
311,"9",0.0101489045796936,0,"2",0
311,"9",0.0101489045796936,0,"3",0
312,"9",-0.422458097207278,1,"1",0
312,"9",-0.422458097207278,1,"2",0
312,"9",-0.422458097207278,1,"3",0
312,"9",-0.422458097207278,1,"4",0
312,"9",-0.422458097207278,1,"5",0
312,"9",-0.422458097207278,1,"6",0
313,"9",0.00789449935211059,0,"1",0
313,"9",0.00789449935211059,0,"2",0
313,"9",0.00789449935211059,0,"3",0
313,"9",0.00789449935211059,0,"4",0
314,"9",0.100067204036577,1,"1",0
314,"9",0.100067204036577,1,"2",0
314,"9",0.100067204036577,1,"3",0
314,"9",0.100067204036577,1,"4",0
315,"9",-1.00075865379992,0,"1",0
315,"9",-1.00075865379992,0,"2",0
315,"9",-1.00075865379992,0,"3",0
315,"9",-1.00075865379992,0,"4",0
315,"9",-1.00075865379992,0,"5",0
315,"9",-1.00075865379992,0,"6",0
316,"9",1.0214407186873,0,"1",0
316,"9",1.0214407186873,0,"2",0
316,"9",1.0214407186873,0,"3",1
317,"9",-0.201001642224562,0,"1",0
317,"9",-0.201001642224562,0,"2",0
317,"9",-0.201001642224562,0,"3",0
317,"9",-0.201001642224562,0,"4",0
318,"9",-1.21769355009976,0,"1",0
318,"9",-1.21769355009976,0,"2",0
318,"9",-1.21769355009976,0,"3",0
319,"9",0.260185327082206,0,"1",0
319,"9",0.260185327082206,0,"2",0
319,"9",0.260185327082206,0,"3",0
320,"9",-0.299521189449709,0,"1",0
320,"9",-0.299521189449709,0,"2",0
320,"9",-0.299521189449709,0,"3",0
321,"9",-0.930864791667146,1,"1",0
321,"9",-0.930864791667146,1,"2",0
321,"9",-0.930864791667146,1,"3",0
321,"9",-0.930864791667146,1,"4",0
321,"9",-0.930864791667146,1,"5",0
321,"9",-0.930864791667146,1,"6",0
322,"9",-0.644265439423921,1,"1",0
322,"9",-0.644265439423921,1,"2",0
322,"9",-0.644265439423921,1,"3",0
322,"9",-0.644265439423921,1,"4",0
323,"9",1.11477429113097,1,"1",0
323,"9",1.11477429113097,1,"2",0
323,"9",1.11477429113097,1,"3",0
323,"9",1.11477429113097,1,"4",0
324,"9",1.49427463644642,0,"1",0
324,"9",1.49427463644642,0,"2",0
324,"9",1.49427463644642,0,"3",0
324,"9",1.49427463644642,0,"4",0
325,"9",0.696394392354209,0,"1",0
325,"9",0.696394392354209,0,"2",0
325,"9",0.696394392354209,0,"3",1
326,"9",-0.556265228080995,0,"1",0
326,"9",-0.556265228080995,0,"2",0
326,"9",-0.556265228080995,0,"3",0
326,"9",-0.556265228080995,0,"4",0
326,"9",-0.556265228080995,0,"5",0
327,"9",0.942416798365841,0,"1",0
327,"9",0.942416798365841,0,"2",0
327,"9",0.942416798365841,0,"3",0
327,"9",0.942416798365841,0,"4",0
328,"9",-0.237765830329577,0,"1",0
328,"9",-0.237765830329577,0,"2",0
328,"9",-0.237765830329577,0,"3",0
328,"9",-0.237765830329577,0,"4",0
328,"9",-0.237765830329577,0,"5",0
328,"9",-0.237765830329577,0,"6",0
329,"10",-0.257512551612797,0,"1",0
329,"10",-0.257512551612797,0,"2",0
329,"10",-0.257512551612797,0,"3",0
329,"10",-0.257512551612797,0,"4",0
329,"10",-0.257512551612797,0,"5",0
329,"10",-0.257512551612797,0,"6",0
330,"10",-0.0160426861355907,1,"1",0
330,"10",-0.0160426861355907,1,"2",0
330,"10",-0.0160426861355907,1,"3",0
330,"10",-0.0160426861355907,1,"4",0
330,"10",-0.0160426861355907,1,"5",0
331,"10",0.738136488151167,1,"1",0
331,"10",0.738136488151167,1,"2",0
331,"10",0.738136488151167,1,"3",0
331,"10",0.738136488151167,1,"4",0
332,"10",0.981329905763396,1,"1",0
332,"10",0.981329905763396,1,"2",0
332,"10",0.981329905763396,1,"3",0
332,"10",0.981329905763396,1,"4",0
333,"10",0.246738712911126,0,"1",0
333,"10",0.246738712911126,0,"2",0
333,"10",0.246738712911126,0,"3",0
334,"10",1.68378395756755,1,"1",0
334,"10",1.68378395756755,1,"2",1
335,"10",0.212901583089504,0,"1",0
335,"10",0.212901583089504,0,"2",0
335,"10",0.212901583089504,0,"3",0
335,"10",0.212901583089504,0,"4",1
336,"10",-2.65527015430788,1,"1",0
336,"10",-2.65527015430788,1,"2",0
336,"10",-2.65527015430788,1,"3",0
337,"10",-0.245044062518558,0,"1",0
337,"10",-0.245044062518558,0,"2",0
337,"10",-0.245044062518558,0,"3",0
337,"10",-0.245044062518558,0,"4",0
338,"10",0.22441527661201,1,"1",0
338,"10",0.22441527661201,1,"2",0
338,"10",0.22441527661201,1,"3",0
338,"10",0.22441527661201,1,"4",0
338,"10",0.22441527661201,1,"5",0
339,"10",-0.288549009617584,0,"1",0
339,"10",-0.288549009617584,0,"2",1
340,"10",1.58250286115594,0,"1",0
340,"10",1.58250286115594,0,"2",0
340,"10",1.58250286115594,0,"3",0
340,"10",1.58250286115594,0,"4",0
340,"10",1.58250286115594,0,"5",0
341,"10",0.039411784700864,0,"1",0
341,"10",0.039411784700864,0,"2",1
342,"10",-0.912898787310672,0,"1",0
342,"10",-0.912898787310672,0,"2",0
342,"10",-0.912898787310672,0,"3",0
342,"10",-0.912898787310672,0,"4",0
342,"10",-0.912898787310672,0,"5",0
343,"10",0.072053391563469,1,"1",0
343,"10",0.072053391563469,1,"2",0
343,"10",0.072053391563469,1,"3",0
343,"10",0.072053391563469,1,"4",0
343,"10",0.072053391563469,1,"5",0
344,"10",0.542502101636875,1,"1",0
344,"10",0.542502101636875,1,"2",0
344,"10",0.542502101636875,1,"3",0
344,"10",0.542502101636875,1,"4",0
345,"10",-0.709793773218183,0,"1",0
345,"10",-0.709793773218183,0,"2",0
345,"10",-0.709793773218183,0,"3",0
345,"10",-0.709793773218183,0,"4",0
346,"10",-0.499534177427974,1,"1",0
346,"10",-0.499534177427974,1,"2",0
346,"10",-0.499534177427974,1,"3",0
347,"10",0.602077372397806,1,"1",0
347,"10",0.602077372397806,1,"2",0
347,"10",0.602077372397806,1,"3",0
347,"10",0.602077372397806,1,"4",0
347,"10",0.602077372397806,1,"5",0
347,"10",0.602077372397806,1,"6",0
348,"10",0.518772225898098,0,"1",0
348,"10",0.518772225898098,0,"2",0
348,"10",0.518772225898098,0,"3",0
349,"10",0.347507242605484,0,"1",0
349,"10",0.347507242605484,0,"2",0
349,"10",0.347507242605484,0,"3",0
349,"10",0.347507242605484,0,"4",0
349,"10",0.347507242605484,0,"5",0
350,"10",-2.03498549054785,1,"1",0
350,"10",-2.03498549054785,1,"2",0
350,"10",-2.03498549054785,1,"3",0
350,"10",-2.03498549054785,1,"4",0
350,"10",-2.03498549054785,1,"5",0
351,"10",-1.78644725705365,0,"1",0
351,"10",-1.78644725705365,0,"2",0
351,"10",-1.78644725705365,0,"3",0
352,"10",-1.4313213828858,0,"1",0
352,"10",-1.4313213828858,0,"2",0
352,"10",-1.4313213828858,0,"3",0
353,"10",-1.29020248399186,1,"1",0
353,"10",-1.29020248399186,1,"2",0
353,"10",-1.29020248399186,1,"3",0
353,"10",-1.29020248399186,1,"4",0
353,"10",-1.29020248399186,1,"5",0
354,"10",-1.31820787077198,1,"1",0
354,"10",-1.31820787077198,1,"2",0
354,"10",-1.31820787077198,1,"3",0
355,"10",-1.17733442259845,1,"1",0
355,"10",-1.17733442259845,1,"2",0
355,"10",-1.17733442259845,1,"3",0
356,"10",-0.056198938041053,1,"1",0
356,"10",-0.056198938041053,1,"2",0
356,"10",-0.056198938041053,1,"3",0
356,"10",-0.056198938041053,1,"4",0
356,"10",-0.056198938041053,1,"5",0
357,"10",-1.31123457768026,1,"1",0
357,"10",-1.31123457768026,1,"2",0
357,"10",-1.31123457768026,1,"3",0
357,"10",-1.31123457768026,1,"4",0
357,"10",-1.31123457768026,1,"5",0
358,"10",-1.37780240255482,1,"1",0
358,"10",-1.37780240255482,1,"2",0
358,"10",-1.37780240255482,1,"3",0
359,"10",-0.608526070579873,1,"1",0
359,"10",-0.608526070579873,1,"2",0
359,"10",-0.608526070579873,1,"3",0
360,"11",-0.465817368764877,1,"1",0
360,"11",-0.465817368764877,1,"2",0
360,"11",-0.465817368764877,1,"3",0
360,"11",-0.465817368764877,1,"4",0
360,"11",-0.465817368764877,1,"5",0
361,"11",0.425178816488849,0,"1",0
361,"11",0.425178816488849,0,"2",0
361,"11",0.425178816488849,0,"3",0
361,"11",0.425178816488849,0,"4",0
361,"11",0.425178816488849,0,"5",0
361,"11",0.425178816488849,0,"6",0
362,"11",0.841344939623133,1,"1",0
362,"11",0.841344939623133,1,"2",0
362,"11",0.841344939623133,1,"3",0
363,"11",0.247934307432827,1,"1",0
363,"11",0.247934307432827,1,"2",0
363,"11",0.247934307432827,1,"3",0
363,"11",0.247934307432827,1,"4",0
363,"11",0.247934307432827,1,"5",0
364,"11",-1.29064877366729,0,"1",0
364,"11",-1.29064877366729,0,"2",1
365,"11",1.03597417715194,1,"1",1
366,"11",0.8032891903612,1,"1",0
366,"11",0.8032891903612,1,"2",0
366,"11",0.8032891903612,1,"3",0
366,"11",0.8032891903612,1,"4",0
367,"11",-0.286844849394586,1,"1",0
367,"11",-0.286844849394586,1,"2",0
367,"11",-0.286844849394586,1,"3",0
367,"11",-0.286844849394586,1,"4",0
368,"11",1.11534788611156,0,"1",1
369,"11",1.37414343745532,0,"1",0
369,"11",1.37414343745532,0,"2",1
370,"11",-0.0278639041695879,1,"1",0
370,"11",-0.0278639041695879,1,"2",1
371,"11",0.615758548651998,0,"1",0
371,"11",0.615758548651998,0,"2",0
371,"11",0.615758548651998,0,"3",0
371,"11",0.615758548651998,0,"4",0
371,"11",0.615758548651998,0,"5",0
371,"11",0.615758548651998,0,"6",0
372,"11",-1.54257842971857,1,"1",0
372,"11",-1.54257842971857,1,"2",1
373,"11",-0.910296821822585,1,"1",0
373,"11",-0.910296821822585,1,"2",0
373,"11",-0.910296821822585,1,"3",0
374,"11",2.28408398654322,1,"1",1
375,"11",0.0750996733766565,0,"1",0
375,"11",0.0750996733766565,0,"2",0
375,"11",0.0750996733766565,0,"3",0
375,"11",0.0750996733766565,0,"4",0
375,"11",0.0750996733766565,0,"5",0
376,"11",-1.50814942378137,0,"1",0
376,"11",-1.50814942378137,0,"2",0
376,"11",-1.50814942378137,0,"3",0
377,"11",0.181082823634527,0,"1",0
377,"11",0.181082823634527,0,"2",0
377,"11",0.181082823634527,0,"3",0
378,"11",-0.400395046818621,0,"1",0
378,"11",-0.400395046818621,0,"2",0
378,"11",-0.400395046818621,0,"3",0
378,"11",-0.400395046818621,0,"4",0
378,"11",-0.400395046818621,0,"5",0
378,"11",-0.400395046818621,0,"6",0
379,"11",-0.95862337772702,1,"1",0
379,"11",-0.95862337772702,1,"2",0
379,"11",-0.95862337772702,1,"3",0
379,"11",-0.95862337772702,1,"4",0
379,"11",-0.95862337772702,1,"5",0
380,"11",-0.376203649981884,1,"1",0
380,"11",-0.376203649981884,1,"2",0
380,"11",-0.376203649981884,1,"3",0
380,"11",-0.376203649981884,1,"4",0
380,"11",-0.376203649981884,1,"5",0
380,"11",-0.376203649981884,1,"6",0
381,"11",1.56230787153273,0,"1",1
382,"11",0.288641689512397,0,"1",0
382,"11",0.288641689512397,0,"2",1
383,"11",-0.791607760013354,0,"1",0
383,"11",-0.791607760013354,0,"2",0
383,"11",-0.791607760013354,0,"3",0
383,"11",-0.791607760013354,0,"4",1
384,"11",1.70773174002786,1,"1",0
384,"11",1.70773174002786,1,"2",0
384,"11",1.70773174002786,1,"3",0
385,"11",1.22568313222546,0,"1",0
385,"11",1.22568313222546,0,"2",0
385,"11",1.22568313222546,0,"3",0
386,"11",-0.237070409729394,0,"1",0
386,"11",-0.237070409729394,0,"2",0
386,"11",-0.237070409729394,0,"3",0
386,"11",-0.237070409729394,0,"4",0
386,"11",-0.237070409729394,0,"5",0
386,"11",-0.237070409729394,0,"6",1
387,"11",-0.5117242743252,1,"1",0
387,"11",-0.5117242743252,1,"2",0
387,"11",-0.5117242743252,1,"3",0
387,"11",-0.5117242743252,1,"4",0
388,"11",0.674668886522286,0,"1",1
389,"11",-0.0470801323094369,1,"1",0
389,"11",-0.0470801323094369,1,"2",0
389,"11",-0.0470801323094369,1,"3",0
389,"11",-0.0470801323094369,1,"4",0
389,"11",-0.0470801323094369,1,"5",0
390,"11",-1.02339051029792,1,"1",0
390,"11",-1.02339051029792,1,"2",0
390,"11",-1.02339051029792,1,"3",0
390,"11",-1.02339051029792,1,"4",0
390,"11",-1.02339051029792,1,"5",0
391,"11",2.04439995951509,0,"1",0
391,"11",2.04439995951509,0,"2",0
391,"11",2.04439995951509,0,"3",0
391,"11",2.04439995951509,0,"4",0
391,"11",2.04439995951509,0,"5",0
392,"11",1.16265839907766,0,"1",0
392,"11",1.16265839907766,0,"2",0
392,"11",1.16265839907766,0,"3",0
393,"11",-1.05148920296116,0,"1",0
393,"11",-1.05148920296116,0,"2",0
393,"11",-1.05148920296116,0,"3",0
393,"11",-1.05148920296116,0,"4",0
394,"11",0.0639828145306347,0,"1",0
394,"11",0.0639828145306347,0,"2",0
394,"11",0.0639828145306347,0,"3",0
394,"11",0.0639828145306347,0,"4",0
395,"11",0.538292885633261,1,"1",0
395,"11",0.538292885633261,1,"2",0
395,"11",0.538292885633261,1,"3",0
395,"11",0.538292885633261,1,"4",0
395,"11",0.538292885633261,1,"5",0
395,"11",0.538292885633261,1,"6",0
396,"11",-1.0699733784154,0,"1",0
396,"11",-1.0699733784154,0,"2",0
396,"11",-1.0699733784154,0,"3",0
396,"11",-1.0699733784154,0,"4",0
397,"11",-0.485412192028632,1,"1",0
397,"11",-0.485412192028632,1,"2",0
397,"11",-0.485412192028632,1,"3",0
398,"11",0.167547764389187,0,"1",0
398,"11",0.167547764389187,0,"2",0
398,"11",0.167547764389187,0,"3",0
398,"11",0.167547764389187,0,"4",0
399,"11",0.732577833938143,1,"1",0
399,"11",0.732577833938143,1,"2",0
399,"11",0.732577833938143,1,"3",0
400,"11",-0.3636831267251,1,"1",0
400,"11",-0.3636831267251,1,"2",0
400,"11",-0.3636831267251,1,"3",0
400,"11",-0.3636831267251,1,"4",0
400,"11",-0.3636831267251,1,"5",0
401,"11",0.0264506868623083,0,"1",0
401,"11",0.0264506868623083,0,"2",0
401,"11",0.0264506868623083,0,"3",0
401,"11",0.0264506868623083,0,"4",0
401,"11",0.0264506868623083,0,"5",0
401,"11",0.0264506868623083,0,"6",0
402,"11",1.19930880993857,0,"1",0
402,"11",1.19930880993857,0,"2",0
402,"11",1.19930880993857,0,"3",0
402,"11",1.19930880993857,0,"4",1
403,"11",1.25068323841527,0,"1",0
403,"11",1.25068323841527,0,"2",1
404,"12",0.625937453821419,1,"1",0
404,"12",0.625937453821419,1,"2",0
404,"12",0.625937453821419,1,"3",0
404,"12",0.625937453821419,1,"4",0
404,"12",0.625937453821419,1,"5",0
404,"12",0.625937453821419,1,"6",0
405,"12",0.64245434658541,1,"1",0
405,"12",0.64245434658541,1,"2",0
405,"12",0.64245434658541,1,"3",0
405,"12",0.64245434658541,1,"4",0
406,"12",-1.86704148572251,1,"1",0
406,"12",-1.86704148572251,1,"2",0
406,"12",-1.86704148572251,1,"3",0
406,"12",-1.86704148572251,1,"4",0
407,"12",-0.680379100599916,1,"1",0
407,"12",-0.680379100599916,1,"2",0
407,"12",-0.680379100599916,1,"3",0
407,"12",-0.680379100599916,1,"4",0
407,"12",-0.680379100599916,1,"5",0
407,"12",-0.680379100599916,1,"6",0
408,"12",0.30135610785287,0,"1",0
408,"12",0.30135610785287,0,"2",1
409,"12",-1.6871380511183,0,"1",0
409,"12",-1.6871380511183,0,"2",0
409,"12",-1.6871380511183,0,"3",0
410,"12",1.09080953811244,1,"1",0
410,"12",1.09080953811244,1,"2",0
410,"12",1.09080953811244,1,"3",0
410,"12",1.09080953811244,1,"4",0
410,"12",1.09080953811244,1,"5",0
410,"12",1.09080953811244,1,"6",0
411,"12",0.0408339756433071,1,"1",0
411,"12",0.0408339756433071,1,"2",0
411,"12",0.0408339756433071,1,"3",0
412,"12",-0.72318546153322,0,"1",0
412,"12",-0.72318546153322,0,"2",0
412,"12",-0.72318546153322,0,"3",0
412,"12",-0.72318546153322,0,"4",0
413,"12",0.920353914157464,1,"1",0
413,"12",0.920353914157464,1,"2",0
413,"12",0.920353914157464,1,"3",0
413,"12",0.920353914157464,1,"4",1
414,"12",-0.545976773695377,0,"1",0
414,"12",-0.545976773695377,0,"2",0
414,"12",-0.545976773695377,0,"3",0
414,"12",-0.545976773695377,0,"4",0
414,"12",-0.545976773695377,0,"5",0
415,"12",-0.552265856423939,1,"1",0
415,"12",-0.552265856423939,1,"2",0
415,"12",-0.552265856423939,1,"3",0
415,"12",-0.552265856423939,1,"4",0
416,"12",0.196305064363792,0,"1",1
417,"12",-0.0876252876414465,0,"1",0
417,"12",-0.0876252876414465,0,"2",0
417,"12",-0.0876252876414465,0,"3",0
417,"12",-0.0876252876414465,0,"4",0
417,"12",-0.0876252876414465,0,"5",0
418,"12",0.677226090165618,0,"1",0
418,"12",0.677226090165618,0,"2",0
418,"12",0.677226090165618,0,"3",0
418,"12",0.677226090165618,0,"4",1
419,"12",-0.155236089582468,0,"1",0
419,"12",-0.155236089582468,0,"2",0
419,"12",-0.155236089582468,0,"3",0
419,"12",-0.155236089582468,0,"4",0
420,"12",0.597007618253705,1,"1",0
420,"12",0.597007618253705,1,"2",0
420,"12",0.597007618253705,1,"3",0
421,"12",0.976142510830846,1,"1",0
421,"12",0.976142510830846,1,"2",0
421,"12",0.976142510830846,1,"3",0
421,"12",0.976142510830846,1,"4",0
422,"12",-1.56788272724853,1,"1",0
422,"12",-1.56788272724853,1,"2",0
422,"12",-1.56788272724853,1,"3",0
422,"12",-1.56788272724853,1,"4",0
422,"12",-1.56788272724853,1,"5",0
423,"12",0.908762172459542,0,"1",0
423,"12",0.908762172459542,0,"2",0
423,"12",0.908762172459542,0,"3",0
423,"12",0.908762172459542,0,"4",1
424,"12",0.33444126742881,0,"1",0
424,"12",0.33444126742881,0,"2",0
424,"12",0.33444126742881,0,"3",0
424,"12",0.33444126742881,0,"4",0
424,"12",0.33444126742881,0,"5",0
424,"12",0.33444126742881,0,"6",0
425,"12",-0.958675278992981,0,"1",0
425,"12",-0.958675278992981,0,"2",0
425,"12",-0.958675278992981,0,"3",0
425,"12",-0.958675278992981,0,"4",0
426,"12",0.436552101229631,0,"1",0
426,"12",0.436552101229631,0,"2",0
426,"12",0.436552101229631,0,"3",1
427,"12",0.490382718122427,0,"1",0
427,"12",0.490382718122427,0,"2",0
427,"12",0.490382718122427,0,"3",0
428,"12",-1.53157628041828,1,"1",0
428,"12",-1.53157628041828,1,"2",0
428,"12",-1.53157628041828,1,"3",0
428,"12",-1.53157628041828,1,"4",0
428,"12",-1.53157628041828,1,"5",0
428,"12",-1.53157628041828,1,"6",0
429,"12",-0.939035429418169,1,"1",0
429,"12",-0.939035429418169,1,"2",0
429,"12",-0.939035429418169,1,"3",1
430,"12",-1.2908485484705,0,"1",0
430,"12",-1.2908485484705,0,"2",0
430,"12",-1.2908485484705,0,"3",0
430,"12",-1.2908485484705,0,"4",0
430,"12",-1.2908485484705,0,"5",0
431,"12",-1.47632022707726,1,"1",0
431,"12",-1.47632022707726,1,"2",0
431,"12",-1.47632022707726,1,"3",0
431,"12",-1.47632022707726,1,"4",0
431,"12",-1.47632022707726,1,"5",0
432,"12",-0.632025858973677,1,"1",0
432,"12",-0.632025858973677,1,"2",0
432,"12",-0.632025858973677,1,"3",0
433,"12",0.16408477524212,0,"1",0
433,"12",0.16408477524212,0,"2",0
433,"12",0.16408477524212,0,"3",0
433,"12",0.16408477524212,0,"4",0
434,"12",0.288201257401473,1,"1",0
434,"12",0.288201257401473,1,"2",0
434,"12",0.288201257401473,1,"3",1
435,"12",1.64596754937923,0,"1",0
435,"12",1.64596754937923,0,"2",0
435,"12",1.64596754937923,0,"3",0
435,"12",1.64596754937923,0,"4",0
435,"12",1.64596754937923,0,"5",0
435,"12",1.64596754937923,0,"6",1
436,"12",-0.0654417998357558,0,"1",0
436,"12",-0.0654417998357558,0,"2",0
436,"12",-0.0654417998357558,0,"3",0
436,"12",-0.0654417998357558,0,"4",0
436,"12",-0.0654417998357558,0,"5",0
436,"12",-0.0654417998357558,0,"6",0
437,"12",0.342550625579429,0,"1",0
437,"12",0.342550625579429,0,"2",0
437,"12",0.342550625579429,0,"3",0
438,"13",-0.597726562818729,1,"1",0
438,"13",-0.597726562818729,1,"2",0
438,"13",-0.597726562818729,1,"3",0
438,"13",-0.597726562818729,1,"4",0
439,"13",0.620865384675581,0,"1",0
439,"13",0.620865384675581,0,"2",0
439,"13",0.620865384675581,0,"3",0
439,"13",0.620865384675581,0,"4",0
439,"13",0.620865384675581,0,"5",0
439,"13",0.620865384675581,0,"6",0
440,"13",-0.710798131947019,1,"1",0
440,"13",-0.710798131947019,1,"2",0
440,"13",-0.710798131947019,1,"3",0
440,"13",-0.710798131947019,1,"4",0
441,"13",-0.946195608462543,1,"1",0
441,"13",-0.946195608462543,1,"2",0
441,"13",-0.946195608462543,1,"3",0
441,"13",-0.946195608462543,1,"4",0
441,"13",-0.946195608462543,1,"5",0
442,"13",0.997707907313848,1,"1",0
442,"13",0.997707907313848,1,"2",0
442,"13",0.997707907313848,1,"3",0
442,"13",0.997707907313848,1,"4",0
443,"13",-0.896474199828432,0,"1",0
443,"13",-0.896474199828432,0,"2",0
443,"13",-0.896474199828432,0,"3",0
443,"13",-0.896474199828432,0,"4",0
444,"13",-1.67805952769621,1,"1",0
444,"13",-1.67805952769621,1,"2",0
444,"13",-1.67805952769621,1,"3",0
444,"13",-1.67805952769621,1,"4",0
444,"13",-1.67805952769621,1,"5",0
444,"13",-1.67805952769621,1,"6",0
445,"13",-0.122597488606025,0,"1",0
445,"13",-0.122597488606025,0,"2",0
445,"13",-0.122597488606025,0,"3",0
446,"13",-0.549556024519462,0,"1",0
446,"13",-0.549556024519462,0,"2",1
447,"13",-0.158998030675173,0,"1",0
447,"13",-0.158998030675173,0,"2",0
447,"13",-0.158998030675173,0,"3",0
447,"13",-0.158998030675173,0,"4",0
448,"13",0.206389123152262,1,"1",0
448,"13",0.206389123152262,1,"2",0
448,"13",0.206389123152262,1,"3",0
448,"13",0.206389123152262,1,"4",0
449,"13",-1.08597583118593,1,"1",0
449,"13",-1.08597583118593,1,"2",0
449,"13",-1.08597583118593,1,"3",0
449,"13",-1.08597583118593,1,"4",0
449,"13",-1.08597583118593,1,"5",0
449,"13",-1.08597583118593,1,"6",0
450,"13",1.15724591751564,0,"1",0
450,"13",1.15724591751564,0,"2",0
450,"13",1.15724591751564,0,"3",0
451,"13",-0.39577761948695,0,"1",0
451,"13",-0.39577761948695,0,"2",0
451,"13",-0.39577761948695,0,"3",0
452,"13",0.377545694490125,1,"1",0
452,"13",0.377545694490125,1,"2",0
452,"13",0.377545694490125,1,"3",0
452,"13",0.377545694490125,1,"4",0
452,"13",0.377545694490125,1,"5",0
452,"13",0.377545694490125,1,"6",0
453,"13",0.546716731450063,1,"1",0
453,"13",0.546716731450063,1,"2",0
453,"13",0.546716731450063,1,"3",0
454,"13",0.486690171507427,0,"1",0
454,"13",0.486690171507427,0,"2",0
454,"13",0.486690171507427,0,"3",0
454,"13",0.486690171507427,0,"4",0
455,"13",0.277422167659755,1,"1",0
455,"13",0.277422167659755,1,"2",0
455,"13",0.277422167659755,1,"3",0
455,"13",0.277422167659755,1,"4",0
455,"13",0.277422167659755,1,"5",0
456,"13",-0.428122673131108,0,"1",0
456,"13",-0.428122673131108,0,"2",0
456,"13",-0.428122673131108,0,"3",0
456,"13",-0.428122673131108,0,"4",0
457,"13",1.32980011615684,1,"1",0
457,"13",1.32980011615684,1,"2",0
457,"13",1.32980011615684,1,"3",1
458,"13",-1.06633015369814,0,"1",0
458,"13",-1.06633015369814,0,"2",0
458,"13",-1.06633015369814,0,"3",0
458,"13",-1.06633015369814,0,"4",0
458,"13",-1.06633015369814,0,"5",0
458,"13",-1.06633015369814,0,"6",0
459,"13",-1.67577844984809,0,"1",0
459,"13",-1.67577844984809,0,"2",0
459,"13",-1.67577844984809,0,"3",0
459,"13",-1.67577844984809,0,"4",0
459,"13",-1.67577844984809,0,"5",0
460,"13",-0.250462992013488,0,"1",0
460,"13",-0.250462992013488,0,"2",0
460,"13",-0.250462992013488,0,"3",0
460,"13",-0.250462992013488,0,"4",0
460,"13",-0.250462992013488,0,"5",0
461,"13",1.19613688070166,0,"1",0
461,"13",1.19613688070166,0,"2",0
461,"13",1.19613688070166,0,"3",0
461,"13",1.19613688070166,0,"4",1
462,"13",-0.0636648912572028,0,"1",0
462,"13",-0.0636648912572028,0,"2",0
462,"13",-0.0636648912572028,0,"3",0
462,"13",-0.0636648912572028,0,"4",0
462,"13",-0.0636648912572028,0,"5",0
462,"13",-0.0636648912572028,0,"6",0
463,"13",1.30470452370877,0,"1",0
463,"13",1.30470452370877,0,"2",0
463,"13",1.30470452370877,0,"3",0
464,"13",-0.146379055312924,1,"1",0
464,"13",-0.146379055312924,1,"2",0
464,"13",-0.146379055312924,1,"3",0
465,"13",1.08766918282769,1,"1",0
465,"13",1.08766918282769,1,"2",0
465,"13",1.08766918282769,1,"3",0
466,"13",0.846955084572652,0,"1",0
466,"13",0.846955084572652,0,"2",0
466,"13",0.846955084572652,0,"3",1
467,"13",-0.135781871582196,1,"1",0
467,"13",-0.135781871582196,1,"2",0
467,"13",-0.135781871582196,1,"3",0
467,"13",-0.135781871582196,1,"4",0
468,"13",0.851499899890371,0,"1",0
468,"13",0.851499899890371,0,"2",0
468,"13",0.851499899890371,0,"3",0
468,"13",0.851499899890371,0,"4",1
469,"13",-0.254156167736963,1,"1",0
469,"13",-0.254156167736963,1,"2",0
469,"13",-0.254156167736963,1,"3",1
470,"13",1.17146830409168,1,"1",0
470,"13",1.17146830409168,1,"2",0
470,"13",1.17146830409168,1,"3",0
470,"13",1.17146830409168,1,"4",1
471,"13",2.28316115591639,0,"1",0
471,"13",2.28316115591639,0,"2",0
471,"13",2.28316115591639,0,"3",0
471,"13",2.28316115591639,0,"4",1
472,"13",0.835580486345381,1,"1",0
472,"13",0.835580486345381,1,"2",0
472,"13",0.835580486345381,1,"3",0
472,"13",0.835580486345381,1,"4",0
473,"13",-0.10753347666193,0,"1",0
473,"13",-0.10753347666193,0,"2",0
473,"13",-0.10753347666193,0,"3",0
474,"13",1.53090091490859,0,"1",0
474,"13",1.53090091490859,0,"2",0
474,"13",1.53090091490859,0,"3",0
474,"13",1.53090091490859,0,"4",0
474,"13",1.53090091490859,0,"5",0
475,"13",1.16464601592858,0,"1",1
476,"14",-0.129059731852562,1,"1",0
476,"14",-0.129059731852562,1,"2",1
477,"14",-0.842982410276227,1,"1",0
477,"14",-0.842982410276227,1,"2",0
477,"14",-0.842982410276227,1,"3",0
477,"14",-0.842982410276227,1,"4",0
478,"14",-0.00895222163918287,1,"1",0
478,"14",-0.00895222163918287,1,"2",0
478,"14",-0.00895222163918287,1,"3",0
478,"14",-0.00895222163918287,1,"4",0
479,"14",-0.583482151303823,0,"1",0
479,"14",-0.583482151303823,0,"2",0
479,"14",-0.583482151303823,0,"3",0
479,"14",-0.583482151303823,0,"4",0
480,"14",1.2285449632878,0,"1",0
480,"14",1.2285449632878,0,"2",0
480,"14",1.2285449632878,0,"3",0
480,"14",1.2285449632878,0,"4",0
480,"14",1.2285449632878,0,"5",0
480,"14",1.2285449632878,0,"6",0
481,"14",-1.0673461042563,1,"1",0
481,"14",-1.0673461042563,1,"2",0
481,"14",-1.0673461042563,1,"3",0
481,"14",-1.0673461042563,1,"4",0
481,"14",-1.0673461042563,1,"5",0
482,"14",0.276551599316064,1,"1",0
482,"14",0.276551599316064,1,"2",0
482,"14",0.276551599316064,1,"3",0
482,"14",0.276551599316064,1,"4",0
482,"14",0.276551599316064,1,"5",0
482,"14",0.276551599316064,1,"6",0
483,"14",-1.0025567445992,1,"1",0
483,"14",-1.0025567445992,1,"2",0
483,"14",-1.0025567445992,1,"3",0
483,"14",-1.0025567445992,1,"4",0
483,"14",-1.0025567445992,1,"5",0
483,"14",-1.0025567445992,1,"6",0
484,"14",0.869871478324506,1,"1",0
484,"14",0.869871478324506,1,"2",0
484,"14",0.869871478324506,1,"3",1
485,"14",1.44857215895904,1,"1",0
485,"14",1.44857215895904,1,"2",0
485,"14",1.44857215895904,1,"3",0
486,"14",0.0919223769650439,0,"1",0
486,"14",0.0919223769650439,0,"2",0
486,"14",0.0919223769650439,0,"3",0
486,"14",0.0919223769650439,0,"4",0
486,"14",0.0919223769650439,0,"5",0
487,"14",-0.128731713760103,1,"1",0
487,"14",-0.128731713760103,1,"2",0
487,"14",-0.128731713760103,1,"3",0
487,"14",-0.128731713760103,1,"4",0
487,"14",-0.128731713760103,1,"5",0
488,"14",-0.262450709967024,1,"1",1
489,"14",1.885669720335,1,"1",0
489,"14",1.885669720335,1,"2",0
489,"14",1.885669720335,1,"3",0
489,"14",1.885669720335,1,"4",0
490,"14",-0.924859398062791,1,"1",0
490,"14",-0.924859398062791,1,"2",0
490,"14",-0.924859398062791,1,"3",0
490,"14",-0.924859398062791,1,"4",0
491,"14",-0.413285580778267,0,"1",0
491,"14",-0.413285580778267,0,"2",0
491,"14",-0.413285580778267,0,"3",0
491,"14",-0.413285580778267,0,"4",1
492,"14",-0.657851016175143,1,"1",0
492,"14",-0.657851016175143,1,"2",0
492,"14",-0.657851016175143,1,"3",0
492,"14",-0.657851016175143,1,"4",0
492,"14",-0.657851016175143,1,"5",0
493,"14",-0.534206401838801,1,"1",0
493,"14",-0.534206401838801,1,"2",0
493,"14",-0.534206401838801,1,"3",0
493,"14",-0.534206401838801,1,"4",0
494,"14",0.267465439780487,0,"1",0
494,"14",0.267465439780487,0,"2",0
494,"14",0.267465439780487,0,"3",0
495,"14",0.364598656010572,1,"1",0
495,"14",0.364598656010572,1,"2",1
496,"14",1.29702017890831,1,"1",0
496,"14",1.29702017890831,1,"2",0
496,"14",1.29702017890831,1,"3",0
496,"14",1.29702017890831,1,"4",0
496,"14",1.29702017890831,1,"5",0
497,"14",1.03559504950327,1,"1",0
497,"14",1.03559504950327,1,"2",0
497,"14",1.03559504950327,1,"3",0
497,"14",1.03559504950327,1,"4",0
498,"14",0.583724954550229,1,"1",0
498,"14",0.583724954550229,1,"2",0
498,"14",0.583724954550229,1,"3",0
498,"14",0.583724954550229,1,"4",0
499,"14",0.23513475302143,1,"1",0
499,"14",0.23513475302143,1,"2",0
499,"14",0.23513475302143,1,"3",0
499,"14",0.23513475302143,1,"4",0
499,"14",0.23513475302143,1,"5",0
499,"14",0.23513475302143,1,"6",0
500,"14",-0.186206040939942,0,"1",0
500,"14",-0.186206040939942,0,"2",0
500,"14",-0.186206040939942,0,"3",0
500,"14",-0.186206040939942,0,"4",0
500,"14",-0.186206040939942,0,"5",0
500,"14",-0.186206040939942,0,"6",0
501,"14",-0.863194586739454,1,"1",0
501,"14",-0.863194586739454,1,"2",0
501,"14",-0.863194586739454,1,"3",0
501,"14",-0.863194586739454,1,"4",0
502,"14",1.61301991930763,0,"1",1
503,"14",0.70565449383602,0,"1",0
503,"14",0.70565449383602,0,"2",0
503,"14",0.70565449383602,0,"3",1
504,"14",-1.63023899701037,1,"1",0
504,"14",-1.63023899701037,1,"2",0
504,"14",-1.63023899701037,1,"3",0
504,"14",-1.63023899701037,1,"4",0
504,"14",-1.63023899701037,1,"5",0
505,"14",0.56019546110597,1,"1",0
505,"14",0.56019546110597,1,"2",1
506,"14",-0.51338679228635,1,"1",0
506,"14",-0.51338679228635,1,"2",0
506,"14",-0.51338679228635,1,"3",0
506,"14",-0.51338679228635,1,"4",0
507,"14",-0.692673321130885,0,"1",0
507,"14",-0.692673321130885,0,"2",0
507,"14",-0.692673321130885,0,"3",0
507,"14",-0.692673321130885,0,"4",0
507,"14",-0.692673321130885,0,"5",0
507,"14",-0.692673321130885,0,"6",0
508,"14",-1.1606511829825,0,"1",0
508,"14",-1.1606511829825,0,"2",0
508,"14",-1.1606511829825,0,"3",0
508,"14",-1.1606511829825,0,"4",0
508,"14",-1.1606511829825,0,"5",0
508,"14",-1.1606511829825,0,"6",0
509,"14",-0.781586249576176,1,"1",0
509,"14",-0.781586249576176,1,"2",0
509,"14",-0.781586249576176,1,"3",0
509,"14",-0.781586249576176,1,"4",0
509,"14",-0.781586249576176,1,"5",0
509,"14",-0.781586249576176,1,"6",0
510,"14",0.736636058273355,0,"1",0
510,"14",0.736636058273355,0,"2",0
510,"14",0.736636058273355,0,"3",0
510,"14",0.736636058273355,0,"4",0
510,"14",0.736636058273355,0,"5",0
510,"14",0.736636058273355,0,"6",0
511,"14",-2.31913279792426,0,"1",0
511,"14",-2.31913279792426,0,"2",0
511,"14",-2.31913279792426,0,"3",0
511,"14",-2.31913279792426,0,"4",0
511,"14",-2.31913279792426,0,"5",0
511,"14",-2.31913279792426,0,"6",0
512,"14",0.225694837901744,1,"1",0
512,"14",0.225694837901744,1,"2",0
512,"14",0.225694837901744,1,"3",0
512,"14",0.225694837901744,1,"4",1
513,"14",-0.419575889056715,1,"1",0
513,"14",-0.419575889056715,1,"2",0
513,"14",-0.419575889056715,1,"3",0
513,"14",-0.419575889056715,1,"4",0
513,"14",-0.419575889056715,1,"5",0
514,"14",0.0127464271035701,1,"1",0
514,"14",0.0127464271035701,1,"2",0
514,"14",0.0127464271035701,1,"3",0
515,"14",-0.40374119409147,1,"1",0
515,"14",-0.40374119409147,1,"2",0
515,"14",-0.40374119409147,1,"3",0
515,"14",-0.40374119409147,1,"4",0
515,"14",-0.40374119409147,1,"5",0
516,"14",-1.56270085817121,1,"1",0
516,"14",-1.56270085817121,1,"2",0
516,"14",-1.56270085817121,1,"3",0
516,"14",-1.56270085817121,1,"4",0
516,"14",-1.56270085817121,1,"5",0
516,"14",-1.56270085817121,1,"6",0
517,"14",0.122750167082281,0,"1",1
518,"14",0.806093071998818,0,"1",0
518,"14",0.806093071998818,0,"2",0
518,"14",0.806093071998818,0,"3",0
518,"14",0.806093071998818,0,"4",0
518,"14",0.806093071998818,0,"5",0
518,"14",0.806093071998818,0,"6",0
519,"15",0.00916321238136808,1,"1",0
519,"15",0.00916321238136808,1,"2",0
519,"15",0.00916321238136808,1,"3",0
519,"15",0.00916321238136808,1,"4",0
520,"15",-0.99470120217727,1,"1",0
520,"15",-0.99470120217727,1,"2",0
520,"15",-0.99470120217727,1,"3",0
520,"15",-0.99470120217727,1,"4",0
521,"15",1.2295054254465,1,"1",0
521,"15",1.2295054254465,1,"2",1
522,"15",1.55837857635245,0,"1",0
522,"15",1.55837857635245,0,"2",0
522,"15",1.55837857635245,0,"3",0
522,"15",1.55837857635245,0,"4",1
523,"15",-0.788638950988669,1,"1",0
523,"15",-0.788638950988669,1,"2",0
523,"15",-0.788638950988669,1,"3",0
523,"15",-0.788638950988669,1,"4",0
523,"15",-0.788638950988669,1,"5",0
523,"15",-0.788638950988669,1,"6",0
524,"15",0.715043701016263,1,"1",0
524,"15",0.715043701016263,1,"2",0
524,"15",0.715043701016263,1,"3",0
524,"15",0.715043701016263,1,"4",0
524,"15",0.715043701016263,1,"5",0
524,"15",0.715043701016263,1,"6",0
525,"15",0.287107982198394,0,"1",0
525,"15",0.287107982198394,0,"2",0
525,"15",0.287107982198394,0,"3",1
526,"15",1.56483921087309,0,"1",0
526,"15",1.56483921087309,0,"2",0
526,"15",1.56483921087309,0,"3",0
526,"15",1.56483921087309,0,"4",0
527,"15",0.61048952614437,0,"1",0
527,"15",0.61048952614437,0,"2",0
527,"15",0.61048952614437,0,"3",0
528,"15",0.155420726636426,1,"1",0
528,"15",0.155420726636426,1,"2",0
528,"15",0.155420726636426,1,"3",0
528,"15",0.155420726636426,1,"4",0
529,"15",0.372613492917829,1,"1",0
529,"15",0.372613492917829,1,"2",0
529,"15",0.372613492917829,1,"3",0
529,"15",0.372613492917829,1,"4",0
530,"15",-0.658149458205149,0,"1",0
530,"15",-0.658149458205149,0,"2",0
530,"15",-0.658149458205149,0,"3",0
530,"15",-0.658149458205149,0,"4",0
530,"15",-0.658149458205149,0,"5",0
530,"15",-0.658149458205149,0,"6",0
531,"15",-0.685077095368002,1,"1",0
531,"15",-0.685077095368002,1,"2",0
531,"15",-0.685077095368002,1,"3",0
531,"15",-0.685077095368002,1,"4",0
531,"15",-0.685077095368002,1,"5",0
531,"15",-0.685077095368002,1,"6",0
532,"15",1.06055710869289,1,"1",0
532,"15",1.06055710869289,1,"2",0
532,"15",1.06055710869289,1,"3",0
532,"15",1.06055710869289,1,"4",0
532,"15",1.06055710869289,1,"5",0
533,"15",0.115342684329477,0,"1",0
533,"15",0.115342684329477,0,"2",0
533,"15",0.115342684329477,0,"3",0
534,"15",0.367054980071969,0,"1",0
534,"15",0.367054980071969,0,"2",0
534,"15",0.367054980071969,0,"3",0
534,"15",0.367054980071969,0,"4",0
535,"15",-0.652412300295915,0,"1",0
535,"15",-0.652412300295915,0,"2",0
535,"15",-0.652412300295915,0,"3",0
535,"15",-0.652412300295915,0,"4",0
536,"15",0.74902258006478,0,"1",0
536,"15",0.74902258006478,0,"2",0
536,"15",0.74902258006478,0,"3",0
536,"15",0.74902258006478,0,"4",0
536,"15",0.74902258006478,0,"5",0
537,"15",1.52904511116996,1,"1",0
537,"15",1.52904511116996,1,"2",0
537,"15",1.52904511116996,1,"3",0
537,"15",1.52904511116996,1,"4",0
537,"15",1.52904511116996,1,"5",0
538,"15",2.09950199065655,1,"1",0
538,"15",2.09950199065655,1,"2",0
538,"15",2.09950199065655,1,"3",0
538,"15",2.09950199065655,1,"4",0
538,"15",2.09950199065655,1,"5",0
538,"15",2.09950199065655,1,"6",0
539,"15",0.393066254523581,0,"1",1
540,"15",-0.944739069191581,1,"1",0
540,"15",-0.944739069191581,1,"2",0
540,"15",-0.944739069191581,1,"3",0
541,"15",-0.278958660408207,1,"1",1
542,"15",1.4354016296675,1,"1",0
542,"15",1.4354016296675,1,"2",0
542,"15",1.4354016296675,1,"3",0
542,"15",1.4354016296675,1,"4",0
542,"15",1.4354016296675,1,"5",0
542,"15",1.4354016296675,1,"6",0
543,"15",0.706235125631008,1,"1",0
543,"15",0.706235125631008,1,"2",0
543,"15",0.706235125631008,1,"3",0
543,"15",0.706235125631008,1,"4",0
543,"15",0.706235125631008,1,"5",0
543,"15",0.706235125631008,1,"6",0
544,"15",-1.54004563007288,0,"1",0
544,"15",-1.54004563007288,0,"2",0
544,"15",-1.54004563007288,0,"3",0
545,"15",-1.01304475623303,1,"1",0
545,"15",-1.01304475623303,1,"2",0
545,"15",-1.01304475623303,1,"3",0
545,"15",-1.01304475623303,1,"4",0
545,"15",-1.01304475623303,1,"5",0
546,"15",-2.43503006964242,0,"1",0
546,"15",-2.43503006964242,0,"2",0
546,"15",-2.43503006964242,0,"3",0
546,"15",-2.43503006964242,0,"4",0
546,"15",-2.43503006964242,0,"5",0
546,"15",-2.43503006964242,0,"6",0
547,"15",-1.35998767771117,1,"1",0
547,"15",-1.35998767771117,1,"2",0
547,"15",-1.35998767771117,1,"3",0
547,"15",-1.35998767771117,1,"4",0
548,"15",-0.755297880937489,0,"1",0
548,"15",-0.755297880937489,0,"2",0
548,"15",-0.755297880937489,0,"3",0
548,"15",-0.755297880937489,0,"4",0
548,"15",-0.755297880937489,0,"5",0
549,"15",0.641549984497008,0,"1",0
549,"15",0.641549984497008,0,"2",0
549,"15",0.641549984497008,0,"3",1
550,"15",1.76298011037467,0,"1",0
550,"15",1.76298011037467,0,"2",0
550,"15",1.76298011037467,0,"3",1
551,"15",-2.04915717122462,1,"1",0
551,"15",-2.04915717122462,1,"2",0
551,"15",-2.04915717122462,1,"3",0
551,"15",-2.04915717122462,1,"4",0
551,"15",-2.04915717122462,1,"5",0
551,"15",-2.04915717122462,1,"6",0
552,"15",-0.96171962965615,1,"1",0
552,"15",-0.96171962965615,1,"2",0
552,"15",-0.96171962965615,1,"3",0
552,"15",-0.96171962965615,1,"4",0
552,"15",-0.96171962965615,1,"5",0
553,"15",-0.79830346710614,1,"1",0
553,"15",-0.79830346710614,1,"2",1
554,"15",-0.208663034856786,1,"1",0
554,"15",-0.208663034856786,1,"2",0
554,"15",-0.208663034856786,1,"3",0
554,"15",-0.208663034856786,1,"4",0
554,"15",-0.208663034856786,1,"5",0
555,"15",0.220182049067931,1,"1",0
555,"15",0.220182049067931,1,"2",0
555,"15",0.220182049067931,1,"3",0
555,"15",0.220182049067931,1,"4",0
556,"15",0.387662444399614,1,"1",0
556,"15",0.387662444399614,1,"2",0
556,"15",0.387662444399614,1,"3",0
557,"15",0.998581291743686,1,"1",0
557,"15",0.998581291743686,1,"2",0
557,"15",0.998581291743686,1,"3",0
558,"15",-0.461733847864878,0,"1",0
558,"15",-0.461733847864878,0,"2",0
558,"15",-0.461733847864878,0,"3",0
558,"15",-0.461733847864878,0,"4",0
558,"15",-0.461733847864878,0,"5",0
558,"15",-0.461733847864878,0,"6",0
559,"15",-0.36111330181045,0,"1",0
559,"15",-0.36111330181045,0,"2",0
559,"15",-0.36111330181045,0,"3",0
560,"15",0.571345983859557,0,"1",0
560,"15",0.571345983859557,0,"2",0
560,"15",0.571345983859557,0,"3",0
560,"15",0.571345983859557,0,"4",0
561,"16",0.301604606024429,1,"1",0
561,"16",0.301604606024429,1,"2",0
561,"16",0.301604606024429,1,"3",0
561,"16",0.301604606024429,1,"4",0
562,"16",0.217919216523422,0,"1",0
562,"16",0.217919216523422,0,"2",0
562,"16",0.217919216523422,0,"3",0
562,"16",0.217919216523422,0,"4",0
563,"16",1.52588135953306,1,"1",0
563,"16",1.52588135953306,1,"2",0
563,"16",1.52588135953306,1,"3",0
563,"16",1.52588135953306,1,"4",0
564,"16",2.05548671066636,0,"1",0
564,"16",2.05548671066636,0,"2",0
564,"16",2.05548671066636,0,"3",1
565,"16",0.309524983230234,1,"1",0
565,"16",0.309524983230234,1,"2",0
565,"16",0.309524983230234,1,"3",0
565,"16",0.309524983230234,1,"4",0
566,"16",1.1129925206106,0,"1",0
566,"16",1.1129925206106,0,"2",0
566,"16",1.1129925206106,0,"3",0
566,"16",1.1129925206106,0,"4",0
566,"16",1.1129925206106,0,"5",0
566,"16",1.1129925206106,0,"6",0
567,"16",0.508257544570849,1,"1",0
567,"16",0.508257544570849,1,"2",0
567,"16",0.508257544570849,1,"3",0
568,"16",2.69006813328813,1,"1",0
568,"16",2.69006813328813,1,"2",0
568,"16",2.69006813328813,1,"3",0
568,"16",2.69006813328813,1,"4",0
569,"16",0.385484366609487,0,"1",0
569,"16",0.385484366609487,0,"2",0
569,"16",0.385484366609487,0,"3",0
569,"16",0.385484366609487,0,"4",0
569,"16",0.385484366609487,0,"5",0
569,"16",0.385484366609487,0,"6",0
570,"16",-1.1352605393743,1,"1",0
570,"16",-1.1352605393743,1,"2",0
570,"16",-1.1352605393743,1,"3",0
570,"16",-1.1352605393743,1,"4",0
570,"16",-1.1352605393743,1,"5",0
570,"16",-1.1352605393743,1,"6",0
571,"16",-1.00660566380302,0,"1",0
571,"16",-1.00660566380302,0,"2",0
571,"16",-1.00660566380302,0,"3",0
571,"16",-1.00660566380302,0,"4",0
571,"16",-1.00660566380302,0,"5",0
572,"16",-0.432407068102927,1,"1",1
573,"16",1.01002520258173,1,"1",0
573,"16",1.01002520258173,1,"2",0
573,"16",1.01002520258173,1,"3",0
574,"16",0.594657424655486,0,"1",0
574,"16",0.594657424655486,0,"2",0
574,"16",0.594657424655486,0,"3",1
575,"16",1.38560255895793,1,"1",0
575,"16",1.38560255895793,1,"2",0
575,"16",1.38560255895793,1,"3",0
575,"16",1.38560255895793,1,"4",0
576,"16",1.64166604598607,0,"1",0
576,"16",1.64166604598607,0,"2",0
576,"16",1.64166604598607,0,"3",1
577,"16",0.0452193946495374,0,"1",0
577,"16",0.0452193946495374,0,"2",0
577,"16",0.0452193946495374,0,"3",0
578,"16",1.2761619258829,0,"1",1
579,"16",0.0437320015677093,1,"1",0
579,"16",0.0437320015677093,1,"2",0
579,"16",0.0437320015677093,1,"3",0
579,"16",0.0437320015677093,1,"4",0
580,"16",1.19596141930404,1,"1",0
580,"16",1.19596141930404,1,"2",0
580,"16",1.19596141930404,1,"3",0
581,"16",-0.0491809156733344,0,"1",0
581,"16",-0.0491809156733344,0,"2",0
581,"16",-0.0491809156733344,0,"3",0
581,"16",-0.0491809156733344,0,"4",0
581,"16",-0.0491809156733344,0,"5",0
582,"16",-0.907240166703681,0,"1",0
582,"16",-0.907240166703681,0,"2",0
582,"16",-0.907240166703681,0,"3",0
583,"16",0.0223412709746033,1,"1",0
583,"16",0.0223412709746033,1,"2",0
583,"16",0.0223412709746033,1,"3",1
584,"16",-0.96954722939346,0,"1",0
584,"16",-0.96954722939346,0,"2",0
584,"16",-0.96954722939346,0,"3",0
584,"16",-0.96954722939346,0,"4",0
584,"16",-0.96954722939346,0,"5",0
584,"16",-0.96954722939346,0,"6",0
585,"16",0.42128608400876,1,"1",0
585,"16",0.42128608400876,1,"2",0
585,"16",0.42128608400876,1,"3",0
586,"16",1.15761156980904,1,"1",0
586,"16",1.15761156980904,1,"2",0
586,"16",1.15761156980904,1,"3",0
586,"16",1.15761156980904,1,"4",0
586,"16",1.15761156980904,1,"5",0
586,"16",1.15761156980904,1,"6",0
587,"16",-1.9977927442522,1,"1",0
587,"16",-1.9977927442522,1,"2",0
587,"16",-1.9977927442522,1,"3",0
587,"16",-1.9977927442522,1,"4",0
587,"16",-1.9977927442522,1,"5",0
588,"16",-0.808403505198553,1,"1",0
588,"16",-0.808403505198553,1,"2",0
588,"16",-0.808403505198553,1,"3",0
588,"16",-0.808403505198553,1,"4",0
588,"16",-0.808403505198553,1,"5",0
588,"16",-0.808403505198553,1,"6",0
589,"16",-0.918851202276315,0,"1",0
589,"16",-0.918851202276315,0,"2",1
590,"16",-0.402309046834907,0,"1",0
590,"16",-0.402309046834907,0,"2",0
590,"16",-0.402309046834907,0,"3",0
591,"16",-0.351535365061513,0,"1",0
591,"16",-0.351535365061513,0,"2",0
591,"16",-0.351535365061513,0,"3",0
592,"16",-0.191571391564589,0,"1",0
592,"16",-0.191571391564589,0,"2",0
592,"16",-0.191571391564589,0,"3",0
592,"16",-0.191571391564589,0,"4",0
592,"16",-0.191571391564589,0,"5",0
592,"16",-0.191571391564589,0,"6",0
593,"17",1.6635398387133,0,"1",1
594,"17",-0.196160901274301,0,"1",0
594,"17",-0.196160901274301,0,"2",0
594,"17",-0.196160901274301,0,"3",0
594,"17",-0.196160901274301,0,"4",0
595,"17",1.47028682396943,0,"1",1
596,"17",-1.06673011993397,0,"1",0
596,"17",-1.06673011993397,0,"2",0
596,"17",-1.06673011993397,0,"3",0
596,"17",-1.06673011993397,0,"4",0
596,"17",-1.06673011993397,0,"5",1
597,"17",0.33986211909549,0,"1",0
597,"17",0.33986211909549,0,"2",0
597,"17",0.33986211909549,0,"3",0
597,"17",0.33986211909549,0,"4",0
598,"17",-0.229042736065079,1,"1",0
598,"17",-0.229042736065079,1,"2",0
598,"17",-0.229042736065079,1,"3",0
598,"17",-0.229042736065079,1,"4",0
598,"17",-0.229042736065079,1,"5",0
598,"17",-0.229042736065079,1,"6",0
599,"17",0.607442450290454,1,"1",0
599,"17",0.607442450290454,1,"2",0
599,"17",0.607442450290454,1,"3",0
599,"17",0.607442450290454,1,"4",0
600,"17",0.380684608555073,0,"1",0
600,"17",0.380684608555073,0,"2",0
600,"17",0.380684608555073,0,"3",0
601,"17",-0.493396677866588,1,"1",0
601,"17",-0.493396677866588,1,"2",0
601,"17",-0.493396677866588,1,"3",0
601,"17",-0.493396677866588,1,"4",0
601,"17",-0.493396677866588,1,"5",0
601,"17",-0.493396677866588,1,"6",0
602,"17",0.896546707582673,0,"1",1
603,"17",0.0589054461608588,1,"1",0
603,"17",0.0589054461608588,1,"2",0
603,"17",0.0589054461608588,1,"3",0
603,"17",0.0589054461608588,1,"4",0
603,"17",0.0589054461608588,1,"5",0
603,"17",0.0589054461608588,1,"6",0
604,"17",-0.26279674999179,0,"1",0
604,"17",-0.26279674999179,0,"2",0
604,"17",-0.26279674999179,0,"3",1
605,"17",-0.623911662547141,1,"1",0
605,"17",-0.623911662547141,1,"2",0
605,"17",-0.623911662547141,1,"3",0
606,"17",-0.890436913062124,0,"1",0
606,"17",-0.890436913062124,0,"2",0
606,"17",-0.890436913062124,0,"3",0
606,"17",-0.890436913062124,0,"4",1
607,"17",-1.17135592102844,1,"1",0
607,"17",-1.17135592102844,1,"2",0
607,"17",-1.17135592102844,1,"3",0
607,"17",-1.17135592102844,1,"4",0
607,"17",-1.17135592102844,1,"5",0
607,"17",-1.17135592102844,1,"6",0
608,"17",1.717428800545,0,"1",1
609,"17",0.479689220024702,1,"1",0
609,"17",0.479689220024702,1,"2",0
609,"17",0.479689220024702,1,"3",0
609,"17",0.479689220024702,1,"4",0
609,"17",0.479689220024702,1,"5",0
610,"17",0.782050279271557,1,"1",0
610,"17",0.782050279271557,1,"2",0
610,"17",0.782050279271557,1,"3",0
611,"17",-1.49244239839289,0,"1",0
611,"17",-1.49244239839289,0,"2",0
611,"17",-1.49244239839289,0,"3",0
611,"17",-1.49244239839289,0,"4",0
611,"17",-1.49244239839289,0,"5",0
611,"17",-1.49244239839289,0,"6",0
612,"17",-1.08981764095788,1,"1",0
612,"17",-1.08981764095788,1,"2",0
612,"17",-1.08981764095788,1,"3",0
612,"17",-1.08981764095788,1,"4",0
612,"17",-1.08981764095788,1,"5",0
612,"17",-1.08981764095788,1,"6",0
613,"17",-1.13693054579884,0,"1",0
613,"17",-1.13693054579884,0,"2",0
613,"17",-1.13693054579884,0,"3",0
613,"17",-1.13693054579884,0,"4",0
613,"17",-1.13693054579884,0,"5",0
614,"17",-0.319820705378831,1,"1",0
614,"17",-0.319820705378831,1,"2",0
614,"17",-0.319820705378831,1,"3",0
615,"17",0.179176783646774,0,"1",0
615,"17",0.179176783646774,0,"2",0
615,"17",0.179176783646774,0,"3",0
616,"17",-0.708246517771827,1,"1",0
616,"17",-0.708246517771827,1,"2",0
616,"17",-0.708246517771827,1,"3",0
616,"17",-0.708246517771827,1,"4",0
616,"17",-0.708246517771827,1,"5",0
616,"17",-0.708246517771827,1,"6",0
617,"17",0.00518570563939653,0,"1",0
617,"17",0.00518570563939653,0,"2",0
617,"17",0.00518570563939653,0,"3",0
618,"18",1.19695970751327,0,"1",0
618,"18",1.19695970751327,0,"2",0
618,"18",1.19695970751327,0,"3",0
619,"18",-1.25016653017661,1,"1",0
619,"18",-1.25016653017661,1,"2",0
619,"18",-1.25016653017661,1,"3",0
619,"18",-1.25016653017661,1,"4",0
619,"18",-1.25016653017661,1,"5",0
620,"18",1.09447079544092,0,"1",1
621,"18",-0.393037853955198,0,"1",0
621,"18",-0.393037853955198,0,"2",0
621,"18",-0.393037853955198,0,"3",0
622,"18",-0.0675591628439857,1,"1",0
622,"18",-0.0675591628439857,1,"2",0
622,"18",-0.0675591628439857,1,"3",0
623,"18",1.35507086473151,1,"1",0
623,"18",1.35507086473151,1,"2",0
623,"18",1.35507086473151,1,"3",0
623,"18",1.35507086473151,1,"4",0
624,"18",-0.0267701745005564,1,"1",0
624,"18",-0.0267701745005564,1,"2",0
624,"18",-0.0267701745005564,1,"3",0
625,"18",0.197749945285834,0,"1",0
625,"18",0.197749945285834,0,"2",0
625,"18",0.197749945285834,0,"3",0
625,"18",0.197749945285834,0,"4",0
625,"18",0.197749945285834,0,"5",0
626,"18",0.665160110669405,1,"1",0
626,"18",0.665160110669405,1,"2",0
626,"18",0.665160110669405,1,"3",0
626,"18",0.665160110669405,1,"4",0
627,"18",0.223438958107361,1,"1",0
627,"18",0.223438958107361,1,"2",0
627,"18",0.223438958107361,1,"3",0
627,"18",0.223438958107361,1,"4",0
628,"18",-0.879675287983407,0,"1",0
628,"18",-0.879675287983407,0,"2",0
628,"18",-0.879675287983407,0,"3",0
628,"18",-0.879675287983407,0,"4",0
628,"18",-0.879675287983407,0,"5",0
629,"18",-0.153234546924812,1,"1",0
629,"18",-0.153234546924812,1,"2",0
629,"18",-0.153234546924812,1,"3",0
630,"18",-1.35224974401294,1,"1",0
630,"18",-1.35224974401294,1,"2",0
630,"18",-1.35224974401294,1,"3",0
630,"18",-1.35224974401294,1,"4",1
631,"18",-0.567683765473004,1,"1",0
631,"18",-0.567683765473004,1,"2",0
631,"18",-0.567683765473004,1,"3",0
631,"18",-0.567683765473004,1,"4",0
631,"18",-0.567683765473004,1,"5",0
631,"18",-0.567683765473004,1,"6",0
632,"18",0.491178721731339,0,"1",0
632,"18",0.491178721731339,0,"2",0
632,"18",0.491178721731339,0,"3",0
633,"18",1.32491303075978,1,"1",0
633,"18",1.32491303075978,1,"2",0
633,"18",1.32491303075978,1,"3",0
633,"18",1.32491303075978,1,"4",0
634,"18",0.700969218248077,0,"1",1
635,"18",-1.03878049977878,1,"1",0
635,"18",-1.03878049977878,1,"2",0
635,"18",-1.03878049977878,1,"3",0
635,"18",-1.03878049977878,1,"4",0
635,"18",-1.03878049977878,1,"5",0
636,"18",-0.840230204773891,0,"1",0
636,"18",-0.840230204773891,0,"2",1
637,"18",-1.25557464876694,0,"1",0
637,"18",-1.25557464876694,0,"2",0
637,"18",-1.25557464876694,0,"3",0
637,"18",-1.25557464876694,0,"4",0
637,"18",-1.25557464876694,0,"5",0
637,"18",-1.25557464876694,0,"6",0
638,"18",-1.57852622295552,0,"1",0
638,"18",-1.57852622295552,0,"2",0
638,"18",-1.57852622295552,0,"3",0
639,"18",-1.14648571174263,0,"1",0
639,"18",-1.14648571174263,0,"2",0
639,"18",-1.14648571174263,0,"3",0
639,"18",-1.14648571174263,0,"4",0
639,"18",-1.14648571174263,0,"5",0
639,"18",-1.14648571174263,0,"6",0
640,"18",0.737121292303774,0,"1",0
640,"18",0.737121292303774,0,"2",0
640,"18",0.737121292303774,0,"3",0
641,"18",-1.57752174936832,1,"1",0
641,"18",-1.57752174936832,1,"2",0
641,"18",-1.57752174936832,1,"3",0
641,"18",-1.57752174936832,1,"4",0
641,"18",-1.57752174936832,1,"5",0
642,"18",0.482371421625505,0,"1",0
642,"18",0.482371421625505,0,"2",0
642,"18",0.482371421625505,0,"3",0
642,"18",0.482371421625505,0,"4",0
643,"18",-0.303676079801673,1,"1",0
643,"18",-0.303676079801673,1,"2",0
643,"18",-0.303676079801673,1,"3",0
644,"18",-0.712131573646709,0,"1",0
644,"18",-0.712131573646709,0,"2",0
644,"18",-0.712131573646709,0,"3",0
644,"18",-0.712131573646709,0,"4",0
644,"18",-0.712131573646709,0,"5",0
645,"18",0.0267685933899428,1,"1",0
645,"18",0.0267685933899428,1,"2",0
645,"18",0.0267685933899428,1,"3",0
646,"18",-0.484829146677605,0,"1",0
646,"18",-0.484829146677605,0,"2",0
646,"18",-0.484829146677605,0,"3",0
646,"18",-0.484829146677605,0,"4",0
646,"18",-0.484829146677605,0,"5",0
647,"18",0.310625019919825,0,"1",0
647,"18",0.310625019919825,0,"2",0
647,"18",0.310625019919825,0,"3",0
647,"18",0.310625019919825,0,"4",0
647,"18",0.310625019919825,0,"5",0
647,"18",0.310625019919825,0,"6",0
648,"18",0.0628492208758183,1,"1",0
648,"18",0.0628492208758183,1,"2",0
648,"18",0.0628492208758183,1,"3",0
648,"18",0.0628492208758183,1,"4",0
648,"18",0.0628492208758183,1,"5",0
648,"18",0.0628492208758183,1,"6",0
649,"18",-0.0714333091062497,1,"1",0
649,"18",-0.0714333091062497,1,"2",0
649,"18",-0.0714333091062497,1,"3",1
650,"18",0.00578102522769838,1,"1",0
650,"18",0.00578102522769838,1,"2",0
650,"18",0.00578102522769838,1,"3",0
650,"18",0.00578102522769838,1,"4",0
651,"18",-1.03546859785541,0,"1",0
651,"18",-1.03546859785541,0,"2",0
651,"18",-1.03546859785541,0,"3",0
651,"18",-1.03546859785541,0,"4",0
652,"18",-0.986183381076836,1,"1",0
652,"18",-0.986183381076836,1,"2",0
652,"18",-0.986183381076836,1,"3",0
652,"18",-0.986183381076836,1,"4",0
652,"18",-0.986183381076836,1,"5",0
653,"18",0.445118449467068,1,"1",0
653,"18",0.445118449467068,1,"2",0
653,"18",0.445118449467068,1,"3",0
653,"18",0.445118449467068,1,"4",0
654,"18",1.24897871505508,1,"1",1
655,"18",-1.87079622562231,1,"1",0
655,"18",-1.87079622562231,1,"2",0
655,"18",-1.87079622562231,1,"3",0
655,"18",-1.87079622562231,1,"4",0
655,"18",-1.87079622562231,1,"5",1
656,"18",0.058703679723703,0,"1",0
656,"18",0.058703679723703,0,"2",0
656,"18",0.058703679723703,0,"3",0
656,"18",0.058703679723703,0,"4",0
656,"18",0.058703679723703,0,"5",0
656,"18",0.058703679723703,0,"6",0
657,"18",-0.0023252468973878,0,"1",0
657,"18",-0.0023252468973878,0,"2",0
657,"18",-0.0023252468973878,0,"3",0
657,"18",-0.0023252468973878,0,"4",0
657,"18",-0.0023252468973878,0,"5",0
657,"18",-0.0023252468973878,0,"6",0
658,"18",-1.95283377105027,0,"1",0
658,"18",-1.95283377105027,0,"2",0
658,"18",-1.95283377105027,0,"3",0
658,"18",-1.95283377105027,0,"4",0
658,"18",-1.95283377105027,0,"5",0
658,"18",-1.95283377105027,0,"6",0
659,"18",0.241409579539593,0,"1",1
660,"18",1.7137310043812,1,"1",1
661,"18",-0.77582106661881,1,"1",0
661,"18",-0.77582106661881,1,"2",0
661,"18",-0.77582106661881,1,"3",0
661,"18",-0.77582106661881,1,"4",0
661,"18",-0.77582106661881,1,"5",0
662,"18",0.0475017237130296,0,"1",0
662,"18",0.0475017237130296,0,"2",1
663,"18",-0.207579777688119,0,"1",0
663,"18",-0.207579777688119,0,"2",0
663,"18",-0.207579777688119,0,"3",0
664,"18",-1.21381290199064,0,"1",1
665,"18",1.54715252705279,0,"1",0
665,"18",1.54715252705279,0,"2",0
665,"18",1.54715252705279,0,"3",1
666,"18",0.804219948611607,0,"1",0
666,"18",0.804219948611607,0,"2",0
666,"18",0.804219948611607,0,"3",0
667,"18",-0.0506180464638271,1,"1",1
668,"18",-0.544154153516234,1,"1",0
668,"18",-0.544154153516234,1,"2",0
668,"18",-0.544154153516234,1,"3",0
668,"18",-0.544154153516234,1,"4",0
669,"18",0.00400638570130589,0,"1",0
669,"18",0.00400638570130589,0,"2",0
669,"18",0.00400638570130589,0,"3",0
669,"18",0.00400638570130589,0,"4",1
670,"18",0.209126094653623,0,"1",0
670,"18",0.209126094653623,0,"2",0
670,"18",0.209126094653623,0,"3",0
670,"18",0.209126094653623,0,"4",0
670,"18",0.209126094653623,0,"5",0
670,"18",0.209126094653623,0,"6",0
671,"19",0.017617535725839,0,"1",0
671,"19",0.017617535725839,0,"2",0
671,"19",0.017617535725839,0,"3",0
671,"19",0.017617535725839,0,"4",0
671,"19",0.017617535725839,0,"5",0
672,"19",0.303509394510056,0,"1",0
672,"19",0.303509394510056,0,"2",0
672,"19",0.303509394510056,0,"3",0
672,"19",0.303509394510056,0,"4",0
672,"19",0.303509394510056,0,"5",0
673,"19",0.03726547402326,1,"1",0
673,"19",0.03726547402326,1,"2",0
673,"19",0.03726547402326,1,"3",0
673,"19",0.03726547402326,1,"4",0
674,"19",-0.866481832233723,1,"1",0
674,"19",-0.866481832233723,1,"2",0
674,"19",-0.866481832233723,1,"3",0
674,"19",-0.866481832233723,1,"4",0
674,"19",-0.866481832233723,1,"5",0
675,"19",0.270044909055598,1,"1",0
675,"19",0.270044909055598,1,"2",0
675,"19",0.270044909055598,1,"3",0
676,"19",-1.48767353184702,0,"1",0
676,"19",-1.48767353184702,0,"2",0
676,"19",-1.48767353184702,0,"3",0
676,"19",-1.48767353184702,0,"4",0
676,"19",-1.48767353184702,0,"5",0
676,"19",-1.48767353184702,0,"6",0
677,"19",0.350866272560605,0,"1",0
677,"19",0.350866272560605,0,"2",0
677,"19",0.350866272560605,0,"3",0
677,"19",0.350866272560605,0,"4",0
677,"19",0.350866272560605,0,"5",0
678,"19",0.403267578826686,0,"1",0
678,"19",0.403267578826686,0,"2",1
679,"19",-1.16502145315232,0,"1",0
679,"19",-1.16502145315232,0,"2",0
679,"19",-1.16502145315232,0,"3",0
679,"19",-1.16502145315232,0,"4",0
680,"19",0.203442547211815,0,"1",0
680,"19",0.203442547211815,0,"2",0
680,"19",0.203442547211815,0,"3",0
681,"19",0.103900679657018,1,"1",0
681,"19",0.103900679657018,1,"2",0
681,"19",0.103900679657018,1,"3",0
681,"19",0.103900679657018,1,"4",0
682,"19",-1.82157314187547,1,"1",0
682,"19",-1.82157314187547,1,"2",0
682,"19",-1.82157314187547,1,"3",0
682,"19",-1.82157314187547,1,"4",0
682,"19",-1.82157314187547,1,"5",0
682,"19",-1.82157314187547,1,"6",0
683,"19",-0.399082597768331,1,"1",0
683,"19",-0.399082597768331,1,"2",0
683,"19",-0.399082597768331,1,"3",0
684,"19",0.753080518608928,0,"1",0
684,"19",0.753080518608928,0,"2",0
684,"19",0.753080518608928,0,"3",0
684,"19",0.753080518608928,0,"4",0
684,"19",0.753080518608928,0,"5",0
684,"19",0.753080518608928,0,"6",0
685,"19",0.498693099246555,1,"1",0
685,"19",0.498693099246555,1,"2",0
685,"19",0.498693099246555,1,"3",1
686,"19",0.556887471091478,1,"1",0
686,"19",0.556887471091478,1,"2",1
687,"19",0.812721476789048,1,"1",1
688,"19",-0.227972658172553,0,"1",0
688,"19",-0.227972658172553,0,"2",0
688,"19",-0.227972658172553,0,"3",0
688,"19",-0.227972658172553,0,"4",0
689,"19",1.71865854379695,1,"1",0
689,"19",1.71865854379695,1,"2",0
689,"19",1.71865854379695,1,"3",0
689,"19",1.71865854379695,1,"4",0
690,"19",-0.226407592582879,0,"1",0
690,"19",-0.226407592582879,0,"2",0
690,"19",-0.226407592582879,0,"3",0
691,"19",-0.0869107737317514,0,"1",0
691,"19",-0.0869107737317514,0,"2",0
691,"19",-0.0869107737317514,0,"3",0
692,"19",0.849043977887211,0,"1",0
692,"19",0.849043977887211,0,"2",0
692,"19",0.849043977887211,0,"3",0
692,"19",0.849043977887211,0,"4",0
692,"19",0.849043977887211,0,"5",0
693,"19",0.756130166089467,0,"1",0
693,"19",0.756130166089467,0,"2",0
693,"19",0.756130166089467,0,"3",0
693,"19",0.756130166089467,0,"4",0
693,"19",0.756130166089467,0,"5",0
693,"19",0.756130166089467,0,"6",0
694,"19",-0.946950263350872,1,"1",0
694,"19",-0.946950263350872,1,"2",0
694,"19",-0.946950263350872,1,"3",0
694,"19",-0.946950263350872,1,"4",0
694,"19",-0.946950263350872,1,"5",0
695,"19",-1.5090675916393,1,"1",0
695,"19",-1.5090675916393,1,"2",0
695,"19",-1.5090675916393,1,"3",0
695,"19",-1.5090675916393,1,"4",0
695,"19",-1.5090675916393,1,"5",0
696,"19",-0.2546332858535,1,"1",0
696,"19",-0.2546332858535,1,"2",0
696,"19",-0.2546332858535,1,"3",0
696,"19",-0.2546332858535,1,"4",0
697,"19",-0.0156378992975832,0,"1",0
697,"19",-0.0156378992975832,0,"2",0
697,"19",-0.0156378992975832,0,"3",0
698,"19",1.02135603697206,0,"1",0
698,"19",1.02135603697206,0,"2",0
698,"19",1.02135603697206,0,"3",0
698,"19",1.02135603697206,0,"4",0
698,"19",1.02135603697206,0,"5",0
699,"19",0.252981411690521,0,"1",0
699,"19",0.252981411690521,0,"2",0
699,"19",0.252981411690521,0,"3",0
699,"19",0.252981411690521,0,"4",0
700,"19",0.444905523439062,0,"1",1
701,"19",0.0531268933534401,1,"1",0
701,"19",0.0531268933534401,1,"2",0
701,"19",0.0531268933534401,1,"3",0
701,"19",0.0531268933534401,1,"4",0
702,"19",-1.40517784146177,0,"1",0
702,"19",-1.40517784146177,0,"2",0
702,"19",-1.40517784146177,0,"3",0
702,"19",-1.40517784146177,0,"4",0
703,"19",-0.852713479232365,0,"1",0
703,"19",-0.852713479232365,0,"2",0
703,"19",-0.852713479232365,0,"3",0
703,"19",-0.852713479232365,0,"4",0
703,"19",-0.852713479232365,0,"5",0
704,"19",-0.731087221615384,1,"1",0
704,"19",-0.731087221615384,1,"2",0
704,"19",-0.731087221615384,1,"3",0
704,"19",-0.731087221615384,1,"4",0
704,"19",-0.731087221615384,1,"5",0
704,"19",-0.731087221615384,1,"6",0
705,"19",-0.438110435223298,1,"1",0
705,"19",-0.438110435223298,1,"2",0
705,"19",-0.438110435223298,1,"3",0
705,"19",-0.438110435223298,1,"4",0
706,"19",-0.806605550711864,1,"1",0
706,"19",-0.806605550711864,1,"2",0
706,"19",-0.806605550711864,1,"3",0
706,"19",-0.806605550711864,1,"4",0
706,"19",-0.806605550711864,1,"5",0
706,"19",-0.806605550711864,1,"6",0
707,"19",1.54698290140305,1,"1",0
707,"19",1.54698290140305,1,"2",0
707,"19",1.54698290140305,1,"3",0
707,"19",1.54698290140305,1,"4",0
707,"19",1.54698290140305,1,"5",0
708,"19",-0.260775826601632,1,"1",0
708,"19",-0.260775826601632,1,"2",0
708,"19",-0.260775826601632,1,"3",0
708,"19",-0.260775826601632,1,"4",0
708,"19",-0.260775826601632,1,"5",0
708,"19",-0.260775826601632,1,"6",0
709,"20",0.0588784620609318,0,"1",0
709,"20",0.0588784620609318,0,"2",0
709,"20",0.0588784620609318,0,"3",0
709,"20",0.0588784620609318,0,"4",0
710,"20",-0.282512546052107,1,"1",0
710,"20",-0.282512546052107,1,"2",1
711,"20",0.537576606196578,0,"1",0
711,"20",0.537576606196578,0,"2",0
711,"20",0.537576606196578,0,"3",0
712,"20",0.272711263369364,0,"1",0
712,"20",0.272711263369364,0,"2",0
712,"20",0.272711263369364,0,"3",0
712,"20",0.272711263369364,0,"4",1
713,"20",-0.075573134649183,1,"1",0
713,"20",-0.075573134649183,1,"2",0
713,"20",-0.075573134649183,1,"3",0
714,"20",0.0981671385072714,0,"1",0
714,"20",0.0981671385072714,0,"2",0
714,"20",0.0981671385072714,0,"3",0
714,"20",0.0981671385072714,0,"4",0
714,"20",0.0981671385072714,0,"5",1
715,"20",-0.446904716049987,1,"1",0
715,"20",-0.446904716049987,1,"2",0
715,"20",-0.446904716049987,1,"3",0
715,"20",-0.446904716049987,1,"4",0
715,"20",-0.446904716049987,1,"5",0
715,"20",-0.446904716049987,1,"6",0
716,"20",-1.43663288445923,1,"1",0
716,"20",-1.43663288445923,1,"2",0
716,"20",-1.43663288445923,1,"3",0
716,"20",-1.43663288445923,1,"4",0
717,"20",-0.174058548999096,1,"1",0
717,"20",-0.174058548999096,1,"2",1
718,"20",0.418803444485968,0,"1",0
718,"20",0.418803444485968,0,"2",1
719,"20",0.780162677853509,1,"1",0
719,"20",0.780162677853509,1,"2",1
720,"20",-0.0938184313262438,1,"1",1
721,"20",-0.81265122004021,0,"1",0
721,"20",-0.81265122004021,0,"2",0
721,"20",-0.81265122004021,0,"3",0
721,"20",-0.81265122004021,0,"4",0
722,"20",-1.04465162013368,1,"1",0
722,"20",-1.04465162013368,1,"2",1
723,"20",1.21210884926083,1,"1",0
723,"20",1.21210884926083,1,"2",0
723,"20",1.21210884926083,1,"3",0
724,"20",-1.77963443938242,1,"1",0
724,"20",-1.77963443938242,1,"2",0
724,"20",-1.77963443938242,1,"3",0
725,"20",-1.17440041023938,0,"1",0
725,"20",-1.17440041023938,0,"2",0
725,"20",-1.17440041023938,0,"3",0
726,"20",1.51356416507896,0,"1",0
726,"20",1.51356416507896,0,"2",1
727,"20",-1.32576526423177,0,"1",0
727,"20",-1.32576526423177,0,"2",0
727,"20",-1.32576526423177,0,"3",0
727,"20",-1.32576526423177,0,"4",0
727,"20",-1.32576526423177,0,"5",0
727,"20",-1.32576526423177,0,"6",0
728,"20",0.329554820425972,0,"1",0
728,"20",0.329554820425972,0,"2",0
728,"20",0.329554820425972,0,"3",1
729,"20",-0.516549576174248,1,"1",0
729,"20",-0.516549576174248,1,"2",0
729,"20",-0.516549576174248,1,"3",0
729,"20",-0.516549576174248,1,"4",0
729,"20",-0.516549576174248,1,"5",0
729,"20",-0.516549576174248,1,"6",0
730,"20",-0.0703414963455192,1,"1",0
730,"20",-0.0703414963455192,1,"2",0
730,"20",-0.0703414963455192,1,"3",0
730,"20",-0.0703414963455192,1,"4",0
730,"20",-0.0703414963455192,1,"5",0
731,"20",1.40909421710607,1,"1",0
731,"20",1.40909421710607,1,"2",0
731,"20",1.40909421710607,1,"3",0
731,"20",1.40909421710607,1,"4",0
731,"20",1.40909421710607,1,"5",0
731,"20",1.40909421710607,1,"6",0
732,"20",-0.816869355617365,1,"1",0
732,"20",-0.816869355617365,1,"2",0
732,"20",-0.816869355617365,1,"3",0
732,"20",-0.816869355617365,1,"4",0
732,"20",-0.816869355617365,1,"5",0
733,"20",0.595994516720142,1,"1",0
733,"20",0.595994516720142,1,"2",0
733,"20",0.595994516720142,1,"3",0
734,"20",-0.947863166428152,1,"1",0
734,"20",-0.947863166428152,1,"2",0
734,"20",-0.947863166428152,1,"3",0
734,"20",-0.947863166428152,1,"4",0
734,"20",-0.947863166428152,1,"5",0
735,"20",1.27996570574066,1,"1",0
735,"20",1.27996570574066,1,"2",0
735,"20",1.27996570574066,1,"3",0
735,"20",1.27996570574066,1,"4",0
735,"20",1.27996570574066,1,"5",0
735,"20",1.27996570574066,1,"6",0
736,"20",0.411692674790302,0,"1",1
737,"20",-1.59616192175131,0,"1",0
737,"20",-1.59616192175131,0,"2",0
737,"20",-1.59616192175131,0,"3",0
737,"20",-1.59616192175131,0,"4",0
737,"20",-1.59616192175131,0,"5",0
738,"20",1.13388695570225,0,"1",0
738,"20",1.13388695570225,0,"2",1
739,"20",0.637603762398128,0,"1",0
739,"20",0.637603762398128,0,"2",0
739,"20",0.637603762398128,0,"3",0
739,"20",0.637603762398128,0,"4",1
740,"20",0.836226624249268,0,"1",0
740,"20",0.836226624249268,0,"2",0
740,"20",0.836226624249268,0,"3",1
741,"20",0.144093584725872,0,"1",0
741,"20",0.144093584725872,0,"2",1
742,"20",1.16245157939018,1,"1",1
743,"20",1.77119732878895,1,"1",0
743,"20",1.77119732878895,1,"2",0
743,"20",1.77119732878895,1,"3",1
744,"20",0.0712031558482804,1,"1",0
744,"20",0.0712031558482804,1,"2",0
744,"20",0.0712031558482804,1,"3",0
744,"20",0.0712031558482804,1,"4",0
744,"20",0.0712031558482804,1,"5",0
745,"20",0.0888426512364618,0,"1",1
746,"20",1.17641646586544,0,"1",1
747,"20",0.993342407173739,1,"1",0
747,"20",0.993342407173739,1,"2",0
747,"20",0.993342407173739,1,"3",0
747,"20",0.993342407173739,1,"4",0
747,"20",0.993342407173739,1,"5",0
747,"20",0.993342407173739,1,"6",0
748,"20",-0.183312099657951,0,"1",0
748,"20",-0.183312099657951,0,"2",0
748,"20",-0.183312099657951,0,"3",0
748,"20",-0.183312099657951,0,"4",0
749,"20",0.977833723810113,0,"1",1
750,"20",1.80561836626962,1,"1",0
750,"20",1.80561836626962,1,"2",0
750,"20",1.80561836626962,1,"3",0
750,"20",1.80561836626962,1,"4",0
751,"20",-2.00478204145684,1,"1",0
751,"20",-2.00478204145684,1,"2",0
751,"20",-2.00478204145684,1,"3",0
751,"20",-2.00478204145684,1,"4",0
751,"20",-2.00478204145684,1,"5",0
752,"20",-1.2416888054339,0,"1",0
752,"20",-1.2416888054339,0,"2",0
752,"20",-1.2416888054339,0,"3",0
752,"20",-1.2416888054339,0,"4",0
752,"20",-1.2416888054339,0,"5",0
752,"20",-1.2416888054339,0,"6",0
753,"20",1.07864651500463,1,"1",0
753,"20",1.07864651500463,1,"2",0
753,"20",1.07864651500463,1,"3",1
754,"21",0.181286386565935,1,"1",0
754,"21",0.181286386565935,1,"2",0
754,"21",0.181286386565935,1,"3",0
755,"21",-0.652241511396022,0,"1",0
755,"21",-0.652241511396022,0,"2",0
755,"21",-0.652241511396022,0,"3",0
755,"21",-0.652241511396022,0,"4",0
756,"21",-1.18838018262558,1,"1",0
756,"21",-1.18838018262558,1,"2",0
756,"21",-1.18838018262558,1,"3",0
757,"21",0.60956563903029,0,"1",0
757,"21",0.60956563903029,0,"2",0
757,"21",0.60956563903029,0,"3",0
757,"21",0.60956563903029,0,"4",0
758,"21",0.344180907936276,0,"1",0
758,"21",0.344180907936276,0,"2",0
758,"21",0.344180907936276,0,"3",0
758,"21",0.344180907936276,0,"4",0
758,"21",0.344180907936276,0,"5",0
758,"21",0.344180907936276,0,"6",0
759,"21",-0.551420325674494,0,"1",0
759,"21",-0.551420325674494,0,"2",0
759,"21",-0.551420325674494,0,"3",0
759,"21",-0.551420325674494,0,"4",0
759,"21",-0.551420325674494,0,"5",0
759,"21",-0.551420325674494,0,"6",0
760,"21",-2.84244352011528,1,"1",0
760,"21",-2.84244352011528,1,"2",0
760,"21",-2.84244352011528,1,"3",0
760,"21",-2.84244352011528,1,"4",0
760,"21",-2.84244352011528,1,"5",0
760,"21",-2.84244352011528,1,"6",0
761,"21",-2.44750595223745,1,"1",0
761,"21",-2.44750595223745,1,"2",0
761,"21",-2.44750595223745,1,"3",0
761,"21",-2.44750595223745,1,"4",0
761,"21",-2.44750595223745,1,"5",0
762,"21",-0.745434427175654,1,"1",0
762,"21",-0.745434427175654,1,"2",0
762,"21",-0.745434427175654,1,"3",0
762,"21",-0.745434427175654,1,"4",0
763,"21",0.730406430164743,0,"1",0
763,"21",0.730406430164743,0,"2",0
763,"21",0.730406430164743,0,"3",0
764,"21",0.183516341965745,1,"1",0
764,"21",0.183516341965745,1,"2",0
764,"21",0.183516341965745,1,"3",0
765,"21",0.712952237428664,0,"1",1
766,"21",0.787790011201697,0,"1",0
766,"21",0.787790011201697,0,"2",0
766,"21",0.787790011201697,0,"3",0
766,"21",0.787790011201697,0,"4",0
767,"21",2.28554967852133,0,"1",0
767,"21",2.28554967852133,0,"2",0
767,"21",2.28554967852133,0,"3",1
768,"21",0.388270973864617,1,"1",0
768,"21",0.388270973864617,1,"2",0
768,"21",0.388270973864617,1,"3",0
768,"21",0.388270973864617,1,"4",0
768,"21",0.388270973864617,1,"5",0
769,"21",-0.590060607142117,1,"1",0
769,"21",-0.590060607142117,1,"2",0
769,"21",-0.590060607142117,1,"3",0
769,"21",-0.590060607142117,1,"4",0
770,"21",-1.14200319320648,0,"1",0
770,"21",-1.14200319320648,0,"2",0
770,"21",-1.14200319320648,0,"3",0
771,"21",1.84958568605003,1,"1",0
771,"21",1.84958568605003,1,"2",0
771,"21",1.84958568605003,1,"3",0
771,"21",1.84958568605003,1,"4",0
771,"21",1.84958568605003,1,"5",0
772,"21",0.228675140717421,0,"1",0
772,"21",0.228675140717421,0,"2",0
772,"21",0.228675140717421,0,"3",0
772,"21",0.228675140717421,0,"4",0
773,"21",1.35589163353824,1,"1",0
773,"21",1.35589163353824,1,"2",0
773,"21",1.35589163353824,1,"3",0
774,"21",1.33431285346365,1,"1",0
774,"21",1.33431285346365,1,"2",0
774,"21",1.33431285346365,1,"3",0
774,"21",1.33431285346365,1,"4",0
774,"21",1.33431285346365,1,"5",0
775,"21",0.0394048953555031,1,"1",0
775,"21",0.0394048953555031,1,"2",0
775,"21",0.0394048953555031,1,"3",0
775,"21",0.0394048953555031,1,"4",0
776,"21",0.148380445112804,0,"1",0
776,"21",0.148380445112804,0,"2",0
776,"21",0.148380445112804,0,"3",0
776,"21",0.148380445112804,0,"4",0
776,"21",0.148380445112804,0,"5",0
777,"21",-0.0019503569490448,1,"1",0
777,"21",-0.0019503569490448,1,"2",0
777,"21",-0.0019503569490448,1,"3",0
777,"21",-0.0019503569490448,1,"4",0
778,"21",1.78896624453858,0,"1",0
778,"21",1.78896624453858,0,"2",0
778,"21",1.78896624453858,0,"3",0
778,"21",1.78896624453858,0,"4",0
778,"21",1.78896624453858,0,"5",0
778,"21",1.78896624453858,0,"6",0
779,"21",-0.895084867572632,0,"1",0
779,"21",-0.895084867572632,0,"2",0
779,"21",-0.895084867572632,0,"3",0
779,"21",-0.895084867572632,0,"4",0
780,"21",-0.653672527144882,1,"1",0
780,"21",-0.653672527144882,1,"2",0
780,"21",-0.653672527144882,1,"3",0
780,"21",-0.653672527144882,1,"4",0
780,"21",-0.653672527144882,1,"5",0
781,"21",-1.12533645942329,0,"1",0
781,"21",-1.12533645942329,0,"2",0
781,"21",-1.12533645942329,0,"3",0
781,"21",-1.12533645942329,0,"4",0
782,"21",0.219858252086411,0,"1",0
782,"21",0.219858252086411,0,"2",0
782,"21",0.219858252086411,0,"3",0
782,"21",0.219858252086411,0,"4",0
783,"21",-0.290768729525694,0,"1",0
783,"21",-0.290768729525694,0,"2",0
783,"21",-0.290768729525694,0,"3",0
783,"21",-0.290768729525694,0,"4",0
783,"21",-0.290768729525694,0,"5",0
784,"22",1.36279461214532,1,"1",0
784,"22",1.36279461214532,1,"2",0
784,"22",1.36279461214532,1,"3",0
784,"22",1.36279461214532,1,"4",0
784,"22",1.36279461214532,1,"5",0
784,"22",1.36279461214532,1,"6",1
785,"22",0.0396130535641196,1,"1",0
785,"22",0.0396130535641196,1,"2",0
785,"22",0.0396130535641196,1,"3",0
786,"22",0.0617826854871707,1,"1",0
786,"22",0.0617826854871707,1,"2",0
786,"22",0.0617826854871707,1,"3",0
786,"22",0.0617826854871707,1,"4",0
787,"22",1.50082143005317,1,"1",0
787,"22",1.50082143005317,1,"2",1
788,"22",1.31250453465914,0,"1",0
788,"22",1.31250453465914,0,"2",0
788,"22",1.31250453465914,0,"3",0
788,"22",1.31250453465914,0,"4",1
789,"22",-1.87107562856867,1,"1",0
789,"22",-1.87107562856867,1,"2",0
789,"22",-1.87107562856867,1,"3",0
789,"22",-1.87107562856867,1,"4",0
790,"22",0.366403044184409,0,"1",0
790,"22",0.366403044184409,0,"2",0
790,"22",0.366403044184409,0,"3",0
790,"22",0.366403044184409,0,"4",0
791,"22",-0.758184887949485,1,"1",0
791,"22",-0.758184887949485,1,"2",0
791,"22",-0.758184887949485,1,"3",0
792,"22",0.86034600466772,1,"1",0
792,"22",0.86034600466772,1,"2",0
792,"22",0.86034600466772,1,"3",0
792,"22",0.86034600466772,1,"4",0
792,"22",0.86034600466772,1,"5",0
792,"22",0.86034600466772,1,"6",0
793,"22",-0.892224625744141,1,"1",0
793,"22",-0.892224625744141,1,"2",0
793,"22",-0.892224625744141,1,"3",0
793,"22",-0.892224625744141,1,"4",0
794,"22",0.419785505649053,1,"1",0
794,"22",0.419785505649053,1,"2",0
794,"22",0.419785505649053,1,"3",0
795,"22",-0.559435867508475,1,"1",0
795,"22",-0.559435867508475,1,"2",0
795,"22",-0.559435867508475,1,"3",0
795,"22",-0.559435867508475,1,"4",0
795,"22",-0.559435867508475,1,"5",0
795,"22",-0.559435867508475,1,"6",0
796,"22",0.527356969094041,0,"1",0
796,"22",0.527356969094041,0,"2",0
796,"22",0.527356969094041,0,"3",0
796,"22",0.527356969094041,0,"4",0
796,"22",0.527356969094041,0,"5",1
797,"22",0.998015057551969,0,"1",0
797,"22",0.998015057551969,0,"2",0
797,"22",0.998015057551969,0,"3",0
797,"22",0.998015057551969,0,"4",0
798,"22",-0.397103990684017,0,"1",0
798,"22",-0.397103990684017,0,"2",0
798,"22",-0.397103990684017,0,"3",0
798,"22",-0.397103990684017,0,"4",0
799,"22",-0.200395920901824,0,"1",0
799,"22",-0.200395920901824,0,"2",0
799,"22",-0.200395920901824,0,"3",0
800,"22",0.273475369834067,0,"1",0
800,"22",0.273475369834067,0,"2",0
800,"22",0.273475369834067,0,"3",0
800,"22",0.273475369834067,0,"4",0
801,"22",-0.330798975830726,0,"1",0
801,"22",-0.330798975830726,0,"2",0
801,"22",-0.330798975830726,0,"3",0
802,"22",-0.120998892299209,1,"1",0
802,"22",-0.120998892299209,1,"2",0
802,"22",-0.120998892299209,1,"3",0
802,"22",-0.120998892299209,1,"4",0
802,"22",-0.120998892299209,1,"5",1
803,"22",-1.54108036562611,0,"1",0
803,"22",-1.54108036562611,0,"2",0
803,"22",-1.54108036562611,0,"3",0
803,"22",-1.54108036562611,0,"4",0
803,"22",-1.54108036562611,0,"5",0
804,"22",0.308238972570023,0,"1",0
804,"22",0.308238972570023,0,"2",0
804,"22",0.308238972570023,0,"3",0
804,"22",0.308238972570023,0,"4",0
804,"22",0.308238972570023,0,"5",0
804,"22",0.308238972570023,0,"6",0
805,"22",0.00259643003469513,0,"1",0
805,"22",0.00259643003469513,0,"2",0
805,"22",0.00259643003469513,0,"3",0
805,"22",0.00259643003469513,0,"4",0
806,"22",0.365357900799593,1,"1",0
806,"22",0.365357900799593,1,"2",0
806,"22",0.365357900799593,1,"3",0
807,"22",-1.18583880160541,0,"1",0
807,"22",-1.18583880160541,0,"2",1
808,"22",-1.07656428042281,0,"1",0
808,"22",-1.07656428042281,0,"2",0
808,"22",-1.07656428042281,0,"3",0
809,"22",-0.74290840924156,0,"1",0
809,"22",-0.74290840924156,0,"2",0
809,"22",-0.74290840924156,0,"3",0
809,"22",-0.74290840924156,0,"4",0
810,"22",0.113338985598774,1,"1",0
810,"22",0.113338985598774,1,"2",0
810,"22",0.113338985598774,1,"3",0
811,"22",-0.246134068763979,0,"1",0
811,"22",-0.246134068763979,0,"2",0
811,"22",-0.246134068763979,0,"3",0
812,"22",-1.34559760286328,0,"1",0
812,"22",-1.34559760286328,0,"2",0
812,"22",-1.34559760286328,0,"3",0
812,"22",-1.34559760286328,0,"4",0
813,"22",1.6716732139522,0,"1",1
814,"22",-0.692989046211367,1,"1",0
814,"22",-0.692989046211367,1,"2",0
814,"22",-0.692989046211367,1,"3",0
815,"22",-0.906242953573817,1,"1",0
815,"22",-0.906242953573817,1,"2",0
815,"22",-0.906242953573817,1,"3",0
815,"22",-0.906242953573817,1,"4",0
815,"22",-0.906242953573817,1,"5",0
815,"22",-0.906242953573817,1,"6",0
816,"23",0.719992252914698,1,"1",0
816,"23",0.719992252914698,1,"2",0
816,"23",0.719992252914698,1,"3",0
816,"23",0.719992252914698,1,"4",0
816,"23",0.719992252914698,1,"5",0
817,"23",-1.29970471166162,1,"1",0
817,"23",-1.29970471166162,1,"2",0
817,"23",-1.29970471166162,1,"3",0
818,"23",1.68189675232735,1,"1",0
818,"23",1.68189675232735,1,"2",0
818,"23",1.68189675232735,1,"3",0
818,"23",1.68189675232735,1,"4",0
818,"23",1.68189675232735,1,"5",0
818,"23",1.68189675232735,1,"6",0
819,"23",-0.0790745931827656,0,"1",0
819,"23",-0.0790745931827656,0,"2",0
819,"23",-0.0790745931827656,0,"3",0
819,"23",-0.0790745931827656,0,"4",0
819,"23",-0.0790745931827656,0,"5",0
819,"23",-0.0790745931827656,0,"6",0
820,"23",-1.12056378671252,0,"1",0
820,"23",-1.12056378671252,0,"2",0
820,"23",-1.12056378671252,0,"3",0
820,"23",-1.12056378671252,0,"4",0
821,"23",1.74029275063307,1,"1",0
821,"23",1.74029275063307,1,"2",0
821,"23",1.74029275063307,1,"3",0
821,"23",1.74029275063307,1,"4",0
821,"23",1.74029275063307,1,"5",1
822,"23",-1.31969223919953,0,"1",0
822,"23",-1.31969223919953,0,"2",0
822,"23",-1.31969223919953,0,"3",0
822,"23",-1.31969223919953,0,"4",0
823,"23",1.3411007801363,1,"1",0
823,"23",1.3411007801363,1,"2",0
823,"23",1.3411007801363,1,"3",0
823,"23",1.3411007801363,1,"4",0
824,"23",0.401603669580807,1,"1",0
824,"23",0.401603669580807,1,"2",0
824,"23",0.401603669580807,1,"3",0
824,"23",0.401603669580807,1,"4",1
825,"23",-0.479550929637299,0,"1",0
825,"23",-0.479550929637299,0,"2",0
825,"23",-0.479550929637299,0,"3",0
825,"23",-0.479550929637299,0,"4",0
826,"23",-1.36715726850703,1,"1",0
826,"23",-1.36715726850703,1,"2",0
826,"23",-1.36715726850703,1,"3",0
827,"23",-0.797868615571947,0,"1",0
827,"23",-0.797868615571947,0,"2",0
827,"23",-0.797868615571947,0,"3",0
827,"23",-0.797868615571947,0,"4",0
827,"23",-0.797868615571947,0,"5",0
828,"23",0.237268252664665,1,"1",0
828,"23",0.237268252664665,1,"2",0
828,"23",0.237268252664665,1,"3",0
828,"23",0.237268252664665,1,"4",0
829,"23",-1.04939555251658,0,"1",0
829,"23",-1.04939555251658,0,"2",0
829,"23",-1.04939555251658,0,"3",0
829,"23",-1.04939555251658,0,"4",0
829,"23",-1.04939555251658,0,"5",0
830,"23",-0.284294248677414,1,"1",0
830,"23",-0.284294248677414,1,"2",0
830,"23",-0.284294248677414,1,"3",0
830,"23",-0.284294248677414,1,"4",0
831,"23",-0.995598397392477,0,"1",0
831,"23",-0.995598397392477,0,"2",0
831,"23",-0.995598397392477,0,"3",0
831,"23",-0.995598397392477,0,"4",0
831,"23",-0.995598397392477,0,"5",0
831,"23",-0.995598397392477,0,"6",0
832,"23",-0.122943294565053,0,"1",0
832,"23",-0.122943294565053,0,"2",1
833,"23",-0.450807441263109,0,"1",0
833,"23",-0.450807441263109,0,"2",0
833,"23",-0.450807441263109,0,"3",0
833,"23",-0.450807441263109,0,"4",0
833,"23",-0.450807441263109,0,"5",0
833,"23",-0.450807441263109,0,"6",0
834,"23",-0.273585958485227,1,"1",0
834,"23",-0.273585958485227,1,"2",0
834,"23",-0.273585958485227,1,"3",0
834,"23",-0.273585958485227,1,"4",0
834,"23",-0.273585958485227,1,"5",0
834,"23",-0.273585958485227,1,"6",0
835,"23",0.877798975538244,1,"1",0
835,"23",0.877798975538244,1,"2",0
835,"23",0.877798975538244,1,"3",0
836,"23",-0.646760511959069,0,"1",0
836,"23",-0.646760511959069,0,"2",0
836,"23",-0.646760511959069,0,"3",0
836,"23",-0.646760511959069,0,"4",0
836,"23",-0.646760511959069,0,"5",0
836,"23",-0.646760511959069,0,"6",0
837,"23",0.910037130719655,1,"1",0
837,"23",0.910037130719655,1,"2",0
837,"23",0.910037130719655,1,"3",0
837,"23",0.910037130719655,1,"4",0
837,"23",0.910037130719655,1,"5",0
837,"23",0.910037130719655,1,"6",1
838,"23",0.317595196294967,1,"1",0
838,"23",0.317595196294967,1,"2",0
838,"23",0.317595196294967,1,"3",0
838,"23",0.317595196294967,1,"4",0
838,"23",0.317595196294967,1,"5",0
839,"23",0.0325999392904096,0,"1",0
839,"23",0.0325999392904096,0,"2",0
839,"23",0.0325999392904096,0,"3",0
840,"23",1.16772075803202,1,"1",0
840,"23",1.16772075803202,1,"2",0
840,"23",1.16772075803202,1,"3",0
840,"23",1.16772075803202,1,"4",0
841,"23",-0.0919761094746218,0,"1",0
841,"23",-0.0919761094746218,0,"2",0
841,"23",-0.0919761094746218,0,"3",0
841,"23",-0.0919761094746218,0,"4",0
842,"23",0.857202180385507,0,"1",0
842,"23",0.857202180385507,0,"2",0
842,"23",0.857202180385507,0,"3",0
842,"23",0.857202180385507,0,"4",0
842,"23",0.857202180385507,0,"5",0
842,"23",0.857202180385507,0,"6",0
843,"23",1.27802907618196,1,"1",0
843,"23",1.27802907618196,1,"2",0
843,"23",1.27802907618196,1,"3",0
843,"23",1.27802907618196,1,"4",0
843,"23",1.27802907618196,1,"5",1
844,"23",-0.421000288765593,0,"1",0
844,"23",-0.421000288765593,0,"2",0
844,"23",-0.421000288765593,0,"3",0
844,"23",-0.421000288765593,0,"4",0
845,"23",0.986157253297375,1,"1",0
845,"23",0.986157253297375,1,"2",0
845,"23",0.986157253297375,1,"3",0
845,"23",0.986157253297375,1,"4",1
846,"23",-1.1475190019938,0,"1",0
846,"23",-1.1475190019938,0,"2",0
846,"23",-1.1475190019938,0,"3",0
846,"23",-1.1475190019938,0,"4",0
847,"23",-1.55300183412659,1,"1",0
847,"23",-1.55300183412659,1,"2",0
847,"23",-1.55300183412659,1,"3",0
847,"23",-1.55300183412659,1,"4",0
847,"23",-1.55300183412659,1,"5",0
847,"23",-1.55300183412659,1,"6",0
848,"23",-0.664275098616887,0,"1",0
848,"23",-0.664275098616887,0,"2",0
848,"23",-0.664275098616887,0,"3",0
848,"23",-0.664275098616887,0,"4",0
848,"23",-0.664275098616887,0,"5",0
849,"23",-0.667159401904278,0,"1",0
849,"23",-0.667159401904278,0,"2",0
849,"23",-0.667159401904278,0,"3",0
849,"23",-0.667159401904278,0,"4",0
849,"23",-0.667159401904278,0,"5",0
849,"23",-0.667159401904278,0,"6",0
850,"23",-0.179415559929202,1,"1",0
850,"23",-0.179415559929202,1,"2",0
850,"23",-0.179415559929202,1,"3",0
850,"23",-0.179415559929202,1,"4",0
850,"23",-0.179415559929202,1,"5",0
850,"23",-0.179415559929202,1,"6",0
851,"23",0.636771912798335,0,"1",0
851,"23",0.636771912798335,0,"2",0
851,"23",0.636771912798335,0,"3",0
851,"23",0.636771912798335,0,"4",1
852,"23",-0.781698364254729,0,"1",0
852,"23",-0.781698364254729,0,"2",0
852,"23",-0.781698364254729,0,"3",0
852,"23",-0.781698364254729,0,"4",0
852,"23",-0.781698364254729,0,"5",0
852,"23",-0.781698364254729,0,"6",0
853,"23",0.344104253721586,0,"1",0
853,"23",0.344104253721586,0,"2",0
853,"23",0.344104253721586,0,"3",0
853,"23",0.344104253721586,0,"4",0
854,"23",-0.993476967516412,0,"1",0
854,"23",-0.993476967516412,0,"2",0
854,"23",-0.993476967516412,0,"3",0
854,"23",-0.993476967516412,0,"4",0
854,"23",-0.993476967516412,0,"5",0
854,"23",-0.993476967516412,0,"6",0
855,"23",-1.60180403172238,0,"1",0
855,"23",-1.60180403172238,0,"2",0
855,"23",-1.60180403172238,0,"3",1
856,"23",0.513148343529473,1,"1",0
856,"23",0.513148343529473,1,"2",1
857,"24",1.87528104407116,0,"1",1
858,"24",1.21256497778697,0,"1",0
858,"24",1.21256497778697,0,"2",1
859,"24",-1.77323177703323,1,"1",0
859,"24",-1.77323177703323,1,"2",0
859,"24",-1.77323177703323,1,"3",0
860,"24",-1.71631089399711,0,"1",0
860,"24",-1.71631089399711,0,"2",0
860,"24",-1.71631089399711,0,"3",0
860,"24",-1.71631089399711,0,"4",0
860,"24",-1.71631089399711,0,"5",0
861,"24",0.785510328614761,1,"1",0
861,"24",0.785510328614761,1,"2",0
861,"24",0.785510328614761,1,"3",0
862,"24",1.01828618153272,0,"1",1
863,"24",-1.45266287748734,0,"1",0
863,"24",-1.45266287748734,0,"2",0
863,"24",-1.45266287748734,0,"3",0
863,"24",-1.45266287748734,0,"4",0
863,"24",-1.45266287748734,0,"5",1
864,"24",-0.137353678956673,0,"1",0
864,"24",-0.137353678956673,0,"2",0
864,"24",-0.137353678956673,0,"3",0
864,"24",-0.137353678956673,0,"4",0
864,"24",-0.137353678956673,0,"5",0
865,"24",-0.317437607330309,1,"1",0
865,"24",-0.317437607330309,1,"2",0
865,"24",-0.317437607330309,1,"3",0
866,"24",0.337770481640921,0,"1",0
866,"24",0.337770481640921,0,"2",0
866,"24",0.337770481640921,0,"3",1
867,"24",-1.10960181973061,1,"1",0
867,"24",-1.10960181973061,1,"2",0
867,"24",-1.10960181973061,1,"3",0
867,"24",-1.10960181973061,1,"4",0
867,"24",-1.10960181973061,1,"5",0
868,"24",1.11723280878176,0,"1",0
868,"24",1.11723280878176,0,"2",0
868,"24",1.11723280878176,0,"3",0
869,"24",0.0886317236338644,1,"1",1
870,"24",0.00975057430703837,1,"1",0
870,"24",0.00975057430703837,1,"2",0
870,"24",0.00975057430703837,1,"3",0
870,"24",0.00975057430703837,1,"4",0
871,"24",-0.747984171948017,1,"1",0
871,"24",-0.747984171948017,1,"2",0
871,"24",-0.747984171948017,1,"3",0
871,"24",-0.747984171948017,1,"4",0
872,"24",0.370737789915068,0,"1",0
872,"24",0.370737789915068,0,"2",1
873,"24",-0.459940418393721,1,"1",0
873,"24",-0.459940418393721,1,"2",0
873,"24",-0.459940418393721,1,"3",0
874,"24",1.71372391560358,1,"1",0
874,"24",1.71372391560358,1,"2",0
874,"24",1.71372391560358,1,"3",0
874,"24",1.71372391560358,1,"4",1
875,"24",1.29632133378064,1,"1",0
875,"24",1.29632133378064,1,"2",0
875,"24",1.29632133378064,1,"3",0
876,"24",-0.739315025043409,1,"1",0
876,"24",-0.739315025043409,1,"2",0
876,"24",-0.739315025043409,1,"3",0
877,"24",-0.651713847537102,0,"1",0
877,"24",-0.651713847537102,0,"2",0
877,"24",-0.651713847537102,0,"3",0
877,"24",-0.651713847537102,0,"4",0
877,"24",-0.651713847537102,0,"5",0
877,"24",-0.651713847537102,0,"6",0
878,"24",0.657816250455987,0,"1",1
879,"24",0.910029169913645,1,"1",0
879,"24",0.910029169913645,1,"2",0
879,"24",0.910029169913645,1,"3",0
879,"24",0.910029169913645,1,"4",1
880,"24",-0.260173736359952,0,"1",0
880,"24",-0.260173736359952,0,"2",0
880,"24",-0.260173736359952,0,"3",0
880,"24",-0.260173736359952,0,"4",0
880,"24",-0.260173736359952,0,"5",0
880,"24",-0.260173736359952,0,"6",0
881,"24",-0.713327041902115,1,"1",0
881,"24",-0.713327041902115,1,"2",0
881,"24",-0.713327041902115,1,"3",0
882,"24",0.555329178552897,1,"1",0
882,"24",0.555329178552897,1,"2",1
883,"24",-1.86889705815836,1,"1",0
883,"24",-1.86889705815836,1,"2",0
883,"24",-1.86889705815836,1,"3",0
883,"24",-1.86889705815836,1,"4",0
884,"24",0.746549188100258,1,"1",0
884,"24",0.746549188100258,1,"2",0
884,"24",0.746549188100258,1,"3",0
884,"24",0.746549188100258,1,"4",0
885,"24",-1.13490870306004,1,"1",0
885,"24",-1.13490870306004,1,"2",0
885,"24",-1.13490870306004,1,"3",0
885,"24",-1.13490870306004,1,"4",0
885,"24",-1.13490870306004,1,"5",0
886,"24",-0.906822905254675,1,"1",0
886,"24",-0.906822905254675,1,"2",0
886,"24",-0.906822905254675,1,"3",0
886,"24",-0.906822905254675,1,"4",0
886,"24",-0.906822905254675,1,"5",0
886,"24",-0.906822905254675,1,"6",0
887,"24",-3.31588319359033,1,"1",0
887,"24",-3.31588319359033,1,"2",0
887,"24",-3.31588319359033,1,"3",0
888,"24",1.21233130563828,1,"1",0
888,"24",1.21233130563828,1,"2",0
888,"24",1.21233130563828,1,"3",0
888,"24",1.21233130563828,1,"4",1
889,"24",0.660045976290141,0,"1",0
889,"24",0.660045976290141,0,"2",0
889,"24",0.660045976290141,0,"3",0
889,"24",0.660045976290141,0,"4",0
889,"24",0.660045976290141,0,"5",0
890,"24",0.657278802971884,1,"1",0
890,"24",0.657278802971884,1,"2",0
890,"24",0.657278802971884,1,"3",0
891,"24",1.22957064818027,0,"1",0
891,"24",1.22957064818027,0,"2",1
892,"24",0.387385187813462,0,"1",0
892,"24",0.387385187813462,0,"2",1
893,"24",0.381100936097528,0,"1",0
893,"24",0.381100936097528,0,"2",0
893,"24",0.381100936097528,0,"3",0
