"id_poliza","anio","tstart","tstop","expo_anual","n_partes_anual","edad_t","antig_veh_t","en_riesgo"
1,1,0,1,1,1,33,6,1
1,2,1,1.082,0.082,0,34,7,1
2,1,0,1,1,0,44,12,1
2,2,1,2,1,0,45,13,1
2,3,2,3,1,0,46,14,1
2,4,3,4,1,0,47,15,1
2,5,4,5,1,0,48,16,1
2,6,5,6,1,0,49,17,1
2,7,6,6.687,0.687,0,50,18,1
3,1,0,1,1,1,62,6,1
3,2,1,2,1,1,63,7,1
3,3,2,3,1,2,64,8,1
3,4,3,4,1,0,65,9,1
3,5,4,5,1,0,66,10,1
3,6,5,5.732,0.732,0,67,11,1
4,1,0,1,1,0,25,9,1
4,2,1,1.397,0.397,0,26,10,1
5,1,0,1,1,0,66,10,1
5,2,1,1.968,0.968,0,67,11,1
6,1,0,1,1,1,25,6,1
6,2,1,2,1,0,26,7,1
6,3,2,3,1,0,27,8,1
6,4,3,3.159,0.159,0,28,9,1
7,1,0,1,1,1,18,11,1
7,2,1,2,1,0,19,12,1
7,3,2,3,1,1,20,13,1
7,4,3,3.821,0.821,1,21,14,1
8,1,0,1,1,0,44,10,1
8,2,1,2,1,0,45,11,1
8,3,2,3,1,0,46,12,1
8,4,3,4,1,0,47,13,1
8,5,4,5,1,0,48,14,1
8,6,5,6,1,0,49,15,1
8,7,6,7,1,0,50,16,1
8,8,7,7.807,0.807,0,51,17,1
9,1,0,1,1,0,49,19,1
9,2,1,2,1,0,50,20,1
9,3,2,3,1,0,51,21,1
9,4,3,4,1,0,52,22,1
9,5,4,4.022,0.022,0,53,23,1
10,1,0,1,1,0,36,4,1
10,2,1,2,1,0,37,5,1
10,3,2,3,1,0,38,6,1
10,4,3,4,1,0,39,7,1
10,5,4,4.42,0.42,0,40,8,1
11,1,0,1,1,0,77,7,1
11,2,1,2,1,1,78,8,1
11,3,2,3,1,0,79,9,1
11,4,3,3.143,0.143,0,80,10,1
12,1,0,1,1,0,36,12,1
12,2,1,2,1,0,37,13,1
12,3,2,2.729,0.729,1,38,14,1
13,1,0,1,1,0,39,19,1
13,2,1,1.834,0.834,0,40,20,1
14,1,0,1,1,0,63,4,1
14,2,1,2,1,0,64,5,1
14,3,2,3,1,0,65,6,1
14,4,3,4,1,0,66,7,1
14,5,4,5,1,0,67,8,1
14,6,5,5.996,0.996,0,68,9,1
15,1,0,1,1,0,54,7,1
15,2,1,2,1,0,55,8,1
15,3,2,3,1,0,56,9,1
15,4,3,4,1,0,57,10,1
15,5,4,5,1,0,58,11,1
15,6,5,6,1,0,59,12,1
15,7,6,7,1,0,60,13,1
15,8,7,7.02,0.02,0,61,14,1
16,1,0,1,1,0,31,6,1
16,2,1,2,1,1,32,7,1
16,3,2,3,1,0,33,8,1
16,4,3,3.94,0.94,1,34,9,1
17,1,0,1,1,0,48,6,1
17,2,1,2,1,0,49,7,1
17,3,2,3,1,0,50,8,1
17,4,3,4,1,0,51,9,1
17,5,4,4.561,0.561,0,52,10,1
18,1,0,1,1,0,31,14,1
18,2,1,2,1,0,32,15,1
18,3,2,3,1,0,33,16,1
18,4,3,4,1,0,34,17,1
18,5,4,5,1,0,35,18,1
18,6,5,6,1,0,36,19,1
18,7,6,7,1,0,37,20,1
18,8,7,8,1,0,38,21,1
18,9,8,8.745,0.745,0,39,22,1
19,1,0,1,1,0,60,6,1
19,2,1,2,1,0,61,7,1
19,3,2,3,1,0,62,8,1
19,4,3,3.271,0.271,0,63,9,1
20,1,0,1,1,0,61,0,1
20,2,1,2,1,0,62,1,1
20,3,2,3,1,0,63,2,1
20,4,3,4,1,0,64,3,1
20,5,4,4.982,0.982,0,65,4,1
21,1,0,1,1,1,32,17,1
21,2,1,2,1,0,33,18,1
21,3,2,3,1,0,34,19,1
21,4,3,4,1,0,35,20,1
21,5,4,5,1,0,36,21,1
21,6,5,6,1,1,37,22,1
21,7,6,7,1,0,38,23,1
21,8,7,7.151,0.151,0,39,24,1
22,1,0,1,1,0,32,10,1
22,2,1,2,1,1,33,11,1
22,3,2,3,1,1,34,12,1
22,4,3,3.409,0.409,0,35,13,1
23,1,0,1,1,0,32,9,1
23,2,1,1.813,0.813,1,33,10,1
24,1,0,1,1,0,79,15,1
24,2,1,2,1,0,80,16,1
24,3,2,2.837,0.837,0,81,17,1
25,1,0,1,1,1,18,5,1
25,2,1,1.324,0.324,0,19,6,1
26,1,0,0.557,0.557,0,70,4,1
27,1,0,1,1,0,78,3,1
27,2,1,2,1,0,79,4,1
27,3,2,3,1,0,80,5,1
27,4,3,4,1,0,81,6,1
27,5,4,5,1,0,82,7,1
27,6,5,6,1,0,83,8,1
27,7,6,7,1,0,84,9,1
27,8,7,8,1,0,85,10,1
27,9,8,9,1,0,86,11,1
27,10,9,9.05,0.05,0,87,12,1
28,1,0,1,1,0,69,9,1
28,2,1,2,1,2,70,10,1
28,3,2,3,1,1,71,11,1
28,4,3,4,1,0,72,12,1
28,5,4,5,1,2,73,13,1
28,6,5,6,1,0,74,14,1
28,7,6,6.206,0.206,1,75,15,1
29,1,0,1,1,0,36,12,1
29,2,1,2,1,0,37,13,1
29,3,2,2.104,0.104,0,38,14,1
30,1,0,1,1,0,31,11,1
30,2,1,2,1,0,32,12,1
30,3,2,3,1,0,33,13,1
30,4,3,4,1,0,34,14,1
30,5,4,5,1,0,35,15,1
30,6,5,6,1,0,36,16,1
30,7,6,6.349,0.349,0,37,17,1
31,1,0,1,1,0,20,12,1
31,2,1,2,1,0,21,13,1
31,3,2,2.168,0.168,0,22,14,1
32,1,0,1,1,0,54,0,1
32,2,1,2,1,0,55,1,1
32,3,2,3,1,0,56,2,1
32,4,3,4,1,0,57,3,1
32,5,4,4.871,0.871,0,58,4,1
33,1,0,1,1,0,48,9,1
33,2,1,2,1,0,49,10,1
33,3,2,2.581,0.581,0,50,11,1
34,1,0,1,1,0,38,7,1
34,2,1,2,1,0,39,8,1
34,3,2,3,1,0,40,9,1
34,4,3,4,1,0,41,10,1
34,5,4,5,1,0,42,11,1
34,6,5,6,1,0,43,12,1
34,7,6,7,1,0,44,13,1
34,8,7,7.244,0.244,0,45,14,1
35,1,0,1,1,0,55,18,1
35,2,1,2,1,0,56,19,1
35,3,2,3,1,0,57,20,1
35,4,3,4,1,0,58,21,1
35,5,4,4.537,0.537,0,59,22,1
36,1,0,1,1,0,37,7,1
36,2,1,2,1,0,38,8,1
36,3,2,3,1,0,39,9,1
36,4,3,4,1,1,40,10,1
36,5,4,4.889,0.889,0,41,11,1
37,1,0,1,1,0,34,8,1
37,2,1,2,1,0,35,9,1
37,3,2,2.974,0.974,0,36,10,1
38,1,0,1,1,0,30,4,1
38,2,1,2,1,0,31,5,1
38,3,2,3,1,0,32,6,1
38,4,3,4,1,0,33,7,1
38,5,4,4.299,0.299,0,34,8,1
39,1,0,1,1,0,43,8,1
39,2,1,2,1,0,44,9,1
39,3,2,2.013,0.013,0,45,10,1
40,1,0,1,1,1,48,14,1
40,2,1,2,1,0,49,15,1
40,3,2,3,1,0,50,16,1
40,4,3,4,1,0,51,17,1
40,5,4,5,1,0,52,18,1
40,6,5,5.262,0.262,0,53,19,1
41,1,0,1,1,0,41,9,1
41,2,1,2,1,0,42,10,1
41,3,2,3,1,0,43,11,1
41,4,3,4,1,0,44,12,1
41,5,4,5,1,0,45,13,1
41,6,5,6,1,0,46,14,1
41,7,6,7,1,0,47,15,1
41,8,7,8,1,0,48,16,1
41,9,8,9,1,0,49,17,1
41,10,9,9.182,0.182,0,50,18,1
42,1,0,1,1,0,18,2,1
42,2,1,2,1,0,19,3,1
42,3,2,2.355,0.355,0,20,4,1
43,1,0,1,1,0,49,11,1
43,2,1,1.709,0.709,0,50,12,1
44,1,0,1,1,0,40,12,1
44,2,1,2,1,0,41,13,1
44,3,2,3,1,0,42,14,1
44,4,3,4,1,0,43,15,1
44,5,4,5,1,0,44,16,1
44,6,5,6,1,0,45,17,1
44,7,6,7,1,0,46,18,1
44,8,7,8,1,0,47,19,1
44,9,8,8.249,0.249,0,48,20,1
45,1,0,1,1,0,55,10,1
45,2,1,2,1,0,56,11,1
45,3,2,3,1,0,57,12,1
45,4,3,4,1,0,58,13,1
45,5,4,5,1,0,59,14,1
45,6,5,5.248,0.248,0,60,15,1
46,1,0,1,1,0,46,10,1
46,2,1,2,1,0,47,11,1
46,3,2,3,1,0,48,12,1
46,4,3,3.757,0.757,0,49,13,1
47,1,0,1,1,0,54,14,1
47,2,1,2,1,0,55,15,1
47,3,2,2.164,0.164,0,56,16,1
48,1,0,1,1,1,43,9,1
48,2,1,2,1,0,44,10,1
48,3,2,3,1,0,45,11,1
48,4,3,3.015,0.015,0,46,12,1
49,1,0,1,1,2,75,5,1
49,2,1,2,1,1,76,6,1
49,3,2,3,1,1,77,7,1
49,4,3,4,1,0,78,8,1
49,5,4,4.966,0.966,1,79,9,1
50,1,0,1,1,0,52,6,1
50,2,1,2,1,1,53,7,1
50,3,2,2.516,0.516,0,54,8,1
51,1,0,1,1,0,61,3,1
51,2,1,2,1,0,62,4,1
51,3,2,3,1,0,63,5,1
51,4,3,4,1,1,64,6,1
51,5,4,5,1,0,65,7,1
51,6,5,6,1,0,66,8,1
51,7,6,7,1,0,67,9,1
51,8,7,8,1,0,68,10,1
51,9,8,8.518,0.518,0,69,11,1
52,1,0,1,1,0,47,9,1
52,2,1,2,1,0,48,10,1
52,3,2,3,1,0,49,11,1
52,4,3,4,1,0,50,12,1
52,5,4,5,1,0,51,13,1
52,6,5,6,1,0,52,14,1
52,7,6,6.476,0.476,0,53,15,1
53,1,0,1,1,0,21,17,1
53,2,1,1.744,0.744,0,22,18,1
54,1,0,1,1,0,42,14,1
54,2,1,2,1,0,43,15,1
54,3,2,3,1,0,44,16,1
54,4,3,4,1,0,45,17,1
54,5,4,5,1,0,46,18,1
54,6,5,6,1,0,47,19,1
54,7,6,6.558,0.558,0,48,20,1
55,1,0,1,1,0,55,11,1
55,2,1,1.544,0.544,0,56,12,1
56,1,0,1,1,0,31,13,1
56,2,1,2,1,0,32,14,1
56,3,2,3,1,0,33,15,1
56,4,3,4,1,0,34,16,1
56,5,4,4.219,0.219,0,35,17,1
57,1,0,1,1,0,33,2,1
57,2,1,2,1,0,34,3,1
57,3,2,2.752,0.752,0,35,4,1
58,1,0,1,1,0,57,14,1
58,2,1,2,1,0,58,15,1
58,3,2,3,1,0,59,16,1
58,4,3,4,1,0,60,17,1
58,5,4,5,1,0,61,18,1
58,6,5,6,1,0,62,19,1
58,7,6,6.642,0.642,0,63,20,1
59,1,0,1,1,0,65,5,1
59,2,1,2,1,0,66,6,1
59,3,2,2.978,0.978,0,67,7,1
60,1,0,1,1,0,32,2,1
60,2,1,2,1,0,33,3,1
60,3,2,3,1,0,34,4,1
60,4,3,4,1,0,35,5,1
60,5,4,5,1,0,36,6,1
60,6,5,6,1,0,37,7,1
60,7,6,7,1,0,38,8,1
60,8,7,7.787,0.787,0,39,9,1
61,1,0,1,1,0,29,6,1
61,2,1,2,1,0,30,7,1
61,3,2,2.333,0.333,0,31,8,1
62,1,0,1,1,0,32,9,1
62,2,1,2,1,0,33,10,1
62,3,2,3,1,0,34,11,1
62,4,3,3.494,0.494,0,35,12,1
63,1,0,1,1,0,53,5,1
63,2,1,2,1,0,54,6,1
63,3,2,3,1,0,55,7,1
63,4,3,4,1,0,56,8,1
63,5,4,5,1,0,57,9,1
63,6,5,6,1,0,58,10,1
63,7,6,6.541,0.541,0,59,11,1
64,1,0,1,1,0,42,7,1
64,2,1,2,1,0,43,8,1
64,3,2,3,1,1,44,9,1
64,4,3,3.774,0.774,0,45,10,1
65,1,0,1,1,0,33,12,1
65,2,1,2,1,0,34,13,1
65,3,2,3,1,0,35,14,1
65,4,3,4,1,0,36,15,1
65,5,4,5,1,0,37,16,1
65,6,5,5.797,0.797,0,38,17,1
66,1,0,1,1,0,33,12,1
66,2,1,2,1,0,34,13,1
66,3,2,3,1,0,35,14,1
66,4,3,4,1,0,36,15,1
66,5,4,5,1,0,37,16,1
66,6,5,5.021,0.021,0,38,17,1
67,1,0,1,1,0,29,14,1
67,2,1,1.717,0.717,0,30,15,1
68,1,0,1,1,1,43,2,1
68,2,1,2,1,0,44,3,1
68,3,2,3,1,0,45,4,1
68,4,3,4,1,0,46,5,1
68,5,4,4.085,0.085,0,47,6,1
69,1,0,1,1,0,57,4,1
69,2,1,2,1,0,58,5,1
69,3,2,3,1,0,59,6,1
69,4,3,3.932,0.932,0,60,7,1
70,1,0,1,1,1,26,6,1
70,2,1,1.274,0.274,0,27,7,1
71,1,0,1,1,0,41,5,1
71,2,1,2,1,0,42,6,1
71,3,2,3,1,0,43,7,1
71,4,3,4,1,0,44,8,1
71,5,4,5,1,0,45,9,1
71,6,5,6,1,0,46,10,1
71,7,6,7,1,0,47,11,1
71,8,7,7.612,0.612,0,48,12,1
72,1,0,1,1,0,41,10,1
72,2,1,2,1,0,42,11,1
72,3,2,3,1,0,43,12,1
72,4,3,4,1,0,44,13,1
72,5,4,5,1,0,45,14,1
72,6,5,6,1,0,46,15,1
72,7,6,7,1,0,47,16,1
72,8,7,8,1,0,48,17,1
72,9,8,9,1,0,49,18,1
72,10,9,9.52,0.52,0,50,19,1
73,1,0,1,1,0,56,10,1
73,2,1,2,1,0,57,11,1
73,3,2,3,1,0,58,12,1
73,4,3,4,1,1,59,13,1
73,5,4,5,1,0,60,14,1
73,6,5,6,1,0,61,15,1
73,7,6,6.82,0.82,0,62,16,1
74,1,0,1,1,1,27,1,1
74,2,1,1.904,0.904,0,28,2,1
75,1,0,1,1,0,25,3,1
75,2,1,2,1,0,26,4,1
75,3,2,3,1,1,27,5,1
75,4,3,4,1,1,28,6,1
75,5,4,5,1,0,29,7,1
75,6,5,6,1,0,30,8,1
75,7,6,7,1,0,31,9,1
75,8,7,7.39,0.39,0,32,10,1
76,1,0,1,1,1,47,13,1
76,2,1,2,1,0,48,14,1
76,3,2,2.352,0.352,0,49,15,1
77,1,0,1,1,0,58,2,1
77,2,1,2,1,0,59,3,1
77,3,2,3,1,0,60,4,1
77,4,3,4,1,0,61,5,1
77,5,4,5,1,0,62,6,1
77,6,5,6,1,0,63,7,1
77,7,6,7,1,0,64,8,1
77,8,7,8,1,0,65,9,1
77,9,8,8.198,0.198,0,66,10,1
78,1,0,1,1,0,68,3,1
78,2,1,2,1,0,69,4,1
78,3,2,2.553,0.553,0,70,5,1
79,1,0,1,1,0,41,10,1
79,2,1,2,1,0,42,11,1
79,3,2,3,1,0,43,12,1
79,4,3,4,1,0,44,13,1
79,5,4,4.74,0.74,0,45,14,1
80,1,0,1,1,0,46,14,1
80,2,1,2,1,0,47,15,1
80,3,2,3,1,0,48,16,1
80,4,3,4,1,0,49,17,1
80,5,4,5,1,0,50,18,1
80,6,5,5.004,0.004,0,51,19,1
81,1,0,1,1,0,37,3,1
81,2,1,2,1,0,38,4,1
81,3,2,3,1,0,39,5,1
81,4,3,4,1,0,40,6,1
81,5,4,5,1,1,41,7,1
81,6,5,6,1,1,42,8,1
81,7,6,7,1,0,43,9,1
81,8,7,8,1,1,44,10,1
81,9,8,8.132,0.132,0,45,11,1
82,1,0,1,1,0,46,8,1
82,2,1,1.302,0.302,0,47,9,1
83,1,0,1,1,0,37,14,1
83,2,1,2,1,0,38,15,1
83,3,2,3,1,0,39,16,1
83,4,3,4,1,0,40,17,1
83,5,4,5,1,0,41,18,1
83,6,5,6,1,0,42,19,1
83,7,6,7,1,0,43,20,1
83,8,7,8,1,0,44,21,1
83,9,8,8.428,0.428,0,45,22,1
84,1,0,1,1,0,55,10,1
84,2,1,2,1,0,56,11,1
84,3,2,3,1,0,57,12,1
84,4,3,3.833,0.833,0,58,13,1
85,1,0,1,1,0,46,9,1
85,2,1,2,1,0,47,10,1
85,3,2,3,1,0,48,11,1
85,4,3,4,1,0,49,12,1
85,5,4,4.964,0.964,0,50,13,1
86,1,0,1,1,1,43,5,1
86,2,1,2,1,1,44,6,1
86,3,2,3,1,1,45,7,1
86,4,3,3.677,0.677,0,46,8,1
87,1,0,1,1,0,26,2,1
87,2,1,1.273,0.273,0,27,3,1
88,1,0,1,1,0,44,4,1
88,2,1,2,1,0,45,5,1
88,3,2,3,1,0,46,6,1
88,4,3,4,1,0,47,7,1
88,5,4,4.097,0.097,0,48,8,1
89,1,0,1,1,1,48,0,1
89,2,1,2,1,0,49,1,1
89,3,2,3,1,0,50,2,1
89,4,3,4,1,0,51,3,1
89,5,4,4.245,0.245,0,52,4,1
90,1,0,1,1,0,69,6,1
90,2,1,1.986,0.986,0,70,7,1
91,1,0,1,1,0,42,13,1
91,2,1,2,1,0,43,14,1
91,3,2,2.67,0.67,0,44,15,1
92,1,0,1,1,0,50,0,1
92,2,1,2,1,0,51,1,1
92,3,2,3,1,0,52,2,1
92,4,3,4,1,0,53,3,1
92,5,4,5,1,1,54,4,1
92,6,5,5.316,0.316,0,55,5,1
93,1,0,1,1,1,50,7,1
93,2,1,1.188,0.188,0,51,8,1
94,1,0,1,1,0,43,2,1
94,2,1,2,1,0,44,3,1
94,3,2,2.499,0.499,0,45,4,1
95,1,0,1,1,0,46,0,1
95,2,1,2,1,1,47,1,1
95,3,2,3,1,0,48,2,1
95,4,3,4,1,1,49,3,1
95,5,4,4.8,0.8,2,50,4,1
96,1,0,1,1,0,47,3,1
96,2,1,2,1,0,48,4,1
96,3,2,3,1,0,49,5,1
96,4,3,4,1,0,50,6,1
96,5,4,5,1,0,51,7,1
96,6,5,6,1,0,52,8,1
96,7,6,6.221,0.221,0,53,9,1
97,1,0,1,1,0,64,23,1
97,2,1,1.353,0.353,0,65,24,1
98,1,0,1,1,0,57,8,1
98,2,1,2,1,0,58,9,1
98,3,2,3,1,0,59,10,1
98,4,3,4,1,0,60,11,1
98,5,4,5,1,0,61,12,1
98,6,5,5.076,0.076,0,62,13,1
99,1,0,0.298,0.298,0,39,13,1
100,1,0,1,1,0,26,6,1
100,2,1,2,1,0,27,7,1
100,3,2,2.203,0.203,0,28,8,1
101,1,0,1,1,0,51,19,1
101,2,1,2,1,0,52,20,1
101,3,2,3,1,0,53,21,1
101,4,3,4,1,0,54,22,1
101,5,4,5,1,0,55,23,1
101,6,5,6,1,0,56,24,1
101,7,6,7,1,0,57,25,1
101,8,7,7.495,0.495,0,58,26,1
102,1,0,1,1,0,33,4,1
102,2,1,2,1,0,34,5,1
102,3,2,2.57,0.57,0,35,6,1
103,1,0,1,1,0,35,0,1
103,2,1,2,1,0,36,1,1
103,3,2,3,1,0,37,2,1
103,4,3,4,1,0,38,3,1
103,5,4,5,1,0,39,4,1
103,6,5,6,1,0,40,5,1
103,7,6,7,1,0,41,6,1
103,8,7,7.918,0.918,0,42,7,1
104,1,0,1,1,0,55,13,1
104,2,1,2,1,0,56,14,1
104,3,2,3,1,0,57,15,1
104,4,3,4,1,0,58,16,1
104,5,4,5,1,0,59,17,1
104,6,5,5.2,0.2,0,60,18,1
105,1,0,1,1,0,58,2,1
105,2,1,2,1,1,59,3,1
105,3,2,3,1,0,60,4,1
105,4,3,3.282,0.282,0,61,5,1
106,1,0,1,1,0,18,8,1
106,2,1,2,1,0,19,9,1
106,3,2,3,1,1,20,10,1
106,4,3,4,1,0,21,11,1
106,5,4,5,1,0,22,12,1
106,6,5,6,1,1,23,13,1
106,7,6,6.954,0.954,0,24,14,1
107,1,0,1,1,0,45,2,1
107,2,1,1.571,0.571,0,46,3,1
108,1,0,1,1,0,41,4,1
108,2,1,2,1,0,42,5,1
108,3,2,3,1,0,43,6,1
108,4,3,4,1,0,44,7,1
108,5,4,5,1,0,45,8,1
108,6,5,6,1,0,46,9,1
108,7,6,6.446,0.446,0,47,10,1
109,1,0,1,1,0,41,0,1
109,2,1,2,1,0,42,1,1
109,3,2,3,1,0,43,2,1
109,4,3,4,1,0,44,3,1
109,5,4,5,1,0,45,4,1
109,6,5,5.854,0.854,0,46,5,1
110,1,0,1,1,0,55,7,1
110,2,1,2,1,0,56,8,1
110,3,2,2.35,0.35,0,57,9,1
111,1,0,1,1,0,38,12,1
111,2,1,2,1,0,39,13,1
111,3,2,2.725,0.725,0,40,14,1
112,1,0,1,1,0,57,5,1
112,2,1,1.232,0.232,0,58,6,1
113,1,0,1,1,0,60,8,1
113,2,1,2,1,0,61,9,1
113,3,2,3,1,0,62,10,1
113,4,3,3.602,0.602,0,63,11,1
114,1,0,1,1,1,33,14,1
114,2,1,2,1,0,34,15,1
114,3,2,3,1,1,35,16,1
114,4,3,4,1,1,36,17,1
114,5,4,5,1,0,37,18,1
114,6,5,6,1,1,38,19,1
114,7,6,6.467,0.467,1,39,20,1
115,1,0,1,1,0,58,0,1
115,2,1,2,1,0,59,1,1
115,3,2,3,1,0,60,2,1
115,4,3,4,1,0,61,3,1
115,5,4,5,1,0,62,4,1
115,6,5,5.653,0.653,0,63,5,1
116,1,0,1,1,0,40,11,1
116,2,1,2,1,0,41,12,1
116,3,2,3,1,1,42,13,1
116,4,3,4,1,0,43,14,1
116,5,4,5,1,0,44,15,1
116,6,5,6,1,0,45,16,1
116,7,6,7,1,0,46,17,1
116,8,7,8,1,0,47,18,1
116,9,8,8.898,0.898,1,48,19,1
117,1,0,1,1,0,49,2,1
117,2,1,2,1,0,50,3,1
117,3,2,3,1,0,51,4,1
117,4,3,3.972,0.972,0,52,5,1
118,1,0,1,1,0,63,10,1
118,2,1,2,1,0,64,11,1
118,3,2,2.433,0.433,1,65,12,1
119,1,0,1,1,0,58,14,1
119,2,1,2,1,1,59,15,1
119,3,2,3,1,0,60,16,1
119,4,3,3.169,0.169,0,61,17,1
120,1,0,1,1,0,69,11,1
120,2,1,2,1,0,70,12,1
120,3,2,2.15,0.15,0,71,13,1
121,1,0,1,1,0,88,8,1
121,2,1,1.091,0.091,0,89,9,1
122,1,0,1,1,0,36,10,1
122,2,1,2,1,0,37,11,1
122,3,2,3,1,0,38,12,1
122,4,3,4,1,0,39,13,1
122,5,4,5,1,0,40,14,1
122,6,5,6,1,0,41,15,1
122,7,6,7,1,0,42,16,1
122,8,7,7.261,0.261,0,43,17,1
123,1,0,1,1,0,64,15,1
123,2,1,2,1,0,65,16,1
123,3,2,3,1,0,66,17,1
123,4,3,4,1,0,67,18,1
123,5,4,5,1,0,68,19,1
123,6,5,6,1,0,69,20,1
123,7,6,6.355,0.355,0,70,21,1
124,1,0,1,1,0,38,6,1
124,2,1,2,1,0,39,7,1
124,3,2,3,1,0,40,8,1
124,4,3,3.506,0.506,1,41,9,1
125,1,0,1,1,0,49,10,1
125,2,1,2,1,0,50,11,1
125,3,2,3,1,0,51,12,1
125,4,3,4,1,0,52,13,1
125,5,4,5,1,0,53,14,1
125,6,5,5.935,0.935,0,54,15,1
126,1,0,1,1,0,32,1,1
126,2,1,2,1,0,33,2,1
126,3,2,2.36,0.36,0,34,3,1
127,1,0,1,1,0,47,13,1
127,2,1,2,1,1,48,14,1
127,3,2,3,1,0,49,15,1
127,4,3,4,1,0,50,16,1
127,5,4,4.367,0.367,1,51,17,1
128,1,0,1,1,0,67,7,1
128,2,1,2,1,0,68,8,1
128,3,2,3,1,0,69,9,1
128,4,3,4,1,0,70,10,1
128,5,4,4.766,0.766,0,71,11,1
129,1,0,1,1,0,19,4,1
129,2,1,2,1,0,20,5,1
129,3,2,3,1,0,21,6,1
129,4,3,4,1,0,22,7,1
129,5,4,4.975,0.975,0,23,8,1
130,1,0,1,1,0,38,11,1
130,2,1,2,1,0,39,12,1
130,3,2,2.1,0.1,0,40,13,1
131,1,0,1,1,0,60,9,1
131,2,1,2,1,1,61,10,1
131,3,2,3,1,0,62,11,1
131,4,3,3.69,0.69,0,63,12,1
132,1,0,1,1,0,34,19,1
132,2,1,2,1,0,35,20,1
132,3,2,3,1,0,36,21,1
132,4,3,4,1,0,37,22,1
132,5,4,4.818,0.818,1,38,23,1
133,1,0,1,1,0,43,6,1
133,2,1,2,1,0,44,7,1
133,3,2,3,1,1,45,8,1
133,4,3,4,1,0,46,9,1
133,5,4,4.69,0.69,0,47,10,1
134,1,0,1,1,0,35,6,1
134,2,1,1.453,0.453,0,36,7,1
135,1,0,1,1,0,80,7,1
135,2,1,2,1,0,81,8,1
135,3,2,3,1,0,82,9,1
135,4,3,3.718,0.718,0,83,10,1
136,1,0,0.579,0.579,0,23,5,1
137,1,0,1,1,0,42,9,1
137,2,1,2,1,0,43,10,1
137,3,2,3,1,0,44,11,1
137,4,3,4,1,0,45,12,1
137,5,4,4.51,0.51,0,46,13,1
138,1,0,1,1,0,23,6,1
138,2,1,2,1,0,24,7,1
138,3,2,3,1,1,25,8,1
138,4,3,4,1,0,26,9,1
138,5,4,5,1,0,27,10,1
138,6,5,6,1,0,28,11,1
138,7,6,7,1,0,29,12,1
138,8,7,7.995,0.995,0,30,13,1
139,1,0,1,1,1,57,2,1
139,2,1,2,1,1,58,3,1
139,3,2,3,1,0,59,4,1
139,4,3,4,1,0,60,5,1
139,5,4,5,1,0,61,6,1
139,6,5,6,1,0,62,7,1
139,7,6,7,1,0,63,8,1
139,8,7,8,1,0,64,9,1
139,9,8,8.522,0.522,1,65,10,1
140,1,0,1,1,0,43,0,1
140,2,1,2,1,0,44,1,1
140,3,2,3,1,0,45,2,1
140,4,3,4,1,0,46,3,1
140,5,4,5,1,0,47,4,1
140,6,5,6,1,1,48,5,1
140,7,6,6.981,0.981,0,49,6,1
141,1,0,1,1,0,61,18,1
141,2,1,2,1,0,62,19,1
141,3,2,2.722,0.722,0,63,20,1
142,1,0,1,1,0,77,9,1
142,2,1,2,1,0,78,10,1
142,3,2,2.436,0.436,0,79,11,1
143,1,0,1,1,0,74,9,1
143,2,1,1.207,0.207,0,75,10,1
144,1,0,1,1,0,49,0,1
144,2,1,2,1,0,50,1,1
144,3,2,3,1,0,51,2,1
144,4,3,4,1,0,52,3,1
144,5,4,5,1,0,53,4,1
144,6,5,6,1,0,54,5,1
144,7,6,7,1,0,55,6,1
144,8,7,8,1,0,56,7,1
144,9,8,9,1,0,57,8,1
144,10,9,9.772,0.772,0,58,9,1
145,1,0,1,1,0,50,14,1
145,2,1,2,1,1,51,15,1
145,3,2,3,1,0,52,16,1
145,4,3,4,1,0,53,17,1
145,5,4,5,1,1,54,18,1
145,6,5,6,1,0,55,19,1
145,7,6,7,1,0,56,20,1
145,8,7,7.686,0.686,0,57,21,1
146,1,0,1,1,0,58,2,1
146,2,1,2,1,0,59,3,1
146,3,2,3,1,0,60,4,1
146,4,3,4,1,1,61,5,1
146,5,4,4.139,0.139,0,62,6,1
147,1,0,1,1,0,32,11,1
147,2,1,2,1,0,33,12,1
147,3,2,3,1,0,34,13,1
147,4,3,3.491,0.491,0,35,14,1
148,1,0,1,1,0,34,10,1
148,2,1,1.014,0.014,0,35,11,1
149,1,0,1,1,0,22,11,1
149,2,1,2,1,0,23,12,1
149,3,2,3,1,0,24,13,1
149,4,3,4,1,0,25,14,1
149,5,4,5,1,0,26,15,1
149,6,5,6,1,1,27,16,1
149,7,6,7,1,0,28,17,1
149,8,7,7.427,0.427,0,29,18,1
150,1,0,1,1,0,51,18,1
150,2,1,2,1,0,52,19,1
150,3,2,3,1,0,53,20,1
150,4,3,3.229,0.229,0,54,21,1
151,1,0,1,1,0,30,0,1
151,2,1,2,1,0,31,1,1
151,3,2,2.419,0.419,0,32,2,1
152,1,0,1,1,0,49,3,1
152,2,1,2,1,0,50,4,1
152,3,2,2.847,0.847,0,51,5,1
153,1,0,0.68,0.68,0,41,0,1
154,1,0,1,1,0,46,2,1
154,2,1,2,1,0,47,3,1
154,3,2,3,1,0,48,4,1
154,4,3,3.618,0.618,0,49,5,1
155,1,0,1,1,0,87,9,1
155,2,1,2,1,0,88,10,1
155,3,2,3,1,0,89,11,1
155,4,3,4,1,0,90,12,1
155,5,4,5,1,0,91,13,1
155,6,5,6,1,0,92,14,1
155,7,6,6.287,0.287,0,93,15,1
156,1,0,0.651,0.651,0,50,12,1
157,1,0,1,1,0,30,10,1
157,2,1,2,1,0,31,11,1
157,3,2,3,1,0,32,12,1
157,4,3,4,1,0,33,13,1
157,5,4,5,1,0,34,14,1
157,6,5,5.353,0.353,0,35,15,1
158,1,0,1,1,0,45,6,1
158,2,1,2,1,0,46,7,1
158,3,2,3,1,0,47,8,1
158,4,3,4,1,0,48,9,1
158,5,4,4.508,0.508,0,49,10,1
159,1,0,1,1,1,32,10,1
159,2,1,1.199,0.199,0,33,11,1
160,1,0,1,1,0,31,14,1
160,2,1,2,1,0,32,15,1
160,3,2,3,1,0,33,16,1
160,4,3,4,1,0,34,17,1
160,5,4,4.601,0.601,0,35,18,1
161,1,0,1,1,0,57,5,1
161,2,1,1.843,0.843,0,58,6,1
162,1,0,1,1,1,59,10,1
162,2,1,2,1,1,60,11,1
162,3,2,3,1,0,61,12,1
162,4,3,4,1,0,62,13,1
162,5,4,5,1,0,63,14,1
162,6,5,5.908,0.908,0,64,15,1
163,1,0,1,1,0,47,14,1
163,2,1,2,1,0,48,15,1
163,3,2,3,1,0,49,16,1
163,4,3,3.344,0.344,0,50,17,1
164,1,0,1,1,0,51,5,1
164,2,1,1.628,0.628,0,52,6,1
165,1,0,1,1,0,66,10,1
165,2,1,2,1,0,67,11,1
165,3,2,3,1,0,68,12,1
165,4,3,3.797,0.797,0,69,13,1
166,1,0,1,1,0,40,6,1
166,2,1,1.997,0.997,0,41,7,1
167,1,0,1,1,0,26,5,1
167,2,1,2,1,0,27,6,1
167,3,2,3,1,0,28,7,1
167,4,3,4,1,0,29,8,1
167,5,4,4.457,0.457,0,30,9,1
168,1,0,1,1,0,47,1,1
168,2,1,2,1,0,48,2,1
168,3,2,3,1,0,49,3,1
168,4,3,4,1,0,50,4,1
168,5,4,5,1,1,51,5,1
168,6,5,5.942,0.942,0,52,6,1
169,1,0,1,1,0,36,14,1
169,2,1,1.688,0.688,0,37,15,1
170,1,0,1,1,0,32,5,1
170,2,1,2,1,0,33,6,1
170,3,2,3,1,0,34,7,1
170,4,3,4,1,0,35,8,1
170,5,4,5,1,0,36,9,1
170,6,5,6,1,0,37,10,1
170,7,6,6.412,0.412,0,38,11,1
171,1,0,1,1,0,35,0,1
171,2,1,2,1,1,36,1,1
171,3,2,3,1,2,37,2,1
171,4,3,4,1,1,38,3,1
171,5,4,5,1,0,39,4,1
171,6,5,6,1,0,40,5,1
171,7,6,7,1,0,41,6,1
171,8,7,8,1,2,42,7,1
171,9,8,9,1,1,43,8,1
171,10,9,9.664,0.664,0,44,9,1
172,1,0,1,1,0,54,9,1
172,2,1,2,1,0,55,10,1
172,3,2,2.347,0.347,0,56,11,1
173,1,0,1,1,0,53,14,1
173,2,1,2,1,0,54,15,1
173,3,2,3,1,0,55,16,1
173,4,3,4,1,0,56,17,1
173,5,4,4.86,0.86,0,57,18,1
174,1,0,1,1,0,79,3,1
174,2,1,2,1,0,80,4,1
174,3,2,3,1,0,81,5,1
174,4,3,3.447,0.447,0,82,6,1
175,1,0,1,1,0,42,6,1
175,2,1,2,1,0,43,7,1
175,3,2,3,1,0,44,8,1
175,4,3,4,1,0,45,9,1
175,5,4,5,1,0,46,10,1
175,6,5,6,1,0,47,11,1
175,7,6,7,1,0,48,12,1
175,8,7,7.433,0.433,0,49,13,1
176,1,0,1,1,0,58,6,1
176,2,1,2,1,0,59,7,1
176,3,2,3,1,0,60,8,1
176,4,3,4,1,0,61,9,1
176,5,4,5,1,0,62,10,1
176,6,5,6,1,0,63,11,1
176,7,6,7,1,0,64,12,1
176,8,7,7.21,0.21,0,65,13,1
177,1,0,1,1,0,45,7,1
177,2,1,1.706,0.706,0,46,8,1
178,1,0,1,1,0,58,10,1
178,2,1,2,1,0,59,11,1
178,3,2,3,1,0,60,12,1
178,4,3,4,1,0,61,13,1
178,5,4,5,1,0,62,14,1
178,6,5,6,1,0,63,15,1
178,7,6,6.504,0.504,0,64,16,1
179,1,0,1,1,1,23,8,1
179,2,1,2,1,0,24,9,1
179,3,2,3,1,0,25,10,1
179,4,3,4,1,0,26,11,1
179,5,4,5,1,0,27,12,1
179,6,5,5.236,0.236,0,28,13,1
180,1,0,1,1,0,52,7,1
180,2,1,2,1,0,53,8,1
180,3,2,3,1,0,54,9,1
180,4,3,4,1,0,55,10,1
180,5,4,4.895,0.895,0,56,11,1
181,1,0,0.334,0.334,0,52,12,1
182,1,0,1,1,0,38,15,1
182,2,1,1.238,0.238,0,39,16,1
183,1,0,1,1,0,32,1,1
183,2,1,2,1,0,33,2,1
183,3,2,3,1,1,34,3,1
183,4,3,4,1,0,35,4,1
183,5,4,4.951,0.951,0,36,5,1
184,1,0,1,1,1,40,8,1
184,2,1,2,1,0,41,9,1
184,3,2,3,1,0,42,10,1
184,4,3,4,1,0,43,11,1
184,5,4,4.718,0.718,0,44,12,1
185,1,0,1,1,0,42,4,1
185,2,1,2,1,0,43,5,1
185,3,2,2.993,0.993,1,44,6,1
186,1,0,1,1,0,40,8,1
186,2,1,2,1,0,41,9,1
186,3,2,3,1,1,42,10,1
186,4,3,4,1,1,43,11,1
186,5,4,5,1,1,44,12,1
186,6,5,5.953,0.953,0,45,13,1
187,1,0,1,1,0,22,9,1
187,2,1,1.103,0.103,0,23,10,1
188,1,0,1,1,0,68,9,1
188,2,1,2,1,0,69,10,1
188,3,2,3,1,0,70,11,1
188,4,3,4,1,0,71,12,1
188,5,4,5,1,0,72,13,1
188,6,5,5.667,0.667,0,73,14,1
189,1,0,1,1,0,44,4,1
189,2,1,2,1,0,45,5,1
189,3,2,3,1,0,46,6,1
189,4,3,3.776,0.776,0,47,7,1
190,1,0,1,1,0,57,4,1
190,2,1,2,1,0,58,5,1
190,3,2,3,1,0,59,6,1
190,4,3,4,1,0,60,7,1
190,5,4,4.45,0.45,0,61,8,1
191,1,0,1,1,0,49,5,1
191,2,1,2,1,0,50,6,1
191,3,2,3,1,0,51,7,1
191,4,3,4,1,0,52,8,1
191,5,4,4.026,0.026,0,53,9,1
192,1,0,1,1,0,30,4,1
192,2,1,2,1,0,31,5,1
192,3,2,3,1,0,32,6,1
192,4,3,4,1,0,33,7,1
192,5,4,5,1,0,34,8,1
192,6,5,6,1,0,35,9,1
192,7,6,7,1,0,36,10,1
192,8,7,8,1,0,37,11,1
192,9,8,8.321,0.321,0,38,12,1
193,1,0,1,1,0,44,0,1
193,2,1,2,1,0,45,1,1
193,3,2,2.261,0.261,0,46,2,1
194,1,0,1,1,0,47,6,1
194,2,1,2,1,0,48,7,1
194,3,2,3,1,0,49,8,1
194,4,3,3.728,0.728,0,50,9,1
195,1,0,1,1,1,46,10,1
195,2,1,1.383,0.383,0,47,11,1
196,1,0,1,1,0,57,5,1
196,2,1,2,1,0,58,6,1
196,3,2,2.53,0.53,0,59,7,1
197,1,0,1,1,0,47,7,1
197,2,1,2,1,0,48,8,1
197,3,2,3,1,1,49,9,1
197,4,3,4,1,0,50,10,1
197,5,4,5,1,0,51,11,1
197,6,5,6,1,0,52,12,1
197,7,6,7,1,0,53,13,1
197,8,7,8,1,0,54,14,1
197,9,8,9,1,0,55,15,1
197,10,9,9.897,0.897,0,56,16,1
198,1,0,0.675,0.675,0,67,18,1
199,1,0,1,1,0,55,13,1
199,2,1,2,1,1,56,14,1
199,3,2,3,1,1,57,15,1
199,4,3,4,1,1,58,16,1
199,5,4,5,1,1,59,17,1
199,6,5,5.393,0.393,0,60,18,1
200,1,0,1,1,0,46,3,1
200,2,1,2,1,1,47,4,1
200,3,2,2.593,0.593,0,48,5,1
201,1,0,0.554,0.554,0,38,13,1
202,1,0,1,1,0,41,12,1
202,2,1,2,1,0,42,13,1
202,3,2,3,1,0,43,14,1
202,4,3,4,1,0,44,15,1
202,5,4,4.743,0.743,0,45,16,1
203,1,0,1,1,0,68,5,1
203,2,1,1.275,0.275,0,69,6,1
204,1,0,1,1,0,63,6,1
204,2,1,2,1,0,64,7,1
204,3,2,2.694,0.694,0,65,8,1
205,1,0,1,1,0,31,4,1
205,2,1,1.036,0.036,0,32,5,1
206,1,0,1,1,0,56,4,1
206,2,1,1.398,0.398,0,57,5,1
207,1,0,1,1,0,18,6,1
207,2,1,2,1,0,19,7,1
207,3,2,3,1,0,20,8,1
207,4,3,4,1,0,21,9,1
207,5,4,4.106,0.106,0,22,10,1
208,1,0,1,1,0,62,6,1
208,2,1,2,1,0,63,7,1
208,3,2,3,1,0,64,8,1
208,4,3,4,1,0,65,9,1
208,5,4,5,1,0,66,10,1
208,6,5,6,1,1,67,11,1
208,7,6,7,1,0,68,12,1
208,8,7,8,1,0,69,13,1
208,9,8,9,1,0,70,14,1
208,10,9,9.637,0.637,0,71,15,1
209,1,0,1,1,0,52,8,1
209,2,1,2,1,0,53,9,1
209,3,2,3,1,0,54,10,1
209,4,3,3.808,0.808,0,55,11,1
210,1,0,1,1,0,41,10,1
210,2,1,2,1,0,42,11,1
210,3,2,3,1,0,43,12,1
210,4,3,4,1,0,44,13,1
210,5,4,5,1,0,45,14,1
210,6,5,6,1,0,46,15,1
210,7,6,7,1,0,47,16,1
210,8,7,8,1,0,48,17,1
210,9,8,9,1,0,49,18,1
210,10,9,9.383,0.383,0,50,19,1
211,1,0,1,1,0,52,3,1
211,2,1,2,1,0,53,4,1
211,3,2,2.183,0.183,0,54,5,1
212,1,0,1,1,0,26,8,1
212,2,1,2,1,0,27,9,1
212,3,2,3,1,0,28,10,1
212,4,3,4,1,0,29,11,1
212,5,4,4.612,0.612,0,30,12,1
213,1,0,1,1,0,48,0,1
213,2,1,2,1,1,49,1,1
213,3,2,2.67,0.67,0,50,2,1
214,1,0,1,1,0,56,9,1
214,2,1,2,1,0,57,10,1
214,3,2,3,1,0,58,11,1
214,4,3,4,1,2,59,12,1
214,5,4,5,1,0,60,13,1
214,6,5,6,1,0,61,14,1
214,7,6,7,1,0,62,15,1
214,8,7,8,1,1,63,16,1
214,9,8,8.647,0.647,0,64,17,1
215,1,0,1,1,0,49,4,1
215,2,1,2,1,1,50,5,1
215,3,2,3,1,0,51,6,1
215,4,3,4,1,1,52,7,1
215,5,4,5,1,0,53,8,1
215,6,5,6,1,0,54,9,1
215,7,6,7,1,1,55,10,1
215,8,7,8,1,0,56,11,1
215,9,8,9,1,1,57,12,1
215,10,9,9.181,0.181,0,58,13,1
216,1,0,1,1,0,55,11,1
216,2,1,2,1,0,56,12,1
216,3,2,3,1,0,57,13,1
216,4,3,4,1,0,58,14,1
216,5,4,5,1,0,59,15,1
216,6,5,5.536,0.536,0,60,16,1
217,1,0,1,1,0,71,0,1
217,2,1,2,1,0,72,1,1
217,3,2,3,1,0,73,2,1
217,4,3,3.859,0.859,0,74,3,1
218,1,0,1,1,0,55,0,1
218,2,1,2,1,0,56,1,1
218,3,2,3,1,0,57,2,1
218,4,3,4,1,0,58,3,1
218,5,4,5,1,0,59,4,1
218,6,5,6,1,0,60,5,1
218,7,6,6.408,0.408,0,61,6,1
219,1,0,1,1,0,40,6,1
219,2,1,2,1,1,41,7,1
219,3,2,3,1,0,42,8,1
219,4,3,4,1,0,43,9,1
219,5,4,5,1,0,44,10,1
219,6,5,5.243,0.243,0,45,11,1
220,1,0,1,1,0,38,12,1
220,2,1,2,1,0,39,13,1
220,3,2,3,1,0,40,14,1
220,4,3,3.216,0.216,0,41,15,1
221,1,0,1,1,0,39,12,1
221,2,1,2,1,0,40,13,1
221,3,2,2.676,0.676,0,41,14,1
222,1,0,1,1,0,42,0,1
222,2,1,1.835,0.835,0,43,1,1
223,1,0,1,1,0,46,5,1
223,2,1,2,1,0,47,6,1
223,3,2,3,1,0,48,7,1
223,4,3,4,1,1,49,8,1
223,5,4,5,1,0,50,9,1
223,6,5,5.392,0.392,0,51,10,1
224,1,0,1,1,0,72,5,1
224,2,1,1.375,0.375,0,73,6,1
225,1,0,1,1,0,37,3,1
225,2,1,2,1,0,38,4,1
225,3,2,3,1,0,39,5,1
225,4,3,4,1,0,40,6,1
225,5,4,5,1,0,41,7,1
225,6,5,5.045,0.045,0,42,8,1
226,1,0,1,1,0,49,0,1
226,2,1,2,1,0,50,1,1
226,3,2,3,1,0,51,2,1
226,4,3,4,1,0,52,3,1
226,5,4,4.74,0.74,0,53,4,1
227,1,0,1,1,0,81,7,1
227,2,1,2,1,0,82,8,1
227,3,2,3,1,0,83,9,1
227,4,3,3.105,0.105,0,84,10,1
228,1,0,1,1,0,18,4,1
228,2,1,2,1,0,19,5,1
228,3,2,3,1,0,20,6,1
228,4,3,4,1,1,21,7,1
228,5,4,5,1,2,22,8,1
228,6,5,6,1,0,23,9,1
228,7,6,7,1,0,24,10,1
228,8,7,8,1,1,25,11,1
228,9,8,9,1,0,26,12,1
228,10,9,9.853,0.853,0,27,13,1
229,1,0,1,1,0,64,3,1
229,2,1,1.37,0.37,0,65,4,1
230,1,0,1,1,0,41,10,1
230,2,1,2,1,0,42,11,1
230,3,2,2.43,0.43,0,43,12,1
231,1,0,1,1,0,63,16,1
231,2,1,2,1,0,64,17,1
231,3,2,2.689,0.689,0,65,18,1
232,1,0,1,1,0,47,14,1
232,2,1,2,1,0,48,15,1
232,3,2,3,1,0,49,16,1
232,4,3,4,1,0,50,17,1
232,5,4,5,1,0,51,18,1
232,6,5,5.027,0.027,0,52,19,1
233,1,0,1,1,0,27,4,1
233,2,1,1.406,0.406,0,28,5,1
234,1,0,1,1,1,42,6,1
234,2,1,1.95,0.95,0,43,7,1
235,1,0,1,1,0,40,10,1
235,2,1,2,1,1,41,11,1
235,3,2,3,1,0,42,12,1
235,4,3,4,1,0,43,13,1
235,5,4,4.705,0.705,0,44,14,1
236,1,0,1,1,0,57,3,1
236,2,1,2,1,0,58,4,1
236,3,2,3,1,1,59,5,1
236,4,3,4,1,0,60,6,1
236,5,4,5,1,0,61,7,1
236,6,5,6,1,0,62,8,1
236,7,6,7,1,0,63,9,1
236,8,7,8,1,1,64,10,1
236,9,8,8.942,0.942,0,65,11,1
237,1,0,1,1,0,42,0,1
237,2,1,2,1,0,43,1,1
237,3,2,3,1,0,44,2,1
237,4,3,4,1,0,45,3,1
237,5,4,5,1,0,46,4,1
237,6,5,6,1,0,47,5,1
237,7,6,6.373,0.373,0,48,6,1
238,1,0,1,1,0,41,5,1
238,2,1,2,1,0,42,6,1
238,3,2,2.885,0.885,0,43,7,1
239,1,0,1,1,0,31,8,1
239,2,1,2,1,0,32,9,1
239,3,2,3,1,0,33,10,1
239,4,3,4,1,0,34,11,1
239,5,4,5,1,0,35,12,1
239,6,5,5.204,0.204,0,36,13,1
240,1,0,1,1,0,52,4,1
240,2,1,2,1,0,53,5,1
240,3,2,2.454,0.454,0,54,6,1
241,1,0,1,1,1,48,14,1
241,2,1,2,1,0,49,15,1
241,3,2,3,1,0,50,16,1
241,4,3,3.576,0.576,0,51,17,1
242,1,0,1,1,1,18,7,1
242,2,1,1.672,0.672,0,19,8,1
243,1,0,1,1,0,48,13,1
243,2,1,1.292,0.292,0,49,14,1
244,1,0,1,1,0,54,6,1
244,2,1,2,1,0,55,7,1
244,3,2,3,1,0,56,8,1
244,4,3,3.127,0.127,0,57,9,1
245,1,0,1,1,0,28,3,1
245,2,1,2,1,0,29,4,1
245,3,2,3,1,0,30,5,1
245,4,3,4,1,1,31,6,1
245,5,4,4.058,0.058,0,32,7,1
246,1,0,1,1,0,57,11,1
246,2,1,2,1,1,58,12,1
246,3,2,3,1,0,59,13,1
246,4,3,4,1,0,60,14,1
246,5,4,5,1,0,61,15,1
246,6,5,6,1,0,62,16,1
246,7,6,7,1,0,63,17,1
246,8,7,7.666,0.666,0,64,18,1
247,1,0,1,1,0,41,0,1
247,2,1,2,1,0,42,1,1
247,3,2,3,1,0,43,2,1
247,4,3,4,1,0,44,3,1
247,5,4,4.553,0.553,0,45,4,1
248,1,0,0.2,0.2,0,37,13,1
249,1,0,1,1,0,30,0,1
249,2,1,2,1,0,31,1,1
249,3,2,3,1,0,32,2,1
249,4,3,3.54,0.54,0,33,3,1
250,1,0,1,1,0,35,6,1
250,2,1,2,1,0,36,7,1
250,3,2,3,1,1,37,8,1
250,4,3,4,1,0,38,9,1
250,5,4,5,1,1,39,10,1
250,6,5,6,1,0,40,11,1
250,7,6,7,1,1,41,12,1
250,8,7,8,1,0,42,13,1
250,9,8,9,1,0,43,14,1
250,10,9,9.484,0.484,0,44,15,1
251,1,0,0.285,0.285,0,53,10,1
252,1,0,1,1,0,29,17,1
252,2,1,2,1,0,30,18,1
252,3,2,3,1,0,31,19,1
252,4,3,3.339,0.339,0,32,20,1
253,1,0,1,1,0,26,5,1
253,2,1,1.163,0.163,0,27,6,1
254,1,0,1,1,2,31,2,1
254,2,1,2,1,1,32,3,1
254,3,2,3,1,0,33,4,1
254,4,3,4,1,0,34,5,1
254,5,4,5,1,0,35,6,1
254,6,5,5.374,0.374,0,36,7,1
255,1,0,1,1,0,41,14,1
255,2,1,2,1,0,42,15,1
255,3,2,3,1,0,43,16,1
255,4,3,3.009,0.009,0,44,17,1
256,1,0,1,1,0,40,7,1
256,2,1,2,1,0,41,8,1
256,3,2,3,1,0,42,9,1
256,4,3,4,1,0,43,10,1
256,5,4,5,1,0,44,11,1
256,6,5,6,1,0,45,12,1
256,7,6,7,1,0,46,13,1
256,8,7,8,1,0,47,14,1
256,9,8,8.309,0.309,0,48,15,1
257,1,0,1,1,0,57,9,1
257,2,1,2,1,0,58,10,1
257,3,2,3,1,0,59,11,1
257,4,3,4,1,0,60,12,1
257,5,4,5,1,1,61,13,1
257,6,5,5.787,0.787,0,62,14,1
258,1,0,1,1,0,18,9,1
258,2,1,2,1,0,19,10,1
258,3,2,3,1,0,20,11,1
258,4,3,3.382,0.382,0,21,12,1
259,1,0,1,1,0,37,10,1
259,2,1,2,1,0,38,11,1
259,3,2,3,1,0,39,12,1
259,4,3,4,1,0,40,13,1
259,5,4,4.292,0.292,0,41,14,1
260,1,0,1,1,0,41,1,1
260,2,1,2,1,0,42,2,1
260,3,2,3,1,0,43,3,1
260,4,3,4,1,0,44,4,1
260,5,4,5,1,0,45,5,1
260,6,5,6,1,0,46,6,1
260,7,6,7,1,0,47,7,1
260,8,7,8,1,0,48,8,1
260,9,8,8.353,0.353,0,49,9,1
261,1,0,1,1,0,39,4,1
261,2,1,1.503,0.503,0,40,5,1
262,1,0,0.636,0.636,0,62,2,1
263,1,0,1,1,0,41,4,1
263,2,1,2,1,0,42,5,1
263,3,2,3,1,0,43,6,1
263,4,3,3.743,0.743,0,44,7,1
264,1,0,1,1,0,49,0,1
264,2,1,2,1,0,50,1,1
264,3,2,2.693,0.693,0,51,2,1
265,1,0,1,1,0,27,7,1
265,2,1,2,1,0,28,8,1
265,3,2,3,1,0,29,9,1
265,4,3,4,1,0,30,10,1
265,5,4,4.148,0.148,0,31,11,1
266,1,0,1,1,0,54,4,1
266,2,1,2,1,0,55,5,1
266,3,2,3,1,0,56,6,1
266,4,3,4,1,0,57,7,1
266,5,4,4.047,0.047,0,58,8,1
267,1,0,1,1,0,42,3,1
267,2,1,1.37,0.37,0,43,4,1
268,1,0,1,1,0,30,1,1
268,2,1,2,1,0,31,2,1
268,3,2,3,1,0,32,3,1
268,4,3,4,1,0,33,4,1
268,5,4,5,1,0,34,5,1
268,6,5,6,1,0,35,6,1
268,7,6,7,1,0,36,7,1
268,8,7,8,1,0,37,8,1
268,9,8,9,1,0,38,9,1
268,10,9,9.153,0.153,0,39,10,1
269,1,0,1,1,0,50,10,1
269,2,1,2,1,1,51,11,1
269,3,2,3,1,0,52,12,1
269,4,3,3.346,0.346,1,53,13,1
270,1,0,1,1,0,51,6,1
270,2,1,2,1,0,52,7,1
270,3,2,3,1,0,53,8,1
270,4,3,4,1,0,54,9,1
270,5,4,5,1,0,55,10,1
270,6,5,6,1,0,56,11,1
270,7,6,7,1,0,57,12,1
270,8,7,7.496,0.496,0,58,13,1
271,1,0,1,1,1,44,13,1
271,2,1,2,1,0,45,14,1
271,3,2,3,1,0,46,15,1
271,4,3,4,1,1,47,16,1
271,5,4,4.074,0.074,0,48,17,1
272,1,0,1,1,0,51,9,1
272,2,1,2,1,0,52,10,1
272,3,2,2.151,0.151,0,53,11,1
273,1,0,1,1,0,49,2,1
273,2,1,2,1,0,50,3,1
273,3,2,3,1,0,51,4,1
273,4,3,4,1,0,52,5,1
273,5,4,5,1,0,53,6,1
273,6,5,6,1,0,54,7,1
273,7,6,7,1,0,55,8,1
273,8,7,8,1,0,56,9,1
273,9,8,9,1,0,57,10,1
273,10,9,9.809,0.809,0,58,11,1
274,1,0,1,1,1,51,10,1
274,2,1,2,1,0,52,11,1
274,3,2,3,1,0,53,12,1
274,4,3,4,1,0,54,13,1
274,5,4,5,1,0,55,14,1
274,6,5,6,1,0,56,15,1
274,7,6,7,1,0,57,16,1
274,8,7,8,1,0,58,17,1
274,9,8,8.704,0.704,0,59,18,1
275,1,0,1,1,0,18,11,1
275,2,1,2,1,0,19,12,1
275,3,2,3,1,0,20,13,1
275,4,3,4,1,0,21,14,1
275,5,4,5,1,0,22,15,1
275,6,5,6,1,0,23,16,1
275,7,6,6.413,0.413,0,24,17,1
276,1,0,1,1,0,42,12,1
276,2,1,2,1,0,43,13,1
276,3,2,3,1,0,44,14,1
276,4,3,4,1,0,45,15,1
276,5,4,4.961,0.961,0,46,16,1
277,1,0,1,1,0,27,10,1
277,2,1,2,1,2,28,11,1
277,3,2,3,1,0,29,12,1
277,4,3,4,1,0,30,13,1
277,5,4,4.333,0.333,0,31,14,1
278,1,0,0.509,0.509,0,48,7,1
279,1,0,1,1,0,22,3,1
279,2,1,2,1,0,23,4,1
279,3,2,3,1,0,24,5,1
279,4,3,4,1,0,25,6,1
279,5,4,5,1,0,26,7,1
279,6,5,6,1,0,27,8,1
279,7,6,7,1,0,28,9,1
279,8,7,8,1,0,29,10,1
279,9,8,8.82,0.82,0,30,11,1
280,1,0,1,1,0,66,12,1
280,2,1,2,1,0,67,13,1
280,3,2,3,1,0,68,14,1
280,4,3,4,1,0,69,15,1
280,5,4,5,1,0,70,16,1
280,6,5,5.314,0.314,0,71,17,1
281,1,0,1,1,0,38,6,1
281,2,1,2,1,0,39,7,1
281,3,2,3,1,1,40,8,1
281,4,3,4,1,0,41,9,1
281,5,4,4.797,0.797,0,42,10,1
282,1,0,1,1,0,34,3,1
282,2,1,2,1,0,35,4,1
282,3,2,3,1,0,36,5,1
282,4,3,3.467,0.467,0,37,6,1
283,1,0,1,1,0,50,5,1
283,2,1,2,1,1,51,6,1
283,3,2,3,1,0,52,7,1
283,4,3,4,1,0,53,8,1
283,5,4,4.276,0.276,0,54,9,1
284,1,0,0.331,0.331,0,54,4,1
285,1,0,1,1,0,58,8,1
285,2,1,1.34,0.34,0,59,9,1
286,1,0,1,1,1,55,8,1
286,2,1,1.323,0.323,0,56,9,1
287,1,0,1,1,1,50,0,1
287,2,1,2,1,0,51,1,1
287,3,2,3,1,0,52,2,1
287,4,3,4,1,0,53,3,1
287,5,4,5,1,0,54,4,1
287,6,5,6,1,1,55,5,1
287,7,6,6.854,0.854,0,56,6,1
288,1,0,1,1,0,37,7,1
288,2,1,2,1,0,38,8,1
288,3,2,3,1,0,39,9,1
288,4,3,4,1,0,40,10,1
288,5,4,5,1,0,41,11,1
288,6,5,6,1,0,42,12,1
288,7,6,7,1,0,43,13,1
288,8,7,8,1,0,44,14,1
288,9,8,9,1,0,45,15,1
288,10,9,9.332,0.332,0,46,16,1
289,1,0,1,1,0,18,14,1
289,2,1,2,1,0,19,15,1
289,3,2,2.904,0.904,0,20,16,1
290,1,0,1,1,0,34,10,1
290,2,1,1.438,0.438,0,35,11,1
291,1,0,1,1,1,33,6,1
291,2,1,2,1,0,34,7,1
291,3,2,3,1,2,35,8,1
291,4,3,4,1,1,36,9,1
291,5,4,4.557,0.557,0,37,10,1
292,1,0,1,1,0,51,10,1
292,2,1,2,1,0,52,11,1
292,3,2,3,1,0,53,12,1
292,4,3,4,1,0,54,13,1
292,5,4,5,1,0,55,14,1
292,6,5,5.477,0.477,1,56,15,1
293,1,0,1,1,0,46,14,1
293,2,1,1.563,0.563,0,47,15,1
294,1,0,1,1,0,66,13,1
294,2,1,1.938,0.938,0,67,14,1
295,1,0,1,1,0,30,1,1
295,2,1,2,1,1,31,2,1
295,3,2,3,1,0,32,3,1
295,4,3,3.034,0.034,0,33,4,1
296,1,0,0.34,0.34,0,49,10,1
297,1,0,1,1,0,51,15,1
297,2,1,1.877,0.877,1,52,16,1
298,1,0,0.817,0.817,0,20,6,1
299,1,0,1,1,1,66,12,1
299,2,1,2,1,0,67,13,1
299,3,2,3,1,1,68,14,1
299,4,3,4,1,0,69,15,1
299,5,4,5,1,0,70,16,1
299,6,5,5.552,0.552,0,71,17,1
300,1,0,1,1,0,27,8,1
300,2,1,2,1,0,28,9,1
300,3,2,2.14,0.14,0,29,10,1
301,1,0,1,1,0,48,10,1
301,2,1,2,1,0,49,11,1
301,3,2,3,1,0,50,12,1
301,4,3,4,1,0,51,13,1
301,5,4,4.773,0.773,0,52,14,1
302,1,0,1,1,0,55,12,1
302,2,1,2,1,0,56,13,1
302,3,2,3,1,0,57,14,1
302,4,3,4,1,0,58,15,1
302,5,4,4.054,0.054,0,59,16,1
303,1,0,1,1,0,31,6,1
303,2,1,2,1,0,32,7,1
303,3,2,3,1,0,33,8,1
303,4,3,4,1,1,34,9,1
303,5,4,4.241,0.241,0,35,10,1
304,1,0,1,1,0,49,12,1
304,2,1,2,1,0,50,13,1
304,3,2,3,1,0,51,14,1
304,4,3,4,1,0,52,15,1
304,5,4,4.79,0.79,0,53,16,1
305,1,0,1,1,0,24,7,1
305,2,1,2,1,0,25,8,1
305,3,2,3,1,0,26,9,1
305,4,3,4,1,0,27,10,1
305,5,4,4.048,0.048,0,28,11,1
306,1,0,1,1,0,20,10,1
306,2,1,2,1,0,21,11,1
306,3,2,3,1,0,22,12,1
306,4,3,4,1,1,23,13,1
306,5,4,5,1,0,24,14,1
306,6,5,6,1,0,25,15,1
306,7,6,7,1,0,26,16,1
306,8,7,8,1,0,27,17,1
306,9,8,8.084,0.084,0,28,18,1
307,1,0,1,1,0,30,2,1
307,2,1,2,1,0,31,3,1
307,3,2,3,1,1,32,4,1
307,4,3,4,1,0,33,5,1
307,5,4,5,1,0,34,6,1
307,6,5,6,1,0,35,7,1
307,7,6,7,1,1,36,8,1
307,8,7,7.457,0.457,0,37,9,1
308,1,0,1,1,0,44,0,1
308,2,1,2,1,0,45,1,1
308,3,2,2.218,0.218,0,46,2,1
309,1,0,1,1,0,79,15,1
309,2,1,2,1,0,80,16,1
309,3,2,3,1,1,81,17,1
309,4,3,3.906,0.906,1,82,18,1
310,1,0,1,1,2,49,0,1
310,2,1,2,1,1,50,1,1
310,3,2,3,1,2,51,2,1
310,4,3,4,1,1,52,3,1
310,5,4,4.277,0.277,0,53,4,1
311,1,0,1,1,0,51,9,1
311,2,1,2,1,0,52,10,1
311,3,2,3,1,0,53,11,1
311,4,3,4,1,0,54,12,1
311,5,4,5,1,0,55,13,1
311,6,5,5.866,0.866,0,56,14,1
312,1,0,1,1,0,40,8,1
312,2,1,2,1,0,41,9,1
312,3,2,3,1,0,42,10,1
312,4,3,3.382,0.382,0,43,11,1
313,1,0,1,1,0,49,13,1
313,2,1,2,1,0,50,14,1
313,3,2,3,1,0,51,15,1
313,4,3,3.269,0.269,0,52,16,1
314,1,0,1,1,0,24,3,1
314,2,1,1.221,0.221,0,25,4,1
315,1,0,1,1,0,54,9,1
315,2,1,2,1,0,55,10,1
315,3,2,3,1,0,56,11,1
315,4,3,4,1,0,57,12,1
315,5,4,5,1,0,58,13,1
315,6,5,6,1,0,59,14,1
315,7,6,6.498,0.498,0,60,15,1
316,1,0,1,1,0,18,3,1
316,2,1,1.72,0.72,0,19,4,1
317,1,0,1,1,0,44,3,1
317,2,1,2,1,0,45,4,1
317,3,2,3,1,0,46,5,1
317,4,3,4,1,0,47,6,1
317,5,4,4.534,0.534,0,48,7,1
318,1,0,1,1,0,33,12,1
318,2,1,2,1,1,34,13,1
318,3,2,3,1,2,35,14,1
318,4,3,4,1,0,36,15,1
318,5,4,4.865,0.865,0,37,16,1
319,1,0,1,1,0,46,9,1
319,2,1,1.662,0.662,0,47,10,1
320,1,0,1,1,0,54,14,1
320,2,1,2,1,0,55,15,1
320,3,2,3,1,0,56,16,1
320,4,3,3.88,0.88,0,57,17,1
321,1,0,1,1,1,50,1,1
321,2,1,1.742,0.742,0,51,2,1
322,1,0,1,1,0,66,15,1
322,2,1,2,1,0,67,16,1
322,3,2,3,1,0,68,17,1
322,4,3,4,1,0,69,18,1
322,5,4,5,1,0,70,19,1
322,6,5,6,1,0,71,20,1
322,7,6,7,1,0,72,21,1
322,8,7,7.324,0.324,0,73,22,1
323,1,0,1,1,0,49,11,1
323,2,1,2,1,0,50,12,1
323,3,2,3,1,0,51,13,1
323,4,3,4,1,0,52,14,1
323,5,4,4.488,0.488,0,53,15,1
324,1,0,1,1,0,79,13,1
324,2,1,2,1,1,80,14,1
324,3,2,3,1,0,81,15,1
324,4,3,4,1,0,82,16,1
324,5,4,4.281,0.281,1,83,17,1
325,1,0,1,1,0,53,8,1
325,2,1,2,1,0,54,9,1
325,3,2,3,1,0,55,10,1
325,4,3,4,1,0,56,11,1
325,5,4,5,1,0,57,12,1
325,6,5,5.4,0.4,0,58,13,1
326,1,0,1,1,0,28,9,1
326,2,1,2,1,0,29,10,1
326,3,2,3,1,0,30,11,1
326,4,3,3.323,0.323,0,31,12,1
327,1,0,1,1,0,56,9,1
327,2,1,2,1,0,57,10,1
327,3,2,3,1,0,58,11,1
327,4,3,4,1,0,59,12,1
327,5,4,5,1,0,60,13,1
327,6,5,6,1,0,61,14,1
327,7,6,7,1,0,62,15,1
327,8,7,7.452,0.452,0,63,16,1
328,1,0,1,1,0,54,5,1
328,2,1,1.984,0.984,0,55,6,1
329,1,0,1,1,1,27,6,1
329,2,1,2,1,0,28,7,1
329,3,2,3,1,0,29,8,1
329,4,3,4,1,0,30,9,1
329,5,4,4.638,0.638,0,31,10,1
330,1,0,1,1,0,40,11,1
330,2,1,1.926,0.926,0,41,12,1
331,1,0,1,1,0,46,4,1
331,2,1,2,1,0,47,5,1
331,3,2,3,1,0,48,6,1
331,4,3,4,1,0,49,7,1
331,5,4,4.329,0.329,0,50,8,1
332,1,0,1,1,0,31,0,1
332,2,1,2,1,0,32,1,1
332,3,2,3,1,0,33,2,1
332,4,3,4,1,0,34,3,1
332,5,4,5,1,0,35,4,1
332,6,5,5.974,0.974,0,36,5,1
333,1,0,1,1,1,25,16,1
333,2,1,2,1,1,26,17,1
333,3,2,3,1,0,27,18,1
333,4,3,4,1,0,28,19,1
333,5,4,5,1,0,29,20,1
333,6,5,5.323,0.323,0,30,21,1
334,1,0,1,1,0,37,13,1
334,2,1,2,1,0,38,14,1
334,3,2,3,1,0,39,15,1
334,4,3,4,1,0,40,16,1
334,5,4,4.744,0.744,0,41,17,1
335,1,0,1,1,1,18,14,1
335,2,1,2,1,0,19,15,1
335,3,2,3,1,0,20,16,1
335,4,3,4,1,0,21,17,1
335,5,4,5,1,0,22,18,1
335,6,5,6,1,0,23,19,1
335,7,6,7,1,1,24,20,1
335,8,7,7.334,0.334,0,25,21,1
336,1,0,0.154,0.154,0,72,20,1
337,1,0,1,1,0,40,3,1
337,2,1,2,1,0,41,4,1
337,3,2,3,1,0,42,5,1
337,4,3,4,1,0,43,6,1
337,5,4,5,1,0,44,7,1
337,6,5,6,1,0,45,8,1
337,7,6,7,1,0,46,9,1
337,8,7,7.556,0.556,0,47,10,1
338,1,0,1,1,1,66,11,1
338,2,1,2,1,0,67,12,1
338,3,2,3,1,2,68,13,1
338,4,3,4,1,0,69,14,1
338,5,4,5,1,1,70,15,1
338,6,5,6,1,3,71,16,1
338,7,6,7,1,0,72,17,1
338,8,7,8,1,0,73,18,1
338,9,8,8.363,0.363,0,74,19,1
339,1,0,1,1,0,65,6,1
339,2,1,2,1,0,66,7,1
339,3,2,3,1,0,67,8,1
339,4,3,3.385,0.385,1,68,9,1
340,1,0,1,1,0,25,7,1
340,2,1,2,1,0,26,8,1
340,3,2,3,1,0,27,9,1
340,4,3,4,1,0,28,10,1
340,5,4,5,1,0,29,11,1
340,6,5,5.718,0.718,1,30,12,1
341,1,0,1,1,0,57,13,1
341,2,1,2,1,0,58,14,1
341,3,2,2.471,0.471,0,59,15,1
342,1,0,0.145,0.145,0,21,0,1
343,1,0,1,1,0,65,17,1
343,2,1,1.386,0.386,0,66,18,1
344,1,0,1,1,1,48,7,1
344,2,1,2,1,1,49,8,1
344,3,2,3,1,0,50,9,1
344,4,3,3.974,0.974,0,51,10,1
345,1,0,1,1,0,34,5,1
345,2,1,2,1,0,35,6,1
345,3,2,2.872,0.872,0,36,7,1
346,1,0,1,1,0,49,9,1
346,2,1,2,1,0,50,10,1
346,3,2,3,1,1,51,11,1
346,4,3,4,1,0,52,12,1
346,5,4,5,1,0,53,13,1
346,6,5,6,1,0,54,14,1
346,7,6,7,1,0,55,15,1
346,8,7,8,1,0,56,16,1
346,9,8,9,1,0,57,17,1
346,10,9,9.173,0.173,0,58,18,1
347,1,0,1,1,0,60,1,1
347,2,1,2,1,1,61,2,1
347,3,2,2.194,0.194,0,62,3,1
348,1,0,1,1,0,51,9,1
348,2,1,2,1,1,52,10,1
348,3,2,3,1,0,53,11,1
348,4,3,4,1,1,54,12,1
348,5,4,5,1,0,55,13,1
348,6,5,5.644,0.644,0,56,14,1
349,1,0,1,1,0,44,14,1
349,2,1,2,1,0,45,15,1
349,3,2,2.519,0.519,0,46,16,1
350,1,0,1,1,0,37,10,1
350,2,1,1.769,0.769,0,38,11,1
351,1,0,1,1,0,50,11,1
351,2,1,1.704,0.704,0,51,12,1
352,1,0,1,1,0,69,14,1
352,2,1,2,1,0,70,15,1
352,3,2,3,1,0,71,16,1
352,4,3,3.293,0.293,0,72,17,1
353,1,0,1,1,0,60,4,1
353,2,1,2,1,1,61,5,1
353,3,2,2.047,0.047,0,62,6,1
354,1,0,1,1,0,45,6,1
354,2,1,2,1,2,46,7,1
354,3,2,3,1,0,47,8,1
354,4,3,4,1,1,48,9,1
354,5,4,5,1,0,49,10,1
354,6,5,5.331,0.331,0,50,11,1
355,1,0,1,1,0,41,14,1
355,2,1,2,1,0,42,15,1
355,3,2,3,1,0,43,16,1
355,4,3,4,1,1,44,17,1
355,5,4,4.028,0.028,0,45,18,1
356,1,0,1,1,0,59,7,1
356,2,1,2,1,1,60,8,1
356,3,2,3,1,1,61,9,1
356,4,3,4,1,1,62,10,1
356,5,4,5,1,0,63,11,1
356,6,5,6,1,0,64,12,1
356,7,6,7,1,1,65,13,1
356,8,7,8,1,0,66,14,1
356,9,8,8.323,0.323,0,67,15,1
357,1,0,1,1,0,60,5,1
357,2,1,2,1,1,61,6,1
357,3,2,2.186,0.186,0,62,7,1
358,1,0,1,1,0,53,2,1
358,2,1,2,1,0,54,3,1
358,3,2,3,1,0,55,4,1
358,4,3,4,1,1,56,5,1
358,5,4,5,1,0,57,6,1
358,6,5,6,1,0,58,7,1
358,7,6,7,1,0,59,8,1
358,8,7,7.026,0.026,0,60,9,1
359,1,0,1,1,0,20,7,1
359,2,1,2,1,0,21,8,1
359,3,2,2.083,0.083,0,22,9,1
360,1,0,1,1,0,20,9,1
360,2,1,2,1,1,21,10,1
360,3,2,2.272,0.272,0,22,11,1
361,1,0,0.283,0.283,0,45,9,1
362,1,0,1,1,0,56,7,1
362,2,1,2,1,0,57,8,1
362,3,2,3,1,0,58,9,1
362,4,3,4,1,0,59,10,1
362,5,4,5,1,0,60,11,1
362,6,5,6,1,0,61,12,1
362,7,6,7,1,0,62,13,1
362,8,7,8,1,0,63,14,1
362,9,8,8.033,0.033,0,64,15,1
363,1,0,1,1,0,36,5,1
363,2,1,2,1,0,37,6,1
363,3,2,3,1,0,38,7,1
363,4,3,4,1,0,39,8,1
363,5,4,5,1,0,40,9,1
363,6,5,5.675,0.675,0,41,10,1
364,1,0,1,1,0,50,11,1
364,2,1,2,1,0,51,12,1
364,3,2,3,1,0,52,13,1
364,4,3,3.05,0.05,0,53,14,1
365,1,0,1,1,0,47,3,1
365,2,1,1.167,0.167,0,48,4,1
366,1,0,0.1,0.1,0,25,14,1
367,1,0,1,1,0,47,12,1
367,2,1,2,1,0,48,13,1
367,3,2,3,1,0,49,14,1
367,4,3,3.297,0.297,0,50,15,1
368,1,0,1,1,0,22,8,1
368,2,1,2,1,1,23,9,1
368,3,2,3,1,1,24,10,1
368,4,3,4,1,1,25,11,1
368,5,4,5,1,0,26,12,1
368,6,5,6,1,0,27,13,1
368,7,6,7,1,1,28,14,1
368,8,7,7.901,0.901,1,29,15,1
369,1,0,1,1,0,67,7,1
369,2,1,2,1,0,68,8,1
369,3,2,3,1,0,69,9,1
369,4,3,3.467,0.467,0,70,10,1
370,1,0,1,1,0,51,12,1
370,2,1,2,1,0,52,13,1
370,3,2,3,1,0,53,14,1
370,4,3,4,1,0,54,15,1
370,5,4,5,1,0,55,16,1
370,6,5,6,1,0,56,17,1
370,7,6,7,1,0,57,18,1
370,8,7,8,1,1,58,19,1
370,9,8,8.338,0.338,0,59,20,1
371,1,0,1,1,0,46,15,1
371,2,1,1.422,0.422,0,47,16,1
372,1,0,1,1,0,32,8,1
372,2,1,2,1,0,33,9,1
372,3,2,3,1,0,34,10,1
372,4,3,4,1,0,35,11,1
372,5,4,5,1,0,36,12,1
372,6,5,6,1,0,37,13,1
372,7,6,6.873,0.873,0,38,14,1
373,1,0,1,1,0,59,5,1
373,2,1,2,1,0,60,6,1
373,3,2,2.295,0.295,0,61,7,1
374,1,0,0.337,0.337,0,29,12,1
375,1,0,1,1,0,52,6,1
375,2,1,2,1,0,53,7,1
375,3,2,2.369,0.369,0,54,8,1
376,1,0,1,1,0,45,12,1
376,2,1,2,1,1,46,13,1
376,3,2,2.736,0.736,0,47,14,1
377,1,0,1,1,0,30,10,1
377,2,1,2,1,0,31,11,1
377,3,2,2.86,0.86,0,32,12,1
378,1,0,1,1,0,39,3,1
378,2,1,2,1,0,40,4,1
378,3,2,3,1,0,41,5,1
378,4,3,4,1,0,42,6,1
378,5,4,5,1,0,43,7,1
378,6,5,6,1,0,44,8,1
378,7,6,7,1,1,45,9,1
378,8,7,8,1,0,46,10,1
378,9,8,8.265,0.265,0,47,11,1
379,1,0,1,1,0,43,2,1
379,2,1,2,1,0,44,3,1
379,3,2,3,1,0,45,4,1
379,4,3,4,1,0,46,5,1
379,5,4,4.257,0.257,0,47,6,1
380,1,0,1,1,0,61,7,1
380,2,1,2,1,0,62,8,1
380,3,2,2.271,0.271,0,63,9,1
381,1,0,1,1,0,38,5,1
381,2,1,1.536,0.536,0,39,6,1
382,1,0,0.72,0.72,0,33,12,1
383,1,0,1,1,0,51,10,1
383,2,1,2,1,0,52,11,1
383,3,2,3,1,0,53,12,1
383,4,3,3.179,0.179,0,54,13,1
384,1,0,1,1,0,66,5,1
384,2,1,2,1,0,67,6,1
384,3,2,2.812,0.812,0,68,7,1
385,1,0,1,1,1,46,11,1
385,2,1,2,1,0,47,12,1
385,3,2,2.502,0.502,0,48,13,1
386,1,0,1,1,0,33,5,1
386,2,1,2,1,0,34,6,1
386,3,2,3,1,0,35,7,1
386,4,3,4,1,0,36,8,1
386,5,4,5,1,0,37,9,1
386,6,5,6,1,0,38,10,1
386,7,6,6.316,0.316,0,39,11,1
387,1,0,1,1,0,42,11,1
387,2,1,2,1,0,43,12,1
387,3,2,3,1,0,44,13,1
387,4,3,4,1,0,45,14,1
387,5,4,4.638,0.638,0,46,15,1
388,1,0,1,1,1,29,8,1
388,2,1,2,1,0,30,9,1
388,3,2,3,1,0,31,10,1
388,4,3,3.206,0.206,0,32,11,1
389,1,0,1,1,0,27,6,1
389,2,1,1.341,0.341,0,28,7,1
390,1,0,1,1,0,25,0,1
390,2,1,2,1,0,26,1,1
390,3,2,3,1,2,27,2,1
390,4,3,4,1,0,28,3,1
390,5,4,5,1,0,29,4,1
390,6,5,6,1,0,30,5,1
390,7,6,7,1,2,31,6,1
390,8,7,7.11,0.11,0,32,7,1
391,1,0,1,1,0,26,0,1
391,2,1,2,1,0,27,1,1
391,3,2,3,1,0,28,2,1
391,4,3,4,1,0,29,3,1
391,5,4,5,1,0,30,4,1
391,6,5,5.079,0.079,0,31,5,1
392,1,0,1,1,0,53,10,1
392,2,1,1.653,0.653,0,54,11,1
393,1,0,1,1,0,36,19,1
393,2,1,2,1,0,37,20,1
393,3,2,3,1,0,38,21,1
393,4,3,4,1,0,39,22,1
393,5,4,5,1,0,40,23,1
393,6,5,5.053,0.053,0,41,24,1
394,1,0,1,1,0,54,8,1
394,2,1,1.826,0.826,0,55,9,1
395,1,0,1,1,0,48,5,1
395,2,1,2,1,0,49,6,1
395,3,2,3,1,0,50,7,1
395,4,3,4,1,0,51,8,1
395,5,4,4.248,0.248,0,52,9,1
396,1,0,1,1,0,21,1,1
396,2,1,2,1,0,22,2,1
396,3,2,3,1,0,23,3,1
396,4,3,4,1,1,24,4,1
396,5,4,5,1,1,25,5,1
396,6,5,5.259,0.259,0,26,6,1
397,1,0,1,1,0,25,12,1
397,2,1,2,1,0,26,13,1
397,3,2,2.405,0.405,0,27,14,1
398,1,0,1,1,0,25,8,1
398,2,1,2,1,2,26,9,1
398,3,2,3,1,1,27,10,1
398,4,3,4,1,1,28,11,1
398,5,4,5,1,0,29,12,1
398,6,5,6,1,0,30,13,1
398,7,6,7,1,0,31,14,1
398,8,7,7.529,0.529,0,32,15,1
399,1,0,0.885,0.885,0,38,11,1
400,1,0,1,1,0,40,13,1
400,2,1,2,1,0,41,14,1
400,3,2,3,1,0,42,15,1
400,4,3,3.581,0.581,0,43,16,1
401,1,0,1,1,0,51,9,1
401,2,1,2,1,0,52,10,1
401,3,2,2.434,0.434,0,53,11,1
402,1,0,1,1,0,27,15,1
402,2,1,1.312,0.312,0,28,16,1
403,1,0,1,1,0,64,8,1
403,2,1,2,1,0,65,9,1
403,3,2,3,1,0,66,10,1
403,4,3,3.537,0.537,0,67,11,1
404,1,0,1,1,0,60,6,1
404,2,1,2,1,0,61,7,1
404,3,2,3,1,0,62,8,1
404,4,3,4,1,0,63,9,1
404,5,4,5,1,0,64,10,1
404,6,5,6,1,0,65,11,1
404,7,6,6.505,0.505,0,66,12,1
405,1,0,1,1,0,64,9,1
405,2,1,2,1,0,65,10,1
405,3,2,3,1,0,66,11,1
405,4,3,4,1,0,67,12,1
405,5,4,5,1,0,68,13,1
405,6,5,6,1,1,69,14,1
405,7,6,6.03,0.03,0,70,15,1
406,1,0,1,1,0,46,11,1
406,2,1,2,1,0,47,12,1
406,3,2,3,1,0,48,13,1
406,4,3,4,1,0,49,14,1
406,5,4,4.528,0.528,0,50,15,1
407,1,0,1,1,1,40,9,1
407,2,1,2,1,0,41,10,1
407,3,2,3,1,1,42,11,1
407,4,3,4,1,0,43,12,1
407,5,4,5,1,1,44,13,1
407,6,5,6,1,0,45,14,1
407,7,6,6.096,0.096,0,46,15,1
408,1,0,1,1,0,32,10,1
408,2,1,2,1,0,33,11,1
408,3,2,2.716,0.716,0,34,12,1
409,1,0,0.177,0.177,0,69,15,1
410,1,0,1,1,0,88,9,1
410,2,1,2,1,0,89,10,1
410,3,2,3,1,0,90,11,1
410,4,3,4,1,0,91,12,1
410,5,4,4.492,0.492,0,92,13,1
411,1,0,1,1,0,39,3,1
411,2,1,2,1,1,40,4,1
411,3,2,2.083,0.083,0,41,5,1
412,1,0,1,1,0,22,9,1
412,2,1,2,1,0,23,10,1
412,3,2,3,1,0,24,11,1
412,4,3,3.281,0.281,0,25,12,1
413,1,0,1,1,0,54,9,1
413,2,1,1.645,0.645,0,55,10,1
414,1,0,1,1,0,28,10,1
414,2,1,2,1,0,29,11,1
414,3,2,3,1,0,30,12,1
414,4,3,4,1,0,31,13,1
414,5,4,5,1,0,32,14,1
414,6,5,5.631,0.631,0,33,15,1
415,1,0,0.945,0.945,0,56,7,1
416,1,0,1,1,0,45,7,1
416,2,1,2,1,0,46,8,1
416,3,2,3,1,0,47,9,1
416,4,3,3.01,0.01,0,48,10,1
417,1,0,1,1,0,34,1,1
417,2,1,2,1,0,35,2,1
417,3,2,3,1,0,36,3,1
417,4,3,4,1,0,37,4,1
417,5,4,5,1,0,38,5,1
417,6,5,5.619,0.619,0,39,6,1
418,1,0,1,1,0,44,6,1
418,2,1,2,1,0,45,7,1
418,3,2,3,1,0,46,8,1
418,4,3,3.276,0.276,0,47,9,1
419,1,0,1,1,0,35,12,1
419,2,1,1.818,0.818,0,36,13,1
420,1,0,1,1,0,73,4,1
420,2,1,1.138,0.138,0,74,5,1
421,1,0,1,1,0,48,3,1
421,2,1,1.447,0.447,0,49,4,1
422,1,0,1,1,0,31,8,1
422,2,1,1.532,0.532,0,32,9,1
423,1,0,1,1,0,58,13,1
423,2,1,2,1,0,59,14,1
423,3,2,3,1,0,60,15,1
423,4,3,3.473,0.473,0,61,16,1
424,1,0,1,1,0,56,9,1
424,2,1,1.539,0.539,0,57,10,1
425,1,0,1,1,0,18,12,1
425,2,1,2,1,0,19,13,1
425,3,2,2.536,0.536,0,20,14,1
426,1,0,1,1,0,43,1,1
426,2,1,2,1,0,44,2,1
426,3,2,2.277,0.277,0,45,3,1
427,1,0,1,1,1,36,8,1
427,2,1,2,1,0,37,9,1
427,3,2,3,1,0,38,10,1
427,4,3,4,1,1,39,11,1
427,5,4,5,1,0,40,12,1
427,6,5,6,1,0,41,13,1
427,7,6,6.127,0.127,0,42,14,1
428,1,0,1,1,0,31,20,1
428,2,1,2,1,0,32,21,1
428,3,2,3,1,0,33,22,1
428,4,3,4,1,0,34,23,1
428,5,4,5,1,0,35,24,1
428,6,5,6,1,0,36,25,1
428,7,6,6.132,0.132,0,37,26,1
429,1,0,1,1,0,50,11,1
429,2,1,2,1,0,51,12,1
429,3,2,2.363,0.363,0,52,13,1
430,1,0,1,1,0,38,2,1
430,2,1,2,1,1,39,3,1
430,3,2,3,1,0,40,4,1
430,4,3,4,1,1,41,5,1
430,5,4,5,1,0,42,6,1
430,6,5,6,1,0,43,7,1
430,7,6,7,1,0,44,8,1
430,8,7,7.66,0.66,0,45,9,1
431,1,0,1,1,0,57,8,1
431,2,1,2,1,0,58,9,1
431,3,2,2.775,0.775,0,59,10,1
432,1,0,1,1,0,62,11,1
432,2,1,2,1,0,63,12,1
432,3,2,3,1,0,64,13,1
432,4,3,4,1,0,65,14,1
432,5,4,5,1,0,66,15,1
432,6,5,6,1,0,67,16,1
432,7,6,6.537,0.537,0,68,17,1
433,1,0,1,1,0,31,14,1
433,2,1,2,1,0,32,15,1
433,3,2,3,1,0,33,16,1
433,4,3,3.36,0.36,0,34,17,1
434,1,0,1,1,0,49,8,1
434,2,1,2,1,0,50,9,1
434,3,2,2.068,0.068,0,51,10,1
435,1,0,1,1,0,36,9,1
435,2,1,2,1,0,37,10,1
435,3,2,3,1,0,38,11,1
435,4,3,3.915,0.915,0,39,12,1
436,1,0,1,1,4,21,5,1
436,2,1,2,1,1,22,6,1
436,3,2,3,1,4,23,7,1
436,4,3,3.25,0.25,1,24,8,1
437,1,0,1,1,0,61,8,1
437,2,1,2,1,0,62,9,1
437,3,2,2.117,0.117,0,63,10,1
438,1,0,1,1,0,53,17,1
438,2,1,2,1,0,54,18,1
438,3,2,3,1,0,55,19,1
438,4,3,4,1,0,56,20,1
438,5,4,5,1,0,57,21,1
438,6,5,6,1,0,58,22,1
438,7,6,7,1,0,59,23,1
438,8,7,8,1,1,60,24,1
438,9,8,8.118,0.118,0,61,25,1
439,1,0,1,1,0,35,14,1
439,2,1,2,1,0,36,15,1
439,3,2,3,1,0,37,16,1
439,4,3,4,1,0,38,17,1
439,5,4,5,1,0,39,18,1
439,6,5,6,1,0,40,19,1
439,7,6,7,1,0,41,20,1
439,8,7,8,1,0,42,21,1
439,9,8,8.747,0.747,0,43,22,1
440,1,0,1,1,0,41,13,1
440,2,1,2,1,0,42,14,1
440,3,2,2.278,0.278,0,43,15,1
441,1,0,1,1,0,48,17,1
441,2,1,2,1,0,49,18,1
441,3,2,3,1,0,50,19,1
441,4,3,4,1,0,51,20,1
441,5,4,5,1,1,52,21,1
441,6,5,6,1,0,53,22,1
441,7,6,6.969,0.969,0,54,23,1
442,1,0,1,1,0,48,7,1
442,2,1,2,1,0,49,8,1
442,3,2,2.399,0.399,0,50,9,1
443,1,0,1,1,1,33,16,1
443,2,1,2,1,0,34,17,1
443,3,2,3,1,0,35,18,1
443,4,3,4,1,0,36,19,1
443,5,4,5,1,2,37,20,1
443,6,5,6,1,0,38,21,1
443,7,6,7,1,1,39,22,1
443,8,7,7.625,0.625,0,40,23,1
444,1,0,1,1,0,39,12,1
444,2,1,2,1,0,40,13,1
444,3,2,3,1,0,41,14,1
444,4,3,4,1,0,42,15,1
444,5,4,5,1,0,43,16,1
444,6,5,6,1,0,44,17,1
444,7,6,7,1,0,45,18,1
444,8,7,7.234,0.234,0,46,19,1
445,1,0,1,1,0,35,12,1
445,2,1,1.571,0.571,0,36,13,1
446,1,0,1,1,0,64,14,1
446,2,1,1.817,0.817,0,65,15,1
447,1,0,1,1,0,52,5,1
447,2,1,2,1,0,53,6,1
447,3,2,3,1,0,54,7,1
447,4,3,4,1,0,55,8,1
447,5,4,5,1,0,56,9,1
447,6,5,6,1,0,57,10,1
447,7,6,7,1,0,58,11,1
447,8,7,8,1,0,59,12,1
447,9,8,8.517,0.517,0,60,13,1
448,1,0,1,1,0,36,8,1
448,2,1,2,1,0,37,9,1
448,3,2,3,1,0,38,10,1
448,4,3,4,1,0,39,11,1
448,5,4,5,1,0,40,12,1
448,6,5,5.802,0.802,0,41,13,1
449,1,0,1,1,0,48,5,1
449,2,1,1.575,0.575,0,49,6,1
450,1,0,1,1,0,18,15,1
450,2,1,1.925,0.925,2,19,16,1
451,1,0,1,1,0,48,2,1
451,2,1,2,1,0,49,3,1
451,3,2,3,1,4,50,4,1
451,4,3,4,1,0,51,5,1
451,5,4,5,1,0,52,6,1
451,6,5,6,1,0,53,7,1
451,7,6,7,1,0,54,8,1
451,8,7,8,1,0,55,9,1
451,9,8,8.722,0.722,0,56,10,1
452,1,0,1,1,0,50,0,1
452,2,1,2,1,0,51,1,1
452,3,2,3,1,0,52,2,1
452,4,3,4,1,0,53,3,1
452,5,4,4.121,0.121,0,54,4,1
453,1,0,1,1,0,18,3,1
453,2,1,1.664,0.664,2,19,4,1
454,1,0,1,1,0,34,12,1
454,2,1,2,1,1,35,13,1
454,3,2,2.553,0.553,1,36,14,1
455,1,0,1,1,0,74,14,1
455,2,1,2,1,0,75,15,1
455,3,2,3,1,1,76,16,1
455,4,3,3.874,0.874,0,77,17,1
456,1,0,1,1,0,25,7,1
456,2,1,1.061,0.061,0,26,8,1
457,1,0,1,1,0,43,2,1
457,2,1,2,1,0,44,3,1
457,3,2,3,1,0,45,4,1
457,4,3,4,1,1,46,5,1
457,5,4,4.287,0.287,0,47,6,1
458,1,0,1,1,0,51,6,1
458,2,1,2,1,0,52,7,1
458,3,2,3,1,0,53,8,1
458,4,3,4,1,0,54,9,1
458,5,4,5,1,0,55,10,1
458,6,5,6,1,0,56,11,1
458,7,6,7,1,0,57,12,1
458,8,7,7.353,0.353,0,58,13,1
459,1,0,1,1,0,18,12,1
459,2,1,2,1,0,19,13,1
459,3,2,3,1,0,20,14,1
459,4,3,4,1,0,21,15,1
459,5,4,5,1,1,22,16,1
459,6,5,6,1,0,23,17,1
459,7,6,7,1,2,24,18,1
459,8,7,8,1,0,25,19,1
459,9,8,8.155,0.155,0,26,20,1
460,1,0,0.543,0.543,0,18,8,1
461,1,0,1,1,0,23,11,1
461,2,1,1.921,0.921,0,24,12,1
462,1,0,1,1,0,30,10,1
462,2,1,2,1,0,31,11,1
462,3,2,3,1,0,32,12,1
462,4,3,4,1,0,33,13,1
462,5,4,5,1,0,34,14,1
462,6,5,5.052,0.052,0,35,15,1
463,1,0,1,1,0,32,8,1
463,2,1,2,1,0,33,9,1
463,3,2,2.517,0.517,1,34,10,1
464,1,0,1,1,0,39,13,1
464,2,1,2,1,0,40,14,1
464,3,2,3,1,0,41,15,1
464,4,3,4,1,0,42,16,1
464,5,4,5,1,0,43,17,1
464,6,5,6,1,0,44,18,1
464,7,6,7,1,0,45,19,1
464,8,7,7.722,0.722,0,46,20,1
465,1,0,1,1,0,62,4,1
465,2,1,2,1,0,63,5,1
465,3,2,3,1,0,64,6,1
465,4,3,4,1,1,65,7,1
465,5,4,4.702,0.702,0,66,8,1
466,1,0,1,1,0,55,1,1
466,2,1,2,1,0,56,2,1
466,3,2,2.002,0.002,0,57,3,1
467,1,0,1,1,0,46,3,1
467,2,1,2,1,1,47,4,1
467,3,2,3,1,0,48,5,1
467,4,3,4,1,0,49,6,1
467,5,4,5,1,0,50,7,1
467,6,5,5.896,0.896,0,51,8,1
468,1,0,1,1,0,78,0,1
468,2,1,1.904,0.904,1,79,1,1
469,1,0,1,1,0,47,18,1
469,2,1,2,1,0,48,19,1
469,3,2,3,1,0,49,20,1
469,4,3,3.227,0.227,0,50,21,1
470,1,0,1,1,1,36,5,1
470,2,1,1.148,0.148,0,37,6,1
471,1,0,1,1,0,69,10,1
471,2,1,2,1,0,70,11,1
471,3,2,3,1,0,71,12,1
471,4,3,4,1,0,72,13,1
471,5,4,5,1,0,73,14,1
471,6,5,6,1,0,74,15,1
471,7,6,7,1,0,75,16,1
471,8,7,8,1,0,76,17,1
471,9,8,9,1,1,77,18,1
471,10,9,9.298,0.298,0,78,19,1
472,1,0,1,1,0,30,10,1
472,2,1,1.92,0.92,0,31,11,1
473,1,0,1,1,0,23,11,1
473,2,1,1.386,0.386,0,24,12,1
474,1,0,1,1,0,37,10,1
474,2,1,2,1,0,38,11,1
474,3,2,2.427,0.427,0,39,12,1
475,1,0,1,1,1,18,13,1
475,2,1,2,1,1,19,14,1
475,3,2,3,1,0,20,15,1
475,4,3,4,1,0,21,16,1
475,5,4,5,1,0,22,17,1
475,6,5,6,1,0,23,18,1
475,7,6,7,1,0,24,19,1
475,8,7,8,1,0,25,20,1
475,9,8,8.256,0.256,0,26,21,1
476,1,0,1,1,0,35,0,1
476,2,1,2,1,0,36,1,1
476,3,2,3,1,0,37,2,1
476,4,3,4,1,0,38,3,1
476,5,4,5,1,0,39,4,1
476,6,5,5.961,0.961,0,40,5,1
477,1,0,1,1,0,50,13,1
477,2,1,2,1,1,51,14,1
477,3,2,3,1,1,52,15,1
477,4,3,4,1,1,53,16,1
477,5,4,5,1,1,54,17,1
477,6,5,6,1,0,55,18,1
477,7,6,6.758,0.758,0,56,19,1
478,1,0,1,1,1,36,7,1
478,2,1,1.331,0.331,0,37,8,1
479,1,0,1,1,0,37,11,1
479,2,1,2,1,0,38,12,1
479,3,2,3,1,0,39,13,1
479,4,3,4,1,0,40,14,1
479,5,4,5,1,0,41,15,1
479,6,5,6,1,0,42,16,1
479,7,6,6.008,0.008,0,43,17,1
480,1,0,0.818,0.818,0,38,9,1
481,1,0,1,1,0,54,5,1
481,2,1,2,1,0,55,6,1
481,3,2,3,1,0,56,7,1
481,4,3,3.134,0.134,1,57,8,1
482,1,0,1,1,0,38,10,1
482,2,1,2,1,1,39,11,1
482,3,2,3,1,0,40,12,1
482,4,3,4,1,0,41,13,1
482,5,4,5,1,0,42,14,1
482,6,5,5.67,0.67,0,43,15,1
483,1,0,1,1,0,60,2,1
483,2,1,2,1,0,61,3,1
483,3,2,3,1,0,62,4,1
483,4,3,3.959,0.959,0,63,5,1
484,1,0,1,1,0,61,3,1
484,2,1,2,1,0,62,4,1
484,3,2,2.645,0.645,0,63,5,1
485,1,0,1,1,0,37,9,1
485,2,1,1.868,0.868,0,38,10,1
486,1,0,1,1,0,30,8,1
486,2,1,2,1,0,31,9,1
486,3,2,3,1,0,32,10,1
486,4,3,4,1,0,33,11,1
486,5,4,4.177,0.177,0,34,12,1
487,1,0,1,1,2,38,7,1
487,2,1,2,1,1,39,8,1
487,3,2,2.574,0.574,0,40,9,1
488,1,0,1,1,1,18,3,1
488,2,1,2,1,0,19,4,1
488,3,2,3,1,2,20,5,1
488,4,3,3.722,0.722,0,21,6,1
489,1,0,1,1,0,53,13,1
489,2,1,2,1,0,54,14,1
489,3,2,3,1,0,55,15,1
489,4,3,4,1,0,56,16,1
489,5,4,4.68,0.68,0,57,17,1
490,1,0,1,1,0,54,8,1
490,2,1,2,1,0,55,9,1
490,3,2,3,1,0,56,10,1
490,4,3,4,1,1,57,11,1
490,5,4,5,1,0,58,12,1
490,6,5,6,1,0,59,13,1
490,7,6,6.612,0.612,2,60,14,1
491,1,0,1,1,0,47,11,1
491,2,1,2,1,0,48,12,1
491,3,2,2.655,0.655,0,49,13,1
492,1,0,1,1,0,51,7,1
492,2,1,2,1,0,52,8,1
492,3,2,3,1,0,53,9,1
492,4,3,4,1,0,54,10,1
492,5,4,5,1,0,55,11,1
492,6,5,5.378,0.378,0,56,12,1
493,1,0,1,1,0,43,14,1
493,2,1,2,1,0,44,15,1
493,3,2,3,1,0,45,16,1
493,4,3,4,1,0,46,17,1
493,5,4,4.952,0.952,0,47,18,1
494,1,0,1,1,0,48,16,1
494,2,1,2,1,0,49,17,1
494,3,2,3,1,0,50,18,1
494,4,3,4,1,0,51,19,1
494,5,4,5,1,1,52,20,1
494,6,5,5.414,0.414,0,53,21,1
495,1,0,1,1,0,34,9,1
495,2,1,1.495,0.495,1,35,10,1
496,1,0,1,1,0,40,6,1
496,2,1,2,1,0,41,7,1
496,3,2,3,1,0,42,8,1
496,4,3,3.702,0.702,0,43,9,1
497,1,0,1,1,0,67,10,1
497,2,1,1.416,0.416,0,68,11,1
498,1,0,1,1,0,41,11,1
498,2,1,1.541,0.541,0,42,12,1
499,1,0,1,1,0,37,4,1
499,2,1,1.567,0.567,0,38,5,1
500,1,0,1,1,0,27,17,1
500,2,1,2,1,1,28,18,1
500,3,2,2.723,0.723,0,29,19,1
501,1,0,1,1,1,32,2,1
501,2,1,2,1,0,33,3,1
501,3,2,3,1,1,34,4,1
501,4,3,3.2,0.2,0,35,5,1
502,1,0,1,1,0,58,5,1
502,2,1,2,1,0,59,6,1
502,3,2,2.614,0.614,0,60,7,1
503,1,0,1,1,0,49,13,1
503,2,1,2,1,0,50,14,1
503,3,2,3,1,0,51,15,1
503,4,3,3.315,0.315,0,52,16,1
504,1,0,1,1,0,30,8,1
504,2,1,2,1,0,31,9,1
504,3,2,3,1,1,32,10,1
504,4,3,4,1,0,33,11,1
504,5,4,5,1,1,34,12,1
504,6,5,6,1,0,35,13,1
504,7,6,6.645,0.645,0,36,14,1
505,1,0,0.36,0.36,2,18,10,1
506,1,0,1,1,0,54,6,1
506,2,1,1.647,0.647,0,55,7,1
507,1,0,1,1,0,82,11,1
507,2,1,1.877,0.877,0,83,12,1
508,1,0,1,1,0,20,5,1
508,2,1,2,1,0,21,6,1
508,3,2,3,1,0,22,7,1
508,4,3,4,1,0,23,8,1
508,5,4,5,1,0,24,9,1
508,6,5,6,1,0,25,10,1
508,7,6,7,1,0,26,11,1
508,8,7,8,1,0,27,12,1
508,9,8,8.02,0.02,0,28,13,1
509,1,0,1,1,0,48,9,1
509,2,1,2,1,0,49,10,1
509,3,2,3,1,0,50,11,1
509,4,3,4,1,0,51,12,1
509,5,4,5,1,0,52,13,1
509,6,5,6,1,0,53,14,1
509,7,6,7,1,0,54,15,1
509,8,7,7.022,0.022,0,55,16,1
510,1,0,1,1,0,60,17,1
510,2,1,1.618,0.618,0,61,18,1
511,1,0,0.476,0.476,0,35,13,1
512,1,0,1,1,0,49,15,1
512,2,1,2,1,0,50,16,1
512,3,2,3,1,0,51,17,1
512,4,3,4,1,0,52,18,1
512,5,4,5,1,0,53,19,1
512,6,5,5.992,0.992,0,54,20,1
513,1,0,1,1,0,32,8,1
513,2,1,2,1,0,33,9,1
513,3,2,3,1,0,34,10,1
513,4,3,4,1,0,35,11,1
513,5,4,5,1,0,36,12,1
513,6,5,6,1,0,37,13,1
513,7,6,7,1,0,38,14,1
513,8,7,7.051,0.051,0,39,15,1
514,1,0,1,1,0,47,2,1
514,2,1,1.752,0.752,0,48,3,1
515,1,0,1,1,0,40,0,1
515,2,1,2,1,0,41,1,1
515,3,2,3,1,0,42,2,1
515,4,3,3.283,0.283,0,43,3,1
516,1,0,1,1,0,48,8,1
516,2,1,2,1,0,49,9,1
516,3,2,3,1,0,50,10,1
516,4,3,3.217,0.217,0,51,11,1
517,1,0,1,1,1,25,9,1
517,2,1,2,1,0,26,10,1
517,3,2,3,1,3,27,11,1
517,4,3,4,1,2,28,12,1
517,5,4,5,1,0,29,13,1
517,6,5,6,1,2,30,14,1
517,7,6,7,1,1,31,15,1
517,8,7,7.361,0.361,0,32,16,1
518,1,0,1,1,0,60,10,1
518,2,1,2,1,0,61,11,1
518,3,2,3,1,0,62,12,1
518,4,3,4,1,0,63,13,1
518,5,4,5,1,0,64,14,1
518,6,5,6,1,0,65,15,1
518,7,6,6.676,0.676,0,66,16,1
519,1,0,1,1,0,36,5,1
519,2,1,2,1,0,37,6,1
519,3,2,3,1,0,38,7,1
519,4,3,3.967,0.967,0,39,8,1
520,1,0,1,1,0,74,8,1
520,2,1,2,1,0,75,9,1
520,3,2,3,1,0,76,10,1
520,4,3,3.183,0.183,0,77,11,1
521,1,0,1,1,0,53,12,1
521,2,1,2,1,0,54,13,1
521,3,2,3,1,0,55,14,1
521,4,3,4,1,0,56,15,1
521,5,4,4.453,0.453,0,57,16,1
522,1,0,1,1,0,64,11,1
522,2,1,1.532,0.532,0,65,12,1
523,1,0,1,1,0,38,9,1
523,2,1,2,1,0,39,10,1
523,3,2,2.185,0.185,0,40,11,1
524,1,0,1,1,0,54,8,1
524,2,1,2,1,0,55,9,1
524,3,2,3,1,0,56,10,1
524,4,3,3.775,0.775,0,57,11,1
525,1,0,1,1,0,81,5,1
525,2,1,2,1,0,82,6,1
525,3,2,3,1,0,83,7,1
525,4,3,4,1,0,84,8,1
525,5,4,5,1,0,85,9,1
525,6,5,6,1,0,86,10,1
525,7,6,6.694,0.694,0,87,11,1
526,1,0,1,1,0,55,2,1
526,2,1,2,1,1,56,3,1
526,3,2,3,1,0,57,4,1
526,4,3,4,1,1,58,5,1
526,5,4,5,1,1,59,6,1
526,6,5,6,1,0,60,7,1
526,7,6,6.129,0.129,0,61,8,1
527,1,0,1,1,1,41,9,1
527,2,1,2,1,0,42,10,1
527,3,2,3,1,1,43,11,1
527,4,3,4,1,0,44,12,1
527,5,4,5,1,1,45,13,1
527,6,5,5.155,0.155,0,46,14,1
528,1,0,1,1,0,50,4,1
528,2,1,1.139,0.139,0,51,5,1
529,1,0,1,1,0,34,14,1
529,2,1,2,1,0,35,15,1
529,3,2,3,1,0,36,16,1
529,4,3,4,1,0,37,17,1
529,5,4,5,1,0,38,18,1
529,6,5,5.557,0.557,0,39,19,1
530,1,0,1,1,0,71,6,1
530,2,1,2,1,0,72,7,1
530,3,2,3,1,1,73,8,1
530,4,3,4,1,0,74,9,1
530,5,4,4.762,0.762,0,75,10,1
531,1,0,1,1,0,57,13,1
531,2,1,2,1,0,58,14,1
531,3,2,3,1,0,59,15,1
531,4,3,4,1,0,60,16,1
531,5,4,5,1,0,61,17,1
531,6,5,6,1,0,62,18,1
531,7,6,7,1,0,63,19,1
531,8,7,8,1,0,64,20,1
531,9,8,9,1,0,65,21,1
531,10,9,9.62,0.62,0,66,22,1
532,1,0,1,1,0,62,11,1
532,2,1,2,1,0,63,12,1
532,3,2,3,1,0,64,13,1
532,4,3,3.432,0.432,0,65,14,1
533,1,0,1,1,1,53,11,1
533,2,1,1.602,0.602,0,54,12,1
534,1,0,1,1,0,42,5,1
534,2,1,2,1,0,43,6,1
534,3,2,3,1,0,44,7,1
534,4,3,4,1,0,45,8,1
534,5,4,5,1,0,46,9,1
534,6,5,6,1,0,47,10,1
534,7,6,7,1,0,48,11,1
534,8,7,7.542,0.542,0,49,12,1
535,1,0,1,1,0,26,0,1
535,2,1,2,1,1,27,1,1
535,3,2,3,1,0,28,2,1
535,4,3,4,1,0,29,3,1
535,5,4,4.28,0.28,1,30,4,1
536,1,0,1,1,0,27,0,1
536,2,1,2,1,0,28,1,1
536,3,2,3,1,0,29,2,1
536,4,3,4,1,0,30,3,1
536,5,4,5,1,0,31,4,1
536,6,5,6,1,0,32,5,1
536,7,6,6.485,0.485,0,33,6,1
537,1,0,1,1,0,56,6,1
537,2,1,2,1,0,57,7,1
537,3,2,2.679,0.679,0,58,8,1
538,1,0,1,1,0,47,8,1
538,2,1,1.81,0.81,0,48,9,1
539,1,0,1,1,0,70,2,1
539,2,1,1.077,0.077,0,71,3,1
540,1,0,0.54,0.54,0,23,2,1
541,1,0,1,1,0,51,12,1
541,2,1,2,1,0,52,13,1
541,3,2,3,1,0,53,14,1
541,4,3,4,1,0,54,15,1
541,5,4,5,1,0,55,16,1
541,6,5,6,1,0,56,17,1
541,7,6,6.995,0.995,0,57,18,1
542,1,0,1,1,0,62,12,1
542,2,1,2,1,0,63,13,1
542,3,2,3,1,1,64,14,1
542,4,3,4,1,0,65,15,1
542,5,4,5,1,0,66,16,1
542,6,5,5.079,0.079,0,67,17,1
543,1,0,1,1,0,32,9,1
543,2,1,2,1,0,33,10,1
543,3,2,2.336,0.336,0,34,11,1
544,1,0,1,1,0,53,6,1
544,2,1,1.423,0.423,0,54,7,1
545,1,0,1,1,0,24,11,1
545,2,1,2,1,0,25,12,1
545,3,2,3,1,0,26,13,1
545,4,3,4,1,0,27,14,1
545,5,4,5,1,0,28,15,1
545,6,5,6,1,0,29,16,1
545,7,6,7,1,0,30,17,1
545,8,7,7.05,0.05,0,31,18,1
546,1,0,1,1,0,34,9,1
546,2,1,2,1,0,35,10,1
546,3,2,3,1,0,36,11,1
546,4,3,4,1,0,37,12,1
546,5,4,5,1,0,38,13,1
546,6,5,5.431,0.431,0,39,14,1
547,1,0,1,1,0,60,11,1
547,2,1,2,1,0,61,12,1
547,3,2,2.156,0.156,0,62,13,1
548,1,0,1,1,0,35,2,1
548,2,1,2,1,0,36,3,1
548,3,2,3,1,0,37,4,1
548,4,3,3.243,0.243,0,38,5,1
549,1,0,1,1,0,57,2,1
549,2,1,2,1,0,58,3,1
549,3,2,3,1,0,59,4,1
549,4,3,4,1,0,60,5,1
549,5,4,5,1,0,61,6,1
549,6,5,6,1,0,62,7,1
549,7,6,7,1,1,63,8,1
549,8,7,7.946,0.946,1,64,9,1
550,1,0,1,1,0,27,4,1
550,2,1,2,1,0,28,5,1
550,3,2,3,1,0,29,6,1
550,4,3,3.432,0.432,0,30,7,1
551,1,0,1,1,0,55,8,1
551,2,1,2,1,0,56,9,1
551,3,2,3,1,0,57,10,1
551,4,3,4,1,0,58,11,1
551,5,4,5,1,0,59,12,1
551,6,5,5.629,0.629,0,60,13,1
552,1,0,1,1,0,35,4,1
552,2,1,2,1,0,36,5,1
552,3,2,2.413,0.413,0,37,6,1
553,1,0,1,1,0,28,2,1
553,2,1,2,1,0,29,3,1
553,3,2,3,1,0,30,4,1
553,4,3,4,1,0,31,5,1
553,5,4,5,1,0,32,6,1
553,6,5,6,1,0,33,7,1
553,7,6,7,1,0,34,8,1
553,8,7,8,1,0,35,9,1
553,9,8,9,1,0,36,10,1
553,10,9,9.533,0.533,0,37,11,1
554,1,0,1,1,0,28,3,1
554,2,1,2,1,1,29,4,1
554,3,2,3,1,0,30,5,1
554,4,3,4,1,0,31,6,1
554,5,4,5,1,0,32,7,1
554,6,5,6,1,0,33,8,1
554,7,6,7,1,0,34,9,1
554,8,7,7.818,0.818,1,35,10,1
555,1,0,1,1,0,55,4,1
555,2,1,2,1,1,56,5,1
555,3,2,3,1,0,57,6,1
555,4,3,4,1,0,58,7,1
555,5,4,5,1,2,59,8,1
555,6,5,6,1,0,60,9,1
555,7,6,7,1,0,61,10,1
555,8,7,7.377,0.377,1,62,11,1
556,1,0,1,1,0,70,12,1
556,2,1,2,1,0,71,13,1
556,3,2,2.221,0.221,0,72,14,1
557,1,0,1,1,0,53,8,1
557,2,1,2,1,0,54,9,1
557,3,2,3,1,0,55,10,1
557,4,3,4,1,0,56,11,1
557,5,4,4.505,0.505,0,57,12,1
558,1,0,1,1,1,63,11,1
558,2,1,2,1,0,64,12,1
558,3,2,3,1,1,65,13,1
558,4,3,3.63,0.63,0,66,14,1
559,1,0,0.69,0.69,0,25,16,1
560,1,0,1,1,0,46,13,1
560,2,1,2,1,0,47,14,1
560,3,2,3,1,0,48,15,1
560,4,3,4,1,0,49,16,1
560,5,4,5,1,0,50,17,1
560,6,5,6,1,0,51,18,1
560,7,6,7,1,0,52,19,1
560,8,7,8,1,0,53,20,1
560,9,8,9,1,0,54,21,1
560,10,9,9.781,0.781,0,55,22,1
561,1,0,1,1,0,51,13,1
561,2,1,2,1,0,52,14,1
561,3,2,3,1,0,53,15,1
561,4,3,4,1,0,54,16,1
561,5,4,5,1,0,55,17,1
561,6,5,5.712,0.712,0,56,18,1
562,1,0,1,1,0,53,5,1
562,2,1,1.984,0.984,0,54,6,1
563,1,0,1,1,0,49,3,1
563,2,1,2,1,0,50,4,1
563,3,2,3,1,0,51,5,1
563,4,3,4,1,0,52,6,1
563,5,4,5,1,0,53,7,1
563,6,5,6,1,0,54,8,1
563,7,6,7,1,0,55,9,1
563,8,7,8,1,0,56,10,1
563,9,8,8.474,0.474,0,57,11,1
564,1,0,1,1,1,50,8,1
564,2,1,2,1,0,51,9,1
564,3,2,3,1,0,52,10,1
564,4,3,3.446,0.446,0,53,11,1
565,1,0,1,1,0,68,11,1
565,2,1,2,1,0,69,12,1
565,3,2,3,1,0,70,13,1
565,4,3,4,1,0,71,14,1
565,5,4,5,1,0,72,15,1
565,6,5,6,1,0,73,16,1
565,7,6,7,1,0,74,17,1
565,8,7,8,1,0,75,18,1
565,9,8,8.808,0.808,0,76,19,1
566,1,0,1,1,0,23,12,1
566,2,1,2,1,0,24,13,1
566,3,2,2.027,0.027,0,25,14,1
567,1,0,0.477,0.477,0,23,15,1
568,1,0,1,1,0,23,4,1
568,2,1,1.361,0.361,0,24,5,1
569,1,0,1,1,0,65,14,1
569,2,1,1.029,0.029,0,66,15,1
570,1,0,1,1,0,42,13,1
570,2,1,2,1,0,43,14,1
570,3,2,3,1,0,44,15,1
570,4,3,4,1,0,45,16,1
570,5,4,4.586,0.586,0,46,17,1
571,1,0,1,1,0,63,0,1
571,2,1,2,1,0,64,1,1
571,3,2,3,1,0,65,2,1
571,4,3,4,1,0,66,3,1
571,5,4,5,1,0,67,4,1
571,6,5,6,1,0,68,5,1
571,7,6,7,1,0,69,6,1
571,8,7,7.005,0.005,0,70,7,1
572,1,0,1,1,0,48,12,1
572,2,1,2,1,0,49,13,1
572,3,2,3,1,0,50,14,1
572,4,3,4,1,0,51,15,1
572,5,4,5,1,0,52,16,1
572,6,5,6,1,0,53,17,1
572,7,6,7,1,2,54,18,1
572,8,7,8,1,1,55,19,1
572,9,8,8.844,0.844,0,56,20,1
573,1,0,1,1,0,53,7,1
573,2,1,2,1,0,54,8,1
573,3,2,3,1,0,55,9,1
573,4,3,4,1,0,56,10,1
573,5,4,5,1,0,57,11,1
573,6,5,5.857,0.857,0,58,12,1
574,1,0,1,1,0,51,7,1
574,2,1,2,1,0,52,8,1
574,3,2,3,1,0,53,9,1
574,4,3,4,1,0,54,10,1
574,5,4,5,1,0,55,11,1
574,6,5,6,1,0,56,12,1
574,7,6,7,1,0,57,13,1
574,8,7,8,1,0,58,14,1
574,9,8,8.873,0.873,0,59,15,1
575,1,0,1,1,0,33,3,1
575,2,1,2,1,0,34,4,1
575,3,2,2.832,0.832,0,35,5,1
576,1,0,0.494,0.494,0,27,0,1
577,1,0,1,1,1,34,2,1
577,2,1,2,1,0,35,3,1
577,3,2,3,1,0,36,4,1
577,4,3,3.33,0.33,0,37,5,1
578,1,0,1,1,0,87,12,1
578,2,1,2,1,0,88,13,1
578,3,2,3,1,0,89,14,1
578,4,3,4,1,0,90,15,1
578,5,4,5,1,0,91,16,1
578,6,5,6,1,0,92,17,1
578,7,6,6.721,0.721,0,93,18,1
579,1,0,1,1,0,22,6,1
579,2,1,2,1,0,23,7,1
579,3,2,3,1,0,24,8,1
579,4,3,4,1,0,25,9,1
579,5,4,5,1,1,26,10,1
579,6,5,6,1,0,27,11,1
579,7,6,6.26,0.26,0,28,12,1
580,1,0,1,1,0,27,6,1
580,2,1,2,1,0,28,7,1
580,3,2,3,1,0,29,8,1
580,4,3,3.52,0.52,0,30,9,1
581,1,0,1,1,0,56,11,1
581,2,1,2,1,0,57,12,1
581,3,2,3,1,0,58,13,1
581,4,3,4,1,0,59,14,1
581,5,4,5,1,0,60,15,1
581,6,5,6,1,0,61,16,1
581,7,6,7,1,1,62,17,1
581,8,7,8,1,0,63,18,1
581,9,8,8.576,0.576,0,64,19,1
582,1,0,1,1,0,51,12,1
582,2,1,2,1,0,52,13,1
582,3,2,3,1,0,53,14,1
582,4,3,4,1,0,54,15,1
582,5,4,5,1,0,55,16,1
582,6,5,5.707,0.707,0,56,17,1
583,1,0,1,1,0,52,3,1
583,2,1,2,1,0,53,4,1
583,3,2,3,1,0,54,5,1
583,4,3,4,1,0,55,6,1
583,5,4,4.789,0.789,0,56,7,1
584,1,0,1,1,0,24,8,1
584,2,1,2,1,0,25,9,1
584,3,2,3,1,0,26,10,1
584,4,3,4,1,0,27,11,1
584,5,4,5,1,1,28,12,1
584,6,5,6,1,1,29,13,1
584,7,6,6.256,0.256,0,30,14,1
585,1,0,1,1,0,36,10,1
585,2,1,2,1,0,37,11,1
585,3,2,3,1,0,38,12,1
585,4,3,4,1,0,39,13,1
585,5,4,4.31,0.31,0,40,14,1
586,1,0,1,1,0,33,10,1
586,2,1,2,1,0,34,11,1
586,3,2,2.135,0.135,0,35,12,1
587,1,0,1,1,0,22,5,1
587,2,1,2,1,0,23,6,1
587,3,2,3,1,0,24,7,1
587,4,3,4,1,1,25,8,1
587,5,4,5,1,0,26,9,1
587,6,5,5.957,0.957,1,27,10,1
588,1,0,1,1,0,45,5,1
588,2,1,2,1,0,46,6,1
588,3,2,3,1,0,47,7,1
588,4,3,3.232,0.232,0,48,8,1
589,1,0,1,1,0,56,6,1
589,2,1,2,1,0,57,7,1
589,3,2,3,1,0,58,8,1
589,4,3,3.318,0.318,0,59,9,1
590,1,0,1,1,0,69,15,1
590,2,1,2,1,0,70,16,1
590,3,2,3,1,0,71,17,1
590,4,3,3.88,0.88,0,72,18,1
591,1,0,1,1,0,44,11,1
591,2,1,2,1,0,45,12,1
591,3,2,3,1,0,46,13,1
591,4,3,4,1,0,47,14,1
591,5,4,5,1,0,48,15,1
591,6,5,5.112,0.112,0,49,16,1
592,1,0,1,1,0,55,14,1
592,2,1,2,1,0,56,15,1
592,3,2,3,1,0,57,16,1
592,4,3,4,1,0,58,17,1
592,5,4,5,1,0,59,18,1
592,6,5,6,1,0,60,19,1
592,7,6,7,1,0,61,20,1
592,8,7,8,1,0,62,21,1
592,9,8,8.016,0.016,0,63,22,1
593,1,0,1,1,0,39,4,1
593,2,1,1.628,0.628,0,40,5,1
594,1,0,1,1,0,49,6,1
594,2,1,1.377,0.377,0,50,7,1
595,1,0,0.308,0.308,0,62,5,1
596,1,0,1,1,0,36,4,1
596,2,1,2,1,0,37,5,1
596,3,2,3,1,0,38,6,1
596,4,3,4,1,0,39,7,1
596,5,4,5,1,0,40,8,1
596,6,5,6,1,0,41,9,1
596,7,6,7,1,0,42,10,1
596,8,7,7.942,0.942,0,43,11,1
597,1,0,1,1,0,41,1,1
597,2,1,2,1,0,42,2,1
597,3,2,3,1,0,43,3,1
597,4,3,4,1,0,44,4,1
597,5,4,4.637,0.637,0,45,5,1
598,1,0,1,1,1,21,5,1
598,2,1,2,1,1,22,6,1
598,3,2,3,1,1,23,7,1
598,4,3,4,1,0,24,8,1
598,5,4,4.166,0.166,0,25,9,1
599,1,0,1,1,0,66,8,1
599,2,1,2,1,1,67,9,1
599,3,2,3,1,0,68,10,1
599,4,3,4,1,0,69,11,1
599,5,4,5,1,0,70,12,1
599,6,5,5.159,0.159,0,71,13,1
600,1,0,1,1,0,55,7,1
600,2,1,2,1,0,56,8,1
600,3,2,3,1,0,57,9,1
600,4,3,4,1,0,58,10,1
600,5,4,5,1,0,59,11,1
600,6,5,6,1,0,60,12,1
600,7,6,7,1,0,61,13,1
600,8,7,7.485,0.485,0,62,14,1
601,1,0,1,1,0,33,16,1
601,2,1,2,1,0,34,17,1
601,3,2,2.632,0.632,1,35,18,1
602,1,0,1,1,0,30,18,1
602,2,1,2,1,0,31,19,1
602,3,2,3,1,0,32,20,1
602,4,3,3.995,0.995,0,33,21,1
603,1,0,1,1,0,48,9,1
603,2,1,2,1,0,49,10,1
603,3,2,3,1,0,50,11,1
603,4,3,3.261,0.261,0,51,12,1
604,1,0,1,1,0,64,9,1
604,2,1,2,1,0,65,10,1
604,3,2,3,1,0,66,11,1
604,4,3,3.874,0.874,1,67,12,1
605,1,0,1,1,0,62,9,1
605,2,1,2,1,0,63,10,1
605,3,2,3,1,0,64,11,1
605,4,3,4,1,0,65,12,1
605,5,4,5,1,0,66,13,1
605,6,5,5.065,0.065,0,67,14,1
606,1,0,1,1,0,42,15,1
606,2,1,2,1,0,43,16,1
606,3,2,3,1,0,44,17,1
606,4,3,4,1,0,45,18,1
606,5,4,4.884,0.884,0,46,19,1
607,1,0,1,1,0,44,4,1
607,2,1,2,1,0,45,5,1
607,3,2,3,1,0,46,6,1
607,4,3,4,1,0,47,7,1
607,5,4,5,1,0,48,8,1
607,6,5,6,1,0,49,9,1
607,7,6,7,1,1,50,10,1
607,8,7,8,1,0,51,11,1
607,9,8,9,1,1,52,12,1
607,10,9,9.688,0.688,0,53,13,1
608,1,0,1,1,0,18,0,1
608,2,1,2,1,0,19,1,1
608,3,2,2.523,0.523,0,20,2,1
609,1,0,1,1,0,52,10,1
609,2,1,2,1,0,53,11,1
609,3,2,3,1,0,54,12,1
609,4,3,4,1,0,55,13,1
609,5,4,5,1,0,56,14,1
609,6,5,6,1,0,57,15,1
609,7,6,6.604,0.604,0,58,16,1
610,1,0,1,1,0,51,5,1
610,2,1,2,1,0,52,6,1
610,3,2,2.617,0.617,0,53,7,1
611,1,0,1,1,0,54,8,1
611,2,1,2,1,0,55,9,1
611,3,2,3,1,0,56,10,1
611,4,3,3.178,0.178,0,57,11,1
612,1,0,1,1,1,44,11,1
612,2,1,2,1,1,45,12,1
612,3,2,3,1,0,46,13,1
612,4,3,3.783,0.783,1,47,14,1
613,1,0,0.429,0.429,0,21,0,1
614,1,0,1,1,1,39,11,1
614,2,1,2,1,1,40,12,1
614,3,2,3,1,1,41,13,1
614,4,3,4,1,0,42,14,1
614,5,4,5,1,0,43,15,1
614,6,5,6,1,0,44,16,1
614,7,6,7,1,0,45,17,1
614,8,7,7.159,0.159,0,46,18,1
615,1,0,1,1,0,51,1,1
615,2,1,2,1,0,52,2,1
615,3,2,2.066,0.066,1,53,3,1
616,1,0,1,1,0,75,5,1
616,2,1,2,1,0,76,6,1
616,3,2,3,1,0,77,7,1
616,4,3,4,1,0,78,8,1
616,5,4,5,1,0,79,9,1
616,6,5,6,1,0,80,10,1
616,7,6,6.084,0.084,0,81,11,1
617,1,0,1,1,0,35,7,1
617,2,1,2,1,0,36,8,1
617,3,2,3,1,0,37,9,1
617,4,3,4,1,1,38,10,1
617,5,4,4.753,0.753,0,39,11,1
618,1,0,1,1,0,29,8,1
618,2,1,2,1,0,30,9,1
618,3,2,2.585,0.585,0,31,10,1
619,1,0,1,1,0,53,8,1
619,2,1,2,1,0,54,9,1
619,3,2,3,1,0,55,10,1
619,4,3,4,1,0,56,11,1
619,5,4,5,1,0,57,12,1
619,6,5,6,1,0,58,13,1
619,7,6,7,1,0,59,14,1
619,8,7,7.667,0.667,0,60,15,1
620,1,0,1,1,0,48,12,1
620,2,1,2,1,0,49,13,1
620,3,2,3,1,0,50,14,1
620,4,3,4,1,0,51,15,1
620,5,4,4.958,0.958,0,52,16,1
621,1,0,1,1,0,70,5,1
621,2,1,2,1,0,71,6,1
621,3,2,3,1,0,72,7,1
621,4,3,4,1,0,73,8,1
621,5,4,5,1,0,74,9,1
621,6,5,6,1,0,75,10,1
621,7,6,6.072,0.072,0,76,11,1
622,1,0,1,1,0,33,6,1
622,2,1,1.83,0.83,0,34,7,1
623,1,0,1,1,0,49,8,1
623,2,1,2,1,1,50,9,1
623,3,2,3,1,0,51,10,1
623,4,3,4,1,0,52,11,1
623,5,4,5,1,0,53,12,1
623,6,5,6,1,0,54,13,1
623,7,6,6.811,0.811,1,55,14,1
624,1,0,1,1,0,44,13,1
624,2,1,2,1,0,45,14,1
624,3,2,3,1,0,46,15,1
624,4,3,4,1,0,47,16,1
624,5,4,5,1,0,48,17,1
624,6,5,6,1,0,49,18,1
624,7,6,7,1,0,50,19,1
624,8,7,8,1,0,51,20,1
624,9,8,9,1,0,52,21,1
624,10,9,9.565,0.565,0,53,22,1
625,1,0,1,1,0,34,6,1
625,2,1,2,1,0,35,7,1
625,3,2,3,1,0,36,8,1
625,4,3,4,1,0,37,9,1
625,5,4,4.506,0.506,0,38,10,1
626,1,0,1,1,0,42,10,1
626,2,1,2,1,0,43,11,1
626,3,2,3,1,0,44,12,1
626,4,3,4,1,0,45,13,1
626,5,4,5,1,2,46,14,1
626,6,5,5.462,0.462,0,47,15,1
627,1,0,1,1,1,29,12,1
627,2,1,2,1,0,30,13,1
627,3,2,3,1,0,31,14,1
627,4,3,4,1,0,32,15,1
627,5,4,4.416,0.416,0,33,16,1
628,1,0,1,1,0,23,9,1
628,2,1,1.299,0.299,0,24,10,1
629,1,0,1,1,0,32,16,1
629,2,1,1.075,0.075,0,33,17,1
630,1,0,1,1,0,40,0,1
630,2,1,2,1,0,41,1,1
630,3,2,2.4,0.4,0,42,2,1
631,1,0,1,1,0,64,13,1
631,2,1,1.576,0.576,0,65,14,1
632,1,0,0.324,0.324,0,18,0,1
633,1,0,1,1,0,67,8,1
633,2,1,1.012,0.012,0,68,9,1
634,1,0,1,1,0,18,9,1
634,2,1,2,1,1,19,10,1
634,3,2,3,1,0,20,11,1
634,4,3,4,1,0,21,12,1
634,5,4,5,1,0,22,13,1
634,6,5,5.797,0.797,0,23,14,1
635,1,0,1,1,0,42,5,1
635,2,1,2,1,0,43,6,1
635,3,2,2.348,0.348,1,44,7,1
636,1,0,1,1,0,45,4,1
636,2,1,2,1,0,46,5,1
636,3,2,3,1,0,47,6,1
636,4,3,4,1,0,48,7,1
636,5,4,5,1,0,49,8,1
636,6,5,6,1,1,50,9,1
636,7,6,7,1,0,51,10,1
636,8,7,8,1,0,52,11,1
636,9,8,8.457,0.457,1,53,12,1
637,1,0,1,1,0,29,11,1
637,2,1,2,1,0,30,12,1
637,3,2,3,1,0,31,13,1
637,4,3,4,1,0,32,14,1
637,5,4,5,1,0,33,15,1
637,6,5,5.836,0.836,0,34,16,1
638,1,0,1,1,0,61,7,1
638,2,1,2,1,0,62,8,1
638,3,2,3,1,0,63,9,1
638,4,3,3.444,0.444,0,64,10,1
639,1,0,1,1,0,18,5,1
639,2,1,2,1,0,19,6,1
639,3,2,2.008,0.008,0,20,7,1
640,1,0,1,1,0,49,4,1
640,2,1,2,1,0,50,5,1
640,3,2,3,1,0,51,6,1
640,4,3,4,1,0,52,7,1
640,5,4,5,1,0,53,8,1
640,6,5,5.899,0.899,0,54,9,1
641,1,0,1,1,0,26,17,1
641,2,1,2,1,0,27,18,1
641,3,2,3,1,0,28,19,1
641,4,3,4,1,0,29,20,1
641,5,4,5,1,0,30,21,1
641,6,5,5.156,0.156,0,31,22,1
642,1,0,1,1,0,29,13,1
642,2,1,2,1,0,30,14,1
642,3,2,2.135,0.135,0,31,15,1
643,1,0,1,1,0,51,4,1
643,2,1,2,1,0,52,5,1
643,3,2,3,1,0,53,6,1
643,4,3,4,1,0,54,7,1
643,5,4,5,1,0,55,8,1
643,6,5,6,1,0,56,9,1
643,7,6,6.283,0.283,0,57,10,1
644,1,0,0.514,0.514,2,18,5,1
645,1,0,1,1,0,37,8,1
645,2,1,2,1,0,38,9,1
645,3,2,3,1,0,39,10,1
645,4,3,4,1,0,40,11,1
645,5,4,5,1,0,41,12,1
645,6,5,5.197,0.197,0,42,13,1
646,1,0,1,1,0,60,13,1
646,2,1,2,1,0,61,14,1
646,3,2,3,1,0,62,15,1
646,4,3,4,1,0,63,16,1
646,5,4,5,1,0,64,17,1
646,6,5,6,1,0,65,18,1
646,7,6,7,1,0,66,19,1
646,8,7,7.489,0.489,0,67,20,1
647,1,0,1,1,0,48,7,1
647,2,1,2,1,0,49,8,1
647,3,2,2.503,0.503,0,50,9,1
648,1,0,1,1,0,31,7,1
648,2,1,1.946,0.946,0,32,8,1
649,1,0,1,1,0,53,2,1
649,2,1,1.476,0.476,0,54,3,1
650,1,0,1,1,0,53,7,1
650,2,1,2,1,0,54,8,1
650,3,2,2.62,0.62,0,55,9,1
651,1,0,1,1,1,28,7,1
651,2,1,2,1,0,29,8,1
651,3,2,3,1,1,30,9,1
651,4,3,4,1,0,31,10,1
651,5,4,5,1,0,32,11,1
651,6,5,6,1,0,33,12,1
651,7,6,7,1,0,34,13,1
651,8,7,8,1,0,35,14,1
651,9,8,9,1,0,36,15,1
651,10,9,9.255,0.255,0,37,16,1
652,1,0,1,1,0,44,7,1
652,2,1,2,1,0,45,8,1
652,3,2,2.039,0.039,0,46,9,1
653,1,0,1,1,0,64,5,1
653,2,1,2,1,0,65,6,1
653,3,2,3,1,0,66,7,1
653,4,3,4,1,1,67,8,1
653,5,4,4.559,0.559,0,68,9,1
654,1,0,1,1,0,23,7,1
654,2,1,2,1,0,24,8,1
654,3,2,3,1,0,25,9,1
654,4,3,4,1,0,26,10,1
654,5,4,5,1,0,27,11,1
654,6,5,6,1,0,28,12,1
654,7,6,6.356,0.356,0,29,13,1
655,1,0,1,1,0,22,6,1
655,2,1,2,1,0,23,7,1
655,3,2,2.361,0.361,0,24,8,1
656,1,0,1,1,0,50,8,1
656,2,1,2,1,0,51,9,1
656,3,2,3,1,0,52,10,1
656,4,3,4,1,0,53,11,1
656,5,4,4.296,0.296,1,54,12,1
657,1,0,1,1,0,44,7,1
657,2,1,2,1,0,45,8,1
657,3,2,2.911,0.911,0,46,9,1
658,1,0,1,1,0,37,7,1
658,2,1,1.502,0.502,0,38,8,1
659,1,0,1,1,0,32,0,1
659,2,1,2,1,0,33,1,1
659,3,2,2.11,0.11,0,34,2,1
660,1,0,1,1,0,33,8,1
660,2,1,2,1,0,34,9,1
660,3,2,2.702,0.702,0,35,10,1
661,1,0,1,1,0,38,4,1
661,2,1,2,1,0,39,5,1
661,3,2,3,1,1,40,6,1
661,4,3,3.201,0.201,0,41,7,1
662,1,0,1,1,0,46,14,1
662,2,1,2,1,0,47,15,1
662,3,2,2.953,0.953,0,48,16,1
663,1,0,1,1,0,66,5,1
663,2,1,2,1,0,67,6,1
663,3,2,3,1,0,68,7,1
663,4,3,4,1,0,69,8,1
663,5,4,5,1,0,70,9,1
663,6,5,5.12,0.12,0,71,10,1
664,1,0,1,1,0,53,11,1
664,2,1,2,1,0,54,12,1
664,3,2,3,1,0,55,13,1
664,4,3,4,1,0,56,14,1
664,5,4,4.435,0.435,0,57,15,1
665,1,0,1,1,0,69,10,1
665,2,1,2,1,0,70,11,1
665,3,2,3,1,0,71,12,1
665,4,3,4,1,0,72,13,1
665,5,4,5,1,0,73,14,1
665,6,5,6,1,0,74,15,1
665,7,6,6.148,0.148,0,75,16,1
666,1,0,1,1,0,29,0,1
666,2,1,2,1,0,30,1,1
666,3,2,3,1,0,31,2,1
666,4,3,4,1,0,32,3,1
666,5,4,5,1,0,33,4,1
666,6,5,6,1,0,34,5,1
666,7,6,6.669,0.669,0,35,6,1
667,1,0,1,1,1,66,4,1
667,2,1,2,1,0,67,5,1
667,3,2,3,1,1,68,6,1
667,4,3,4,1,0,69,7,1
667,5,4,4.055,0.055,0,70,8,1
668,1,0,1,1,0,37,15,1
668,2,1,2,1,0,38,16,1
668,3,2,3,1,0,39,17,1
668,4,3,3.55,0.55,0,40,18,1
669,1,0,1,1,1,29,7,1
669,2,1,2,1,0,30,8,1
669,3,2,3,1,2,31,9,1
669,4,3,4,1,0,32,10,1
669,5,4,5,1,0,33,11,1
669,6,5,6,1,0,34,12,1
669,7,6,6.505,0.505,0,35,13,1
670,1,0,1,1,0,38,4,1
670,2,1,2,1,0,39,5,1
670,3,2,3,1,0,40,6,1
670,4,3,3.372,0.372,0,41,7,1
671,1,0,1,1,0,81,5,1
671,2,1,1.407,0.407,0,82,6,1
672,1,0,1,1,0,53,5,1
672,2,1,2,1,0,54,6,1
672,3,2,2.653,0.653,0,55,7,1
673,1,0,1,1,0,36,10,1
673,2,1,2,1,0,37,11,1
673,3,2,3,1,0,38,12,1
673,4,3,4,1,0,39,13,1
673,5,4,5,1,0,40,14,1
673,6,5,6,1,1,41,15,1
673,7,6,7,1,0,42,16,1
673,8,7,7.378,0.378,0,43,17,1
674,1,0,1,1,0,34,6,1
674,2,1,2,1,0,35,7,1
674,3,2,2.569,0.569,0,36,8,1
675,1,0,1,1,0,53,5,1
675,2,1,2,1,0,54,6,1
675,3,2,2.868,0.868,0,55,7,1
676,1,0,1,1,0,50,7,1
676,2,1,1.699,0.699,1,51,8,1
677,1,0,0.318,0.318,0,33,9,1
678,1,0,1,1,0,65,12,1
678,2,1,2,1,0,66,13,1
678,3,2,3,1,0,67,14,1
678,4,3,4,1,0,68,15,1
678,5,4,5,1,0,69,16,1
678,6,5,5.806,0.806,0,70,17,1
679,1,0,1,1,0,34,9,1
679,2,1,2,1,0,35,10,1
679,3,2,3,1,0,36,11,1
679,4,3,3.084,0.084,0,37,12,1
680,1,0,1,1,0,71,9,1
680,2,1,2,1,0,72,10,1
680,3,2,2.897,0.897,0,73,11,1
681,1,0,1,1,0,36,14,1
681,2,1,2,1,0,37,15,1
681,3,2,3,1,0,38,16,1
681,4,3,4,1,0,39,17,1
681,5,4,5,1,0,40,18,1
681,6,5,5.186,0.186,0,41,19,1
682,1,0,1,1,0,70,11,1
682,2,1,2,1,0,71,12,1
682,3,2,3,1,0,72,13,1
682,4,3,4,1,2,73,14,1
682,5,4,5,1,0,74,15,1
682,6,5,6,1,0,75,16,1
682,7,6,6.228,0.228,0,76,17,1
683,1,0,1,1,0,47,6,1
683,2,1,2,1,0,48,7,1
683,3,2,3,1,0,49,8,1
683,4,3,4,1,0,50,9,1
683,5,4,4.251,0.251,0,51,10,1
684,1,0,1,1,0,34,16,1
684,2,1,2,1,0,35,17,1
684,3,2,3,1,0,36,18,1
684,4,3,4,1,0,37,19,1
684,5,4,5,1,0,38,20,1
684,6,5,5.613,0.613,0,39,21,1
685,1,0,0.914,0.914,0,44,6,1
686,1,0,1,1,0,74,1,1
686,2,1,2,1,0,75,2,1
686,3,2,3,1,0,76,3,1
686,4,3,4,1,0,77,4,1
686,5,4,5,1,0,78,5,1
686,6,5,6,1,0,79,6,1
686,7,6,7,1,0,80,7,1
686,8,7,8,1,0,81,8,1
686,9,8,9,1,0,82,9,1
686,10,9,9.179,0.179,0,83,10,1
687,1,0,1,1,0,18,13,1
687,2,1,2,1,0,19,14,1
687,3,2,3,1,1,20,15,1
687,4,3,3.668,0.668,0,21,16,1
688,1,0,1,1,1,20,12,1
688,2,1,2,1,0,21,13,1
688,3,2,3,1,1,22,14,1
688,4,3,4,1,0,23,15,1
688,5,4,5,1,1,24,16,1
688,6,5,6,1,2,25,17,1
688,7,6,7,1,1,26,18,1
688,8,7,7.424,0.424,0,27,19,1
689,1,0,1,1,0,52,1,1
689,2,1,1.923,0.923,0,53,2,1
690,1,0,1,1,0,32,12,1
690,2,1,2,1,0,33,13,1
690,3,2,2.038,0.038,0,34,14,1
691,1,0,1,1,0,18,3,1
691,2,1,2,1,0,19,4,1
691,3,2,3,1,0,20,5,1
691,4,3,3.903,0.903,0,21,6,1
692,1,0,1,1,0,59,10,1
692,2,1,2,1,0,60,11,1
692,3,2,2.986,0.986,0,61,12,1
693,1,0,1,1,0,36,0,1
693,2,1,2,1,0,37,1,1
693,3,2,2.22,0.22,0,38,2,1
694,1,0,1,1,1,46,17,1
694,2,1,1.13,0.13,0,47,18,1
695,1,0,1,1,0,58,4,1
695,2,1,2,1,0,59,5,1
695,3,2,3,1,0,60,6,1
695,4,3,4,1,0,61,7,1
695,5,4,5,1,0,62,8,1
695,6,5,6,1,0,63,9,1
695,7,6,7,1,0,64,10,1
695,8,7,8,1,0,65,11,1
695,9,8,8.254,0.254,0,66,12,1
696,1,0,1,1,0,41,11,1
696,2,1,1.265,0.265,0,42,12,1
697,1,0,1,1,0,49,0,1
697,2,1,2,1,0,50,1,1
697,3,2,3,1,0,51,2,1
697,4,3,3.383,0.383,0,52,3,1
698,1,0,1,1,0,63,17,1
698,2,1,2,1,0,64,18,1
698,3,2,3,1,0,65,19,1
698,4,3,4,1,0,66,20,1
698,5,4,4.804,0.804,0,67,21,1
699,1,0,1,1,0,53,0,1
699,2,1,2,1,0,54,1,1
699,3,2,2.02,0.02,0,55,2,1
700,1,0,1,1,0,40,13,1
700,2,1,2,1,0,41,14,1
700,3,2,3,1,0,42,15,1
700,4,3,4,1,0,43,16,1
700,5,4,4.104,0.104,0,44,17,1
701,1,0,1,1,0,24,7,1
701,2,1,2,1,0,25,8,1
701,3,2,2.826,0.826,0,26,9,1
702,1,0,1,1,0,32,6,1
702,2,1,2,1,0,33,7,1
702,3,2,3,1,0,34,8,1
702,4,3,4,1,1,35,9,1
702,5,4,4.884,0.884,0,36,10,1
703,1,0,1,1,0,57,9,1
703,2,1,2,1,0,58,10,1
703,3,2,3,1,1,59,11,1
703,4,3,4,1,0,60,12,1
703,5,4,5,1,0,61,13,1
703,6,5,6,1,0,62,14,1
703,7,6,7,1,0,63,15,1
703,8,7,8,1,0,64,16,1
703,9,8,8.724,0.724,0,65,17,1
704,1,0,1,1,0,54,10,1
704,2,1,2,1,0,55,11,1
704,3,2,3,1,0,56,12,1
704,4,3,3.422,0.422,0,57,13,1
705,1,0,1,1,0,29,0,1
705,2,1,2,1,0,30,1,1
705,3,2,3,1,0,31,2,1
705,4,3,4,1,0,32,3,1
705,5,4,5,1,0,33,4,1
705,6,5,5.598,0.598,0,34,5,1
706,1,0,1,1,0,42,3,1
706,2,1,1.702,0.702,0,43,4,1
707,1,0,1,1,0,47,6,1
707,2,1,2,1,0,48,7,1
707,3,2,2.576,0.576,0,49,8,1
708,1,0,1,1,0,32,4,1
708,2,1,1.098,0.098,0,33,5,1
709,1,0,1,1,0,27,11,1
709,2,1,2,1,0,28,12,1
709,3,2,2.579,0.579,0,29,13,1
710,1,0,1,1,0,28,0,1
710,2,1,1.669,0.669,0,29,1,1
711,1,0,1,1,0,38,13,1
711,2,1,2,1,0,39,14,1
711,3,2,3,1,0,40,15,1
711,4,3,3.538,0.538,0,41,16,1
712,1,0,1,1,0,51,15,1
712,2,1,2,1,0,52,16,1
712,3,2,3,1,0,53,17,1
712,4,3,4,1,0,54,18,1
712,5,4,4.503,0.503,0,55,19,1
713,1,0,1,1,0,36,0,1
713,2,1,2,1,0,37,1,1
713,3,2,3,1,0,38,2,1
713,4,3,4,1,1,39,3,1
713,5,4,5,1,0,40,4,1
713,6,5,6,1,0,41,5,1
713,7,6,7,1,0,42,6,1
713,8,7,8,1,0,43,7,1
713,9,8,9,1,0,44,8,1
713,10,9,9.265,0.265,0,45,9,1
714,1,0,1,1,0,49,3,1
714,2,1,2,1,0,50,4,1
714,3,2,2.83,0.83,0,51,5,1
715,1,0,1,1,0,18,5,1
715,2,1,1.269,0.269,0,19,6,1
716,1,0,1,1,0,59,9,1
716,2,1,1.273,0.273,0,60,10,1
717,1,0,1,1,0,28,10,1
717,2,1,2,1,0,29,11,1
717,3,2,3,1,0,30,12,1
717,4,3,4,1,0,31,13,1
717,5,4,5,1,0,32,14,1
717,6,5,6,1,0,33,15,1
717,7,6,6.775,0.775,0,34,16,1
718,1,0,1,1,0,57,11,1
718,2,1,2,1,0,58,12,1
718,3,2,3,1,0,59,13,1
718,4,3,4,1,0,60,14,1
718,5,4,5,1,0,61,15,1
718,6,5,6,1,0,62,16,1
718,7,6,7,1,0,63,17,1
718,8,7,7.755,0.755,0,64,18,1
719,1,0,1,1,0,60,3,1
719,2,1,1.807,0.807,0,61,4,1
720,1,0,1,1,0,43,16,1
720,2,1,2,1,0,44,17,1
720,3,2,3,1,1,45,18,1
720,4,3,4,1,0,46,19,1
720,5,4,5,1,0,47,20,1
720,6,5,6,1,0,48,21,1
720,7,6,7,1,0,49,22,1
720,8,7,8,1,0,50,23,1
720,9,8,9,1,0,51,24,1
720,10,9,9.22,0.22,0,52,25,1
721,1,0,1,1,0,40,3,1
721,2,1,2,1,0,41,4,1
721,3,2,2.631,0.631,0,42,5,1
722,1,0,1,1,0,44,6,1
722,2,1,2,1,0,45,7,1
722,3,2,3,1,0,46,8,1
722,4,3,4,1,0,47,9,1
722,5,4,4.265,0.265,0,48,10,1
723,1,0,1,1,0,40,1,1
723,2,1,2,1,0,41,2,1
723,3,2,3,1,0,42,3,1
723,4,3,4,1,0,43,4,1
723,5,4,5,1,0,44,5,1
723,6,5,6,1,0,45,6,1
723,7,6,7,1,0,46,7,1
723,8,7,8,1,0,47,8,1
723,9,8,8.257,0.257,0,48,9,1
724,1,0,1,1,0,40,6,1
724,2,1,2,1,0,41,7,1
724,3,2,2.067,0.067,0,42,8,1
725,1,0,1,1,0,18,11,1
725,2,1,2,1,0,19,12,1
725,3,2,3,1,0,20,13,1
725,4,3,4,1,0,21,14,1
725,5,4,5,1,0,22,15,1
725,6,5,6,1,0,23,16,1
725,7,6,7,1,0,24,17,1
725,8,7,7.374,0.374,0,25,18,1
726,1,0,1,1,0,55,13,1
726,2,1,2,1,0,56,14,1
726,3,2,3,1,0,57,15,1
726,4,3,4,1,0,58,16,1
726,5,4,5,1,0,59,17,1
726,6,5,6,1,0,60,18,1
726,7,6,7,1,0,61,19,1
726,8,7,7.397,0.397,0,62,20,1
727,1,0,1,1,0,37,7,1
727,2,1,2,1,0,38,8,1
727,3,2,3,1,0,39,9,1
727,4,3,4,1,0,40,10,1
727,5,4,5,1,0,41,11,1
727,6,5,5.685,0.685,0,42,12,1
728,1,0,1,1,0,55,4,1
728,2,1,2,1,0,56,5,1
728,3,2,3,1,0,57,6,1
728,4,3,4,1,0,58,7,1
728,5,4,4.273,0.273,0,59,8,1
729,1,0,1,1,0,19,11,1
729,2,1,2,1,0,20,12,1
729,3,2,3,1,0,21,13,1
729,4,3,3.043,0.043,0,22,14,1
730,1,0,1,1,0,33,21,1
730,2,1,2,1,0,34,22,1
730,3,2,2.903,0.903,0,35,23,1
731,1,0,1,1,1,51,7,1
731,2,1,2,1,0,52,8,1
731,3,2,3,1,0,53,9,1
731,4,3,4,1,0,54,10,1
731,5,4,5,1,0,55,11,1
731,6,5,5.327,0.327,0,56,12,1
732,1,0,1,1,0,27,9,1
732,2,1,2,1,0,28,10,1
732,3,2,3,1,0,29,11,1
732,4,3,4,1,1,30,12,1
732,5,4,5,1,0,31,13,1
732,6,5,5.018,0.018,0,32,14,1
733,1,0,1,1,0,60,13,1
733,2,1,2,1,0,61,14,1
733,3,2,3,1,0,62,15,1
733,4,3,4,1,0,63,16,1
733,5,4,5,1,0,64,17,1
733,6,5,6,1,0,65,18,1
733,7,6,6.201,0.201,0,66,19,1
734,1,0,1,1,0,18,5,1
734,2,1,2,1,0,19,6,1
734,3,2,3,1,0,20,7,1
734,4,3,4,1,0,21,8,1
734,5,4,4.753,0.753,0,22,9,1
735,1,0,1,1,0,30,12,1
735,2,1,2,1,1,31,13,1
735,3,2,3,1,0,32,14,1
735,4,3,3.578,0.578,0,33,15,1
736,1,0,1,1,0,50,11,1
736,2,1,2,1,0,51,12,1
736,3,2,3,1,0,52,13,1
736,4,3,4,1,0,53,14,1
736,5,4,5,1,0,54,15,1
736,6,5,6,1,0,55,16,1
736,7,6,7,1,0,56,17,1
736,8,7,8,1,0,57,18,1
736,9,8,8.245,0.245,0,58,19,1
737,1,0,1,1,0,59,14,1
737,2,1,2,1,0,60,15,1
737,3,2,2.869,0.869,0,61,16,1
738,1,0,1,1,0,62,5,1
738,2,1,2,1,0,63,6,1
738,3,2,3,1,0,64,7,1
738,4,3,4,1,0,65,8,1
738,5,4,4.239,0.239,0,66,9,1
739,1,0,1,1,0,38,4,1
739,2,1,2,1,0,39,5,1
739,3,2,3,1,0,40,6,1
739,4,3,3.044,0.044,0,41,7,1
740,1,0,1,1,0,43,9,1
740,2,1,2,1,0,44,10,1
740,3,2,3,1,0,45,11,1
740,4,3,4,1,0,46,12,1
740,5,4,5,1,0,47,13,1
740,6,5,5.712,0.712,0,48,14,1
741,1,0,1,1,0,57,2,1
741,2,1,2,1,0,58,3,1
741,3,2,3,1,0,59,4,1
741,4,3,4,1,0,60,5,1
741,5,4,5,1,0,61,6,1
741,6,5,6,1,0,62,7,1
741,7,6,7,1,0,63,8,1
741,8,7,8,1,0,64,9,1
741,9,8,8.876,0.876,0,65,10,1
742,1,0,1,1,0,18,9,1
742,2,1,2,1,0,19,10,1
742,3,2,3,1,0,20,11,1
742,4,3,3.269,0.269,0,21,12,1
743,1,0,1,1,0,52,20,1
743,2,1,2,1,0,53,21,1
743,3,2,3,1,0,54,22,1
743,4,3,4,1,0,55,23,1
743,5,4,5,1,0,56,24,1
743,6,5,6,1,0,57,25,1
743,7,6,7,1,0,58,26,1
743,8,7,8,1,0,59,27,1
743,9,8,9,1,0,60,28,1
743,10,9,9.983,0.983,0,61,29,1
744,1,0,1,1,0,61,4,1
744,2,1,2,1,0,62,5,1
744,3,2,3,1,0,63,6,1
744,4,3,4,1,0,64,7,1
744,5,4,5,1,0,65,8,1
744,6,5,6,1,0,66,9,1
744,7,6,7,1,0,67,10,1
744,8,7,8,1,0,68,11,1
744,9,8,8.382,0.382,0,69,12,1
745,1,0,0.447,0.447,0,32,10,1
746,1,0,1,1,2,51,17,1
746,2,1,2,1,1,52,18,1
746,3,2,2.938,0.938,1,53,19,1
747,1,0,1,1,0,22,12,1
747,2,1,1.389,0.389,0,23,13,1
748,1,0,1,1,0,32,6,1
748,2,1,2,1,0,33,7,1
748,3,2,3,1,0,34,8,1
748,4,3,3.628,0.628,1,35,9,1
749,1,0,1,1,0,27,2,1
749,2,1,1.835,0.835,0,28,3,1
750,1,0,1,1,0,48,7,1
750,2,1,2,1,0,49,8,1
750,3,2,3,1,0,50,9,1
750,4,3,4,1,0,51,10,1
750,5,4,5,1,0,52,11,1
750,6,5,5.996,0.996,0,53,12,1
751,1,0,1,1,0,25,7,1
751,2,1,2,1,0,26,8,1
751,3,2,3,1,0,27,9,1
751,4,3,3.948,0.948,1,28,10,1
752,1,0,1,1,0,28,1,1
752,2,1,2,1,1,29,2,1
752,3,2,3,1,0,30,3,1
752,4,3,3.881,0.881,0,31,4,1
753,1,0,1,1,0,40,15,1
753,2,1,2,1,0,41,16,1
753,3,2,3,1,0,42,17,1
753,4,3,4,1,0,43,18,1
753,5,4,5,1,0,44,19,1
753,6,5,5.696,0.696,0,45,20,1
754,1,0,1,1,0,31,1,1
754,2,1,2,1,0,32,2,1
754,3,2,3,1,0,33,3,1
754,4,3,3.838,0.838,0,34,4,1
755,1,0,1,1,0,45,0,1
755,2,1,2,1,0,46,1,1
755,3,2,3,1,0,47,2,1
755,4,3,4,1,0,48,3,1
755,5,4,5,1,0,49,4,1
755,6,5,6,1,0,50,5,1
755,7,6,7,1,0,51,6,1
755,8,7,8,1,0,52,7,1
755,9,8,9,1,0,53,8,1
755,10,9,9.615,0.615,0,54,9,1
756,1,0,1,1,1,52,0,1
756,2,1,2,1,0,53,1,1
756,3,2,3,1,0,54,2,1
756,4,3,4,1,0,55,3,1
756,5,4,4.779,0.779,0,56,4,1
757,1,0,1,1,0,43,10,1
757,2,1,2,1,0,44,11,1
757,3,2,3,1,0,45,12,1
757,4,3,4,1,0,46,13,1
757,5,4,5,1,0,47,14,1
757,6,5,5.484,0.484,0,48,15,1
758,1,0,1,1,0,62,5,1
758,2,1,2,1,0,63,6,1
758,3,2,2.526,0.526,0,64,7,1
759,1,0,1,1,0,40,14,1
759,2,1,2,1,0,41,15,1
759,3,2,3,1,0,42,16,1
759,4,3,3.314,0.314,0,43,17,1
760,1,0,1,1,1,53,0,1
760,2,1,2,1,0,54,1,1
760,3,2,3,1,0,55,2,1
760,4,3,4,1,0,56,3,1
760,5,4,5,1,0,57,4,1
760,6,5,5.962,0.962,0,58,5,1
761,1,0,1,1,0,36,15,1
761,2,1,1.873,0.873,0,37,16,1
762,1,0,1,1,0,57,13,1
762,2,1,2,1,0,58,14,1
762,3,2,3,1,1,59,15,1
762,4,3,4,1,0,60,16,1
762,5,4,5,1,0,61,17,1
762,6,5,5.564,0.564,0,62,18,1
763,1,0,1,1,0,39,1,1
763,2,1,2,1,0,40,2,1
763,3,2,2.991,0.991,0,41,3,1
764,1,0,1,1,1,49,5,1
764,2,1,2,1,0,50,6,1
764,3,2,3,1,0,51,7,1
764,4,3,4,1,0,52,8,1
764,5,4,5,1,0,53,9,1
764,6,5,5.675,0.675,0,54,10,1
765,1,0,1,1,0,79,10,1
765,2,1,2,1,0,80,11,1
765,3,2,3,1,0,81,12,1
765,4,3,4,1,0,82,13,1
765,5,4,4.09,0.09,0,83,14,1
766,1,0,1,1,1,44,3,1
766,2,1,2,1,0,45,4,1
766,3,2,2.231,0.231,0,46,5,1
767,1,0,1,1,0,43,0,1
767,2,1,2,1,0,44,1,1
767,3,2,3,1,1,45,2,1
767,4,3,4,1,0,46,3,1
767,5,4,5,1,0,47,4,1
767,6,5,6,1,0,48,5,1
767,7,6,7,1,0,49,6,1
767,8,7,7.868,0.868,0,50,7,1
768,1,0,1,1,0,39,9,1
768,2,1,2,1,0,40,10,1
768,3,2,3,1,0,41,11,1
768,4,3,3.025,0.025,0,42,12,1
769,1,0,1,1,0,82,12,1
769,2,1,2,1,0,83,13,1
769,3,2,2.802,0.802,0,84,14,1
770,1,0,1,1,0,43,1,1
770,2,1,2,1,1,44,2,1
770,3,2,2.144,0.144,0,45,3,1
771,1,0,1,1,0,42,1,1
771,2,1,2,1,0,43,2,1
771,3,2,3,1,0,44,3,1
771,4,3,4,1,0,45,4,1
771,5,4,4.375,0.375,0,46,5,1
772,1,0,1,1,0,47,0,1
772,2,1,2,1,0,48,1,1
772,3,2,3,1,0,49,2,1
772,4,3,4,1,0,50,3,1
772,5,4,5,1,0,51,4,1
772,6,5,6,1,0,52,5,1
772,7,6,7,1,0,53,6,1
772,8,7,7.648,0.648,0,54,7,1
773,1,0,1,1,0,38,9,1
773,2,1,2,1,0,39,10,1
773,3,2,3,1,0,40,11,1
773,4,3,3.995,0.995,0,41,12,1
774,1,0,1,1,0,18,6,1
774,2,1,2,1,0,19,7,1
774,3,2,3,1,0,20,8,1
774,4,3,3.212,0.212,0,21,9,1
775,1,0,1,1,0,27,16,1
775,2,1,2,1,0,28,17,1
775,3,2,3,1,0,29,18,1
775,4,3,4,1,0,30,19,1
775,5,4,4.077,0.077,0,31,20,1
776,1,0,1,1,0,41,7,1
776,2,1,2,1,1,42,8,1
776,3,2,3,1,0,43,9,1
776,4,3,4,1,0,44,10,1
776,5,4,5,1,0,45,11,1
776,6,5,6,1,0,46,12,1
776,7,6,7,1,0,47,13,1
776,8,7,7.275,0.275,0,48,14,1
777,1,0,1,1,0,49,0,1
777,2,1,2,1,0,50,1,1
777,3,2,2.8,0.8,0,51,2,1
778,1,0,1,1,0,32,0,1
778,2,1,2,1,0,33,1,1
778,3,2,3,1,0,34,2,1
778,4,3,4,1,0,35,3,1
778,5,4,5,1,0,36,4,1
778,6,5,6,1,0,37,5,1
778,7,6,7,1,0,38,6,1
778,8,7,7.221,0.221,0,39,7,1
779,1,0,1,1,1,35,5,1
779,2,1,2,1,1,36,6,1
779,3,2,3,1,1,37,7,1
779,4,3,4,1,0,38,8,1
779,5,4,5,1,2,39,9,1
779,6,5,5.805,0.805,1,40,10,1
780,1,0,1,1,0,60,9,1
780,2,1,1.598,0.598,0,61,10,1
781,1,0,1,1,0,42,2,1
781,2,1,2,1,0,43,3,1
781,3,2,2.227,0.227,0,44,4,1
782,1,0,1,1,0,49,10,1
782,2,1,2,1,0,50,11,1
782,3,2,3,1,0,51,12,1
782,4,3,4,1,0,52,13,1
782,5,4,4.13,0.13,0,53,14,1
783,1,0,1,1,0,45,0,1
783,2,1,2,1,0,46,1,1
783,3,2,2.502,0.502,0,47,2,1
784,1,0,1,1,0,32,2,1
784,2,1,1.747,0.747,0,33,3,1
785,1,0,1,1,0,18,10,1
785,2,1,2,1,0,19,11,1
785,3,2,3,1,0,20,12,1
785,4,3,3.663,0.663,0,21,13,1
786,1,0,1,1,0,61,3,1
786,2,1,2,1,0,62,4,1
786,3,2,2.186,0.186,0,63,5,1
787,1,0,1,1,0,53,9,1
787,2,1,2,1,0,54,10,1
787,3,2,3,1,0,55,11,1
787,4,3,3.274,0.274,0,56,12,1
788,1,0,1,1,0,55,0,1
788,2,1,2,1,0,56,1,1
788,3,2,3,1,0,57,2,1
788,4,3,3.802,0.802,1,58,3,1
789,1,0,1,1,0,25,2,1
789,2,1,2,1,0,26,3,1
789,3,2,3,1,0,27,4,1
789,4,3,4,1,0,28,5,1
789,5,4,4.752,0.752,0,29,6,1
790,1,0,1,1,0,49,7,1
790,2,1,2,1,0,50,8,1
790,3,2,2.69,0.69,0,51,9,1
791,1,0,1,1,0,66,9,1
791,2,1,2,1,0,67,10,1
791,3,2,3,1,0,68,11,1
791,4,3,3.295,0.295,0,69,12,1
792,1,0,1,1,0,40,5,1
792,2,1,2,1,0,41,6,1
792,3,2,3,1,0,42,7,1
792,4,3,4,1,0,43,8,1
792,5,4,4.573,0.573,0,44,9,1
793,1,0,1,1,0,37,10,1
793,2,1,2,1,0,38,11,1
793,3,2,2.984,0.984,0,39,12,1
794,1,0,1,1,0,62,5,1
794,2,1,2,1,0,63,6,1
794,3,2,3,1,0,64,7,1
794,4,3,4,1,1,65,8,1
794,5,4,5,1,0,66,9,1
794,6,5,6,1,0,67,10,1
794,7,6,6.19,0.19,0,68,11,1
795,1,0,1,1,0,54,19,1
795,2,1,2,1,0,55,20,1
795,3,2,3,1,0,56,21,1
795,4,3,4,1,0,57,22,1
795,5,4,5,1,0,58,23,1
795,6,5,6,1,0,59,24,1
795,7,6,7,1,0,60,25,1
795,8,7,7.465,0.465,0,61,26,1
796,1,0,1,1,0,48,0,1
796,2,1,2,1,0,49,1,1
796,3,2,2.208,0.208,0,50,2,1
797,1,0,1,1,1,58,6,1
797,2,1,2,1,0,59,7,1
797,3,2,3,1,1,60,8,1
797,4,3,4,1,0,61,9,1
797,5,4,4.168,0.168,0,62,10,1
798,1,0,1,1,0,63,6,1
798,2,1,2,1,0,64,7,1
798,3,2,3,1,1,65,8,1
798,4,3,4,1,0,66,9,1
798,5,4,5,1,0,67,10,1
798,6,5,6,1,0,68,11,1
798,7,6,6.7,0.7,0,69,12,1
799,1,0,1,1,0,49,3,1
799,2,1,1.136,0.136,0,50,4,1
800,1,0,1,1,1,28,15,1
800,2,1,2,1,2,29,16,1
800,3,2,3,1,0,30,17,1
800,4,3,4,1,1,31,18,1
800,5,4,5,1,1,32,19,1
800,6,5,6,1,2,33,20,1
800,7,6,7,1,1,34,21,1
800,8,7,8,1,0,35,22,1
800,9,8,8.166,0.166,0,36,23,1
801,1,0,1,1,0,62,14,1
801,2,1,2,1,0,63,15,1
801,3,2,3,1,0,64,16,1
801,4,3,3.337,0.337,0,65,17,1
802,1,0,1,1,0,26,0,1
802,2,1,2,1,0,27,1,1
802,3,2,3,1,0,28,2,1
802,4,3,4,1,1,29,3,1
802,5,4,5,1,0,30,4,1
802,6,5,6,1,0,31,5,1
802,7,6,7,1,0,32,6,1
802,8,7,8,1,0,33,7,1
802,9,8,9,1,0,34,8,1
802,10,9,9.219,0.219,0,35,9,1
803,1,0,1,1,0,36,7,1
803,2,1,2,1,0,37,8,1
803,3,2,2.217,0.217,0,38,9,1
804,1,0,1,1,0,41,7,1
804,2,1,2,1,1,42,8,1
804,3,2,2.265,0.265,0,43,9,1
805,1,0,1,1,0,18,8,1
805,2,1,2,1,1,19,9,1
805,3,2,3,1,0,20,10,1
805,4,3,4,1,0,21,11,1
805,5,4,5,1,0,22,12,1
805,6,5,6,1,0,23,13,1
805,7,6,7,1,0,24,14,1
805,8,7,8,1,0,25,15,1
805,9,8,8.163,0.163,0,26,16,1
806,1,0,1,1,1,41,0,1
806,2,1,1.908,0.908,2,42,1,1
807,1,0,1,1,0,53,3,1
807,2,1,2,1,0,54,4,1
807,3,2,3,1,0,55,5,1
807,4,3,4,1,0,56,6,1
807,5,4,4.099,0.099,0,57,7,1
808,1,0,1,1,0,49,3,1
808,2,1,2,1,0,50,4,1
808,3,2,2.577,0.577,0,51,5,1
809,1,0,1,1,0,18,12,1
809,2,1,2,1,0,19,13,1
809,3,2,2.019,0.019,0,20,14,1
810,1,0,0.73,0.73,0,47,11,1
811,1,0,1,1,0,52,6,1
811,2,1,2,1,0,53,7,1
811,3,2,3,1,1,54,8,1
811,4,3,4,1,0,55,9,1
811,5,4,5,1,0,56,10,1
811,6,5,6,1,0,57,11,1
811,7,6,6.118,0.118,0,58,12,1
812,1,0,1,1,0,39,5,1
812,2,1,2,1,0,40,6,1
812,3,2,3,1,1,41,7,1
812,4,3,4,1,0,42,8,1
812,5,4,5,1,0,43,9,1
812,6,5,6,1,0,44,10,1
812,7,6,7,1,0,45,11,1
812,8,7,7.033,0.033,0,46,12,1
813,1,0,0.85,0.85,0,47,15,1
814,1,0,1,1,0,41,6,1
814,2,1,2,1,0,42,7,1
814,3,2,3,1,0,43,8,1
814,4,3,4,1,0,44,9,1
814,5,4,5,1,0,45,10,1
814,6,5,6,1,0,46,11,1
814,7,6,6.511,0.511,1,47,12,1
815,1,0,1,1,1,58,15,1
815,2,1,2,1,0,59,16,1
815,3,2,3,1,0,60,17,1
815,4,3,4,1,0,61,18,1
815,5,4,5,1,0,62,19,1
815,6,5,6,1,0,63,20,1
815,7,6,6.756,0.756,0,64,21,1
816,1,0,1,1,0,70,8,1
816,2,1,2,1,0,71,9,1
816,3,2,2.592,0.592,0,72,10,1
817,1,0,1,1,1,72,7,1
817,2,1,2,1,0,73,8,1
817,3,2,3,1,0,74,9,1
817,4,3,4,1,0,75,10,1
817,5,4,5,1,0,76,11,1
817,6,5,5.368,0.368,0,77,12,1
818,1,0,1,1,0,18,1,1
818,2,1,1.732,0.732,0,19,2,1
819,1,0,1,1,0,37,2,1
819,2,1,2,1,0,38,3,1
819,3,2,3,1,0,39,4,1
819,4,3,4,1,0,40,5,1
819,5,4,4.189,0.189,0,41,6,1
820,1,0,1,1,0,65,4,1
820,2,1,2,1,0,66,5,1
820,3,2,3,1,0,67,6,1
820,4,3,4,1,0,68,7,1
820,5,4,5,1,0,69,8,1
820,6,5,6,1,0,70,9,1
820,7,6,6.962,0.962,0,71,10,1
821,1,0,1,1,0,50,11,1
821,2,1,1.024,0.024,0,51,12,1
822,1,0,1,1,0,44,12,1
822,2,1,2,1,0,45,13,1
822,3,2,3,1,0,46,14,1
822,4,3,4,1,0,47,15,1
822,5,4,5,1,0,48,16,1
822,6,5,6,1,0,49,17,1
822,7,6,7,1,0,50,18,1
822,8,7,7.063,0.063,0,51,19,1
823,1,0,1,1,0,41,7,1
823,2,1,2,1,0,42,8,1
823,3,2,3,1,0,43,9,1
823,4,3,4,1,1,44,10,1
823,5,4,4.681,0.681,0,45,11,1
824,1,0,1,1,0,26,19,1
824,2,1,2,1,0,27,20,1
824,3,2,2.626,0.626,0,28,21,1
825,1,0,1,1,0,36,5,1
825,2,1,2,1,0,37,6,1
825,3,2,3,1,0,38,7,1
825,4,3,4,1,0,39,8,1
825,5,4,5,1,0,40,9,1
825,6,5,6,1,0,41,10,1
825,7,6,6.64,0.64,1,42,11,1
826,1,0,1,1,0,69,6,1
826,2,1,1.61,0.61,0,70,7,1
827,1,0,1,1,2,47,17,1
827,2,1,2,1,0,48,18,1
827,3,2,2.947,0.947,1,49,19,1
828,1,0,1,1,0,59,10,1
828,2,1,1.749,0.749,0,60,11,1
829,1,0,1,1,0,53,11,1
829,2,1,2,1,0,54,12,1
829,3,2,3,1,0,55,13,1
829,4,3,4,1,0,56,14,1
829,5,4,4.134,0.134,0,57,15,1
830,1,0,1,1,0,41,4,1
830,2,1,2,1,0,42,5,1
830,3,2,3,1,0,43,6,1
830,4,3,4,1,0,44,7,1
830,5,4,4.942,0.942,0,45,8,1
831,1,0,1,1,0,51,7,1
831,2,1,2,1,0,52,8,1
831,3,2,3,1,0,53,9,1
831,4,3,4,1,0,54,10,1
831,5,4,5,1,0,55,11,1
831,6,5,6,1,0,56,12,1
831,7,6,6.169,0.169,0,57,13,1
832,1,0,0.453,0.453,0,54,8,1
833,1,0,1,1,0,59,4,1
833,2,1,2,1,0,60,5,1
833,3,2,2.281,0.281,0,61,6,1
834,1,0,1,1,0,62,8,1
834,2,1,1.49,0.49,0,63,9,1
835,1,0,1,1,0,62,16,1
835,2,1,2,1,0,63,17,1
835,3,2,2.073,0.073,0,64,18,1
836,1,0,0.584,0.584,1,75,9,1
837,1,0,1,1,0,75,5,1
837,2,1,2,1,1,76,6,1
837,3,2,3,1,0,77,7,1
837,4,3,4,1,0,78,8,1
837,5,4,5,1,0,79,9,1
837,6,5,6,1,1,80,10,1
837,7,6,7,1,0,81,11,1
837,8,7,7.636,0.636,0,82,12,1
838,1,0,1,1,0,77,10,1
838,2,1,2,1,0,78,11,1
838,3,2,3,1,0,79,12,1
838,4,3,4,1,0,80,13,1
838,5,4,5,1,0,81,14,1
838,6,5,5.498,0.498,0,82,15,1
839,1,0,1,1,0,74,9,1
839,2,1,1.784,0.784,0,75,10,1
840,1,0,1,1,0,31,7,1
840,2,1,2,1,0,32,8,1
840,3,2,3,1,0,33,9,1
840,4,3,4,1,0,34,10,1
840,5,4,5,1,0,35,11,1
840,6,5,6,1,0,36,12,1
840,7,6,6.53,0.53,0,37,13,1
841,1,0,1,1,0,63,14,1
841,2,1,1.298,0.298,0,64,15,1
842,1,0,1,1,0,65,5,1
842,2,1,2,1,0,66,6,1
842,3,2,3,1,0,67,7,1
842,4,3,4,1,0,68,8,1
842,5,4,5,1,0,69,9,1
842,6,5,6,1,0,70,10,1
842,7,6,7,1,0,71,11,1
842,8,7,8,1,0,72,12,1
842,9,8,9,1,0,73,13,1
842,10,9,9.739,0.739,0,74,14,1
843,1,0,0.632,0.632,0,18,13,1
844,1,0,1,1,0,35,14,1
844,2,1,2,1,0,36,15,1
844,3,2,3,1,0,37,16,1
844,4,3,4,1,0,38,17,1
844,5,4,4.582,0.582,0,39,18,1
845,1,0,1,1,1,42,9,1
845,2,1,2,1,0,43,10,1
845,3,2,2.473,0.473,0,44,11,1
846,1,0,1,1,0,62,13,1
846,2,1,2,1,0,63,14,1
846,3,2,3,1,0,64,15,1
846,4,3,3.468,0.468,0,65,16,1
847,1,0,0.457,0.457,0,23,14,1
848,1,0,1,1,0,42,0,1
848,2,1,2,1,0,43,1,1
848,3,2,3,1,0,44,2,1
848,4,3,4,1,0,45,3,1
848,5,4,4.155,0.155,0,46,4,1
849,1,0,1,1,0,30,8,1
849,2,1,2,1,0,31,9,1
849,3,2,3,1,0,32,10,1
849,4,3,4,1,0,33,11,1
849,5,4,5,1,0,34,12,1
849,6,5,5.043,0.043,0,35,13,1
850,1,0,0.657,0.657,0,73,12,1
851,1,0,1,1,0,44,7,1
851,2,1,2,1,0,45,8,1
851,3,2,2.378,0.378,0,46,9,1
852,1,0,1,1,0,31,12,1
852,2,1,2,1,0,32,13,1
852,3,2,2.776,0.776,0,33,14,1
853,1,0,1,1,0,43,0,1
853,2,1,2,1,0,44,1,1
853,3,2,3,1,0,45,2,1
853,4,3,4,1,0,46,3,1
853,5,4,5,1,0,47,4,1
853,6,5,6,1,0,48,5,1
853,7,6,7,1,0,49,6,1
853,8,7,7.8,0.8,0,50,7,1
854,1,0,1,1,0,38,7,1
854,2,1,1.35,0.35,0,39,8,1
855,1,0,1,1,0,45,11,1
855,2,1,2,1,0,46,12,1
855,3,2,3,1,0,47,13,1
855,4,3,4,1,0,48,14,1
855,5,4,4.536,0.536,0,49,15,1
856,1,0,1,1,0,28,22,1
856,2,1,1.444,0.444,0,29,23,1
857,1,0,1,1,0,23,12,1
857,2,1,2,1,0,24,13,1
857,3,2,3,1,0,25,14,1
857,4,3,4,1,1,26,15,1
857,5,4,5,1,0,27,16,1
857,6,5,6,1,0,28,17,1
857,7,6,7,1,0,29,18,1
857,8,7,8,1,0,30,19,1
857,9,8,9,1,1,31,20,1
857,10,9,9.959,0.959,0,32,21,1
858,1,0,1,1,0,45,16,1
858,2,1,2,1,0,46,17,1
858,3,2,3,1,0,47,18,1
858,4,3,4,1,0,48,19,1
858,5,4,5,1,0,49,20,1
858,6,5,6,1,0,50,21,1
858,7,6,7,1,0,51,22,1
858,8,7,8,1,0,52,23,1
858,9,8,8.645,0.645,0,53,24,1
859,1,0,1,1,0,22,16,1
859,2,1,1.14,0.14,0,23,17,1
860,1,0,1,1,0,41,10,1
860,2,1,1.501,0.501,0,42,11,1
861,1,0,1,1,0,88,13,1
861,2,1,2,1,0,89,14,1
861,3,2,3,1,0,90,15,1
861,4,3,4,1,0,91,16,1
861,5,4,5,1,0,92,17,1
861,6,5,5.364,0.364,0,93,18,1
862,1,0,1,1,0,47,11,1
862,2,1,2,1,0,48,12,1
862,3,2,3,1,0,49,13,1
862,4,3,4,1,0,50,14,1
862,5,4,5,1,0,51,15,1
862,6,5,6,1,0,52,16,1
862,7,6,7,1,1,53,17,1
862,8,7,8,1,0,54,18,1
862,9,8,8.648,0.648,1,55,19,1
863,1,0,1,1,0,31,8,1
863,2,1,2,1,0,32,9,1
863,3,2,3,1,0,33,10,1
863,4,3,4,1,0,34,11,1
863,5,4,5,1,0,35,12,1
863,6,5,5.086,0.086,0,36,13,1
864,1,0,1,1,0,33,10,1
864,2,1,2,1,0,34,11,1
864,3,2,3,1,0,35,12,1
864,4,3,4,1,0,36,13,1
864,5,4,5,1,0,37,14,1
864,6,5,6,1,0,38,15,1
864,7,6,7,1,0,39,16,1
864,8,7,8,1,0,40,17,1
864,9,8,9,1,0,41,18,1
864,10,9,9.153,0.153,0,42,19,1
865,1,0,1,1,0,63,11,1
865,2,1,2,1,0,64,12,1
865,3,2,2.692,0.692,0,65,13,1
866,1,0,1,1,0,32,12,1
866,2,1,2,1,0,33,13,1
866,3,2,3,1,0,34,14,1
866,4,3,3.713,0.713,0,35,15,1
867,1,0,1,1,0,47,11,1
867,2,1,1.482,0.482,0,48,12,1
868,1,0,1,1,0,83,1,1
868,2,1,2,1,0,84,2,1
868,3,2,2.343,0.343,0,85,3,1
869,1,0,1,1,0,37,5,1
869,2,1,2,1,1,38,6,1
869,3,2,3,1,0,39,7,1
869,4,3,3.334,0.334,0,40,8,1
870,1,0,1,1,0,50,1,1
870,2,1,2,1,0,51,2,1
870,3,2,3,1,0,52,3,1
870,4,3,4,1,0,53,4,1
870,5,4,5,1,0,54,5,1
870,6,5,6,1,1,55,6,1
870,7,6,7,1,0,56,7,1
870,8,7,8,1,0,57,8,1
870,9,8,8.68,0.68,0,58,9,1
871,1,0,1,1,0,47,7,1
871,2,1,2,1,0,48,8,1
871,3,2,3,1,0,49,9,1
871,4,3,4,1,0,50,10,1
871,5,4,5,1,0,51,11,1
871,6,5,6,1,0,52,12,1
871,7,6,6.342,0.342,0,53,13,1
872,1,0,1,1,0,37,9,1
872,2,1,1.501,0.501,0,38,10,1
873,1,0,1,1,0,42,12,1
873,2,1,2,1,0,43,13,1
873,3,2,2.615,0.615,0,44,14,1
874,1,0,1,1,0,40,6,1
874,2,1,1.08,0.08,0,41,7,1
875,1,0,1,1,0,29,8,1
875,2,1,2,1,0,30,9,1
875,3,2,3,1,2,31,10,1
875,4,3,4,1,2,32,11,1
875,5,4,5,1,2,33,12,1
875,6,5,6,1,1,34,13,1
875,7,6,6.275,0.275,0,35,14,1
876,1,0,1,1,0,54,6,1
876,2,1,1.919,0.919,0,55,7,1
877,1,0,1,1,0,35,14,1
877,2,1,1.5,0.5,0,36,15,1
878,1,0,1,1,0,28,8,1
878,2,1,2,1,0,29,9,1
878,3,2,3,1,1,30,10,1
878,4,3,4,1,1,31,11,1
878,5,4,5,1,0,32,12,1
878,6,5,6,1,0,33,13,1
878,7,6,7,1,0,34,14,1
878,8,7,7.444,0.444,0,35,15,1
879,1,0,1,1,1,34,5,1
879,2,1,2,1,0,35,6,1
879,3,2,3,1,1,36,7,1
879,4,3,4,1,0,37,8,1
879,5,4,5,1,1,38,9,1
879,6,5,5.173,0.173,0,39,10,1
880,1,0,1,1,0,61,17,1
880,2,1,2,1,0,62,18,1
880,3,2,3,1,0,63,19,1
880,4,3,4,1,0,64,20,1
880,5,4,4.651,0.651,0,65,21,1
881,1,0,1,1,0,61,4,1
881,2,1,2,1,0,62,5,1
881,3,2,3,1,0,63,6,1
881,4,3,3.522,0.522,0,64,7,1
882,1,0,1,1,0,49,3,1
882,2,1,2,1,0,50,4,1
882,3,2,2.694,0.694,0,51,5,1
883,1,0,1,1,0,59,6,1
883,2,1,2,1,0,60,7,1
883,3,2,3,1,0,61,8,1
883,4,3,4,1,0,62,9,1
883,5,4,4.117,0.117,0,63,10,1
884,1,0,1,1,0,55,3,1
884,2,1,2,1,0,56,4,1
884,3,2,3,1,0,57,5,1
884,4,3,4,1,0,58,6,1
884,5,4,4.858,0.858,0,59,7,1
885,1,0,1,1,0,37,3,1
885,2,1,2,1,0,38,4,1
885,3,2,3,1,0,39,5,1
885,4,3,4,1,0,40,6,1
885,5,4,5,1,0,41,7,1
885,6,5,6,1,1,42,8,1
885,7,6,7,1,0,43,9,1
885,8,7,7.116,0.116,0,44,10,1
886,1,0,1,1,0,23,11,1
886,2,1,2,1,0,24,12,1
886,3,2,2.722,0.722,1,25,13,1
887,1,0,0.825,0.825,0,50,6,1
888,1,0,1,1,0,29,0,1
888,2,1,2,1,0,30,1,1
888,3,2,3,1,0,31,2,1
888,4,3,4,1,0,32,3,1
888,5,4,5,1,0,33,4,1
888,6,5,6,1,0,34,5,1
888,7,6,6.554,0.554,0,35,6,1
889,1,0,1,1,0,32,15,1
889,2,1,1.392,0.392,0,33,16,1
890,1,0,1,1,0,71,4,1
890,2,1,1.702,0.702,0,72,5,1
891,1,0,1,1,0,74,21,1
891,2,1,2,1,0,75,22,1
891,3,2,3,1,1,76,23,1
891,4,3,3.363,0.363,0,77,24,1
892,1,0,1,1,0,48,6,1
892,2,1,2,1,0,49,7,1
892,3,2,3,1,0,50,8,1
892,4,3,4,1,0,51,9,1
892,5,4,5,1,0,52,10,1
892,6,5,5.284,0.284,0,53,11,1
893,1,0,1,1,0,68,11,1
893,2,1,1.406,0.406,0,69,12,1
894,1,0,1,1,0,66,13,1
894,2,1,2,1,0,67,14,1
894,3,2,3,1,0,68,15,1
894,4,3,4,1,0,69,16,1
894,5,4,4.507,0.507,0,70,17,1
895,1,0,1,1,0,43,0,1
895,2,1,2,1,0,44,1,1
895,3,2,3,1,0,45,2,1
895,4,3,3.442,0.442,0,46,3,1
896,1,0,1,1,0,48,11,1
896,2,1,2,1,0,49,12,1
896,3,2,3,1,0,50,13,1
896,4,3,3.754,0.754,0,51,14,1
897,1,0,1,1,0,50,10,1
897,2,1,2,1,0,51,11,1
897,3,2,2.339,0.339,0,52,12,1
898,1,0,1,1,2,30,10,1
898,2,1,2,1,1,31,11,1
898,3,2,3,1,0,32,12,1
898,4,3,4,1,1,33,13,1
898,5,4,5,1,4,34,14,1
898,6,5,6,1,3,35,15,1
898,7,6,6.25,0.25,0,36,16,1
899,1,0,1,1,0,42,24,1
899,2,1,2,1,0,43,25,1
899,3,2,3,1,0,44,26,1
899,4,3,4,1,0,45,27,1
899,5,4,5,1,0,46,28,1
899,6,5,6,1,0,47,29,1
899,7,6,6.375,0.375,0,48,30,1
900,1,0,0.583,0.583,1,21,9,1
901,1,0,1,1,0,57,16,1
901,2,1,2,1,0,58,17,1
901,3,2,3,1,0,59,18,1
901,4,3,4,1,0,60,19,1
901,5,4,4.387,0.387,0,61,20,1
902,1,0,1,1,0,25,17,1
902,2,1,2,1,0,26,18,1
902,3,2,3,1,0,27,19,1
902,4,3,4,1,0,28,20,1
902,5,4,5,1,0,29,21,1
902,6,5,6,1,1,30,22,1
902,7,6,7,1,0,31,23,1
902,8,7,7.62,0.62,0,32,24,1
903,1,0,1,1,0,56,5,1
903,2,1,2,1,0,57,6,1
903,3,2,3,1,2,58,7,1
903,4,3,4,1,1,59,8,1
903,5,4,4.48,0.48,0,60,9,1
904,1,0,1,1,0,19,9,1
904,2,1,2,1,0,20,10,1
904,3,2,3,1,1,21,11,1
904,4,3,4,1,1,22,12,1
904,5,4,5,1,0,23,13,1
904,6,5,6,1,1,24,14,1
904,7,6,7,1,2,25,15,1
904,8,7,7.249,0.249,0,26,16,1
905,1,0,1,1,0,38,2,1
905,2,1,2,1,0,39,3,1
905,3,2,3,1,0,40,4,1
905,4,3,4,1,1,41,5,1
905,5,4,5,1,0,42,6,1
905,6,5,6,1,0,43,7,1
905,7,6,6.732,0.732,0,44,8,1
906,1,0,1,1,0,56,1,1
906,2,1,2,1,0,57,2,1
906,3,2,3,1,0,58,3,1
906,4,3,4,1,0,59,4,1
906,5,4,5,1,0,60,5,1
906,6,5,6,1,0,61,6,1
906,7,6,7,1,0,62,7,1
906,8,7,8,1,0,63,8,1
906,9,8,8.645,0.645,0,64,9,1
907,1,0,1,1,0,37,1,1
907,2,1,2,1,0,38,2,1
907,3,2,2.023,0.023,0,39,3,1
908,1,0,1,1,0,42,11,1
908,2,1,1.441,0.441,0,43,12,1
909,1,0,1,1,0,34,6,1
909,2,1,1.295,0.295,0,35,7,1
910,1,0,1,1,0,35,18,1
910,2,1,2,1,0,36,19,1
910,3,2,3,1,0,37,20,1
910,4,3,4,1,0,38,21,1
910,5,4,5,1,0,39,22,1
910,6,5,6,1,0,40,23,1
910,7,6,7,1,0,41,24,1
910,8,7,8,1,0,42,25,1
910,9,8,8.184,0.184,0,43,26,1
911,1,0,1,1,0,54,12,1
911,2,1,2,1,1,55,13,1
911,3,2,2.092,0.092,0,56,14,1
912,1,0,1,1,1,63,7,1
912,2,1,1.52,0.52,0,64,8,1
913,1,0,0.395,0.395,0,54,7,1
914,1,0,1,1,0,53,17,1
914,2,1,2,1,0,54,18,1
914,3,2,3,1,0,55,19,1
914,4,3,4,1,1,56,20,1
914,5,4,5,1,1,57,21,1
914,6,5,5.172,0.172,0,58,22,1
915,1,0,1,1,0,51,9,1
915,2,1,2,1,0,52,10,1
915,3,2,3,1,0,53,11,1
915,4,3,4,1,0,54,12,1
915,5,4,5,1,0,55,13,1
915,6,5,6,1,0,56,14,1
915,7,6,7,1,0,57,15,1
915,8,7,7.66,0.66,0,58,16,1
916,1,0,1,1,0,18,1,1
916,2,1,2,1,0,19,2,1
916,3,2,3,1,0,20,3,1
916,4,3,4,1,0,21,4,1
916,5,4,4.595,0.595,0,22,5,1
917,1,0,1,1,0,50,12,1
917,2,1,2,1,0,51,13,1
917,3,2,2.086,0.086,0,52,14,1
918,1,0,1,1,1,22,8,1
918,2,1,2,1,1,23,9,1
918,3,2,3,1,0,24,10,1
918,4,3,4,1,1,25,11,1
918,5,4,5,1,0,26,12,1
918,6,5,6,1,0,27,13,1
918,7,6,7,1,0,28,14,1
918,8,7,8,1,1,29,15,1
918,9,8,8.753,0.753,0,30,16,1
919,1,0,1,1,0,48,3,1
919,2,1,2,1,0,49,4,1
919,3,2,3,1,0,50,5,1
919,4,3,4,1,0,51,6,1
919,5,4,5,1,0,52,7,1
919,6,5,6,1,0,53,8,1
919,7,6,7,1,0,54,9,1
919,8,7,7.048,0.048,0,55,10,1
920,1,0,1,1,0,56,6,1
920,2,1,2,1,0,57,7,1
920,3,2,3,1,0,58,8,1
920,4,3,4,1,0,59,9,1
920,5,4,5,1,0,60,10,1
920,6,5,6,1,0,61,11,1
920,7,6,7,1,0,62,12,1
920,8,7,7.211,0.211,0,63,13,1
921,1,0,1,1,0,41,9,1
921,2,1,2,1,1,42,10,1
921,3,2,3,1,0,43,11,1
921,4,3,4,1,0,44,12,1
921,5,4,5,1,0,45,13,1
921,6,5,5.722,0.722,0,46,14,1
922,1,0,1,1,0,78,17,1
922,2,1,2,1,0,79,18,1
922,3,2,3,1,0,80,19,1
922,4,3,4,1,0,81,20,1
922,5,4,5,1,0,82,21,1
922,6,5,6,1,0,83,22,1
922,7,6,7,1,0,84,23,1
922,8,7,7.956,0.956,0,85,24,1
923,1,0,1,1,0,58,11,1
923,2,1,2,1,0,59,12,1
923,3,2,2.635,0.635,0,60,13,1
924,1,0,1,1,0,29,12,1
924,2,1,1.012,0.012,0,30,13,1
925,1,0,1,1,0,21,12,1
925,2,1,2,1,0,22,13,1
925,3,2,2.662,0.662,0,23,14,1
926,1,0,1,1,0,33,0,1
926,2,1,1.807,0.807,0,34,1,1
927,1,0,1,1,0,32,6,1
927,2,1,2,1,0,33,7,1
927,3,2,2.036,0.036,0,34,8,1
928,1,0,1,1,0,31,9,1
928,2,1,2,1,0,32,10,1
928,3,2,3,1,0,33,11,1
928,4,3,4,1,0,34,12,1
928,5,4,5,1,0,35,13,1
928,6,5,6,1,0,36,14,1
928,7,6,7,1,0,37,15,1
928,8,7,7.32,0.32,0,38,16,1
929,1,0,1,1,0,52,0,1
929,2,1,2,1,0,53,1,1
929,3,2,3,1,0,54,2,1
929,4,3,4,1,0,55,3,1
929,5,4,5,1,1,56,4,1
929,6,5,6,1,0,57,5,1
929,7,6,7,1,0,58,6,1
929,8,7,8,1,0,59,7,1
929,9,8,8.557,0.557,0,60,8,1
930,1,0,1,1,1,37,4,1
930,2,1,2,1,0,38,5,1
930,3,2,3,1,1,39,6,1
930,4,3,3.052,0.052,0,40,7,1
931,1,0,1,1,0,46,1,1
931,2,1,1.481,0.481,0,47,2,1
932,1,0,1,1,0,48,12,1
932,2,1,2,1,0,49,13,1
932,3,2,3,1,0,50,14,1
932,4,3,4,1,0,51,15,1
932,5,4,5,1,0,52,16,1
932,6,5,5.104,0.104,0,53,17,1
933,1,0,1,1,0,50,12,1
933,2,1,2,1,0,51,13,1
933,3,2,3,1,0,52,14,1
933,4,3,4,1,0,53,15,1
933,5,4,5,1,0,54,16,1
933,6,5,6,1,0,55,17,1
933,7,6,7,1,0,56,18,1
933,8,7,8,1,0,57,19,1
933,9,8,8.604,0.604,0,58,20,1
934,1,0,1,1,1,26,4,1
934,2,1,1.232,0.232,0,27,5,1
935,1,0,1,1,0,57,0,1
935,2,1,2,1,0,58,1,1
935,3,2,3,1,1,59,2,1
935,4,3,4,1,0,60,3,1
935,5,4,5,1,0,61,4,1
935,6,5,5.341,0.341,0,62,5,1
936,1,0,1,1,0,34,11,1
936,2,1,1.705,0.705,0,35,12,1
937,1,0,1,1,1,74,11,1
937,2,1,2,1,0,75,12,1
937,3,2,3,1,0,76,13,1
937,4,3,3.09,0.09,0,77,14,1
938,1,0,1,1,0,26,9,1
938,2,1,2,1,0,27,10,1
938,3,2,3,1,0,28,11,1
938,4,3,3.313,0.313,0,29,12,1
939,1,0,1,1,0,51,14,1
939,2,1,2,1,0,52,15,1
939,3,2,3,1,0,53,16,1
939,4,3,4,1,0,54,17,1
939,5,4,5,1,0,55,18,1
939,6,5,5.163,0.163,0,56,19,1
940,1,0,1,1,0,54,7,1
940,2,1,1.194,0.194,0,55,8,1
941,1,0,1,1,0,30,13,1
941,2,1,2,1,0,31,14,1
941,3,2,3,1,0,32,15,1
941,4,3,3.717,0.717,0,33,16,1
942,1,0,1,1,0,45,10,1
942,2,1,1.576,0.576,0,46,11,1
943,1,0,1,1,0,48,11,1
943,2,1,2,1,0,49,12,1
943,3,2,3,1,0,50,13,1
943,4,3,4,1,0,51,14,1
943,5,4,5,1,0,52,15,1
943,6,5,5.589,0.589,0,53,16,1
944,1,0,1,1,0,45,13,1
944,2,1,2,1,0,46,14,1
944,3,2,3,1,0,47,15,1
944,4,3,4,1,0,48,16,1
944,5,4,5,1,0,49,17,1
944,6,5,6,1,0,50,18,1
944,7,6,6.836,0.836,0,51,19,1
945,1,0,1,1,0,52,13,1
945,2,1,2,1,0,53,14,1
945,3,2,3,1,0,54,15,1
945,4,3,3.789,0.789,0,55,16,1
946,1,0,1,1,0,55,24,1
946,2,1,2,1,0,56,25,1
946,3,2,3,1,0,57,26,1
946,4,3,3.885,0.885,0,58,27,1
947,1,0,0.489,0.489,0,61,7,1
948,1,0,1,1,0,57,16,1
948,2,1,2,1,0,58,17,1
948,3,2,3,1,0,59,18,1
948,4,3,4,1,0,60,19,1
948,5,4,5,1,0,61,20,1
948,6,5,6,1,0,62,21,1
948,7,6,7,1,0,63,22,1
948,8,7,8,1,0,64,23,1
948,9,8,9,1,0,65,24,1
948,10,9,9.288,0.288,0,66,25,1
949,1,0,1,1,0,36,11,1
949,2,1,2,1,0,37,12,1
949,3,2,2.787,0.787,0,38,13,1
950,1,0,1,1,0,42,7,1
950,2,1,2,1,0,43,8,1
950,3,2,3,1,0,44,9,1
950,4,3,4,1,0,45,10,1
950,5,4,5,1,0,46,11,1
950,6,5,5.339,0.339,0,47,12,1
951,1,0,1,1,0,54,11,1
951,2,1,2,1,1,55,12,1
951,3,2,3,1,0,56,13,1
951,4,3,4,1,0,57,14,1
951,5,4,5,1,0,58,15,1
951,6,5,5.062,0.062,0,59,16,1
952,1,0,1,1,0,46,14,1
952,2,1,2,1,0,47,15,1
952,3,2,3,1,0,48,16,1
952,4,3,3.584,0.584,0,49,17,1
953,1,0,1,1,0,43,6,1
953,2,1,2,1,0,44,7,1
953,3,2,3,1,0,45,8,1
953,4,3,4,1,0,46,9,1
953,5,4,5,1,0,47,10,1
953,6,5,6,1,0,48,11,1
953,7,6,7,1,0,49,12,1
953,8,7,7.243,0.243,0,50,13,1
954,1,0,1,1,0,47,9,1
954,2,1,1.321,0.321,0,48,10,1
955,1,0,1,1,0,48,6,1
955,2,1,2,1,0,49,7,1
955,3,2,3,1,0,50,8,1
955,4,3,4,1,0,51,9,1
955,5,4,5,1,0,52,10,1
955,6,5,6,1,0,53,11,1
955,7,6,7,1,0,54,12,1
955,8,7,7.105,0.105,0,55,13,1
956,1,0,1,1,2,37,0,1
956,2,1,2,1,0,38,1,1
956,3,2,2.861,0.861,0,39,2,1
957,1,0,1,1,0,28,5,1
957,2,1,2,1,0,29,6,1
957,3,2,3,1,1,30,7,1
957,4,3,4,1,0,31,8,1
957,5,4,5,1,0,32,9,1
957,6,5,6,1,0,33,10,1
957,7,6,7,1,1,34,11,1
957,8,7,8,1,0,35,12,1
957,9,8,8.468,0.468,0,36,13,1
958,1,0,1,1,0,18,0,1
958,2,1,2,1,0,19,1,1
958,3,2,2.462,0.462,0,20,2,1
959,1,0,1,1,0,51,10,1
959,2,1,1.38,0.38,0,52,11,1
960,1,0,1,1,0,45,7,1
960,2,1,2,1,0,46,8,1
960,3,2,3,1,0,47,9,1
960,4,3,4,1,0,48,10,1
960,5,4,5,1,0,49,11,1
960,6,5,6,1,2,50,12,1
960,7,6,7,1,0,51,13,1
960,8,7,8,1,0,52,14,1
960,9,8,8.241,0.241,0,53,15,1
961,1,0,1,1,0,41,14,1
961,2,1,2,1,0,42,15,1
961,3,2,3,1,0,43,16,1
961,4,3,4,1,0,44,17,1
961,5,4,5,1,0,45,18,1
961,6,5,6,1,0,46,19,1
961,7,6,7,1,0,47,20,1
961,8,7,7.301,0.301,0,48,21,1
962,1,0,1,1,0,39,3,1
962,2,1,2,1,0,40,4,1
962,3,2,2.914,0.914,0,41,5,1
963,1,0,1,1,0,40,21,1
963,2,1,2,1,0,41,22,1
963,3,2,3,1,0,42,23,1
963,4,3,3.322,0.322,1,43,24,1
964,1,0,1,1,0,37,15,1
964,2,1,2,1,1,38,16,1
964,3,2,3,1,1,39,17,1
964,4,3,3.462,0.462,1,40,18,1
965,1,0,1,1,0,37,4,1
965,2,1,2,1,0,38,5,1
965,3,2,3,1,0,39,6,1
965,4,3,3.213,0.213,0,40,7,1
966,1,0,1,1,0,46,7,1
966,2,1,2,1,0,47,8,1
966,3,2,3,1,0,48,9,1
966,4,3,4,1,0,49,10,1
966,5,4,4.585,0.585,0,50,11,1
967,1,0,1,1,0,61,11,1
967,2,1,2,1,0,62,12,1
967,3,2,3,1,0,63,13,1
967,4,3,3.41,0.41,0,64,14,1
968,1,0,1,1,0,61,10,1
968,2,1,2,1,0,62,11,1
968,3,2,3,1,0,63,12,1
968,4,3,3.818,0.818,0,64,13,1
969,1,0,1,1,0,51,2,1
969,2,1,2,1,0,52,3,1
969,3,2,3,1,0,53,4,1
969,4,3,3.108,0.108,0,54,5,1
970,1,0,1,1,0,55,2,1
970,2,1,2,1,1,56,3,1
970,3,2,3,1,0,57,4,1
970,4,3,3.213,0.213,1,58,5,1
971,1,0,1,1,0,56,13,1
971,2,1,2,1,0,57,14,1
971,3,2,3,1,0,58,15,1
971,4,3,4,1,0,59,16,1
971,5,4,5,1,0,60,17,1
971,6,5,6,1,0,61,18,1
971,7,6,7,1,0,62,19,1
971,8,7,7.632,0.632,0,63,20,1
972,1,0,1,1,0,36,0,1
972,2,1,2,1,0,37,1,1
972,3,2,3,1,0,38,2,1
972,4,3,3.278,0.278,0,39,3,1
973,1,0,1,1,0,47,3,1
973,2,1,1.856,0.856,0,48,4,1
974,1,0,1,1,0,27,10,1
974,2,1,2,1,0,28,11,1
974,3,2,3,1,0,29,12,1
974,4,3,4,1,0,30,13,1
974,5,4,5,1,0,31,14,1
974,6,5,6,1,0,32,15,1
974,7,6,7,1,0,33,16,1
974,8,7,7.14,0.14,0,34,17,1
975,1,0,1,1,0,34,6,1
975,2,1,2,1,0,35,7,1
975,3,2,2.831,0.831,0,36,8,1
976,1,0,1,1,0,59,0,1
976,2,1,2,1,0,60,1,1
976,3,2,2.707,0.707,0,61,2,1
977,1,0,1,1,0,36,2,1
977,2,1,2,1,0,37,3,1
977,3,2,3,1,0,38,4,1
977,4,3,4,1,0,39,5,1
977,5,4,4.054,0.054,0,40,6,1
978,1,0,1,1,0,48,8,1
978,2,1,2,1,0,49,9,1
978,3,2,3,1,1,50,10,1
978,4,3,4,1,1,51,11,1
978,5,4,4.892,0.892,0,52,12,1
979,1,0,1,1,0,53,10,1
979,2,1,2,1,1,54,11,1
979,3,2,3,1,0,55,12,1
979,4,3,3.846,0.846,0,56,13,1
980,1,0,1,1,0,47,10,1
980,2,1,1.09,0.09,0,48,11,1
981,1,0,1,1,0,70,16,1
981,2,1,2,1,0,71,17,1
981,3,2,2.668,0.668,0,72,18,1
982,1,0,1,1,0,61,7,1
982,2,1,2,1,0,62,8,1
982,3,2,3,1,0,63,9,1
982,4,3,3.246,0.246,0,64,10,1
983,1,0,1,1,1,22,15,1
983,2,1,2,1,0,23,16,1
983,3,2,3,1,0,24,17,1
983,4,3,3.538,0.538,0,25,18,1
984,1,0,1,1,0,43,0,1
984,2,1,2,1,0,44,1,1
984,3,2,3,1,0,45,2,1
984,4,3,3.549,0.549,0,46,3,1
985,1,0,1,1,0,44,7,1
985,2,1,2,1,0,45,8,1
985,3,2,3,1,0,46,9,1
985,4,3,3.16,0.16,0,47,10,1
986,1,0,1,1,1,42,1,1
986,2,1,2,1,0,43,2,1
986,3,2,2.538,0.538,0,44,3,1
987,1,0,1,1,0,32,19,1
987,2,1,2,1,0,33,20,1
987,3,2,3,1,0,34,21,1
987,4,3,4,1,0,35,22,1
987,5,4,5,1,0,36,23,1
987,6,5,6,1,1,37,24,1
987,7,6,6.005,0.005,0,38,25,1
988,1,0,1,1,0,44,8,1
988,2,1,2,1,0,45,9,1
988,3,2,3,1,0,46,10,1
988,4,3,4,1,0,47,11,1
988,5,4,4.151,0.151,0,48,12,1
989,1,0,1,1,0,25,3,1
989,2,1,2,1,0,26,4,1
989,3,2,3,1,0,27,5,1
989,4,3,4,1,0,28,6,1
989,5,4,5,1,0,29,7,1
989,6,5,5.28,0.28,0,30,8,1
990,1,0,1,1,0,51,3,1
990,2,1,2,1,0,52,4,1
990,3,2,3,1,0,53,5,1
990,4,3,4,1,1,54,6,1
990,5,4,5,1,0,55,7,1
990,6,5,6,1,0,56,8,1
990,7,6,7,1,0,57,9,1
990,8,7,8,1,0,58,10,1
990,9,8,8.396,0.396,0,59,11,1
991,1,0,1,1,0,27,2,1
991,2,1,2,1,0,28,3,1
991,3,2,2.315,0.315,0,29,4,1
992,1,0,1,1,0,32,8,1
992,2,1,2,1,0,33,9,1
992,3,2,2.268,0.268,0,34,10,1
993,1,0,1,1,0,40,11,1
993,2,1,2,1,0,41,12,1
993,3,2,3,1,0,42,13,1
993,4,3,4,1,0,43,14,1
993,5,4,5,1,1,44,15,1
993,6,5,6,1,0,45,16,1
993,7,6,6.63,0.63,0,46,17,1
994,1,0,1,1,0,37,23,1
994,2,1,2,1,0,38,24,1
994,3,2,3,1,0,39,25,1
994,4,3,4,1,0,40,26,1
994,5,4,5,1,1,41,27,1
994,6,5,6,1,0,42,28,1
994,7,6,6.656,0.656,0,43,29,1
995,1,0,1,1,0,66,6,1
995,2,1,2,1,0,67,7,1
995,3,2,2.39,0.39,0,68,8,1
996,1,0,1,1,0,21,7,1
996,2,1,2,1,0,22,8,1
996,3,2,3,1,1,23,9,1
996,4,3,3.397,0.397,1,24,10,1
997,1,0,1,1,1,26,4,1
997,2,1,2,1,1,27,5,1
997,3,2,2.087,0.087,0,28,6,1
998,1,0,1,1,0,44,7,1
998,2,1,2,1,0,45,8,1
998,3,2,3,1,0,46,9,1
998,4,3,3.338,0.338,0,47,10,1
999,1,0,1,1,0,49,12,1
999,2,1,2,1,0,50,13,1
999,3,2,3,1,0,51,14,1
999,4,3,3.556,0.556,0,52,15,1
1000,1,0,1,1,0,25,3,1
1000,2,1,2,1,0,26,4,1
1000,3,2,3,1,1,27,5,1
1000,4,3,4,1,1,28,6,1
1000,5,4,5,1,1,29,7,1
1000,6,5,6,1,1,30,8,1
1000,7,6,6.793,0.793,0,31,9,1
1001,1,0,1,1,0,36,7,1
1001,2,1,2,1,0,37,8,1
1001,3,2,3,1,0,38,9,1
1001,4,3,4,1,0,39,10,1
1001,5,4,5,1,0,40,11,1
1001,6,5,6,1,0,41,12,1
1001,7,6,7,1,0,42,13,1
1001,8,7,8,1,0,43,14,1
1001,9,8,8.794,0.794,0,44,15,1
1002,1,0,1,1,1,18,15,1
1002,2,1,2,1,1,19,16,1
1002,3,2,3,1,0,20,17,1
1002,4,3,3.166,0.166,0,21,18,1
1003,1,0,1,1,0,52,1,1
1003,2,1,2,1,0,53,2,1
1003,3,2,3,1,0,54,3,1
1003,4,3,4,1,0,55,4,1
1003,5,4,5,1,0,56,5,1
1003,6,5,6,1,0,57,6,1
1003,7,6,7,1,0,58,7,1
1003,8,7,8,1,0,59,8,1
1003,9,8,8.267,0.267,0,60,9,1
1004,1,0,1,1,0,44,0,1
1004,2,1,2,1,1,45,1,1
1004,3,2,3,1,0,46,2,1
1004,4,3,4,1,0,47,3,1
1004,5,4,5,1,0,48,4,1
1004,6,5,5.262,0.262,0,49,5,1
1005,1,0,1,1,0,64,10,1
1005,2,1,2,1,0,65,11,1
1005,3,2,2.218,0.218,0,66,12,1
1006,1,0,1,1,0,46,12,1
1006,2,1,2,1,0,47,13,1
1006,3,2,3,1,0,48,14,1
1006,4,3,4,1,0,49,15,1
1006,5,4,5,1,0,50,16,1
1006,6,5,6,1,0,51,17,1
1006,7,6,7,1,1,52,18,1
1006,8,7,8,1,0,53,19,1
1006,9,8,9,1,1,54,20,1
1006,10,9,9.833,0.833,0,55,21,1
1007,1,0,1,1,0,55,16,1
1007,2,1,2,1,0,56,17,1
1007,3,2,3,1,0,57,18,1
1007,4,3,4,1,0,58,19,1
1007,5,4,5,1,0,59,20,1
1007,6,5,6,1,0,60,21,1
1007,7,6,7,1,0,61,22,1
1007,8,7,8,1,0,62,23,1
1007,9,8,9,1,0,63,24,1
1007,10,9,9.882,0.882,0,64,25,1
1008,1,0,0.797,0.797,0,59,7,1
1009,1,0,1,1,0,32,8,1
1009,2,1,1.486,0.486,1,33,9,1
1010,1,0,1,1,0,32,6,1
1010,2,1,2,1,0,33,7,1
1010,3,2,3,1,0,34,8,1
1010,4,3,3.248,0.248,0,35,9,1
1011,1,0,0.168,0.168,0,36,7,1
1012,1,0,1,1,0,32,2,1
1012,2,1,2,1,0,33,3,1
1012,3,2,3,1,0,34,4,1
1012,4,3,4,1,0,35,5,1
1012,5,4,5,1,0,36,6,1
1012,6,5,6,1,0,37,7,1
1012,7,6,7,1,0,38,8,1
1012,8,7,8,1,0,39,9,1
1012,9,8,8.594,0.594,0,40,10,1
1013,1,0,1,1,0,35,6,1
1013,2,1,2,1,0,36,7,1
1013,3,2,2.439,0.439,0,37,8,1
1014,1,0,1,1,0,54,6,1
1014,2,1,2,1,0,55,7,1
1014,3,2,3,1,0,56,8,1
1014,4,3,4,1,0,57,9,1
1014,5,4,5,1,0,58,10,1
1014,6,5,6,1,0,59,11,1
1014,7,6,7,1,0,60,12,1
1014,8,7,7.091,0.091,0,61,13,1
1015,1,0,1,1,0,46,13,1
1015,2,1,2,1,0,47,14,1
1015,3,2,3,1,0,48,15,1
1015,4,3,4,1,0,49,16,1
1015,5,4,5,1,0,50,17,1
1015,6,5,6,1,0,51,18,1
1015,7,6,6.699,0.699,0,52,19,1
1016,1,0,1,1,0,52,14,1
1016,2,1,2,1,0,53,15,1
1016,3,2,3,1,0,54,16,1
1016,4,3,4,1,0,55,17,1
1016,5,4,5,1,0,56,18,1
1016,6,5,5.29,0.29,0,57,19,1
1017,1,0,1,1,0,38,6,1
1017,2,1,2,1,0,39,7,1
1017,3,2,3,1,0,40,8,1
1017,4,3,4,1,0,41,9,1
1017,5,4,5,1,0,42,10,1
1017,6,5,6,1,0,43,11,1
1017,7,6,7,1,0,44,12,1
1017,8,7,8,1,0,45,13,1
1017,9,8,9,1,1,46,14,1
1017,10,9,9.088,0.088,0,47,15,1
1018,1,0,1,1,1,71,12,1
1018,2,1,1.434,0.434,0,72,13,1
1019,1,0,1,1,0,54,8,1
1019,2,1,2,1,2,55,9,1
1019,3,2,2.693,0.693,0,56,10,1
1020,1,0,1,1,0,42,8,1
1020,2,1,1.427,0.427,0,43,9,1
1021,1,0,1,1,0,51,11,1
1021,2,1,2,1,0,52,12,1
1021,3,2,3,1,0,53,13,1
1021,4,3,4,1,0,54,14,1
1021,5,4,4.246,0.246,0,55,15,1
1022,1,0,1,1,0,39,3,1
1022,2,1,2,1,0,40,4,1
1022,3,2,2.757,0.757,0,41,5,1
1023,1,0,1,1,0,58,7,1
1023,2,1,2,1,0,59,8,1
1023,3,2,3,1,0,60,9,1
1023,4,3,4,1,0,61,10,1
1023,5,4,5,1,1,62,11,1
1023,6,5,5.489,0.489,0,63,12,1
1024,1,0,1,1,1,46,8,1
1024,2,1,2,1,0,47,9,1
1024,3,2,3,1,0,48,10,1
1024,4,3,4,1,0,49,11,1
1024,5,4,5,1,0,50,12,1
1024,6,5,5.086,0.086,0,51,13,1
1025,1,0,1,1,0,48,11,1
1025,2,1,2,1,0,49,12,1
1025,3,2,3,1,0,50,13,1
1025,4,3,3.269,0.269,0,51,14,1
1026,1,0,1,1,0,45,14,1
1026,2,1,2,1,0,46,15,1
1026,3,2,3,1,0,47,16,1
1026,4,3,4,1,0,48,17,1
1026,5,4,4.704,0.704,0,49,18,1
1027,1,0,1,1,0,37,10,1
1027,2,1,2,1,0,38,11,1
1027,3,2,3,1,0,39,12,1
1027,4,3,3.664,0.664,0,40,13,1
1028,1,0,1,1,0,63,6,1
1028,2,1,1.838,0.838,0,64,7,1
1029,1,0,1,1,0,69,8,1
1029,2,1,2,1,0,70,9,1
1029,3,2,3,1,0,71,10,1
1029,4,3,4,1,0,72,11,1
1029,5,4,4.423,0.423,0,73,12,1
1030,1,0,1,1,0,43,7,1
1030,2,1,2,1,0,44,8,1
1030,3,2,3,1,0,45,9,1
1030,4,3,3.73,0.73,0,46,10,1
1031,1,0,1,1,3,20,8,1
1031,2,1,2,1,0,21,9,1
1031,3,2,3,1,1,22,10,1
1031,4,3,4,1,0,23,11,1
1031,5,4,4.628,0.628,0,24,12,1
1032,1,0,1,1,0,39,10,1
1032,2,1,2,1,0,40,11,1
1032,3,2,3,1,0,41,12,1
1032,4,3,4,1,0,42,13,1
1032,5,4,4.026,0.026,0,43,14,1
1033,1,0,1,1,0,49,14,1
1033,2,1,2,1,0,50,15,1
1033,3,2,3,1,0,51,16,1
1033,4,3,4,1,0,52,17,1
1033,5,4,5,1,0,53,18,1
1033,6,5,6,1,0,54,19,1
1033,7,6,7,1,0,55,20,1
1033,8,7,8,1,0,56,21,1
1033,9,8,9,1,0,57,22,1
1033,10,9,9.518,0.518,0,58,23,1
1034,1,0,1,1,0,53,11,1
1034,2,1,2,1,0,54,12,1
1034,3,2,2.268,0.268,0,55,13,1
1035,1,0,1,1,0,54,5,1
1035,2,1,2,1,0,55,6,1
1035,3,2,2.059,0.059,0,56,7,1
1036,1,0,1,1,0,67,11,1
1036,2,1,2,1,1,68,12,1
1036,3,2,3,1,0,69,13,1
1036,4,3,4,1,0,70,14,1
1036,5,4,4.361,0.361,0,71,15,1
1037,1,0,1,1,0,56,14,1
1037,2,1,2,1,1,57,15,1
1037,3,2,3,1,0,58,16,1
1037,4,3,4,1,0,59,17,1
1037,5,4,4.964,0.964,0,60,18,1
1038,1,0,1,1,0,29,10,1
1038,2,1,2,1,0,30,11,1
1038,3,2,3,1,0,31,12,1
1038,4,3,3.393,0.393,0,32,13,1
1039,1,0,1,1,0,52,9,1
1039,2,1,1.954,0.954,0,53,10,1
1040,1,0,1,1,0,46,6,1
1040,2,1,2,1,0,47,7,1
1040,3,2,3,1,1,48,8,1
1040,4,3,4,1,0,49,9,1
1040,5,4,5,1,0,50,10,1
1040,6,5,5.337,0.337,0,51,11,1
1041,1,0,1,1,0,61,13,1
1041,2,1,1.721,0.721,0,62,14,1
1042,1,0,1,1,0,56,20,1
1042,2,1,2,1,0,57,21,1
1042,3,2,3,1,0,58,22,1
1042,4,3,3.567,0.567,0,59,23,1
1043,1,0,1,1,0,56,5,1
1043,2,1,2,1,0,57,6,1
1043,3,2,2.692,0.692,0,58,7,1
1044,1,0,1,1,0,58,6,1
1044,2,1,2,1,0,59,7,1
1044,3,2,3,1,0,60,8,1
1044,4,3,4,1,0,61,9,1
1044,5,4,4.886,0.886,0,62,10,1
1045,1,0,1,1,0,18,9,1
1045,2,1,2,1,2,19,10,1
1045,3,2,3,1,0,20,11,1
1045,4,3,3.943,0.943,1,21,12,1
1046,1,0,1,1,0,60,8,1
1046,2,1,1.95,0.95,0,61,9,1
1047,1,0,1,1,0,48,7,1
1047,2,1,2,1,0,49,8,1
1047,3,2,3,1,0,50,9,1
1047,4,3,4,1,0,51,10,1
1047,5,4,5,1,0,52,11,1
1047,6,5,6,1,0,53,12,1
1047,7,6,7,1,0,54,13,1
1047,8,7,7.901,0.901,0,55,14,1
1048,1,0,1,1,1,23,11,1
1048,2,1,2,1,1,24,12,1
1048,3,2,2.638,0.638,0,25,13,1
1049,1,0,1,1,0,66,8,1
1049,2,1,2,1,0,67,9,1
1049,3,2,2.876,0.876,0,68,10,1
1050,1,0,1,1,0,18,15,1
1050,2,1,2,1,0,19,16,1
1050,3,2,2.765,0.765,0,20,17,1
1051,1,0,1,1,0,41,13,1
1051,2,1,1.974,0.974,0,42,14,1
1052,1,0,1,1,4,24,6,1
1052,2,1,1.103,0.103,1,25,7,1
1053,1,0,1,1,0,37,10,1
1053,2,1,2,1,0,38,11,1
1053,3,2,3,1,0,39,12,1
1053,4,3,4,1,0,40,13,1
1053,5,4,5,1,0,41,14,1
1053,6,5,6,1,0,42,15,1
1053,7,6,7,1,0,43,16,1
1053,8,7,7.937,0.937,0,44,17,1
1054,1,0,0.739,0.739,0,38,10,1
1055,1,0,1,1,0,38,8,1
1055,2,1,2,1,0,39,9,1
1055,3,2,3,1,0,40,10,1
1055,4,3,4,1,0,41,11,1
1055,5,4,4.324,0.324,0,42,12,1
1056,1,0,1,1,0,65,4,1
1056,2,1,1.093,0.093,0,66,5,1
1057,1,0,1,1,0,62,6,1
1057,2,1,2,1,0,63,7,1
1057,3,2,3,1,0,64,8,1
1057,4,3,3.032,0.032,0,65,9,1
1058,1,0,1,1,0,55,8,1
1058,2,1,1.837,0.837,0,56,9,1
1059,1,0,1,1,0,55,4,1
1059,2,1,2,1,0,56,5,1
1059,3,2,3,1,0,57,6,1
1059,4,3,3.037,0.037,0,58,7,1
1060,1,0,1,1,0,37,10,1
1060,2,1,2,1,0,38,11,1
1060,3,2,2.225,0.225,0,39,12,1
1061,1,0,1,1,1,37,11,1
1061,2,1,1.36,0.36,0,38,12,1
1062,1,0,1,1,0,58,1,1
1062,2,1,2,1,0,59,2,1
1062,3,2,2.325,0.325,0,60,3,1
1063,1,0,1,1,0,56,8,1
1063,2,1,2,1,1,57,9,1
1063,3,2,3,1,0,58,10,1
1063,4,3,4,1,0,59,11,1
1063,5,4,5,1,0,60,12,1
1063,6,5,6,1,1,61,13,1
1063,7,6,6.878,0.878,0,62,14,1
1064,1,0,1,1,0,42,15,1
1064,2,1,2,1,0,43,16,1
1064,3,2,2.122,0.122,0,44,17,1
1065,1,0,1,1,1,37,6,1
1065,2,1,2,1,0,38,7,1
1065,3,2,3,1,0,39,8,1
1065,4,3,4,1,0,40,9,1
1065,5,4,5,1,0,41,10,1
1065,6,5,6,1,0,42,11,1
1065,7,6,7,1,0,43,12,1
1065,8,7,7.081,0.081,0,44,13,1
1066,1,0,1,1,0,45,15,1
1066,2,1,2,1,0,46,16,1
1066,3,2,2.9,0.9,0,47,17,1
1067,1,0,1,1,1,46,13,1
1067,2,1,2,1,0,47,14,1
1067,3,2,3,1,0,48,15,1
1067,4,3,3.274,0.274,0,49,16,1
1068,1,0,1,1,0,56,8,1
1068,2,1,2,1,0,57,9,1
1068,3,2,3,1,0,58,10,1
1068,4,3,3.603,0.603,0,59,11,1
1069,1,0,1,1,0,53,11,1
1069,2,1,2,1,0,54,12,1
1069,3,2,3,1,0,55,13,1
1069,4,3,3.381,0.381,0,56,14,1
1070,1,0,1,1,0,45,7,1
1070,2,1,1.698,0.698,0,46,8,1
1071,1,0,1,1,0,23,8,1
1071,2,1,1.979,0.979,0,24,9,1
1072,1,0,1,1,0,37,10,1
1072,2,1,2,1,1,38,11,1
1072,3,2,3,1,0,39,12,1
1072,4,3,3.809,0.809,1,40,13,1
1073,1,0,1,1,0,54,8,1
1073,2,1,2,1,0,55,9,1
1073,3,2,3,1,0,56,10,1
1073,4,3,4,1,0,57,11,1
1073,5,4,5,1,0,58,12,1
1073,6,5,6,1,0,59,13,1
1073,7,6,6.593,0.593,0,60,14,1
1074,1,0,1,1,0,37,7,1
1074,2,1,2,1,0,38,8,1
1074,3,2,2.007,0.007,0,39,9,1
1075,1,0,1,1,0,18,0,1
1075,2,1,2,1,1,19,1,1
1075,3,2,3,1,0,20,2,1
1075,4,3,3.377,0.377,1,21,3,1
1076,1,0,1,1,1,52,2,1
1076,2,1,2,1,0,53,3,1
1076,3,2,3,1,0,54,4,1
1076,4,3,4,1,1,55,5,1
1076,5,4,5,1,0,56,6,1
1076,6,5,6,1,1,57,7,1
1076,7,6,7,1,0,58,8,1
1076,8,7,8,1,0,59,9,1
1076,9,8,9,1,0,60,10,1
1076,10,9,9.317,0.317,0,61,11,1
1077,1,0,1,1,0,55,6,1
1077,2,1,2,1,0,56,7,1
1077,3,2,3,1,1,57,8,1
1077,4,3,4,1,0,58,9,1
1077,5,4,4.975,0.975,1,59,10,1
1078,1,0,0.473,0.473,0,64,2,1
1079,1,0,1,1,0,37,13,1
1079,2,1,2,1,0,38,14,1
1079,3,2,3,1,0,39,15,1
1079,4,3,4,1,0,40,16,1
1079,5,4,5,1,0,41,17,1
1079,6,5,6,1,0,42,18,1
1079,7,6,6.123,0.123,0,43,19,1
1080,1,0,1,1,0,19,0,1
1080,2,1,2,1,0,20,1,1
1080,3,2,2.294,0.294,0,21,2,1
1081,1,0,1,1,1,60,7,1
1081,2,1,2,1,0,61,8,1
1081,3,2,3,1,0,62,9,1
1081,4,3,3.171,0.171,0,63,10,1
1082,1,0,1,1,0,27,16,1
1082,2,1,2,1,0,28,17,1
1082,3,2,3,1,0,29,18,1
1082,4,3,4,1,0,30,19,1
1082,5,4,5,1,0,31,20,1
1082,6,5,5.154,0.154,0,32,21,1
1083,1,0,1,1,0,71,11,1
1083,2,1,2,1,0,72,12,1
1083,3,2,3,1,0,73,13,1
1083,4,3,4,1,0,74,14,1
1083,5,4,4.707,0.707,0,75,15,1
1084,1,0,1,1,0,28,1,1
1084,2,1,1.702,0.702,0,29,2,1
1085,1,0,1,1,0,19,12,1
1085,2,1,2,1,0,20,13,1
1085,3,2,3,1,0,21,14,1
1085,4,3,3.123,0.123,0,22,15,1
1086,1,0,1,1,0,56,4,1
1086,2,1,2,1,0,57,5,1
1086,3,2,3,1,0,58,6,1
1086,4,3,4,1,0,59,7,1
1086,5,4,5,1,0,60,8,1
1086,6,5,6,1,1,61,9,1
1086,7,6,7,1,0,62,10,1
1086,8,7,8,1,2,63,11,1
1086,9,8,9,1,1,64,12,1
1086,10,9,9.2,0.2,0,65,13,1
1087,1,0,1,1,0,37,11,1
1087,2,1,2,1,0,38,12,1
1087,3,2,3,1,1,39,13,1
1087,4,3,4,1,0,40,14,1
1087,5,4,5,1,0,41,15,1
1087,6,5,6,1,0,42,16,1
1087,7,6,7,1,0,43,17,1
1087,8,7,7.723,0.723,0,44,18,1
1088,1,0,1,1,0,70,18,1
1088,2,1,1.31,0.31,0,71,19,1
1089,1,0,1,1,0,41,11,1
1089,2,1,2,1,0,42,12,1
1089,3,2,2.259,0.259,0,43,13,1
1090,1,0,1,1,0,18,9,1
1090,2,1,2,1,1,19,10,1
1090,3,2,3,1,0,20,11,1
1090,4,3,4,1,0,21,12,1
1090,5,4,4.516,0.516,0,22,13,1
1091,1,0,1,1,0,34,7,1
1091,2,1,1.609,0.609,0,35,8,1
1092,1,0,1,1,0,37,14,1
1092,2,1,2,1,0,38,15,1
1092,3,2,3,1,0,39,16,1
1092,4,3,3.032,0.032,0,40,17,1
1093,1,0,1,1,0,40,6,1
1093,2,1,2,1,0,41,7,1
1093,3,2,3,1,0,42,8,1
1093,4,3,4,1,0,43,9,1
1093,5,4,5,1,0,44,10,1
1093,6,5,6,1,0,45,11,1
1093,7,6,7,1,0,46,12,1
1093,8,7,8,1,0,47,13,1
1093,9,8,9,1,0,48,14,1
1093,10,9,9.164,0.164,0,49,15,1
1094,1,0,1,1,0,18,8,1
1094,2,1,2,1,0,19,9,1
1094,3,2,3,1,0,20,10,1
1094,4,3,4,1,0,21,11,1
1094,5,4,5,1,1,22,12,1
1094,6,5,6,1,0,23,13,1
1094,7,6,7,1,0,24,14,1
1094,8,7,8,1,0,25,15,1
1094,9,8,9,1,0,26,16,1
1094,10,9,9.993,0.993,0,27,17,1
1095,1,0,1,1,1,50,8,1
1095,2,1,2,1,0,51,9,1
1095,3,2,3,1,1,52,10,1
1095,4,3,4,1,0,53,11,1
1095,5,4,4.805,0.805,0,54,12,1
1096,1,0,1,1,0,33,11,1
1096,2,1,1.044,0.044,0,34,12,1
1097,1,0,1,1,0,38,2,1
1097,2,1,2,1,0,39,3,1
1097,3,2,3,1,0,40,4,1
1097,4,3,4,1,0,41,5,1
1097,5,4,5,1,0,42,6,1
1097,6,5,6,1,0,43,7,1
1097,7,6,6.744,0.744,0,44,8,1
1098,1,0,1,1,0,56,6,1
1098,2,1,1.164,0.164,0,57,7,1
1099,1,0,1,1,1,56,12,1
1099,2,1,2,1,0,57,13,1
1099,3,2,3,1,0,58,14,1
1099,4,3,4,1,0,59,15,1
1099,5,4,5,1,1,60,16,1
1099,6,5,6,1,0,61,17,1
1099,7,6,7,1,0,62,18,1
1099,8,7,8,1,2,63,19,1
1099,9,8,8.733,0.733,0,64,20,1
1100,1,0,1,1,0,44,16,1
1100,2,1,1.985,0.985,0,45,17,1
1101,1,0,1,1,0,38,13,1
1101,2,1,1.468,0.468,0,39,14,1
1102,1,0,1,1,0,70,8,1
1102,2,1,2,1,0,71,9,1
1102,3,2,2.869,0.869,0,72,10,1
1103,1,0,1,1,0,40,2,1
1103,2,1,2,1,0,41,3,1
1103,3,2,3,1,0,42,4,1
1103,4,3,4,1,0,43,5,1
1103,5,4,5,1,0,44,6,1
1103,6,5,5.965,0.965,0,45,7,1
1104,1,0,1,1,1,76,20,1
1104,2,1,2,1,1,77,21,1
1104,3,2,3,1,0,78,22,1
1104,4,3,4,1,1,79,23,1
1104,5,4,5,1,0,80,24,1
1104,6,5,6,1,0,81,25,1
1104,7,6,7,1,0,82,26,1
1104,8,7,8,1,0,83,27,1
1104,9,8,9,1,0,84,28,1
1104,10,9,9.648,0.648,0,85,29,1
1105,1,0,1,1,0,34,11,1
1105,2,1,2,1,1,35,12,1
1105,3,2,3,1,0,36,13,1
1105,4,3,4,1,0,37,14,1
1105,5,4,5,1,1,38,15,1
1105,6,5,6,1,1,39,16,1
1105,7,6,6.619,0.619,1,40,17,1
1106,1,0,1,1,0,35,14,1
1106,2,1,1.735,0.735,0,36,15,1
1107,1,0,1,1,0,53,14,1
1107,2,1,2,1,0,54,15,1
1107,3,2,3,1,0,55,16,1
1107,4,3,4,1,0,56,17,1
1107,5,4,4.262,0.262,0,57,18,1
1108,1,0,1,1,0,30,5,1
1108,2,1,2,1,0,31,6,1
1108,3,2,3,1,0,32,7,1
1108,4,3,4,1,0,33,8,1
1108,5,4,5,1,0,34,9,1
1108,6,5,5.663,0.663,0,35,10,1
1109,1,0,1,1,0,39,12,1
1109,2,1,2,1,0,40,13,1
1109,3,2,3,1,0,41,14,1
1109,4,3,4,1,0,42,15,1
1109,5,4,5,1,0,43,16,1
1109,6,5,5.725,0.725,0,44,17,1
1110,1,0,1,1,0,18,1,1
1110,2,1,2,1,0,19,2,1
1110,3,2,3,1,0,20,3,1
1110,4,3,4,1,1,21,4,1
1110,5,4,5,1,1,22,5,1
1110,6,5,6,1,0,23,6,1
1110,7,6,7,1,0,24,7,1
1110,8,7,8,1,0,25,8,1
1110,9,8,9,1,1,26,9,1
1110,10,9,9.859,0.859,0,27,10,1
1111,1,0,0.54,0.54,0,40,8,1
1112,1,0,1,1,1,69,6,1
1112,2,1,2,1,0,70,7,1
1112,3,2,3,1,0,71,8,1
1112,4,3,4,1,0,72,9,1
1112,5,4,5,1,0,73,10,1
1112,6,5,5.184,0.184,0,74,11,1
1113,1,0,1,1,0,40,9,1
1113,2,1,2,1,0,41,10,1
1113,3,2,2.905,0.905,0,42,11,1
1114,1,0,1,1,1,27,7,1
1114,2,1,2,1,0,28,8,1
1114,3,2,3,1,0,29,9,1
1114,4,3,4,1,1,30,10,1
1114,5,4,4.32,0.32,0,31,11,1
1115,1,0,1,1,1,69,11,1
1115,2,1,2,1,0,70,12,1
1115,3,2,3,1,0,71,13,1
1115,4,3,4,1,0,72,14,1
1115,5,4,4.266,0.266,0,73,15,1
1116,1,0,1,1,0,23,1,1
1116,2,1,1.992,0.992,0,24,2,1
1117,1,0,1,1,0,59,2,1
1117,2,1,2,1,0,60,3,1
1117,3,2,3,1,0,61,4,1
1117,4,3,4,1,0,62,5,1
1117,5,4,5,1,0,63,6,1
1117,6,5,6,1,1,64,7,1
1117,7,6,7,1,0,65,8,1
1117,8,7,8,1,0,66,9,1
1117,9,8,8.122,0.122,0,67,10,1
1118,1,0,1,1,0,42,7,1
1118,2,1,1.547,0.547,0,43,8,1
1119,1,0,1,1,0,33,8,1
1119,2,1,2,1,0,34,9,1
1119,3,2,3,1,0,35,10,1
1119,4,3,4,1,0,36,11,1
1119,5,4,4.909,0.909,0,37,12,1
1120,1,0,1,1,0,46,9,1
1120,2,1,2,1,0,47,10,1
1120,3,2,2.054,0.054,0,48,11,1
1121,1,0,1,1,0,53,11,1
1121,2,1,2,1,0,54,12,1
1121,3,2,2.855,0.855,0,55,13,1
1122,1,0,1,1,0,45,0,1
1122,2,1,2,1,0,46,1,1
1122,3,2,3,1,0,47,2,1
1122,4,3,4,1,0,48,3,1
1122,5,4,5,1,0,49,4,1
1122,6,5,6,1,0,50,5,1
1122,7,6,6.949,0.949,0,51,6,1
1123,1,0,1,1,0,73,4,1
1123,2,1,2,1,0,74,5,1
1123,3,2,3,1,0,75,6,1
1123,4,3,3.385,0.385,0,76,7,1
1124,1,0,1,1,2,59,13,1
1124,2,1,2,1,0,60,14,1
1124,3,2,2.661,0.661,0,61,15,1
1125,1,0,1,1,0,35,18,1
1125,2,1,2,1,0,36,19,1
1125,3,2,3,1,0,37,20,1
1125,4,3,4,1,0,38,21,1
1125,5,4,4.081,0.081,0,39,22,1
1126,1,0,1,1,0,19,10,1
1126,2,1,1.835,0.835,0,20,11,1
1127,1,0,1,1,0,58,16,1
1127,2,1,1.26,0.26,0,59,17,1
1128,1,0,1,1,0,87,12,1
1128,2,1,2,1,0,88,13,1
1128,3,2,3,1,0,89,14,1
1128,4,3,4,1,0,90,15,1
1128,5,4,4.706,0.706,0,91,16,1
1129,1,0,1,1,0,46,1,1
1129,2,1,2,1,0,47,2,1
1129,3,2,3,1,0,48,3,1
1129,4,3,4,1,0,49,4,1
1129,5,4,4.331,0.331,0,50,5,1
1130,1,0,1,1,0,48,9,1
1130,2,1,1.633,0.633,0,49,10,1
1131,1,0,1,1,0,42,10,1
1131,2,1,2,1,0,43,11,1
1131,3,2,3,1,0,44,12,1
1131,4,3,4,1,0,45,13,1
1131,5,4,5,1,0,46,14,1
1131,6,5,5.429,0.429,1,47,15,1
1132,1,0,1,1,0,37,10,1
1132,2,1,2,1,0,38,11,1
1132,3,2,3,1,0,39,12,1
1132,4,3,3.02,0.02,0,40,13,1
1133,1,0,1,1,0,71,4,1
1133,2,1,2,1,0,72,5,1
1133,3,2,3,1,0,73,6,1
1133,4,3,4,1,0,74,7,1
1133,5,4,5,1,0,75,8,1
1133,6,5,6,1,0,76,9,1
1133,7,6,7,1,0,77,10,1
1133,8,7,8,1,0,78,11,1
1133,9,8,8.572,0.572,0,79,12,1
1134,1,0,1,1,0,33,8,1
1134,2,1,2,1,0,34,9,1
1134,3,2,3,1,0,35,10,1
1134,4,3,4,1,0,36,11,1
1134,5,4,4.724,0.724,0,37,12,1
1135,1,0,1,1,0,55,14,1
1135,2,1,2,1,0,56,15,1
1135,3,2,3,1,0,57,16,1
1135,4,3,4,1,0,58,17,1
1135,5,4,5,1,0,59,18,1
1135,6,5,6,1,0,60,19,1
1135,7,6,7,1,0,61,20,1
1135,8,7,8,1,0,62,21,1
1135,9,8,9,1,0,63,22,1
1135,10,9,9.996,0.996,0,64,23,1
1136,1,0,1,1,0,62,3,1
1136,2,1,2,1,0,63,4,1
1136,3,2,3,1,0,64,5,1
1136,4,3,4,1,0,65,6,1
1136,5,4,5,1,0,66,7,1
1136,6,5,5.238,0.238,0,67,8,1
1137,1,0,1,1,0,61,15,1
1137,2,1,1.358,0.358,0,62,16,1
1138,1,0,1,1,0,49,11,1
1138,2,1,1.582,0.582,0,50,12,1
1139,1,0,1,1,1,34,13,1
1139,2,1,2,1,0,35,14,1
1139,3,2,3,1,0,36,15,1
1139,4,3,4,1,1,37,16,1
1139,5,4,4.919,0.919,0,38,17,1
1140,1,0,1,1,0,46,4,1
1140,2,1,2,1,0,47,5,1
1140,3,2,2.765,0.765,0,48,6,1
1141,1,0,1,1,1,54,8,1
1141,2,1,2,1,0,55,9,1
1141,3,2,3,1,0,56,10,1
1141,4,3,4,1,0,57,11,1
1141,5,4,5,1,0,58,12,1
1141,6,5,6,1,0,59,13,1
1141,7,6,6.197,0.197,0,60,14,1
1142,1,0,1,1,0,58,18,1
1142,2,1,2,1,1,59,19,1
1142,3,2,3,1,0,60,20,1
1142,4,3,4,1,0,61,21,1
1142,5,4,5,1,1,62,22,1
1142,6,5,5.869,0.869,0,63,23,1
1143,1,0,1,1,0,79,12,1
1143,2,1,2,1,0,80,13,1
1143,3,2,3,1,0,81,14,1
1143,4,3,4,1,0,82,15,1
1143,5,4,4.017,0.017,0,83,16,1
1144,1,0,1,1,0,63,5,1
1144,2,1,2,1,1,64,6,1
1144,3,2,2.534,0.534,0,65,7,1
1145,1,0,1,1,0,66,14,1
1145,2,1,2,1,1,67,15,1
1145,3,2,3,1,1,68,16,1
1145,4,3,3.345,0.345,0,69,17,1
1146,1,0,1,1,1,41,9,1
1146,2,1,2,1,1,42,10,1
1146,3,2,3,1,0,43,11,1
1146,4,3,4,1,2,44,12,1
1146,5,4,5,1,0,45,13,1
1146,6,5,6,1,0,46,14,1
1146,7,6,7,1,0,47,15,1
1146,8,7,8,1,1,48,16,1
1146,9,8,9,1,0,49,17,1
1146,10,9,9.176,0.176,0,50,18,1
1147,1,0,1,1,0,49,7,1
1147,2,1,2,1,0,50,8,1
1147,3,2,3,1,0,51,9,1
1147,4,3,4,1,0,52,10,1
1147,5,4,5,1,0,53,11,1
1147,6,5,6,1,1,54,12,1
1147,7,6,7,1,0,55,13,1
1147,8,7,8,1,0,56,14,1
1147,9,8,8.459,0.459,0,57,15,1
1148,1,0,1,1,0,38,10,1
1148,2,1,2,1,0,39,11,1
1148,3,2,3,1,0,40,12,1
1148,4,3,4,1,0,41,13,1
1148,5,4,5,1,1,42,14,1
1148,6,5,6,1,1,43,15,1
1148,7,6,7,1,0,44,16,1
1148,8,7,8,1,0,45,17,1
1148,9,8,9,1,0,46,18,1
1148,10,9,9.089,0.089,0,47,19,1
1149,1,0,1,1,0,18,15,1
1149,2,1,2,1,0,19,16,1
1149,3,2,2.086,0.086,0,20,17,1
1150,1,0,1,1,0,27,5,1
1150,2,1,2,1,1,28,6,1
1150,3,2,2.615,0.615,0,29,7,1
1151,1,0,1,1,0,61,7,1
1151,2,1,2,1,0,62,8,1
1151,3,2,2.049,0.049,0,63,9,1
1152,1,0,1,1,0,50,7,1
1152,2,1,2,1,0,51,8,1
1152,3,2,3,1,0,52,9,1
1152,4,3,4,1,0,53,10,1
1152,5,4,4.223,0.223,0,54,11,1
1153,1,0,1,1,0,41,7,1
1153,2,1,2,1,0,42,8,1
1153,3,2,3,1,0,43,9,1
1153,4,3,4,1,0,44,10,1
1153,5,4,5,1,0,45,11,1
1153,6,5,6,1,0,46,12,1
1153,7,6,7,1,0,47,13,1
1153,8,7,7.554,0.554,0,48,14,1
1154,1,0,1,1,0,54,17,1
1154,2,1,2,1,0,55,18,1
1154,3,2,3,1,1,56,19,1
1154,4,3,4,1,0,57,20,1
1154,5,4,5,1,0,58,21,1
1154,6,5,5.806,0.806,1,59,22,1
1155,1,0,1,1,0,62,8,1
1155,2,1,2,1,0,63,9,1
1155,3,2,3,1,0,64,10,1
1155,4,3,3.477,0.477,0,65,11,1
1156,1,0,1,1,1,31,13,1
1156,2,1,2,1,0,32,14,1
1156,3,2,3,1,0,33,15,1
1156,4,3,3.982,0.982,1,34,16,1
1157,1,0,1,1,0,44,3,1
1157,2,1,2,1,0,45,4,1
1157,3,2,3,1,0,46,5,1
1157,4,3,4,1,0,47,6,1
1157,5,4,5,1,0,48,7,1
1157,6,5,5.915,0.915,0,49,8,1
1158,1,0,1,1,0,48,2,1
1158,2,1,1.022,0.022,0,49,3,1
1159,1,0,1,1,0,66,1,1
1159,2,1,2,1,1,67,2,1
1159,3,2,2.92,0.92,0,68,3,1
1160,1,0,1,1,0,57,6,1
1160,2,1,2,1,0,58,7,1
1160,3,2,3,1,1,59,8,1
1160,4,3,3.483,0.483,0,60,9,1
1161,1,0,1,1,0,64,8,1
1161,2,1,2,1,1,65,9,1
1161,3,2,3,1,0,66,10,1
1161,4,3,4,1,1,67,11,1
1161,5,4,5,1,1,68,12,1
1161,6,5,5.01,0.01,0,69,13,1
1162,1,0,1,1,0,47,6,1
1162,2,1,2,1,0,48,7,1
1162,3,2,3,1,0,49,8,1
1162,4,3,3.462,0.462,0,50,9,1
1163,1,0,1,1,0,53,10,1
1163,2,1,2,1,0,54,11,1
1163,3,2,3,1,0,55,12,1
1163,4,3,4,1,0,56,13,1
1163,5,4,5,1,0,57,14,1
1163,6,5,5.042,0.042,0,58,15,1
1164,1,0,1,1,0,29,3,1
1164,2,1,2,1,0,30,4,1
1164,3,2,3,1,0,31,5,1
1164,4,3,4,1,0,32,6,1
1164,5,4,5,1,1,33,7,1
1164,6,5,6,1,0,34,8,1
1164,7,6,7,1,0,35,9,1
1164,8,7,8,1,0,36,10,1
1164,9,8,8.471,0.471,0,37,11,1
1165,1,0,1,1,0,50,7,1
1165,2,1,2,1,0,51,8,1
1165,3,2,3,1,0,52,9,1
1165,4,3,3.961,0.961,0,53,10,1
1166,1,0,1,1,0,57,8,1
1166,2,1,2,1,0,58,9,1
1166,3,2,3,1,0,59,10,1
1166,4,3,4,1,0,60,11,1
1166,5,4,5,1,1,61,12,1
1166,6,5,5.554,0.554,0,62,13,1
1167,1,0,1,1,0,55,7,1
1167,2,1,2,1,0,56,8,1
1167,3,2,2.736,0.736,0,57,9,1
1168,1,0,1,1,0,37,12,1
1168,2,1,2,1,0,38,13,1
1168,3,2,3,1,0,39,14,1
1168,4,3,4,1,0,40,15,1
1168,5,4,5,1,0,41,16,1
1168,6,5,5.004,0.004,0,42,17,1
1169,1,0,1,1,1,34,6,1
1169,2,1,1.557,0.557,0,35,7,1
1170,1,0,1,1,1,73,4,1
1170,2,1,2,1,0,74,5,1
1170,3,2,3,1,1,75,6,1
1170,4,3,4,1,1,76,7,1
1170,5,4,5,1,0,77,8,1
1170,6,5,5.42,0.42,0,78,9,1
1171,1,0,1,1,0,42,18,1
1171,2,1,2,1,0,43,19,1
1171,3,2,3,1,0,44,20,1
1171,4,3,4,1,0,45,21,1
1171,5,4,4.354,0.354,0,46,22,1
1172,1,0,1,1,0,45,6,1
1172,2,1,2,1,0,46,7,1
1172,3,2,3,1,0,47,8,1
1172,4,3,3.112,0.112,0,48,9,1
1173,1,0,1,1,0,37,3,1
1173,2,1,1.348,0.348,0,38,4,1
1174,1,0,1,1,0,46,11,1
1174,2,1,2,1,0,47,12,1
1174,3,2,3,1,1,48,13,1
1174,4,3,3.168,0.168,0,49,14,1
1175,1,0,1,1,2,43,8,1
1175,2,1,2,1,0,44,9,1
1175,3,2,3,1,1,45,10,1
1175,4,3,3.699,0.699,0,46,11,1
1176,1,0,1,1,0,37,15,1
1176,2,1,2,1,0,38,16,1
1176,3,2,3,1,0,39,17,1
1176,4,3,4,1,0,40,18,1
1176,5,4,5,1,0,41,19,1
1176,6,5,6,1,0,42,20,1
1176,7,6,7,1,0,43,21,1
1176,8,7,8,1,0,44,22,1
1176,9,8,9,1,0,45,23,1
1176,10,9,9.26,0.26,0,46,24,1
1177,1,0,1,1,2,46,5,1
1177,2,1,1.351,0.351,0,47,6,1
1178,1,0,1,1,0,18,1,1
1178,2,1,2,1,0,19,2,1
1178,3,2,3,1,0,20,3,1
1178,4,3,4,1,0,21,4,1
1178,5,4,4.65,0.65,0,22,5,1
1179,1,0,1,1,0,33,16,1
1179,2,1,2,1,0,34,17,1
1179,3,2,3,1,0,35,18,1
1179,4,3,4,1,1,36,19,1
1179,5,4,5,1,0,37,20,1
1179,6,5,5.774,0.774,0,38,21,1
1180,1,0,1,1,0,36,4,1
1180,2,1,2,1,0,37,5,1
1180,3,2,3,1,0,38,6,1
1180,4,3,4,1,0,39,7,1
1180,5,4,5,1,0,40,8,1
1180,6,5,6,1,0,41,9,1
1180,7,6,7,1,0,42,10,1
1180,8,7,8,1,0,43,11,1
1180,9,8,8.166,0.166,0,44,12,1
1181,1,0,1,1,0,32,16,1
1181,2,1,2,1,1,33,17,1
1181,3,2,3,1,0,34,18,1
1181,4,3,3.947,0.947,0,35,19,1
1182,1,0,1,1,1,35,3,1
1182,2,1,2,1,0,36,4,1
1182,3,2,3,1,0,37,5,1
1182,4,3,4,1,0,38,6,1
1182,5,4,4.128,0.128,0,39,7,1
1183,1,0,1,1,0,26,16,1
1183,2,1,2,1,0,27,17,1
1183,3,2,3,1,0,28,18,1
1183,4,3,4,1,0,29,19,1
1183,5,4,5,1,0,30,20,1
1183,6,5,6,1,0,31,21,1
1183,7,6,7,1,0,32,22,1
1183,8,7,8,1,0,33,23,1
1183,9,8,9,1,0,34,24,1
1183,10,9,9.016,0.016,0,35,25,1
1184,1,0,1,1,0,57,19,1
1184,2,1,2,1,0,58,20,1
1184,3,2,3,1,0,59,21,1
1184,4,3,4,1,0,60,22,1
1184,5,4,5,1,0,61,23,1
1184,6,5,6,1,0,62,24,1
1184,7,6,7,1,0,63,25,1
1184,8,7,8,1,0,64,26,1
1184,9,8,8.084,0.084,0,65,27,1
1185,1,0,1,1,1,30,2,1
1185,2,1,2,1,0,31,3,1
1185,3,2,2.837,0.837,1,32,4,1
1186,1,0,1,1,0,36,15,1
1186,2,1,2,1,0,37,16,1
1186,3,2,3,1,0,38,17,1
1186,4,3,4,1,0,39,18,1
1186,5,4,5,1,0,40,19,1
1186,6,5,6,1,0,41,20,1
1186,7,6,6.069,0.069,0,42,21,1
1187,1,0,1,1,1,23,7,1
1187,2,1,2,1,1,24,8,1
1187,3,2,3,1,2,25,9,1
1187,4,3,4,1,1,26,10,1
1187,5,4,5,1,1,27,11,1
1187,6,5,6,1,3,28,12,1
1187,7,6,7,1,2,29,13,1
1187,8,7,8,1,1,30,14,1
1187,9,8,8.201,0.201,0,31,15,1
1188,1,0,1,1,0,50,12,1
1188,2,1,2,1,0,51,13,1
1188,3,2,3,1,0,52,14,1
1188,4,3,4,1,0,53,15,1
1188,5,4,5,1,0,54,16,1
1188,6,5,6,1,0,55,17,1
1188,7,6,6.099,0.099,0,56,18,1
1189,1,0,1,1,0,68,14,1
1189,2,1,1.523,0.523,0,69,15,1
1190,1,0,1,1,0,41,12,1
1190,2,1,1.656,0.656,0,42,13,1
1191,1,0,1,1,0,44,6,1
1191,2,1,2,1,0,45,7,1
1191,3,2,2.081,0.081,0,46,8,1
1192,1,0,1,1,0,66,4,1
1192,2,1,2,1,0,67,5,1
1192,3,2,3,1,1,68,6,1
1192,4,3,4,1,1,69,7,1
1192,5,4,4.949,0.949,0,70,8,1
1193,1,0,0.558,0.558,0,41,17,1
1194,1,0,1,1,0,32,3,1
1194,2,1,2,1,0,33,4,1
1194,3,2,3,1,0,34,5,1
1194,4,3,4,1,0,35,6,1
1194,5,4,4.841,0.841,0,36,7,1
1195,1,0,1,1,0,42,2,1
1195,2,1,2,1,0,43,3,1
1195,3,2,2.757,0.757,0,44,4,1
1196,1,0,1,1,0,48,0,1
1196,2,1,2,1,0,49,1,1
1196,3,2,2.739,0.739,1,50,2,1
1197,1,0,1,1,0,18,10,1
1197,2,1,2,1,0,19,11,1
1197,3,2,3,1,0,20,12,1
1197,4,3,4,1,0,21,13,1
1197,5,4,5,1,0,22,14,1
1197,6,5,6,1,0,23,15,1
1197,7,6,6.338,0.338,0,24,16,1
1198,1,0,1,1,0,29,7,1
1198,2,1,1.072,0.072,0,30,8,1
1199,1,0,1,1,0,39,15,1
1199,2,1,1.739,0.739,0,40,16,1
1200,1,0,1,1,0,54,13,1
1200,2,1,2,1,0,55,14,1
1200,3,2,3,1,0,56,15,1
1200,4,3,3.514,0.514,0,57,16,1
1201,1,0,1,1,0,48,5,1
1201,2,1,2,1,0,49,6,1
1201,3,2,2.973,0.973,0,50,7,1
1202,1,0,1,1,0,48,20,1
1202,2,1,2,1,0,49,21,1
1202,3,2,2.214,0.214,0,50,22,1
1203,1,0,1,1,0,58,12,1
1203,2,1,2,1,1,59,13,1
1203,3,2,2.031,0.031,1,60,14,1
1204,1,0,1,1,0,63,0,1
1204,2,1,2,1,0,64,1,1
1204,3,2,2.324,0.324,0,65,2,1
1205,1,0,1,1,1,65,10,1
1205,2,1,2,1,1,66,11,1
1205,3,2,3,1,0,67,12,1
1205,4,3,4,1,0,68,13,1
1205,5,4,5,1,0,69,14,1
1205,6,5,6,1,1,70,15,1
1205,7,6,6.25,0.25,0,71,16,1
1206,1,0,1,1,0,42,14,1
1206,2,1,2,1,0,43,15,1
1206,3,2,3,1,0,44,16,1
1206,4,3,4,1,0,45,17,1
1206,5,4,5,1,0,46,18,1
1206,6,5,6,1,0,47,19,1
1206,7,6,7,1,0,48,20,1
1206,8,7,8,1,0,49,21,1
1206,9,8,9,1,0,50,22,1
1206,10,9,9.29,0.29,0,51,23,1
1207,1,0,1,1,0,63,13,1
1207,2,1,2,1,0,64,14,1
1207,3,2,2.467,0.467,0,65,15,1
1208,1,0,1,1,0,59,9,1
1208,2,1,2,1,0,60,10,1
1208,3,2,3,1,0,61,11,1
1208,4,3,4,1,0,62,12,1
1208,5,4,4.644,0.644,0,63,13,1
1209,1,0,1,1,0,56,21,1
1209,2,1,2,1,2,57,22,1
1209,3,2,3,1,0,58,23,1
1209,4,3,4,1,2,59,24,1
1209,5,4,4.946,0.946,0,60,25,1
1210,1,0,1,1,0,62,8,1
1210,2,1,2,1,0,63,9,1
1210,3,2,3,1,0,64,10,1
1210,4,3,4,1,0,65,11,1
1210,5,4,5,1,0,66,12,1
1210,6,5,6,1,1,67,13,1
1210,7,6,7,1,1,68,14,1
1210,8,7,7.568,0.568,0,69,15,1
1211,1,0,1,1,0,61,16,1
1211,2,1,2,1,0,62,17,1
1211,3,2,3,1,0,63,18,1
1211,4,3,3.15,0.15,0,64,19,1
1212,1,0,1,1,0,64,15,1
1212,2,1,2,1,0,65,16,1
1212,3,2,3,1,0,66,17,1
1212,4,3,4,1,0,67,18,1
1212,5,4,4.434,0.434,0,68,19,1
1213,1,0,1,1,0,49,2,1
1213,2,1,2,1,1,50,3,1
1213,3,2,3,1,1,51,4,1
1213,4,3,4,1,0,52,5,1
1213,5,4,5,1,0,53,6,1
1213,6,5,6,1,0,54,7,1
1213,7,6,7,1,0,55,8,1
1213,8,7,8,1,0,56,9,1
1213,9,8,8.022,0.022,0,57,10,1
1214,1,0,1,1,0,39,11,1
1214,2,1,2,1,0,40,12,1
1214,3,2,3,1,0,41,13,1
1214,4,3,3.757,0.757,0,42,14,1
1215,1,0,1,1,0,47,18,1
1215,2,1,1.789,0.789,0,48,19,1
1216,1,0,1,1,1,31,12,1
1216,2,1,2,1,0,32,13,1
1216,3,2,3,1,0,33,14,1
1216,4,3,3.659,0.659,0,34,15,1
1217,1,0,1,1,0,77,10,1
1217,2,1,2,1,0,78,11,1
1217,3,2,3,1,0,79,12,1
1217,4,3,3.194,0.194,0,80,13,1
1218,1,0,1,1,1,36,3,1
1218,2,1,2,1,0,37,4,1
1218,3,2,3,1,0,38,5,1
1218,4,3,3.793,0.793,0,39,6,1
1219,1,0,1,1,0,51,9,1
1219,2,1,2,1,0,52,10,1
1219,3,2,2.803,0.803,0,53,11,1
1220,1,0,1,1,0,54,4,1
1220,2,1,2,1,0,55,5,1
1220,3,2,3,1,0,56,6,1
1220,4,3,4,1,0,57,7,1
1220,5,4,5,1,0,58,8,1
1220,6,5,6,1,0,59,9,1
1220,7,6,7,1,0,60,10,1
1220,8,7,7.071,0.071,0,61,11,1
1221,1,0,1,1,2,31,8,1
1221,2,1,2,1,0,32,9,1
1221,3,2,3,1,0,33,10,1
1221,4,3,3.187,0.187,0,34,11,1
1222,1,0,1,1,0,30,13,1
1222,2,1,2,1,0,31,14,1
1222,3,2,3,1,1,32,15,1
1222,4,3,4,1,0,33,16,1
1222,5,4,4.434,0.434,1,34,17,1
1223,1,0,1,1,0,40,9,1
1223,2,1,2,1,0,41,10,1
1223,3,2,2.867,0.867,0,42,11,1
1224,1,0,1,1,0,78,1,1
1224,2,1,2,1,0,79,2,1
1224,3,2,3,1,0,80,3,1
1224,4,3,4,1,0,81,4,1
1224,5,4,5,1,1,82,5,1
1224,6,5,6,1,0,83,6,1
1224,7,6,6.906,0.906,2,84,7,1
1225,1,0,1,1,0,66,0,1
1225,2,1,2,1,0,67,1,1
1225,3,2,3,1,0,68,2,1
1225,4,3,4,1,0,69,3,1
1225,5,4,5,1,0,70,4,1
1225,6,5,6,1,0,71,5,1
1225,7,6,7,1,1,72,6,1
1225,8,7,7.391,0.391,0,73,7,1
1226,1,0,1,1,0,35,13,1
1226,2,1,2,1,0,36,14,1
1226,3,2,3,1,0,37,15,1
1226,4,3,4,1,0,38,16,1
1226,5,4,4.772,0.772,0,39,17,1
1227,1,0,0.822,0.822,0,49,7,1
1228,1,0,1,1,0,53,13,1
1228,2,1,2,1,0,54,14,1
1228,3,2,3,1,0,55,15,1
1228,4,3,3.554,0.554,0,56,16,1
1229,1,0,1,1,0,37,3,1
1229,2,1,2,1,0,38,4,1
1229,3,2,3,1,0,39,5,1
1229,4,3,4,1,0,40,6,1
1229,5,4,5,1,0,41,7,1
1229,6,5,5.892,0.892,0,42,8,1
1230,1,0,1,1,1,31,18,1
1230,2,1,2,1,1,32,19,1
1230,3,2,3,1,0,33,20,1
1230,4,3,3.679,0.679,0,34,21,1
1231,1,0,1,1,0,18,7,1
1231,2,1,1.961,0.961,0,19,8,1
1232,1,0,1,1,0,60,8,1
1232,2,1,1.423,0.423,0,61,9,1
1233,1,0,1,1,0,56,8,1
1233,2,1,2,1,0,57,9,1
1233,3,2,2.225,0.225,0,58,10,1
1234,1,0,1,1,0,31,10,1
1234,2,1,2,1,0,32,11,1
1234,3,2,3,1,0,33,12,1
1234,4,3,4,1,0,34,13,1
1234,5,4,5,1,0,35,14,1
1234,6,5,6,1,0,36,15,1
1234,7,6,7,1,0,37,16,1
1234,8,7,7.357,0.357,0,38,17,1
1235,1,0,1,1,0,40,9,1
1235,2,1,2,1,1,41,10,1
1235,3,2,3,1,0,42,11,1
1235,4,3,4,1,0,43,12,1
1235,5,4,5,1,0,44,13,1
1235,6,5,6,1,0,45,14,1
1235,7,6,6.889,0.889,0,46,15,1
1236,1,0,1,1,0,52,14,1
1236,2,1,2,1,0,53,15,1
1236,3,2,2.301,0.301,0,54,16,1
1237,1,0,1,1,0,47,12,1
1237,2,1,1.246,0.246,0,48,13,1
1238,1,0,1,1,0,48,7,1
1238,2,1,2,1,0,49,8,1
1238,3,2,3,1,0,50,9,1
1238,4,3,3.273,0.273,0,51,10,1
1239,1,0,1,1,0,37,11,1
1239,2,1,2,1,0,38,12,1
1239,3,2,3,1,0,39,13,1
1239,4,3,4,1,0,40,14,1
1239,5,4,5,1,1,41,15,1
1239,6,5,6,1,0,42,16,1
1239,7,6,6.96,0.96,0,43,17,1
1240,1,0,1,1,2,76,13,1
1240,2,1,2,1,0,77,14,1
1240,3,2,3,1,0,78,15,1
1240,4,3,4,1,0,79,16,1
1240,5,4,4.594,0.594,1,80,17,1
1241,1,0,1,1,0,65,0,1
1241,2,1,2,1,0,66,1,1
1241,3,2,2.114,0.114,0,67,2,1
1242,1,0,1,1,0,63,16,1
1242,2,1,2,1,0,64,17,1
1242,3,2,3,1,0,65,18,1
1242,4,3,4,1,0,66,19,1
1242,5,4,5,1,0,67,20,1
1242,6,5,6,1,0,68,21,1
1242,7,6,7,1,0,69,22,1
1242,8,7,7.466,0.466,0,70,23,1
1243,1,0,1,1,0,43,0,1
1243,2,1,2,1,0,44,1,1
1243,3,2,2.679,0.679,0,45,2,1
1244,1,0,1,1,0,45,8,1
1244,2,1,2,1,0,46,9,1
1244,3,2,3,1,0,47,10,1
1244,4,3,4,1,0,48,11,1
1244,5,4,5,1,0,49,12,1
1244,6,5,6,1,0,50,13,1
1244,7,6,7,1,0,51,14,1
1244,8,7,8,1,0,52,15,1
1244,9,8,8.976,0.976,0,53,16,1
1245,1,0,1,1,0,56,12,1
1245,2,1,2,1,0,57,13,1
1245,3,2,3,1,1,58,14,1
1245,4,3,3.653,0.653,0,59,15,1
1246,1,0,1,1,0,64,7,1
1246,2,1,2,1,0,65,8,1
1246,3,2,2.198,0.198,0,66,9,1
1247,1,0,1,1,0,53,6,1
1247,2,1,2,1,0,54,7,1
1247,3,2,3,1,0,55,8,1
1247,4,3,3.143,0.143,0,56,9,1
1248,1,0,1,1,0,46,0,1
1248,2,1,2,1,2,47,1,1
1248,3,2,2.814,0.814,0,48,2,1
1249,1,0,1,1,1,37,9,1
1249,2,1,2,1,0,38,10,1
1249,3,2,2.664,0.664,1,39,11,1
1250,1,0,1,1,0,46,20,1
1250,2,1,2,1,0,47,21,1
1250,3,2,3,1,0,48,22,1
1250,4,3,4,1,0,49,23,1
1250,5,4,5,1,0,50,24,1
1250,6,5,5.069,0.069,0,51,25,1
1251,1,0,1,1,0,75,17,1
1251,2,1,2,1,0,76,18,1
1251,3,2,3,1,0,77,19,1
1251,4,3,4,1,0,78,20,1
1251,5,4,5,1,0,79,21,1
1251,6,5,6,1,0,80,22,1
1251,7,6,7,1,0,81,23,1
1251,8,7,8,1,0,82,24,1
1251,9,8,8.643,0.643,0,83,25,1
1252,1,0,1,1,0,58,5,1
1252,2,1,2,1,0,59,6,1
1252,3,2,3,1,0,60,7,1
1252,4,3,4,1,1,61,8,1
1252,5,4,4.505,0.505,0,62,9,1
1253,1,0,1,1,0,39,10,1
1253,2,1,2,1,0,40,11,1
1253,3,2,2.362,0.362,0,41,12,1
1254,1,0,1,1,1,71,15,1
1254,2,1,2,1,1,72,16,1
1254,3,2,3,1,0,73,17,1
1254,4,3,4,1,0,74,18,1
1254,5,4,5,1,0,75,19,1
1254,6,5,5.618,0.618,0,76,20,1
1255,1,0,1,1,0,55,8,1
1255,2,1,2,1,0,56,9,1
1255,3,2,3,1,0,57,10,1
1255,4,3,4,1,1,58,11,1
1255,5,4,5,1,0,59,12,1
1255,6,5,6,1,0,60,13,1
1255,7,6,7,1,0,61,14,1
1255,8,7,8,1,0,62,15,1
1255,9,8,9,1,2,63,16,1
1255,10,9,9.761,0.761,1,64,17,1
1256,1,0,1,1,0,24,13,1
1256,2,1,2,1,0,25,14,1
1256,3,2,3,1,0,26,15,1
1256,4,3,3.312,0.312,0,27,16,1
1257,1,0,1,1,0,27,7,1
1257,2,1,1.698,0.698,0,28,8,1
1258,1,0,1,1,0,42,9,1
1258,2,1,2,1,0,43,10,1
1258,3,2,3,1,0,44,11,1
1258,4,3,4,1,0,45,12,1
1258,5,4,4.011,0.011,0,46,13,1
1259,1,0,1,1,0,28,2,1
1259,2,1,2,1,0,29,3,1
1259,3,2,3,1,0,30,4,1
1259,4,3,4,1,0,31,5,1
1259,5,4,5,1,0,32,6,1
1259,6,5,5.204,0.204,0,33,7,1
1260,1,0,1,1,0,19,6,1
1260,2,1,2,1,1,20,7,1
1260,3,2,3,1,4,21,8,1
1260,4,3,4,1,0,22,9,1
1260,5,4,4.934,0.934,0,23,10,1
1261,1,0,1,1,0,19,11,1
1261,2,1,1.506,0.506,0,20,12,1
1262,1,0,1,1,0,42,2,1
1262,2,1,2,1,0,43,3,1
1262,3,2,3,1,0,44,4,1
1262,4,3,4,1,0,45,5,1
1262,5,4,5,1,0,46,6,1
1262,6,5,5.316,0.316,0,47,7,1
1263,1,0,1,1,0,65,8,1
1263,2,1,1.143,0.143,0,66,9,1
1264,1,0,1,1,0,38,9,1
1264,2,1,2,1,0,39,10,1
1264,3,2,3,1,0,40,11,1
1264,4,3,3.447,0.447,0,41,12,1
1265,1,0,1,1,0,81,7,1
1265,2,1,2,1,0,82,8,1
1265,3,2,3,1,1,83,9,1
1265,4,3,4,1,0,84,10,1
1265,5,4,5,1,1,85,11,1
1265,6,5,6,1,0,86,12,1
1265,7,6,6.435,0.435,0,87,13,1
1266,1,0,1,1,0,51,7,1
1266,2,1,2,1,0,52,8,1
1266,3,2,3,1,1,53,9,1
1266,4,3,3.072,0.072,0,54,10,1
1267,1,0,1,1,0,18,1,1
1267,2,1,2,1,0,19,2,1
1267,3,2,3,1,0,20,3,1
1267,4,3,4,1,0,21,4,1
1267,5,4,5,1,0,22,5,1
1267,6,5,6,1,0,23,6,1
1267,7,6,6.575,0.575,0,24,7,1
1268,1,0,1,1,0,55,1,1
1268,2,1,2,1,0,56,2,1
1268,3,2,2.076,0.076,0,57,3,1
1269,1,0,1,1,0,27,5,1
1269,2,1,1.282,0.282,0,28,6,1
1270,1,0,1,1,1,44,4,1
1270,2,1,1.828,0.828,0,45,5,1
1271,1,0,1,1,1,41,2,1
1271,2,1,2,1,0,42,3,1
1271,3,2,3,1,0,43,4,1
1271,4,3,4,1,0,44,5,1
1271,5,4,5,1,0,45,6,1
1271,6,5,5.197,0.197,0,46,7,1
1272,1,0,1,1,0,54,18,1
1272,2,1,2,1,0,55,19,1
1272,3,2,3,1,0,56,20,1
1272,4,3,3.206,0.206,0,57,21,1
1273,1,0,1,1,0,28,14,1
1273,2,1,2,1,0,29,15,1
1273,3,2,3,1,0,30,16,1
1273,4,3,4,1,0,31,17,1
1273,5,4,5,1,0,32,18,1
1273,6,5,6,1,0,33,19,1
1273,7,6,7,1,0,34,20,1
1273,8,7,7.569,0.569,0,35,21,1
1274,1,0,1,1,0,22,9,1
1274,2,1,2,1,1,23,10,1
1274,3,2,3,1,0,24,11,1
1274,4,3,3.196,0.196,0,25,12,1
1275,1,0,1,1,0,61,11,1
1275,2,1,2,1,0,62,12,1
1275,3,2,3,1,0,63,13,1
1275,4,3,3.505,0.505,0,64,14,1
1276,1,0,1,1,0,48,14,1
1276,2,1,2,1,1,49,15,1
1276,3,2,2.665,0.665,0,50,16,1
1277,1,0,1,1,0,59,6,1
1277,2,1,1.344,0.344,0,60,7,1
1278,1,0,1,1,0,29,12,1
1278,2,1,2,1,0,30,13,1
1278,3,2,3,1,0,31,14,1
1278,4,3,4,1,0,32,15,1
1278,5,4,5,1,0,33,16,1
1278,6,5,5.748,0.748,0,34,17,1
1279,1,0,1,1,0,55,18,1
1279,2,1,2,1,0,56,19,1
1279,3,2,3,1,0,57,20,1
1279,4,3,4,1,0,58,21,1
1279,5,4,5,1,0,59,22,1
1279,6,5,5.518,0.518,0,60,23,1
1280,1,0,1,1,0,54,10,1
1280,2,1,2,1,0,55,11,1
1280,3,2,3,1,0,56,12,1
1280,4,3,4,1,0,57,13,1
1280,5,4,5,1,0,58,14,1
1280,6,5,5.536,0.536,0,59,15,1
1281,1,0,1,1,1,39,7,1
1281,2,1,2,1,1,40,8,1
1281,3,2,3,1,0,41,9,1
1281,4,3,3.439,0.439,0,42,10,1
1282,1,0,1,1,1,24,4,1
1282,2,1,1.884,0.884,1,25,5,1
1283,1,0,1,1,0,66,6,1
1283,2,1,2,1,0,67,7,1
1283,3,2,3,1,0,68,8,1
1283,4,3,4,1,0,69,9,1
1283,5,4,5,1,0,70,10,1
1283,6,5,5.185,0.185,0,71,11,1
1284,1,0,1,1,0,25,10,1
1284,2,1,2,1,1,26,11,1
1284,3,2,3,1,1,27,12,1
1284,4,3,4,1,1,28,13,1
1284,5,4,4.335,0.335,0,29,14,1
1285,1,0,1,1,0,73,10,1
1285,2,1,1.687,0.687,0,74,11,1
1286,1,0,1,1,0,67,11,1
1286,2,1,1.71,0.71,0,68,12,1
1287,1,0,1,1,1,52,9,1
1287,2,1,2,1,0,53,10,1
1287,3,2,2.704,0.704,0,54,11,1
1288,1,0,1,1,0,18,9,1
1288,2,1,2,1,0,19,10,1
1288,3,2,2.146,0.146,0,20,11,1
1289,1,0,1,1,0,58,1,1
1289,2,1,2,1,0,59,2,1
1289,3,2,3,1,0,60,3,1
1289,4,3,4,1,0,61,4,1
1289,5,4,5,1,0,62,5,1
1289,6,5,5.122,0.122,0,63,6,1
1290,1,0,1,1,0,63,0,1
1290,2,1,1,0,0,64,1,1
1291,1,0,1,1,0,52,10,1
1291,2,1,2,1,0,53,11,1
1291,3,2,3,1,0,54,12,1
1291,4,3,4,1,0,55,13,1
1291,5,4,5,1,0,56,14,1
1291,6,5,6,1,2,57,15,1
1291,7,6,7,1,0,58,16,1
1291,8,7,8,1,0,59,17,1
1291,9,8,8.564,0.564,0,60,18,1
1292,1,0,1,1,1,36,5,1
1292,2,1,2,1,1,37,6,1
1292,3,2,3,1,0,38,7,1
1292,4,3,3.762,0.762,0,39,8,1
1293,1,0,1,1,1,18,13,1
1293,2,1,2,1,0,19,14,1
1293,3,2,3,1,0,20,15,1
1293,4,3,4,1,0,21,16,1
1293,5,4,4.12,0.12,0,22,17,1
1294,1,0,1,1,0,22,11,1
1294,2,1,2,1,1,23,12,1
1294,3,2,3,1,0,24,13,1
1294,4,3,4,1,1,25,14,1
1294,5,4,5,1,0,26,15,1
1294,6,5,6,1,0,27,16,1
1294,7,6,7,1,0,28,17,1
1294,8,7,7.794,0.794,0,29,18,1
1295,1,0,1,1,0,57,12,1
1295,2,1,2,1,0,58,13,1
1295,3,2,3,1,0,59,14,1
1295,4,3,4,1,0,60,15,1
1295,5,4,5,1,0,61,16,1
1295,6,5,6,1,0,62,17,1
1295,7,6,7,1,0,63,18,1
1295,8,7,7.17,0.17,0,64,19,1
1296,1,0,1,1,0,21,1,1
1296,2,1,1.877,0.877,0,22,2,1
1297,1,0,1,1,0,63,13,1
1297,2,1,1.228,0.228,0,64,14,1
1298,1,0,1,1,0,37,0,1
1298,2,1,2,1,0,38,1,1
1298,3,2,2.883,0.883,0,39,2,1
1299,1,0,1,1,0,62,13,1
1299,2,1,2,1,0,63,14,1
1299,3,2,3,1,0,64,15,1
1299,4,3,4,1,0,65,16,1
1299,5,4,5,1,0,66,17,1
1299,6,5,6,1,0,67,18,1
1299,7,6,6.902,0.902,0,68,19,1
1300,1,0,1,1,0,50,9,1
1300,2,1,2,1,0,51,10,1
1300,3,2,3,1,0,52,11,1
1300,4,3,4,1,0,53,12,1
1300,5,4,5,1,0,54,13,1
1300,6,5,6,1,0,55,14,1
1300,7,6,7,1,0,56,15,1
1300,8,7,8,1,0,57,16,1
1300,9,8,9,1,1,58,17,1
1300,10,9,9.205,0.205,0,59,18,1
1301,1,0,1,1,0,52,0,1
1301,2,1,2,1,0,53,1,1
1301,3,2,3,1,0,54,2,1
1301,4,3,4,1,0,55,3,1
1301,5,4,5,1,0,56,4,1
1301,6,5,6,1,0,57,5,1
1301,7,6,6.504,0.504,0,58,6,1
1302,1,0,1,1,0,47,5,1
1302,2,1,2,1,0,48,6,1
1302,3,2,2.729,0.729,0,49,7,1
1303,1,0,1,1,0,48,9,1
1303,2,1,2,1,1,49,10,1
1303,3,2,3,1,0,50,11,1
1303,4,3,3.399,0.399,0,51,12,1
1304,1,0,1,1,0,43,17,1
1304,2,1,1.218,0.218,0,44,18,1
1305,1,0,1,1,0,38,12,1
1305,2,1,2,1,0,39,13,1
1305,3,2,3,1,0,40,14,1
1305,4,3,4,1,0,41,15,1
1305,5,4,5,1,0,42,16,1
1305,6,5,6,1,0,43,17,1
1305,7,6,6.013,0.013,0,44,18,1
1306,1,0,1,1,0,18,9,1
1306,2,1,2,1,0,19,10,1
1306,3,2,2.148,0.148,0,20,11,1
1307,1,0,1,1,0,41,8,1
1307,2,1,1.03,0.03,0,42,9,1
1308,1,0,1,1,0,32,17,1
1308,2,1,1.907,0.907,0,33,18,1
1309,1,0,1,1,0,75,7,1
1309,2,1,1.045,0.045,0,76,8,1
1310,1,0,1,1,0,54,11,1
1310,2,1,2,1,0,55,12,1
1310,3,2,3,1,0,56,13,1
1310,4,3,4,1,0,57,14,1
1310,5,4,4.666,0.666,0,58,15,1
1311,1,0,1,1,0,40,12,1
1311,2,1,2,1,1,41,13,1
1311,3,2,3,1,0,42,14,1
1311,4,3,3.445,0.445,0,43,15,1
1312,1,0,1,1,0,59,6,1
1312,2,1,2,1,0,60,7,1
1312,3,2,3,1,0,61,8,1
1312,4,3,3.434,0.434,0,62,9,1
1313,1,0,1,1,0,54,6,1
1313,2,1,2,1,0,55,7,1
1313,3,2,2.548,0.548,0,56,8,1
1314,1,0,1,1,0,45,8,1
1314,2,1,2,1,0,46,9,1
1314,3,2,3,1,0,47,10,1
1314,4,3,3.656,0.656,0,48,11,1
1315,1,0,1,1,0,50,1,1
1315,2,1,2,1,1,51,2,1
1315,3,2,2.835,0.835,0,52,3,1
1316,1,0,1,1,0,53,14,1
1316,2,1,2,1,0,54,15,1
1316,3,2,3,1,1,55,16,1
1316,4,3,3.226,0.226,0,56,17,1
1317,1,0,1,1,0,42,2,1
1317,2,1,2,1,0,43,3,1
1317,3,2,3,1,0,44,4,1
1317,4,3,4,1,0,45,5,1
1317,5,4,5,1,0,46,6,1
1317,6,5,6,1,0,47,7,1
1317,7,6,7,1,0,48,8,1
1317,8,7,8,1,0,49,9,1
1317,9,8,8.44,0.44,0,50,10,1
1318,1,0,1,1,0,22,9,1
1318,2,1,2,1,0,23,10,1
1318,3,2,3,1,0,24,11,1
1318,4,3,4,1,0,25,12,1
1318,5,4,5,1,0,26,13,1
1318,6,5,5.583,0.583,0,27,14,1
1319,1,0,1,1,0,28,9,1
1319,2,1,2,1,0,29,10,1
1319,3,2,3,1,0,30,11,1
1319,4,3,3.309,0.309,0,31,12,1
1320,1,0,1,1,0,33,12,1
1320,2,1,2,1,0,34,13,1
1320,3,2,3,1,0,35,14,1
1320,4,3,4,1,0,36,15,1
1320,5,4,5,1,0,37,16,1
1320,6,5,6,1,0,38,17,1
1320,7,6,7,1,0,39,18,1
1320,8,7,7.902,0.902,0,40,19,1
1321,1,0,1,1,0,37,0,1
1321,2,1,2,1,0,38,1,1
1321,3,2,3,1,0,39,2,1
1321,4,3,4,1,0,40,3,1
1321,5,4,4.103,0.103,0,41,4,1
1322,1,0,1,1,0,83,4,1
1322,2,1,2,1,0,84,5,1
1322,3,2,3,1,0,85,6,1
1322,4,3,4,1,0,86,7,1
1322,5,4,4.208,0.208,0,87,8,1
1323,1,0,1,1,1,43,6,1
1323,2,1,2,1,0,44,7,1
1323,3,2,2.711,0.711,1,45,8,1
1324,1,0,1,1,1,29,16,1
1324,2,1,2,1,0,30,17,1
1324,3,2,2.448,0.448,0,31,18,1
1325,1,0,1,1,0,73,5,1
1325,2,1,2,1,0,74,6,1
1325,3,2,3,1,0,75,7,1
1325,4,3,4,1,0,76,8,1
1325,5,4,5,1,0,77,9,1
1325,6,5,5.252,0.252,0,78,10,1
1326,1,0,0.213,0.213,0,49,15,1
1327,1,0,1,1,0,18,9,1
1327,2,1,1.231,0.231,0,19,10,1
1328,1,0,1,1,0,48,4,1
1328,2,1,2,1,1,49,5,1
1328,3,2,3,1,0,50,6,1
1328,4,3,4,1,0,51,7,1
1328,5,4,4.117,0.117,0,52,8,1
1329,1,0,1,1,0,37,2,1
1329,2,1,2,1,1,38,3,1
1329,3,2,3,1,0,39,4,1
1329,4,3,4,1,0,40,5,1
1329,5,4,5,1,1,41,6,1
1329,6,5,6,1,1,42,7,1
1329,7,6,7,1,0,43,8,1
1329,8,7,7.652,0.652,0,44,9,1
1330,1,0,1,1,1,48,10,1
1330,2,1,2,1,1,49,11,1
1330,3,2,3,1,0,50,12,1
1330,4,3,3.192,0.192,0,51,13,1
1331,1,0,1,1,0,46,14,1
1331,2,1,2,1,0,47,15,1
1331,3,2,3,1,0,48,16,1
1331,4,3,4,1,0,49,17,1
1331,5,4,5,1,0,50,18,1
1331,6,5,6,1,0,51,19,1
1331,7,6,6.566,0.566,0,52,20,1
1332,1,0,1,1,0,46,1,1
1332,2,1,2,1,0,47,2,1
1332,3,2,3,1,0,48,3,1
1332,4,3,4,1,0,49,4,1
1332,5,4,4.777,0.777,0,50,5,1
1333,1,0,1,1,0,59,6,1
1333,2,1,2,1,0,60,7,1
1333,3,2,2.873,0.873,0,61,8,1
1334,1,0,1,1,0,67,9,1
1334,2,1,1.268,0.268,0,68,10,1
1335,1,0,1,1,0,36,11,1
1335,2,1,2,1,0,37,12,1
1335,3,2,3,1,0,38,13,1
1335,4,3,4,1,0,39,14,1
1335,5,4,4.811,0.811,0,40,15,1
1336,1,0,1,1,1,21,18,1
1336,2,1,2,1,0,22,19,1
1336,3,2,2.893,0.893,0,23,20,1
1337,1,0,1,1,0,46,3,1
1337,2,1,2,1,0,47,4,1
1337,3,2,3,1,0,48,5,1
1337,4,3,4,1,0,49,6,1
1337,5,4,4.905,0.905,0,50,7,1
1338,1,0,1,1,1,56,0,1
1338,2,1,2,1,0,57,1,1
1338,3,2,2.784,0.784,1,58,2,1
1339,1,0,1,1,1,33,4,1
1339,2,1,2,1,0,34,5,1
1339,3,2,3,1,0,35,6,1
1339,4,3,4,1,0,36,7,1
1339,5,4,4.31,0.31,0,37,8,1
1340,1,0,1,1,0,52,7,1
1340,2,1,2,1,0,53,8,1
1340,3,2,3,1,1,54,9,1
1340,4,3,4,1,0,55,10,1
1340,5,4,4.29,0.29,0,56,11,1
1341,1,0,1,1,0,20,5,1
1341,2,1,2,1,1,21,6,1
1341,3,2,3,1,0,22,7,1
1341,4,3,4,1,0,23,8,1
1341,5,4,4.646,0.646,0,24,9,1
1342,1,0,1,1,0,26,0,1
1342,2,1,2,1,0,27,1,1
1342,3,2,2.673,0.673,0,28,2,1
1343,1,0,1,1,0,30,11,1
1343,2,1,1.969,0.969,2,31,12,1
1344,1,0,1,1,0,34,15,1
1344,2,1,2,1,0,35,16,1
1344,3,2,3,1,0,36,17,1
1344,4,3,4,1,0,37,18,1
1344,5,4,5,1,0,38,19,1
1344,6,5,5.483,0.483,0,39,20,1
1345,1,0,1,1,0,38,0,1
1345,2,1,2,1,0,39,1,1
1345,3,2,2.386,0.386,0,40,2,1
1346,1,0,0.817,0.817,0,25,10,1
1347,1,0,1,1,1,74,10,1
1347,2,1,2,1,0,75,11,1
1347,3,2,3,1,0,76,12,1
1347,4,3,4,1,0,77,13,1
1347,5,4,4.891,0.891,1,78,14,1
1348,1,0,1,1,0,71,7,1
1348,2,1,2,1,0,72,8,1
1348,3,2,3,1,0,73,9,1
1348,4,3,4,1,0,74,10,1
1348,5,4,5,1,0,75,11,1
1348,6,5,5.899,0.899,0,76,12,1
1349,1,0,1,1,0,18,11,1
1349,2,1,1.859,0.859,0,19,12,1
1350,1,0,1,1,0,36,2,1
1350,2,1,2,1,0,37,3,1
1350,3,2,3,1,0,38,4,1
1350,4,3,4,1,0,39,5,1
1350,5,4,4.475,0.475,0,40,6,1
1351,1,0,1,1,0,21,12,1
1351,2,1,2,1,0,22,13,1
1351,3,2,3,1,0,23,14,1
1351,4,3,3.373,0.373,0,24,15,1
1352,1,0,1,1,0,65,13,1
1352,2,1,2,1,0,66,14,1
1352,3,2,3,1,0,67,15,1
1352,4,3,4,1,0,68,16,1
1352,5,4,5,1,0,69,17,1
1352,6,5,5.933,0.933,0,70,18,1
1353,1,0,1,1,0,44,0,1
1353,2,1,2,1,0,45,1,1
1353,3,2,3,1,0,46,2,1
1353,4,3,4,1,0,47,3,1
1353,5,4,5,1,1,48,4,1
1353,6,5,6,1,0,49,5,1
1353,7,6,6.39,0.39,0,50,6,1
1354,1,0,1,1,0,23,14,1
1354,2,1,2,1,1,24,15,1
1354,3,2,3,1,0,25,16,1
1354,4,3,4,1,0,26,17,1
1354,5,4,4.414,0.414,0,27,18,1
1355,1,0,1,1,0,18,6,1
1355,2,1,2,1,0,19,7,1
1355,3,2,3,1,0,20,8,1
1355,4,3,4,1,0,21,9,1
1355,5,4,5,1,0,22,10,1
1355,6,5,6,1,0,23,11,1
1355,7,6,7,1,0,24,12,1
1355,8,7,7.913,0.913,0,25,13,1
1356,1,0,1,1,0,40,15,1
1356,2,1,2,1,1,41,16,1
1356,3,2,3,1,0,42,17,1
1356,4,3,4,1,2,43,18,1
1356,5,4,5,1,0,44,19,1
1356,6,5,6,1,0,45,20,1
1356,7,6,7,1,0,46,21,1
1356,8,7,8,1,0,47,22,1
1356,9,8,8.972,0.972,1,48,23,1
1357,1,0,1,1,1,37,14,1
1357,2,1,2,1,0,38,15,1
1357,3,2,3,1,0,39,16,1
1357,4,3,4,1,0,40,17,1
1357,5,4,5,1,0,41,18,1
1357,6,5,6,1,0,42,19,1
1357,7,6,7,1,0,43,20,1
1357,8,7,8,1,0,44,21,1
1357,9,8,8.436,0.436,0,45,22,1
1358,1,0,1,1,0,27,9,1
1358,2,1,2,1,0,28,10,1
1358,3,2,3,1,0,29,11,1
1358,4,3,4,1,0,30,12,1
1358,5,4,5,1,0,31,13,1
1358,6,5,6,1,0,32,14,1
1358,7,6,7,1,0,33,15,1
1358,8,7,7.369,0.369,0,34,16,1
1359,1,0,1,1,0,32,6,1
1359,2,1,2,1,0,33,7,1
1359,3,2,3,1,0,34,8,1
1359,4,3,4,1,0,35,9,1
1359,5,4,5,1,0,36,10,1
1359,6,5,6,1,0,37,11,1
1359,7,6,7,1,1,38,12,1
1359,8,7,8,1,2,39,13,1
1359,9,8,8.834,0.834,2,40,14,1
1360,1,0,1,1,0,46,6,1
1360,2,1,2,1,0,47,7,1
1360,3,2,3,1,0,48,8,1
1360,4,3,4,1,0,49,9,1
1360,5,4,5,1,0,50,10,1
1360,6,5,6,1,0,51,11,1
1360,7,6,6.884,0.884,0,52,12,1
1361,1,0,1,1,0,25,13,1
1361,2,1,2,1,0,26,14,1
1361,3,2,3,1,1,27,15,1
1361,4,3,4,1,4,28,16,1
1361,5,4,5,1,0,29,17,1
1361,6,5,6,1,0,30,18,1
1361,7,6,7,1,1,31,19,1
1361,8,7,8,1,1,32,20,1
1361,9,8,9,1,0,33,21,1
1361,10,9,9.683,0.683,0,34,22,1
1362,1,0,1,1,0,63,3,1
1362,2,1,2,1,0,64,4,1
1362,3,2,3,1,0,65,5,1
1362,4,3,4,1,0,66,6,1
1362,5,4,5,1,0,67,7,1
1362,6,5,5.196,0.196,0,68,8,1
1363,1,0,1,1,0,32,6,1
1363,2,1,1.707,0.707,1,33,7,1
1364,1,0,1,1,0,50,13,1
1364,2,1,1.547,0.547,0,51,14,1
1365,1,0,1,1,0,28,14,1
1365,2,1,2,1,0,29,15,1
1365,3,2,3,1,0,30,16,1
1365,4,3,4,1,2,31,17,1
1365,5,4,5,1,0,32,18,1
1365,6,5,6,1,0,33,19,1
1365,7,6,7,1,0,34,20,1
1365,8,7,7.95,0.95,0,35,21,1
1366,1,0,1,1,0,19,9,1
1366,2,1,2,1,0,20,10,1
1366,3,2,3,1,0,21,11,1
1366,4,3,4,1,0,22,12,1
1366,5,4,4.405,0.405,0,23,13,1
1367,1,0,1,1,0,62,0,1
1367,2,1,1.32,0.32,0,63,1,1
1368,1,0,1,1,0,45,13,1
1368,2,1,2,1,0,46,14,1
1368,3,2,3,1,0,47,15,1
1368,4,3,3.002,0.002,0,48,16,1
1369,1,0,1,1,0,36,3,1
1369,2,1,2,1,0,37,4,1
1369,3,2,2.644,0.644,0,38,5,1
1370,1,0,1,1,0,18,9,1
1370,2,1,2,1,0,19,10,1
1370,3,2,3,1,0,20,11,1
1370,4,3,4,1,0,21,12,1
1370,5,4,4.833,0.833,0,22,13,1
1371,1,0,1,1,0,57,9,1
1371,2,1,2,1,0,58,10,1
1371,3,2,3,1,0,59,11,1
1371,4,3,4,1,0,60,12,1
1371,5,4,4.523,0.523,0,61,13,1
1372,1,0,1,1,0,66,16,1
1372,2,1,1.115,0.115,0,67,17,1
1373,1,0,1,1,0,64,12,1
1373,2,1,2,1,0,65,13,1
1373,3,2,3,1,0,66,14,1
1373,4,3,4,1,0,67,15,1
1373,5,4,5,1,0,68,16,1
1373,6,5,5.918,0.918,0,69,17,1
1374,1,0,1,1,0,39,13,1
1374,2,1,1.036,0.036,0,40,14,1
1375,1,0,1,1,0,38,0,1
1375,2,1,2,1,0,39,1,1
1375,3,2,2.457,0.457,0,40,2,1
1376,1,0,1,1,0,39,14,1
1376,2,1,1.15,0.15,0,40,15,1
1377,1,0,1,1,0,60,12,1
1377,2,1,1.304,0.304,0,61,13,1
1378,1,0,1,1,0,57,6,1
1378,2,1,2,1,0,58,7,1
1378,3,2,3,1,0,59,8,1
1378,4,3,4,1,0,60,9,1
1378,5,4,5,1,0,61,10,1
1378,6,5,5.105,0.105,0,62,11,1
1379,1,0,1,1,0,54,7,1
1379,2,1,2,1,0,55,8,1
1379,3,2,3,1,0,56,9,1
1379,4,3,4,1,1,57,10,1
1379,5,4,5,1,0,58,11,1
1379,6,5,6,1,1,59,12,1
1379,7,6,6.404,0.404,0,60,13,1
1380,1,0,1,1,0,48,2,1
1380,2,1,2,1,0,49,3,1
1380,3,2,3,1,0,50,4,1
1380,4,3,4,1,0,51,5,1
1380,5,4,5,1,1,52,6,1
1380,6,5,6,1,0,53,7,1
1380,7,6,7,1,0,54,8,1
1380,8,7,8,1,1,55,9,1
1380,9,8,8.932,0.932,0,56,10,1
1381,1,0,1,1,0,21,15,1
1381,2,1,2,1,0,22,16,1
1381,3,2,3,1,0,23,17,1
1381,4,3,4,1,0,24,18,1
1381,5,4,5,1,0,25,19,1
1381,6,5,6,1,0,26,20,1
1381,7,6,7,1,0,27,21,1
1381,8,7,7.035,0.035,0,28,22,1
1382,1,0,1,1,0,18,15,1
1382,2,1,2,1,0,19,16,1
1382,3,2,2.776,0.776,1,20,17,1
1383,1,0,1,1,0,44,8,1
1383,2,1,2,1,0,45,9,1
1383,3,2,3,1,0,46,10,1
1383,4,3,3.781,0.781,0,47,11,1
1384,1,0,1,1,0,60,1,1
1384,2,1,2,1,0,61,2,1
1384,3,2,3,1,0,62,3,1
1384,4,3,4,1,0,63,4,1
1384,5,4,5,1,0,64,5,1
1384,6,5,5.106,0.106,0,65,6,1
1385,1,0,1,1,0,45,4,1
1385,2,1,2,1,0,46,5,1
1385,3,2,3,1,0,47,6,1
1385,4,3,4,1,0,48,7,1
1385,5,4,5,1,0,49,8,1
1385,6,5,6,1,0,50,9,1
1385,7,6,7,1,0,51,10,1
1385,8,7,7.616,0.616,0,52,11,1
1386,1,0,1,1,0,54,9,1
1386,2,1,2,1,0,55,10,1
1386,3,2,3,1,0,56,11,1
1386,4,3,4,1,0,57,12,1
1386,5,4,5,1,0,58,13,1
1386,6,5,6,1,0,59,14,1
1386,7,6,7,1,0,60,15,1
1386,8,7,7.727,0.727,0,61,16,1
1387,1,0,1,1,1,39,0,1
1387,2,1,2,1,1,40,1,1
1387,3,2,2.539,0.539,0,41,2,1
1388,1,0,1,1,0,44,14,1
1388,2,1,2,1,0,45,15,1
1388,3,2,3,1,0,46,16,1
1388,4,3,4,1,0,47,17,1
1388,5,4,5,1,0,48,18,1
1388,6,5,6,1,0,49,19,1
1388,7,6,7,1,0,50,20,1
1388,8,7,8,1,0,51,21,1
1388,9,8,8.153,0.153,0,52,22,1
1389,1,0,1,1,0,42,6,1
1389,2,1,2,1,0,43,7,1
1389,3,2,3,1,1,44,8,1
1389,4,3,4,1,1,45,9,1
1389,5,4,5,1,0,46,10,1
1389,6,5,6,1,0,47,11,1
1389,7,6,6.609,0.609,0,48,12,1
1390,1,0,1,1,0,41,4,1
1390,2,1,2,1,0,42,5,1
1390,3,2,2.515,0.515,0,43,6,1
1391,1,0,1,1,0,47,14,1
1391,2,1,2,1,0,48,15,1
1391,3,2,3,1,0,49,16,1
1391,4,3,4,1,0,50,17,1
1391,5,4,5,1,0,51,18,1
1391,6,5,6,1,1,52,19,1
1391,7,6,6.687,0.687,0,53,20,1
1392,1,0,1,1,0,58,5,1
1392,2,1,2,1,0,59,6,1
1392,3,2,3,1,0,60,7,1
1392,4,3,4,1,0,61,8,1
1392,5,4,5,1,0,62,9,1
1392,6,5,5.48,0.48,0,63,10,1
1393,1,0,1,1,0,44,17,1
1393,2,1,2,1,0,45,18,1
1393,3,2,3,1,0,46,19,1
1393,4,3,4,1,0,47,20,1
1393,5,4,4.338,0.338,0,48,21,1
1394,1,0,1,1,0,43,16,1
1394,2,1,2,1,0,44,17,1
1394,3,2,2.796,0.796,0,45,18,1
1395,1,0,1,1,0,55,15,1
1395,2,1,2,1,0,56,16,1
1395,3,2,3,1,0,57,17,1
1395,4,3,3.475,0.475,0,58,18,1
1396,1,0,1,1,0,38,3,1
1396,2,1,1.991,0.991,0,39,4,1
1397,1,0,1,1,0,48,12,1
1397,2,1,2,1,0,49,13,1
1397,3,2,3,1,0,50,14,1
1397,4,3,4,1,0,51,15,1
1397,5,4,4,0,0,52,16,1
1398,1,0,1,1,0,40,14,1
1398,2,1,2,1,0,41,15,1
1398,3,2,3,1,0,42,16,1
1398,4,3,4,1,0,43,17,1
1398,5,4,5,1,0,44,18,1
1398,6,5,5.907,0.907,0,45,19,1
1399,1,0,1,1,0,58,5,1
1399,2,1,2,1,0,59,6,1
1399,3,2,3,1,0,60,7,1
1399,4,3,4,1,0,61,8,1
1399,5,4,5,1,0,62,9,1
1399,6,5,5.479,0.479,0,63,10,1
1400,1,0,1,1,0,42,14,1
1400,2,1,2,1,0,43,15,1
1400,3,2,3,1,0,44,16,1
1400,4,3,4,1,0,45,17,1
1400,5,4,5,1,0,46,18,1
1400,6,5,6,1,0,47,19,1
1400,7,6,7,1,0,48,20,1
1400,8,7,8,1,0,49,21,1
1400,9,8,9,1,0,50,22,1
1400,10,9,9.897,0.897,0,51,23,1
1401,1,0,1,1,0,29,5,1
1401,2,1,2,1,4,30,6,1
1401,3,2,2.863,0.863,0,31,7,1
1402,1,0,1,1,0,52,5,1
1402,2,1,2,1,0,53,6,1
1402,3,2,2.733,0.733,0,54,7,1
1403,1,0,1,1,0,54,2,1
1403,2,1,2,1,0,55,3,1
1403,3,2,3,1,0,56,4,1
1403,4,3,4,1,0,57,5,1
1403,5,4,5,1,0,58,6,1
1403,6,5,6,1,0,59,7,1
1403,7,6,7,1,0,60,8,1
1403,8,7,8,1,0,61,9,1
1403,9,8,8.334,0.334,0,62,10,1
1404,1,0,1,1,0,39,19,1
1404,2,1,2,1,0,40,20,1
1404,3,2,2.156,0.156,0,41,21,1
1405,1,0,1,1,1,55,19,1
1405,2,1,1.68,0.68,0,56,20,1
1406,1,0,1,1,0,60,6,1
1406,2,1,1.722,0.722,1,61,7,1
1407,1,0,1,1,0,55,13,1
1407,2,1,2,1,0,56,14,1
1407,3,2,3,1,0,57,15,1
1407,4,3,3.327,0.327,0,58,16,1
1408,1,0,1,1,0,37,3,1
1408,2,1,2,1,0,38,4,1
1408,3,2,3,1,0,39,5,1
1408,4,3,4,1,0,40,6,1
1408,5,4,5,1,0,41,7,1
1408,6,5,6,1,0,42,8,1
1408,7,6,6.664,0.664,0,43,9,1
1409,1,0,1,1,0,29,16,1
1409,2,1,2,1,0,30,17,1
1409,3,2,3,1,0,31,18,1
1409,4,3,4,1,0,32,19,1
1409,5,4,5,1,0,33,20,1
1409,6,5,5.01,0.01,0,34,21,1
1410,1,0,1,1,0,33,13,1
1410,2,1,2,1,0,34,14,1
1410,3,2,3,1,0,35,15,1
1410,4,3,4,1,0,36,16,1
1410,5,4,4.996,0.996,0,37,17,1
1411,1,0,1,1,0,30,1,1
1411,2,1,2,1,0,31,2,1
1411,3,2,3,1,0,32,3,1
1411,4,3,3.121,0.121,0,33,4,1
1412,1,0,1,1,0,48,12,1
1412,2,1,2,1,1,49,13,1
1412,3,2,3,1,1,50,14,1
1412,4,3,4,1,0,51,15,1
1412,5,4,4.584,0.584,0,52,16,1
1413,1,0,1,1,0,47,7,1
1413,2,1,2,1,0,48,8,1
1413,3,2,3,1,0,49,9,1
1413,4,3,3.835,0.835,0,50,10,1
1414,1,0,1,1,0,34,7,1
1414,2,1,2,1,0,35,8,1
1414,3,2,3,1,0,36,9,1
1414,4,3,4,1,0,37,10,1
1414,5,4,5,1,1,38,11,1
1414,6,5,5.089,0.089,0,39,12,1
1415,1,0,1,1,0,65,12,1
1415,2,1,2,1,0,66,13,1
1415,3,2,3,1,0,67,14,1
1415,4,3,4,1,0,68,15,1
1415,5,4,5,1,1,69,16,1
1415,6,5,5.713,0.713,0,70,17,1
1416,1,0,1,1,0,47,10,1
1416,2,1,2,1,0,48,11,1
1416,3,2,3,1,0,49,12,1
1416,4,3,4,1,0,50,13,1
1416,5,4,5,1,0,51,14,1
1416,6,5,6,1,0,52,15,1
1416,7,6,7,1,0,53,16,1
1416,8,7,7.026,0.026,0,54,17,1
1417,1,0,1,1,0,61,9,1
1417,2,1,2,1,0,62,10,1
1417,3,2,3,1,0,63,11,1
1417,4,3,4,1,0,64,12,1
1417,5,4,4.775,0.775,0,65,13,1
1418,1,0,1,1,0,32,0,1
1418,2,1,2,1,0,33,1,1
1418,3,2,3,1,0,34,2,1
1418,4,3,4,1,0,35,3,1
1418,5,4,5,1,0,36,4,1
1418,6,5,6,1,0,37,5,1
1418,7,6,7,1,0,38,6,1
1418,8,7,8,1,0,39,7,1
1418,9,8,8.24,0.24,0,40,8,1
1419,1,0,1,1,0,55,9,1
1419,2,1,2,1,0,56,10,1
1419,3,2,3,1,0,57,11,1
1419,4,3,4,1,0,58,12,1
1419,5,4,5,1,0,59,13,1
1419,6,5,6,1,0,60,14,1
1419,7,6,7,1,0,61,15,1
1419,8,7,7.297,0.297,0,62,16,1
1420,1,0,1,1,0,51,9,1
1420,2,1,2,1,0,52,10,1
1420,3,2,3,1,0,53,11,1
1420,4,3,4,1,0,54,12,1
1420,5,4,5,1,0,55,13,1
1420,6,5,6,1,0,56,14,1
1420,7,6,6.919,0.919,0,57,15,1
1421,1,0,1,1,1,34,10,1
1421,2,1,2,1,0,35,11,1
1421,3,2,3,1,1,36,12,1
1421,4,3,4,1,0,37,13,1
1421,5,4,5,1,0,38,14,1
1421,6,5,6,1,0,39,15,1
1421,7,6,7,1,1,40,16,1
1421,8,7,7.085,0.085,0,41,17,1
1422,1,0,1,1,0,71,11,1
1422,2,1,2,1,0,72,12,1
1422,3,2,3,1,0,73,13,1
1422,4,3,4,1,0,74,14,1
1422,5,4,4.738,0.738,0,75,15,1
1423,1,0,1,1,0,39,8,1
1423,2,1,2,1,0,40,9,1
1423,3,2,3,1,1,41,10,1
1423,4,3,4,1,0,42,11,1
1423,5,4,5,1,0,43,12,1
1423,6,5,6,1,1,44,13,1
1423,7,6,7,1,0,45,14,1
1423,8,7,8,1,1,46,15,1
1423,9,8,9,1,0,47,16,1
1423,10,9,9.636,0.636,0,48,17,1
1424,1,0,1,1,0,58,11,1
1424,2,1,2,1,0,59,12,1
1424,3,2,3,1,0,60,13,1
1424,4,3,4,1,0,61,14,1
1424,5,4,4.229,0.229,0,62,15,1
1425,1,0,1,1,0,64,13,1
1425,2,1,2,1,1,65,14,1
1425,3,2,3,1,0,66,15,1
1425,4,3,4,1,0,67,16,1
1425,5,4,5,1,0,68,17,1
1425,6,5,6,1,0,69,18,1
1425,7,6,7,1,2,70,19,1
1425,8,7,7.12,0.12,0,71,20,1
1426,1,0,1,1,0,41,12,1
1426,2,1,2,1,0,42,13,1
1426,3,2,3,1,0,43,14,1
1426,4,3,4,1,0,44,15,1
1426,5,4,5,1,1,45,16,1
1426,6,5,6,1,0,46,17,1
1426,7,6,6.613,0.613,1,47,18,1
1427,1,0,1,1,0,29,7,1
1427,2,1,2,1,0,30,8,1
1427,3,2,3,1,0,31,9,1
1427,4,3,3.71,0.71,0,32,10,1
1428,1,0,1,1,0,69,8,1
1428,2,1,1.856,0.856,0,70,9,1
1429,1,0,1,1,1,83,14,1
1429,2,1,2,1,0,84,15,1
1429,3,2,3,1,0,85,16,1
1429,4,3,3.695,0.695,0,86,17,1
1430,1,0,1,1,1,32,15,1
1430,2,1,2,1,0,33,16,1
1430,3,2,3,1,0,34,17,1
1430,4,3,4,1,0,35,18,1
1430,5,4,5,1,0,36,19,1
1430,6,5,5.896,0.896,0,37,20,1
1431,1,0,1,1,0,35,6,1
1431,2,1,2,1,0,36,7,1
1431,3,2,3,1,0,37,8,1
1431,4,3,4,1,0,38,9,1
1431,5,4,5,1,0,39,10,1
1431,6,5,5.31,0.31,0,40,11,1
1432,1,0,1,1,0,45,1,1
1432,2,1,2,1,0,46,2,1
1432,3,2,3,1,0,47,3,1
1432,4,3,4,1,0,48,4,1
1432,5,4,5,1,0,49,5,1
1432,6,5,5.141,0.141,0,50,6,1
1433,1,0,1,1,0,50,9,1
1433,2,1,2,1,0,51,10,1
1433,3,2,2.424,0.424,0,52,11,1
1434,1,0,1,1,0,54,8,1
1434,2,1,2,1,0,55,9,1
1434,3,2,3,1,0,56,10,1
1434,4,3,4,1,0,57,11,1
1434,5,4,5,1,0,58,12,1
1434,6,5,5.782,0.782,0,59,13,1
1435,1,0,1,1,0,42,9,1
1435,2,1,2,1,0,43,10,1
1435,3,2,3,1,1,44,11,1
1435,4,3,4,1,0,45,12,1
1435,5,4,5,1,0,46,13,1
1435,6,5,6,1,0,47,14,1
1435,7,6,6.898,0.898,0,48,15,1
1436,1,0,1,1,0,38,10,1
1436,2,1,2,1,0,39,11,1
1436,3,2,3,1,0,40,12,1
1436,4,3,4,1,0,41,13,1
1436,5,4,5,1,1,42,14,1
1436,6,5,6,1,0,43,15,1
1436,7,6,7,1,0,44,16,1
1436,8,7,8,1,0,45,17,1
1436,9,8,8.475,0.475,0,46,18,1
1437,1,0,1,1,0,25,4,1
1437,2,1,1.782,0.782,0,26,5,1
1438,1,0,1,1,0,38,4,1
1438,2,1,2,1,0,39,5,1
1438,3,2,3,1,0,40,6,1
1438,4,3,4,1,0,41,7,1
1438,5,4,4.67,0.67,0,42,8,1
1439,1,0,1,1,0,37,2,1
1439,2,1,1.596,0.596,0,38,3,1
1440,1,0,1,1,2,71,11,1
1440,2,1,2,1,0,72,12,1
1440,3,2,2.969,0.969,0,73,13,1
1441,1,0,1,1,0,56,14,1
1441,2,1,2,1,1,57,15,1
1441,3,2,3,1,1,58,16,1
1441,4,3,4,1,0,59,17,1
1441,5,4,4.845,0.845,0,60,18,1
1442,1,0,1,1,3,21,10,1
1442,2,1,2,1,1,22,11,1
1442,3,2,3,1,1,23,12,1
1442,4,3,3.018,0.018,0,24,13,1
1443,1,0,1,1,1,70,9,1
1443,2,1,2,1,1,71,10,1
1443,3,2,3,1,0,72,11,1
1443,4,3,3.426,0.426,0,73,12,1
1444,1,0,1,1,0,67,6,1
1444,2,1,2,1,0,68,7,1
1444,3,2,3,1,2,69,8,1
1444,4,3,3.889,0.889,0,70,9,1
1445,1,0,1,1,0,18,7,1
1445,2,1,2,1,0,19,8,1
1445,3,2,3,1,0,20,9,1
1445,4,3,3.507,0.507,0,21,10,1
1446,1,0,1,1,0,65,13,1
1446,2,1,2,1,0,66,14,1
1446,3,2,3,1,0,67,15,1
1446,4,3,4,1,0,68,16,1
1446,5,4,5,1,0,69,17,1
1446,6,5,5.972,0.972,0,70,18,1
1447,1,0,1,1,1,33,14,1
1447,2,1,2,1,2,34,15,1
1447,3,2,3,1,0,35,16,1
1447,4,3,4,1,1,36,17,1
1447,5,4,4.784,0.784,0,37,18,1
1448,1,0,1,1,0,49,2,1
1448,2,1,2,1,0,50,3,1
1448,3,2,3,1,0,51,4,1
1448,4,3,4,1,0,52,5,1
1448,5,4,5,1,0,53,6,1
1448,6,5,6,1,0,54,7,1
1448,7,6,7,1,0,55,8,1
1448,8,7,7.56,0.56,0,56,9,1
1449,1,0,1,1,0,61,11,1
1449,2,1,2,1,0,62,12,1
1449,3,2,3,1,0,63,13,1
1449,4,3,4,1,0,64,14,1
1449,5,4,5,1,2,65,15,1
1449,6,5,5.5,0.5,0,66,16,1
1450,1,0,1,1,1,46,11,1
1450,2,1,2,1,0,47,12,1
1450,3,2,3,1,0,48,13,1
1450,4,3,4,1,1,49,14,1
1450,5,4,5,1,0,50,15,1
1450,6,5,5.256,0.256,0,51,16,1
1451,1,0,1,1,0,18,12,1
1451,2,1,2,1,1,19,13,1
1451,3,2,3,1,0,20,14,1
1451,4,3,4,1,1,21,15,1
1451,5,4,5,1,0,22,16,1
1451,6,5,6,1,0,23,17,1
1451,7,6,7,1,1,24,18,1
1451,8,7,7.261,0.261,0,25,19,1
1452,1,0,1,1,0,54,0,1
1452,2,1,2,1,0,55,1,1
1452,3,2,3,1,0,56,2,1
1452,4,3,4,1,0,57,3,1
1452,5,4,5,1,0,58,4,1
1452,6,5,6,1,0,59,5,1
1452,7,6,7,1,0,60,6,1
1452,8,7,8,1,0,61,7,1
1452,9,8,9,1,0,62,8,1
1452,10,9,9.806,0.806,0,63,9,1
1453,1,0,1,1,0,59,4,1
1453,2,1,1.922,0.922,0,60,5,1
1454,1,0,1,1,0,35,11,1
1454,2,1,1.899,0.899,0,36,12,1
1455,1,0,1,1,0,44,9,1
1455,2,1,2,1,0,45,10,1
1455,3,2,3,1,0,46,11,1
1455,4,3,4,1,0,47,12,1
1455,5,4,5,1,0,48,13,1
1455,6,5,5.9,0.9,0,49,14,1
1456,1,0,0.488,0.488,0,29,2,1
1457,1,0,1,1,0,48,13,1
1457,2,1,2,1,0,49,14,1
1457,3,2,2.497,0.497,0,50,15,1
1458,1,0,1,1,0,69,3,1
1458,2,1,2,1,0,70,4,1
1458,3,2,3,1,0,71,5,1
1458,4,3,4,1,0,72,6,1
1458,5,4,5,1,0,73,7,1
1458,6,5,6,1,1,74,8,1
1458,7,6,7,1,0,75,9,1
1458,8,7,8,1,0,76,10,1
1458,9,8,9,1,0,77,11,1
1458,10,9,9.89,0.89,0,78,12,1
1459,1,0,1,1,1,49,9,1
1459,2,1,2,1,1,50,10,1
1459,3,2,3,1,0,51,11,1
1459,4,3,4,1,2,52,12,1
1459,5,4,5,1,0,53,13,1
1459,6,5,5.404,0.404,0,54,14,1
1460,1,0,1,1,0,28,9,1
1460,2,1,2,1,0,29,10,1
1460,3,2,3,1,0,30,11,1
1460,4,3,4,1,0,31,12,1
1460,5,4,5,1,0,32,13,1
1460,6,5,6,1,0,33,14,1
1460,7,6,6.18,0.18,0,34,15,1
1461,1,0,1,1,1,56,0,1
1461,2,1,1.277,0.277,0,57,1,1
1462,1,0,1,1,1,23,5,1
1462,2,1,2,1,0,24,6,1
1462,3,2,3,1,1,25,7,1
1462,4,3,4,1,0,26,8,1
1462,5,4,4.482,0.482,0,27,9,1
1463,1,0,1,1,0,54,14,1
1463,2,1,2,1,0,55,15,1
1463,3,2,2.145,0.145,0,56,16,1
1464,1,0,1,1,0,38,13,1
1464,2,1,2,1,0,39,14,1
1464,3,2,3,1,0,40,15,1
1464,4,3,4,1,0,41,16,1
1464,5,4,4.238,0.238,0,42,17,1
1465,1,0,1,1,0,53,8,1
1465,2,1,1.776,0.776,0,54,9,1
1466,1,0,1,1,0,32,10,1
1466,2,1,2,1,0,33,11,1
1466,3,2,3,1,1,34,12,1
1466,4,3,4,1,1,35,13,1
1466,5,4,4.101,0.101,0,36,14,1
1467,1,0,1,1,0,63,10,1
1467,2,1,2,1,0,64,11,1
1467,3,2,3,1,0,65,12,1
1467,4,3,4,1,0,66,13,1
1467,5,4,4.404,0.404,0,67,14,1
1468,1,0,1,1,0,59,3,1
1468,2,1,2,1,0,60,4,1
1468,3,2,3,1,0,61,5,1
1468,4,3,4,1,0,62,6,1
1468,5,4,5,1,0,63,7,1
1468,6,5,6,1,0,64,8,1
1468,7,6,7,1,0,65,9,1
1468,8,7,8,1,0,66,10,1
1468,9,8,8.733,0.733,0,67,11,1
1469,1,0,1,1,0,57,3,1
1469,2,1,2,1,0,58,4,1
1469,3,2,2.116,0.116,0,59,5,1
1470,1,0,1,1,0,19,17,1
1470,2,1,2,1,0,20,18,1
1470,3,2,3,1,0,21,19,1
1470,4,3,4,1,0,22,20,1
1470,5,4,5,1,0,23,21,1
1470,6,5,5.329,0.329,0,24,22,1
1471,1,0,1,1,0,43,12,1
1471,2,1,2,1,0,44,13,1
1471,3,2,2.855,0.855,0,45,14,1
1472,1,0,1,1,0,26,10,1
1472,2,1,2,1,0,27,11,1
1472,3,2,3,1,0,28,12,1
1472,4,3,3.52,0.52,0,29,13,1
1473,1,0,1,1,0,67,10,1
1473,2,1,2,1,0,68,11,1
1473,3,2,3,1,0,69,12,1
1473,4,3,4,1,0,70,13,1
1473,5,4,4.89,0.89,0,71,14,1
1474,1,0,1,1,0,50,8,1
1474,2,1,2,1,0,51,9,1
1474,3,2,2.182,0.182,0,52,10,1
1475,1,0,1,1,0,39,6,1
1475,2,1,2,1,0,40,7,1
1475,3,2,2.443,0.443,0,41,8,1
1476,1,0,1,1,0,44,2,1
1476,2,1,2,1,0,45,3,1
1476,3,2,3,1,0,46,4,1
1476,4,3,3.663,0.663,0,47,5,1
1477,1,0,1,1,0,52,2,1
1477,2,1,1.449,0.449,0,53,3,1
1478,1,0,1,1,0,39,16,1
1478,2,1,2,1,0,40,17,1
1478,3,2,3,1,1,41,18,1
1478,4,3,4,1,0,42,19,1
1478,5,4,4.121,0.121,0,43,20,1
1479,1,0,1,1,0,38,6,1
1479,2,1,2,1,0,39,7,1
1479,3,2,3,1,0,40,8,1
1479,4,3,4,1,0,41,9,1
1479,5,4,4.281,0.281,0,42,10,1
1480,1,0,1,1,2,40,15,1
1480,2,1,2,1,0,41,16,1
1480,3,2,3,1,0,42,17,1
1480,4,3,4,1,0,43,18,1
1480,5,4,5,1,0,44,19,1
1480,6,5,6,1,2,45,20,1
1480,7,6,7,1,0,46,21,1
1480,8,7,7.015,0.015,0,47,22,1
1481,1,0,1,1,0,33,5,1
1481,2,1,2,1,0,34,6,1
1481,3,2,2.623,0.623,0,35,7,1
1482,1,0,1,1,0,20,18,1
1482,2,1,2,1,0,21,19,1
1482,3,2,3,1,0,22,20,1
1482,4,3,4,1,0,23,21,1
1482,5,4,5,1,0,24,22,1
1482,6,5,6,1,0,25,23,1
1482,7,6,7,1,0,26,24,1
1482,8,7,8,1,0,27,25,1
1482,9,8,8.455,0.455,0,28,26,1
1483,1,0,1,1,0,46,0,1
1483,2,1,2,1,0,47,1,1
1483,3,2,3,1,0,48,2,1
1483,4,3,4,1,0,49,3,1
1483,5,4,5,1,0,50,4,1
1483,6,5,5.887,0.887,0,51,5,1
1484,1,0,1,1,0,33,9,1
1484,2,1,2,1,0,34,10,1
1484,3,2,3,1,0,35,11,1
1484,4,3,3.473,0.473,0,36,12,1
1485,1,0,1,1,0,43,11,1
1485,2,1,2,1,0,44,12,1
1485,3,2,3,1,1,45,13,1
1485,4,3,3.002,0.002,0,46,14,1
1486,1,0,1,1,0,36,0,1
1486,2,1,2,1,0,37,1,1
1486,3,2,3,1,0,38,2,1
1486,4,3,3.205,0.205,0,39,3,1
1487,1,0,1,1,0,52,5,1
1487,2,1,2,1,0,53,6,1
1487,3,2,3,1,0,54,7,1
1487,4,3,4,1,0,55,8,1
1487,5,4,5,1,0,56,9,1
1487,6,5,6,1,1,57,10,1
1487,7,6,7,1,0,58,11,1
1487,8,7,8,1,0,59,12,1
1487,9,8,9,1,0,60,13,1
1487,10,9,9.588,0.588,0,61,14,1
1488,1,0,1,1,0,18,5,1
1488,2,1,2,1,0,19,6,1
1488,3,2,3,1,0,20,7,1
1488,4,3,3.984,0.984,0,21,8,1
1489,1,0,1,1,1,29,10,1
1489,2,1,2,1,1,30,11,1
1489,3,2,3,1,2,31,12,1
1489,4,3,4,1,2,32,13,1
1489,5,4,4.143,0.143,0,33,14,1
1490,1,0,1,1,0,51,2,1
1490,2,1,2,1,0,52,3,1
1490,3,2,3,1,0,53,4,1
1490,4,3,4,1,0,54,5,1
1490,5,4,4.037,0.037,0,55,6,1
1491,1,0,1,1,0,50,11,1
1491,2,1,1.278,0.278,0,51,12,1
1492,1,0,1,1,0,47,8,1
1492,2,1,1.886,0.886,0,48,9,1
1493,1,0,1,1,0,63,10,1
1493,2,1,2,1,0,64,11,1
1493,3,2,3,1,0,65,12,1
1493,4,3,4,1,0,66,13,1
1493,5,4,5,1,0,67,14,1
1493,6,5,6,1,0,68,15,1
1493,7,6,7,1,0,69,16,1
1493,8,7,7.324,0.324,0,70,17,1
1494,1,0,1,1,0,63,7,1
1494,2,1,2,1,0,64,8,1
1494,3,2,2.786,0.786,0,65,9,1
1495,1,0,1,1,0,56,3,1
1495,2,1,2,1,0,57,4,1
1495,3,2,3,1,0,58,5,1
1495,4,3,4,1,0,59,6,1
1495,5,4,5,1,0,60,7,1
1495,6,5,6,1,0,61,8,1
1495,7,6,7,1,0,62,9,1
1495,8,7,8,1,0,63,10,1
1495,9,8,8.017,0.017,0,64,11,1
1496,1,0,1,1,0,32,8,1
1496,2,1,2,1,0,33,9,1
1496,3,2,3,1,0,34,10,1
1496,4,3,4,1,0,35,11,1
1496,5,4,4.088,0.088,0,36,12,1
1497,1,0,1,1,0,70,10,1
1497,2,1,2,1,0,71,11,1
1497,3,2,2.797,0.797,0,72,12,1
1498,1,0,1,1,0,30,6,1
1498,2,1,2,1,1,31,7,1
1498,3,2,2.797,0.797,0,32,8,1
1499,1,0,1,1,0,63,4,1
1499,2,1,1.292,0.292,0,64,5,1
1500,1,0,1,1,1,64,8,1
1500,2,1,2,1,0,65,9,1
1500,3,2,3,1,0,66,10,1
1500,4,3,3.802,0.802,0,67,11,1
1501,1,0,1,1,0,28,7,1
1501,2,1,1.274,0.274,0,29,8,1
1502,1,0,1,1,0,38,3,1
1502,2,1,2,1,0,39,4,1
1502,3,2,3,1,0,40,5,1
1502,4,3,4,1,0,41,6,1
1502,5,4,5,1,0,42,7,1
1502,6,5,6,1,1,43,8,1
1502,7,6,6.34,0.34,0,44,9,1
1503,1,0,1,1,0,18,4,1
1503,2,1,2,1,0,19,5,1
1503,3,2,3,1,1,20,6,1
1503,4,3,4,1,0,21,7,1
1503,5,4,5,1,0,22,8,1
1503,6,5,6,1,0,23,9,1
1503,7,6,7,1,0,24,10,1
1503,8,7,8,1,0,25,11,1
1503,9,8,9,1,0,26,12,1
1503,10,9,9.59,0.59,0,27,13,1
1504,1,0,1,1,0,22,16,1
1504,2,1,2,1,0,23,17,1
1504,3,2,3,1,0,24,18,1
1504,4,3,4,1,0,25,19,1
1504,5,4,5,1,0,26,20,1
1504,6,5,5.325,0.325,0,27,21,1
1505,1,0,1,1,0,36,3,1
1505,2,1,1.42,0.42,0,37,4,1
1506,1,0,1,1,0,34,8,1
1506,2,1,2,1,0,35,9,1
1506,3,2,2.562,0.562,0,36,10,1
1507,1,0,0.2,0.2,0,61,15,1
1508,1,0,1,1,0,49,5,1
1508,2,1,1.523,0.523,0,50,6,1
1509,1,0,1,1,0,31,6,1
1509,2,1,1.126,0.126,0,32,7,1
1510,1,0,1,1,1,43,12,1
1510,2,1,2,1,0,44,13,1
1510,3,2,3,1,1,45,14,1
1510,4,3,4,1,0,46,15,1
1510,5,4,5,1,0,47,16,1
1510,6,5,6,1,0,48,17,1
1510,7,6,7,1,0,49,18,1
1510,8,7,7.638,0.638,0,50,19,1
1511,1,0,0.863,0.863,1,40,11,1
1512,1,0,1,1,0,38,0,1
1512,2,1,2,1,0,39,1,1
1512,3,2,3,1,0,40,2,1
1512,4,3,4,1,0,41,3,1
1512,5,4,5,1,0,42,4,1
1512,6,5,6,1,0,43,5,1
1512,7,6,7,1,0,44,6,1
1512,8,7,8,1,0,45,7,1
1512,9,8,9,1,0,46,8,1
1512,10,9,9.465,0.465,0,47,9,1
1513,1,0,1,1,0,33,4,1
1513,2,1,1.272,0.272,0,34,5,1
1514,1,0,1,1,0,50,5,1
1514,2,1,2,1,0,51,6,1
1514,3,2,3,1,0,52,7,1
1514,4,3,4,1,0,53,8,1
1514,5,4,5,1,0,54,9,1
1514,6,5,6,1,0,55,10,1
1514,7,6,7,1,0,56,11,1
1514,8,7,8,1,0,57,12,1
1514,9,8,8.313,0.313,0,58,13,1
1515,1,0,1,1,0,88,13,1
1515,2,1,2,1,1,89,14,1
1515,3,2,2.533,0.533,0,90,15,1
1516,1,0,1,1,0,63,10,1
1516,2,1,2,1,1,64,11,1
1516,3,2,3,1,0,65,12,1
1516,4,3,4,1,0,66,13,1
1516,5,4,4.504,0.504,0,67,14,1
1517,1,0,1,1,0,33,2,1
1517,2,1,2,1,0,34,3,1
1517,3,2,3,1,0,35,4,1
1517,4,3,4,1,0,36,5,1
1517,5,4,5,1,0,37,6,1
1517,6,5,6,1,1,38,7,1
1517,7,6,7,1,0,39,8,1
1517,8,7,8,1,0,40,9,1
1517,9,8,9,1,0,41,10,1
1517,10,9,9.422,0.422,0,42,11,1
1518,1,0,1,1,0,32,4,1
1518,2,1,2,1,0,33,5,1
1518,3,2,2.179,0.179,0,34,6,1
1519,1,0,1,1,0,18,10,1
1519,2,1,2,1,0,19,11,1
1519,3,2,3,1,2,20,12,1
1519,4,3,4,1,0,21,13,1
1519,5,4,5,1,0,22,14,1
1519,6,5,5.67,0.67,0,23,15,1
1520,1,0,1,1,1,65,0,1
1520,2,1,2,1,0,66,1,1
1520,3,2,3,1,0,67,2,1
1520,4,3,4,1,0,68,3,1
1520,5,4,5,1,0,69,4,1
1520,6,5,6,1,0,70,5,1
1520,7,6,6.793,0.793,0,71,6,1
1521,1,0,1,1,0,55,8,1
1521,2,1,2,1,0,56,9,1
1521,3,2,3,1,0,57,10,1
1521,4,3,4,1,0,58,11,1
1521,5,4,5,1,0,59,12,1
1521,6,5,6,1,0,60,13,1
1521,7,6,6.96,0.96,0,61,14,1
1522,1,0,1,1,0,25,0,1
1522,2,1,2,1,0,26,1,1
1522,3,2,3,1,0,27,2,1
1522,4,3,4,1,0,28,3,1
1522,5,4,4.483,0.483,0,29,4,1
1523,1,0,1,1,0,37,7,1
1523,2,1,2,1,0,38,8,1
1523,3,2,3,1,0,39,9,1
1523,4,3,3.31,0.31,0,40,10,1
1524,1,0,1,1,0,30,6,1
1524,2,1,1.796,0.796,0,31,7,1
1525,1,0,1,1,0,52,10,1
1525,2,1,2,1,0,53,11,1
1525,3,2,3,1,0,54,12,1
1525,4,3,4,1,0,55,13,1
1525,5,4,5,1,0,56,14,1
1525,6,5,6,1,1,57,15,1
1525,7,6,6.5,0.5,0,58,16,1
1526,1,0,1,1,0,62,11,1
1526,2,1,2,1,0,63,12,1
1526,3,2,2.135,0.135,0,64,13,1
1527,1,0,1,1,0,51,6,1
1527,2,1,2,1,0,52,7,1
1527,3,2,2.479,0.479,0,53,8,1
1528,1,0,1,1,0,34,13,1
1528,2,1,2,1,0,35,14,1
1528,3,2,3,1,1,36,15,1
1528,4,3,4,1,0,37,16,1
1528,5,4,5,1,0,38,17,1
1528,6,5,5.251,0.251,0,39,18,1
1529,1,0,1,1,0,20,4,1
1529,2,1,2,1,0,21,5,1
1529,3,2,3,1,0,22,6,1
1529,4,3,4,1,0,23,7,1
1529,5,4,5,1,0,24,8,1
1529,6,5,6,1,0,25,9,1
1529,7,6,6.043,0.043,0,26,10,1
1530,1,0,1,1,0,37,9,1
1530,2,1,2,1,0,38,10,1
1530,3,2,2.575,0.575,0,39,11,1
1531,1,0,1,1,0,66,5,1
1531,2,1,2,1,0,67,6,1
1531,3,2,3,1,0,68,7,1
1531,4,3,4,1,1,69,8,1
1531,5,4,5,1,0,70,9,1
1531,6,5,5.849,0.849,0,71,10,1
1532,1,0,1,1,1,35,8,1
1532,2,1,2,1,0,36,9,1
1532,3,2,3,1,0,37,10,1
1532,4,3,4,1,0,38,11,1
1532,5,4,5,1,0,39,12,1
1532,6,5,6,1,0,40,13,1
1532,7,6,6.974,0.974,0,41,14,1
1533,1,0,1,1,0,29,6,1
1533,2,1,1.845,0.845,0,30,7,1
1534,1,0,1,1,0,36,11,1
1534,2,1,2,1,1,37,12,1
1534,3,2,3,1,0,38,13,1
1534,4,3,4,1,0,39,14,1
1534,5,4,5,1,0,40,15,1
1534,6,5,5.567,0.567,0,41,16,1
1535,1,0,1,1,0,44,7,1
1535,2,1,2,1,0,45,8,1
1535,3,2,3,1,0,46,9,1
1535,4,3,4,1,0,47,10,1
1535,5,4,5,1,0,48,11,1
1535,6,5,5.178,0.178,0,49,12,1
1536,1,0,1,1,0,54,6,1
1536,2,1,1.631,0.631,0,55,7,1
1537,1,0,1,1,0,21,0,1
1537,2,1,2,1,0,22,1,1
1537,3,2,3,1,0,23,2,1
1537,4,3,4,1,0,24,3,1
1537,5,4,4.026,0.026,0,25,4,1
1538,1,0,1,1,0,29,18,1
1538,2,1,2,1,0,30,19,1
1538,3,2,3,1,0,31,20,1
1538,4,3,4,1,0,32,21,1
1538,5,4,5,1,0,33,22,1
1538,6,5,6,1,0,34,23,1
1538,7,6,7,1,0,35,24,1
1538,8,7,8,1,0,36,25,1
1538,9,8,8.995,0.995,0,37,26,1
1539,1,0,1,1,0,50,7,1
1539,2,1,2,1,0,51,8,1
1539,3,2,3,1,0,52,9,1
1539,4,3,4,1,0,53,10,1
1539,5,4,5,1,0,54,11,1
1539,6,5,6,1,0,55,12,1
1539,7,6,7,1,0,56,13,1
1539,8,7,8,1,0,57,14,1
1539,9,8,9,1,0,58,15,1
1539,10,9,9.669,0.669,0,59,16,1
1540,1,0,1,1,1,45,15,1
1540,2,1,2,1,0,46,16,1
1540,3,2,3,1,0,47,17,1
1540,4,3,4,1,0,48,18,1
1540,5,4,4.74,0.74,1,49,19,1
1541,1,0,1,1,0,23,6,1
1541,2,1,2,1,0,24,7,1
1541,3,2,3,1,0,25,8,1
1541,4,3,4,1,0,26,9,1
1541,5,4,5,1,0,27,10,1
1541,6,5,6,1,0,28,11,1
1541,7,6,7,1,0,29,12,1
1541,8,7,8,1,0,30,13,1
1541,9,8,9,1,0,31,14,1
1541,10,9,9.058,0.058,0,32,15,1
1542,1,0,1,1,0,46,10,1
1542,2,1,1.867,0.867,0,47,11,1
1543,1,0,1,1,0,46,11,1
1543,2,1,2,1,0,47,12,1
1543,3,2,3,1,0,48,13,1
1543,4,3,4,1,0,49,14,1
1543,5,4,5,1,0,50,15,1
1543,6,5,6,1,0,51,16,1
1543,7,6,7,1,1,52,17,1
1543,8,7,8,1,0,53,18,1
1543,9,8,9,1,0,54,19,1
1543,10,9,9.155,0.155,0,55,20,1
1544,1,0,1,1,0,43,12,1
1544,2,1,2,1,0,44,13,1
1544,3,2,3,1,0,45,14,1
1544,4,3,4,1,0,46,15,1
1544,5,4,5,1,2,47,16,1
1544,6,5,6,1,0,48,17,1
1544,7,6,7,1,0,49,18,1
1544,8,7,8,1,0,50,19,1
1544,9,8,8.109,0.109,0,51,20,1
1545,1,0,1,1,0,27,12,1
1545,2,1,1.193,0.193,0,28,13,1
1546,1,0,0.253,0.253,0,30,9,1
1547,1,0,1,1,0,69,5,1
1547,2,1,2,1,0,70,6,1
1547,3,2,3,1,1,71,7,1
1547,4,3,4,1,0,72,8,1
1547,5,4,5,1,0,73,9,1
1547,6,5,5.783,0.783,0,74,10,1
1548,1,0,1,1,0,60,6,1
1548,2,1,2,1,0,61,7,1
1548,3,2,3,1,0,62,8,1
1548,4,3,4,1,1,63,9,1
1548,5,4,5,1,0,64,10,1
1548,6,5,5.23,0.23,0,65,11,1
1549,1,0,1,1,0,43,11,1
1549,2,1,2,1,0,44,12,1
1549,3,2,3,1,0,45,13,1
1549,4,3,4,1,1,46,14,1
1549,5,4,5,1,0,47,15,1
1549,6,5,6,1,0,48,16,1
1549,7,6,6.699,0.699,0,49,17,1
1550,1,0,1,1,0,61,3,1
1550,2,1,2,1,0,62,4,1
1550,3,2,2.372,0.372,0,63,5,1
1551,1,0,1,1,0,53,6,1
1551,2,1,1.748,0.748,0,54,7,1
1552,1,0,1,1,0,41,13,1
1552,2,1,2,1,0,42,14,1
1552,3,2,3,1,0,43,15,1
1552,4,3,4,1,0,44,16,1
1552,5,4,5,1,0,45,17,1
1552,6,5,6,1,0,46,18,1
1552,7,6,7,1,0,47,19,1
1552,8,7,7.613,0.613,0,48,20,1
1553,1,0,1,1,0,41,12,1
1553,2,1,2,1,0,42,13,1
1553,3,2,3,1,0,43,14,1
1553,4,3,4,1,0,44,15,1
1553,5,4,5,1,0,45,16,1
1553,6,5,5.495,0.495,0,46,17,1
1554,1,0,1,1,1,75,8,1
1554,2,1,2,1,1,76,9,1
1554,3,2,3,1,1,77,10,1
1554,4,3,4,1,1,78,11,1
1554,5,4,5,1,0,79,12,1
1554,6,5,6,1,0,80,13,1
1554,7,6,7,1,0,81,14,1
1554,8,7,8,1,0,82,15,1
1554,9,8,9,1,0,83,16,1
1554,10,9,9.03,0.03,0,84,17,1
1555,1,0,1,1,0,34,10,1
1555,2,1,1.835,0.835,0,35,11,1
1556,1,0,1,1,0,53,14,1
1556,2,1,1.214,0.214,0,54,15,1
1557,1,0,1,1,0,72,10,1
1557,2,1,1.972,0.972,0,73,11,1
1558,1,0,1,1,0,84,11,1
1558,2,1,2,1,0,85,12,1
1558,3,2,3,1,0,86,13,1
1558,4,3,4,1,0,87,14,1
1558,5,4,5,1,1,88,15,1
1558,6,5,5.437,0.437,0,89,16,1
1559,1,0,1,1,0,59,11,1
1559,2,1,2,1,0,60,12,1
1559,3,2,3,1,0,61,13,1
1559,4,3,4,1,0,62,14,1
1559,5,4,5,1,0,63,15,1
1559,6,5,6,1,0,64,16,1
1559,7,6,7,1,0,65,17,1
1559,8,7,7.279,0.279,0,66,18,1
1560,1,0,1,1,0,18,14,1
1560,2,1,2,1,0,19,15,1
1560,3,2,2.572,0.572,1,20,16,1
1561,1,0,1,1,0,48,17,1
1561,2,1,2,1,0,49,18,1
1561,3,2,3,1,0,50,19,1
1561,4,3,4,1,0,51,20,1
1561,5,4,5,1,0,52,21,1
1561,6,5,6,1,0,53,22,1
1561,7,6,6.221,0.221,0,54,23,1
1562,1,0,1,1,0,64,10,1
1562,2,1,2,1,0,65,11,1
1562,3,2,3,1,0,66,12,1
1562,4,3,4,1,0,67,13,1
1562,5,4,5,1,0,68,14,1
1562,6,5,5.912,0.912,0,69,15,1
1563,1,0,1,1,0,77,8,1
1563,2,1,2,1,0,78,9,1
1563,3,2,3,1,0,79,10,1
1563,4,3,4,1,0,80,11,1
1563,5,4,5,1,0,81,12,1
1563,6,5,6,1,0,82,13,1
1563,7,6,6.572,0.572,0,83,14,1
1564,1,0,1,1,0,61,5,1
1564,2,1,2,1,0,62,6,1
1564,3,2,3,1,0,63,7,1
1564,4,3,3.054,0.054,0,64,8,1
1565,1,0,1,1,0,53,13,1
1565,2,1,1.409,0.409,0,54,14,1
1566,1,0,1,1,0,42,14,1
1566,2,1,2,1,0,43,15,1
1566,3,2,3,1,0,44,16,1
1566,4,3,3.888,0.888,0,45,17,1
1567,1,0,0.773,0.773,0,32,8,1
1568,1,0,1,1,0,38,8,1
1568,2,1,1.066,0.066,0,39,9,1
1569,1,0,0.517,0.517,0,46,4,1
1570,1,0,1,1,0,40,8,1
1570,2,1,2,1,0,41,9,1
1570,3,2,3,1,0,42,10,1
1570,4,3,4,1,0,43,11,1
1570,5,4,5,1,0,44,12,1
1570,6,5,6,1,0,45,13,1
1570,7,6,6.17,0.17,0,46,14,1
1571,1,0,0.881,0.881,0,72,5,1
1572,1,0,1,1,0,47,3,1
1572,2,1,2,1,0,48,4,1
1572,3,2,3,1,1,49,5,1
1572,4,3,4,1,0,50,6,1
1572,5,4,5,1,0,51,7,1
1572,6,5,6,1,1,52,8,1
1572,7,6,6.509,0.509,0,53,9,1
1573,1,0,1,1,1,18,11,1
1573,2,1,2,1,0,19,12,1
1573,3,2,3,1,0,20,13,1
1573,4,3,4,1,0,21,14,1
1573,5,4,5,1,0,22,15,1
1573,6,5,6,1,1,23,16,1
1573,7,6,6.148,0.148,0,24,17,1
1574,1,0,1,1,0,26,0,1
1574,2,1,2,1,1,27,1,1
1574,3,2,3,1,0,28,2,1
1574,4,3,4,1,0,29,3,1
1574,5,4,4.95,0.95,0,30,4,1
1575,1,0,1,1,0,48,17,1
1575,2,1,2,1,0,49,18,1
1575,3,2,3,1,0,50,19,1
1575,4,3,4,1,0,51,20,1
1575,5,4,5,1,0,52,21,1
1575,6,5,5.443,0.443,0,53,22,1
1576,1,0,1,1,0,28,9,1
1576,2,1,2,1,0,29,10,1
1576,3,2,2.423,0.423,0,30,11,1
1577,1,0,1,1,0,52,9,1
1577,2,1,1.218,0.218,0,53,10,1
1578,1,0,1,1,0,50,8,1
1578,2,1,1.273,0.273,0,51,9,1
1579,1,0,0.772,0.772,0,33,9,1
1580,1,0,1,1,0,18,6,1
1580,2,1,2,1,1,19,7,1
1580,3,2,2.126,0.126,0,20,8,1
1581,1,0,1,1,0,49,0,1
1581,2,1,2,1,0,50,1,1
1581,3,2,3,1,0,51,2,1
1581,4,3,4,1,0,52,3,1
1581,5,4,5,1,0,53,4,1
1581,6,5,6,1,0,54,5,1
1581,7,6,7,1,0,55,6,1
1581,8,7,8,1,0,56,7,1
1581,9,8,9,1,0,57,8,1
1581,10,9,9.591,0.591,0,58,9,1
1582,1,0,1,1,0,30,12,1
1582,2,1,2,1,0,31,13,1
1582,3,2,3,1,0,32,14,1
1582,4,3,3.274,0.274,0,33,15,1
1583,1,0,0.5,0.5,0,32,1,1
1584,1,0,1,1,1,33,6,1
1584,2,1,2,1,0,34,7,1
1584,3,2,3,1,1,35,8,1
1584,4,3,4,1,3,36,9,1
1584,5,4,4.681,0.681,0,37,10,1
1585,1,0,1,1,0,35,9,1
1585,2,1,2,1,0,36,10,1
1585,3,2,3,1,0,37,11,1
1585,4,3,4,1,0,38,12,1
1585,5,4,4.415,0.415,0,39,13,1
1586,1,0,1,1,0,59,9,1
1586,2,1,2,1,1,60,10,1
1586,3,2,3,1,1,61,11,1
1586,4,3,3.897,0.897,0,62,12,1
1587,1,0,1,1,0,58,5,1
1587,2,1,2,1,0,59,6,1
1587,3,2,3,1,0,60,7,1
1587,4,3,4,1,0,61,8,1
1587,5,4,5,1,0,62,9,1
1587,6,5,6,1,0,63,10,1
1587,7,6,6.939,0.939,0,64,11,1
1588,1,0,1,1,0,25,9,1
1588,2,1,2,1,0,26,10,1
1588,3,2,2.915,0.915,0,27,11,1
1589,1,0,1,1,1,65,0,1
1589,2,1,2,1,0,66,1,1
1589,3,2,3,1,0,67,2,1
1589,4,3,4,1,0,68,3,1
1589,5,4,5,1,0,69,4,1
1589,6,5,5.216,0.216,0,70,5,1
1590,1,0,1,1,0,62,4,1
1590,2,1,2,1,0,63,5,1
1590,3,2,3,1,0,64,6,1
1590,4,3,4,1,1,65,7,1
1590,5,4,5,1,0,66,8,1
1590,6,5,6,1,0,67,9,1
1590,7,6,7,1,0,68,10,1
1590,8,7,8,1,0,69,11,1
1590,9,8,8.125,0.125,0,70,12,1
1591,1,0,1,1,0,31,7,1
1591,2,1,2,1,0,32,8,1
1591,3,2,2.368,0.368,0,33,9,1
1592,1,0,1,1,0,61,13,1
1592,2,1,2,1,0,62,14,1
1592,3,2,3,1,1,63,15,1
1592,4,3,4,1,0,64,16,1
1592,5,4,4.887,0.887,0,65,17,1
1593,1,0,1,1,0,50,1,1
1593,2,1,1.116,0.116,0,51,2,1
1594,1,0,1,1,0,57,6,1
1594,2,1,2,1,0,58,7,1
1594,3,2,3,1,0,59,8,1
1594,4,3,4,1,0,60,9,1
1594,5,4,5,1,0,61,10,1
1594,6,5,5.601,0.601,0,62,11,1
1595,1,0,1,1,0,52,13,1
1595,2,1,2,1,1,53,14,1
1595,3,2,2.713,0.713,0,54,15,1
1596,1,0,1,1,0,41,7,1
1596,2,1,2,1,0,42,8,1
1596,3,2,3,1,0,43,9,1
1596,4,3,3.563,0.563,1,44,10,1
1597,1,0,1,1,1,67,7,1
1597,2,1,1.764,0.764,0,68,8,1
1598,1,0,1,1,0,42,14,1
1598,2,1,2,1,0,43,15,1
1598,3,2,3,1,2,44,16,1
1598,4,3,4,1,0,45,17,1
1598,5,4,5,1,1,46,18,1
1598,6,5,6,1,0,47,19,1
1598,7,6,7,1,0,48,20,1
1598,8,7,8,1,0,49,21,1
1598,9,8,8.629,0.629,0,50,22,1
1599,1,0,1,1,0,51,2,1
1599,2,1,2,1,0,52,3,1
1599,3,2,2.048,0.048,0,53,4,1
1600,1,0,1,1,0,39,10,1
1600,2,1,1.188,0.188,0,40,11,1
1601,1,0,1,1,0,34,16,1
1601,2,1,2,1,0,35,17,1
1601,3,2,2.911,0.911,1,36,18,1
1602,1,0,1,1,0,42,9,1
1602,2,1,2,1,0,43,10,1
1602,3,2,2.492,0.492,0,44,11,1
1603,1,0,1,1,0,33,13,1
1603,2,1,1.69,0.69,0,34,14,1
1604,1,0,1,1,0,52,11,1
1604,2,1,1.453,0.453,0,53,12,1
1605,1,0,1,1,0,44,0,1
1605,2,1,2,1,0,45,1,1
1605,3,2,3,1,1,46,2,1
1605,4,3,4,1,0,47,3,1
1605,5,4,4.172,0.172,0,48,4,1
1606,1,0,1,1,0,43,9,1
1606,2,1,2,1,0,44,10,1
1606,3,2,3,1,0,45,11,1
1606,4,3,4,1,0,46,12,1
1606,5,4,4.731,0.731,0,47,13,1
1607,1,0,1,1,0,29,14,1
1607,2,1,2,1,0,30,15,1
1607,3,2,2.274,0.274,0,31,16,1
1608,1,0,1,1,0,72,4,1
1608,2,1,2,1,0,73,5,1
1608,3,2,3,1,0,74,6,1
1608,4,3,4,1,0,75,7,1
1608,5,4,5,1,0,76,8,1
1608,6,5,6,1,0,77,9,1
1608,7,6,7,1,0,78,10,1
1608,8,7,8,1,0,79,11,1
1608,9,8,8.821,0.821,0,80,12,1
1609,1,0,1,1,0,58,0,1
1609,2,1,2,1,0,59,1,1
1609,3,2,3,1,0,60,2,1
1609,4,3,4,1,0,61,3,1
1609,5,4,5,1,0,62,4,1
1609,6,5,6,1,0,63,5,1
1609,7,6,7,1,0,64,6,1
1609,8,7,8,1,1,65,7,1
1609,9,8,9,1,0,66,8,1
1609,10,9,9.057,0.057,0,67,9,1
1610,1,0,1,1,0,25,8,1
1610,2,1,2,1,0,26,9,1
1610,3,2,3,1,1,27,10,1
1610,4,3,3.354,0.354,0,28,11,1
1611,1,0,1,1,0,44,13,1
1611,2,1,2,1,1,45,14,1
1611,3,2,3,1,0,46,15,1
1611,4,3,4,1,0,47,16,1
1611,5,4,5,1,0,48,17,1
1611,6,5,6,1,0,49,18,1
1611,7,6,7,1,1,50,19,1
1611,8,7,7.666,0.666,1,51,20,1
1612,1,0,1,1,0,73,12,1
1612,2,1,1.393,0.393,0,74,13,1
1613,1,0,1,1,0,27,14,1
1613,2,1,1.155,0.155,0,28,15,1
1614,1,0,1,1,0,56,8,1
1614,2,1,2,1,0,57,9,1
1614,3,2,3,1,0,58,10,1
1614,4,3,3.028,0.028,0,59,11,1
1615,1,0,1,1,0,27,2,1
1615,2,1,2,1,0,28,3,1
1615,3,2,3,1,0,29,4,1
1615,4,3,4,1,0,30,5,1
1615,5,4,5,1,0,31,6,1
1615,6,5,5.337,0.337,0,32,7,1
1616,1,0,1,1,0,39,6,1
1616,2,1,2,1,0,40,7,1
1616,3,2,2.333,0.333,0,41,8,1
1617,1,0,1,1,0,58,6,1
1617,2,1,1.998,0.998,0,59,7,1
1618,1,0,1,1,0,49,5,1
1618,2,1,1.368,0.368,0,50,6,1
1619,1,0,1,1,0,65,14,1
1619,2,1,2,1,0,66,15,1
1619,3,2,3,1,0,67,16,1
1619,4,3,4,1,1,68,17,1
1619,5,4,5,1,0,69,18,1
1619,6,5,6,1,0,70,19,1
1619,7,6,6.235,0.235,0,71,20,1
1620,1,0,1,1,0,46,3,1
1620,2,1,2,1,0,47,4,1
1620,3,2,3,1,0,48,5,1
1620,4,3,4,1,0,49,6,1
1620,5,4,5,1,0,50,7,1
1620,6,5,5.009,0.009,0,51,8,1
1621,1,0,1,1,0,50,3,1
1621,2,1,2,1,0,51,4,1
1621,3,2,3,1,0,52,5,1
1621,4,3,4,1,0,53,6,1
1621,5,4,4.926,0.926,0,54,7,1
1622,1,0,1,1,0,25,7,1
1622,2,1,1.704,0.704,1,26,8,1
1623,1,0,1,1,0,51,13,1
1623,2,1,2,1,0,52,14,1
1623,3,2,3,1,0,53,15,1
1623,4,3,4,1,0,54,16,1
1623,5,4,5,1,0,55,17,1
1623,6,5,6,1,0,56,18,1
1623,7,6,6.449,0.449,0,57,19,1
1624,1,0,1,1,0,29,19,1
1624,2,1,2,1,0,30,20,1
1624,3,2,3,1,0,31,21,1
1624,4,3,4,1,0,32,22,1
1624,5,4,5,1,0,33,23,1
1624,6,5,6,1,0,34,24,1
1624,7,6,6.942,0.942,0,35,25,1
1625,1,0,1,1,1,49,9,1
1625,2,1,2,1,2,50,10,1
1625,3,2,3,1,0,51,11,1
1625,4,3,3.832,0.832,0,52,12,1
1626,1,0,1,1,0,52,9,1
1626,2,1,2,1,0,53,10,1
1626,3,2,3,1,0,54,11,1
1626,4,3,4,1,0,55,12,1
1626,5,4,5,1,0,56,13,1
1626,6,5,5.175,0.175,0,57,14,1
1627,1,0,1,1,0,18,5,1
1627,2,1,2,1,0,19,6,1
1627,3,2,3,1,0,20,7,1
1627,4,3,4,1,0,21,8,1
1627,5,4,4.32,0.32,0,22,9,1
1628,1,0,1,1,0,44,8,1
1628,2,1,2,1,0,45,9,1
1628,3,2,3,1,0,46,10,1
1628,4,3,3.901,0.901,0,47,11,1
1629,1,0,1,1,0,47,3,1
1629,2,1,1.758,0.758,0,48,4,1
1630,1,0,1,1,1,32,9,1
1630,2,1,1.566,0.566,1,33,10,1
1631,1,0,1,1,0,50,14,1
1631,2,1,1.17,0.17,0,51,15,1
1632,1,0,1,1,0,43,11,1
1632,2,1,2,1,0,44,12,1
1632,3,2,3,1,1,45,13,1
1632,4,3,4,1,1,46,14,1
1632,5,4,5,1,2,47,15,1
1632,6,5,6,1,3,48,16,1
1632,7,6,7,1,0,49,17,1
1632,8,7,7.728,0.728,0,50,18,1
1633,1,0,1,1,0,52,5,1
1633,2,1,2,1,0,53,6,1
1633,3,2,3,1,0,54,7,1
1633,4,3,4,1,0,55,8,1
1633,5,4,5,1,0,56,9,1
1633,6,5,6,1,0,57,10,1
1633,7,6,6.342,0.342,0,58,11,1
1634,1,0,1,1,2,52,6,1
1634,2,1,2,1,0,53,7,1
1634,3,2,2.09,0.09,0,54,8,1
1635,1,0,1,1,0,54,11,1
1635,2,1,2,1,0,55,12,1
1635,3,2,3,1,0,56,13,1
1635,4,3,3.865,0.865,0,57,14,1
1636,1,0,1,1,0,61,9,1
1636,2,1,2,1,0,62,10,1
1636,3,2,2.641,0.641,0,63,11,1
1637,1,0,1,1,0,28,7,1
1637,2,1,2,1,0,29,8,1
1637,3,2,3,1,0,30,9,1
1637,4,3,3.531,0.531,0,31,10,1
1638,1,0,1,1,0,26,3,1
1638,2,1,2,1,0,27,4,1
1638,3,2,2.225,0.225,0,28,5,1
1639,1,0,1,1,0,69,8,1
1639,2,1,2,1,0,70,9,1
1639,3,2,3,1,0,71,10,1
1639,4,3,3.176,0.176,0,72,11,1
1640,1,0,1,1,0,33,13,1
1640,2,1,2,1,1,34,14,1
1640,3,2,3,1,0,35,15,1
1640,4,3,3.305,0.305,0,36,16,1
1641,1,0,1,1,0,58,9,1
1641,2,1,1.445,0.445,0,59,10,1
1642,1,0,1,1,0,35,16,1
1642,2,1,2,1,0,36,17,1
1642,3,2,3,1,0,37,18,1
1642,4,3,4,1,0,38,19,1
1642,5,4,4.233,0.233,0,39,20,1
1643,1,0,1,1,0,56,5,1
1643,2,1,2,1,0,57,6,1
1643,3,2,3,1,0,58,7,1
1643,4,3,4,1,1,59,8,1
1643,5,4,5,1,0,60,9,1
1643,6,5,6,1,0,61,10,1
1643,7,6,7,1,0,62,11,1
1643,8,7,7.837,0.837,0,63,12,1
1644,1,0,1,1,0,36,0,1
1644,2,1,2,1,2,37,1,1
1644,3,2,2.055,0.055,0,38,2,1
1645,1,0,1,1,1,42,13,1
1645,2,1,2,1,0,43,14,1
1645,3,2,3,1,0,44,15,1
1645,4,3,4,1,0,45,16,1
1645,5,4,4.672,0.672,0,46,17,1
1646,1,0,1,1,0,49,4,1
1646,2,1,2,1,0,50,5,1
1646,3,2,2.361,0.361,0,51,6,1
1647,1,0,1,1,0,30,2,1
1647,2,1,2,1,0,31,3,1
1647,3,2,2.85,0.85,0,32,4,1
1648,1,0,1,1,0,48,14,1
1648,2,1,2,1,0,49,15,1
1648,3,2,3,1,0,50,16,1
1648,4,3,3.72,0.72,0,51,17,1
1649,1,0,1,1,0,52,16,1
1649,2,1,2,1,1,53,17,1
1649,3,2,3,1,0,54,18,1
1649,4,3,4,1,0,55,19,1
1649,5,4,5,1,0,56,20,1
1649,6,5,6,1,0,57,21,1
1649,7,6,7,1,1,58,22,1
1649,8,7,7.203,0.203,0,59,23,1
1650,1,0,1,1,0,37,5,1
1650,2,1,1.631,0.631,0,38,6,1
1651,1,0,1,1,0,22,9,1
1651,2,1,1.048,0.048,0,23,10,1
1652,1,0,1,1,0,24,3,1
1652,2,1,1.039,0.039,0,25,4,1
1653,1,0,1,1,0,36,3,1
1653,2,1,2,1,0,37,4,1
1653,3,2,3,1,1,38,5,1
1653,4,3,3.193,0.193,0,39,6,1
1654,1,0,1,1,0,46,7,1
1654,2,1,2,1,0,47,8,1
1654,3,2,3,1,0,48,9,1
1654,4,3,3.902,0.902,1,49,10,1
1655,1,0,1,1,0,48,13,1
1655,2,1,2,1,0,49,14,1
1655,3,2,3,1,0,50,15,1
1655,4,3,4,1,0,51,16,1
1655,5,4,5,1,0,52,17,1
1655,6,5,5.491,0.491,0,53,18,1
1656,1,0,1,1,0,45,7,1
1656,2,1,2,1,0,46,8,1
1656,3,2,2.726,0.726,0,47,9,1
1657,1,0,1,1,0,54,17,1
1657,2,1,2,1,0,55,18,1
1657,3,2,3,1,0,56,19,1
1657,4,3,3.569,0.569,0,57,20,1
1658,1,0,1,1,0,42,10,1
1658,2,1,2,1,0,43,11,1
1658,3,2,3,1,0,44,12,1
1658,4,3,3.047,0.047,0,45,13,1
1659,1,0,1,1,0,46,4,1
1659,2,1,2,1,0,47,5,1
1659,3,2,3,1,0,48,6,1
1659,4,3,4,1,0,49,7,1
1659,5,4,5,1,0,50,8,1
1659,6,5,5.657,0.657,0,51,9,1
1660,1,0,1,1,1,51,0,1
1660,2,1,2,1,0,52,1,1
1660,3,2,3,1,0,53,2,1
1660,4,3,3.168,0.168,0,54,3,1
1661,1,0,1,1,0,45,10,1
1661,2,1,2,1,0,46,11,1
1661,3,2,3,1,0,47,12,1
1661,4,3,4,1,1,48,13,1
1661,5,4,5,1,2,49,14,1
1661,6,5,6,1,3,50,15,1
1661,7,6,6.569,0.569,2,51,16,1
1662,1,0,1,1,0,45,3,1
1662,2,1,2,1,0,46,4,1
1662,3,2,3,1,0,47,5,1
1662,4,3,4,1,0,48,6,1
1662,5,4,5,1,0,49,7,1
1662,6,5,6,1,0,50,8,1
1662,7,6,6.022,0.022,0,51,9,1
1663,1,0,1,1,0,78,5,1
1663,2,1,1.228,0.228,0,79,6,1
1664,1,0,1,1,0,47,0,1
1664,2,1,2,1,0,48,1,1
1664,3,2,3,1,0,49,2,1
1664,4,3,4,1,0,50,3,1
1664,5,4,4.64,0.64,0,51,4,1
1665,1,0,1,1,0,31,15,1
1665,2,1,2,1,0,32,16,1
1665,3,2,3,1,0,33,17,1
1665,4,3,3.491,0.491,1,34,18,1
1666,1,0,1,1,0,19,8,1
1666,2,1,2,1,0,20,9,1
1666,3,2,3,1,0,21,10,1
1666,4,3,4,1,0,22,11,1
1666,5,4,5,1,0,23,12,1
1666,6,5,5.593,0.593,0,24,13,1
1667,1,0,1,1,0,33,10,1
1667,2,1,1.286,0.286,0,34,11,1
1668,1,0,1,1,0,54,4,1
1668,2,1,2,1,0,55,5,1
1668,3,2,3,1,0,56,6,1
1668,4,3,4,1,0,57,7,1
1668,5,4,4.552,0.552,2,58,8,1
1669,1,0,1,1,1,41,7,1
1669,2,1,2,1,1,42,8,1
1669,3,2,3,1,1,43,9,1
1669,4,3,4,1,0,44,10,1
1669,5,4,5,1,0,45,11,1
1669,6,5,6,1,1,46,12,1
1669,7,6,7,1,0,47,13,1
1669,8,7,8,1,0,48,14,1
1669,9,8,8.75,0.75,1,49,15,1
1670,1,0,1,1,0,39,11,1
1670,2,1,2,1,0,40,12,1
1670,3,2,3,1,0,41,13,1
1670,4,3,4,1,1,42,14,1
1670,5,4,5,1,1,43,15,1
1670,6,5,5.786,0.786,1,44,16,1
1671,1,0,1,1,0,61,8,1
1671,2,1,2,1,0,62,9,1
1671,3,2,3,1,0,63,10,1
1671,4,3,4,1,0,64,11,1
1671,5,4,5,1,1,65,12,1
1671,6,5,6,1,1,66,13,1
1671,7,6,7,1,0,67,14,1
1671,8,7,8,1,0,68,15,1
1671,9,8,8.506,0.506,0,69,16,1
1672,1,0,1,1,0,34,18,1
1672,2,1,2,1,0,35,19,1
1672,3,2,2.945,0.945,0,36,20,1
1673,1,0,1,1,0,20,5,1
1673,2,1,2,1,0,21,6,1
1673,3,2,3,1,0,22,7,1
1673,4,3,3.637,0.637,0,23,8,1
1674,1,0,1,1,0,61,1,1
1674,2,1,2,1,0,62,2,1
1674,3,2,3,1,0,63,3,1
1674,4,3,4,1,0,64,4,1
1674,5,4,5,1,0,65,5,1
1674,6,5,6,1,0,66,6,1
1674,7,6,7,1,0,67,7,1
1674,8,7,8,1,0,68,8,1
1674,9,8,9,1,0,69,9,1
1674,10,9,9.4,0.4,0,70,10,1
1675,1,0,1,1,0,33,7,1
1675,2,1,2,1,0,34,8,1
1675,3,2,3,1,0,35,9,1
1675,4,3,4,1,2,36,10,1
1675,5,4,5,1,1,37,11,1
1675,6,5,5.623,0.623,0,38,12,1
1676,1,0,1,1,0,32,0,1
1676,2,1,1.932,0.932,0,33,1,1
1677,1,0,1,1,0,35,7,1
1677,2,1,2,1,0,36,8,1
1677,3,2,3,1,0,37,9,1
1677,4,3,4,1,0,38,10,1
1677,5,4,5,1,0,39,11,1
1677,6,5,6,1,0,40,12,1
1677,7,6,7,1,0,41,13,1
1677,8,7,7.988,0.988,0,42,14,1
1678,1,0,1,1,0,54,11,1
1678,2,1,2,1,0,55,12,1
1678,3,2,3,1,0,56,13,1
1678,4,3,4,1,0,57,14,1
1678,5,4,5,1,0,58,15,1
1678,6,5,6,1,0,59,16,1
1678,7,6,7,1,0,60,17,1
1678,8,7,7.049,0.049,0,61,18,1
1679,1,0,1,1,0,30,2,1
1679,2,1,2,1,0,31,3,1
1679,3,2,3,1,0,32,4,1
1679,4,3,3.219,0.219,0,33,5,1
1680,1,0,1,1,0,67,12,1
1680,2,1,2,1,0,68,13,1
1680,3,2,2.843,0.843,0,69,14,1
1681,1,0,1,1,0,66,10,1
1681,2,1,2,1,0,67,11,1
1681,3,2,3,1,0,68,12,1
1681,4,3,4,1,0,69,13,1
1681,5,4,5,1,0,70,14,1
1681,6,5,6,1,0,71,15,1
1681,7,6,7,1,0,72,16,1
1681,8,7,8,1,0,73,17,1
1681,9,8,8.537,0.537,0,74,18,1
1682,1,0,1,1,0,44,5,1
1682,2,1,2,1,0,45,6,1
1682,3,2,3,1,0,46,7,1
1682,4,3,4,1,0,47,8,1
1682,5,4,5,1,0,48,9,1
1682,6,5,6,1,0,49,10,1
1682,7,6,7,1,0,50,11,1
1682,8,7,8,1,0,51,12,1
1682,9,8,8.216,0.216,0,52,13,1
1683,1,0,1,1,0,63,1,1
1683,2,1,2,1,1,64,2,1
1683,3,2,3,1,0,65,3,1
1683,4,3,3.09,0.09,0,66,4,1
1684,1,0,1,1,0,55,4,1
1684,2,1,2,1,0,56,5,1
1684,3,2,2.886,0.886,0,57,6,1
1685,1,0,1,1,0,54,0,1
1685,2,1,2,1,0,55,1,1
1685,3,2,3,1,0,56,2,1
1685,4,3,4,1,0,57,3,1
1685,5,4,5,1,0,58,4,1
1685,6,5,6,1,0,59,5,1
1685,7,6,7,1,1,60,6,1
1685,8,7,8,1,0,61,7,1
1685,9,8,8.615,0.615,0,62,8,1
1686,1,0,1,1,0,38,3,1
1686,2,1,2,1,0,39,4,1
1686,3,2,2.481,0.481,0,40,5,1
1687,1,0,1,1,0,57,9,1
1687,2,1,2,1,0,58,10,1
1687,3,2,3,1,0,59,11,1
1687,4,3,4,1,0,60,12,1
1687,5,4,5,1,0,61,13,1
1687,6,5,5.177,0.177,0,62,14,1
1688,1,0,1,1,0,29,10,1
1688,2,1,2,1,0,30,11,1
1688,3,2,3,1,0,31,12,1
1688,4,3,4,1,1,32,13,1
1688,5,4,5,1,0,33,14,1
1688,6,5,6,1,1,34,15,1
1688,7,6,6.216,0.216,0,35,16,1
1689,1,0,0.503,0.503,0,30,13,1
1690,1,0,1,1,0,40,3,1
1690,2,1,2,1,0,41,4,1
1690,3,2,3,1,0,42,5,1
1690,4,3,4,1,0,43,6,1
1690,5,4,5,1,0,44,7,1
1690,6,5,5.564,0.564,0,45,8,1
1691,1,0,1,1,0,45,0,1
1691,2,1,2,1,0,46,1,1
1691,3,2,3,1,1,47,2,1
1691,4,3,4,1,1,48,3,1
1691,5,4,5,1,1,49,4,1
1691,6,5,6,1,0,50,5,1
1691,7,6,7,1,0,51,6,1
1691,8,7,8,1,1,52,7,1
1691,9,8,9,1,0,53,8,1
1691,10,9,9.305,0.305,0,54,9,1
1692,1,0,0.22,0.22,0,30,15,1
1693,1,0,1,1,0,38,0,1
1693,2,1,2,1,0,39,1,1
1693,3,2,3,1,0,40,2,1
1693,4,3,3.122,0.122,0,41,3,1
1694,1,0,1,1,1,50,3,1
1694,2,1,2,1,0,51,4,1
1694,3,2,3,1,0,52,5,1
1694,4,3,4,1,0,53,6,1
1694,5,4,5,1,0,54,7,1
1694,6,5,6,1,0,55,8,1
1694,7,6,7,1,0,56,9,1
1694,8,7,7.264,0.264,0,57,10,1
1695,1,0,1,1,0,44,0,1
1695,2,1,2,1,0,45,1,1
1695,3,2,3,1,0,46,2,1
1695,4,3,4,1,0,47,3,1
1695,5,4,5,1,0,48,4,1
1695,6,5,6,1,0,49,5,1
1695,7,6,7,1,1,50,6,1
1695,8,7,7.31,0.31,0,51,7,1
1696,1,0,1,1,0,60,8,1
1696,2,1,2,1,0,61,9,1
1696,3,2,3,1,0,62,10,1
1696,4,3,3.427,0.427,0,63,11,1
1697,1,0,1,1,0,44,7,1
1697,2,1,2,1,0,45,8,1
1697,3,2,2.614,0.614,0,46,9,1
1698,1,0,1,1,0,68,11,1
1698,2,1,1.729,0.729,1,69,12,1
1699,1,0,1,1,0,63,12,1
1699,2,1,2,1,1,64,13,1
1699,3,2,3,1,0,65,14,1
1699,4,3,4,1,0,66,15,1
1699,5,4,5,1,0,67,16,1
1699,6,5,5.014,0.014,0,68,17,1
1700,1,0,1,1,0,32,16,1
1700,2,1,1.556,0.556,0,33,17,1
1701,1,0,1,1,0,49,3,1
1701,2,1,2,1,0,50,4,1
1701,3,2,3,1,0,51,5,1
1701,4,3,4,1,0,52,6,1
1701,5,4,5,1,1,53,7,1
1701,6,5,6,1,0,54,8,1
1701,7,6,7,1,0,55,9,1
1701,8,7,8,1,1,56,10,1
1701,9,8,8.076,0.076,0,57,11,1
1702,1,0,1,1,0,49,5,1
1702,2,1,1.947,0.947,0,50,6,1
1703,1,0,1,1,0,56,0,1
1703,2,1,2,1,0,57,1,1
1703,3,2,3,1,0,58,2,1
1703,4,3,4,1,0,59,3,1
1703,5,4,5,1,0,60,4,1
1703,6,5,6,1,0,61,5,1
1703,7,6,7,1,0,62,6,1
1703,8,7,8,1,0,63,7,1
1703,9,8,9,1,0,64,8,1
1703,10,9,9.015,0.015,0,65,9,1
1704,1,0,1,1,0,52,2,1
1704,2,1,1.019,0.019,0,53,3,1
1705,1,0,1,1,0,60,2,1
1705,2,1,2,1,0,61,3,1
1705,3,2,3,1,0,62,4,1
1705,4,3,4,1,0,63,5,1
1705,5,4,4.534,0.534,0,64,6,1
1706,1,0,1,1,0,52,8,1
1706,2,1,2,1,0,53,9,1
1706,3,2,3,1,0,54,10,1
1706,4,3,3.222,0.222,0,55,11,1
1707,1,0,0.367,0.367,0,45,11,1
1708,1,0,1,1,0,38,7,1
1708,2,1,2,1,0,39,8,1
1708,3,2,3,1,0,40,9,1
1708,4,3,4,1,0,41,10,1
1708,5,4,4.291,0.291,0,42,11,1
1709,1,0,1,1,0,28,5,1
1709,2,1,2,1,1,29,6,1
1709,3,2,3,1,0,30,7,1
1709,4,3,3.258,0.258,0,31,8,1
1710,1,0,1,1,0,62,3,1
1710,2,1,2,1,0,63,4,1
1710,3,2,3,1,0,64,5,1
1710,4,3,4,1,0,65,6,1
1710,5,4,5,1,0,66,7,1
1710,6,5,6,1,0,67,8,1
1710,7,6,7,1,0,68,9,1
1710,8,7,8,1,0,69,10,1
1710,9,8,9,1,0,70,11,1
1710,10,9,9.757,0.757,0,71,12,1
1711,1,0,1,1,0,56,4,1
1711,2,1,2,1,0,57,5,1
1711,3,2,3,1,0,58,6,1
1711,4,3,3.38,0.38,0,59,7,1
1712,1,0,1,1,0,82,12,1
1712,2,1,2,1,0,83,13,1
1712,3,2,3,1,0,84,14,1
1712,4,3,4,1,0,85,15,1
1712,5,4,5,1,0,86,16,1
1712,6,5,5.455,0.455,0,87,17,1
1713,1,0,0.428,0.428,0,33,10,1
1714,1,0,1,1,1,39,7,1
1714,2,1,2,1,0,40,8,1
1714,3,2,3,1,0,41,9,1
1714,4,3,4,1,1,42,10,1
1714,5,4,5,1,0,43,11,1
1714,6,5,6,1,0,44,12,1
1714,7,6,6.884,0.884,1,45,13,1
1715,1,0,1,1,0,48,2,1
1715,2,1,2,1,0,49,3,1
1715,3,2,2.864,0.864,0,50,4,1
1716,1,0,1,1,0,54,7,1
1716,2,1,2,1,0,55,8,1
1716,3,2,2.82,0.82,0,56,9,1
1717,1,0,1,1,0,74,7,1
1717,2,1,2,1,0,75,8,1
1717,3,2,2.226,0.226,0,76,9,1
1718,1,0,1,1,0,48,5,1
1718,2,1,2,1,0,49,6,1
1718,3,2,3,1,0,50,7,1
1718,4,3,4,1,0,51,8,1
1718,5,4,5,1,0,52,9,1
1718,6,5,6,1,0,53,10,1
1718,7,6,6.586,0.586,0,54,11,1
1719,1,0,1,1,0,41,6,1
1719,2,1,2,1,0,42,7,1
1719,3,2,2.512,0.512,0,43,8,1
1720,1,0,1,1,0,62,3,1
1720,2,1,2,1,1,63,4,1
1720,3,2,3,1,0,64,5,1
1720,4,3,4,1,0,65,6,1
1720,5,4,5,1,0,66,7,1
1720,6,5,6,1,0,67,8,1
1721,1,0,1,1,0,42,15,1
1721,2,1,2,1,0,43,16,1
1721,3,2,3,1,0,44,17,1
1721,4,3,4,1,0,45,18,1
1721,5,4,5,1,0,46,19,1
1721,6,5,6,1,0,47,20,1
1721,7,6,7,1,0,48,21,1
1721,8,7,8,1,0,49,22,1
1721,9,8,9,1,0,50,23,1
1721,10,9,9.809,0.809,0,51,24,1
1722,1,0,1,1,0,73,3,1
1722,2,1,2,1,1,74,4,1
1722,3,2,2.045,0.045,0,75,5,1
1723,1,0,1,1,0,50,4,1
1723,2,1,2,1,0,51,5,1
1723,3,2,3,1,0,52,6,1
1723,4,3,4,1,0,53,7,1
1723,5,4,5,1,0,54,8,1
1723,6,5,6,1,0,55,9,1
1723,7,6,7,1,0,56,10,1
1723,8,7,7.568,0.568,0,57,11,1
1724,1,0,1,1,0,21,14,1
1724,2,1,2,1,0,22,15,1
1724,3,2,3,1,1,23,16,1
1724,4,3,4,1,0,24,17,1
1724,5,4,5,1,1,25,18,1
1724,6,5,6,1,0,26,19,1
1724,7,6,7,1,0,27,20,1
1724,8,7,8,1,0,28,21,1
1724,9,8,9,1,0,29,22,1
1724,10,9,9.667,0.667,0,30,23,1
1725,1,0,1,1,0,48,19,1
1725,2,1,2,1,0,49,20,1
1725,3,2,3,1,0,50,21,1
1725,4,3,3.008,0.008,0,51,22,1
1726,1,0,1,1,0,28,4,1
1726,2,1,1.042,0.042,0,29,5,1
1727,1,0,1,1,0,54,10,1
1727,2,1,1.563,0.563,0,55,11,1
1728,1,0,1,1,0,67,12,1
1728,2,1,2,1,0,68,13,1
1728,3,2,2.645,0.645,0,69,14,1
1729,1,0,1,1,0,49,9,1
1729,2,1,2,1,0,50,10,1
1729,3,2,3,1,0,51,11,1
1729,4,3,4,1,0,52,12,1
1729,5,4,5,1,0,53,13,1
1729,6,5,6,1,0,54,14,1
1729,7,6,7,1,0,55,15,1
1729,8,7,8,1,0,56,16,1
1729,9,8,9,1,0,57,17,1
1729,10,9,9.701,0.701,0,58,18,1
1730,1,0,1,1,0,63,2,1
1730,2,1,2,1,0,64,3,1
1730,3,2,3,1,0,65,4,1
1730,4,3,4,1,0,66,5,1
1730,5,4,5,1,0,67,6,1
1730,6,5,6,1,0,68,7,1
1730,7,6,7,1,0,69,8,1
1730,8,7,7.013,0.013,0,70,9,1
1731,1,0,1,1,0,25,4,1
1731,2,1,2,1,0,26,5,1
1731,3,2,3,1,0,27,6,1
1731,4,3,3.373,0.373,0,28,7,1
1732,1,0,1,1,0,65,10,1
1732,2,1,2,1,0,66,11,1
1732,3,2,3,1,0,67,12,1
1732,4,3,4,1,0,68,13,1
1732,5,4,4.032,0.032,0,69,14,1
1733,1,0,1,1,0,28,18,1
1733,2,1,2,1,0,29,19,1
1733,3,2,2.975,0.975,0,30,20,1
1734,1,0,1,1,1,18,1,1
1734,2,1,2,1,1,19,2,1
1734,3,2,2.152,0.152,0,20,3,1
1735,1,0,1,1,0,35,5,1
1735,2,1,2,1,0,36,6,1
1735,3,2,3,1,0,37,7,1
1735,4,3,4,1,0,38,8,1
1735,5,4,5,1,0,39,9,1
1735,6,5,5.948,0.948,0,40,10,1
1736,1,0,1,1,3,24,6,1
1736,2,1,2,1,4,25,7,1
1736,3,2,3,1,0,26,8,1
1736,4,3,3.287,0.287,0,27,9,1
1737,1,0,1,1,0,39,13,1
1737,2,1,2,1,0,40,14,1
1737,3,2,3,1,0,41,15,1
1737,4,3,4,1,0,42,16,1
1737,5,4,5,1,0,43,17,1
1737,6,5,6,1,0,44,18,1
1737,7,6,7,1,0,45,19,1
1737,8,7,7.512,0.512,0,46,20,1
1738,1,0,1,1,0,32,6,1
1738,2,1,2,1,0,33,7,1
1738,3,2,2.36,0.36,0,34,8,1
1739,1,0,1,1,0,58,7,1
1739,2,1,2,1,0,59,8,1
1739,3,2,3,1,0,60,9,1
1739,4,3,4,1,0,61,10,1
1739,5,4,5,1,0,62,11,1
1739,6,5,5.706,0.706,0,63,12,1
1740,1,0,1,1,0,55,4,1
1740,2,1,2,1,0,56,5,1
1740,3,2,3,1,0,57,6,1
1740,4,3,4,1,0,58,7,1
1740,5,4,5,1,0,59,8,1
1740,6,5,6,1,0,60,9,1
1740,7,6,7,1,0,61,10,1
1740,8,7,8,1,0,62,11,1
1740,9,8,9,1,0,63,12,1
1740,10,9,9.534,0.534,0,64,13,1
1741,1,0,1,1,1,21,12,1
1741,2,1,1.234,0.234,0,22,13,1
1742,1,0,1,1,1,66,10,1
1742,2,1,2,1,0,67,11,1
1742,3,2,2.498,0.498,0,68,12,1
1743,1,0,1,1,0,53,2,1
1743,2,1,2,1,0,54,3,1
1743,3,2,3,1,0,55,4,1
1743,4,3,4,1,0,56,5,1
1743,5,4,5,1,0,57,6,1
1743,6,5,6,1,0,58,7,1
1743,7,6,7,1,0,59,8,1
1743,8,7,7.014,0.014,0,60,9,1
1744,1,0,1,1,0,34,8,1
1744,2,1,2,1,0,35,9,1
1744,3,2,3,1,0,36,10,1
1744,4,3,4,1,0,37,11,1
1744,5,4,5,1,0,38,12,1
1744,6,5,6,1,0,39,13,1
1744,7,6,6.832,0.832,0,40,14,1
1745,1,0,1,1,0,39,13,1
1745,2,1,2,1,0,40,14,1
1745,3,2,3,1,0,41,15,1
1745,4,3,4,1,0,42,16,1
1745,5,4,5,1,0,43,17,1
1745,6,5,6,1,0,44,18,1
1745,7,6,6.103,0.103,0,45,19,1
1746,1,0,1,1,0,67,0,1
1746,2,1,2,1,0,68,1,1
1746,3,2,3,1,0,69,2,1
1746,4,3,4,1,0,70,3,1
1746,5,4,5,1,0,71,4,1
1746,6,5,6,1,0,72,5,1
1746,7,6,7,1,0,73,6,1
1746,8,7,7.039,0.039,0,74,7,1
1747,1,0,1,1,0,51,14,1
1747,2,1,1.4,0.4,0,52,15,1
1748,1,0,1,1,0,56,9,1
1748,2,1,2,1,0,57,10,1
1748,3,2,2.822,0.822,0,58,11,1
1749,1,0,1,1,0,56,2,1
1749,2,1,2,1,1,57,3,1
1749,3,2,2.678,0.678,0,58,4,1
1750,1,0,1,1,0,48,7,1
1750,2,1,1.983,0.983,0,49,8,1
1751,1,0,1,1,0,18,7,1
1751,2,1,2,1,0,19,8,1
1751,3,2,3,1,0,20,9,1
1751,4,3,3.42,0.42,0,21,10,1
1752,1,0,1,1,0,42,5,1
1752,2,1,1.325,0.325,0,43,6,1
1753,1,0,1,1,0,56,7,1
1753,2,1,1.534,0.534,0,57,8,1
1754,1,0,1,1,0,42,6,1
1754,2,1,2,1,0,43,7,1
1754,3,2,3,1,0,44,8,1
1754,4,3,3.319,0.319,0,45,9,1
1755,1,0,1,1,1,66,16,1
1755,2,1,1.803,0.803,0,67,17,1
1756,1,0,1,1,0,36,9,1
1756,2,1,2,1,0,37,10,1
1756,3,2,3,1,0,38,11,1
1756,4,3,4,1,0,39,12,1
1756,5,4,5,1,0,40,13,1
1756,6,5,6,1,0,41,14,1
1756,7,6,6.218,0.218,0,42,15,1
1757,1,0,1,1,0,49,5,1
1757,2,1,2,1,0,50,6,1
1757,3,2,3,1,0,51,7,1
1757,4,3,3.336,0.336,0,52,8,1
1758,1,0,1,1,0,39,11,1
1758,2,1,2,1,0,40,12,1
1758,3,2,3,1,1,41,13,1
1758,4,3,4,1,0,42,14,1
1758,5,4,4.241,0.241,0,43,15,1
1759,1,0,1,1,0,59,15,1
1759,2,1,2,1,0,60,16,1
1759,3,2,3,1,1,61,17,1
1759,4,3,3.316,0.316,0,62,18,1
1760,1,0,1,1,0,54,10,1
1760,2,1,2,1,0,55,11,1
1760,3,2,3,1,0,56,12,1
1760,4,3,4,1,0,57,13,1
1760,5,4,5,1,0,58,14,1
1760,6,5,5.639,0.639,0,59,15,1
1761,1,0,1,1,0,41,11,1
1761,2,1,2,1,0,42,12,1
1761,3,2,3,1,0,43,13,1
1761,4,3,4,1,0,44,14,1
1761,5,4,5,1,0,45,15,1
1761,6,5,6,1,0,46,16,1
1761,7,6,6.53,0.53,0,47,17,1
1762,1,0,1,1,0,40,11,1
1762,2,1,2,1,1,41,12,1
1762,3,2,3,1,1,42,13,1
1762,4,3,4,1,0,43,14,1
1762,5,4,5,1,0,44,15,1
1762,6,5,5.729,0.729,1,45,16,1
1763,1,0,1,1,0,62,7,1
1763,2,1,2,1,0,63,8,1
1763,3,2,2.237,0.237,0,64,9,1
1764,1,0,1,1,0,73,5,1
1764,2,1,2,1,0,74,6,1
1764,3,2,3,1,0,75,7,1
1764,4,3,3.432,0.432,0,76,8,1
1765,1,0,1,1,0,64,9,1
1765,2,1,1.261,0.261,0,65,10,1
1766,1,0,1,1,1,35,4,1
1766,2,1,2,1,0,36,5,1
1766,3,2,3,1,0,37,6,1
1766,4,3,4,1,0,38,7,1
1766,5,4,5,1,0,39,8,1
1766,6,5,5.049,0.049,0,40,9,1
1767,1,0,1,1,0,33,10,1
1767,2,1,2,1,0,34,11,1
1767,3,2,2.079,0.079,0,35,12,1
1768,1,0,1,1,1,61,8,1
1768,2,1,1.19,0.19,0,62,9,1
1769,1,0,1,1,0,29,13,1
1769,2,1,2,1,1,30,14,1
1769,3,2,3,1,0,31,15,1
1769,4,3,4,1,1,32,16,1
1769,5,4,4.829,0.829,0,33,17,1
1770,1,0,1,1,0,73,12,1
1770,2,1,2,1,0,74,13,1
1770,3,2,2.939,0.939,0,75,14,1
1771,1,0,0.568,0.568,0,70,8,1
1772,1,0,1,1,0,45,0,1
1772,2,1,2,1,0,46,1,1
1772,3,2,3,1,0,47,2,1
1772,4,3,3.934,0.934,0,48,3,1
1773,1,0,1,1,0,57,1,1
1773,2,1,2,1,0,58,2,1
1773,3,2,3,1,0,59,3,1
1773,4,3,3.48,0.48,0,60,4,1
1774,1,0,1,1,0,21,7,1
1774,2,1,2,1,0,22,8,1
1774,3,2,3,1,0,23,9,1
1774,4,3,4,1,0,24,10,1
1774,5,4,5,1,0,25,11,1
1774,6,5,6,1,0,26,12,1
1774,7,6,6.781,0.781,1,27,13,1
1775,1,0,1,1,0,30,9,1
1775,2,1,1.561,0.561,0,31,10,1
1776,1,0,1,1,0,33,4,1
1776,2,1,2,1,0,34,5,1
1776,3,2,2.454,0.454,0,35,6,1
1777,1,0,1,1,0,47,6,1
1777,2,1,2,1,0,48,7,1
1777,3,2,3,1,0,49,8,1
1777,4,3,4,1,1,50,9,1
1777,5,4,4.078,0.078,0,51,10,1
1778,1,0,1,1,2,41,14,1
1778,2,1,2,1,0,42,15,1
1778,3,2,3,1,1,43,16,1
1778,4,3,4,1,1,44,17,1
1778,5,4,5,1,0,45,18,1
1778,6,5,5.877,0.877,0,46,19,1
1779,1,0,1,1,0,36,1,1
1779,2,1,1.801,0.801,0,37,2,1
1780,1,0,1,1,0,48,8,1
1780,2,1,1.097,0.097,0,49,9,1
1781,1,0,1,1,0,48,8,1
1781,2,1,1.665,0.665,0,49,9,1
1782,1,0,1,1,0,71,6,1
1782,2,1,1.777,0.777,0,72,7,1
1783,1,0,1,1,0,18,8,1
1783,2,1,2,1,0,19,9,1
1783,3,2,3,1,0,20,10,1
1783,4,3,4,1,0,21,11,1
1783,5,4,4.633,0.633,0,22,12,1
1784,1,0,1,1,0,45,6,1
1784,2,1,2,1,0,46,7,1
1784,3,2,3,1,0,47,8,1
1784,4,3,3.003,0.003,0,48,9,1
1785,1,0,1,1,0,42,10,1
1785,2,1,2,1,0,43,11,1
1785,3,2,3,1,0,44,12,1
1785,4,3,4,1,0,45,13,1
1785,5,4,5,1,0,46,14,1
1785,6,5,6,1,0,47,15,1
1785,7,6,7,1,0,48,16,1
1785,8,7,8,1,0,49,17,1
1785,9,8,9,1,0,50,18,1
1785,10,9,9.005,0.005,0,51,19,1
1786,1,0,1,1,0,35,6,1
1786,2,1,2,1,0,36,7,1
1786,3,2,2.991,0.991,0,37,8,1
1787,1,0,1,1,0,30,6,1
1787,2,1,2,1,0,31,7,1
1787,3,2,3,1,0,32,8,1
1787,4,3,4,1,0,33,9,1
1787,5,4,4.656,0.656,0,34,10,1
1788,1,0,1,1,0,55,6,1
1788,2,1,2,1,0,56,7,1
1788,3,2,3,1,0,57,8,1
1788,4,3,3.127,0.127,0,58,9,1
1789,1,0,1,1,0,47,5,1
1789,2,1,2,1,0,48,6,1
1789,3,2,3,1,0,49,7,1
1789,4,3,4,1,0,50,8,1
1789,5,4,4.384,0.384,0,51,9,1
1790,1,0,1,1,1,44,8,1
1790,2,1,1.399,0.399,0,45,9,1
1791,1,0,1,1,0,56,12,1
1791,2,1,1.677,0.677,0,57,13,1
1792,1,0,1,1,0,36,10,1
1792,2,1,2,1,0,37,11,1
1792,3,2,3,1,0,38,12,1
1792,4,3,4,1,0,39,13,1
1792,5,4,5,1,0,40,14,1
1792,6,5,5.327,0.327,0,41,15,1
1793,1,0,1,1,0,52,7,1
1793,2,1,2,1,0,53,8,1
1793,3,2,3,1,0,54,9,1
1793,4,3,4,1,0,55,10,1
1793,5,4,5,1,0,56,11,1
1793,6,5,6,1,0,57,12,1
1793,7,6,7,1,1,58,13,1
1793,8,7,7.315,0.315,0,59,14,1
1794,1,0,1,1,0,55,11,1
1794,2,1,2,1,0,56,12,1
1794,3,2,2.238,0.238,0,57,13,1
1795,1,0,1,1,0,76,0,1
1795,2,1,2,1,0,77,1,1
1795,3,2,2.536,0.536,0,78,2,1
1796,1,0,1,1,0,50,14,1
1796,2,1,2,1,0,51,15,1
1796,3,2,3,1,0,52,16,1
1796,4,3,4,1,0,53,17,1
1796,5,4,5,1,0,54,18,1
1796,6,5,6,1,0,55,19,1
1796,7,6,7,1,0,56,20,1
1796,8,7,8,1,0,57,21,1
1796,9,8,9,1,0,58,22,1
1796,10,9,9.771,0.771,0,59,23,1
1797,1,0,1,1,0,34,5,1
1797,2,1,2,1,0,35,6,1
1797,3,2,2.496,0.496,0,36,7,1
1798,1,0,0.371,0.371,0,18,0,1
1799,1,0,1,1,1,47,5,1
1799,2,1,1.186,0.186,1,48,6,1
1800,1,0,1,1,0,48,0,1
1800,2,1,2,1,0,49,1,1
1800,3,2,3,1,0,50,2,1
1800,4,3,4,1,0,51,3,1
1800,5,4,5,1,0,52,4,1
1800,6,5,5.726,0.726,0,53,5,1
1801,1,0,1,1,0,30,5,1
1801,2,1,1.113,0.113,0,31,6,1
1802,1,0,1,1,0,36,12,1
1802,2,1,2,1,0,37,13,1
1802,3,2,3,1,0,38,14,1
1802,4,3,4,1,0,39,15,1
1802,5,4,5,1,0,40,16,1
1802,6,5,6,1,0,41,17,1
1802,7,6,6.778,0.778,0,42,18,1
1803,1,0,1,1,0,45,5,1
1803,2,1,1.438,0.438,0,46,6,1
1804,1,0,1,1,0,45,11,1
1804,2,1,2,1,0,46,12,1
1804,3,2,3,1,0,47,13,1
1804,4,3,4,1,0,48,14,1
1804,5,4,5,1,0,49,15,1
1804,6,5,5.2,0.2,0,50,16,1
1805,1,0,1,1,0,49,3,1
1805,2,1,1.977,0.977,0,50,4,1
1806,1,0,1,1,1,18,5,1
1806,2,1,1.384,0.384,1,19,6,1
1807,1,0,1,1,0,48,5,1
1807,2,1,1.158,0.158,0,49,6,1
1808,1,0,1,1,0,61,8,1
1808,2,1,2,1,0,62,9,1
1808,3,2,3,1,0,63,10,1
1808,4,3,4,1,0,64,11,1
1808,5,4,5,1,0,65,12,1
1808,6,5,5.089,0.089,0,66,13,1
1809,1,0,1,1,0,56,8,1
1809,2,1,1.209,0.209,0,57,9,1
1810,1,0,1,1,0,37,19,1
1810,2,1,2,1,0,38,20,1
1810,3,2,2.691,0.691,0,39,21,1
1811,1,0,1,1,0,31,8,1
1811,2,1,2,1,0,32,9,1
1811,3,2,2.123,0.123,0,33,10,1
1812,1,0,1,1,0,18,11,1
1812,2,1,2,1,0,19,12,1
1812,3,2,3,1,0,20,13,1
1812,4,3,4,1,0,21,14,1
1812,5,4,5,1,0,22,15,1
1812,6,5,5.754,0.754,0,23,16,1
1813,1,0,1,1,0,54,3,1
1813,2,1,2,1,0,55,4,1
1813,3,2,3,1,0,56,5,1
1813,4,3,4,1,0,57,6,1
1813,5,4,5,1,0,58,7,1
1813,6,5,6,1,0,59,8,1
1813,7,6,7,1,0,60,9,1
1813,8,7,8,1,0,61,10,1
1813,9,8,9,1,0,62,11,1
1813,10,9,9.253,0.253,0,63,12,1
1814,1,0,1,1,0,18,0,1
1814,2,1,1.602,0.602,0,19,1,1
1815,1,0,1,1,0,48,5,1
1815,2,1,1.606,0.606,0,49,6,1
1816,1,0,1,1,0,59,16,1
1816,2,1,1.795,0.795,0,60,17,1
1817,1,0,1,1,1,34,2,1
1817,2,1,2,1,0,35,3,1
1817,3,2,3,1,0,36,4,1
1817,4,3,4,1,0,37,5,1
1817,5,4,5,1,0,38,6,1
1817,6,5,6,1,1,39,7,1
1817,7,6,7,1,0,40,8,1
1817,8,7,8,1,0,41,9,1
1817,9,8,9,1,0,42,10,1
1817,10,9,9.884,0.884,0,43,11,1
1818,1,0,1,1,0,47,10,1
1818,2,1,2,1,0,48,11,1
1818,3,2,2.466,0.466,0,49,12,1
1819,1,0,1,1,0,54,6,1
1819,2,1,1.464,0.464,0,55,7,1
1820,1,0,1,1,0,38,10,1
1820,2,1,1.919,0.919,1,39,11,1
1821,1,0,1,1,0,29,10,1
1821,2,1,1.35,0.35,0,30,11,1
1822,1,0,1,1,0,46,8,1
1822,2,1,2,1,0,47,9,1
1822,3,2,3,1,0,48,10,1
1822,4,3,4,1,0,49,11,1
1822,5,4,4.857,0.857,0,50,12,1
1823,1,0,1,1,0,57,7,1
1823,2,1,2,1,1,58,8,1
1823,3,2,2.174,0.174,0,59,9,1
1824,1,0,1,1,1,43,5,1
1824,2,1,2,1,0,44,6,1
1824,3,2,3,1,1,45,7,1
1824,4,3,4,1,1,46,8,1
1824,5,4,5,1,0,47,9,1
1824,6,5,5.988,0.988,0,48,10,1
1825,1,0,1,1,0,41,14,1
1825,2,1,2,1,0,42,15,1
1825,3,2,3,1,0,43,16,1
1825,4,3,4,1,0,44,17,1
1825,5,4,4.151,0.151,0,45,18,1
1826,1,0,1,1,0,56,10,1
1826,2,1,2,1,0,57,11,1
1826,3,2,3,1,0,58,12,1
1826,4,3,4,1,0,59,13,1
1826,5,4,5,1,0,60,14,1
1826,6,5,5.239,0.239,0,61,15,1
1827,1,0,1,1,0,36,9,1
1827,2,1,2,1,0,37,10,1
1827,3,2,3,1,0,38,11,1
1827,4,3,4,1,0,39,12,1
1827,5,4,4.705,0.705,1,40,13,1
1828,1,0,1,1,0,32,7,1
1828,2,1,2,1,0,33,8,1
1828,3,2,3,1,0,34,9,1
1828,4,3,4,1,0,35,10,1
1828,5,4,4.264,0.264,0,36,11,1
1829,1,0,1,1,0,30,9,1
1829,2,1,1.45,0.45,0,31,10,1
1830,1,0,1,1,0,62,4,1
1830,2,1,1.78,0.78,0,63,5,1
1831,1,0,1,1,0,50,15,1
1831,2,1,2,1,0,51,16,1
1831,3,2,3,1,0,52,17,1
1831,4,3,3.391,0.391,0,53,18,1
1832,1,0,1,1,2,25,19,1
1832,2,1,2,1,0,26,20,1
1832,3,2,2.333,0.333,0,27,21,1
1833,1,0,1,1,0,43,10,1
1833,2,1,2,1,1,44,11,1
1833,3,2,3,1,0,45,12,1
1833,4,3,4,1,0,46,13,1
1833,5,4,5,1,0,47,14,1
1833,6,5,6,1,0,48,15,1
1833,7,6,7,1,0,49,16,1
1833,8,7,7.162,0.162,0,50,17,1
1834,1,0,1,1,0,35,10,1
1834,2,1,2,1,0,36,11,1
1834,3,2,3,1,0,37,12,1
1834,4,3,4,1,1,38,13,1
1834,5,4,4.961,0.961,1,39,14,1
1835,1,0,1,1,1,25,9,1
1835,2,1,2,1,1,26,10,1
1835,3,2,3,1,0,27,11,1
1835,4,3,3.219,0.219,2,28,12,1
1836,1,0,1,1,0,60,15,1
1836,2,1,1.324,0.324,0,61,16,1
1837,1,0,1,1,0,32,1,1
1837,2,1,2,1,0,33,2,1
1837,3,2,3,1,0,34,3,1
1837,4,3,4,1,1,35,4,1
1837,5,4,5,1,0,36,5,1
1837,6,5,6,1,0,37,6,1
1837,7,6,6.841,0.841,0,38,7,1
1838,1,0,0.52,0.52,0,37,8,1
1839,1,0,1,1,0,39,4,1
1839,2,1,2,1,0,40,5,1
1839,3,2,2.674,0.674,0,41,6,1
1840,1,0,1,1,0,55,9,1
1840,2,1,2,1,0,56,10,1
1840,3,2,3,1,0,57,11,1
1840,4,3,4,1,0,58,12,1
1840,5,4,5,1,0,59,13,1
1840,6,5,6,1,0,60,14,1
1840,7,6,7,1,0,61,15,1
1840,8,7,7.717,0.717,0,62,16,1
1841,1,0,1,1,0,64,12,1
1841,2,1,2,1,0,65,13,1
1841,3,2,3,1,0,66,14,1
1841,4,3,4,1,0,67,15,1
1841,5,4,5,1,0,68,16,1
1841,6,5,6,1,0,69,17,1
1841,7,6,7,1,0,70,18,1
1841,8,7,8,1,0,71,19,1
1841,9,8,8.383,0.383,0,72,20,1
1842,1,0,1,1,0,26,7,1
1842,2,1,2,1,0,27,8,1
1842,3,2,3,1,1,28,9,1
1842,4,3,4,1,1,29,10,1
1842,5,4,4.64,0.64,0,30,11,1
1843,1,0,1,1,1,30,9,1
1843,2,1,1.461,0.461,1,31,10,1
1844,1,0,1,1,0,49,13,1
1844,2,1,2,1,0,50,14,1
1844,3,2,3,1,0,51,15,1
1844,4,3,4,1,0,52,16,1
1844,5,4,5,1,0,53,17,1
1844,6,5,5.766,0.766,0,54,18,1
1845,1,0,1,1,0,62,8,1
1845,2,1,2,1,0,63,9,1
1845,3,2,2.912,0.912,0,64,10,1
1846,1,0,1,1,0,48,11,1
1846,2,1,2,1,0,49,12,1
1846,3,2,3,1,0,50,13,1
1846,4,3,3.928,0.928,0,51,14,1
1847,1,0,1,1,0,35,16,1
1847,2,1,2,1,0,36,17,1
1847,3,2,3,1,0,37,18,1
1847,4,3,4,1,0,38,19,1
1847,5,4,5,1,0,39,20,1
1847,6,5,5.515,0.515,1,40,21,1
1848,1,0,0.319,0.319,1,54,8,1
1849,1,0,1,1,0,46,8,1
1849,2,1,1.695,0.695,0,47,9,1
1850,1,0,1,1,0,37,15,1
1850,2,1,2,1,0,38,16,1
1850,3,2,3,1,0,39,17,1
1850,4,3,3.001,0.001,0,40,18,1
1851,1,0,1,1,2,23,8,1
1851,2,1,2,1,0,24,9,1
1851,3,2,2.062,0.062,0,25,10,1
1852,1,0,1,1,0,31,12,1
1852,2,1,2,1,0,32,13,1
1852,3,2,3,1,0,33,14,1
1852,4,3,4,1,0,34,15,1
1852,5,4,5,1,1,35,16,1
1852,6,5,6,1,0,36,17,1
1852,7,6,7,1,0,37,18,1
1852,8,7,8,1,0,38,19,1
1852,9,8,9,1,0,39,20,1
1852,10,9,9.764,0.764,0,40,21,1
1853,1,0,1,1,0,18,2,1
1853,2,1,1.315,0.315,0,19,3,1
1854,1,0,1,1,0,60,11,1
1854,2,1,2,1,0,61,12,1
1854,3,2,2.914,0.914,0,62,13,1
1855,1,0,0.976,0.976,0,50,5,1
1856,1,0,0.747,0.747,0,60,15,1
1857,1,0,1,1,0,43,15,1
1857,2,1,1.187,0.187,0,44,16,1
1858,1,0,1,1,0,18,11,1
1858,2,1,2,1,0,19,12,1
1858,3,2,3,1,0,20,13,1
1858,4,3,4,1,0,21,14,1
1858,5,4,4.486,0.486,0,22,15,1
1859,1,0,1,1,0,32,7,1
1859,2,1,2,1,0,33,8,1
1859,3,2,3,1,0,34,9,1
1859,4,3,4,1,0,35,10,1
1859,5,4,4.121,0.121,0,36,11,1
1860,1,0,1,1,0,70,10,1
1860,2,1,1.857,0.857,0,71,11,1
1861,1,0,1,1,0,25,5,1
1861,2,1,2,1,0,26,6,1
1861,3,2,3,1,0,27,7,1
1861,4,3,4,1,0,28,8,1
1861,5,4,5,1,0,29,9,1
1861,6,5,6,1,0,30,10,1
1861,7,6,7,1,0,31,11,1
1861,8,7,7.707,0.707,0,32,12,1
1862,1,0,1,1,0,35,7,1
1862,2,1,2,1,2,36,8,1
1862,3,2,3,1,0,37,9,1
1862,4,3,4,1,1,38,10,1
1862,5,4,4.014,0.014,0,39,11,1
1863,1,0,1,1,1,64,3,1
1863,2,1,2,1,0,65,4,1
1863,3,2,3,1,0,66,5,1
1863,4,3,4,1,0,67,6,1
1863,5,4,4.54,0.54,0,68,7,1
1864,1,0,1,1,0,41,1,1
1864,2,1,2,1,0,42,2,1
1864,3,2,2.203,0.203,0,43,3,1
1865,1,0,1,1,0,38,15,1
1865,2,1,2,1,0,39,16,1
1865,3,2,3,1,0,40,17,1
1865,4,3,4,1,0,41,18,1
1865,5,4,4.251,0.251,0,42,19,1
1866,1,0,1,1,1,33,12,1
1866,2,1,2,1,0,34,13,1
1866,3,2,2.432,0.432,0,35,14,1
1867,1,0,1,1,1,47,9,1
1867,2,1,2,1,0,48,10,1
1867,3,2,3,1,0,49,11,1
1867,4,3,4,1,0,50,12,1
1867,5,4,5,1,0,51,13,1
1867,6,5,6,1,0,52,14,1
1867,7,6,7,1,0,53,15,1
1867,8,7,8,1,0,54,16,1
1867,9,8,9,1,0,55,17,1
1867,10,9,9.53,0.53,0,56,18,1
1868,1,0,1,1,0,34,1,1
1868,2,1,2,1,0,35,2,1
1868,3,2,3,1,0,36,3,1
1868,4,3,4,1,0,37,4,1
1868,5,4,4.933,0.933,0,38,5,1
1869,1,0,1,1,1,48,12,1
1869,2,1,2,1,0,49,13,1
1869,3,2,3,1,0,50,14,1
1869,4,3,4,1,0,51,15,1
1869,5,4,5,1,0,52,16,1
1869,6,5,6,1,0,53,17,1
1869,7,6,7,1,0,54,18,1
1869,8,7,8,1,1,55,19,1
1869,9,8,8.828,0.828,0,56,20,1
1870,1,0,1,1,0,70,11,1
1870,2,1,2,1,0,71,12,1
1870,3,2,3,1,0,72,13,1
1870,4,3,4,1,0,73,14,1
1870,5,4,4.827,0.827,1,74,15,1
1871,1,0,1,1,0,32,16,1
1871,2,1,1.097,0.097,0,33,17,1
1872,1,0,1,1,0,40,5,1
1872,2,1,2,1,0,41,6,1
1872,3,2,3,1,1,42,7,1
1872,4,3,3.147,0.147,0,43,8,1
1873,1,0,1,1,0,56,9,1
1873,2,1,2,1,0,57,10,1
1873,3,2,3,1,0,58,11,1
1873,4,3,4,1,0,59,12,1
1873,5,4,4.347,0.347,0,60,13,1
1874,1,0,1,1,0,65,1,1
1874,2,1,1.285,0.285,0,66,2,1
1875,1,0,1,1,0,61,5,1
1875,2,1,2,1,0,62,6,1
1875,3,2,3,1,0,63,7,1
1875,4,3,3.513,0.513,0,64,8,1
1876,1,0,1,1,0,52,6,1
1876,2,1,2,1,0,53,7,1
1876,3,2,3,1,1,54,8,1
1876,4,3,4,1,0,55,9,1
1876,5,4,5,1,1,56,10,1
1876,6,5,6,1,0,57,11,1
1876,7,6,7,1,1,58,12,1
1876,8,7,7.877,0.877,2,59,13,1
1877,1,0,1,1,0,45,9,1
1877,2,1,2,1,0,46,10,1
1877,3,2,2.404,0.404,0,47,11,1
1878,1,0,1,1,1,35,10,1
1878,2,1,2,1,1,36,11,1
1878,3,2,3,1,0,37,12,1
1878,4,3,4,1,0,38,13,1
1878,5,4,5,1,1,39,14,1
1878,6,5,6,1,0,40,15,1
1878,7,6,6.513,0.513,0,41,16,1
1879,1,0,1,1,0,32,7,1
1879,2,1,2,1,0,33,8,1
1879,3,2,3,1,1,34,9,1
1879,4,3,3.639,0.639,0,35,10,1
1880,1,0,1,1,0,47,10,1
1880,2,1,2,1,0,48,11,1
1880,3,2,3,1,0,49,12,1
1880,4,3,3.403,0.403,0,50,13,1
1881,1,0,1,1,0,68,1,1
1881,2,1,2,1,0,69,2,1
1881,3,2,3,1,0,70,3,1
1881,4,3,4,1,0,71,4,1
1881,5,4,4.736,0.736,0,72,5,1
1882,1,0,1,1,0,48,3,1
1882,2,1,1.328,0.328,0,49,4,1
1883,1,0,1,1,0,48,13,1
1883,2,1,2,1,0,49,14,1
1883,3,2,3,1,0,50,15,1
1883,4,3,4,1,0,51,16,1
1883,5,4,5,1,1,52,17,1
1883,6,5,6,1,0,53,18,1
1883,7,6,6.265,0.265,0,54,19,1
1884,1,0,1,1,0,35,11,1
1884,2,1,2,1,0,36,12,1
1884,3,2,3,1,0,37,13,1
1884,4,3,4,1,0,38,14,1
1884,5,4,5,1,0,39,15,1
1884,6,5,5.521,0.521,0,40,16,1
1885,1,0,1,1,2,18,12,1
1885,2,1,1.882,0.882,2,19,13,1
1886,1,0,1,1,0,37,13,1
1886,2,1,1.734,0.734,0,38,14,1
1887,1,0,1,1,0,33,0,1
1887,2,1,2,1,0,34,1,1
1887,3,2,3,1,0,35,2,1
1887,4,3,4,1,0,36,3,1
1887,5,4,5,1,0,37,4,1
1887,6,5,6,1,0,38,5,1
1887,7,6,7,1,0,39,6,1
1887,8,7,8,1,0,40,7,1
1887,9,8,8.424,0.424,0,41,8,1
1888,1,0,1,1,0,40,12,1
1888,2,1,2,1,0,41,13,1
1888,3,2,3,1,0,42,14,1
1888,4,3,4,1,1,43,15,1
1888,5,4,4.464,0.464,0,44,16,1
1889,1,0,1,1,1,64,15,1
1889,2,1,2,1,0,65,16,1
1889,3,2,3,1,0,66,17,1
1889,4,3,4,1,0,67,18,1
1889,5,4,5,1,0,68,19,1
1889,6,5,6,1,0,69,20,1
1889,7,6,7,1,0,70,21,1
1889,8,7,8,1,0,71,22,1
1889,9,8,8.419,0.419,0,72,23,1
1890,1,0,1,1,0,24,14,1
1890,2,1,2,1,0,25,15,1
1890,3,2,3,1,0,26,16,1
1890,4,3,3.379,0.379,0,27,17,1
1891,1,0,1,1,0,69,6,1
1891,2,1,1.601,0.601,0,70,7,1
1892,1,0,1,1,0,63,3,1
1892,2,1,2,1,1,64,4,1
1892,3,2,2.808,0.808,0,65,5,1
1893,1,0,1,1,0,43,18,1
1893,2,1,2,1,0,44,19,1
1893,3,2,3,1,0,45,20,1
1893,4,3,3.113,0.113,0,46,21,1
1894,1,0,1,1,0,53,16,1
1894,2,1,1.875,0.875,0,54,17,1
1895,1,0,1,1,0,44,7,1
1895,2,1,2,1,0,45,8,1
1895,3,2,2.261,0.261,0,46,9,1
1896,1,0,1,1,0,49,14,1
1896,2,1,1.874,0.874,0,50,15,1
1897,1,0,0.57,0.57,0,38,9,1
1898,1,0,1,1,0,32,8,1
1898,2,1,1.656,0.656,0,33,9,1
1899,1,0,1,1,0,45,15,1
1899,2,1,2,1,0,46,16,1
1899,3,2,2.585,0.585,1,47,17,1
1900,1,0,1,1,0,29,5,1
1900,2,1,2,1,0,30,6,1
1900,3,2,3,1,0,31,7,1
1900,4,3,4,1,0,32,8,1
1900,5,4,5,1,0,33,9,1
1900,6,5,6,1,0,34,10,1
1900,7,6,6.617,0.617,0,35,11,1
1901,1,0,1,1,0,59,9,1
1901,2,1,2,1,0,60,10,1
1901,3,2,3,1,0,61,11,1
1901,4,3,4,1,0,62,12,1
1901,5,4,5,1,0,63,13,1
1901,6,5,6,1,0,64,14,1
1901,7,6,6.142,0.142,0,65,15,1
1902,1,0,1,1,0,35,5,1
1902,2,1,2,1,1,36,6,1
1902,3,2,3,1,0,37,7,1
1902,4,3,4,1,0,38,8,1
1902,5,4,4.748,0.748,0,39,9,1
1903,1,0,1,1,0,49,9,1
1903,2,1,2,1,0,50,10,1
1903,3,2,3,1,0,51,11,1
1903,4,3,4,1,0,52,12,1
1903,5,4,4.422,0.422,0,53,13,1
1904,1,0,1,1,0,47,17,1
1904,2,1,2,1,0,48,18,1
1904,3,2,3,1,0,49,19,1
1904,4,3,4,1,1,50,20,1
1904,5,4,5,1,0,51,21,1
1904,6,5,5.559,0.559,0,52,22,1
1905,1,0,0.837,0.837,0,43,2,1
1906,1,0,1,1,0,65,10,1
1906,2,1,2,1,0,66,11,1
1906,3,2,2.33,0.33,0,67,12,1
1907,1,0,1,1,0,42,15,1
1907,2,1,2,1,1,43,16,1
1907,3,2,3,1,0,44,17,1
1907,4,3,3.82,0.82,0,45,18,1
1908,1,0,1,1,0,39,7,1
1908,2,1,2,1,0,40,8,1
1908,3,2,3,1,0,41,9,1
1908,4,3,4,1,0,42,10,1
1908,5,4,4.887,0.887,0,43,11,1
1909,1,0,1,1,0,48,19,1
1909,2,1,2,1,0,49,20,1
1909,3,2,3,1,0,50,21,1
1909,4,3,3.037,0.037,0,51,22,1
1910,1,0,1,1,0,56,6,1
1910,2,1,1.825,0.825,0,57,7,1
1911,1,0,1,1,0,48,0,1
1911,2,1,2,1,0,49,1,1
1911,3,2,3,1,0,50,2,1
1911,4,3,4,1,0,51,3,1
1911,5,4,5,1,0,52,4,1
1911,6,5,6,1,0,53,5,1
1911,7,6,7,1,0,54,6,1
1911,8,7,8,1,0,55,7,1
1911,9,8,9,1,0,56,8,1
1911,10,9,9.658,0.658,0,57,9,1
1912,1,0,1,1,1,34,10,1
1912,2,1,2,1,0,35,11,1
1912,3,2,3,1,1,36,12,1
1912,4,3,4,1,1,37,13,1
1912,5,4,5,1,0,38,14,1
1912,6,5,6,1,0,39,15,1
1912,7,6,6.656,0.656,1,40,16,1
1913,1,0,1,1,0,31,7,1
1913,2,1,2,1,0,32,8,1
1913,3,2,3,1,0,33,9,1
1913,4,3,4,1,0,34,10,1
1913,5,4,5,1,0,35,11,1
1913,6,5,5.438,0.438,0,36,12,1
1914,1,0,1,1,0,21,5,1
1914,2,1,1.099,0.099,0,22,6,1
1915,1,0,1,1,0,64,8,1
1915,2,1,1.097,0.097,0,65,9,1
1916,1,0,1,1,0,43,6,1
1916,2,1,2,1,0,44,7,1
1916,3,2,2.052,0.052,0,45,8,1
1917,1,0,1,1,0,69,15,1
1917,2,1,2,1,0,70,16,1
1917,3,2,3,1,0,71,17,1
1917,4,3,4,1,0,72,18,1
1917,5,4,5,1,0,73,19,1
1917,6,5,6,1,0,74,20,1
1917,7,6,7,1,0,75,21,1
1917,8,7,8,1,0,76,22,1
1917,9,8,8.412,0.412,0,77,23,1
1918,1,0,1,1,0,73,5,1
1918,2,1,2,1,0,74,6,1
1918,3,2,3,1,0,75,7,1
1918,4,3,3.62,0.62,0,76,8,1
1919,1,0,0.853,0.853,0,39,12,1
1920,1,0,1,1,0,54,7,1
1920,2,1,1.312,0.312,0,55,8,1
1921,1,0,1,1,0,41,3,1
1921,2,1,2,1,1,42,4,1
1921,3,2,3,1,0,43,5,1
1921,4,3,4,1,0,44,6,1
1921,5,4,5,1,0,45,7,1
1921,6,5,6,1,1,46,8,1
1921,7,6,7,1,0,47,9,1
1921,8,7,7.618,0.618,0,48,10,1
1922,1,0,1,1,1,43,7,1
1922,2,1,1.527,0.527,0,44,8,1
1923,1,0,1,1,0,47,5,1
1923,2,1,2,1,0,48,6,1
1923,3,2,3,1,0,49,7,1
1923,4,3,4,1,0,50,8,1
1923,5,4,5,1,0,51,9,1
1923,6,5,6,1,0,52,10,1
1923,7,6,7,1,0,53,11,1
1923,8,7,7.112,0.112,0,54,12,1
1924,1,0,1,1,0,49,0,1
1924,2,1,1.175,0.175,0,50,1,1
1925,1,0,1,1,0,39,3,1
1925,2,1,2,1,0,40,4,1
1925,3,2,3,1,0,41,5,1
1925,4,3,4,1,0,42,6,1
1925,5,4,5,1,1,43,7,1
1925,6,5,6,1,0,44,8,1
1925,7,6,6.919,0.919,0,45,9,1
1926,1,0,1,1,0,34,9,1
1926,2,1,2,1,0,35,10,1
1926,3,2,3,1,0,36,11,1
1926,4,3,4,1,0,37,12,1
1926,5,4,5,1,0,38,13,1
1926,6,5,6,1,0,39,14,1
1926,7,6,6.039,0.039,0,40,15,1
1927,1,0,1,1,0,45,10,1
1927,2,1,2,1,1,46,11,1
1927,3,2,2.05,0.05,0,47,12,1
1928,1,0,1,1,0,45,8,1
1928,2,1,2,1,0,46,9,1
1928,3,2,3,1,0,47,10,1
1928,4,3,3.162,0.162,0,48,11,1
1929,1,0,1,1,0,21,0,1
1929,2,1,2,1,0,22,1,1
1929,3,2,3,1,0,23,2,1
1929,4,3,3.027,0.027,0,24,3,1
1930,1,0,1,1,0,33,5,1
1930,2,1,2,1,0,34,6,1
1930,3,2,3,1,0,35,7,1
1930,4,3,3.327,0.327,0,36,8,1
1931,1,0,1,1,1,71,11,1
1931,2,1,2,1,0,72,12,1
1931,3,2,3,1,0,73,13,1
1931,4,3,4,1,0,74,14,1
1931,5,4,5,1,0,75,15,1
1931,6,5,6,1,0,76,16,1
1931,7,6,7,1,0,77,17,1
1931,8,7,7.118,0.118,0,78,18,1
1932,1,0,1,1,0,28,16,1
1932,2,1,1.394,0.394,0,29,17,1
1933,1,0,1,1,0,70,7,1
1933,2,1,2,1,0,71,8,1
1933,3,2,3,1,0,72,9,1
1933,4,3,4,1,0,73,10,1
1933,5,4,5,1,1,74,11,1
1933,6,5,6,1,0,75,12,1
1933,7,6,7,1,0,76,13,1
1933,8,7,8,1,1,77,14,1
1933,9,8,8.715,0.715,0,78,15,1
1934,1,0,1,1,0,55,12,1
1934,2,1,2,1,0,56,13,1
1934,3,2,3,1,0,57,14,1
1934,4,3,4,1,0,58,15,1
1934,5,4,5,1,0,59,16,1
1934,6,5,6,1,0,60,17,1
1934,7,6,7,1,1,61,18,1
1934,8,7,8,1,0,62,19,1
1934,9,8,8.662,0.662,0,63,20,1
1935,1,0,1,1,0,34,13,1
1935,2,1,2,1,0,35,14,1
1935,3,2,3,1,0,36,15,1
1935,4,3,4,1,0,37,16,1
1935,5,4,4.463,0.463,0,38,17,1
1936,1,0,1,1,1,39,0,1
1936,2,1,2,1,1,40,1,1
1936,3,2,3,1,0,41,2,1
1936,4,3,4,1,0,42,3,1
1936,5,4,5,1,0,43,4,1
1936,6,5,6,1,0,44,5,1
1936,7,6,7,1,0,45,6,1
1936,8,7,7.711,0.711,0,46,7,1
1937,1,0,1,1,0,22,5,1
1937,2,1,1.385,0.385,0,23,6,1
1938,1,0,1,1,0,50,9,1
1938,2,1,2,1,0,51,10,1
1938,3,2,2.945,0.945,0,52,11,1
1939,1,0,1,1,0,40,5,1
1939,2,1,2,1,0,41,6,1
1939,3,2,3,1,0,42,7,1
1939,4,3,4,1,0,43,8,1
1939,5,4,4.485,0.485,0,44,9,1
1940,1,0,1,1,0,54,8,1
1940,2,1,2,1,0,55,9,1
1940,3,2,3,1,0,56,10,1
1940,4,3,3.729,0.729,0,57,11,1
1941,1,0,1,1,0,58,2,1
1941,2,1,2,1,0,59,3,1
1941,3,2,3,1,0,60,4,1
1941,4,3,4,1,0,61,5,1
1941,5,4,5,1,0,62,6,1
1941,6,5,6,1,0,63,7,1
1941,7,6,7,1,0,64,8,1
1941,8,7,8,1,0,65,9,1
1941,9,8,9,1,0,66,10,1
1941,10,9,9.854,0.854,0,67,11,1
1942,1,0,1,1,0,48,7,1
1942,2,1,2,1,0,49,8,1
1942,3,2,2.998,0.998,0,50,9,1
1943,1,0,1,1,0,48,9,1
1943,2,1,2,1,0,49,10,1
1943,3,2,3,1,0,50,11,1
1943,4,3,4,1,0,51,12,1
1943,5,4,5,1,0,52,13,1
1943,6,5,6,1,0,53,14,1
1943,7,6,7,1,0,54,15,1
1943,8,7,8,1,0,55,16,1
1943,9,8,8.19,0.19,0,56,17,1
1944,1,0,1,1,0,30,0,1
1944,2,1,2,1,0,31,1,1
1944,3,2,3,1,0,32,2,1
1944,4,3,4,1,0,33,3,1
1944,5,4,5,1,0,34,4,1
1944,6,5,6,1,0,35,5,1
1944,7,6,7,1,0,36,6,1
1944,8,7,7.12,0.12,0,37,7,1
1945,1,0,1,1,0,28,10,1
1945,2,1,2,1,0,29,11,1
1945,3,2,3,1,0,30,12,1
1945,4,3,4,1,1,31,13,1
1945,5,4,5,1,0,32,14,1
1945,6,5,6,1,0,33,15,1
1945,7,6,7,1,0,34,16,1
1945,8,7,7.775,0.775,0,35,17,1
1946,1,0,1,1,0,22,5,1
1946,2,1,1.363,0.363,0,23,6,1
1947,1,0,1,1,0,41,7,1
1947,2,1,2,1,0,42,8,1
1947,3,2,3,1,0,43,9,1
1947,4,3,4,1,0,44,10,1
1947,5,4,4.335,0.335,0,45,11,1
1948,1,0,1,1,1,22,13,1
1948,2,1,2,1,1,23,14,1
1948,3,2,3,1,0,24,15,1
1948,4,3,4,1,0,25,16,1
1948,5,4,4.452,0.452,0,26,17,1
1949,1,0,0.817,0.817,0,56,11,1
1950,1,0,1,1,0,32,16,1
1950,2,1,1.031,0.031,0,33,17,1
1951,1,0,1,1,0,46,11,1
1951,2,1,2,1,0,47,12,1
1951,3,2,3,1,0,48,13,1
1951,4,3,3.874,0.874,0,49,14,1
1952,1,0,1,1,2,23,6,1
1952,2,1,2,1,1,24,7,1
1952,3,2,3,1,1,25,8,1
1952,4,3,4,1,1,26,9,1
1952,5,4,4.14,0.14,0,27,10,1
1953,1,0,1,1,0,25,11,1
1953,2,1,2,1,0,26,12,1
1953,3,2,3,1,0,27,13,1
1953,4,3,4,1,0,28,14,1
1953,5,4,5,1,0,29,15,1
1953,6,5,6,1,0,30,16,1
1953,7,6,7,1,1,31,17,1
1953,8,7,7.013,0.013,0,32,18,1
1954,1,0,1,1,0,59,11,1
1954,2,1,1.159,0.159,0,60,12,1
1955,1,0,1,1,0,72,7,1
1955,2,1,2,1,0,73,8,1
1955,3,2,3,1,0,74,9,1
1955,4,3,4,1,0,75,10,1
1955,5,4,4.388,0.388,0,76,11,1
1956,1,0,1,1,0,52,0,1
1956,2,1,2,1,0,53,1,1
1956,3,2,3,1,0,54,2,1
1956,4,3,4,1,0,55,3,1
1956,5,4,4.459,0.459,0,56,4,1
1957,1,0,1,1,0,59,0,1
1957,2,1,2,1,0,60,1,1
1957,3,2,2.354,0.354,0,61,2,1
1958,1,0,1,1,0,26,3,1
1958,2,1,2,1,0,27,4,1
1958,3,2,3,1,0,28,5,1
1958,4,3,4,1,0,29,6,1
1958,5,4,5,1,0,30,7,1
1958,6,5,6,1,0,31,8,1
1958,7,6,7,1,0,32,9,1
1958,8,7,8,1,0,33,10,1
1958,9,8,9,1,0,34,11,1
1958,10,9,9.644,0.644,0,35,12,1
1959,1,0,0.863,0.863,0,55,10,1
1960,1,0,1,1,1,47,5,1
1960,2,1,2,1,0,48,6,1
1960,3,2,3,1,0,49,7,1
1960,4,3,4,1,0,50,8,1
1960,5,4,5,1,1,51,9,1
1960,6,5,6,1,1,52,10,1
1960,7,6,7,1,0,53,11,1
1960,8,7,7.332,0.332,0,54,12,1
1961,1,0,1,1,0,28,6,1
1961,2,1,2,1,0,29,7,1
1961,3,2,2.754,0.754,0,30,8,1
1962,1,0,1,1,0,39,10,1
1962,2,1,2,1,0,40,11,1
1962,3,2,3,1,0,41,12,1
1962,4,3,4,1,0,42,13,1
1962,5,4,5,1,0,43,14,1
1962,6,5,6,1,1,44,15,1
1962,7,6,7,1,0,45,16,1
1962,8,7,8,1,0,46,17,1
1962,9,8,8.463,0.463,0,47,18,1
1963,1,0,1,1,0,40,5,1
1963,2,1,1.829,0.829,0,41,6,1
1964,1,0,1,1,0,36,6,1
1964,2,1,2,1,0,37,7,1
1964,3,2,3,1,0,38,8,1
1964,4,3,3.946,0.946,0,39,9,1
1965,1,0,0.743,0.743,0,32,3,1
1966,1,0,1,1,0,49,8,1
1966,2,1,2,1,0,50,9,1
1966,3,2,3,1,0,51,10,1
1966,4,3,4,1,0,52,11,1
1966,5,4,5,1,0,53,12,1
1966,6,5,5.751,0.751,0,54,13,1
1967,1,0,1,1,0,33,15,1
1967,2,1,2,1,0,34,16,1
1967,3,2,3,1,0,35,17,1
1967,4,3,4,1,0,36,18,1
1967,5,4,5,1,0,37,19,1
1967,6,5,5.098,0.098,0,38,20,1
1968,1,0,1,1,0,59,13,1
1968,2,1,1.185,0.185,0,60,14,1
1969,1,0,1,1,0,25,9,1
1969,2,1,1.738,0.738,0,26,10,1
1970,1,0,1,1,0,46,14,1
1970,2,1,2,1,0,47,15,1
1970,3,2,3,1,0,48,16,1
1970,4,3,4,1,0,49,17,1
1970,5,4,5,1,0,50,18,1
1970,6,5,6,1,0,51,19,1
1970,7,6,6.04,0.04,0,52,20,1
1971,1,0,1,1,0,27,5,1
1971,2,1,2,1,0,28,6,1
1971,3,2,3,1,0,29,7,1
1971,4,3,4,1,0,30,8,1
1971,5,4,5,1,0,31,9,1
1971,6,5,6,1,0,32,10,1
1971,7,6,7,1,0,33,11,1
1971,8,7,8,1,0,34,12,1
1971,9,8,8.778,0.778,0,35,13,1
1972,1,0,1,1,1,59,18,1
1972,2,1,2,1,0,60,19,1
1972,3,2,3,1,0,61,20,1
1972,4,3,4,1,0,62,21,1
1972,5,4,5,1,1,63,22,1
1972,6,5,5.444,0.444,0,64,23,1
1973,1,0,1,1,0,52,14,1
1973,2,1,1.593,0.593,0,53,15,1
1974,1,0,1,1,0,50,0,1
1974,2,1,2,1,0,51,1,1
1974,3,2,3,1,0,52,2,1
1974,4,3,4,1,0,53,3,1
1974,5,4,4.119,0.119,0,54,4,1
1975,1,0,0.109,0.109,0,18,14,1
1976,1,0,1,1,0,42,8,1
1976,2,1,2,1,0,43,9,1
1976,3,2,2.235,0.235,0,44,10,1
1977,1,0,1,1,0,42,4,1
1977,2,1,2,1,0,43,5,1
1977,3,2,3,1,0,44,6,1
1977,4,3,4,1,0,45,7,1
1977,5,4,4.642,0.642,0,46,8,1
1978,1,0,1,1,0,62,8,1
1978,2,1,2,1,0,63,9,1
1978,3,2,3,1,0,64,10,1
1978,4,3,4,1,0,65,11,1
1978,5,4,5,1,0,66,12,1
1978,6,5,6,1,0,67,13,1
1978,7,6,7,1,0,68,14,1
1978,8,7,8,1,0,69,15,1
1978,9,8,8.099,0.099,0,70,16,1
1979,1,0,1,1,1,54,10,1
1979,2,1,2,1,0,55,11,1
1979,3,2,3,1,0,56,12,1
1979,4,3,4,1,0,57,13,1
1979,5,4,4.653,0.653,0,58,14,1
1980,1,0,1,1,0,35,2,1
1980,2,1,1.441,0.441,0,36,3,1
1981,1,0,1,1,0,31,15,1
1981,2,1,2,1,0,32,16,1
1981,3,2,3,1,0,33,17,1
1981,4,3,4,1,1,34,18,1
1981,5,4,5,1,1,35,19,1
1981,6,5,5.132,0.132,0,36,20,1
1982,1,0,1,1,0,58,9,1
1982,2,1,2,1,0,59,10,1
1982,3,2,3,1,0,60,11,1
1982,4,3,3.747,0.747,0,61,12,1
1983,1,0,1,1,0,46,7,1
1983,2,1,2,1,0,47,8,1
1983,3,2,3,1,0,48,9,1
1983,4,3,4,1,0,49,10,1
1983,5,4,5,1,0,50,11,1
1983,6,5,5.353,0.353,0,51,12,1
1984,1,0,1,1,0,59,2,1
1984,2,1,2,1,0,60,3,1
1984,3,2,3,1,0,61,4,1
1984,4,3,4,1,0,62,5,1
1984,5,4,5,1,0,63,6,1
1984,6,5,6,1,0,64,7,1
1984,7,6,7,1,0,65,8,1
1984,8,7,8,1,0,66,9,1
1984,9,8,8.699,0.699,0,67,10,1
1985,1,0,1,1,0,43,4,1
1985,2,1,2,1,0,44,5,1
1985,3,2,3,1,1,45,6,1
1985,4,3,3.98,0.98,1,46,7,1
1986,1,0,1,1,0,67,11,1
1986,2,1,2,1,0,68,12,1
1986,3,2,3,1,0,69,13,1
1986,4,3,4,1,0,70,14,1
1986,5,4,4.583,0.583,0,71,15,1
1987,1,0,1,1,0,44,6,1
1987,2,1,2,1,1,45,7,1
1987,3,2,3,1,0,46,8,1
1987,4,3,4,1,1,47,9,1
1987,5,4,5,1,1,48,10,1
1987,6,5,6,1,0,49,11,1
1987,7,6,7,1,1,50,12,1
1987,8,7,8,1,0,51,13,1
1987,9,8,9,1,0,52,14,1
1987,10,9,9.448,0.448,0,53,15,1
1988,1,0,1,1,2,46,9,1
1988,2,1,2,1,0,47,10,1
1988,3,2,3,1,0,48,11,1
1988,4,3,4,1,2,49,12,1
1988,5,4,5,1,1,50,13,1
1988,6,5,6,1,1,51,14,1
1988,7,6,6.662,0.662,2,52,15,1
1989,1,0,1,1,0,61,9,1
1989,2,1,2,1,0,62,10,1
1989,3,2,3,1,0,63,11,1
1989,4,3,4,1,1,64,12,1
1989,5,4,5,1,0,65,13,1
1989,6,5,6,1,0,66,14,1
1989,7,6,7,1,0,67,15,1
1989,8,7,8,1,0,68,16,1
1989,9,8,8.557,0.557,0,69,17,1
1990,1,0,1,1,0,24,11,1
1990,2,1,2,1,0,25,12,1
1990,3,2,3,1,0,26,13,1
1990,4,3,4,1,0,27,14,1
1990,5,4,5,1,0,28,15,1
1990,6,5,6,1,0,29,16,1
1990,7,6,7,1,0,30,17,1
1990,8,7,8,1,0,31,18,1
1990,9,8,8.054,0.054,0,32,19,1
1991,1,0,1,1,0,61,4,1
1991,2,1,2,1,0,62,5,1
1991,3,2,3,1,0,63,6,1
1991,4,3,4,1,0,64,7,1
1991,5,4,5,1,0,65,8,1
1991,6,5,6,1,0,66,9,1
1991,7,6,6.631,0.631,0,67,10,1
1992,1,0,1,1,1,36,8,1
1992,2,1,2,1,0,37,9,1
1992,3,2,2.216,0.216,0,38,10,1
1993,1,0,1,1,0,43,10,1
1993,2,1,2,1,0,44,11,1
1993,3,2,3,1,0,45,12,1
1993,4,3,3.625,0.625,0,46,13,1
1994,1,0,1,1,0,50,10,1
1994,2,1,2,1,0,51,11,1
1994,3,2,2.56,0.56,0,52,12,1
1995,1,0,1,1,0,18,0,1
1995,2,1,2,1,0,19,1,1
1995,3,2,3,1,1,20,2,1
1995,4,3,4,1,1,21,3,1
1995,5,4,4.121,0.121,0,22,4,1
1996,1,0,1,1,0,18,9,1
1996,2,1,2,1,0,19,10,1
1996,3,2,3,1,0,20,11,1
1996,4,3,4,1,0,21,12,1
1996,5,4,5,1,0,22,13,1
1996,6,5,5.772,0.772,0,23,14,1
1997,1,0,1,1,0,56,7,1
1997,2,1,2,1,0,57,8,1
1997,3,2,2.606,0.606,0,58,9,1
1998,1,0,1,1,0,40,14,1
1998,2,1,2,1,0,41,15,1
1998,3,2,3,1,0,42,16,1
1998,4,3,4,1,0,43,17,1
1998,5,4,5,1,0,44,18,1
1998,6,5,6,1,0,45,19,1
1998,7,6,7,1,0,46,20,1
1998,8,7,8,1,0,47,21,1
1998,9,8,8.42,0.42,0,48,22,1
1999,1,0,1,1,0,59,4,1
1999,2,1,2,1,0,60,5,1
1999,3,2,2.235,0.235,0,61,6,1
2000,1,0,0.566,0.566,0,45,7,1
2001,1,0,1,1,0,35,1,1
2001,2,1,2,1,0,36,2,1
2001,3,2,2.941,0.941,1,37,3,1
2002,1,0,1,1,0,60,8,1
2002,2,1,2,1,1,61,9,1
2002,3,2,3,1,0,62,10,1
2002,4,3,4,1,0,63,11,1
2002,5,4,5,1,0,64,12,1
2002,6,5,6,1,0,65,13,1
2002,7,6,6.365,0.365,0,66,14,1
2003,1,0,1,1,0,56,7,1
2003,2,1,2,1,0,57,8,1
2003,3,2,2.889,0.889,2,58,9,1
2004,1,0,1,1,0,65,19,1
2004,2,1,2,1,0,66,20,1
2004,3,2,3,1,0,67,21,1
2004,4,3,4,1,0,68,22,1
2004,5,4,4.798,0.798,0,69,23,1
2005,1,0,1,1,0,54,15,1
2005,2,1,2,1,0,55,16,1
2005,3,2,2.31,0.31,0,56,17,1
2006,1,0,1,1,0,54,4,1
2006,2,1,2,1,0,55,5,1
2006,3,2,3,1,0,56,6,1
2006,4,3,4,1,0,57,7,1
2006,5,4,5,1,0,58,8,1
2006,6,5,6,1,0,59,9,1
2006,7,6,7,1,0,60,10,1
2006,8,7,8,1,0,61,11,1
2006,9,8,8.795,0.795,0,62,12,1
2007,1,0,1,1,0,43,3,1
2007,2,1,2,1,0,44,4,1
2007,3,2,3,1,0,45,5,1
2007,4,3,4,1,0,46,6,1
2007,5,4,4.704,0.704,2,47,7,1
2008,1,0,1,1,0,52,0,1
2008,2,1,2,1,0,53,1,1
2008,3,2,3,1,0,54,2,1
2008,4,3,3.636,0.636,0,55,3,1
2009,1,0,1,1,0,29,3,1
2009,2,1,2,1,0,30,4,1
2009,3,2,3,1,0,31,5,1
2009,4,3,4,1,0,32,6,1
2009,5,4,5,1,0,33,7,1
2009,6,5,5.029,0.029,0,34,8,1
2010,1,0,1,1,1,49,8,1
2010,2,1,1.465,0.465,0,50,9,1
2011,1,0,1,1,0,41,15,1
2011,2,1,2,1,1,42,16,1
2011,3,2,3,1,0,43,17,1
2011,4,3,4,1,0,44,18,1
2011,5,4,5,1,0,45,19,1
2011,6,5,6,1,0,46,20,1
2011,7,6,7,1,0,47,21,1
2011,8,7,7.09,0.09,0,48,22,1
2012,1,0,1,1,0,50,4,1
2012,2,1,2,1,0,51,5,1
2012,3,2,3,1,0,52,6,1
2012,4,3,4,1,0,53,7,1
2012,5,4,4.026,0.026,0,54,8,1
2013,1,0,1,1,0,55,15,1
2013,2,1,1.775,0.775,0,56,16,1
2014,1,0,1,1,0,71,0,1
2014,2,1,1.997,0.997,0,72,1,1
2015,1,0,1,1,0,27,12,1
2015,2,1,2,1,1,28,13,1
2015,3,2,2.084,0.084,0,29,14,1
2016,1,0,1,1,0,41,8,1
2016,2,1,2,1,0,42,9,1
2016,3,2,3,1,0,43,10,1
2016,4,3,4,1,0,44,11,1
2016,5,4,4.877,0.877,0,45,12,1
2017,1,0,1,1,0,30,5,1
2017,2,1,2,1,0,31,6,1
2017,3,2,2.831,0.831,0,32,7,1
2018,1,0,1,1,0,61,11,1
2018,2,1,2,1,1,62,12,1
2018,3,2,2.728,0.728,0,63,13,1
2019,1,0,1,1,0,57,12,1
2019,2,1,2,1,0,58,13,1
2019,3,2,2.933,0.933,0,59,14,1
2020,1,0,1,1,0,66,5,1
2020,2,1,1.201,0.201,0,67,6,1
2021,1,0,1,1,0,62,1,1
2021,2,1,2,1,0,63,2,1
2021,3,2,2.264,0.264,0,64,3,1
2022,1,0,1,1,0,59,2,1
2022,2,1,2,1,0,60,3,1
2022,3,2,3,1,0,61,4,1
2022,4,3,3.037,0.037,0,62,5,1
2023,1,0,1,1,0,71,0,1
2023,2,1,2,1,0,72,1,1
2023,3,2,3,1,0,73,2,1
2023,4,3,4,1,0,74,3,1
2023,5,4,5,1,0,75,4,1
2023,6,5,6,1,0,76,5,1
2023,7,6,6.612,0.612,0,77,6,1
2024,1,0,1,1,0,40,10,1
2024,2,1,2,1,0,41,11,1
2024,3,2,3,1,0,42,12,1
2024,4,3,4,1,0,43,13,1
2024,5,4,5,1,0,44,14,1
2024,6,5,6,1,0,45,15,1
2024,7,6,7,1,0,46,16,1
2024,8,7,7.445,0.445,0,47,17,1
2025,1,0,1,1,0,21,12,1
2025,2,1,1.8,0.8,2,22,13,1
2026,1,0,1,1,0,28,10,1
2026,2,1,2,1,0,29,11,1
2026,3,2,2.895,0.895,0,30,12,1
2027,1,0,1,1,0,18,14,1
2027,2,1,2,1,0,19,15,1
2027,3,2,3,1,0,20,16,1
2027,4,3,3.367,0.367,0,21,17,1
2028,1,0,1,1,0,50,8,1
2028,2,1,1.719,0.719,0,51,9,1
2029,1,0,1,1,0,39,0,1
2029,2,1,2,1,0,40,1,1
2029,3,2,3,1,0,41,2,1
2029,4,3,4,1,0,42,3,1
2029,5,4,4.611,0.611,0,43,4,1
2030,1,0,1,1,0,79,12,1
2030,2,1,2,1,0,80,13,1
2030,3,2,3,1,0,81,14,1
2030,4,3,4,1,0,82,15,1
2030,5,4,5,1,0,83,16,1
2030,6,5,5.034,0.034,0,84,17,1
2031,1,0,1,1,0,35,10,1
2031,2,1,2,1,0,36,11,1
2031,3,2,3,1,0,37,12,1
2031,4,3,3.904,0.904,0,38,13,1
2032,1,0,1,1,0,47,11,1
2032,2,1,2,1,0,48,12,1
2032,3,2,3,1,0,49,13,1
2032,4,3,4,1,0,50,14,1
2032,5,4,4.313,0.313,0,51,15,1
2033,1,0,1,1,1,27,8,1
2033,2,1,2,1,0,28,9,1
2033,3,2,3,1,0,29,10,1
2033,4,3,4,1,0,30,11,1
2033,5,4,4.224,0.224,0,31,12,1
2034,1,0,1,1,0,44,6,1
2034,2,1,2,1,0,45,7,1
2034,3,2,2.815,0.815,0,46,8,1
2035,1,0,0.336,0.336,0,22,0,1
2036,1,0,1,1,0,21,9,1
2036,2,1,2,1,1,22,10,1
2036,3,2,3,1,0,23,11,1
2036,4,3,4,1,0,24,12,1
2036,5,4,5,1,0,25,13,1
2036,6,5,6,1,1,26,14,1
2036,7,6,7,1,0,27,15,1
2036,8,7,7.791,0.791,0,28,16,1
2037,1,0,1,1,0,27,3,1
2037,2,1,1.05,0.05,0,28,4,1
2038,1,0,1,1,0,21,10,1
2038,2,1,2,1,0,22,11,1
2038,3,2,3,1,0,23,12,1
2038,4,3,3.82,0.82,1,24,13,1
2039,1,0,1,1,0,38,17,1
2039,2,1,2,1,0,39,18,1
2039,3,2,2.828,0.828,0,40,19,1
2040,1,0,1,1,0,51,12,1
2040,2,1,2,1,0,52,13,1
2040,3,2,3,1,0,53,14,1
2040,4,3,3.022,0.022,0,54,15,1
2041,1,0,1,1,0,26,9,1
2041,2,1,2,1,0,27,10,1
2041,3,2,3,1,0,28,11,1
2041,4,3,3.079,0.079,0,29,12,1
2042,1,0,1,1,1,22,4,1
2042,2,1,2,1,0,23,5,1
2042,3,2,3,1,0,24,6,1
2042,4,3,4,1,0,25,7,1
2042,5,4,5,1,0,26,8,1
2042,6,5,6,1,0,27,9,1
2042,7,6,7,1,0,28,10,1
2042,8,7,7.348,0.348,0,29,11,1
2043,1,0,1,1,0,71,0,1
2043,2,1,2,1,0,72,1,1
2043,3,2,3,1,0,73,2,1
2043,4,3,3.733,0.733,0,74,3,1
2044,1,0,1,1,1,34,8,1
2044,2,1,2,1,0,35,9,1
2044,3,2,2.26,0.26,0,36,10,1
2045,1,0,1,1,0,38,11,1
2045,2,1,2,1,0,39,12,1
2045,3,2,2.814,0.814,0,40,13,1
2046,1,0,1,1,0,43,15,1
2046,2,1,1.248,0.248,0,44,16,1
2047,1,0,1,1,0,44,13,1
2047,2,1,2,1,0,45,14,1
2047,3,2,2.807,0.807,0,46,15,1
2048,1,0,1,1,0,75,16,1
2048,2,1,2,1,0,76,17,1
2048,3,2,3,1,0,77,18,1
2048,4,3,4,1,0,78,19,1
2048,5,4,5,1,0,79,20,1
2048,6,5,5.379,0.379,0,80,21,1
2049,1,0,1,1,0,44,7,1
2049,2,1,2,1,0,45,8,1
2049,3,2,3,1,0,46,9,1
2049,4,3,4,1,0,47,10,1
2049,5,4,4.56,0.56,0,48,11,1
2050,1,0,1,1,0,62,1,1
2050,2,1,2,1,0,63,2,1
2050,3,2,3,1,0,64,3,1
2050,4,3,4,1,0,65,4,1
2050,5,4,4.136,0.136,0,66,5,1
2051,1,0,1,1,1,54,7,1
2051,2,1,2,1,2,55,8,1
2051,3,2,2.405,0.405,2,56,9,1
2052,1,0,1,1,0,33,10,1
2052,2,1,2,1,0,34,11,1
2052,3,2,3,1,0,35,12,1
2052,4,3,4,1,0,36,13,1
2052,5,4,4.104,0.104,0,37,14,1
2053,1,0,1,1,0,53,3,1
2053,2,1,2,1,0,54,4,1
2053,3,2,3,1,0,55,5,1
2053,4,3,3.664,0.664,1,56,6,1
2054,1,0,1,1,0,30,8,1
2054,2,1,2,1,0,31,9,1
2054,3,2,2.306,0.306,0,32,10,1
2055,1,0,1,1,0,36,13,1
2055,2,1,2,1,0,37,14,1
2055,3,2,2.478,0.478,0,38,15,1
2056,1,0,1,1,0,40,13,1
2056,2,1,2,1,0,41,14,1
2056,3,2,3,1,0,42,15,1
2056,4,3,4,1,0,43,16,1
2056,5,4,4.597,0.597,0,44,17,1
2057,1,0,0.258,0.258,0,41,1,1
2058,1,0,1,1,0,47,7,1
2058,2,1,2,1,0,48,8,1
2058,3,2,3,1,0,49,9,1
2058,4,3,4,1,0,50,10,1
2058,5,4,4.507,0.507,0,51,11,1
2059,1,0,0.778,0.778,0,46,7,1
2060,1,0,1,1,0,53,6,1
2060,2,1,1.914,0.914,0,54,7,1
2061,1,0,1,1,0,52,11,1
2061,2,1,2,1,0,53,12,1
2061,3,2,3,1,0,54,13,1
2061,4,3,4,1,0,55,14,1
2061,5,4,5,1,0,56,15,1
2061,6,5,6,1,0,57,16,1
2061,7,6,7,1,0,58,17,1
2061,8,7,8,1,0,59,18,1
2061,9,8,9,1,0,60,19,1
2061,10,9,9.019,0.019,0,61,20,1
2062,1,0,1,1,0,39,15,1
2062,2,1,2,1,0,40,16,1
2062,3,2,3,1,0,41,17,1
2062,4,3,4,1,0,42,18,1
2062,5,4,4.853,0.853,0,43,19,1
2063,1,0,1,1,0,55,11,1
2063,2,1,2,1,0,56,12,1
2063,3,2,2.634,0.634,0,57,13,1
2064,1,0,1,1,1,41,9,1
2064,2,1,1.947,0.947,0,42,10,1
2065,1,0,1,1,0,56,15,1
2065,2,1,2,1,0,57,16,1
2065,3,2,3,1,0,58,17,1
2065,4,3,4,1,0,59,18,1
2065,5,4,5,1,0,60,19,1
2065,6,5,6,1,0,61,20,1
2065,7,6,7,1,1,62,21,1
2065,8,7,8,1,0,63,22,1
2065,9,8,9,1,1,64,23,1
2065,10,9,9.696,0.696,0,65,24,1
2066,1,0,1,1,0,39,22,1
2066,2,1,2,1,0,40,23,1
2066,3,2,3,1,0,41,24,1
2066,4,3,3.829,0.829,0,42,25,1
2067,1,0,1,1,0,59,4,1
2067,2,1,2,1,0,60,5,1
2067,3,2,3,1,0,61,6,1
2067,4,3,4,1,0,62,7,1
2067,5,4,5,1,0,63,8,1
2067,6,5,6,1,0,64,9,1
2067,7,6,7,1,0,65,10,1
2067,8,7,8,1,0,66,11,1
2067,9,8,9,1,0,67,12,1
2067,10,9,9.843,0.843,0,68,13,1
2068,1,0,1,1,0,45,5,1
2068,2,1,2,1,0,46,6,1
2068,3,2,2.485,0.485,0,47,7,1
2069,1,0,1,1,0,83,19,1
2069,2,1,2,1,0,84,20,1
2069,3,2,2.764,0.764,0,85,21,1
2070,1,0,1,1,0,57,5,1
2070,2,1,2,1,4,58,6,1
2070,3,2,3,1,0,59,7,1
2070,4,3,4,1,1,60,8,1
2070,5,4,5,1,1,61,9,1
2070,6,5,6,1,1,62,10,1
2070,7,6,7,1,2,63,11,1
2070,8,7,7.719,0.719,1,64,12,1
2071,1,0,1,1,0,32,11,1
2071,2,1,2,1,1,33,12,1
2071,3,2,3,1,0,34,13,1
2071,4,3,4,1,0,35,14,1
2071,5,4,5,1,0,36,15,1
2071,6,5,5.519,0.519,0,37,16,1
2072,1,0,1,1,0,41,0,1
2072,2,1,2,1,0,42,1,1
2072,3,2,2.449,0.449,0,43,2,1
2073,1,0,1,1,0,35,1,1
2073,2,1,2,1,0,36,2,1
2073,3,2,3,1,0,37,3,1
2073,4,3,3.186,0.186,0,38,4,1
2074,1,0,1,1,0,50,5,1
2074,2,1,2,1,0,51,6,1
2074,3,2,3,1,0,52,7,1
2074,4,3,3.827,0.827,0,53,8,1
2075,1,0,1,1,0,36,13,1
2075,2,1,2,1,0,37,14,1
2075,3,2,3,1,0,38,15,1
2075,4,3,4,1,0,39,16,1
2075,5,4,5,1,0,40,17,1
2075,6,5,6,1,0,41,18,1
2075,7,6,6.72,0.72,0,42,19,1
2076,1,0,1,1,0,50,9,1
2076,2,1,2,1,0,51,10,1
2076,3,2,3,1,0,52,11,1
2076,4,3,4,1,0,53,12,1
2076,5,4,5,1,0,54,13,1
2076,6,5,6,1,0,55,14,1
2076,7,6,6.394,0.394,0,56,15,1
2077,1,0,1,1,0,44,10,1
2077,2,1,2,1,0,45,11,1
2077,3,2,3,1,0,46,12,1
2077,4,3,3.124,0.124,0,47,13,1
2078,1,0,1,1,0,82,10,1
2078,2,1,2,1,0,83,11,1
2078,3,2,3,1,0,84,12,1
2078,4,3,4,1,0,85,13,1
2078,5,4,5,1,1,86,14,1
2078,6,5,6,1,1,87,15,1
2078,7,6,6.732,0.732,0,88,16,1
2079,1,0,1,1,0,63,13,1
2079,2,1,1.652,0.652,0,64,14,1
2080,1,0,1,1,0,48,4,1
2080,2,1,2,1,0,49,5,1
2080,3,2,3,1,1,50,6,1
2080,4,3,4,1,1,51,7,1
2080,5,4,5,1,1,52,8,1
2080,6,5,6,1,0,53,9,1
2080,7,6,7,1,0,54,10,1
2080,8,7,7.492,0.492,0,55,11,1
2081,1,0,1,1,0,23,0,1
2081,2,1,2,1,0,24,1,1
2081,3,2,2.293,0.293,0,25,2,1
2082,1,0,1,1,1,33,12,1
2082,2,1,2,1,0,34,13,1
2082,3,2,3,1,0,35,14,1
2082,4,3,4,1,0,36,15,1
2082,5,4,5,1,0,37,16,1
2082,6,5,6,1,1,38,17,1
2082,7,6,7,1,0,39,18,1
2082,8,7,8,1,0,40,19,1
2082,9,8,9,1,0,41,20,1
2082,10,9,9.254,0.254,0,42,21,1
2083,1,0,1,1,0,39,0,1
2083,2,1,2,1,0,40,1,1
2083,3,2,2.93,0.93,0,41,2,1
2084,1,0,1,1,0,26,5,1
2084,2,1,2,1,0,27,6,1
2084,3,2,2.153,0.153,0,28,7,1
2085,1,0,1,1,0,48,14,1
2085,2,1,1.565,0.565,0,49,15,1
2086,1,0,1,1,0,66,5,1
2086,2,1,2,1,0,67,6,1
2086,3,2,2.912,0.912,0,68,7,1
2087,1,0,1,1,0,56,1,1
2087,2,1,2,1,0,57,2,1
2087,3,2,3,1,0,58,3,1
2087,4,3,4,1,0,59,4,1
2087,5,4,5,1,0,60,5,1
2087,6,5,5.037,0.037,0,61,6,1
2088,1,0,1,1,0,53,2,1
2088,2,1,2,1,0,54,3,1
2088,3,2,2.131,0.131,0,55,4,1
2089,1,0,0.445,0.445,2,35,8,1
2090,1,0,1,1,0,37,0,1
2090,2,1,2,1,0,38,1,1
2090,3,2,3,1,0,39,2,1
2090,4,3,4,1,0,40,3,1
2090,5,4,5,1,0,41,4,1
2090,6,5,6,1,0,42,5,1
2090,7,6,6.081,0.081,0,43,6,1
2091,1,0,1,1,0,60,13,1
2091,2,1,1.077,0.077,0,61,14,1
2092,1,0,1,1,0,43,12,1
2092,2,1,2,1,0,44,13,1
2092,3,2,3,1,0,45,14,1
2092,4,3,4,1,0,46,15,1
2092,5,4,5,1,0,47,16,1
2092,6,5,6,1,0,48,17,1
2092,7,6,7,1,0,49,18,1
2092,8,7,8,1,0,50,19,1
2092,9,8,9,1,0,51,20,1
2092,10,9,9.015,0.015,0,52,21,1
2093,1,0,1,1,0,52,8,1
2093,2,1,2,1,0,53,9,1
2093,3,2,3,1,0,54,10,1
2093,4,3,4,1,0,55,11,1
2093,5,4,4.981,0.981,1,56,12,1
2094,1,0,1,1,0,44,6,1
2094,2,1,2,1,0,45,7,1
2094,3,2,2.953,0.953,1,46,8,1
2095,1,0,1,1,0,44,8,1
2095,2,1,2,1,0,45,9,1
2095,3,2,3,1,0,46,10,1
2095,4,3,3.528,0.528,0,47,11,1
2096,1,0,1,1,0,42,5,1
2096,2,1,2,1,0,43,6,1
2096,3,2,3,1,0,44,7,1
2096,4,3,3.213,0.213,0,45,8,1
2097,1,0,1,1,0,52,16,1
2097,2,1,2,1,1,53,17,1
2097,3,2,3,1,1,54,18,1
2097,4,3,4,1,0,55,19,1
2097,5,4,5,1,1,56,20,1
2097,6,5,5.77,0.77,0,57,21,1
2098,1,0,1,1,0,46,10,1
2098,2,1,2,1,0,47,11,1
2098,3,2,3,1,0,48,12,1
2098,4,3,3.693,0.693,0,49,13,1
2099,1,0,1,1,0,38,1,1
2099,2,1,2,1,0,39,2,1
2099,3,2,3,1,0,40,3,1
2099,4,3,3.911,0.911,0,41,4,1
2100,1,0,1,1,0,30,11,1
2100,2,1,2,1,0,31,12,1
2100,3,2,3,1,0,32,13,1
2100,4,3,4,1,0,33,14,1
2100,5,4,5,1,0,34,15,1
2100,6,5,5.293,0.293,0,35,16,1
2101,1,0,1,1,0,40,0,1
2101,2,1,2,1,0,41,1,1
2101,3,2,2.634,0.634,0,42,2,1
2102,1,0,1,1,0,61,4,1
2102,2,1,1.469,0.469,0,62,5,1
2103,1,0,1,1,0,47,0,1
2103,2,1,2,1,0,48,1,1
2103,3,2,3,1,0,49,2,1
2103,4,3,3.823,0.823,0,50,3,1
2104,1,0,1,1,0,63,14,1
2104,2,1,2,1,0,64,15,1
2104,3,2,3,1,0,65,16,1
2104,4,3,4,1,0,66,17,1
2104,5,4,5,1,0,67,18,1
2104,6,5,5.987,0.987,0,68,19,1
2105,1,0,1,1,0,47,7,1
2105,2,1,2,1,0,48,8,1
2105,3,2,3,1,1,49,9,1
2105,4,3,4,1,0,50,10,1
2105,5,4,5,1,0,51,11,1
2105,6,5,6,1,0,52,12,1
2105,7,6,6.473,0.473,0,53,13,1
2106,1,0,1,1,0,53,8,1
2106,2,1,1.243,0.243,0,54,9,1
2107,1,0,1,1,0,59,8,1
2107,2,1,2,1,0,60,9,1
2107,3,2,2.671,0.671,0,61,10,1
2108,1,0,1,1,0,28,2,1
2108,2,1,1.977,0.977,0,29,3,1
2109,1,0,1,1,0,42,8,1
2109,2,1,2,1,0,43,9,1
2109,3,2,3,1,0,44,10,1
2109,4,3,4,1,0,45,11,1
2109,5,4,5,1,0,46,12,1
2109,6,5,6,1,0,47,13,1
2109,7,6,7,1,0,48,14,1
2109,8,7,7.191,0.191,0,49,15,1
2110,1,0,1,1,0,47,12,1
2110,2,1,1.811,0.811,0,48,13,1
2111,1,0,1,1,0,55,6,1
2111,2,1,1.411,0.411,0,56,7,1
2112,1,0,1,1,0,50,5,1
2112,2,1,2,1,0,51,6,1
2112,3,2,3,1,0,52,7,1
2112,4,3,4,1,0,53,8,1
2112,5,4,5,1,0,54,9,1
2112,6,5,6,1,0,55,10,1
2112,7,6,7,1,0,56,11,1
2112,8,7,7.556,0.556,0,57,12,1
2113,1,0,0.625,0.625,0,30,7,1
2114,1,0,1,1,0,59,11,1
2114,2,1,2,1,0,60,12,1
2114,3,2,3,1,0,61,13,1
2114,4,3,4,1,0,62,14,1
2114,5,4,5,1,0,63,15,1
2114,6,5,6,1,1,64,16,1
2114,7,6,6.151,0.151,0,65,17,1
2115,1,0,1,1,0,57,14,1
2115,2,1,1.135,0.135,0,58,15,1
2116,1,0,1,1,0,27,5,1
2116,2,1,1.477,0.477,0,28,6,1
2117,1,0,1,1,0,43,0,1
2117,2,1,2,1,0,44,1,1
2117,3,2,3,1,0,45,2,1
2117,4,3,3.371,0.371,0,46,3,1
2118,1,0,1,1,0,26,11,1
2118,2,1,2,1,0,27,12,1
2118,3,2,2.19,0.19,0,28,13,1
2119,1,0,1,1,0,27,6,1
2119,2,1,2,1,1,28,7,1
2119,3,2,3,1,0,29,8,1
2119,4,3,4,1,0,30,9,1
2119,5,4,5,1,0,31,10,1
2119,6,5,6,1,0,32,11,1
2119,7,6,7,1,0,33,12,1
2119,8,7,8,1,0,34,13,1
2119,9,8,8.731,0.731,0,35,14,1
2120,1,0,1,1,0,68,8,1
2120,2,1,2,1,1,69,9,1
2120,3,2,3,1,0,70,10,1
2120,4,3,4,1,0,71,11,1
2120,5,4,5,1,0,72,12,1
2120,6,5,6,1,0,73,13,1
2120,7,6,6.86,0.86,0,74,14,1
2121,1,0,1,1,0,75,12,1
2121,2,1,1.658,0.658,0,76,13,1
2122,1,0,1,1,0,53,6,1
2122,2,1,2,1,0,54,7,1
2122,3,2,3,1,0,55,8,1
2122,4,3,4,1,0,56,9,1
2122,5,4,5,1,0,57,10,1
2122,6,5,6,1,0,58,11,1
2122,7,6,7,1,0,59,12,1
2122,8,7,7.095,0.095,0,60,13,1
2123,1,0,1,1,0,36,9,1
2123,2,1,2,1,0,37,10,1
2123,3,2,3,1,0,38,11,1
2123,4,3,4,1,0,39,12,1
2123,5,4,4.687,0.687,0,40,13,1
2124,1,0,1,1,0,71,2,1
2124,2,1,2,1,0,72,3,1
2124,3,2,3,1,0,73,4,1
2124,4,3,4,1,1,74,5,1
2124,5,4,5,1,0,75,6,1
2124,6,5,5.741,0.741,0,76,7,1
2125,1,0,1,1,1,21,9,1
2125,2,1,1.164,0.164,0,22,10,1
2126,1,0,1,1,0,53,5,1
2126,2,1,2,1,0,54,6,1
2126,3,2,3,1,0,55,7,1
2126,4,3,3.861,0.861,0,56,8,1
2127,1,0,1,1,0,46,6,1
2127,2,1,1.649,0.649,0,47,7,1
2128,1,0,1,1,0,66,13,1
2128,2,1,2,1,0,67,14,1
2128,3,2,3,1,0,68,15,1
2128,4,3,4,1,0,69,16,1
2128,5,4,4.301,0.301,0,70,17,1
2129,1,0,1,1,0,51,3,1
2129,2,1,1.364,0.364,0,52,4,1
2130,1,0,1,1,0,38,9,1
2130,2,1,1.867,0.867,0,39,10,1
2131,1,0,1,1,1,78,3,1
2131,2,1,2,1,0,79,4,1
2131,3,2,3,1,0,80,5,1
2131,4,3,4,1,0,81,6,1
2131,5,4,5,1,0,82,7,1
2131,6,5,6,1,0,83,8,1
2131,7,6,6.499,0.499,0,84,9,1
2132,1,0,1,1,0,38,12,1
2132,2,1,2,1,1,39,13,1
2132,3,2,3,1,0,40,14,1
2132,4,3,4,1,0,41,15,1
2132,5,4,5,1,0,42,16,1
2132,6,5,5.552,0.552,0,43,17,1
2133,1,0,1,1,0,34,17,1
2133,2,1,1.655,0.655,0,35,18,1
2134,1,0,1,1,0,67,11,1
2134,2,1,2,1,0,68,12,1
2134,3,2,3,1,0,69,13,1
2134,4,3,4,1,0,70,14,1
2134,5,4,5,1,0,71,15,1
2134,6,5,5.828,0.828,0,72,16,1
2135,1,0,1,1,0,36,13,1
2135,2,1,2,1,0,37,14,1
2135,3,2,3,1,0,38,15,1
2135,4,3,3.935,0.935,0,39,16,1
2136,1,0,1,1,0,56,8,1
2136,2,1,2,1,0,57,9,1
2136,3,2,2.626,0.626,0,58,10,1
2137,1,0,1,1,0,42,10,1
2137,2,1,2,1,0,43,11,1
2137,3,2,2.871,0.871,0,44,12,1
2138,1,0,1,1,1,48,8,1
2138,2,1,2,1,1,49,9,1
2138,3,2,3,1,1,50,10,1
2138,4,3,4,1,0,51,11,1
2138,5,4,5,1,1,52,12,1
2138,6,5,6,1,0,53,13,1
2138,7,6,7,1,1,54,14,1
2138,8,7,7.053,0.053,0,55,15,1
2139,1,0,1,1,1,47,9,1
2139,2,1,2,1,0,48,10,1
2139,3,2,3,1,0,49,11,1
2139,4,3,3.413,0.413,0,50,12,1
2140,1,0,1,1,0,60,9,1
2140,2,1,2,1,0,61,10,1
2140,3,2,2.795,0.795,0,62,11,1
2141,1,0,1,1,0,32,14,1
2141,2,1,2,1,0,33,15,1
2141,3,2,2.219,0.219,0,34,16,1
2142,1,0,1,1,0,27,10,1
2142,2,1,2,1,1,28,11,1
2142,3,2,3,1,1,29,12,1
2142,4,3,4,1,0,30,13,1
2142,5,4,5,1,2,31,14,1
2142,6,5,6,1,0,32,15,1
2142,7,6,7,1,2,33,16,1
2142,8,7,8,1,0,34,17,1
2142,9,8,8.307,0.307,0,35,18,1
2143,1,0,1,1,0,51,0,1
2143,2,1,1.634,0.634,1,52,1,1
2144,1,0,1,1,0,51,8,1
2144,2,1,2,1,0,52,9,1
2144,3,2,3,1,0,53,10,1
2144,4,3,4,1,0,54,11,1
2144,5,4,5,1,0,55,12,1
2144,6,5,6,1,0,56,13,1
2144,7,6,7,1,0,57,14,1
2144,8,7,8,1,0,58,15,1
2144,9,8,8.459,0.459,0,59,16,1
2145,1,0,1,1,0,39,5,1
2145,2,1,2,1,0,40,6,1
2145,3,2,3,1,0,41,7,1
2145,4,3,3.258,0.258,0,42,8,1
2146,1,0,1,1,0,60,10,1
2146,2,1,2,1,0,61,11,1
2146,3,2,3,1,0,62,12,1
2146,4,3,4,1,0,63,13,1
2146,5,4,5,1,0,64,14,1
2146,6,5,6,1,0,65,15,1
2146,7,6,7,1,1,66,16,1
2146,8,7,8,1,0,67,17,1
2146,9,8,8.312,0.312,0,68,18,1
2147,1,0,1,1,0,48,6,1
2147,2,1,2,1,0,49,7,1
2147,3,2,3,1,0,50,8,1
2147,4,3,4,1,0,51,9,1
2147,5,4,4.518,0.518,0,52,10,1
2148,1,0,1,1,0,35,5,1
2148,2,1,1.018,0.018,0,36,6,1
2149,1,0,1,1,0,47,6,1
2149,2,1,2,1,0,48,7,1
2149,3,2,3,1,0,49,8,1
2149,4,3,4,1,0,50,9,1
2149,5,4,5,1,0,51,10,1
2149,6,5,6,1,1,52,11,1
2149,7,6,7,1,0,53,12,1
2149,8,7,7.768,0.768,0,54,13,1
2150,1,0,1,1,0,41,0,1
2150,2,1,2,1,0,42,1,1
2150,3,2,2.352,0.352,0,43,2,1
2151,1,0,1,1,0,48,9,1
2151,2,1,1.851,0.851,0,49,10,1
2152,1,0,1,1,0,67,5,1
2152,2,1,2,1,1,68,6,1
2152,3,2,3,1,0,69,7,1
2152,4,3,3.821,0.821,1,70,8,1
2153,1,0,1,1,0,59,8,1
2153,2,1,2,1,0,60,9,1
2153,3,2,2.983,0.983,0,61,10,1
2154,1,0,1,1,0,48,13,1
2154,2,1,2,1,0,49,14,1
2154,3,2,2.375,0.375,0,50,15,1
2155,1,0,1,1,0,45,15,1
2155,2,1,2,1,0,46,16,1
2155,3,2,2.042,0.042,0,47,17,1
2156,1,0,1,1,0,58,15,1
2156,2,1,1.412,0.412,0,59,16,1
2157,1,0,1,1,0,44,5,1
2157,2,1,1.503,0.503,0,45,6,1
2158,1,0,1,1,0,69,17,1
2158,2,1,2,1,0,70,18,1
2158,3,2,2.889,0.889,0,71,19,1
2159,1,0,1,1,0,83,6,1
2159,2,1,2,1,0,84,7,1
2159,3,2,2.196,0.196,0,85,8,1
2160,1,0,1,1,0,72,16,1
2160,2,1,1.655,0.655,2,73,17,1
2161,1,0,1,1,0,36,6,1
2161,2,1,2,1,1,37,7,1
2161,3,2,3,1,1,38,8,1
2161,4,3,4,1,0,39,9,1
2161,5,4,5,1,0,40,10,1
2161,6,5,6,1,0,41,11,1
2161,7,6,7,1,0,42,12,1
2161,8,7,8,1,1,43,13,1
2161,9,8,8.933,0.933,0,44,14,1
2162,1,0,1,1,0,51,10,1
2162,2,1,2,1,0,52,11,1
2162,3,2,3,1,0,53,12,1
2162,4,3,4,1,0,54,13,1
2162,5,4,4.189,0.189,0,55,14,1
2163,1,0,1,1,0,34,16,1
2163,2,1,2,1,0,35,17,1
2163,3,2,3,1,0,36,18,1
2163,4,3,4,1,0,37,19,1
2163,5,4,4.526,0.526,0,38,20,1
2164,1,0,1,1,0,42,13,1
2164,2,1,2,1,0,43,14,1
2164,3,2,2.363,0.363,0,44,15,1
2165,1,0,1,1,0,55,9,1
2165,2,1,2,1,0,56,10,1
2165,3,2,3,1,0,57,11,1
2165,4,3,4,1,0,58,12,1
2165,5,4,5,1,0,59,13,1
2165,6,5,6,1,0,60,14,1
2165,7,6,6.006,0.006,0,61,15,1
2166,1,0,1,1,0,55,8,1
2166,2,1,2,1,0,56,9,1
2166,3,2,3,1,0,57,10,1
2166,4,3,4,1,1,58,11,1
2166,5,4,5,1,0,59,12,1
2166,6,5,6,1,0,60,13,1
2166,7,6,7,1,0,61,14,1
2166,8,7,8,1,0,62,15,1
2166,9,8,8.855,0.855,0,63,16,1
2167,1,0,1,1,0,54,8,1
2167,2,1,2,1,0,55,9,1
2167,3,2,2.766,0.766,0,56,10,1
2168,1,0,1,1,0,54,3,1
2168,2,1,2,1,0,55,4,1
2168,3,2,3,1,0,56,5,1
2168,4,3,4,1,0,57,6,1
2168,5,4,5,1,0,58,7,1
2168,6,5,6,1,0,59,8,1
2168,7,6,7,1,0,60,9,1
2168,8,7,8,1,0,61,10,1
2168,9,8,8.604,0.604,1,62,11,1
2169,1,0,1,1,1,52,12,1
2169,2,1,2,1,0,53,13,1
2169,3,2,3,1,0,54,14,1
2169,4,3,4,1,0,55,15,1
2169,5,4,4.85,0.85,0,56,16,1
2170,1,0,1,1,0,62,11,1
2170,2,1,2,1,0,63,12,1
2170,3,2,3,1,0,64,13,1
2170,4,3,4,1,0,65,14,1
2170,5,4,5,1,0,66,15,1
2170,6,5,6,1,0,67,16,1
2170,7,6,7,1,0,68,17,1
2170,8,7,8,1,0,69,18,1
2170,9,8,8.792,0.792,0,70,19,1
2171,1,0,1,1,0,32,6,1
2171,2,1,2,1,1,33,7,1
2171,3,2,2.481,0.481,0,34,8,1
2172,1,0,0.716,0.716,0,43,11,1
2173,1,0,1,1,0,18,17,1
2173,2,1,2,1,0,19,18,1
2173,3,2,3,1,1,20,19,1
2173,4,3,3.419,0.419,0,21,20,1
2174,1,0,0.649,0.649,0,27,5,1
2175,1,0,1,1,0,21,4,1
2175,2,1,2,1,0,22,5,1
2175,3,2,3,1,1,23,6,1
2175,4,3,3.66,0.66,0,24,7,1
2176,1,0,1,1,0,62,4,1
2176,2,1,2,1,0,63,5,1
2176,3,2,3,1,0,64,6,1
2176,4,3,4,1,0,65,7,1
2176,5,4,4.412,0.412,0,66,8,1
2177,1,0,1,1,0,52,11,1
2177,2,1,2,1,0,53,12,1
2177,3,2,2.695,0.695,0,54,13,1
2178,1,0,1,1,0,65,5,1
2178,2,1,2,1,0,66,6,1
2178,3,2,3,1,0,67,7,1
2178,4,3,3.402,0.402,0,68,8,1
2179,1,0,1,1,0,58,8,1
2179,2,1,2,1,0,59,9,1
2179,3,2,2.136,0.136,0,60,10,1
2180,1,0,1,1,0,49,6,1
2180,2,1,1.249,0.249,0,50,7,1
2181,1,0,1,1,0,57,18,1
2181,2,1,2,1,0,58,19,1
2181,3,2,3,1,0,59,20,1
2181,4,3,4,1,0,60,21,1
2181,5,4,5,1,0,61,22,1
2181,6,5,6,1,1,62,23,1
2181,7,6,6.422,0.422,0,63,24,1
2182,1,0,1,1,0,55,2,1
2182,2,1,2,1,0,56,3,1
2182,3,2,3,1,0,57,4,1
2182,4,3,4,1,0,58,5,1
2182,5,4,4.25,0.25,0,59,6,1
2183,1,0,1,1,0,71,15,1
2183,2,1,2,1,0,72,16,1
2183,3,2,3,1,0,73,17,1
2183,4,3,4,1,0,74,18,1
2183,5,4,5,1,0,75,19,1
2183,6,5,6,1,0,76,20,1
2183,7,6,7,1,0,77,21,1
2183,8,7,7.425,0.425,0,78,22,1
2184,1,0,1,1,0,70,7,1
2184,2,1,1.701,0.701,0,71,8,1
2185,1,0,1,1,0,69,10,1
2185,2,1,1.372,0.372,0,70,11,1
2186,1,0,1,1,0,39,7,1
2186,2,1,2,1,0,40,8,1
2186,3,2,3,1,0,41,9,1
2186,4,3,4,1,0,42,10,1
2186,5,4,5,1,0,43,11,1
2186,6,5,5.839,0.839,0,44,12,1
2187,1,0,1,1,0,48,0,1
2187,2,1,2,1,0,49,1,1
2187,3,2,3,1,0,50,2,1
2187,4,3,4,1,0,51,3,1
2187,5,4,5,1,0,52,4,1
2187,6,5,6,1,0,53,5,1
2187,7,6,7,1,0,54,6,1
2187,8,7,8,1,0,55,7,1
2187,9,8,8.36,0.36,0,56,8,1
2188,1,0,1,1,0,45,19,1
2188,2,1,2,1,0,46,20,1
2188,3,2,3,1,0,47,21,1
2188,4,3,4,1,0,48,22,1
2188,5,4,5,1,0,49,23,1
2188,6,5,6,1,1,50,24,1
2188,7,6,7,1,0,51,25,1
2188,8,7,7.909,0.909,0,52,26,1
2189,1,0,1,1,0,44,3,1
2189,2,1,2,1,0,45,4,1
2189,3,2,3,1,0,46,5,1
2189,4,3,4,1,0,47,6,1
2189,5,4,4.003,0.003,0,48,7,1
2190,1,0,1,1,0,40,14,1
2190,2,1,2,1,0,41,15,1
2190,3,2,3,1,0,42,16,1
2190,4,3,4,1,0,43,17,1
2190,5,4,5,1,0,44,18,1
2190,6,5,6,1,0,45,19,1
2190,7,6,7,1,0,46,20,1
2190,8,7,7.667,0.667,0,47,21,1
2191,1,0,0.99,0.99,0,54,8,1
2192,1,0,1,1,0,56,10,1
2192,2,1,1.717,0.717,0,57,11,1
2193,1,0,1,1,0,28,10,1
2193,2,1,2,1,0,29,11,1
2193,3,2,3,1,0,30,12,1
2193,4,3,4,1,2,31,13,1
2193,5,4,4.632,0.632,0,32,14,1
2194,1,0,1,1,0,47,7,1
2194,2,1,1.548,0.548,0,48,8,1
2195,1,0,1,1,0,61,15,1
2195,2,1,2,1,0,62,16,1
2195,3,2,3,1,0,63,17,1
2195,4,3,4,1,0,64,18,1
2195,5,4,5,1,0,65,19,1
2195,6,5,6,1,0,66,20,1
2195,7,6,6.06,0.06,0,67,21,1
2196,1,0,1,1,0,45,15,1
2196,2,1,2,1,0,46,16,1
2196,3,2,3,1,1,47,17,1
2196,4,3,4,1,0,48,18,1
2196,5,4,5,1,0,49,19,1
2196,6,5,5.237,0.237,0,50,20,1
2197,1,0,1,1,1,60,11,1
2197,2,1,2,1,0,61,12,1
2197,3,2,2.451,0.451,0,62,13,1
2198,1,0,1,1,0,51,6,1
2198,2,1,2,1,0,52,7,1
2198,3,2,3,1,0,53,8,1
2198,4,3,4,1,0,54,9,1
2198,5,4,5,1,0,55,10,1
2198,6,5,6,1,0,56,11,1
2198,7,6,6.493,0.493,0,57,12,1
2199,1,0,1,1,0,52,6,1
2199,2,1,2,1,0,53,7,1
2199,3,2,3,1,0,54,8,1
2199,4,3,4,1,0,55,9,1
2199,5,4,5,1,0,56,10,1
2199,6,5,6,1,0,57,11,1
2199,7,6,6.326,0.326,0,58,12,1
2200,1,0,1,1,1,44,5,1
2200,2,1,2,1,0,45,6,1
2200,3,2,3,1,1,46,7,1
2200,4,3,4,1,0,47,8,1
2200,5,4,5,1,1,48,9,1
2200,6,5,6,1,0,49,10,1
2200,7,6,7,1,1,50,11,1
2200,8,7,8,1,0,51,12,1
2200,9,8,8.077,0.077,1,52,13,1
2201,1,0,1,1,0,33,5,1
2201,2,1,2,1,0,34,6,1
2201,3,2,2.733,0.733,0,35,7,1
2202,1,0,1,1,0,35,5,1
2202,2,1,1.281,0.281,0,36,6,1
2203,1,0,1,1,0,47,3,1
2203,2,1,2,1,0,48,4,1
2203,3,2,3,1,0,49,5,1
2203,4,3,4,1,0,50,6,1
2203,5,4,4.48,0.48,0,51,7,1
2204,1,0,1,1,0,78,16,1
2204,2,1,1.746,0.746,0,79,17,1
2205,1,0,1,1,0,63,14,1
2205,2,1,2,1,0,64,15,1
2205,3,2,3,1,0,65,16,1
2205,4,3,4,1,0,66,17,1
2205,5,4,5,1,0,67,18,1
2205,6,5,5.389,0.389,0,68,19,1
2206,1,0,1,1,0,25,0,1
2206,2,1,2,1,0,26,1,1
2206,3,2,3,1,0,27,2,1
2206,4,3,4,1,0,28,3,1
2206,5,4,4.965,0.965,0,29,4,1
2207,1,0,1,1,0,64,8,1
2207,2,1,2,1,0,65,9,1
2207,3,2,2.059,0.059,0,66,10,1
2208,1,0,1,1,0,33,8,1
2208,2,1,2,1,0,34,9,1
2208,3,2,3,1,0,35,10,1
2208,4,3,3.926,0.926,0,36,11,1
2209,1,0,1,1,0,58,12,1
2209,2,1,2,1,0,59,13,1
2209,3,2,3,1,0,60,14,1
2209,4,3,4,1,0,61,15,1
2209,5,4,5,1,0,62,16,1
2209,6,5,6,1,0,63,17,1
2209,7,6,7,1,0,64,18,1
2209,8,7,7.635,0.635,0,65,19,1
2210,1,0,1,1,0,28,14,1
2210,2,1,2,1,0,29,15,1
2210,3,2,3,1,0,30,16,1
2210,4,3,4,1,0,31,17,1
2210,5,4,5,1,0,32,18,1
2210,6,5,6,1,0,33,19,1
2210,7,6,7,1,0,34,20,1
2210,8,7,8,1,0,35,21,1
2210,9,8,9,1,0,36,22,1
2210,10,9,9.213,0.213,0,37,23,1
2211,1,0,1,1,0,58,13,1
2211,2,1,2,1,0,59,14,1
2211,3,2,3,1,0,60,15,1
2211,4,3,4,1,0,61,16,1
2211,5,4,4.046,0.046,0,62,17,1
2212,1,0,1,1,0,18,10,1
2212,2,1,2,1,0,19,11,1
2212,3,2,2.4,0.4,0,20,12,1
2213,1,0,1,1,0,52,6,1
2213,2,1,2,1,0,53,7,1
2213,3,2,2.612,0.612,0,54,8,1
2214,1,0,1,1,0,48,11,1
2214,2,1,2,1,1,49,12,1
2214,3,2,2.202,0.202,0,50,13,1
2215,1,0,1,1,0,35,14,1
2215,2,1,2,1,1,36,15,1
2215,3,2,2.135,0.135,0,37,16,1
2216,1,0,1,1,0,53,8,1
2216,2,1,1.008,0.008,0,54,9,1
2217,1,0,1,1,0,41,0,1
2217,2,1,2,1,0,42,1,1
2217,3,2,3,1,0,43,2,1
2217,4,3,4,1,0,44,3,1
2217,5,4,5,1,0,45,4,1
2217,6,5,6,1,0,46,5,1
2217,7,6,7,1,0,47,6,1
2217,8,7,7.604,0.604,0,48,7,1
2218,1,0,1,1,0,34,10,1
2218,2,1,2,1,2,35,11,1
2218,3,2,3,1,0,36,12,1
2218,4,3,4,1,0,37,13,1
2218,5,4,5,1,1,38,14,1
2218,6,5,6,1,0,39,15,1
2218,7,6,7,1,0,40,16,1
2218,8,7,8,1,0,41,17,1
2218,9,8,8.157,0.157,0,42,18,1
2219,1,0,1,1,0,54,16,1
2219,2,1,2,1,0,55,17,1
2219,3,2,3,1,1,56,18,1
2219,4,3,4,1,0,57,19,1
2219,5,4,5,1,0,58,20,1
2219,6,5,5.079,0.079,0,59,21,1
2220,1,0,1,1,0,70,8,1
2220,2,1,2,1,0,71,9,1
2220,3,2,3,1,0,72,10,1
2220,4,3,4,1,0,73,11,1
2220,5,4,5,1,0,74,12,1
2220,6,5,5.412,0.412,0,75,13,1
2221,1,0,1,1,0,50,9,1
2221,2,1,2,1,0,51,10,1
2221,3,2,2.321,0.321,0,52,11,1
2222,1,0,1,1,0,20,8,1
2222,2,1,2,1,0,21,9,1
2222,3,2,3,1,0,22,10,1
2222,4,3,4,1,0,23,11,1
2222,5,4,5,1,0,24,12,1
2222,6,5,6,1,0,25,13,1
2222,7,6,7,1,0,26,14,1
2222,8,7,8,1,0,27,15,1
2222,9,8,8.991,0.991,0,28,16,1
2223,1,0,1,1,0,36,12,1
2223,2,1,2,1,0,37,13,1
2223,3,2,3,1,0,38,14,1
2223,4,3,4,1,0,39,15,1
2223,5,4,5,1,0,40,16,1
2223,6,5,6,1,0,41,17,1
2223,7,6,6.835,0.835,0,42,18,1
2224,1,0,1,1,0,36,5,1
2224,2,1,2,1,1,37,6,1
2224,3,2,3,1,0,38,7,1
2224,4,3,4,1,0,39,8,1
2224,5,4,5,1,0,40,9,1
2224,6,5,6,1,0,41,10,1
2224,7,6,7,1,0,42,11,1
2224,8,7,8,1,0,43,12,1
2224,9,8,9,1,0,44,13,1
2224,10,9,9.683,0.683,0,45,14,1
2225,1,0,1,1,0,53,12,1
2225,2,1,1.845,0.845,0,54,13,1
2226,1,0,1,1,0,40,8,1
2226,2,1,2,1,0,41,9,1
2226,3,2,2.892,0.892,0,42,10,1
2227,1,0,1,1,1,60,9,1
2227,2,1,2,1,0,61,10,1
2227,3,2,2.592,0.592,0,62,11,1
2228,1,0,1,1,0,31,16,1
2228,2,1,2,1,0,32,17,1
2228,3,2,3,1,0,33,18,1
2228,4,3,4,1,0,34,19,1
2228,5,4,5,1,0,35,20,1
2228,6,5,6,1,0,36,21,1
2228,7,6,7,1,0,37,22,1
2228,8,7,7.066,0.066,0,38,23,1
2229,1,0,1,1,0,32,13,1
2229,2,1,2,1,0,33,14,1
2229,3,2,3,1,0,34,15,1
2229,4,3,4,1,0,35,16,1
2229,5,4,5,1,0,36,17,1
2229,6,5,6,1,0,37,18,1
2229,7,6,7,1,0,38,19,1
2229,8,7,7.409,0.409,0,39,20,1
2230,1,0,1,1,0,34,10,1
2230,2,1,2,1,0,35,11,1
2230,3,2,3,1,0,36,12,1
2230,4,3,4,1,0,37,13,1
2230,5,4,5,1,0,38,14,1
2230,6,5,6,1,0,39,15,1
2230,7,6,7,1,0,40,16,1
2230,8,7,7.263,0.263,0,41,17,1
2231,1,0,1,1,0,50,18,1
2231,2,1,2,1,0,51,19,1
2231,3,2,3,1,0,52,20,1
2231,4,3,4,1,1,53,21,1
2231,5,4,5,1,0,54,22,1
2231,6,5,6,1,0,55,23,1
2231,7,6,7,1,0,56,24,1
2231,8,7,7.573,0.573,0,57,25,1
2232,1,0,1,1,0,51,7,1
2232,2,1,2,1,0,52,8,1
2232,3,2,3,1,0,53,9,1
2232,4,3,4,1,0,54,10,1
2232,5,4,5,1,0,55,11,1
2232,6,5,6,1,0,56,12,1
2232,7,6,7,1,0,57,13,1
2232,8,7,8,1,1,58,14,1
2232,9,8,9,1,0,59,15,1
2232,10,9,9.896,0.896,0,60,16,1
2233,1,0,1,1,0,51,12,1
2233,2,1,2,1,0,52,13,1
2233,3,2,2.026,0.026,0,53,14,1
2234,1,0,1,1,2,24,0,1
2234,2,1,2,1,1,25,1,1
2234,3,2,3,1,1,26,2,1
2234,4,3,4,1,1,27,3,1
2234,5,4,5,1,0,28,4,1
2234,6,5,5.037,0.037,0,29,5,1
2235,1,0,1,1,0,45,4,1
2235,2,1,1.5,0.5,0,46,5,1
2236,1,0,1,1,1,43,16,1
2236,2,1,2,1,0,44,17,1
2236,3,2,3,1,0,45,18,1
2236,4,3,4,1,0,46,19,1
2236,5,4,5,1,1,47,20,1
2236,6,5,6,1,0,48,21,1
2236,7,6,7,1,0,49,22,1
2236,8,7,8,1,0,50,23,1
2236,9,8,9,1,0,51,24,1
2236,10,9,9.572,0.572,0,52,25,1
2237,1,0,1,1,0,73,12,1
2237,2,1,2,1,1,74,13,1
2237,3,2,3,1,0,75,14,1
2237,4,3,4,1,0,76,15,1
2237,5,4,5,1,0,77,16,1
2237,6,5,6,1,0,78,17,1
2237,7,6,6.325,0.325,0,79,18,1
2238,1,0,1,1,0,71,12,1
2238,2,1,2,1,0,72,13,1
2238,3,2,3,1,0,73,14,1
2238,4,3,4,1,0,74,15,1
2238,5,4,5,1,0,75,16,1
2238,6,5,6,1,0,76,17,1
2238,7,6,7,1,0,77,18,1
2238,8,7,8,1,0,78,19,1
2238,9,8,9,1,0,79,20,1
2238,10,9,9.714,0.714,0,80,21,1
2239,1,0,0.512,0.512,0,62,10,1
2240,1,0,1,1,0,26,10,1
2240,2,1,2,1,0,27,11,1
2240,3,2,3,1,1,28,12,1
2240,4,3,3.258,0.258,0,29,13,1
2241,1,0,1,1,0,51,11,1
2241,2,1,2,1,1,52,12,1
2241,3,2,2.728,0.728,0,53,13,1
2242,1,0,1,1,0,50,7,1
2242,2,1,2,1,0,51,8,1
2242,3,2,2.018,0.018,0,52,9,1
2243,1,0,1,1,0,55,14,1
2243,2,1,2,1,0,56,15,1
2243,3,2,3,1,0,57,16,1
2243,4,3,4,1,0,58,17,1
2243,5,4,5,1,0,59,18,1
2243,6,5,5.515,0.515,1,60,19,1
2244,1,0,1,1,0,49,4,1
2244,2,1,2,1,0,50,5,1
2244,3,2,3,1,0,51,6,1
2244,4,3,4,1,0,52,7,1
2244,5,4,4.085,0.085,0,53,8,1
2245,1,0,1,1,0,54,20,1
2245,2,1,2,1,0,55,21,1
2245,3,2,3,1,0,56,22,1
2245,4,3,4,1,0,57,23,1
2245,5,4,5,1,0,58,24,1
2245,6,5,5.171,0.171,0,59,25,1
2246,1,0,1,1,0,67,1,1
2246,2,1,2,1,1,68,2,1
2246,3,2,2.921,0.921,0,69,3,1
2247,1,0,1,1,0,47,8,1
2247,2,1,2,1,0,48,9,1
2247,3,2,3,1,0,49,10,1
2247,4,3,4,1,0,50,11,1
2247,5,4,5,1,0,51,12,1
2247,6,5,6,1,0,52,13,1
2247,7,6,6.567,0.567,0,53,14,1
2248,1,0,1,1,1,38,2,1
2248,2,1,1.385,0.385,0,39,3,1
2249,1,0,1,1,0,63,5,1
2249,2,1,2,1,0,64,6,1
2249,3,2,3,1,1,65,7,1
2249,4,3,4,1,1,66,8,1
2249,5,4,5,1,0,67,9,1
2249,6,5,5.254,0.254,0,68,10,1
2250,1,0,1,1,0,44,2,1
2250,2,1,2,1,0,45,3,1
2250,3,2,2.384,0.384,0,46,4,1
2251,1,0,1,1,0,54,10,1
2251,2,1,2,1,1,55,11,1
2251,3,2,2.835,0.835,0,56,12,1
2252,1,0,1,1,0,29,0,1
2252,2,1,2,1,0,30,1,1
2252,3,2,3,1,0,31,2,1
2252,4,3,4,1,0,32,3,1
2252,5,4,5,1,0,33,4,1
2252,6,5,6,1,0,34,5,1
2252,7,6,7,1,0,35,6,1
2252,8,7,8,1,0,36,7,1
2252,9,8,8.601,0.601,0,37,8,1
2253,1,0,1,1,0,45,2,1
2253,2,1,2,1,0,46,3,1
2253,3,2,3,1,0,47,4,1
2253,4,3,4,1,0,48,5,1
2253,5,4,5,1,0,49,6,1
2253,6,5,6,1,0,50,7,1
2253,7,6,7,1,0,51,8,1
2253,8,7,8,1,0,52,9,1
2253,9,8,8.396,0.396,0,53,10,1
2254,1,0,1,1,0,34,0,1
2254,2,1,2,1,0,35,1,1
2254,3,2,2.597,0.597,0,36,2,1
2255,1,0,1,1,0,32,11,1
2255,2,1,2,1,0,33,12,1
2255,3,2,3,1,1,34,13,1
2255,4,3,4,1,0,35,14,1
2255,5,4,5,1,0,36,15,1
2255,6,5,6,1,0,37,16,1
2255,7,6,7,1,0,38,17,1
2255,8,7,7.055,0.055,0,39,18,1
2256,1,0,1,1,0,41,22,1
2256,2,1,2,1,0,42,23,1
2256,3,2,3,1,0,43,24,1
2256,4,3,4,1,1,44,25,1
2256,5,4,5,1,0,45,26,1
2256,6,5,6,1,0,46,27,1
2256,7,6,6.929,0.929,0,47,28,1
2257,1,0,1,1,0,25,15,1
2257,2,1,1.597,0.597,1,26,16,1
2258,1,0,1,1,0,40,0,1
2258,2,1,2,1,0,41,1,1
2258,3,2,3,1,0,42,2,1
2258,4,3,4,1,0,43,3,1
2258,5,4,5,1,0,44,4,1
2258,6,5,6,1,0,45,5,1
2258,7,6,7,1,0,46,6,1
2258,8,7,8,1,0,47,7,1
2258,9,8,8.838,0.838,0,48,8,1
2259,1,0,1,1,0,29,16,1
2259,2,1,1.091,0.091,0,30,17,1
2260,1,0,1,1,0,43,1,1
2260,2,1,2,1,0,44,2,1
2260,3,2,3,1,0,45,3,1
2260,4,3,4,1,0,46,4,1
2260,5,4,5,1,0,47,5,1
2260,6,5,6,1,0,48,6,1
2260,7,6,7,1,0,49,7,1
2260,8,7,7.656,0.656,0,50,8,1
2261,1,0,1,1,1,41,5,1
2261,2,1,2,1,0,42,6,1
2261,3,2,2.077,0.077,0,43,7,1
2262,1,0,1,1,0,51,15,1
2262,2,1,2,1,0,52,16,1
2262,3,2,3,1,0,53,17,1
2262,4,3,4,1,0,54,18,1
2262,5,4,5,1,0,55,19,1
2262,6,5,5.515,0.515,0,56,20,1
2263,1,0,1,1,0,43,11,1
2263,2,1,2,1,0,44,12,1
2263,3,2,2.36,0.36,0,45,13,1
2264,1,0,1,1,0,36,7,1
2264,2,1,2,1,0,37,8,1
2264,3,2,3,1,0,38,9,1
2264,4,3,4,1,0,39,10,1
2264,5,4,5,1,0,40,11,1
2264,6,5,6,1,0,41,12,1
2264,7,6,7,1,0,42,13,1
2264,8,7,8,1,0,43,14,1
2264,9,8,8.227,0.227,0,44,15,1
2265,1,0,1,1,0,42,14,1
2265,2,1,2,1,0,43,15,1
2265,3,2,3,1,0,44,16,1
2265,4,3,4,1,0,45,17,1
2265,5,4,5,1,1,46,18,1
2265,6,5,6,1,0,47,19,1
2265,7,6,7,1,0,48,20,1
2265,8,7,7.877,0.877,0,49,21,1
2266,1,0,1,1,0,30,10,1
2266,2,1,2,1,0,31,11,1
2266,3,2,3,1,0,32,12,1
2266,4,3,4,1,0,33,13,1
2266,5,4,5,1,0,34,14,1
2266,6,5,6,1,0,35,15,1
2266,7,6,7,1,0,36,16,1
2266,8,7,7.254,0.254,0,37,17,1
2267,1,0,1,1,0,44,3,1
2267,2,1,2,1,0,45,4,1
2267,3,2,3,1,0,46,5,1
2267,4,3,4,1,0,47,6,1
2267,5,4,4.384,0.384,0,48,7,1
2268,1,0,1,1,0,28,15,1
2268,2,1,2,1,1,29,16,1
2268,3,2,3,1,2,30,17,1
2268,4,3,4,1,0,31,18,1
2268,5,4,5,1,0,32,19,1
2268,6,5,6,1,0,33,20,1
2268,7,6,7,1,1,34,21,1
2268,8,7,8,1,0,35,22,1
2268,9,8,8.453,0.453,0,36,23,1
2269,1,0,1,1,0,44,10,1
2269,2,1,2,1,0,45,11,1
2269,3,2,2.227,0.227,0,46,12,1
2270,1,0,1,1,0,72,8,1
2270,2,1,2,1,0,73,9,1
2270,3,2,3,1,0,74,10,1
2270,4,3,4,1,0,75,11,1
2270,5,4,5,1,0,76,12,1
2270,6,5,6,1,0,77,13,1
2270,7,6,6.366,0.366,0,78,14,1
2271,1,0,1,1,0,38,7,1
2271,2,1,2,1,0,39,8,1
2271,3,2,3,1,0,40,9,1
2271,4,3,4,1,0,41,10,1
2271,5,4,5,1,0,42,11,1
2271,6,5,6,1,0,43,12,1
2271,7,6,6.803,0.803,0,44,13,1
2272,1,0,1,1,0,31,5,1
2272,2,1,2,1,0,32,6,1
2272,3,2,2.751,0.751,0,33,7,1
2273,1,0,1,1,0,58,16,1
2273,2,1,2,1,0,59,17,1
2273,3,2,3,1,0,60,18,1
2273,4,3,4,1,0,61,19,1
2273,5,4,4.253,0.253,0,62,20,1
2274,1,0,1,1,0,41,3,1
2274,2,1,1.772,0.772,0,42,4,1
2275,1,0,1,1,0,31,8,1
2275,2,1,1.675,0.675,0,32,9,1
2276,1,0,1,1,0,42,15,1
2276,2,1,2,1,0,43,16,1
2276,3,2,3,1,0,44,17,1
2276,4,3,4,1,0,45,18,1
2276,5,4,4.576,0.576,0,46,19,1
2277,1,0,1,1,0,54,6,1
2277,2,1,2,1,0,55,7,1
2277,3,2,3,1,0,56,8,1
2277,4,3,4,1,0,57,9,1
2277,5,4,4.635,0.635,1,58,10,1
2278,1,0,1,1,0,37,0,1
2278,2,1,2,1,0,38,1,1
2278,3,2,3,1,0,39,2,1
2278,4,3,3.37,0.37,0,40,3,1
2279,1,0,1,1,0,73,4,1
2279,2,1,2,1,0,74,5,1
2279,3,2,2.158,0.158,0,75,6,1
2280,1,0,1,1,0,60,7,1
2280,2,1,1.275,0.275,0,61,8,1
2281,1,0,1,1,2,58,3,1
2281,2,1,2,1,0,59,4,1
2281,3,2,2.076,0.076,0,60,5,1
2282,1,0,1,1,0,31,4,1
2282,2,1,2,1,0,32,5,1
2282,3,2,3,1,0,33,6,1
2282,4,3,4,1,0,34,7,1
2282,5,4,5,1,0,35,8,1
2282,6,5,6,1,0,36,9,1
2282,7,6,6.009,0.009,0,37,10,1
2283,1,0,1,1,0,32,8,1
2283,2,1,2,1,0,33,9,1
2283,3,2,3,1,0,34,10,1
2283,4,3,3.938,0.938,0,35,11,1
2284,1,0,1,1,0,40,6,1
2284,2,1,1.903,0.903,0,41,7,1
2285,1,0,0.239,0.239,0,82,5,1
2286,1,0,1,1,0,43,9,1
2286,2,1,1.209,0.209,0,44,10,1
2287,1,0,1,1,0,35,6,1
2287,2,1,2,1,0,36,7,1
2287,3,2,3,1,0,37,8,1
2287,4,3,4,1,0,38,9,1
2287,5,4,5,1,0,39,10,1
2287,6,5,6,1,0,40,11,1
2287,7,6,6.228,0.228,0,41,12,1
2288,1,0,1,1,0,25,11,1
2288,2,1,2,1,0,26,12,1
2288,3,2,3,1,0,27,13,1
2288,4,3,4,1,0,28,14,1
2288,5,4,5,1,0,29,15,1
2288,6,5,5.109,0.109,0,30,16,1
2289,1,0,1,1,1,70,16,1
2289,2,1,2,1,0,71,17,1
2289,3,2,3,1,0,72,18,1
2289,4,3,4,1,0,73,19,1
2289,5,4,4.358,0.358,0,74,20,1
2290,1,0,1,1,0,44,14,1
2290,2,1,2,1,0,45,15,1
2290,3,2,3,1,0,46,16,1
2290,4,3,4,1,0,47,17,1
2290,5,4,4.327,0.327,0,48,18,1
2291,1,0,1,1,0,35,9,1
2291,2,1,2,1,0,36,10,1
2291,3,2,3,1,0,37,11,1
2291,4,3,4,1,0,38,12,1
2291,5,4,4.751,0.751,0,39,13,1
2292,1,0,1,1,0,32,9,1
2292,2,1,2,1,1,33,10,1
2292,3,2,3,1,0,34,11,1
2292,4,3,4,1,0,35,12,1
2292,5,4,5,1,0,36,13,1
2292,6,5,5.032,0.032,0,37,14,1
2293,1,0,1,1,0,38,3,1
2293,2,1,2,1,0,39,4,1
2293,3,2,3,1,0,40,5,1
2293,4,3,4,1,0,41,6,1
2293,5,4,5,1,0,42,7,1
2293,6,5,6,1,0,43,8,1
2293,7,6,7,1,1,44,9,1
2293,8,7,8,1,1,45,10,1
2293,9,8,9,1,0,46,11,1
2293,10,9,9.172,0.172,0,47,12,1
2294,1,0,1,1,0,38,10,1
2294,2,1,2,1,2,39,11,1
2294,3,2,3,1,0,40,12,1
2294,4,3,4,1,1,41,13,1
2294,5,4,5,1,0,42,14,1
2294,6,5,6,1,1,43,15,1
2294,7,6,7,1,2,44,16,1
2294,8,7,8,1,0,45,17,1
2294,9,8,9,1,0,46,18,1
2294,10,9,9.764,0.764,2,47,19,1
2295,1,0,1,1,0,57,5,1
2295,2,1,2,1,0,58,6,1
2295,3,2,3,1,0,59,7,1
2295,4,3,4,1,0,60,8,1
2295,5,4,5,1,0,61,9,1
2295,6,5,5.425,0.425,0,62,10,1
2296,1,0,1,1,0,38,4,1
2296,2,1,1.075,0.075,0,39,5,1
2297,1,0,1,1,0,51,15,1
2297,2,1,2,1,0,52,16,1
2297,3,2,3,1,0,53,17,1
2297,4,3,3.757,0.757,0,54,18,1
2298,1,0,1,1,0,43,7,1
2298,2,1,1.747,0.747,0,44,8,1
2299,1,0,1,1,0,36,9,1
2299,2,1,1.147,0.147,0,37,10,1
2300,1,0,1,1,0,20,2,1
2300,2,1,2,1,0,21,3,1
2300,3,2,2.197,0.197,0,22,4,1
2301,1,0,1,1,0,58,0,1
2301,2,1,2,1,0,59,1,1
2301,3,2,3,1,0,60,2,1
2301,4,3,3.627,0.627,1,61,3,1
2302,1,0,1,1,0,66,5,1
2302,2,1,1.245,0.245,0,67,6,1
2303,1,0,1,1,0,55,8,1
2303,2,1,2,1,0,56,9,1
2303,3,2,3,1,0,57,10,1
2303,4,3,4,1,0,58,11,1
2303,5,4,5,1,0,59,12,1
2303,6,5,6,1,0,60,13,1
2303,7,6,7,1,0,61,14,1
2303,8,7,8,1,0,62,15,1
2303,9,8,9,1,0,63,16,1
2303,10,9,9.301,0.301,0,64,17,1
2304,1,0,0.498,0.498,0,59,13,1
2305,1,0,1,1,0,66,1,1
2305,2,1,2,1,0,67,2,1
2305,3,2,2.583,0.583,0,68,3,1
2306,1,0,1,1,0,58,13,1
2306,2,1,2,1,0,59,14,1
2306,3,2,2.399,0.399,0,60,15,1
2307,1,0,1,1,0,36,5,1
2307,2,1,1.153,0.153,0,37,6,1
2308,1,0,1,1,0,54,0,1
2308,2,1,2,1,0,55,1,1
2308,3,2,3,1,0,56,2,1
2308,4,3,4,1,0,57,3,1
2308,5,4,4.893,0.893,0,58,4,1
2309,1,0,1,1,1,52,1,1
2309,2,1,2,1,1,53,2,1
2309,3,2,3,1,0,54,3,1
2309,4,3,3.211,0.211,0,55,4,1
2310,1,0,1,1,0,47,9,1
2310,2,1,2,1,0,48,10,1
2310,3,2,3,1,0,49,11,1
2310,4,3,4,1,0,50,12,1
2310,5,4,4.167,0.167,0,51,13,1
2311,1,0,1,1,0,46,11,1
2311,2,1,2,1,0,47,12,1
2311,3,2,3,1,0,48,13,1
2311,4,3,4,1,0,49,14,1
2311,5,4,5,1,0,50,15,1
2311,6,5,5.494,0.494,0,51,16,1
2312,1,0,1,1,0,42,0,1
2312,2,1,2,1,0,43,1,1
2312,3,2,2.202,0.202,0,44,2,1
2313,1,0,1,1,0,50,11,1
2313,2,1,1.533,0.533,0,51,12,1
2314,1,0,1,1,0,46,16,1
2314,2,1,2,1,0,47,17,1
2314,3,2,3,1,0,48,18,1
2314,4,3,4,1,0,49,19,1
2314,5,4,5,1,0,50,20,1
2314,6,5,6,1,0,51,21,1
2314,7,6,7,1,0,52,22,1
2314,8,7,7.182,0.182,0,53,23,1
2315,1,0,1,1,0,65,12,1
2315,2,1,2,1,1,66,13,1
2315,3,2,3,1,0,67,14,1
2315,4,3,4,1,0,68,15,1
2315,5,4,5,1,0,69,16,1
2315,6,5,6,1,0,70,17,1
2315,7,6,6.092,0.092,0,71,18,1
2316,1,0,1,1,0,43,15,1
2316,2,1,2,1,0,44,16,1
2316,3,2,2.368,0.368,0,45,17,1
2317,1,0,1,1,0,34,13,1
2317,2,1,1.707,0.707,0,35,14,1
2318,1,0,1,1,0,70,16,1
2318,2,1,2,1,0,71,17,1
2318,3,2,3,1,0,72,18,1
2318,4,3,4,1,0,73,19,1
2318,5,4,5,1,0,74,20,1
2318,6,5,6,1,1,75,21,1
2318,7,6,7,1,0,76,22,1
2318,8,7,8,1,0,77,23,1
2318,9,8,9,1,0,78,24,1
2318,10,9,9.692,0.692,0,79,25,1
2319,1,0,1,1,0,40,6,1
2319,2,1,2,1,0,41,7,1
2319,3,2,3,1,0,42,8,1
2319,4,3,4,1,0,43,9,1
2319,5,4,5,1,1,44,10,1
2319,6,5,5.838,0.838,0,45,11,1
2320,1,0,1,1,0,48,5,1
2320,2,1,2,1,0,49,6,1
2320,3,2,3,1,0,50,7,1
2320,4,3,3.289,0.289,0,51,8,1
2321,1,0,1,1,0,50,16,1
2321,2,1,2,1,1,51,17,1
2321,3,2,3,1,1,52,18,1
2321,4,3,4,1,0,53,19,1
2321,5,4,5,1,0,54,20,1
2321,6,5,6,1,0,55,21,1
2321,7,6,6.946,0.946,0,56,22,1
2322,1,0,1,1,0,44,4,1
2322,2,1,2,1,0,45,5,1
2322,3,2,3,1,0,46,6,1
2322,4,3,4,1,0,47,7,1
2322,5,4,4.207,0.207,0,48,8,1
2323,1,0,1,1,0,36,0,1
2323,2,1,1.63,0.63,0,37,1,1
2324,1,0,1,1,0,58,6,1
2324,2,1,1.732,0.732,0,59,7,1
2325,1,0,1,1,0,73,12,1
2325,2,1,2,1,0,74,13,1
2325,3,2,3,1,0,75,14,1
2325,4,3,4,1,0,76,15,1
2325,5,4,5,1,0,77,16,1
2325,6,5,6,1,0,78,17,1
2325,7,6,7,1,0,79,18,1
2325,8,7,8,1,0,80,19,1
2325,9,8,9,1,0,81,20,1
2325,10,9,9.088,0.088,0,82,21,1
2326,1,0,1,1,0,21,4,1
2326,2,1,2,1,0,22,5,1
2326,3,2,3,1,0,23,6,1
2326,4,3,4,1,0,24,7,1
2326,5,4,4.796,0.796,0,25,8,1
2327,1,0,1,1,0,18,4,1
2327,2,1,2,1,0,19,5,1
2327,3,2,3,1,0,20,6,1
2327,4,3,3.813,0.813,1,21,7,1
2328,1,0,0.933,0.933,1,69,14,1
2329,1,0,1,1,1,60,15,1
2329,2,1,2,1,0,61,16,1
2329,3,2,3,1,0,62,17,1
2329,4,3,4,1,1,63,18,1
2329,5,4,5,1,0,64,19,1
2329,6,5,6,1,0,65,20,1
2329,7,6,7,1,1,66,21,1
2329,8,7,8,1,0,67,22,1
2329,9,8,9,1,0,68,23,1
2329,10,9,9.917,0.917,0,69,24,1
2330,1,0,1,1,0,48,11,1
2330,2,1,2,1,0,49,12,1
2330,3,2,3,1,0,50,13,1
2330,4,3,4,1,0,51,14,1
2330,5,4,5,1,0,52,15,1
2330,6,5,5.834,0.834,0,53,16,1
2331,1,0,1,1,0,31,14,1
2331,2,1,2,1,0,32,15,1
2331,3,2,3,1,0,33,16,1
2331,4,3,3.795,0.795,0,34,17,1
2332,1,0,1,1,0,55,1,1
2332,2,1,2,1,0,56,2,1
2332,3,2,3,1,0,57,3,1
2332,4,3,3.118,0.118,0,58,4,1
2333,1,0,1,1,0,51,6,1
2333,2,1,2,1,0,52,7,1
2333,3,2,2.34,0.34,0,53,8,1
2334,1,0,1,1,0,47,9,1
2334,2,1,2,1,0,48,10,1
2334,3,2,3,1,0,49,11,1
2334,4,3,4,1,0,50,12,1
2334,5,4,5,1,0,51,13,1
2334,6,5,6,1,0,52,14,1
2334,7,6,7,1,0,53,15,1
2334,8,7,7.036,0.036,0,54,16,1
2335,1,0,1,1,0,59,12,1
2335,2,1,2,1,0,60,13,1
2335,3,2,3,1,0,61,14,1
2335,4,3,3.176,0.176,0,62,15,1
2336,1,0,1,1,0,66,12,1
2336,2,1,2,1,0,67,13,1
2336,3,2,3,1,0,68,14,1
2336,4,3,4,1,0,69,15,1
2336,5,4,5,1,0,70,16,1
2336,6,5,6,1,0,71,17,1
2336,7,6,7,1,0,72,18,1
2336,8,7,8,1,0,73,19,1
2336,9,8,9,1,1,74,20,1
2336,10,9,9.284,0.284,0,75,21,1
2337,1,0,1,1,1,42,1,1
2337,2,1,2,1,0,43,2,1
2337,3,2,2.63,0.63,0,44,3,1
2338,1,0,1,1,0,50,2,1
2338,2,1,2,1,0,51,3,1
2338,3,2,2.409,0.409,0,52,4,1
2339,1,0,1,1,0,56,10,1
2339,2,1,2,1,0,57,11,1
2339,3,2,3,1,0,58,12,1
2339,4,3,4,1,0,59,13,1
2339,5,4,5,1,0,60,14,1
2339,6,5,6,1,0,61,15,1
2339,7,6,7,1,0,62,16,1
2339,8,7,8,1,0,63,17,1
2339,9,8,8.652,0.652,0,64,18,1
2340,1,0,1,1,1,23,7,1
2340,2,1,2,1,0,24,8,1
2340,3,2,3,1,0,25,9,1
2340,4,3,4,1,0,26,10,1
2340,5,4,5,1,0,27,11,1
2340,6,5,6,1,0,28,12,1
2340,7,6,7,1,0,29,13,1
2340,8,7,8,1,0,30,14,1
2340,9,8,8.89,0.89,0,31,15,1
2341,1,0,1,1,0,39,4,1
2341,2,1,2,1,0,40,5,1
2341,3,2,3,1,0,41,6,1
2341,4,3,4,1,1,42,7,1
2341,5,4,5,1,0,43,8,1
2341,6,5,6,1,0,44,9,1
2341,7,6,7,1,0,45,10,1
2341,8,7,8,1,0,46,11,1
2341,9,8,9,1,0,47,12,1
2341,10,9,9.612,0.612,0,48,13,1
2342,1,0,1,1,0,29,15,1
2342,2,1,2,1,0,30,16,1
2342,3,2,3,1,0,31,17,1
2342,4,3,4,1,0,32,18,1
2342,5,4,5,1,1,33,19,1
2342,6,5,5.562,0.562,0,34,20,1
2343,1,0,1,1,0,51,0,1
2343,2,1,1.728,0.728,0,52,1,1
2344,1,0,1,1,0,69,16,1
2344,2,1,2,1,0,70,17,1
2344,3,2,3,1,0,71,18,1
2344,4,3,4,1,0,72,19,1
2344,5,4,5,1,0,73,20,1
2344,6,5,5.018,0.018,0,74,21,1
2345,1,0,1,1,0,58,16,1
2345,2,1,2,1,0,59,17,1
2345,3,2,3,1,0,60,18,1
2345,4,3,4,1,0,61,19,1
2345,5,4,5,1,0,62,20,1
2345,6,5,6,1,0,63,21,1
2345,7,6,6.153,0.153,0,64,22,1
2346,1,0,1,1,0,64,0,1
2346,2,1,2,1,0,65,1,1
2346,3,2,3,1,0,66,2,1
2346,4,3,4,1,0,67,3,1
2346,5,4,4.645,0.645,0,68,4,1
2347,1,0,1,1,0,42,6,1
2347,2,1,2,1,0,43,7,1
2347,3,2,2.049,0.049,0,44,8,1
2348,1,0,1,1,1,28,8,1
2348,2,1,2,1,0,29,9,1
2348,3,2,3,1,0,30,10,1
2348,4,3,4,1,0,31,11,1
2348,5,4,5,1,0,32,12,1
2348,6,5,6,1,0,33,13,1
2348,7,6,7,1,0,34,14,1
2348,8,7,7.799,0.799,0,35,15,1
2349,1,0,1,1,0,73,14,1
2349,2,1,2,1,0,74,15,1
2349,3,2,3,1,0,75,16,1
2349,4,3,3.159,0.159,0,76,17,1
2350,1,0,1,1,0,42,12,1
2350,2,1,2,1,0,43,13,1
2350,3,2,3,1,0,44,14,1
2350,4,3,4,1,0,45,15,1
2350,5,4,5,1,0,46,16,1
2350,6,5,6,1,0,47,17,1
2350,7,6,6.64,0.64,0,48,18,1
2351,1,0,1,1,0,50,10,1
2351,2,1,2,1,0,51,11,1
2351,3,2,2.104,0.104,0,52,12,1
2352,1,0,1,1,0,35,7,1
2352,2,1,2,1,0,36,8,1
2352,3,2,2.852,0.852,0,37,9,1
2353,1,0,1,1,0,59,19,1
2353,2,1,2,1,0,60,20,1
2353,3,2,3,1,0,61,21,1
2353,4,3,4,1,0,62,22,1
2353,5,4,5,1,0,63,23,1
2353,6,5,6,1,0,64,24,1
2353,7,6,7,1,1,65,25,1
2353,8,7,8,1,0,66,26,1
2353,9,8,8.271,0.271,0,67,27,1
2354,1,0,1,1,0,31,16,1
2354,2,1,2,1,0,32,17,1
2354,3,2,2.213,0.213,0,33,18,1
2355,1,0,1,1,0,46,10,1
2355,2,1,2,1,0,47,11,1
2355,3,2,3,1,0,48,12,1
2355,4,3,4,1,0,49,13,1
2355,5,4,4.475,0.475,0,50,14,1
2356,1,0,1,1,0,44,5,1
2356,2,1,1.033,0.033,0,45,6,1
2357,1,0,1,1,0,47,6,1
2357,2,1,1.132,0.132,0,48,7,1
2358,1,0,1,1,0,58,7,1
2358,2,1,1.468,0.468,0,59,8,1
2359,1,0,1,1,0,71,5,1
2359,2,1,2,1,0,72,6,1
2359,3,2,2.79,0.79,0,73,7,1
2360,1,0,1,1,0,40,9,1
2360,2,1,1.717,0.717,0,41,10,1
2361,1,0,1,1,0,24,6,1
2361,2,1,1.679,0.679,0,25,7,1
2362,1,0,1,1,0,65,4,1
2362,2,1,2,1,0,66,5,1
2362,3,2,3,1,0,67,6,1
2362,4,3,3.934,0.934,0,68,7,1
2363,1,0,1,1,0,40,20,1
2363,2,1,2,1,0,41,21,1
2363,3,2,3,1,0,42,22,1
2363,4,3,4,1,0,43,23,1
2363,5,4,5,1,0,44,24,1
2363,6,5,6,1,0,45,25,1
2363,7,6,6.301,0.301,0,46,26,1
2364,1,0,1,1,0,40,18,1
2364,2,1,2,1,0,41,19,1
2364,3,2,2.769,0.769,2,42,20,1
2365,1,0,1,1,2,35,0,1
2365,2,1,2,1,0,36,1,1
2365,3,2,3,1,0,37,2,1
2365,4,3,3.088,0.088,0,38,3,1
2366,1,0,1,1,0,45,12,1
2366,2,1,2,1,0,46,13,1
2366,3,2,3,1,0,47,14,1
2366,4,3,4,1,0,48,15,1
2366,5,4,5,1,0,49,16,1
2366,6,5,6,1,0,50,17,1
2366,7,6,7,1,0,51,18,1
2366,8,7,8,1,0,52,19,1
2366,9,8,9,1,0,53,20,1
2366,10,9,9.002,0.002,0,54,21,1
2367,1,0,1,1,0,42,5,1
2367,2,1,2,1,0,43,6,1
2367,3,2,3,1,0,44,7,1
2367,4,3,4,1,0,45,8,1
2367,5,4,5,1,0,46,9,1
2367,6,5,6,1,0,47,10,1
2367,7,6,6.462,0.462,0,48,11,1
2368,1,0,1,1,0,48,0,1
2368,2,1,2,1,0,49,1,1
2368,3,2,3,1,0,50,2,1
2368,4,3,4,1,0,51,3,1
2368,5,4,5,1,0,52,4,1
2368,6,5,6,1,1,53,5,1
2368,7,6,7,1,1,54,6,1
2368,8,7,7.067,0.067,0,55,7,1
2369,1,0,1,1,0,28,5,1
2369,2,1,2,1,0,29,6,1
2369,3,2,2.257,0.257,0,30,7,1
2370,1,0,1,1,0,39,4,1
2370,2,1,2,1,0,40,5,1
2370,3,2,3,1,0,41,6,1
2370,4,3,3.819,0.819,0,42,7,1
2371,1,0,1,1,0,43,12,1
2371,2,1,2,1,0,44,13,1
2371,3,2,2.42,0.42,0,45,14,1
2372,1,0,1,1,0,81,3,1
2372,2,1,2,1,0,82,4,1
2372,3,2,2.066,0.066,0,83,5,1
2373,1,0,1,1,1,59,13,1
2373,2,1,2,1,1,60,14,1
2373,3,2,3,1,0,61,15,1
2373,4,3,4,1,1,62,16,1
2373,5,4,5,1,1,63,17,1
2373,6,5,6,1,1,64,18,1
2373,7,6,7,1,0,65,19,1
2373,8,7,8,1,0,66,20,1
2373,9,8,8.542,0.542,0,67,21,1
2374,1,0,1,1,0,31,13,1
2374,2,1,1.164,0.164,0,32,14,1
2375,1,0,1,1,0,46,4,1
2375,2,1,2,1,0,47,5,1
2375,3,2,3,1,0,48,6,1
2375,4,3,4,1,1,49,7,1
2375,5,4,5,1,0,50,8,1
2375,6,5,6,1,0,51,9,1
2375,7,6,6.149,0.149,0,52,10,1
2376,1,0,1,1,0,59,12,1
2376,2,1,2,1,0,60,13,1
2376,3,2,3,1,0,61,14,1
2376,4,3,4,1,0,62,15,1
2376,5,4,5,1,0,63,16,1
2376,6,5,6,1,0,64,17,1
2376,7,6,7,1,0,65,18,1
2376,8,7,8,1,0,66,19,1
2376,9,8,8.044,0.044,0,67,20,1
2377,1,0,1,1,0,27,7,1
2377,2,1,2,1,1,28,8,1
2377,3,2,3,1,1,29,9,1
2377,4,3,4,1,2,30,10,1
2377,5,4,4.718,0.718,1,31,11,1
2378,1,0,1,1,0,49,5,1
2378,2,1,2,1,0,50,6,1
2378,3,2,3,1,1,51,7,1
2378,4,3,4,1,0,52,8,1
2378,5,4,5,1,0,53,9,1
2378,6,5,6,1,1,54,10,1
2378,7,6,7,1,0,55,11,1
2378,8,7,8,1,0,56,12,1
2378,9,8,9,1,0,57,13,1
2378,10,9,9.575,0.575,0,58,14,1
2379,1,0,1,1,0,39,11,1
2379,2,1,2,1,1,40,12,1
2379,3,2,3,1,1,41,13,1
2379,4,3,4,1,0,42,14,1
2379,5,4,5,1,0,43,15,1
2379,6,5,6,1,1,44,16,1
2379,7,6,7,1,0,45,17,1
2379,8,7,7.578,0.578,0,46,18,1
2380,1,0,0.647,0.647,0,71,4,1
2381,1,0,1,1,0,63,5,1
2381,2,1,2,1,0,64,6,1
2381,3,2,3,1,0,65,7,1
2381,4,3,4,1,0,66,8,1
2381,5,4,5,1,0,67,9,1
2381,6,5,5.282,0.282,0,68,10,1
2382,1,0,1,1,0,45,6,1
2382,2,1,1.176,0.176,0,46,7,1
2383,1,0,1,1,0,67,6,1
2383,2,1,2,1,0,68,7,1
2383,3,2,3,1,1,69,8,1
2383,4,3,4,1,0,70,9,1
2383,5,4,5,1,0,71,10,1
2383,6,5,6,1,0,72,11,1
2383,7,6,6.382,0.382,0,73,12,1
2384,1,0,1,1,2,53,1,1
2384,2,1,1.168,0.168,0,54,2,1
2385,1,0,1,1,0,41,14,1
2385,2,1,2,1,0,42,15,1
2385,3,2,3,1,0,43,16,1
2385,4,3,3.714,0.714,0,44,17,1
2386,1,0,1,1,0,84,17,1
2386,2,1,1.16,0.16,0,85,18,1
2387,1,0,1,1,0,18,7,1
2387,2,1,2,1,0,19,8,1
2387,3,2,3,1,0,20,9,1
2387,4,3,4,1,1,21,10,1
2387,5,4,5,1,0,22,11,1
2387,6,5,5.247,0.247,0,23,12,1
2388,1,0,1,1,1,24,8,1
2388,2,1,2,1,0,25,9,1
2388,3,2,3,1,1,26,10,1
2388,4,3,4,1,0,27,11,1
2388,5,4,5,1,2,28,12,1
2388,6,5,6,1,0,29,13,1
2388,7,6,7,1,0,30,14,1
2388,8,7,8,1,0,31,15,1
2388,9,8,9,1,0,32,16,1
2388,10,9,9.564,0.564,0,33,17,1
2389,1,0,1,1,0,81,8,1
2389,2,1,2,1,0,82,9,1
2389,3,2,3,1,0,83,10,1
2389,4,3,4,1,0,84,11,1
2389,5,4,5,1,0,85,12,1
2389,6,5,6,1,0,86,13,1
2389,7,6,6.162,0.162,0,87,14,1
2390,1,0,1,1,0,35,11,1
2390,2,1,2,1,0,36,12,1
2390,3,2,3,1,0,37,13,1
2390,4,3,3.897,0.897,0,38,14,1
2391,1,0,0.401,0.401,0,29,2,1
2392,1,0,1,1,0,41,9,1
2392,2,1,2,1,0,42,10,1
2392,3,2,3,1,0,43,11,1
2392,4,3,4,1,0,44,12,1
2392,5,4,5,1,0,45,13,1
2392,6,5,6,1,0,46,14,1
2392,7,6,7,1,0,47,15,1
2392,8,7,8,1,0,48,16,1
2392,9,8,8.607,0.607,0,49,17,1
2393,1,0,1,1,0,27,7,1
2393,2,1,2,1,0,28,8,1
2393,3,2,3,1,0,29,9,1
2393,4,3,4,1,0,30,10,1
2393,5,4,4.818,0.818,0,31,11,1
2394,1,0,1,1,0,56,0,1
2394,2,1,2,1,0,57,1,1
2394,3,2,2.998,0.998,0,58,2,1
2395,1,0,1,1,0,37,5,1
2395,2,1,2,1,0,38,6,1
2395,3,2,3,1,0,39,7,1
2395,4,3,4,1,0,40,8,1
2395,5,4,4.329,0.329,0,41,9,1
2396,1,0,1,1,0,35,10,1
2396,2,1,1.694,0.694,0,36,11,1
2397,1,0,1,1,0,59,7,1
2397,2,1,2,1,0,60,8,1
2397,3,2,3,1,1,61,9,1
2397,4,3,3.651,0.651,0,62,10,1
2398,1,0,1,1,0,22,2,1
2398,2,1,2,1,0,23,3,1
2398,3,2,2.531,0.531,1,24,4,1
2399,1,0,1,1,0,58,9,1
2399,2,1,2,1,0,59,10,1
2399,3,2,2.707,0.707,0,60,11,1
2400,1,0,1,1,0,38,9,1
2400,2,1,2,1,0,39,10,1
2400,3,2,3,1,0,40,11,1
2400,4,3,4,1,0,41,12,1
2400,5,4,5,1,0,42,13,1
2400,6,5,5.616,0.616,0,43,14,1
2401,1,0,1,1,0,36,6,1
2401,2,1,2,1,0,37,7,1
2401,3,2,2.069,0.069,0,38,8,1
2402,1,0,1,1,0,55,5,1
2402,2,1,2,1,0,56,6,1
2402,3,2,3,1,0,57,7,1
2402,4,3,4,1,1,58,8,1
2402,5,4,5,1,0,59,9,1
2402,6,5,6,1,1,60,10,1
2402,7,6,7,1,2,61,11,1
2402,8,7,8,1,1,62,12,1
2402,9,8,8.032,0.032,0,63,13,1
2403,1,0,1,1,0,48,6,1
2403,2,1,2,1,0,49,7,1
2403,3,2,3,1,0,50,8,1
2403,4,3,4,1,0,51,9,1
2403,5,4,5,1,0,52,10,1
2403,6,5,6,1,0,53,11,1
2403,7,6,7,1,0,54,12,1
2403,8,7,8,1,0,55,13,1
2403,9,8,8.24,0.24,0,56,14,1
2404,1,0,1,1,0,68,13,1
2404,2,1,2,1,0,69,14,1
2404,3,2,3,1,0,70,15,1
2404,4,3,4,1,1,71,16,1
2404,5,4,4.03,0.03,0,72,17,1
2405,1,0,1,1,0,18,7,1
2405,2,1,2,1,0,19,8,1
2405,3,2,3,1,1,20,9,1
2405,4,3,4,1,0,21,10,1
2405,5,4,5,1,0,22,11,1
2405,6,5,5.308,0.308,0,23,12,1
2406,1,0,1,1,0,26,10,1
2406,2,1,2,1,0,27,11,1
2406,3,2,3,1,0,28,12,1
2406,4,3,4,1,0,29,13,1
2406,5,4,5,1,0,30,14,1
2406,6,5,6,1,0,31,15,1
2406,7,6,6.783,0.783,0,32,16,1
2407,1,0,1,1,0,45,10,1
2407,2,1,1.499,0.499,0,46,11,1
2408,1,0,1,1,0,61,10,1
2408,2,1,1.416,0.416,0,62,11,1
2409,1,0,1,1,0,49,9,1
2409,2,1,2,1,0,50,10,1
2409,3,2,3,1,0,51,11,1
2409,4,3,4,1,0,52,12,1
2409,5,4,5,1,0,53,13,1
2409,6,5,6,1,1,54,14,1
2409,7,6,6.392,0.392,0,55,15,1
2410,1,0,1,1,0,46,4,1
2410,2,1,2,1,0,47,5,1
2410,3,2,3,1,0,48,6,1
2410,4,3,4,1,0,49,7,1
2410,5,4,5,1,0,50,8,1
2410,6,5,5.934,0.934,0,51,9,1
2411,1,0,1,1,0,49,11,1
2411,2,1,2,1,0,50,12,1
2411,3,2,3,1,0,51,13,1
2411,4,3,4,1,0,52,14,1
2411,5,4,5,1,0,53,15,1
2411,6,5,5.281,0.281,0,54,16,1
2412,1,0,1,1,0,57,7,1
2412,2,1,2,1,0,58,8,1
2412,3,2,3,1,0,59,9,1
2412,4,3,4,1,0,60,10,1
2412,5,4,4.039,0.039,0,61,11,1
2413,1,0,1,1,0,40,11,1
2413,2,1,2,1,0,41,12,1
2413,3,2,3,1,0,42,13,1
2413,4,3,4,1,0,43,14,1
2413,5,4,5,1,0,44,15,1
2413,6,5,6,1,0,45,16,1
2413,7,6,6.318,0.318,0,46,17,1
2414,1,0,1,1,0,57,8,1
2414,2,1,1.843,0.843,0,58,9,1
2415,1,0,1,1,0,54,6,1
2415,2,1,2,1,0,55,7,1
2415,3,2,3,1,0,56,8,1
2415,4,3,4,1,0,57,9,1
2415,5,4,4.807,0.807,0,58,10,1
2416,1,0,1,1,0,69,8,1
2416,2,1,2,1,0,70,9,1
2416,3,2,3,1,0,71,10,1
2416,4,3,4,1,0,72,11,1
2416,5,4,4.813,0.813,0,73,12,1
2417,1,0,1,1,0,73,16,1
2417,2,1,2,1,0,74,17,1
2417,3,2,3,1,0,75,18,1
2417,4,3,3.009,0.009,0,76,19,1
2418,1,0,1,1,0,51,15,1
2418,2,1,2,1,0,52,16,1
2418,3,2,3,1,0,53,17,1
2418,4,3,4,1,0,54,18,1
2418,5,4,5,1,0,55,19,1
2418,6,5,6,1,0,56,20,1
2418,7,6,7,1,0,57,21,1
2418,8,7,8,1,0,58,22,1
2418,9,8,9,1,0,59,23,1
2418,10,9,9.771,0.771,0,60,24,1
2419,1,0,1,1,0,52,4,1
2419,2,1,2,1,0,53,5,1
2419,3,2,3,1,0,54,6,1
2419,4,3,4,1,0,55,7,1
2419,5,4,4.571,0.571,0,56,8,1
2420,1,0,1,1,0,25,8,1
2420,2,1,2,1,0,26,9,1
2420,3,2,3,1,0,27,10,1
2420,4,3,4,1,2,28,11,1
2420,5,4,4.398,0.398,0,29,12,1
2421,1,0,1,1,0,28,10,1
2421,2,1,2,1,0,29,11,1
2421,3,2,3,1,0,30,12,1
2421,4,3,4,1,0,31,13,1
2421,5,4,5,1,0,32,14,1
2421,6,5,6,1,0,33,15,1
2421,7,6,7,1,0,34,16,1
2421,8,7,8,1,0,35,17,1
2421,9,8,9,1,0,36,18,1
2421,10,9,9.646,0.646,0,37,19,1
2422,1,0,1,1,1,70,17,1
2422,2,1,2,1,0,71,18,1
2422,3,2,3,1,0,72,19,1
2422,4,3,4,1,0,73,20,1
2422,5,4,4.265,0.265,0,74,21,1
2423,1,0,1,1,0,47,16,1
2423,2,1,2,1,0,48,17,1
2423,3,2,3,1,1,49,18,1
2423,4,3,4,1,1,50,19,1
2423,5,4,4.368,0.368,0,51,20,1
2424,1,0,1,1,0,30,8,1
2424,2,1,2,1,0,31,9,1
2424,3,2,3,1,0,32,10,1
2424,4,3,3.46,0.46,0,33,11,1
2425,1,0,1,1,0,74,16,1
2425,2,1,1.543,0.543,0,75,17,1
2426,1,0,1,1,0,70,4,1
2426,2,1,2,1,0,71,5,1
2426,3,2,2.842,0.842,0,72,6,1
2427,1,0,1,1,0,46,10,1
2427,2,1,2,1,0,47,11,1
2427,3,2,3,1,0,48,12,1
2427,4,3,4,1,0,49,13,1
2427,5,4,4.42,0.42,0,50,14,1
2428,1,0,1,1,0,52,4,1
2428,2,1,2,1,0,53,5,1
2428,3,2,3,1,0,54,6,1
2428,4,3,4,1,0,55,7,1
2428,5,4,5,1,0,56,8,1
2428,6,5,6,1,0,57,9,1
2428,7,6,7,1,0,58,10,1
2428,8,7,7.128,0.128,0,59,11,1
2429,1,0,1,1,1,18,8,1
2429,2,1,2,1,0,19,9,1
2429,3,2,3,1,1,20,10,1
2429,4,3,4,1,2,21,11,1
2429,5,4,4.423,0.423,0,22,12,1
2430,1,0,1,1,0,48,7,1
2430,2,1,1.321,0.321,0,49,8,1
2431,1,0,1,1,0,73,10,1
2431,2,1,2,1,0,74,11,1
2431,3,2,3,1,0,75,12,1
2431,4,3,3.453,0.453,0,76,13,1
2432,1,0,1,1,0,33,10,1
2432,2,1,2,1,0,34,11,1
2432,3,2,3,1,0,35,12,1
2432,4,3,4,1,0,36,13,1
2432,5,4,5,1,0,37,14,1
2432,6,5,6,1,0,38,15,1
2432,7,6,7,1,0,39,16,1
2432,8,7,8,1,0,40,17,1
2432,9,8,8.966,0.966,0,41,18,1
2433,1,0,1,1,0,50,7,1
2433,2,1,2,1,0,51,8,1
2433,3,2,3,1,0,52,9,1
2433,4,3,4,1,0,53,10,1
2433,5,4,5,1,0,54,11,1
2433,6,5,5.921,0.921,0,55,12,1
2434,1,0,1,1,0,35,6,1
2434,2,1,2,1,0,36,7,1
2434,3,2,3,1,0,37,8,1
2434,4,3,4,1,0,38,9,1
2434,5,4,4.789,0.789,0,39,10,1
2435,1,0,1,1,0,41,4,1
2435,2,1,1.583,0.583,0,42,5,1
2436,1,0,1,1,0,31,7,1
2436,2,1,2,1,0,32,8,1
2436,3,2,3,1,0,33,9,1
2436,4,3,3.648,0.648,0,34,10,1
2437,1,0,1,1,1,25,9,1
2437,2,1,2,1,0,26,10,1
2437,3,2,3,1,0,27,11,1
2437,4,3,4,1,0,28,12,1
2437,5,4,4.433,0.433,0,29,13,1
2438,1,0,1,1,0,35,15,1
2438,2,1,2,1,0,36,16,1
2438,3,2,2.766,0.766,0,37,17,1
2439,1,0,1,1,0,23,5,1
2439,2,1,2,1,0,24,6,1
2439,3,2,3,1,0,25,7,1
2439,4,3,4,1,0,26,8,1
2439,5,4,5,1,0,27,9,1
2439,6,5,6,1,0,28,10,1
2439,7,6,7,1,0,29,11,1
2439,8,7,7.476,0.476,0,30,12,1
2440,1,0,1,1,0,50,15,1
2440,2,1,1.539,0.539,0,51,16,1
2441,1,0,1,1,0,32,0,1
2441,2,1,2,1,0,33,1,1
2441,3,2,3,1,0,34,2,1
2441,4,3,4,1,0,35,3,1
2441,5,4,5,1,0,36,4,1
2441,6,5,5.13,0.13,0,37,5,1
2442,1,0,1,1,0,88,4,1
2442,2,1,2,1,0,89,5,1
2442,3,2,3,1,0,90,6,1
2442,4,3,4,1,0,91,7,1
2442,5,4,4.603,0.603,0,92,8,1
2443,1,0,1,1,0,51,1,1
2443,2,1,2,1,0,52,2,1
2443,3,2,3,1,0,53,3,1
2443,4,3,4,1,0,54,4,1
2443,5,4,5,1,0,55,5,1
2443,6,5,6,1,0,56,6,1
2443,7,6,6.95,0.95,0,57,7,1
2444,1,0,1,1,0,44,17,1
2444,2,1,2,1,1,45,18,1
2444,3,2,3,1,2,46,19,1
2444,4,3,4,1,0,47,20,1
2444,5,4,5,1,0,48,21,1
2444,6,5,6,1,0,49,22,1
2444,7,6,6.435,0.435,0,50,23,1
2445,1,0,1,1,0,31,5,1
2445,2,1,2,1,0,32,6,1
2445,3,2,3,1,1,33,7,1
2445,4,3,4,1,0,34,8,1
2445,5,4,5,1,0,35,9,1
2445,6,5,5.891,0.891,0,36,10,1
2446,1,0,1,1,0,42,9,1
2446,2,1,2,1,0,43,10,1
2446,3,2,3,1,0,44,11,1
2446,4,3,4,1,0,45,12,1
2446,5,4,5,1,0,46,13,1
2446,6,5,6,1,0,47,14,1
2446,7,6,7,1,0,48,15,1
2446,8,7,8,1,1,49,16,1
2446,9,8,9,1,0,50,17,1
2446,10,9,9.892,0.892,0,51,18,1
2447,1,0,1,1,0,19,10,1
2447,2,1,2,1,0,20,11,1
2447,3,2,2.792,0.792,0,21,12,1
2448,1,0,1,1,0,45,9,1
2448,2,1,2,1,0,46,10,1
2448,3,2,3,1,0,47,11,1
2448,4,3,4,1,0,48,12,1
2448,5,4,5,1,0,49,13,1
2448,6,5,6,1,0,50,14,1
2448,7,6,7,1,0,51,15,1
2448,8,7,7.538,0.538,0,52,16,1
2449,1,0,1,1,0,42,5,1
2449,2,1,2,1,0,43,6,1
2449,3,2,2.716,0.716,0,44,7,1
2450,1,0,1,1,0,54,15,1
2450,2,1,2,1,0,55,16,1
2450,3,2,3,1,0,56,17,1
2450,4,3,4,1,1,57,18,1
2450,5,4,5,1,0,58,19,1
2450,6,5,5.73,0.73,0,59,20,1
2451,1,0,1,1,0,33,9,1
2451,2,1,2,1,0,34,10,1
2451,3,2,2.238,0.238,0,35,11,1
2452,1,0,1,1,0,31,13,1
2452,2,1,2,1,0,32,14,1
2452,3,2,3,1,0,33,15,1
2452,4,3,3.985,0.985,0,34,16,1
2453,1,0,1,1,1,70,4,1
2453,2,1,2,1,0,71,5,1
2453,3,2,3,1,0,72,6,1
2453,4,3,4,1,0,73,7,1
2453,5,4,5,1,0,74,8,1
2453,6,5,6,1,0,75,9,1
2453,7,6,7,1,1,76,10,1
2453,8,7,7.215,0.215,0,77,11,1
2454,1,0,1,1,0,37,13,1
2454,2,1,2,1,0,38,14,1
2454,3,2,3,1,0,39,15,1
2454,4,3,4,1,0,40,16,1
2454,5,4,5,1,0,41,17,1
2454,6,5,6,1,0,42,18,1
2454,7,6,6.249,0.249,0,43,19,1
2455,1,0,1,1,0,34,7,1
2455,2,1,1.426,0.426,0,35,8,1
2456,1,0,1,1,0,60,0,1
2456,2,1,2,1,0,61,1,1
2456,3,2,2.683,0.683,0,62,2,1
2457,1,0,1,1,0,39,6,1
2457,2,1,2,1,0,40,7,1
2457,3,2,2.667,0.667,0,41,8,1
2458,1,0,1,1,0,60,9,1
2458,2,1,2,1,0,61,10,1
2458,3,2,3,1,0,62,11,1
2458,4,3,4,1,0,63,12,1
2458,5,4,5,1,0,64,13,1
2458,6,5,5.257,0.257,0,65,14,1
2459,1,0,1,1,1,74,7,1
2459,2,1,2,1,2,75,8,1
2459,3,2,3,1,0,76,9,1
2459,4,3,4,1,0,77,10,1
2459,5,4,4.477,0.477,0,78,11,1
2460,1,0,1,1,0,60,16,1
2460,2,1,2,1,0,61,17,1
2460,3,2,2.876,0.876,0,62,18,1
2461,1,0,1,1,1,19,5,1
2461,2,1,1.704,0.704,0,20,6,1
2462,1,0,1,1,1,54,7,1
2462,2,1,1.728,0.728,0,55,8,1
2463,1,0,1,1,0,18,12,1
2463,2,1,1.174,0.174,1,19,13,1
2464,1,0,1,1,0,53,5,1
2464,2,1,2,1,0,54,6,1
2464,3,2,3,1,0,55,7,1
2464,4,3,3.149,0.149,0,56,8,1
2465,1,0,1,1,0,64,7,1
2465,2,1,2,1,0,65,8,1
2465,3,2,3,1,0,66,9,1
2465,4,3,4,1,0,67,10,1
2465,5,4,5,1,0,68,11,1
2465,6,5,6,1,0,69,12,1
2465,7,6,6.891,0.891,0,70,13,1
2466,1,0,1,1,0,34,7,1
2466,2,1,2,1,0,35,8,1
2466,3,2,3,1,0,36,9,1
2466,4,3,4,1,1,37,10,1
2466,5,4,4.126,0.126,0,38,11,1
2467,1,0,1,1,1,45,14,1
2467,2,1,2,1,0,46,15,1
2467,3,2,2.815,0.815,0,47,16,1
2468,1,0,1,1,0,49,9,1
2468,2,1,2,1,0,50,10,1
2468,3,2,3,1,0,51,11,1
2468,4,3,4,1,0,52,12,1
2468,5,4,5,1,1,53,13,1
2468,6,5,5.091,0.091,0,54,14,1
2469,1,0,1,1,0,46,5,1
2469,2,1,2,1,0,47,6,1
2469,3,2,2.877,0.877,0,48,7,1
2470,1,0,1,1,0,48,9,1
2470,2,1,2,1,0,49,10,1
2470,3,2,2.29,0.29,0,50,11,1
2471,1,0,1,1,0,56,8,1
2471,2,1,2,1,0,57,9,1
2471,3,2,3,1,0,58,10,1
2471,4,3,4,1,0,59,11,1
2471,5,4,5,1,0,60,12,1
2471,6,5,5.457,0.457,0,61,13,1
2472,1,0,1,1,0,75,6,1
2472,2,1,2,1,0,76,7,1
2472,3,2,3,1,0,77,8,1
2472,4,3,3.551,0.551,0,78,9,1
2473,1,0,1,1,0,28,10,1
2473,2,1,2,1,0,29,11,1
2473,3,2,3,1,0,30,12,1
2473,4,3,4,1,1,31,13,1
2473,5,4,5,1,1,32,14,1
2473,6,5,5.777,0.777,0,33,15,1
2474,1,0,1,1,0,41,0,1
2474,2,1,2,1,0,42,1,1
2474,3,2,3,1,0,43,2,1
2474,4,3,4,1,0,44,3,1
2474,5,4,5,1,1,45,4,1
2474,6,5,6,1,0,46,5,1
2474,7,6,7,1,0,47,6,1
2474,8,7,7.685,0.685,0,48,7,1
2475,1,0,1,1,0,29,8,1
2475,2,1,2,1,0,30,9,1
2475,3,2,3,1,0,31,10,1
2475,4,3,4,1,0,32,11,1
2475,5,4,5,1,0,33,12,1
2475,6,5,5.379,0.379,0,34,13,1
2476,1,0,1,1,0,28,4,1
2476,2,1,2,1,0,29,5,1
2476,3,2,3,1,0,30,6,1
2476,4,3,4,1,1,31,7,1
2476,5,4,4.198,0.198,0,32,8,1
2477,1,0,1,1,0,52,15,1
2477,2,1,1.064,0.064,0,53,16,1
2478,1,0,1,1,0,46,7,1
2478,2,1,2,1,0,47,8,1
2478,3,2,3,1,0,48,9,1
2478,4,3,4,1,0,49,10,1
2478,5,4,5,1,0,50,11,1
2478,6,5,6,1,0,51,12,1
2478,7,6,6.44,0.44,0,52,13,1
2479,1,0,1,1,0,52,5,1
2479,2,1,2,1,0,53,6,1
2479,3,2,2.22,0.22,0,54,7,1
2480,1,0,1,1,1,66,11,1
2480,2,1,2,1,0,67,12,1
2480,3,2,2.73,0.73,0,68,13,1
2481,1,0,1,1,0,40,6,1
2481,2,1,2,1,0,41,7,1
2481,3,2,3,1,0,42,8,1
2481,4,3,4,1,0,43,9,1
2481,5,4,5,1,0,44,10,1
2481,6,5,6,1,0,45,11,1
2481,7,6,7,1,0,46,12,1
2481,8,7,8,1,0,47,13,1
2481,9,8,9,1,0,48,14,1
2481,10,9,9.397,0.397,0,49,15,1
2482,1,0,1,1,1,48,10,1
2482,2,1,2,1,1,49,11,1
2482,3,2,3,1,0,50,12,1
2482,4,3,4,1,0,51,13,1
2482,5,4,5,1,0,52,14,1
2482,6,5,6,1,0,53,15,1
2482,7,6,7,1,0,54,16,1
2482,8,7,8,1,1,55,17,1
2482,9,8,8.871,0.871,0,56,18,1
2483,1,0,1,1,0,25,11,1
2483,2,1,2,1,0,26,12,1
2483,3,2,2.591,0.591,0,27,13,1
2484,1,0,1,1,0,46,15,1
2484,2,1,2,1,0,47,16,1
2484,3,2,2.261,0.261,0,48,17,1
2485,1,0,1,1,0,24,1,1
2485,2,1,1.319,0.319,0,25,2,1
2486,1,0,1,1,0,47,0,1
2486,2,1,2,1,0,48,1,1
2486,3,2,2.445,0.445,0,49,2,1
2487,1,0,1,1,0,64,8,1
2487,2,1,2,1,1,65,9,1
2487,3,2,3,1,1,66,10,1
2487,4,3,4,1,0,67,11,1
2487,5,4,5,1,0,68,12,1
2487,6,5,6,1,2,69,13,1
2487,7,6,7,1,0,70,14,1
2487,8,7,8,1,0,71,15,1
2487,9,8,8.157,0.157,0,72,16,1
2488,1,0,1,1,0,40,14,1
2488,2,1,2,1,0,41,15,1
2488,3,2,3,1,0,42,16,1
2488,4,3,4,1,1,43,17,1
2488,5,4,5,1,0,44,18,1
2488,6,5,6,1,0,45,19,1
2488,7,6,6.498,0.498,0,46,20,1
2489,1,0,1,1,1,30,9,1
2489,2,1,2,1,0,31,10,1
2489,3,2,3,1,0,32,11,1
2489,4,3,4,1,0,33,12,1
2489,5,4,4.937,0.937,0,34,13,1
2490,1,0,1,1,0,63,6,1
2490,2,1,2,1,0,64,7,1
2490,3,2,2.248,0.248,0,65,8,1
2491,1,0,1,1,0,41,13,1
2491,2,1,2,1,0,42,14,1
2491,3,2,2.103,0.103,0,43,15,1
2492,1,0,1,1,0,46,15,1
2492,2,1,2,1,0,47,16,1
2492,3,2,3,1,0,48,17,1
2492,4,3,4,1,0,49,18,1
2492,5,4,5,1,0,50,19,1
2492,6,5,6,1,0,51,20,1
2492,7,6,7,1,0,52,21,1
2492,8,7,7.666,0.666,0,53,22,1
2493,1,0,1,1,0,59,9,1
2493,2,1,2,1,0,60,10,1
2493,3,2,3,1,0,61,11,1
2493,4,3,3.958,0.958,1,62,12,1
2494,1,0,1,1,0,47,6,1
2494,2,1,1.81,0.81,0,48,7,1
2495,1,0,1,1,0,64,3,1
2495,2,1,2,1,0,65,4,1
2495,3,2,3,1,0,66,5,1
2495,4,3,4,1,0,67,6,1
2495,5,4,5,1,0,68,7,1
2495,6,5,6,1,1,69,8,1
2495,7,6,7,1,0,70,9,1
2495,8,7,7.376,0.376,0,71,10,1
2496,1,0,1,1,0,51,11,1
2496,2,1,2,1,0,52,12,1
2496,3,2,3,1,0,53,13,1
2496,4,3,4,1,0,54,14,1
2496,5,4,5,1,0,55,15,1
2496,6,5,6,1,0,56,16,1
2496,7,6,7,1,0,57,17,1
2496,8,7,8,1,0,58,18,1
2496,9,8,9,1,0,59,19,1
2496,10,9,9.405,0.405,0,60,20,1
2497,1,0,1,1,0,53,7,1
2497,2,1,2,1,0,54,8,1
2497,3,2,3,1,0,55,9,1
2497,4,3,4,1,0,56,10,1
2497,5,4,5,1,0,57,11,1
2497,6,5,5.343,0.343,0,58,12,1
2498,1,0,1,1,2,18,11,1
2498,2,1,2,1,3,19,12,1
2498,3,2,3,1,2,20,13,1
2498,4,3,4,1,3,21,14,1
2498,5,4,4.538,0.538,1,22,15,1
2499,1,0,1,1,1,70,10,1
2499,2,1,2,1,0,71,11,1
2499,3,2,3,1,0,72,12,1
2499,4,3,4,1,0,73,13,1
2499,5,4,5,1,0,74,14,1
2499,6,5,6,1,0,75,15,1
2499,7,6,7,1,0,76,16,1
2499,8,7,7.529,0.529,0,77,17,1
2500,1,0,1,1,0,70,6,1
2500,2,1,2,1,0,71,7,1
2500,3,2,3,1,0,72,8,1
2500,4,3,4,1,0,73,9,1
2500,5,4,5,1,0,74,10,1
2500,6,5,6,1,0,75,11,1
2500,7,6,6.536,0.536,0,76,12,1
2501,1,0,1,1,1,23,2,1
2501,2,1,2,1,0,24,3,1
2501,3,2,3,1,2,25,4,1
2501,4,3,4,1,1,26,5,1
2501,5,4,5,1,1,27,6,1
2501,6,5,6,1,1,28,7,1
2501,7,6,7,1,0,29,8,1
2501,8,7,8,1,0,30,9,1
2501,9,8,9,1,0,31,10,1
2501,10,9,9.834,0.834,0,32,11,1
2502,1,0,1,1,0,52,10,1
2502,2,1,2,1,0,53,11,1
2502,3,2,2.978,0.978,0,54,12,1
2503,1,0,1,1,0,46,1,1
2503,2,1,2,1,0,47,2,1
2503,3,2,3,1,0,48,3,1
2503,4,3,4,1,0,49,4,1
2503,5,4,5,1,0,50,5,1
2503,6,5,6,1,0,51,6,1
2503,7,6,7,1,0,52,7,1
2503,8,7,7.423,0.423,0,53,8,1
2504,1,0,1,1,1,51,12,1
2504,2,1,2,1,0,52,13,1
2504,3,2,3,1,0,53,14,1
2504,4,3,4,1,0,54,15,1
2504,5,4,5,1,0,55,16,1
2504,6,5,6,1,0,56,17,1
2504,7,6,6.326,0.326,0,57,18,1
2505,1,0,1,1,0,49,12,1
2505,2,1,1.913,0.913,0,50,13,1
2506,1,0,1,1,0,46,12,1
2506,2,1,1.784,0.784,0,47,13,1
2507,1,0,1,1,0,40,8,1
2507,2,1,1.047,0.047,0,41,9,1
2508,1,0,1,1,0,44,15,1
2508,2,1,1.272,0.272,0,45,16,1
2509,1,0,1,1,0,63,14,1
2509,2,1,2,1,0,64,15,1
2509,3,2,2.408,0.408,0,65,16,1
2510,1,0,1,1,0,38,6,1
2510,2,1,2,1,0,39,7,1
2510,3,2,3,1,0,40,8,1
2510,4,3,4,1,0,41,9,1
2510,5,4,5,1,0,42,10,1
2510,6,5,6,1,0,43,11,1
2510,7,6,6.466,0.466,0,44,12,1
2511,1,0,1,1,0,48,3,1
2511,2,1,2,1,0,49,4,1
2511,3,2,3,1,0,50,5,1
2511,4,3,4,1,0,51,6,1
2511,5,4,5,1,0,52,7,1
2511,6,5,6,1,0,53,8,1
2511,7,6,6.986,0.986,0,54,9,1
2512,1,0,1,1,0,41,6,1
2512,2,1,1.639,0.639,1,42,7,1
2513,1,0,1,1,0,36,9,1
2513,2,1,2,1,0,37,10,1
2513,3,2,2.688,0.688,0,38,11,1
2514,1,0,1,1,0,43,14,1
2514,2,1,1.252,0.252,0,44,15,1
2515,1,0,1,1,0,55,12,1
2515,2,1,2,1,0,56,13,1
2515,3,2,3,1,0,57,14,1
2515,4,3,4,1,0,58,15,1
2515,5,4,5,1,0,59,16,1
2515,6,5,5.78,0.78,0,60,17,1
2516,1,0,1,1,1,81,8,1
2516,2,1,2,1,0,82,9,1
2516,3,2,3,1,1,83,10,1
2516,4,3,4,1,0,84,11,1
2516,5,4,5,1,1,85,12,1
2516,6,5,5.274,0.274,0,86,13,1
2517,1,0,1,1,0,40,0,1
2517,2,1,2,1,0,41,1,1
2517,3,2,2.076,0.076,0,42,2,1
2518,1,0,1,1,0,66,0,1
2518,2,1,2,1,0,67,1,1
2518,3,2,3,1,0,68,2,1
2518,4,3,3.902,0.902,0,69,3,1
2519,1,0,1,1,0,58,7,1
2519,2,1,2,1,1,59,8,1
2519,3,2,2.778,0.778,0,60,9,1
2520,1,0,1,1,0,20,9,1
2520,2,1,2,1,0,21,10,1
2520,3,2,3,1,0,22,11,1
2520,4,3,3.188,0.188,0,23,12,1
2521,1,0,1,1,0,39,10,1
2521,2,1,2,1,0,40,11,1
2521,3,2,2.648,0.648,0,41,12,1
2522,1,0,1,1,0,40,11,1
2522,2,1,2,1,0,41,12,1
2522,3,2,3,1,1,42,13,1
2522,4,3,4,1,0,43,14,1
2522,5,4,5,1,0,44,15,1
2522,6,5,5.337,0.337,1,45,16,1
2523,1,0,1,1,1,19,11,1
2523,2,1,1.094,0.094,0,20,12,1
2524,1,0,1,1,0,53,6,1
2524,2,1,2,1,0,54,7,1
2524,3,2,3,1,0,55,8,1
2524,4,3,4,1,0,56,9,1
2524,5,4,5,1,0,57,10,1
2524,6,5,6,1,0,58,11,1
2524,7,6,7,1,0,59,12,1
2524,8,7,7.649,0.649,0,60,13,1
2525,1,0,1,1,0,52,0,1
2525,2,1,2,1,0,53,1,1
2525,3,2,3,1,0,54,2,1
2525,4,3,4,1,0,55,3,1
2525,5,4,4.41,0.41,0,56,4,1
2526,1,0,1,1,0,28,14,1
2526,2,1,2,1,1,29,15,1
2526,3,2,3,1,2,30,16,1
2526,4,3,4,1,0,31,17,1
2526,5,4,4.4,0.4,1,32,18,1
2527,1,0,1,1,0,55,1,1
2527,2,1,2,1,0,56,2,1
2527,3,2,3,1,0,57,3,1
2527,4,3,4,1,0,58,4,1
2527,5,4,5,1,0,59,5,1
2527,6,5,6,1,0,60,6,1
2527,7,6,6.368,0.368,0,61,7,1
2528,1,0,1,1,0,72,7,1
2528,2,1,2,1,0,73,8,1
2528,3,2,3,1,0,74,9,1
2528,4,3,4,1,0,75,10,1
2528,5,4,5,1,0,76,11,1
2528,6,5,5.591,0.591,0,77,12,1
2529,1,0,1,1,0,88,13,1
2529,2,1,1.823,0.823,0,89,14,1
2530,1,0,1,1,0,29,10,1
2530,2,1,2,1,0,30,11,1
2530,3,2,2.932,0.932,0,31,12,1
2531,1,0,1,1,0,55,2,1
2531,2,1,2,1,0,56,3,1
2531,3,2,3,1,0,57,4,1
2531,4,3,4,1,0,58,5,1
2531,5,4,5,1,0,59,6,1
2531,6,5,6,1,0,60,7,1
2531,7,6,7,1,0,61,8,1
2531,8,7,8,1,0,62,9,1
2531,9,8,8.469,0.469,0,63,10,1
2532,1,0,1,1,0,34,8,1
2532,2,1,2,1,0,35,9,1
2532,3,2,3,1,0,36,10,1
2532,4,3,3.402,0.402,0,37,11,1
2533,1,0,1,1,0,47,15,1
2533,2,1,2,1,0,48,16,1
2533,3,2,3,1,0,49,17,1
2533,4,3,4,1,0,50,18,1
2533,5,4,5,1,0,51,19,1
2533,6,5,6,1,0,52,20,1
2533,7,6,7,1,0,53,21,1
2533,8,7,7.485,0.485,0,54,22,1
2534,1,0,1,1,0,39,2,1
2534,2,1,2,1,0,40,3,1
2534,3,2,3,1,0,41,4,1
2534,4,3,3.664,0.664,0,42,5,1
2535,1,0,1,1,0,44,12,1
2535,2,1,1.886,0.886,0,45,13,1
2536,1,0,0.761,0.761,0,37,9,1
2537,1,0,1,1,0,67,2,1
2537,2,1,2,1,0,68,3,1
2537,3,2,3,1,0,69,4,1
2537,4,3,4,1,0,70,5,1
2537,5,4,5,1,0,71,6,1
2537,6,5,5.503,0.503,0,72,7,1
2538,1,0,1,1,0,51,5,1
2538,2,1,2,1,1,52,6,1
2538,3,2,3,1,1,53,7,1
2538,4,3,4,1,0,54,8,1
2538,5,4,4.379,0.379,0,55,9,1
2539,1,0,1,1,0,45,0,1
2539,2,1,1.016,0.016,0,46,1,1
2540,1,0,1,1,0,76,2,1
2540,2,1,2,1,0,77,3,1
2540,3,2,3,1,0,78,4,1
2540,4,3,4,1,0,79,5,1
2540,5,4,5,1,0,80,6,1
2540,6,5,6,1,0,81,7,1
2540,7,6,7,1,0,82,8,1
2540,8,7,7.655,0.655,0,83,9,1
2541,1,0,1,1,0,60,5,1
2541,2,1,2,1,0,61,6,1
2541,3,2,3,1,0,62,7,1
2541,4,3,4,1,0,63,8,1
2541,5,4,5,1,0,64,9,1
2541,6,5,6,1,1,65,10,1
2541,7,6,7,1,1,66,11,1
2541,8,7,8,1,0,67,12,1
2541,9,8,8.034,0.034,0,68,13,1
2542,1,0,1,1,0,70,15,1
2542,2,1,2,1,0,71,16,1
2542,3,2,3,1,0,72,17,1
2542,4,3,4,1,0,73,18,1
2542,5,4,5,1,0,74,19,1
2542,6,5,5.846,0.846,0,75,20,1
2543,1,0,1,1,0,38,3,1
2543,2,1,2,1,0,39,4,1
2543,3,2,3,1,0,40,5,1
2543,4,3,4,1,0,41,6,1
2543,5,4,5,1,0,42,7,1
2543,6,5,5.552,0.552,0,43,8,1
2544,1,0,1,1,0,38,2,1
2544,2,1,2,1,0,39,3,1
2544,3,2,3,1,0,40,4,1
2544,4,3,4,1,0,41,5,1
2544,5,4,5,1,0,42,6,1
2544,6,5,6,1,0,43,7,1
2544,7,6,7,1,0,44,8,1
2544,8,7,8,1,0,45,9,1
2544,9,8,8.46,0.46,0,46,10,1
2545,1,0,1,1,0,18,0,1
2545,2,1,2,1,1,19,1,1
2545,3,2,3,1,0,20,2,1
2545,4,3,4,1,0,21,3,1
2545,5,4,5,1,0,22,4,1
2545,6,5,5.441,0.441,0,23,5,1
2546,1,0,1,1,0,45,14,1
2546,2,1,2,1,0,46,15,1
2546,3,2,3,1,0,47,16,1
2546,4,3,4,1,0,48,17,1
2546,5,4,5,1,0,49,18,1
2546,6,5,6,1,0,50,19,1
2546,7,6,7,1,0,51,20,1
2546,8,7,7.068,0.068,0,52,21,1
2547,1,0,1,1,0,62,21,1
2547,2,1,2,1,2,63,22,1
2547,3,2,3,1,0,64,23,1
2547,4,3,3.107,0.107,0,65,24,1
2548,1,0,1,1,0,25,5,1
2548,2,1,2,1,1,26,6,1
2548,3,2,3,1,0,27,7,1
2548,4,3,4,1,0,28,8,1
2548,5,4,5,1,0,29,9,1
2548,6,5,5.848,0.848,0,30,10,1
2549,1,0,1,1,0,59,15,1
2549,2,1,2,1,0,60,16,1
2549,3,2,3,1,0,61,17,1
2549,4,3,4,1,0,62,18,1
2549,5,4,4.492,0.492,1,63,19,1
2550,1,0,1,1,0,48,8,1
2550,2,1,2,1,0,49,9,1
2550,3,2,3,1,0,50,10,1
2550,4,3,4,1,0,51,11,1
2550,5,4,5,1,0,52,12,1
2550,6,5,6,1,0,53,13,1
2550,7,6,7,1,0,54,14,1
2550,8,7,8,1,0,55,15,1
2550,9,8,9,1,0,56,16,1
2550,10,9,9.118,0.118,0,57,17,1
2551,1,0,1,1,0,63,6,1
2551,2,1,2,1,0,64,7,1
2551,3,2,3,1,1,65,8,1
2551,4,3,4,1,0,66,9,1
2551,5,4,5,1,0,67,10,1
2551,6,5,6,1,0,68,11,1
2551,7,6,7,1,1,69,12,1
2551,8,7,8,1,1,70,13,1
2551,9,8,8.658,0.658,0,71,14,1
2552,1,0,1,1,0,66,10,1
2552,2,1,2,1,0,67,11,1
2552,3,2,3,1,0,68,12,1
2552,4,3,4,1,0,69,13,1
2552,5,4,5,1,0,70,14,1
2552,6,5,5.528,0.528,0,71,15,1
2553,1,0,1,1,0,60,9,1
2553,2,1,2,1,0,61,10,1
2553,3,2,3,1,0,62,11,1
2553,4,3,4,1,0,63,12,1
2553,5,4,4.837,0.837,0,64,13,1
2554,1,0,1,1,0,33,14,1
2554,2,1,2,1,0,34,15,1
2554,3,2,3,1,0,35,16,1
2554,4,3,4,1,0,36,17,1
2554,5,4,4.984,0.984,0,37,18,1
2555,1,0,1,1,2,23,7,1
2555,2,1,2,1,0,24,8,1
2555,3,2,2.089,0.089,0,25,9,1
2556,1,0,1,1,0,81,11,1
2556,2,1,1.132,0.132,0,82,12,1
2557,1,0,1,1,0,38,5,1
2557,2,1,1.573,0.573,0,39,6,1
2558,1,0,1,1,0,59,14,1
2558,2,1,2,1,0,60,15,1
2558,3,2,3,1,0,61,16,1
2558,4,3,4,1,0,62,17,1
2558,5,4,5,1,0,63,18,1
2558,6,5,6,1,0,64,19,1
2558,7,6,7,1,0,65,20,1
2558,8,7,7.424,0.424,0,66,21,1
2559,1,0,1,1,0,44,0,1
2559,2,1,2,1,0,45,1,1
2559,3,2,3,1,0,46,2,1
2559,4,3,3.074,0.074,0,47,3,1
2560,1,0,1,1,0,30,6,1
2560,2,1,2,1,0,31,7,1
2560,3,2,3,1,0,32,8,1
2560,4,3,4,1,0,33,9,1
2560,5,4,5,1,0,34,10,1
2560,6,5,6,1,0,35,11,1
2560,7,6,7,1,0,36,12,1
2560,8,7,7.552,0.552,0,37,13,1
2561,1,0,1,1,0,29,8,1
2561,2,1,1.286,0.286,0,30,9,1
2562,1,0,1,1,0,50,11,1
2562,2,1,2,1,0,51,12,1
2562,3,2,3,1,0,52,13,1
2562,4,3,3.128,0.128,0,53,14,1
2563,1,0,1,1,1,55,23,1
2563,2,1,2,1,0,56,24,1
2563,3,2,3,1,0,57,25,1
2563,4,3,4,1,0,58,26,1
2563,5,4,5,1,1,59,27,1
2563,6,5,6,1,0,60,28,1
2563,7,6,7,1,1,61,29,1
2563,8,7,7.871,0.871,0,62,30,1
2564,1,0,1,1,0,69,13,1
2564,2,1,2,1,0,70,14,1
2564,3,2,3,1,0,71,15,1
2564,4,3,4,1,0,72,16,1
2564,5,4,5,1,0,73,17,1
2564,6,5,6,1,0,74,18,1
2564,7,6,7,1,0,75,19,1
2564,8,7,7.683,0.683,1,76,20,1
2565,1,0,1,1,0,38,3,1
2565,2,1,2,1,0,39,4,1
2565,3,2,3,1,0,40,5,1
2565,4,3,4,1,1,41,6,1
2565,5,4,4.552,0.552,0,42,7,1
2566,1,0,1,1,0,39,6,1
2566,2,1,2,1,0,40,7,1
2566,3,2,3,1,0,41,8,1
2566,4,3,4,1,0,42,9,1
2566,5,4,5,1,0,43,10,1
2566,6,5,6,1,0,44,11,1
2566,7,6,7,1,0,45,12,1
2566,8,7,8,1,0,46,13,1
2566,9,8,8.455,0.455,0,47,14,1
2567,1,0,1,1,0,55,0,1
2567,2,1,2,1,0,56,1,1
2567,3,2,3,1,0,57,2,1
2567,4,3,4,1,0,58,3,1
2567,5,4,5,1,0,59,4,1
2567,6,5,6,1,0,60,5,1
2567,7,6,6.054,0.054,0,61,6,1
2568,1,0,1,1,1,35,10,1
2568,2,1,2,1,0,36,11,1
2568,3,2,3,1,0,37,12,1
2568,4,3,4,1,1,38,13,1
2568,5,4,4.748,0.748,0,39,14,1
2569,1,0,0.872,0.872,1,66,11,1
2570,1,0,1,1,0,65,13,1
2570,2,1,2,1,0,66,14,1
2570,3,2,3,1,0,67,15,1
2570,4,3,4,1,0,68,16,1
2570,5,4,5,1,0,69,17,1
2570,6,5,6,1,0,70,18,1
2570,7,6,6.326,0.326,0,71,19,1
2571,1,0,0.799,0.799,0,47,0,1
2572,1,0,1,1,0,51,19,1
2572,2,1,2,1,0,52,20,1
2572,3,2,3,1,1,53,21,1
2572,4,3,4,1,0,54,22,1
2572,5,4,4.388,0.388,0,55,23,1
2573,1,0,1,1,2,33,10,1
2573,2,1,2,1,1,34,11,1
2573,3,2,3,1,2,35,12,1
2573,4,3,4,1,3,36,13,1
2573,5,4,5,1,1,37,14,1
2573,6,5,6,1,1,38,15,1
2573,7,6,7,1,1,39,16,1
2573,8,7,8,1,1,40,17,1
2573,9,8,9,1,0,41,18,1
2573,10,9,9.692,0.692,0,42,19,1
2574,1,0,1,1,0,48,3,1
2574,2,1,2,1,0,49,4,1
2574,3,2,2.063,0.063,0,50,5,1
2575,1,0,1,1,0,35,13,1
2575,2,1,2,1,1,36,14,1
2575,3,2,3,1,0,37,15,1
2575,4,3,4,1,0,38,16,1
2575,5,4,5,1,0,39,17,1
2575,6,5,5.508,0.508,0,40,18,1
2576,1,0,1,1,0,47,2,1
2576,2,1,1.175,0.175,0,48,3,1
2577,1,0,1,1,0,44,13,1
2577,2,1,2,1,0,45,14,1
2577,3,2,3,1,0,46,15,1
2577,4,3,4,1,0,47,16,1
2577,5,4,5,1,0,48,17,1
2577,6,5,5.025,0.025,0,49,18,1
2578,1,0,1,1,0,49,2,1
2578,2,1,2,1,0,50,3,1
2578,3,2,3,1,0,51,4,1
2578,4,3,4,1,0,52,5,1
2578,5,4,4.292,0.292,0,53,6,1
2579,1,0,1,1,0,63,12,1
2579,2,1,2,1,0,64,13,1
2579,3,2,3,1,0,65,14,1
2579,4,3,4,1,0,66,15,1
2579,5,4,5,1,0,67,16,1
2579,6,5,6,1,0,68,17,1
2579,7,6,6.576,0.576,0,69,18,1
2580,1,0,1,1,0,66,0,1
2580,2,1,2,1,0,67,1,1
2580,3,2,2.651,0.651,0,68,2,1
2581,1,0,1,1,0,40,13,1
2581,2,1,2,1,0,41,14,1
2581,3,2,3,1,0,42,15,1
2581,4,3,4,1,0,43,16,1
2581,5,4,4.555,0.555,0,44,17,1
2582,1,0,1,1,0,23,8,1
2582,2,1,2,1,0,24,9,1
2582,3,2,2.505,0.505,0,25,10,1
2583,1,0,1,1,0,44,3,1
2583,2,1,2,1,0,45,4,1
2583,3,2,3,1,0,46,5,1
2583,4,3,4,1,0,47,6,1
2583,5,4,5,1,0,48,7,1
2583,6,5,5.343,0.343,0,49,8,1
2584,1,0,1,1,0,44,17,1
2584,2,1,2,1,0,45,18,1
2584,3,2,3,1,1,46,19,1
2584,4,3,3.61,0.61,0,47,20,1
2585,1,0,0.561,0.561,0,42,18,1
2586,1,0,1,1,2,25,8,1
2586,2,1,2,1,0,26,9,1
2586,3,2,2.316,0.316,0,27,10,1
2587,1,0,1,1,0,65,0,1
2587,2,1,2,1,0,66,1,1
2587,3,2,2.049,0.049,0,67,2,1
2588,1,0,1,1,0,34,15,1
2588,2,1,2,1,1,35,16,1
2588,3,2,3,1,0,36,17,1
2588,4,3,4,1,0,37,18,1
2588,5,4,4.174,0.174,0,38,19,1
2589,1,0,1,1,0,66,6,1
2589,2,1,2,1,0,67,7,1
2589,3,2,2.071,0.071,0,68,8,1
2590,1,0,1,1,0,39,8,1
2590,2,1,2,1,0,40,9,1
2590,3,2,2.199,0.199,0,41,10,1
2591,1,0,1,1,0,52,2,1
2591,2,1,2,1,0,53,3,1
2591,3,2,3,1,0,54,4,1
2591,4,3,4,1,0,55,5,1
2591,5,4,4.612,0.612,0,56,6,1
2592,1,0,1,1,0,81,13,1
2592,2,1,2,1,0,82,14,1
2592,3,2,2.999,0.999,0,83,15,1
2593,1,0,1,1,0,50,9,1
2593,2,1,2,1,0,51,10,1
2593,3,2,3,1,0,52,11,1
2593,4,3,4,1,0,53,12,1
2593,5,4,5,1,0,54,13,1
2593,6,5,6,1,0,55,14,1
2593,7,6,7,1,1,56,15,1
2593,8,7,8,1,0,57,16,1
2593,9,8,8.226,0.226,0,58,17,1
2594,1,0,1,1,0,36,2,1
2594,2,1,2,1,0,37,3,1
2594,3,2,2.922,0.922,0,38,4,1
2595,1,0,1,1,0,67,1,1
2595,2,1,2,1,0,68,2,1
2595,3,2,3,1,0,69,3,1
2595,4,3,4,1,1,70,4,1
2595,5,4,5,1,0,71,5,1
2595,6,5,6,1,0,72,6,1
2595,7,6,6.746,0.746,0,73,7,1
2596,1,0,1,1,1,35,15,1
2596,2,1,1.473,0.473,0,36,16,1
2597,1,0,1,1,1,45,6,1
2597,2,1,2,1,1,46,7,1
2597,3,2,3,1,0,47,8,1
2597,4,3,4,1,0,48,9,1
2597,5,4,5,1,0,49,10,1
2597,6,5,6,1,0,50,11,1
2597,7,6,7,1,0,51,12,1
2597,8,7,7.036,0.036,0,52,13,1
2598,1,0,1,1,0,62,6,1
2598,2,1,2,1,0,63,7,1
2598,3,2,3,1,0,64,8,1
2598,4,3,4,1,0,65,9,1
2598,5,4,4.098,0.098,0,66,10,1
2599,1,0,1,1,0,41,8,1
2599,2,1,1.352,0.352,0,42,9,1
2600,1,0,1,1,0,25,2,1
2600,2,1,2,1,0,26,3,1
2600,3,2,3,1,0,27,4,1
2600,4,3,4,1,0,28,5,1
2600,5,4,5,1,0,29,6,1
2600,6,5,5.689,0.689,0,30,7,1
2601,1,0,1,1,0,70,11,1
2601,2,1,2,1,0,71,12,1
2601,3,2,2.266,0.266,0,72,13,1
2602,1,0,1,1,0,57,8,1
2602,2,1,2,1,0,58,9,1
2602,3,2,2.917,0.917,0,59,10,1
2603,1,0,1,1,0,24,16,1
2603,2,1,1.42,0.42,0,25,17,1
2604,1,0,1,1,0,39,5,1
2604,2,1,2,1,0,40,6,1
2604,3,2,2.74,0.74,0,41,7,1
2605,1,0,1,1,0,18,11,1
2605,2,1,2,1,0,19,12,1
2605,3,2,3,1,0,20,13,1
2605,4,3,4,1,0,21,14,1
2605,5,4,5,1,1,22,15,1
2605,6,5,6,1,0,23,16,1
2605,7,6,7,1,0,24,17,1
2605,8,7,7.662,0.662,0,25,18,1
2606,1,0,1,1,0,78,10,1
2606,2,1,2,1,0,79,11,1
2606,3,2,3,1,0,80,12,1
2606,4,3,4,1,0,81,13,1
2606,5,4,5,1,1,82,14,1
2606,6,5,5.012,0.012,0,83,15,1
2607,1,0,1,1,0,41,16,1
2607,2,1,2,1,0,42,17,1
2607,3,2,3,1,0,43,18,1
2607,4,3,4,1,0,44,19,1
2607,5,4,5,1,0,45,20,1
2607,6,5,6,1,0,46,21,1
2607,7,6,6.125,0.125,0,47,22,1
2608,1,0,1,1,0,29,12,1
2608,2,1,2,1,0,30,13,1
2608,3,2,2.997,0.997,0,31,14,1
2609,1,0,1,1,0,61,4,1
2609,2,1,1.497,0.497,0,62,5,1
2610,1,0,1,1,0,18,3,1
2610,2,1,1.918,0.918,0,19,4,1
2611,1,0,1,1,0,32,6,1
2611,2,1,2,1,0,33,7,1
2611,3,2,2.146,0.146,0,34,8,1
2612,1,0,1,1,0,42,14,1
2612,2,1,2,1,0,43,15,1
2612,3,2,2.096,0.096,0,44,16,1
2613,1,0,1,1,0,31,11,1
2613,2,1,2,1,1,32,12,1
2613,3,2,2.727,0.727,0,33,13,1
2614,1,0,1,1,1,49,6,1
2614,2,1,2,1,0,50,7,1
2614,3,2,3,1,0,51,8,1
2614,4,3,3.291,0.291,0,52,9,1
2615,1,0,1,1,0,21,8,1
2615,2,1,1.123,0.123,0,22,9,1
2616,1,0,1,1,0,53,10,1
2616,2,1,2,1,0,54,11,1
2616,3,2,3,1,0,55,12,1
2616,4,3,3.898,0.898,0,56,13,1
2617,1,0,1,1,1,41,3,1
2617,2,1,2,1,0,42,4,1
2617,3,2,3,1,1,43,5,1
2617,4,3,3.494,0.494,1,44,6,1
2618,1,0,1,1,0,53,10,1
2618,2,1,2,1,0,54,11,1
2618,3,2,2.698,0.698,0,55,12,1
2619,1,0,1,1,0,77,8,1
2619,2,1,2,1,0,78,9,1
2619,3,2,3,1,0,79,10,1
2619,4,3,4,1,0,80,11,1
2619,5,4,5,1,1,81,12,1
2619,6,5,6,1,0,82,13,1
2619,7,6,6.872,0.872,0,83,14,1
2620,1,0,1,1,0,59,14,1
2620,2,1,2,1,0,60,15,1
2620,3,2,3,1,0,61,16,1
2620,4,3,4,1,0,62,17,1
2620,5,4,5,1,1,63,18,1
2620,6,5,6,1,0,64,19,1
2620,7,6,7,1,0,65,20,1
2620,8,7,7.757,0.757,0,66,21,1
2621,1,0,1,1,0,44,12,1
2621,2,1,2,1,0,45,13,1
2621,3,2,3,1,0,46,14,1
2621,4,3,3.525,0.525,0,47,15,1
2622,1,0,1,1,1,26,2,1
2622,2,1,2,1,0,27,3,1
2622,3,2,3,1,0,28,4,1
2622,4,3,4,1,0,29,5,1
2622,5,4,5,1,1,30,6,1
2622,6,5,5.889,0.889,0,31,7,1
2623,1,0,1,1,1,25,8,1
2623,2,1,2,1,0,26,9,1
2623,3,2,3,1,0,27,10,1
2623,4,3,4,1,0,28,11,1
2623,5,4,5,1,0,29,12,1
2623,6,5,6,1,0,30,13,1
2623,7,6,7,1,0,31,14,1
2623,8,7,7.487,0.487,0,32,15,1
2624,1,0,1,1,0,39,3,1
2624,2,1,2,1,0,40,4,1
2624,3,2,3,1,0,41,5,1
2624,4,3,4,1,0,42,6,1
2624,5,4,5,1,0,43,7,1
2624,6,5,5.017,0.017,0,44,8,1
2625,1,0,1,1,0,30,15,1
2625,2,1,2,1,0,31,16,1
2625,3,2,3,1,0,32,17,1
2626,1,0,1,1,0,61,10,1
2626,2,1,2,1,0,62,11,1
2626,3,2,3,1,0,63,12,1
2626,4,3,3.327,0.327,0,64,13,1
2627,1,0,1,1,0,39,5,1
2627,2,1,2,1,1,40,6,1
2627,3,2,3,1,0,41,7,1
2627,4,3,4,1,0,42,8,1
2627,5,4,5,1,0,43,9,1
2627,6,5,6,1,0,44,10,1
2627,7,6,6.046,0.046,0,45,11,1
2628,1,0,1,1,0,41,6,1
2628,2,1,2,1,0,42,7,1
2628,3,2,3,1,0,43,8,1
2628,4,3,4,1,0,44,9,1
2628,5,4,4.133,0.133,0,45,10,1
2629,1,0,1,1,0,49,10,1
2629,2,1,2,1,0,50,11,1
2629,3,2,2.599,0.599,0,51,12,1
2630,1,0,1,1,0,53,5,1
2630,2,1,2,1,0,54,6,1
2630,3,2,3,1,0,55,7,1
2630,4,3,4,1,1,56,8,1
2630,5,4,5,1,0,57,9,1
2630,6,5,6,1,0,58,10,1
2630,7,6,7,1,0,59,11,1
2630,8,7,8,1,0,60,12,1
2630,9,8,9,1,0,61,13,1
2630,10,9,9.054,0.054,0,62,14,1
2631,1,0,1,1,0,24,5,1
2631,2,1,2,1,0,25,6,1
2631,3,2,2.476,0.476,0,26,7,1
2632,1,0,1,1,0,33,6,1
2632,2,1,1.857,0.857,0,34,7,1
2633,1,0,1,1,0,54,7,1
2633,2,1,2,1,0,55,8,1
2633,3,2,2.635,0.635,0,56,9,1
2634,1,0,1,1,0,64,10,1
2634,2,1,2,1,0,65,11,1
2634,3,2,3,1,0,66,12,1
2634,4,3,4,1,0,67,13,1
2634,5,4,4.061,0.061,0,68,14,1
2635,1,0,1,1,0,52,0,1
2635,2,1,2,1,0,53,1,1
2635,3,2,3,1,0,54,2,1
2635,4,3,4,1,0,55,3,1
2635,5,4,5,1,0,56,4,1
2635,6,5,6,1,0,57,5,1
2635,7,6,6.263,0.263,0,58,6,1
2636,1,0,1,1,0,36,7,1
2636,2,1,1.366,0.366,0,37,8,1
2637,1,0,1,1,0,20,16,1
2637,2,1,2,1,0,21,17,1
2637,3,2,3,1,0,22,18,1
2637,4,3,3.936,0.936,0,23,19,1
2638,1,0,1,1,0,44,13,1
2638,2,1,1.348,0.348,0,45,14,1
2639,1,0,1,1,0,69,1,1
2639,2,1,2,1,0,70,2,1
2639,3,2,3,1,0,71,3,1
2639,4,3,3.57,0.57,0,72,4,1
2640,1,0,1,1,0,66,9,1
2640,2,1,2,1,0,67,10,1
2640,3,2,2.375,0.375,0,68,11,1
2641,1,0,1,1,0,55,3,1
2641,2,1,2,1,0,56,4,1
2641,3,2,3,1,0,57,5,1
2641,4,3,4,1,0,58,6,1
2641,5,4,4.226,0.226,0,59,7,1
2642,1,0,1,1,1,31,2,1
2642,2,1,2,1,1,32,3,1
2642,3,2,2.476,0.476,0,33,4,1
2643,1,0,1,1,0,18,2,1
2643,2,1,2,1,0,19,3,1
2643,3,2,2.662,0.662,0,20,4,1
2644,1,0,1,1,0,49,9,1
2644,2,1,2,1,0,50,10,1
2644,3,2,2.003,0.003,0,51,11,1
2645,1,0,1,1,0,60,7,1
2645,2,1,2,1,0,61,8,1
2645,3,2,3,1,1,62,9,1
2645,4,3,4,1,1,63,10,1
2645,5,4,5,1,0,64,11,1
2645,6,5,6,1,0,65,12,1
2645,7,6,6.556,0.556,0,66,13,1
2646,1,0,0.905,0.905,0,39,7,1
2647,1,0,0.63,0.63,0,45,6,1
2648,1,0,1,1,0,40,14,1
2648,2,1,2,1,0,41,15,1
2648,3,2,2.161,0.161,0,42,16,1
2649,1,0,1,1,0,34,2,1
2649,2,1,1.064,0.064,0,35,3,1
2650,1,0,1,1,0,46,10,1
2650,2,1,2,1,0,47,11,1
2650,3,2,2.444,0.444,0,48,12,1
2651,1,0,1,1,0,46,10,1
2651,2,1,2,1,0,47,11,1
2651,3,2,3,1,0,48,12,1
2651,4,3,4,1,0,49,13,1
2651,5,4,5,1,0,50,14,1
2651,6,5,6,1,0,51,15,1
2651,7,6,6.025,0.025,0,52,16,1
2652,1,0,1,1,0,60,0,1
2652,2,1,2,1,0,61,1,1
2652,3,2,3,1,0,62,2,1
2652,4,3,4,1,0,63,3,1
2652,5,4,5,1,0,64,4,1
2652,6,5,5.304,0.304,0,65,5,1
2653,1,0,1,1,0,52,8,1
2653,2,1,2,1,0,53,9,1
2653,3,2,3,1,0,54,10,1
2653,4,3,4,1,0,55,11,1
2653,5,4,5,1,0,56,12,1
2653,6,5,6,1,0,57,13,1
2653,7,6,6.705,0.705,0,58,14,1
2654,1,0,1,1,0,58,9,1
2654,2,1,2,1,0,59,10,1
2654,3,2,2.521,0.521,0,60,11,1
2655,1,0,1,1,0,51,9,1
2655,2,1,2,1,0,52,10,1
2655,3,2,3,1,0,53,11,1
2655,4,3,4,1,0,54,12,1
2655,5,4,5,1,0,55,13,1
2655,6,5,5.724,0.724,0,56,14,1
2656,1,0,1,1,0,38,10,1
2656,2,1,2,1,0,39,11,1
2656,3,2,3,1,0,40,12,1
2656,4,3,4,1,0,41,13,1
2656,5,4,5,1,0,42,14,1
2656,6,5,6,1,0,43,15,1
2656,7,6,7,1,1,44,16,1
2656,8,7,8,1,0,45,17,1
2656,9,8,8.529,0.529,0,46,18,1
2657,1,0,1,1,0,43,12,1
2657,2,1,2,1,0,44,13,1
2657,3,2,2.306,0.306,0,45,14,1
2658,1,0,1,1,0,50,14,1
2658,2,1,2,1,0,51,15,1
2658,3,2,3,1,0,52,16,1
2658,4,3,4,1,0,53,17,1
2658,5,4,5,1,2,54,18,1
2658,6,5,6,1,0,55,19,1
2658,7,6,7,1,0,56,20,1
2658,8,7,7.654,0.654,0,57,21,1
2659,1,0,1,1,0,69,2,1
2659,2,1,2,1,0,70,3,1
2659,3,2,2.834,0.834,0,71,4,1
2660,1,0,1,1,0,41,5,1
2660,2,1,2,1,0,42,6,1
2660,3,2,3,1,0,43,7,1
2660,4,3,4,1,0,44,8,1
2660,5,4,5,1,1,45,9,1
2660,6,5,6,1,0,46,10,1
2660,7,6,7,1,0,47,11,1
2660,8,7,7.291,0.291,0,48,12,1
2661,1,0,1,1,0,51,14,1
2661,2,1,2,1,0,52,15,1
2661,3,2,3,1,1,53,16,1
2661,4,3,4,1,0,54,17,1
2661,5,4,5,1,0,55,18,1
2661,6,5,5.815,0.815,1,56,19,1
2662,1,0,1,1,0,55,6,1
2662,2,1,2,1,0,56,7,1
2662,3,2,2.333,0.333,0,57,8,1
2663,1,0,1,1,0,26,8,1
2663,2,1,2,1,0,27,9,1
2663,3,2,2.491,0.491,0,28,10,1
2664,1,0,1,1,0,43,6,1
2664,2,1,2,1,0,44,7,1
2664,3,2,2.526,0.526,0,45,8,1
2665,1,0,1,1,0,43,12,1
2665,2,1,2,1,0,44,13,1
2665,3,2,3,1,0,45,14,1
2665,4,3,4,1,0,46,15,1
2665,5,4,5,1,0,47,16,1
2665,6,5,6,1,0,48,17,1
2665,7,6,7,1,0,49,18,1
2665,8,7,8,1,0,50,19,1
2665,9,8,8.129,0.129,0,51,20,1
2666,1,0,1,1,0,66,4,1
2666,2,1,2,1,0,67,5,1
2666,3,2,3,1,0,68,6,1
2666,4,3,3.038,0.038,0,69,7,1
2667,1,0,1,1,0,33,6,1
2667,2,1,2,1,0,34,7,1
2667,3,2,2.715,0.715,0,35,8,1
2668,1,0,1,1,0,37,16,1
2668,2,1,2,1,0,38,17,1
2668,3,2,3,1,1,39,18,1
2668,4,3,4,1,1,40,19,1
2668,5,4,5,1,0,41,20,1
2668,6,5,6,1,0,42,21,1
2668,7,6,7,1,0,43,22,1
2668,8,7,8,1,0,44,23,1
2668,9,8,8.861,0.861,0,45,24,1
2669,1,0,1,1,0,42,7,1
2669,2,1,2,1,0,43,8,1
2669,3,2,3,1,0,44,9,1
2669,4,3,4,1,0,45,10,1
2669,5,4,5,1,0,46,11,1
2669,6,5,6,1,0,47,12,1
2669,7,6,7,1,0,48,13,1
2669,8,7,8,1,0,49,14,1
2669,9,8,9,1,0,50,15,1
2669,10,9,9.165,0.165,0,51,16,1
2670,1,0,1,1,0,54,6,1
2670,2,1,2,1,0,55,7,1
2670,3,2,3,1,0,56,8,1
2670,4,3,4,1,1,57,9,1
2670,5,4,5,1,0,58,10,1
2670,6,5,6,1,1,59,11,1
2670,7,6,7,1,0,60,12,1
2670,8,7,8,1,0,61,13,1
2670,9,8,8.966,0.966,0,62,14,1
2671,1,0,1,1,1,24,14,1
2671,2,1,2,1,0,25,15,1
2671,3,2,3,1,1,26,16,1
2671,4,3,4,1,0,27,17,1
2671,5,4,5,1,1,28,18,1
2671,6,5,5.472,0.472,0,29,19,1
2672,1,0,1,1,0,52,11,1
2672,2,1,2,1,1,53,12,1
2672,3,2,3,1,0,54,13,1
2672,4,3,3.581,0.581,0,55,14,1
2673,1,0,1,1,0,48,5,1
2673,2,1,2,1,0,49,6,1
2673,3,2,3,1,0,50,7,1
2673,4,3,4,1,0,51,8,1
2673,5,4,5,1,1,52,9,1
2673,6,5,5.019,0.019,0,53,10,1
2674,1,0,1,1,0,66,10,1
2674,2,1,2,1,0,67,11,1
2674,3,2,3,1,0,68,12,1
2674,4,3,4,1,0,69,13,1
2674,5,4,4.249,0.249,0,70,14,1
2675,1,0,1,1,0,65,4,1
2675,2,1,2,1,0,66,5,1
2675,3,2,3,1,1,67,6,1
2675,4,3,4,1,0,68,7,1
2675,5,4,5,1,0,69,8,1
2675,6,5,6,1,0,70,9,1
2675,7,6,7,1,0,71,10,1
2675,8,7,8,1,0,72,11,1
2675,9,8,9,1,0,73,12,1
2675,10,9,9.918,0.918,0,74,13,1
2676,1,0,1,1,0,36,12,1
2676,2,1,2,1,0,37,13,1
2676,3,2,2.982,0.982,0,38,14,1
2677,1,0,1,1,0,53,10,1
2677,2,1,2,1,0,54,11,1
2677,3,2,3,1,0,55,12,1
2677,4,3,3.056,0.056,0,56,13,1
2678,1,0,0.503,0.503,0,38,12,1
2679,1,0,1,1,0,44,0,1
2679,2,1,2,1,0,45,1,1
2679,3,2,3,1,0,46,2,1
2679,4,3,4,1,1,47,3,1
2679,5,4,4.328,0.328,0,48,4,1
2680,1,0,1,1,0,49,14,1
2680,2,1,2,1,0,50,15,1
2680,3,2,3,1,2,51,16,1
2680,4,3,4,1,0,52,17,1
2680,5,4,4.71,0.71,0,53,18,1
2681,1,0,1,1,0,24,8,1
2681,2,1,2,1,0,25,9,1
2681,3,2,3,1,0,26,10,1
2681,4,3,3.201,0.201,0,27,11,1
2682,1,0,1,1,0,53,3,1
2682,2,1,2,1,0,54,4,1
2682,3,2,3,1,0,55,5,1
2682,4,3,4,1,0,56,6,1
2682,5,4,5,1,0,57,7,1
2682,6,5,6,1,0,58,8,1
2682,7,6,7,1,0,59,9,1
2682,8,7,8,1,0,60,10,1
2682,9,8,8.717,0.717,0,61,11,1
2683,1,0,1,1,0,43,13,1
2683,2,1,2,1,0,44,14,1
2683,3,2,3,1,0,45,15,1
2683,4,3,4,1,0,46,16,1
2683,5,4,4.957,0.957,0,47,17,1
2684,1,0,1,1,0,34,7,1
2684,2,1,2,1,0,35,8,1
2684,3,2,3,1,0,36,9,1
2684,4,3,4,1,0,37,10,1
2684,5,4,5,1,1,38,11,1
2684,6,5,6,1,0,39,12,1
2684,7,6,7,1,0,40,13,1
2684,8,7,8,1,0,41,14,1
2684,9,8,8.531,0.531,0,42,15,1
2685,1,0,1,1,0,21,3,1
2685,2,1,2,1,0,22,4,1
2685,3,2,3,1,0,23,5,1
2685,4,3,3.525,0.525,0,24,6,1
2686,1,0,1,1,0,47,9,1
2686,2,1,1.177,0.177,0,48,10,1
2687,1,0,1,1,0,72,10,1
2687,2,1,1.112,0.112,0,73,11,1
2688,1,0,1,1,0,61,1,1
2688,2,1,2,1,0,62,2,1
2688,3,2,3,1,0,63,3,1
2688,4,3,4,1,0,64,4,1
2688,5,4,5,1,0,65,5,1
2688,6,5,6,1,0,66,6,1
2688,7,6,6.496,0.496,0,67,7,1
2689,1,0,1,1,0,53,17,1
2689,2,1,2,1,0,54,18,1
2689,3,2,2.869,0.869,0,55,19,1
2690,1,0,1,1,0,49,19,1
2690,2,1,1.684,0.684,0,50,20,1
2691,1,0,1,1,0,45,6,1
2691,2,1,2,1,0,46,7,1
2691,3,2,3,1,0,47,8,1
2691,4,3,4,1,0,48,9,1
2691,5,4,4.088,0.088,0,49,10,1
2692,1,0,1,1,0,18,11,1
2692,2,1,2,1,0,19,12,1
2692,3,2,3,1,0,20,13,1
2692,4,3,4,1,0,21,14,1
2692,5,4,4.382,0.382,0,22,15,1
2693,1,0,1,1,0,44,3,1
2693,2,1,1.833,0.833,0,45,4,1
2694,1,0,1,1,0,35,1,1
2694,2,1,2,1,0,36,2,1
2694,3,2,3,1,0,37,3,1
2694,4,3,4,1,0,38,4,1
2694,5,4,4.404,0.404,0,39,5,1
2695,1,0,1,1,0,56,8,1
2695,2,1,1.238,0.238,0,57,9,1
2696,1,0,1,1,0,51,15,1
2696,2,1,2,1,0,52,16,1
2696,3,2,3,1,0,53,17,1
2696,4,3,4,1,0,54,18,1
2696,5,4,5,1,0,55,19,1
2696,6,5,6,1,0,56,20,1
2696,7,6,7,1,0,57,21,1
2696,8,7,8,1,0,58,22,1
2696,9,8,9,1,0,59,23,1
2696,10,9,9.794,0.794,0,60,24,1
2697,1,0,1,1,1,47,11,1
2697,2,1,2,1,1,48,12,1
2697,3,2,3,1,0,49,13,1
2697,4,3,4,1,0,50,14,1
2697,5,4,5,1,0,51,15,1
2697,6,5,6,1,1,52,16,1
2697,7,6,7,1,0,53,17,1
2697,8,7,8,1,0,54,18,1
2697,9,8,9,1,1,55,19,1
2697,10,9,9.102,0.102,0,56,20,1
2698,1,0,1,1,1,42,10,1
2698,2,1,1.683,0.683,0,43,11,1
2699,1,0,1,1,0,57,6,1
2699,2,1,2,1,1,58,7,1
2699,3,2,3,1,0,59,8,1
2699,4,3,4,1,0,60,9,1
2699,5,4,4.25,0.25,0,61,10,1
2700,1,0,1,1,1,60,5,1
2700,2,1,1.679,0.679,2,61,6,1
2701,1,0,1,1,0,47,3,1
2701,2,1,2,1,0,48,4,1
2701,3,2,2.982,0.982,0,49,5,1
2702,1,0,1,1,0,37,6,1
2702,2,1,2,1,0,38,7,1
2702,3,2,3,1,0,39,8,1
2702,4,3,4,1,1,40,9,1
2702,5,4,5,1,0,41,10,1
2702,6,5,5.099,0.099,0,42,11,1
2703,1,0,1,1,0,50,1,1
2703,2,1,2,1,0,51,2,1
2703,3,2,2.882,0.882,0,52,3,1
2704,1,0,1,1,0,52,6,1
2704,2,1,2,1,0,53,7,1
2704,3,2,3,1,0,54,8,1
2704,4,3,4,1,0,55,9,1
2704,5,4,5,1,0,56,10,1
2704,6,5,6,1,0,57,11,1
2704,7,6,6.597,0.597,0,58,12,1
2705,1,0,1,1,0,50,12,1
2705,2,1,2,1,0,51,13,1
2705,3,2,2.182,0.182,1,52,14,1
2706,1,0,1,1,0,65,2,1
2706,2,1,2,1,0,66,3,1
2706,3,2,3,1,1,67,4,1
2706,4,3,4,1,0,68,5,1
2706,5,4,5,1,0,69,6,1
2706,6,5,5.973,0.973,0,70,7,1
2707,1,0,1,1,0,37,4,1
2707,2,1,2,1,0,38,5,1
2707,3,2,2.524,0.524,0,39,6,1
2708,1,0,1,1,0,61,3,1
2708,2,1,2,1,0,62,4,1
2708,3,2,2.734,0.734,0,63,5,1
2709,1,0,1,1,0,41,16,1
2709,2,1,1.131,0.131,0,42,17,1
2710,1,0,1,1,1,44,7,1
2710,2,1,2,1,0,45,8,1
2710,3,2,3,1,0,46,9,1
2710,4,3,4,1,0,47,10,1
2710,5,4,5,1,0,48,11,1
2710,6,5,6,1,0,49,12,1
2710,7,6,6.893,0.893,0,50,13,1
2711,1,0,1,1,0,37,10,1
2711,2,1,2,1,0,38,11,1
2711,3,2,3,1,0,39,12,1
2711,4,3,4,1,0,40,13,1
2711,5,4,5,1,0,41,14,1
2711,6,5,6,1,0,42,15,1
2711,7,6,7,1,0,43,16,1
2711,8,7,8,1,1,44,17,1
2711,9,8,8.564,0.564,0,45,18,1
2712,1,0,1,1,0,51,2,1
2712,2,1,2,1,0,52,3,1
2712,3,2,3,1,0,53,4,1
2712,4,3,3.603,0.603,0,54,5,1
2713,1,0,1,1,0,71,15,1
2713,2,1,2,1,0,72,16,1
2713,3,2,3,1,0,73,17,1
2713,4,3,4,1,0,74,18,1
2713,5,4,4.856,0.856,0,75,19,1
2714,1,0,1,1,0,58,10,1
2714,2,1,1.727,0.727,1,59,11,1
2715,1,0,1,1,0,57,7,1
2715,2,1,2,1,0,58,8,1
2715,3,2,3,1,0,59,9,1
2715,4,3,3.442,0.442,0,60,10,1
2716,1,0,1,1,0,37,9,1
2716,2,1,2,1,0,38,10,1
2716,3,2,2.22,0.22,0,39,11,1
2717,1,0,1,1,0,44,8,1
2717,2,1,2,1,0,45,9,1
2717,3,2,3,1,0,46,10,1
2717,4,3,4,1,0,47,11,1
2717,5,4,5,1,0,48,12,1
2717,6,5,6,1,0,49,13,1
2717,7,6,7,1,0,50,14,1
2717,8,7,7.959,0.959,0,51,15,1
2718,1,0,1,1,0,29,14,1
2718,2,1,1.87,0.87,0,30,15,1
2719,1,0,1,1,1,68,18,1
2719,2,1,2,1,1,69,19,1
2719,3,2,3,1,0,70,20,1
2719,4,3,3.405,0.405,0,71,21,1
2720,1,0,0.13,0.13,0,62,9,1
2721,1,0,1,1,0,66,8,1
2721,2,1,2,1,0,67,9,1
2721,3,2,2.876,0.876,0,68,10,1
2722,1,0,1,1,0,68,10,1
2722,2,1,2,1,1,69,11,1
2722,3,2,3,1,0,70,12,1
2722,4,3,4,1,0,71,13,1
2722,5,4,5,1,0,72,14,1
2722,6,5,6,1,0,73,15,1
2722,7,6,7,1,0,74,16,1
2722,8,7,8,1,0,75,17,1
2722,9,8,9,1,1,76,18,1
2722,10,9,9.749,0.749,0,77,19,1
2723,1,0,1,1,0,46,7,1
2723,2,1,2,1,0,47,8,1
2723,3,2,2.894,0.894,0,48,9,1
2724,1,0,1,1,0,36,8,1
2724,2,1,1.571,0.571,0,37,9,1
2725,1,0,1,1,0,18,11,1
2725,2,1,2,1,2,19,12,1
2725,3,2,2.778,0.778,0,20,13,1
2726,1,0,1,1,0,67,4,1
2726,2,1,2,1,0,68,5,1
2726,3,2,3,1,0,69,6,1
2726,4,3,4,1,1,70,7,1
2726,5,4,5,1,0,71,8,1
2726,6,5,6,1,0,72,9,1
2726,7,6,6.26,0.26,0,73,10,1
2727,1,0,1,1,1,45,2,1
2727,2,1,2,1,0,46,3,1
2727,3,2,3,1,0,47,4,1
2727,4,3,3.462,0.462,0,48,5,1
2728,1,0,1,1,1,73,15,1
2728,2,1,2,1,1,74,16,1
2728,3,2,3,1,1,75,17,1
2728,4,3,3.994,0.994,2,76,18,1
2729,1,0,1,1,1,39,10,1
2729,2,1,2,1,0,40,11,1
2729,3,2,3,1,0,41,12,1
2729,4,3,4,1,0,42,13,1
2729,5,4,5,1,0,43,14,1
2729,6,5,6,1,0,44,15,1
2729,7,6,6.17,0.17,0,45,16,1
2730,1,0,1,1,0,26,9,1
2730,2,1,2,1,0,27,10,1
2730,3,2,3,1,1,28,11,1
2730,4,3,4,1,0,29,12,1
2730,5,4,4.511,0.511,0,30,13,1
2731,1,0,1,1,0,55,9,1
2731,2,1,1.645,0.645,0,56,10,1
2732,1,0,1,1,0,62,0,1
2732,2,1,2,1,0,63,1,1
2732,3,2,3,1,0,64,2,1
2732,4,3,4,1,0,65,3,1
2732,5,4,5,1,0,66,4,1
2732,6,5,5.484,0.484,0,67,5,1
2733,1,0,0.605,0.605,1,88,11,1
2734,1,0,1,1,0,50,8,1
2734,2,1,2,1,0,51,9,1
2734,3,2,3,1,0,52,10,1
2734,4,3,4,1,0,53,11,1
2734,5,4,4.141,0.141,0,54,12,1
2735,1,0,1,1,0,27,14,1
2735,2,1,1.397,0.397,0,28,15,1
2736,1,0,1,1,0,69,8,1
2736,2,1,2,1,0,70,9,1
2736,3,2,3,1,0,71,10,1
2736,4,3,4,1,0,72,11,1
2736,5,4,5,1,0,73,12,1
2736,6,5,6,1,0,74,13,1
2736,7,6,6.909,0.909,0,75,14,1
2737,1,0,1,1,0,43,1,1
2737,2,1,2,1,0,44,2,1
2737,3,2,3,1,0,45,3,1
2737,4,3,3.918,0.918,0,46,4,1
2738,1,0,1,1,0,39,10,1
2738,2,1,2,1,0,40,11,1
2738,3,2,3,1,0,41,12,1
2738,4,3,4,1,0,42,13,1
2738,5,4,5,1,0,43,14,1
2738,6,5,6,1,0,44,15,1
2738,7,6,6.559,0.559,0,45,16,1
2739,1,0,1,1,0,62,2,1
2739,2,1,2,1,0,63,3,1
2739,3,2,3,1,0,64,4,1
2739,4,3,4,1,0,65,5,1
2739,5,4,5,1,0,66,6,1
2739,6,5,6,1,0,67,7,1
2739,7,6,7,1,0,68,8,1
2739,8,7,8,1,0,69,9,1
2739,9,8,8.808,0.808,0,70,10,1
2740,1,0,1,1,0,45,4,1
2740,2,1,2,1,0,46,5,1
2740,3,2,3,1,0,47,6,1
2740,4,3,4,1,0,48,7,1
2740,5,4,5,1,0,49,8,1
2740,6,5,6,1,0,50,9,1
2740,7,6,7,1,0,51,10,1
2740,8,7,8,1,0,52,11,1
2740,9,8,8.784,0.784,0,53,12,1
2741,1,0,0.838,0.838,0,34,6,1
2742,1,0,1,1,0,36,5,1
2742,2,1,2,1,1,37,6,1
2742,3,2,3,1,0,38,7,1
2742,4,3,4,1,0,39,8,1
2742,5,4,5,1,0,40,9,1
2742,6,5,6,1,0,41,10,1
2742,7,6,6.554,0.554,0,42,11,1
2743,1,0,1,1,0,39,2,1
2743,2,1,2,1,0,40,3,1
2743,3,2,3,1,0,41,4,1
2743,4,3,4,1,0,42,5,1
2743,5,4,4.033,0.033,0,43,6,1
2744,1,0,1,1,0,40,7,1
2744,2,1,2,1,0,41,8,1
2744,3,2,2.063,0.063,0,42,9,1
2745,1,0,1,1,0,84,10,1
2745,2,1,2,1,0,85,11,1
2745,3,2,3,1,0,86,12,1
2745,4,3,4,1,0,87,13,1
2745,5,4,5,1,0,88,14,1
2745,6,5,6,1,0,89,15,1
2745,7,6,6.228,0.228,0,90,16,1
2746,1,0,1,1,0,41,13,1
2746,2,1,1.052,0.052,0,42,14,1
2747,1,0,1,1,0,70,7,1
2747,2,1,2,1,0,71,8,1
2747,3,2,3,1,0,72,9,1
2747,4,3,4,1,0,73,10,1
2747,5,4,5,1,0,74,11,1
2747,6,5,6,1,0,75,12,1
2747,7,6,7,1,0,76,13,1
2747,8,7,7.538,0.538,0,77,14,1
2748,1,0,1,1,1,39,11,1
2748,2,1,2,1,0,40,12,1
2748,3,2,3,1,0,41,13,1
2748,4,3,3.367,0.367,0,42,14,1
2749,1,0,1,1,0,36,3,1
2749,2,1,2,1,0,37,4,1
2749,3,2,3,1,1,38,5,1
2749,4,3,4,1,0,39,6,1
2749,5,4,5,1,1,40,7,1
2749,6,5,5.498,0.498,0,41,8,1
2750,1,0,1,1,0,58,2,1
2750,2,1,2,1,0,59,3,1
2750,3,2,3,1,0,60,4,1
2750,4,3,4,1,0,61,5,1
2750,5,4,5,1,0,62,6,1
2750,6,5,6,1,0,63,7,1
2750,7,6,7,1,0,64,8,1
2750,8,7,8,1,0,65,9,1
2750,9,8,8.539,0.539,0,66,10,1
2751,1,0,1,1,0,63,0,1
2751,2,1,2,1,0,64,1,1
2751,3,2,3,1,0,65,2,1
2751,4,3,3.311,0.311,0,66,3,1
2752,1,0,1,1,0,65,4,1
2752,2,1,2,1,0,66,5,1
2752,3,2,3,1,0,67,6,1
2752,4,3,4,1,0,68,7,1
2752,5,4,5,1,0,69,8,1
2752,6,5,5.3,0.3,1,70,9,1
2753,1,0,1,1,0,62,10,1
2753,2,1,2,1,0,63,11,1
2753,3,2,3,1,0,64,12,1
2753,4,3,3.402,0.402,0,65,13,1
2754,1,0,1,1,0,49,8,1
2754,2,1,2,1,0,50,9,1
2754,3,2,3,1,0,51,10,1
2754,4,3,4,1,0,52,11,1
2754,5,4,5,1,0,53,12,1
2754,6,5,6,1,0,54,13,1
2754,7,6,7,1,0,55,14,1
2754,8,7,7.529,0.529,0,56,15,1
2755,1,0,1,1,0,59,14,1
2755,2,1,1.184,0.184,0,60,15,1
2756,1,0,1,1,0,28,11,1
2756,2,1,2,1,0,29,12,1
2756,3,2,2.245,0.245,1,30,13,1
2757,1,0,1,1,0,58,13,1
2757,2,1,2,1,0,59,14,1
2757,3,2,3,1,1,60,15,1
2757,4,3,3.876,0.876,1,61,16,1
2758,1,0,0.494,0.494,0,58,2,1
2759,1,0,1,1,0,45,7,1
2759,2,1,2,1,0,46,8,1
2759,3,2,2.338,0.338,1,47,9,1
2760,1,0,1,1,1,54,7,1
2760,2,1,2,1,1,55,8,1
2760,3,2,3,1,0,56,9,1
2760,4,3,3.441,0.441,0,57,10,1
2761,1,0,0.201,0.201,0,24,12,1
2762,1,0,1,1,0,51,7,1
2762,2,1,2,1,0,52,8,1
2762,3,2,3,1,0,53,9,1
2762,4,3,4,1,1,54,10,1
2762,5,4,5,1,0,55,11,1
2762,6,5,6,1,0,56,12,1
2762,7,6,6.02,0.02,0,57,13,1
2763,1,0,1,1,0,43,0,1
2763,2,1,2,1,0,44,1,1
2763,3,2,2.042,0.042,0,45,2,1
2764,1,0,1,1,0,52,4,1
2764,2,1,2,1,0,53,5,1
2764,3,2,2.906,0.906,0,54,6,1
2765,1,0,1,1,0,44,2,1
2765,2,1,2,1,0,45,3,1
2765,3,2,3,1,0,46,4,1
2765,4,3,4,1,0,47,5,1
2765,5,4,5,1,0,48,6,1
2765,6,5,5.374,0.374,0,49,7,1
2766,1,0,1,1,0,29,7,1
2766,2,1,2,1,0,30,8,1
2766,3,2,2.583,0.583,0,31,9,1
2767,1,0,1,1,0,30,5,1
2767,2,1,2,1,0,31,6,1
2767,3,2,3,1,1,32,7,1
2767,4,3,4,1,0,33,8,1
2767,5,4,5,1,0,34,9,1
2767,6,5,6,1,0,35,10,1
2767,7,6,6.963,0.963,0,36,11,1
2768,1,0,1,1,0,77,2,1
2768,2,1,2,1,1,78,3,1
2768,3,2,2.195,0.195,0,79,4,1
2769,1,0,1,1,0,37,19,1
2769,2,1,2,1,0,38,20,1
2769,3,2,3,1,0,39,21,1
2769,4,3,3.238,0.238,0,40,22,1
2770,1,0,1,1,0,51,12,1
2770,2,1,2,1,0,52,13,1
2770,3,2,3,1,0,53,14,1
2770,4,3,4,1,0,54,15,1
2770,5,4,5,1,0,55,16,1
2770,6,5,5.505,0.505,0,56,17,1
2771,1,0,1,1,0,66,9,1
2771,2,1,1.101,0.101,0,67,10,1
2772,1,0,1,1,0,18,3,1
2772,2,1,2,1,0,19,4,1
2772,3,2,3,1,0,20,5,1
2772,4,3,4,1,0,21,6,1
2772,5,4,5,1,0,22,7,1
2772,6,5,6,1,0,23,8,1
2772,7,6,7,1,0,24,9,1
2772,8,7,8,1,0,25,10,1
2772,9,8,9,1,0,26,11,1
2772,10,9,9.531,0.531,0,27,12,1
2773,1,0,1,1,0,72,11,1
2773,2,1,2,1,0,73,12,1
2773,3,2,2.714,0.714,0,74,13,1
2774,1,0,0.48,0.48,0,64,12,1
2775,1,0,1,1,0,35,9,1
2775,2,1,2,1,0,36,10,1
2775,3,2,3,1,0,37,11,1
2775,4,3,3.156,0.156,0,38,12,1
2776,1,0,1,1,0,59,10,1
2776,2,1,2,1,0,60,11,1
2776,3,2,3,1,0,61,12,1
2776,4,3,3.706,0.706,0,62,13,1
2777,1,0,1,1,0,18,13,1
2777,2,1,2,1,0,19,14,1
2777,3,2,3,1,1,20,15,1
2777,4,3,4,1,0,21,16,1
2777,5,4,4.023,0.023,0,22,17,1
2778,1,0,1,1,0,28,9,1
2778,2,1,1.729,0.729,0,29,10,1
2779,1,0,1,1,0,57,12,1
2779,2,1,1.463,0.463,0,58,13,1
2780,1,0,1,1,0,61,0,1
2780,2,1,2,1,0,62,1,1
2780,3,2,3,1,0,63,2,1
2780,4,3,4,1,0,64,3,1
2780,5,4,5,1,0,65,4,1
2780,6,5,6,1,0,66,5,1
2780,7,6,7,1,0,67,6,1
2780,8,7,7.466,0.466,0,68,7,1
2781,1,0,1,1,1,22,7,1
2781,2,1,1.128,0.128,0,23,8,1
2782,1,0,1,1,0,18,12,1
2782,2,1,1.052,0.052,0,19,13,1
2783,1,0,1,1,0,18,9,1
2783,2,1,2,1,1,19,10,1
2783,3,2,3,1,0,20,11,1
2783,4,3,3.248,0.248,0,21,12,1
2784,1,0,1,1,1,26,15,1
2784,2,1,2,1,0,27,16,1
2784,3,2,3,1,1,28,17,1
2784,4,3,4,1,0,29,18,1
2784,5,4,5,1,2,30,19,1
2784,6,5,6,1,1,31,20,1
2784,7,6,7,1,0,32,21,1
2784,8,7,7.476,0.476,0,33,22,1
2785,1,0,1,1,1,23,8,1
2785,2,1,1.828,0.828,0,24,9,1
2786,1,0,1,1,0,32,10,1
2786,2,1,1.766,0.766,0,33,11,1
2787,1,0,1,1,0,41,5,1
2787,2,1,2,1,0,42,6,1
2787,3,2,2.386,0.386,0,43,7,1
2788,1,0,1,1,0,56,17,1
2788,2,1,2,1,0,57,18,1
2788,3,2,2.932,0.932,0,58,19,1
2789,1,0,1,1,0,35,14,1
2789,2,1,2,1,2,36,15,1
2789,3,2,3,1,0,37,16,1
2789,4,3,4,1,0,38,17,1
2789,5,4,5,1,0,39,18,1
2789,6,5,5.04,0.04,0,40,19,1
2790,1,0,1,1,0,49,9,1
2790,2,1,2,1,1,50,10,1
2790,3,2,3,1,1,51,11,1
2790,4,3,4,1,0,52,12,1
2790,5,4,5,1,2,53,13,1
2790,6,5,6,1,0,54,14,1
2790,7,6,6.973,0.973,0,55,15,1
2791,1,0,1,1,0,57,9,1
2791,2,1,1.598,0.598,0,58,10,1
2792,1,0,1,1,0,58,0,1
2792,2,1,2,1,0,59,1,1
2792,3,2,3,1,1,60,2,1
2792,4,3,4,1,0,61,3,1
2792,5,4,5,1,0,62,4,1
2792,6,5,6,1,0,63,5,1
2792,7,6,6.864,0.864,0,64,6,1
2793,1,0,1,1,0,58,15,1
2793,2,1,1.83,0.83,0,59,16,1
2794,1,0,1,1,0,39,10,1
2794,2,1,2,1,0,40,11,1
2794,3,2,3,1,1,41,12,1
2794,4,3,4,1,1,42,13,1
2794,5,4,5,1,0,43,14,1
2794,6,5,5.645,0.645,1,44,15,1
2795,1,0,1,1,0,69,7,1
2795,2,1,2,1,0,70,8,1
2795,3,2,2.729,0.729,0,71,9,1
2796,1,0,1,1,0,46,4,1
2796,2,1,2,1,0,47,5,1
2796,3,2,3,1,0,48,6,1
2796,4,3,4,1,0,49,7,1
2796,5,4,5,1,0,50,8,1
2796,6,5,5.988,0.988,0,51,9,1
2797,1,0,1,1,1,49,5,1
2797,2,1,1.529,0.529,0,50,6,1
2798,1,0,1,1,0,50,9,1
2798,2,1,2,1,0,51,10,1
2798,3,2,3,1,0,52,11,1
2798,4,3,3.669,0.669,0,53,12,1
2799,1,0,1,1,0,43,12,1
2799,2,1,2,1,0,44,13,1
2799,3,2,3,1,0,45,14,1
2799,4,3,4,1,0,46,15,1
2799,5,4,5,1,1,47,16,1
2799,6,5,6,1,0,48,17,1
2799,7,6,7,1,0,49,18,1
2799,8,7,7.599,0.599,0,50,19,1
2800,1,0,1,1,0,50,7,1
2800,2,1,2,1,0,51,8,1
2800,3,2,3,1,0,52,9,1
2800,4,3,4,1,0,53,10,1
2800,5,4,5,1,0,54,11,1
2800,6,5,6,1,1,55,12,1
2800,7,6,7,1,0,56,13,1
2800,8,7,7.104,0.104,0,57,14,1
2801,1,0,1,1,0,57,6,1
2801,2,1,2,1,0,58,7,1
2801,3,2,3,1,0,59,8,1
2801,4,3,3.406,0.406,0,60,9,1
2802,1,0,1,1,0,47,6,1
2802,2,1,2,1,0,48,7,1
2802,3,2,3,1,0,49,8,1
2802,4,3,4,1,0,50,9,1
2802,5,4,5,1,0,51,10,1
2802,6,5,6,1,0,52,11,1
2802,7,6,6.994,0.994,0,53,12,1
2803,1,0,1,1,0,23,14,1
2803,2,1,2,1,0,24,15,1
2803,3,2,3,1,0,25,16,1
2803,4,3,4,1,0,26,17,1
2803,5,4,5,1,0,27,18,1
2803,6,5,5.374,0.374,0,28,19,1
2804,1,0,1,1,0,38,11,1
2804,2,1,2,1,0,39,12,1
2804,3,2,3,1,0,40,13,1
2804,4,3,4,1,0,41,14,1
2804,5,4,5,1,0,42,15,1
2804,6,5,6,1,0,43,16,1
2804,7,6,7,1,0,44,17,1
2804,8,7,8,1,0,45,18,1
2804,9,8,9,1,0,46,19,1
2804,10,9,9.164,0.164,0,47,20,1
2805,1,0,1,1,1,27,2,1
2805,2,1,2,1,0,28,3,1
2805,3,2,3,1,0,29,4,1
2805,4,3,4,1,0,30,5,1
2805,5,4,5,1,0,31,6,1
2805,6,5,6,1,0,32,7,1
2805,7,6,6.499,0.499,0,33,8,1
2806,1,0,1,1,1,20,21,1
2806,2,1,2,1,3,21,22,1
2806,3,2,2.82,0.82,1,22,23,1
2807,1,0,1,1,0,40,0,1
2807,2,1,2,1,0,41,1,1
2807,3,2,3,1,0,42,2,1
2807,4,3,3.069,0.069,0,43,3,1
2808,1,0,0.967,0.967,0,44,11,1
2809,1,0,1,1,0,30,6,1
2809,2,1,2,1,1,31,7,1
2809,3,2,3,1,0,32,8,1
2809,4,3,4,1,2,33,9,1
2809,5,4,5,1,1,34,10,1
2809,6,5,6,1,1,35,11,1
2809,7,6,6.663,0.663,0,36,12,1
2810,1,0,1,1,0,58,13,1
2810,2,1,2,1,0,59,14,1
2810,3,2,3,1,0,60,15,1
2810,4,3,4,1,0,61,16,1
2810,5,4,5,1,0,62,17,1
2810,6,5,6,1,0,63,18,1
2810,7,6,6.964,0.964,0,64,19,1
2811,1,0,1,1,0,63,21,1
2811,2,1,2,1,0,64,22,1
2811,3,2,3,1,0,65,23,1
2811,4,3,3.853,0.853,0,66,24,1
2812,1,0,1,1,0,54,4,1
2812,2,1,2,1,1,55,5,1
2812,3,2,3,1,0,56,6,1
2812,4,3,4,1,0,57,7,1
2812,5,4,5,1,0,58,8,1
2812,6,5,6,1,0,59,9,1
2812,7,6,6.852,0.852,0,60,10,1
2813,1,0,1,1,0,18,12,1
2813,2,1,2,1,0,19,13,1
2813,3,2,3,1,0,20,14,1
2813,4,3,4,1,0,21,15,1
2813,5,4,4.079,0.079,0,22,16,1
2814,1,0,1,1,0,44,10,1
2814,2,1,2,1,0,45,11,1
2814,3,2,2.016,0.016,0,46,12,1
2815,1,0,1,1,0,18,5,1
2815,2,1,2,1,0,19,6,1
2815,3,2,3,1,0,20,7,1
2815,4,3,3.25,0.25,0,21,8,1
2816,1,0,1,1,1,47,0,1
2816,2,1,2,1,1,48,1,1
2816,3,2,2.997,0.997,1,49,2,1
2817,1,0,1,1,0,65,9,1
2817,2,1,2,1,0,66,10,1
2817,3,2,3,1,0,67,11,1
2817,4,3,4,1,0,68,12,1
2817,5,4,4.39,0.39,0,69,13,1
2818,1,0,1,1,0,34,12,1
2818,2,1,1.968,0.968,0,35,13,1
2819,1,0,1,1,1,40,13,1
2819,2,1,2,1,0,41,14,1
2819,3,2,2.621,0.621,0,42,15,1
2820,1,0,1,1,0,29,11,1
2820,2,1,2,1,0,30,12,1
2820,3,2,2.385,0.385,0,31,13,1
2821,1,0,1,1,1,75,2,1
2821,2,1,2,1,0,76,3,1
2821,3,2,3,1,0,77,4,1
2821,4,3,4,1,0,78,5,1
2821,5,4,5,1,0,79,6,1
2821,6,5,6,1,1,80,7,1
2821,7,6,6.617,0.617,2,81,8,1
2822,1,0,1,1,0,46,13,1
2822,2,1,2,1,0,47,14,1
2822,3,2,3,1,1,48,15,1
2822,4,3,4,1,1,49,16,1
2822,5,4,5,1,1,50,17,1
2822,6,5,5.79,0.79,0,51,18,1
2823,1,0,1,1,0,36,8,1
2823,2,1,2,1,0,37,9,1
2823,3,2,3,1,0,38,10,1
2823,4,3,4,1,0,39,11,1
2823,5,4,4.387,0.387,0,40,12,1
2824,1,0,1,1,0,18,23,1
2824,2,1,2,1,0,19,24,1
2824,3,2,3,1,0,20,25,1
2824,4,3,4,1,0,21,26,1
2824,5,4,5,1,0,22,27,1
2824,6,5,6,1,1,23,28,1
2824,7,6,7,1,1,24,29,1
2824,8,7,7.552,0.552,0,25,30,1
2825,1,0,1,1,0,46,11,1
2825,2,1,2,1,0,47,12,1
2825,3,2,2.356,0.356,0,48,13,1
2826,1,0,1,1,0,45,5,1
2826,2,1,2,1,0,46,6,1
2826,3,2,3,1,0,47,7,1
2826,4,3,3.34,0.34,0,48,8,1
2827,1,0,1,1,1,33,11,1
2827,2,1,1.813,0.813,1,34,12,1
2828,1,0,1,1,0,37,5,1
2828,2,1,2,1,0,38,6,1
2828,3,2,3,1,0,39,7,1
2828,4,3,4,1,0,40,8,1
2828,5,4,5,1,1,41,9,1
2828,6,5,5.442,0.442,0,42,10,1
2829,1,0,1,1,0,50,3,1
2829,2,1,2,1,0,51,4,1
2829,3,2,3,1,0,52,5,1
2829,4,3,4,1,0,53,6,1
2829,5,4,4.921,0.921,0,54,7,1
2830,1,0,1,1,0,61,11,1
2830,2,1,1.096,0.096,0,62,12,1
2831,1,0,1,1,0,37,7,1
2831,2,1,2,1,0,38,8,1
2831,3,2,3,1,0,39,9,1
2831,4,3,3.95,0.95,0,40,10,1
2832,1,0,1,1,0,27,8,1
2832,2,1,1.832,0.832,0,28,9,1
2833,1,0,1,1,0,50,5,1
2833,2,1,2,1,0,51,6,1
2833,3,2,3,1,0,52,7,1
2833,4,3,4,1,0,53,8,1
2833,5,4,4.536,0.536,0,54,9,1
2834,1,0,1,1,0,51,17,1
2834,2,1,2,1,0,52,18,1
2834,3,2,2.819,0.819,0,53,19,1
2835,1,0,1,1,0,42,10,1
2835,2,1,2,1,0,43,11,1
2835,3,2,3,1,0,44,12,1
2835,4,3,4,1,0,45,13,1
2835,5,4,5,1,0,46,14,1
2835,6,5,6,1,0,47,15,1
2835,7,6,7,1,1,48,16,1
2835,8,7,7.869,0.869,0,49,17,1
2836,1,0,1,1,0,55,10,1
2836,2,1,2,1,0,56,11,1
2836,3,2,2.561,0.561,0,57,12,1
2837,1,0,1,1,0,57,7,1
2837,2,1,2,1,0,58,8,1
2837,3,2,3,1,0,59,9,1
2837,4,3,4,1,0,60,10,1
2837,5,4,5,1,0,61,11,1
2837,6,5,5.99,0.99,0,62,12,1
2838,1,0,1,1,0,35,0,1
2838,2,1,2,1,0,36,1,1
2838,3,2,3,1,1,37,2,1
2838,4,3,4,1,0,38,3,1
2838,5,4,5,1,1,39,4,1
2838,6,5,6,1,0,40,5,1
2838,7,6,6.788,0.788,0,41,6,1
2839,1,0,1,1,1,42,5,1
2839,2,1,2,1,0,43,6,1
2839,3,2,3,1,0,44,7,1
2839,4,3,4,1,0,45,8,1
2839,5,4,5,1,0,46,9,1
2839,6,5,6,1,0,47,10,1
2839,7,6,7,1,0,48,11,1
2839,8,7,7.744,0.744,0,49,12,1
2840,1,0,1,1,0,44,13,1
2840,2,1,1.744,0.744,0,45,14,1
2841,1,0,1,1,0,35,15,1
2841,2,1,2,1,0,36,16,1
2841,3,2,3,1,0,37,17,1
2841,4,3,4,1,0,38,18,1
2841,5,4,5,1,1,39,19,1
2841,6,5,6,1,0,40,20,1
2841,7,6,7,1,0,41,21,1
2841,8,7,7.614,0.614,1,42,22,1
2842,1,0,1,1,0,28,13,1
2842,2,1,2,1,0,29,14,1
2842,3,2,3,1,0,30,15,1
2842,4,3,4,1,0,31,16,1
2842,5,4,4.295,0.295,0,32,17,1
2843,1,0,1,1,0,25,16,1
2843,2,1,1.195,0.195,0,26,17,1
2844,1,0,1,1,0,48,5,1
2844,2,1,2,1,0,49,6,1
2844,3,2,3,1,0,50,7,1
2844,4,3,4,1,0,51,8,1
2844,5,4,5,1,0,52,9,1
2844,6,5,6,1,0,53,10,1
2844,7,6,7,1,0,54,11,1
2844,8,7,7.361,0.361,0,55,12,1
2845,1,0,1,1,1,56,4,1
2845,2,1,1.852,0.852,0,57,5,1
2846,1,0,1,1,0,64,12,1
2846,2,1,2,1,0,65,13,1
2846,3,2,3,1,0,66,14,1
2846,4,3,3.861,0.861,0,67,15,1
2847,1,0,1,1,1,39,7,1
2847,2,1,2,1,1,40,8,1
2847,3,2,3,1,1,41,9,1
2847,4,3,4,1,0,42,10,1
2847,5,4,5,1,0,43,11,1
2847,6,5,6,1,1,44,12,1
2847,7,6,7,1,0,45,13,1
2847,8,7,8,1,0,46,14,1
2847,9,8,9,1,0,47,15,1
2847,10,9,9.475,0.475,0,48,16,1
2848,1,0,1,1,1,50,10,1
2848,2,1,1.603,0.603,0,51,11,1
2849,1,0,1,1,0,55,6,1
2849,2,1,2,1,0,56,7,1
2849,3,2,3,1,0,57,8,1
2849,4,3,4,1,0,58,9,1
2849,5,4,5,1,0,59,10,1
2849,6,5,6,1,0,60,11,1
2849,7,6,7,1,0,61,12,1
2849,8,7,7.643,0.643,0,62,13,1
2850,1,0,1,1,0,58,4,1
2850,2,1,1.836,0.836,0,59,5,1
2851,1,0,1,1,0,33,11,1
2851,2,1,2,1,0,34,12,1
2851,3,2,3,1,0,35,13,1
2851,4,3,4,1,1,36,14,1
2851,5,4,5,1,0,37,15,1
2851,6,5,6,1,0,38,16,1
2851,7,6,7,1,0,39,17,1
2851,8,7,7.11,0.11,0,40,18,1
2852,1,0,1,1,0,41,6,1
2852,2,1,2,1,0,42,7,1
2852,3,2,3,1,0,43,8,1
2852,4,3,4,1,0,44,9,1
2852,5,4,5,1,0,45,10,1
2852,6,5,5.043,0.043,0,46,11,1
2853,1,0,1,1,0,41,3,1
2853,2,1,2,1,1,42,4,1
2853,3,2,3,1,0,43,5,1
2853,4,3,4,1,0,44,6,1
2853,5,4,5,1,0,45,7,1
2853,6,5,6,1,0,46,8,1
2853,7,6,7,1,0,47,9,1
2853,8,7,8,1,0,48,10,1
2853,9,8,9,1,0,49,11,1
2853,10,9,9.788,0.788,0,50,12,1
2854,1,0,1,1,0,62,7,1
2854,2,1,2,1,0,63,8,1
2854,3,2,3,1,0,64,9,1
2854,4,3,4,1,0,65,10,1
2854,5,4,4.621,0.621,0,66,11,1
2855,1,0,1,1,1,57,11,1
2855,2,1,2,1,1,58,12,1
2855,3,2,2.254,0.254,0,59,13,1
2856,1,0,1,1,0,65,12,1
2856,2,1,2,1,0,66,13,1
2856,3,2,3,1,0,67,14,1
2856,4,3,4,1,0,68,15,1
2856,5,4,5,1,0,69,16,1
2856,6,5,6,1,0,70,17,1
2856,7,6,6.95,0.95,0,71,18,1
2857,1,0,1,1,0,51,6,1
2857,2,1,2,1,0,52,7,1
2857,3,2,3,1,0,53,8,1
2857,4,3,3.556,0.556,0,54,9,1
2858,1,0,1,1,0,25,12,1
2858,2,1,1.222,0.222,1,26,13,1
2859,1,0,1,1,0,81,3,1
2859,2,1,2,1,0,82,4,1
2859,3,2,3,1,0,83,5,1
2859,4,3,4,1,0,84,6,1
2859,5,4,5,1,0,85,7,1
2859,6,5,5.401,0.401,0,86,8,1
2860,1,0,1,1,0,18,5,1
2860,2,1,2,1,0,19,6,1
2860,3,2,3,1,0,20,7,1
2860,4,3,4,1,0,21,8,1
2860,5,4,5,1,0,22,9,1
2860,6,5,6,1,0,23,10,1
2860,7,6,6.341,0.341,0,24,11,1
2861,1,0,1,1,0,53,9,1
2861,2,1,2,1,0,54,10,1
2861,3,2,3,1,0,55,11,1
2861,4,3,4,1,0,56,12,1
2861,5,4,5,1,0,57,13,1
2861,6,5,5.497,0.497,0,58,14,1
2862,1,0,1,1,1,73,10,1
2862,2,1,2,1,1,74,11,1
2862,3,2,3,1,0,75,12,1
2862,4,3,4,1,0,76,13,1
2862,5,4,5,1,0,77,14,1
2862,6,5,5.957,0.957,0,78,15,1
2863,1,0,1,1,0,64,6,1
2863,2,1,2,1,0,65,7,1
2863,3,2,3,1,0,66,8,1
2863,4,3,4,1,0,67,9,1
2863,5,4,5,1,0,68,10,1
2863,6,5,6,1,0,69,11,1
2863,7,6,7,1,0,70,12,1
2863,8,7,8,1,0,71,13,1
2863,9,8,9,1,0,72,14,1
2863,10,9,9.852,0.852,0,73,15,1
2864,1,0,1,1,1,35,8,1
2864,2,1,2,1,0,36,9,1
2864,3,2,3,1,1,37,10,1
2864,4,3,3.104,0.104,1,38,11,1
2865,1,0,1,1,1,58,9,1
2865,2,1,2,1,0,59,10,1
2865,3,2,3,1,0,60,11,1
2865,4,3,4,1,0,61,12,1
2865,5,4,4.296,0.296,0,62,13,1
2866,1,0,0.911,0.911,0,23,0,1
2867,1,0,1,1,1,54,13,1
2867,2,1,2,1,0,55,14,1
2867,3,2,2.942,0.942,0,56,15,1
2868,1,0,1,1,0,77,10,1
2868,2,1,2,1,0,78,11,1
2868,3,2,2.947,0.947,0,79,12,1
2869,1,0,1,1,0,60,19,1
2869,2,1,2,1,0,61,20,1
2869,3,2,2.338,0.338,0,62,21,1
2870,1,0,1,1,0,75,11,1
2870,2,1,2,1,0,76,12,1
2870,3,2,3,1,0,77,13,1
2870,4,3,4,1,0,78,14,1
2870,5,4,5,1,0,79,15,1
2870,6,5,5.238,0.238,0,80,16,1
2871,1,0,1,1,0,35,8,1
2871,2,1,2,1,0,36,9,1
2871,3,2,3,1,0,37,10,1
2871,4,3,4,1,0,38,11,1
2871,5,4,5,1,0,39,12,1
2871,6,5,6,1,0,40,13,1
2871,7,6,6.705,0.705,0,41,14,1
2872,1,0,1,1,0,42,11,1
2872,2,1,2,1,0,43,12,1
2872,3,2,3,1,0,44,13,1
2872,4,3,4,1,0,45,14,1
2872,5,4,4.552,0.552,0,46,15,1
2873,1,0,1,1,1,58,18,1
2873,2,1,2,1,0,59,19,1
2873,3,2,3,1,0,60,20,1
2873,4,3,4,1,0,61,21,1
2873,5,4,5,1,0,62,22,1
2873,6,5,5.801,0.801,1,63,23,1
2874,1,0,1,1,0,54,7,1
2874,2,1,1.198,0.198,0,55,8,1
2875,1,0,1,1,0,53,10,1
2875,2,1,2,1,2,54,11,1
2875,3,2,3,1,0,55,12,1
2875,4,3,4,1,0,56,13,1
2875,5,4,5,1,1,57,14,1
2875,6,5,5.068,0.068,0,58,15,1
2876,1,0,1,1,2,18,13,1
2876,2,1,2,1,0,19,14,1
2876,3,2,3,1,0,20,15,1
2876,4,3,4,1,0,21,16,1
2876,5,4,4.526,0.526,1,22,17,1
2877,1,0,1,1,0,58,14,1
2877,2,1,2,1,0,59,15,1
2877,3,2,3,1,0,60,16,1
2877,4,3,4,1,0,61,17,1
2877,5,4,5,1,0,62,18,1
2877,6,5,6,1,0,63,19,1
2877,7,6,7,1,0,64,20,1
2877,8,7,8,1,0,65,21,1
2877,9,8,9,1,0,66,22,1
2877,10,9,9.888,0.888,0,67,23,1
2878,1,0,1,1,0,59,7,1
2878,2,1,1.916,0.916,1,60,8,1
2879,1,0,1,1,0,41,1,1
2879,2,1,1.248,0.248,0,42,2,1
2880,1,0,1,1,0,63,8,1
2880,2,1,2,1,0,64,9,1
2880,3,2,3,1,1,65,10,1
2880,4,3,4,1,0,66,11,1
2880,5,4,5,1,0,67,12,1
2880,6,5,5.907,0.907,0,68,13,1
2881,1,0,1,1,0,52,6,1
2881,2,1,2,1,1,53,7,1
2881,3,2,3,1,0,54,8,1
2881,4,3,3.135,0.135,0,55,9,1
2882,1,0,1,1,0,39,6,1
2882,2,1,2,1,1,40,7,1
2882,3,2,3,1,0,41,8,1
2882,4,3,4,1,0,42,9,1
2882,5,4,5,1,0,43,10,1
2882,6,5,5.115,0.115,0,44,11,1
2883,1,0,1,1,0,57,15,1
2883,2,1,2,1,0,58,16,1
2883,3,2,2.536,0.536,0,59,17,1
2884,1,0,1,1,0,52,6,1
2884,2,1,2,1,0,53,7,1
2884,3,2,3,1,0,54,8,1
2884,4,3,3.797,0.797,0,55,9,1
2885,1,0,1,1,0,61,9,1
2885,2,1,2,1,0,62,10,1
2885,3,2,3,1,0,63,11,1
2885,4,3,4,1,0,64,12,1
2885,5,4,5,1,0,65,13,1
2885,6,5,6,1,0,66,14,1
2885,7,6,7,1,0,67,15,1
2885,8,7,8,1,0,68,16,1
2885,9,8,9,1,0,69,17,1
2885,10,9,9.646,0.646,0,70,18,1
2886,1,0,1,1,0,70,3,1
2886,2,1,2,1,0,71,4,1
2886,3,2,2.81,0.81,0,72,5,1
2887,1,0,1,1,0,26,19,1
2887,2,1,2,1,0,27,20,1
2887,3,2,2.167,0.167,0,28,21,1
2888,1,0,1,1,0,44,17,1
2888,2,1,1.131,0.131,0,45,18,1
2889,1,0,0.831,0.831,0,33,16,1
2890,1,0,1,1,0,70,9,1
2890,2,1,2,1,0,71,10,1
2890,3,2,3,1,0,72,11,1
2890,4,3,3.133,0.133,0,73,12,1
2891,1,0,1,1,0,37,12,1
2891,2,1,2,1,0,38,13,1
2891,3,2,3,1,0,39,14,1
2891,4,3,4,1,0,40,15,1
2891,5,4,5,1,0,41,16,1
2891,6,5,6,1,0,42,17,1
2891,7,6,6.34,0.34,0,43,18,1
2892,1,0,1,1,0,62,11,1
2892,2,1,2,1,1,63,12,1
2892,3,2,3,1,1,64,13,1
2892,4,3,4,1,0,65,14,1
2892,5,4,5,1,0,66,15,1
2892,6,5,6,1,1,67,16,1
2892,7,6,7,1,0,68,17,1
2892,8,7,7.293,0.293,0,69,18,1
2893,1,0,1,1,0,48,12,1
2893,2,1,1.284,0.284,0,49,13,1
2894,1,0,1,1,0,56,14,1
2894,2,1,1.35,0.35,0,57,15,1
2895,1,0,1,1,0,58,12,1
2895,2,1,2,1,0,59,13,1
2895,3,2,3,1,0,60,14,1
2895,4,3,3.069,0.069,0,61,15,1
2896,1,0,1,1,1,42,16,1
2896,2,1,2,1,0,43,17,1
2896,3,2,3,1,0,44,18,1
2896,4,3,3.935,0.935,0,45,19,1
2897,1,0,1,1,0,48,6,1
2897,2,1,1.809,0.809,2,49,7,1
2898,1,0,1,1,0,53,8,1
2898,2,1,2,1,0,54,9,1
2898,3,2,2.396,0.396,0,55,10,1
2899,1,0,1,1,0,39,9,1
2899,2,1,1.555,0.555,0,40,10,1
2900,1,0,1,1,0,54,7,1
2900,2,1,2,1,1,55,8,1
2900,3,2,3,1,1,56,9,1
2900,4,3,4,1,0,57,10,1
2900,5,4,5,1,0,58,11,1
2900,6,5,5.042,0.042,0,59,12,1
2901,1,0,1,1,0,47,6,1
2901,2,1,2,1,0,48,7,1
2901,3,2,2.159,0.159,0,49,8,1
2902,1,0,1,1,0,65,7,1
2902,2,1,2,1,0,66,8,1
2902,3,2,3,1,0,67,9,1
2902,4,3,4,1,0,68,10,1
2902,5,4,4.112,0.112,0,69,11,1
2903,1,0,1,1,0,61,9,1
2903,2,1,1.982,0.982,0,62,10,1
2904,1,0,1,1,0,50,6,1
2904,2,1,2,1,1,51,7,1
2904,3,2,3,1,0,52,8,1
2904,4,3,4,1,0,53,9,1
2904,5,4,5,1,0,54,10,1
2904,6,5,6,1,0,55,11,1
2904,7,6,7,1,1,56,12,1
2904,8,7,8,1,0,57,13,1
2904,9,8,9,1,0,58,14,1
2904,10,9,9.404,0.404,0,59,15,1
2905,1,0,1,1,0,85,4,1
2905,2,1,2,1,0,86,5,1
2905,3,2,3,1,0,87,6,1
2905,4,3,4,1,0,88,7,1
2905,5,4,5,1,0,89,8,1
2905,6,5,6,1,0,90,9,1
2905,7,6,7,1,0,91,10,1
2905,8,7,8,1,0,92,11,1
2905,9,8,9,1,0,93,12,1
2905,10,9,9.071,0.071,0,94,13,1
2906,1,0,1,1,0,32,6,1
2906,2,1,2,1,0,33,7,1
2906,3,2,3,1,0,34,8,1
2906,4,3,4,1,0,35,9,1
2906,5,4,5,1,0,36,10,1
2906,6,5,6,1,0,37,11,1
2906,7,6,6.36,0.36,0,38,12,1
2907,1,0,0.11,0.11,0,47,8,1
2908,1,0,1,1,1,47,9,1
2908,2,1,2,1,0,48,10,1
2908,3,2,3,1,0,49,11,1
2908,4,3,4,1,0,50,12,1
2908,5,4,5,1,0,51,13,1
2908,6,5,6,1,0,52,14,1
2908,7,6,6.318,0.318,0,53,15,1
2909,1,0,1,1,0,21,8,1
2909,2,1,1.693,0.693,0,22,9,1
2910,1,0,1,1,2,72,8,1
2910,2,1,1.45,0.45,0,73,9,1
2911,1,0,1,1,0,44,13,1
2911,2,1,2,1,0,45,14,1
2911,3,2,2.197,0.197,0,46,15,1
2912,1,0,0.842,0.842,0,48,9,1
2913,1,0,1,1,0,49,11,1
2913,2,1,1.613,0.613,0,50,12,1
2914,1,0,1,1,0,54,5,1
2914,2,1,2,1,0,55,6,1
2914,3,2,3,1,0,56,7,1
2914,4,3,4,1,0,57,8,1
2914,5,4,4.365,0.365,0,58,9,1
2915,1,0,1,1,0,73,9,1
2915,2,1,2,1,0,74,10,1
2915,3,2,3,1,0,75,11,1
2915,4,3,3.514,0.514,0,76,12,1
2916,1,0,1,1,0,48,3,1
2916,2,1,1.724,0.724,0,49,4,1
2917,1,0,1,1,0,40,11,1
2917,2,1,2,1,0,41,12,1
2917,3,2,3,1,0,42,13,1
2917,4,3,4,1,0,43,14,1
2917,5,4,4.987,0.987,0,44,15,1
2918,1,0,1,1,0,74,3,1
2918,2,1,2,1,0,75,4,1
2918,3,2,3,1,0,76,5,1
2918,4,3,4,1,0,77,6,1
2918,5,4,5,1,0,78,7,1
2918,6,5,6,1,0,79,8,1
2918,7,6,7,1,0,80,9,1
2918,8,7,8,1,0,81,10,1
2918,9,8,8.259,0.259,0,82,11,1
2919,1,0,1,1,0,32,8,1
2919,2,1,2,1,0,33,9,1
2919,3,2,3,1,0,34,10,1
2919,4,3,4,1,0,35,11,1
2919,5,4,5,1,0,36,12,1
2919,6,5,6,1,0,37,13,1
2919,7,6,7,1,0,38,14,1
2919,8,7,7.957,0.957,0,39,15,1
2920,1,0,1,1,0,18,8,1
2920,2,1,2,1,0,19,9,1
2920,3,2,3,1,0,20,10,1
2920,4,3,4,1,0,21,11,1
2920,5,4,4.06,0.06,0,22,12,1
2921,1,0,1,1,0,76,10,1
2921,2,1,2,1,0,77,11,1
2921,3,2,3,1,0,78,12,1
2921,4,3,4,1,0,79,13,1
2921,5,4,4.831,0.831,0,80,14,1
2922,1,0,1,1,0,43,16,1
2922,2,1,1.388,0.388,0,44,17,1
2923,1,0,1,1,0,45,3,1
2923,2,1,2,1,0,46,4,1
2923,3,2,2.005,0.005,0,47,5,1
2924,1,0,1,1,0,31,9,1
2924,2,1,2,1,0,32,10,1
2924,3,2,3,1,0,33,11,1
2924,4,3,4,1,1,34,12,1
2924,5,4,5,1,0,35,13,1
2924,6,5,5.997,0.997,0,36,14,1
2925,1,0,1,1,0,28,6,1
2925,2,1,2,1,0,29,7,1
2925,3,2,3,1,0,30,8,1
2925,4,3,4,1,0,31,9,1
2925,5,4,5,1,0,32,10,1
2925,6,5,5.735,0.735,0,33,11,1
2926,1,0,1,1,0,21,8,1
2926,2,1,2,1,0,22,9,1
2926,3,2,3,1,0,23,10,1
2926,4,3,3.557,0.557,0,24,11,1
2927,1,0,1,1,0,44,2,1
2927,2,1,2,1,0,45,3,1
2927,3,2,2.768,0.768,0,46,4,1
2928,1,0,0.833,0.833,0,36,8,1
2929,1,0,1,1,0,32,18,1
2929,2,1,2,1,0,33,19,1
2929,3,2,3,1,0,34,20,1
2929,4,3,3.626,0.626,0,35,21,1
2930,1,0,1,1,0,57,10,1
2930,2,1,1.213,0.213,0,58,11,1
2931,1,0,1,1,0,49,5,1
2931,2,1,2,1,0,50,6,1
2931,3,2,2.898,0.898,0,51,7,1
2932,1,0,1,1,0,58,5,1
2932,2,1,2,1,0,59,6,1
2932,3,2,3,1,0,60,7,1
2932,4,3,4,1,0,61,8,1
2932,5,4,5,1,0,62,9,1
2932,6,5,6,1,0,63,10,1
2932,7,6,7,1,0,64,11,1
2932,8,7,7.711,0.711,0,65,12,1
2933,1,0,1,1,0,65,10,1
2933,2,1,2,1,0,66,11,1
2933,3,2,3,1,0,67,12,1
2933,4,3,4,1,0,68,13,1
2933,5,4,5,1,0,69,14,1
2933,6,5,6,1,0,70,15,1
2933,7,6,6.255,0.255,0,71,16,1
2934,1,0,1,1,0,22,12,1
2934,2,1,2,1,0,23,13,1
2934,3,2,3,1,0,24,14,1
2934,4,3,3.298,0.298,0,25,15,1
2935,1,0,1,1,0,41,0,1
2935,2,1,2,1,0,42,1,1
2935,3,2,3,1,0,43,2,1
2935,4,3,4,1,0,44,3,1
2935,5,4,4.244,0.244,0,45,4,1
2936,1,0,1,1,0,61,9,1
2936,2,1,1.044,0.044,0,62,10,1
2937,1,0,1,1,0,32,3,1
2937,2,1,1.959,0.959,0,33,4,1
2938,1,0,1,1,0,46,10,1
2938,2,1,2,1,0,47,11,1
2938,3,2,3,1,0,48,12,1
2938,4,3,4,1,0,49,13,1
2938,5,4,5,1,0,50,14,1
2938,6,5,6,1,0,51,15,1
2938,7,6,7,1,1,52,16,1
2938,8,7,7.943,0.943,0,53,17,1
2939,1,0,1,1,0,29,8,1
2939,2,1,2,1,0,30,9,1
2939,3,2,3,1,0,31,10,1
2939,4,3,3.681,0.681,0,32,11,1
2940,1,0,1,1,0,45,1,1
2940,2,1,2,1,0,46,2,1
2940,3,2,3,1,0,47,3,1
2940,4,3,4,1,1,48,4,1
2940,5,4,5,1,0,49,5,1
2940,6,5,6,1,2,50,6,1
2940,7,6,7,1,0,51,7,1
2940,8,7,7.561,0.561,0,52,8,1
2941,1,0,1,1,0,43,10,1
2941,2,1,2,1,0,44,11,1
2941,3,2,3,1,0,45,12,1
2941,4,3,4,1,1,46,13,1
2941,5,4,5,1,0,47,14,1
2941,6,5,5.152,0.152,0,48,15,1
2942,1,0,1,1,1,47,14,1
2942,2,1,2,1,0,48,15,1
2942,3,2,3,1,0,49,16,1
2942,4,3,4,1,0,50,17,1
2942,5,4,4.391,0.391,0,51,18,1
2943,1,0,1,1,0,50,4,1
2943,2,1,1.443,0.443,0,51,5,1
2944,1,0,1,1,0,18,9,1
2944,2,1,2,1,0,19,10,1
2944,3,2,3,1,1,20,11,1
2944,4,3,4,1,0,21,12,1
2944,5,4,5,1,0,22,13,1
2944,6,5,6,1,0,23,14,1
2944,7,6,7,1,0,24,15,1
2944,8,7,7.805,0.805,0,25,16,1
2945,1,0,1,1,0,53,14,1
2945,2,1,1.466,0.466,0,54,15,1
2946,1,0,1,1,0,62,10,1
2946,2,1,2,1,0,63,11,1
2946,3,2,3,1,0,64,12,1
2946,4,3,4,1,0,65,13,1
2946,5,4,5,1,0,66,14,1
2946,6,5,5.349,0.349,0,67,15,1
2947,1,0,1,1,1,41,10,1
2947,2,1,2,1,1,42,11,1
2947,3,2,2.01,0.01,0,43,12,1
2948,1,0,1,1,0,42,6,1
2948,2,1,2,1,0,43,7,1
2948,3,2,3,1,0,44,8,1
2948,4,3,4,1,0,45,9,1
2948,5,4,5,1,1,46,10,1
2948,6,5,6,1,0,47,11,1
2948,7,6,7,1,0,48,12,1
2948,8,7,7.062,0.062,0,49,13,1
2949,1,0,1,1,0,47,13,1
2949,2,1,1.36,0.36,0,48,14,1
2950,1,0,1,1,0,47,12,1
2950,2,1,2,1,0,48,13,1
2950,3,2,3,1,0,49,14,1
2950,4,3,3.68,0.68,0,50,15,1
2951,1,0,1,1,0,60,12,1
2951,2,1,2,1,0,61,13,1
2951,3,2,3,1,0,62,14,1
2951,4,3,3.945,0.945,0,63,15,1
2952,1,0,1,1,0,43,13,1
2952,2,1,2,1,0,44,14,1
2952,3,2,3,1,0,45,15,1
2952,4,3,4,1,0,46,16,1
2952,5,4,5,1,0,47,17,1
2952,6,5,6,1,0,48,18,1
2952,7,6,7,1,0,49,19,1
2952,8,7,7.087,0.087,0,50,20,1
2953,1,0,1,1,0,57,5,1
2953,2,1,2,1,0,58,6,1
2953,3,2,3,1,0,59,7,1
2953,4,3,4,1,0,60,8,1
2953,5,4,5,1,0,61,9,1
2953,6,5,6,1,1,62,10,1
2953,7,6,6.052,0.052,0,63,11,1
2954,1,0,1,1,0,35,13,1
2954,2,1,2,1,0,36,14,1
2954,3,2,3,1,0,37,15,1
2954,4,3,4,1,1,38,16,1
2954,5,4,4.341,0.341,0,39,17,1
2955,1,0,1,1,0,45,12,1
2955,2,1,2,1,1,46,13,1
2955,3,2,3,1,0,47,14,1
2955,4,3,4,1,0,48,15,1
2955,5,4,5,1,0,49,16,1
2955,6,5,6,1,1,50,17,1
2955,7,6,7,1,1,51,18,1
2955,8,7,8,1,0,52,19,1
2955,9,8,9,1,0,53,20,1
2955,10,9,9.87,0.87,0,54,21,1
2956,1,0,1,1,0,37,10,1
2956,2,1,2,1,0,38,11,1
2956,3,2,2.444,0.444,0,39,12,1
2957,1,0,1,1,1,66,2,1
2957,2,1,1.263,0.263,0,67,3,1
2958,1,0,1,1,0,59,7,1
2958,2,1,2,1,0,60,8,1
2958,3,2,3,1,0,61,9,1
2958,4,3,4,1,0,62,10,1
2958,5,4,5,1,0,63,11,1
2958,6,5,6,1,0,64,12,1
2958,7,6,7,1,0,65,13,1
2958,8,7,8,1,0,66,14,1
2958,9,8,8.112,0.112,0,67,15,1
2959,1,0,1,1,0,41,19,1
2959,2,1,2,1,0,42,20,1
2959,3,2,3,1,0,43,21,1
2959,4,3,3.058,0.058,0,44,22,1
2960,1,0,1,1,2,39,6,1
2960,2,1,1.283,0.283,1,40,7,1
2961,1,0,1,1,0,45,9,1
2961,2,1,1.039,0.039,0,46,10,1
2962,1,0,1,1,1,53,5,1
2962,2,1,2,1,0,54,6,1
2962,3,2,3,1,0,55,7,1
2962,4,3,3.902,0.902,1,56,8,1
2963,1,0,1,1,0,22,6,1
2963,2,1,2,1,0,23,7,1
2963,3,2,2.333,0.333,0,24,8,1
2964,1,0,1,1,0,33,3,1
2964,2,1,1.316,0.316,0,34,4,1
2965,1,0,1,1,0,60,16,1
2965,2,1,2,1,0,61,17,1
2965,3,2,3,1,0,62,18,1
2965,4,3,3.282,0.282,0,63,19,1
2966,1,0,1,1,0,31,18,1
2966,2,1,2,1,0,32,19,1
2966,3,2,3,1,0,33,20,1
2966,4,3,4,1,0,34,21,1
2966,5,4,5,1,0,35,22,1
2966,6,5,5.761,0.761,0,36,23,1
2967,1,0,1,1,0,26,6,1
2967,2,1,1.703,0.703,0,27,7,1
2968,1,0,1,1,0,55,11,1
2968,2,1,1.708,0.708,0,56,12,1
2969,1,0,1,1,1,24,19,1
2969,2,1,2,1,1,25,20,1
2969,3,2,3,1,0,26,21,1
2969,4,3,4,1,0,27,22,1
2969,5,4,5,1,0,28,23,1
2969,6,5,6,1,1,29,24,1
2969,7,6,7,1,0,30,25,1
2969,8,7,7.582,0.582,0,31,26,1
2970,1,0,1,1,0,36,6,1
2970,2,1,2,1,0,37,7,1
2970,3,2,3,1,0,38,8,1
2970,4,3,4,1,0,39,9,1
2970,5,4,5,1,0,40,10,1
2970,6,5,6,1,0,41,11,1
2970,7,6,7,1,0,42,12,1
2970,8,7,8,1,0,43,13,1
2970,9,8,8.27,0.27,0,44,14,1
2971,1,0,1,1,0,61,16,1
2971,2,1,2,1,0,62,17,1
2971,3,2,3,1,0,63,18,1
2971,4,3,4,1,0,64,19,1
2971,5,4,5,1,0,65,20,1
2971,6,5,6,1,0,66,21,1
2971,7,6,7,1,0,67,22,1
2971,8,7,8,1,0,68,23,1
2971,9,8,9,1,0,69,24,1
2971,10,9,9.532,0.532,0,70,25,1
2972,1,0,1,1,0,45,7,1
2972,2,1,1.689,0.689,0,46,8,1
2973,1,0,1,1,0,38,1,1
2973,2,1,2,1,0,39,2,1
2973,3,2,3,1,1,40,3,1
2973,4,3,4,1,0,41,4,1
2973,5,4,5,1,0,42,5,1
2973,6,5,5.534,0.534,1,43,6,1
2974,1,0,1,1,0,48,9,1
2974,2,1,2,1,0,49,10,1
2974,3,2,3,1,0,50,11,1
2974,4,3,4,1,0,51,12,1
2974,5,4,5,1,0,52,13,1
2974,6,5,6,1,0,53,14,1
2974,7,6,7,1,0,54,15,1
2974,8,7,8,1,0,55,16,1
2974,9,8,8.018,0.018,0,56,17,1
2975,1,0,1,1,0,63,4,1
2975,2,1,2,1,0,64,5,1
2975,3,2,2.261,0.261,0,65,6,1
2976,1,0,1,1,0,51,8,1
2976,2,1,2,1,4,52,9,1
2976,3,2,3,1,2,53,10,1
2976,4,3,3.449,0.449,0,54,11,1
2977,1,0,1,1,0,42,8,1
2977,2,1,2,1,0,43,9,1
2977,3,2,3,1,1,44,10,1
2977,4,3,4,1,0,45,11,1
2977,5,4,5,1,0,46,12,1
2977,6,5,6,1,0,47,13,1
2977,7,6,6.902,0.902,0,48,14,1
2978,1,0,1,1,0,53,11,1
2978,2,1,2,1,0,54,12,1
2978,3,2,3,1,0,55,13,1
2978,4,3,4,1,0,56,14,1
2978,5,4,5,1,0,57,15,1
2978,6,5,5.784,0.784,0,58,16,1
2979,1,0,1,1,0,32,13,1
2979,2,1,2,1,0,33,14,1
2979,3,2,3,1,0,34,15,1
2979,4,3,4,1,0,35,16,1
2979,5,4,5,1,0,36,17,1
2979,6,5,6,1,0,37,18,1
2979,7,6,7,1,0,38,19,1
2979,8,7,7.18,0.18,0,39,20,1
2980,1,0,1,1,0,24,1,1
2980,2,1,2,1,0,25,2,1
2980,3,2,3,1,0,26,3,1
2980,4,3,4,1,0,27,4,1
2980,5,4,4.369,0.369,0,28,5,1
2981,1,0,0.908,0.908,0,31,6,1
2982,1,0,1,1,0,38,4,1
2982,2,1,2,1,0,39,5,1
2982,3,2,3,1,0,40,6,1
2982,4,3,3.728,0.728,0,41,7,1
2983,1,0,1,1,0,42,16,1
2983,2,1,2,1,2,43,17,1
2983,3,2,3,1,1,44,18,1
2983,4,3,4,1,0,45,19,1
2983,5,4,5,1,0,46,20,1
2983,6,5,6,1,1,47,21,1
2983,7,6,7,1,0,48,22,1
2983,8,7,8,1,1,49,23,1
2983,9,8,8.896,0.896,0,50,24,1
2984,1,0,1,1,0,28,0,1
2984,2,1,2,1,0,29,1,1
2984,3,2,2.885,0.885,0,30,2,1
2985,1,0,1,1,0,38,0,1
2985,2,1,2,1,0,39,1,1
2985,3,2,3,1,0,40,2,1
2985,4,3,4,1,0,41,3,1
2985,5,4,4.587,0.587,0,42,4,1
2986,1,0,1,1,0,42,14,1
2986,2,1,2,1,0,43,15,1
2986,3,2,3,1,0,44,16,1
2986,4,3,4,1,0,45,17,1
2986,5,4,5,1,0,46,18,1
2986,6,5,6,1,0,47,19,1
2986,7,6,7,1,0,48,20,1
2986,8,7,8,1,0,49,21,1
2986,9,8,9,1,0,50,22,1
2986,10,9,9.85,0.85,0,51,23,1
2987,1,0,1,1,1,40,4,1
2987,2,1,2,1,1,41,5,1
2987,3,2,2.032,0.032,0,42,6,1
2988,1,0,1,1,0,33,8,1
2988,2,1,2,1,0,34,9,1
2988,3,2,3,1,0,35,10,1
2988,4,3,4,1,0,36,11,1
2988,5,4,5,1,1,37,12,1
2988,6,5,6,1,0,38,13,1
2988,7,6,6.623,0.623,0,39,14,1
2989,1,0,1,1,1,63,9,1
2989,2,1,2,1,0,64,10,1
2989,3,2,3,1,0,65,11,1
2989,4,3,3.091,0.091,0,66,12,1
2990,1,0,1,1,0,50,7,1
2990,2,1,1.288,0.288,0,51,8,1
2991,1,0,1,1,0,56,13,1
2991,2,1,2,1,0,57,14,1
2991,3,2,3,1,0,58,15,1
2991,4,3,4,1,0,59,16,1
2991,5,4,5,1,0,60,17,1
2991,6,5,6,1,0,61,18,1
2991,7,6,6.949,0.949,0,62,19,1
2992,1,0,1,1,0,47,8,1
2992,2,1,2,1,0,48,9,1
2992,3,2,3,1,0,49,10,1
2992,4,3,3.032,0.032,0,50,11,1
2993,1,0,1,1,1,29,9,1
2993,2,1,2,1,0,30,10,1
2993,3,2,3,1,1,31,11,1
2993,4,3,3.31,0.31,0,32,12,1
2994,1,0,1,1,0,54,12,1
2994,2,1,1.55,0.55,0,55,13,1
2995,1,0,1,1,0,48,0,1
2995,2,1,2,1,0,49,1,1
2995,3,2,3,1,1,50,2,1
2995,4,3,4,1,0,51,3,1
2995,5,4,4.219,0.219,0,52,4,1
2996,1,0,1,1,0,18,5,1
2996,2,1,2,1,0,19,6,1
2996,3,2,2.035,0.035,0,20,7,1
2997,1,0,1,1,0,52,3,1
2997,2,1,2,1,0,53,4,1
2997,3,2,3,1,0,54,5,1
2997,4,3,4,1,0,55,6,1
2997,5,4,4.473,0.473,0,56,7,1
2998,1,0,1,1,0,67,0,1
2998,2,1,2,1,1,68,1,1
2998,3,2,2.972,0.972,0,69,2,1
2999,1,0,1,1,0,29,10,1
2999,2,1,2,1,0,30,11,1
2999,3,2,3,1,0,31,12,1
2999,4,3,4,1,0,32,13,1
2999,5,4,4.069,0.069,0,33,14,1
3000,1,0,1,1,0,40,9,1
3000,2,1,2,1,1,41,10,1
3000,3,2,2.247,0.247,0,42,11,1
3001,1,0,1,1,1,26,11,1
3001,2,1,2,1,0,27,12,1
3001,3,2,3,1,1,28,13,1
3001,4,3,4,1,0,29,14,1
3001,5,4,5,1,0,30,15,1
3001,6,5,6,1,0,31,16,1
3001,7,6,6.123,0.123,0,32,17,1
3002,1,0,1,1,0,50,1,1
3002,2,1,2,1,1,51,2,1
3002,3,2,3,1,0,52,3,1
3002,4,3,4,1,1,53,4,1
3002,5,4,4.729,0.729,0,54,5,1
3003,1,0,1,1,0,53,6,1
3003,2,1,2,1,1,54,7,1
3003,3,2,2.408,0.408,0,55,8,1
3004,1,0,1,1,0,43,8,1
3004,2,1,2,1,0,44,9,1
3004,3,2,3,1,0,45,10,1
3004,4,3,4,1,0,46,11,1
3004,5,4,5,1,0,47,12,1
3004,6,5,6,1,0,48,13,1
3004,7,6,6.504,0.504,0,49,14,1
3005,1,0,1,1,0,49,5,1
3005,2,1,2,1,0,50,6,1
3005,3,2,3,1,0,51,7,1
3005,4,3,4,1,0,52,8,1
3005,5,4,5,1,0,53,9,1
3005,6,5,5.857,0.857,0,54,10,1
3006,1,0,1,1,0,71,16,1
3006,2,1,2,1,0,72,17,1
3006,3,2,3,1,0,73,18,1
3006,4,3,4,1,0,74,19,1
3006,5,4,5,1,0,75,20,1
3006,6,5,5.121,0.121,0,76,21,1
3007,1,0,1,1,0,36,0,1
3007,2,1,2,1,0,37,1,1
3007,3,2,3,1,0,38,2,1
3007,4,3,4,1,0,39,3,1
3007,5,4,5,1,0,40,4,1
3007,6,5,5.757,0.757,0,41,5,1
3008,1,0,1,1,0,44,11,1
3008,2,1,1.252,0.252,0,45,12,1
3009,1,0,1,1,0,42,1,1
3009,2,1,2,1,0,43,2,1
3009,3,2,3,1,0,44,3,1
3009,4,3,3.102,0.102,0,45,4,1
3010,1,0,1,1,0,43,5,1
3010,2,1,2,1,0,44,6,1
3010,3,2,3,1,2,45,7,1
3010,4,3,4,1,0,46,8,1
3010,5,4,5,1,1,47,9,1
3010,6,5,6,1,1,48,10,1
3010,7,6,6.68,0.68,1,49,11,1
3011,1,0,1,1,0,50,6,1
3011,2,1,2,1,0,51,7,1
3011,3,2,3,1,0,52,8,1
3011,4,3,3.309,0.309,0,53,9,1
3012,1,0,1,1,0,34,16,1
3012,2,1,2,1,0,35,17,1
3012,3,2,3,1,0,36,18,1
3012,4,3,3.521,0.521,0,37,19,1
3013,1,0,1,1,0,52,10,1
3013,2,1,2,1,0,53,11,1
3013,3,2,2.622,0.622,0,54,12,1
3014,1,0,1,1,1,45,6,1
3014,2,1,2,1,0,46,7,1
3014,3,2,3,1,0,47,8,1
3014,4,3,4,1,0,48,9,1
3014,5,4,5,1,0,49,10,1
3014,6,5,5.756,0.756,0,50,11,1
3015,1,0,1,1,1,26,8,1
3015,2,1,1.732,0.732,3,27,9,1
3016,1,0,1,1,0,42,8,1
3016,2,1,1.031,0.031,0,43,9,1
3017,1,0,1,1,0,56,3,1
3017,2,1,2,1,0,57,4,1
3017,3,2,3,1,0,58,5,1
3017,4,3,4,1,0,59,6,1
3017,5,4,5,1,0,60,7,1
3017,6,5,6,1,0,61,8,1
3017,7,6,7,1,0,62,9,1
3017,8,7,7.96,0.96,0,63,10,1
3018,1,0,1,1,0,55,13,1
3018,2,1,2,1,0,56,14,1
3018,3,2,3,1,0,57,15,1
3018,4,3,3.967,0.967,0,58,16,1
3019,1,0,1,1,0,46,8,1
3019,2,1,2,1,0,47,9,1
3019,3,2,3,1,0,48,10,1
3019,4,3,4,1,0,49,11,1
3019,5,4,4.534,0.534,0,50,12,1
3020,1,0,1,1,0,52,3,1
3020,2,1,2,1,0,53,4,1
3020,3,2,3,1,0,54,5,1
3020,4,3,4,1,0,55,6,1
3020,5,4,5,1,0,56,7,1
3020,6,5,6,1,0,57,8,1
3020,7,6,6.363,0.363,0,58,9,1
3021,1,0,1,1,0,43,3,1
3021,2,1,1.575,0.575,0,44,4,1
3022,1,0,1,1,0,61,11,1
3022,2,1,1.048,0.048,0,62,12,1
3023,1,0,1,1,0,20,8,1
3023,2,1,2,1,0,21,9,1
3023,3,2,3,1,0,22,10,1
3023,4,3,3.223,0.223,0,23,11,1
3024,1,0,1,1,0,33,14,1
3024,2,1,2,1,1,34,15,1
3024,3,2,3,1,1,35,16,1
3024,4,3,4,1,0,36,17,1
3024,5,4,5,1,0,37,18,1
3024,6,5,6,1,1,38,19,1
3024,7,6,6.893,0.893,0,39,20,1
3025,1,0,1,1,0,51,15,1
3025,2,1,2,1,0,52,16,1
3025,3,2,2.155,0.155,2,53,17,1
3026,1,0,1,1,0,29,4,1
3026,2,1,2,1,0,30,5,1
3026,3,2,3,1,0,31,6,1
3026,4,3,3.619,0.619,0,32,7,1
3027,1,0,1,1,0,53,4,1
3027,2,1,2,1,0,54,5,1
3027,3,2,3,1,0,55,6,1
3027,4,3,4,1,0,56,7,1
3027,5,4,5,1,0,57,8,1
3027,6,5,6,1,0,58,9,1
3027,7,6,6.726,0.726,0,59,10,1
3028,1,0,1,1,0,71,10,1
3028,2,1,2,1,0,72,11,1
3028,3,2,2.08,0.08,0,73,12,1
3029,1,0,1,1,0,60,11,1
3029,2,1,1.55,0.55,0,61,12,1
3030,1,0,1,1,1,70,10,1
3030,2,1,2,1,1,71,11,1
3030,3,2,3,1,0,72,12,1
3030,4,3,4,1,2,73,13,1
3030,5,4,5,1,0,74,14,1
3030,6,5,5.865,0.865,0,75,15,1
3031,1,0,1,1,0,26,12,1
3031,2,1,2,1,0,27,13,1
3031,3,2,2.325,0.325,0,28,14,1
3032,1,0,1,1,0,51,1,1
3032,2,1,2,1,0,52,2,1
3032,3,2,3,1,0,53,3,1
3032,4,3,3.506,0.506,0,54,4,1
3033,1,0,1,1,0,18,4,1
3033,2,1,2,1,0,19,5,1
3033,3,2,3,1,0,20,6,1
3033,4,3,4,1,0,21,7,1
3033,5,4,4.662,0.662,0,22,8,1
3034,1,0,1,1,0,68,5,1
3034,2,1,2,1,0,69,6,1
3034,3,2,3,1,0,70,7,1
3034,4,3,4,1,1,71,8,1
3034,5,4,4.781,0.781,0,72,9,1
3035,1,0,1,1,0,33,0,1
3035,2,1,2,1,0,34,1,1
3035,3,2,3,1,0,35,2,1
3035,4,3,4,1,0,36,3,1
3035,5,4,5,1,0,37,4,1
3035,6,5,6,1,0,38,5,1
3035,7,6,6.78,0.78,0,39,6,1
3036,1,0,1,1,0,53,12,1
3036,2,1,1.761,0.761,0,54,13,1
3037,1,0,1,1,0,28,12,1
3037,2,1,2,1,0,29,13,1
3037,3,2,3,1,0,30,14,1
3037,4,3,4,1,0,31,15,1
3037,5,4,4.2,0.2,0,32,16,1
3038,1,0,1,1,0,31,0,1
3038,2,1,2,1,0,32,1,1
3038,3,2,3,1,0,33,2,1
3038,4,3,4,1,0,34,3,1
3038,5,4,5,1,0,35,4,1
3038,6,5,6,1,0,36,5,1
3038,7,6,7,1,0,37,6,1
3038,8,7,8,1,0,38,7,1
3038,9,8,8.253,0.253,0,39,8,1
3039,1,0,1,1,0,65,4,1
3039,2,1,2,1,0,66,5,1
3039,3,2,3,1,0,67,6,1
3039,4,3,3.925,0.925,0,68,7,1
3040,1,0,1,1,0,37,11,1
3040,2,1,2,1,0,38,12,1
3040,3,2,3,1,0,39,13,1
3040,4,3,4,1,0,40,14,1
3040,5,4,5,1,0,41,15,1
3040,6,5,5.514,0.514,0,42,16,1
3041,1,0,1,1,0,52,12,1
3041,2,1,1.606,0.606,0,53,13,1
3042,1,0,1,1,0,40,10,1
3042,2,1,1.616,0.616,0,41,11,1
3043,1,0,1,1,0,45,8,1
3043,2,1,2,1,1,46,9,1
3043,3,2,3,1,1,47,10,1
3043,4,3,4,1,0,48,11,1
3043,5,4,4.206,0.206,0,49,12,1
3044,1,0,1,1,0,50,12,1
3044,2,1,1.687,0.687,1,51,13,1
3045,1,0,1,1,0,77,8,1
3045,2,1,1.335,0.335,0,78,9,1
3046,1,0,1,1,0,64,14,1
3046,2,1,2,1,0,65,15,1
3046,3,2,3,1,0,66,16,1
3046,4,3,4,1,0,67,17,1
3046,5,4,5,1,0,68,18,1
3046,6,5,5.213,0.213,0,69,19,1
3047,1,0,1,1,0,35,4,1
3047,2,1,2,1,0,36,5,1
3047,3,2,3,1,0,37,6,1
3047,4,3,4,1,0,38,7,1
3047,5,4,4.564,0.564,0,39,8,1
3048,1,0,1,1,0,24,10,1
3048,2,1,1.955,0.955,0,25,11,1
3049,1,0,1,1,0,36,5,1
3049,2,1,2,1,0,37,6,1
3049,3,2,3,1,0,38,7,1
3049,4,3,3.485,0.485,0,39,8,1
3050,1,0,1,1,0,64,13,1
3050,2,1,1.365,0.365,0,65,14,1
3051,1,0,1,1,0,43,13,1
3051,2,1,2,1,0,44,14,1
3051,3,2,3,1,0,45,15,1
3051,4,3,4,1,0,46,16,1
3051,5,4,5,1,1,47,17,1
3051,6,5,6,1,0,48,18,1
3051,7,6,7,1,0,49,19,1
3051,8,7,8,1,0,50,20,1
3051,9,8,9,1,1,51,21,1
3051,10,9,9.144,0.144,0,52,22,1
3052,1,0,1,1,0,53,5,1
3052,2,1,2,1,1,54,6,1
3052,3,2,3,1,0,55,7,1
3052,4,3,4,1,0,56,8,1
3052,5,4,4.468,0.468,0,57,9,1
3053,1,0,1,1,0,39,9,1
3053,2,1,2,1,0,40,10,1
3053,3,2,3,1,0,41,11,1
3053,4,3,4,1,0,42,12,1
3053,5,4,5,1,0,43,13,1
3053,6,5,6,1,0,44,14,1
3053,7,6,6.859,0.859,0,45,15,1
3054,1,0,1,1,0,48,12,1
3054,2,1,1.516,0.516,0,49,13,1
3055,1,0,1,1,0,29,6,1
3055,2,1,2,1,0,30,7,1
3055,3,2,3,1,0,31,8,1
3055,4,3,4,1,0,32,9,1
3055,5,4,5,1,0,33,10,1
3055,6,5,6,1,0,34,11,1
3055,7,6,6.05,0.05,0,35,12,1
3056,1,0,1,1,0,56,5,1
3056,2,1,2,1,0,57,6,1
3056,3,2,2.166,0.166,0,58,7,1
3057,1,0,1,1,0,50,10,1
3057,2,1,2,1,0,51,11,1
3057,3,2,3,1,0,52,12,1
3057,4,3,4,1,0,53,13,1
3057,5,4,5,1,0,54,14,1
3057,6,5,6,1,0,55,15,1
3057,7,6,7,1,0,56,16,1
3057,8,7,8,1,0,57,17,1
3057,9,8,9,1,0,58,18,1
3057,10,9,9.937,0.937,0,59,19,1
3058,1,0,1,1,0,46,18,1
3058,2,1,1.136,0.136,0,47,19,1
3059,1,0,1,1,0,40,13,1
3059,2,1,2,1,0,41,14,1
3059,3,2,3,1,0,42,15,1
3059,4,3,4,1,0,43,16,1
3059,5,4,5,1,0,44,17,1
3059,6,5,6,1,1,45,18,1
3059,7,6,7,1,0,46,19,1
3059,8,7,7.748,0.748,0,47,20,1
3060,1,0,1,1,0,31,12,1
3060,2,1,2,1,0,32,13,1
3060,3,2,3,1,0,33,14,1
3060,4,3,4,1,0,34,15,1
3060,5,4,5,1,0,35,16,1
3060,6,5,6,1,0,36,17,1
3060,7,6,7,1,0,37,18,1
3060,8,7,8,1,0,38,19,1
3060,9,8,9,1,0,39,20,1
3060,10,9,9.237,0.237,0,40,21,1
3061,1,0,1,1,0,63,7,1
3061,2,1,2,1,1,64,8,1
3061,3,2,3,1,0,65,9,1
3061,4,3,3.371,0.371,0,66,10,1
3062,1,0,1,1,0,51,13,1
3062,2,1,2,1,0,52,14,1
3062,3,2,3,1,0,53,15,1
3062,4,3,4,1,0,54,16,1
3062,5,4,5,1,0,55,17,1
3062,6,5,5.242,0.242,0,56,18,1
