"id_poliza","anio","tstart","tstop","expo_anual","n_partes_anual","edad_t","antig_veh_t","en_riesgo"
1,1,0,1,1,1,46,4,1
1,2,1,2,1,0,47,5,1
1,3,2,3,1,1,48,6,1
1,4,3,3.142,0.142,1,49,7,1
2,1,0,1,1,0,66,3,1
2,2,1,2,1,0,67,4,1
2,3,2,3,1,0,68,5,1
2,4,3,4,1,0,69,6,1
2,5,4,4.747,0.747,0,70,7,1
3,1,0,1,1,0,34,12,1
3,2,1,2,1,0,35,13,1
3,3,2,3,1,0,36,14,1
3,4,3,4,1,0,37,15,1
3,5,4,5,1,0,38,16,1
3,6,5,6,1,0,39,17,1
3,7,6,6.062,0.062,0,40,18,1
4,1,0,1,1,0,25,2,1
4,2,1,1.532,0.532,0,26,3,1
5,1,0,1,1,0,65,11,1
5,2,1,2,1,0,66,12,1
5,3,2,3,1,0,67,13,1
5,4,3,3.677,0.677,0,68,14,1
6,1,0,1,1,0,41,7,1
6,2,1,2,1,0,42,8,1
6,3,2,3,1,0,43,9,1
6,4,3,4,1,0,44,10,1
6,5,4,5,1,0,45,11,1
6,6,5,6,1,0,46,12,1
6,7,6,7,1,0,47,13,1
6,8,7,7.49,0.49,0,48,14,1
7,1,0,1,1,1,49,1,1
7,2,1,2,1,0,50,2,1
7,3,2,3,1,1,51,3,1
7,4,3,4,1,1,52,4,1
7,5,4,5,1,2,53,5,1
7,6,5,6,1,1,54,6,1
7,7,6,6.17,0.17,1,55,7,1
8,1,0,1,1,0,18,10,1
8,2,1,1.878,0.878,0,19,11,1
9,1,0,1,1,0,60,0,1
9,2,1,1.227,0.227,0,61,1,1
10,1,0,1,1,0,48,7,1
10,2,1,2,1,0,49,8,1
10,3,2,3,1,0,50,9,1
10,4,3,3.702,0.702,0,51,10,1
11,1,0,1,1,0,44,0,1
11,2,1,2,1,0,45,1,1
11,3,2,3,1,0,46,2,1
11,4,3,3.648,0.648,0,47,3,1
12,1,0,1,1,0,25,13,1
12,2,1,2,1,0,26,14,1
12,3,2,3,1,0,27,15,1
12,4,3,4,1,0,28,16,1
12,5,4,4.393,0.393,1,29,17,1
13,1,0,1,1,0,37,8,1
13,2,1,2,1,1,38,9,1
13,3,2,2.353,0.353,0,39,10,1
14,1,0,1,1,0,53,14,1
14,2,1,2,1,0,54,15,1
14,3,2,3,1,0,55,16,1
14,4,3,4,1,0,56,17,1
14,5,4,4.194,0.194,0,57,18,1
15,1,0,1,1,0,29,18,1
15,2,1,1.177,0.177,0,30,19,1
16,1,0,1,1,0,34,5,1
16,2,1,2,1,0,35,6,1
16,3,2,3,1,0,36,7,1
16,4,3,4,1,1,37,8,1
16,5,4,5,1,0,38,9,1
16,6,5,5.693,0.693,0,39,10,1
17,1,0,1,1,0,59,11,1
17,2,1,2,1,0,60,12,1
17,3,2,3,1,0,61,13,1
17,4,3,4,1,0,62,14,1
17,5,4,5,1,0,63,15,1
17,6,5,6,1,0,64,16,1
17,7,6,7,1,0,65,17,1
17,8,7,7.821,0.821,0,66,18,1
18,1,0,1,1,0,61,16,1
18,2,1,2,1,0,62,17,1
18,3,2,3,1,1,63,18,1
18,4,3,4,1,0,64,19,1
18,5,4,5,1,0,65,20,1
18,6,5,6,1,2,66,21,1
18,7,6,7,1,0,67,22,1
18,8,7,7.676,0.676,0,68,23,1
19,1,0,1,1,0,76,13,1
19,2,1,2,1,0,77,14,1
19,3,2,3,1,0,78,15,1
19,4,3,4,1,0,79,16,1
19,5,4,5,1,0,80,17,1
19,6,5,6,1,0,81,18,1
19,7,6,7,1,0,82,19,1
19,8,7,8,1,0,83,20,1
19,9,8,9,1,0,84,21,1
19,10,9,9.282,0.282,0,85,22,1
20,1,0,1,1,0,45,5,1
20,2,1,2,1,0,46,6,1
20,3,2,2.496,0.496,0,47,7,1
21,1,0,1,1,0,62,7,1
21,2,1,1.984,0.984,0,63,8,1
22,1,0,1,1,1,34,7,1
22,2,1,1.126,0.126,0,35,8,1
23,1,0,0.574,0.574,0,48,0,1
24,1,0,1,1,0,56,9,1
24,2,1,2,1,0,57,10,1
24,3,2,3,1,1,58,11,1
24,4,3,4,1,0,59,12,1
24,5,4,5,1,0,60,13,1
24,6,5,5.275,0.275,0,61,14,1
25,1,0,1,1,0,69,1,1
25,2,1,2,1,0,70,2,1
25,3,2,3,1,0,71,3,1
25,4,3,4,1,0,72,4,1
25,5,4,5,1,0,73,5,1
25,6,5,6,1,0,74,6,1
25,7,6,7,1,0,75,7,1
25,8,7,8,1,0,76,8,1
25,9,8,8.617,0.617,0,77,9,1
26,1,0,1,1,0,47,8,1
26,2,1,2,1,1,48,9,1
26,3,2,3,1,0,49,10,1
26,4,3,4,1,0,50,11,1
26,5,4,4.181,0.181,0,51,12,1
27,1,0,1,1,0,34,10,1
27,2,1,2,1,0,35,11,1
27,3,2,3,1,0,36,12,1
27,4,3,4,1,0,37,13,1
27,5,4,5,1,0,38,14,1
27,6,5,6,1,0,39,15,1
27,7,6,7,1,0,40,16,1
27,8,7,8,1,0,41,17,1
27,9,8,9,1,0,42,18,1
27,10,9,9.736,0.736,0,43,19,1
28,1,0,1,1,0,38,4,1
28,2,1,2,1,0,39,5,1
28,3,2,3,1,0,40,6,1
28,4,3,3.27,0.27,0,41,7,1
29,1,0,1,1,0,49,10,1
29,2,1,2,1,0,50,11,1
29,3,2,3,1,0,51,12,1
29,4,3,4,1,0,52,13,1
29,5,4,5,1,0,53,14,1
29,6,5,6,1,0,54,15,1
29,7,6,7,1,0,55,16,1
29,8,7,8,1,0,56,17,1
29,9,8,8.683,0.683,0,57,18,1
30,1,0,0.881,0.881,0,51,10,1
31,1,0,1,1,0,38,0,1
31,2,1,2,1,1,39,1,1
31,3,2,3,1,0,40,2,1
31,4,3,4,1,0,41,3,1
31,5,4,5,1,0,42,4,1
31,6,5,6,1,0,43,5,1
31,7,6,7,1,0,44,6,1
31,8,7,8,1,0,45,7,1
31,9,8,8.898,0.898,0,46,8,1
32,1,0,1,1,0,37,15,1
32,2,1,2,1,0,38,16,1
32,3,2,3,1,0,39,17,1
32,4,3,4,1,0,40,18,1
32,5,4,5,1,0,41,19,1
32,6,5,6,1,0,42,20,1
32,7,6,7,1,0,43,21,1
32,8,7,8,1,0,44,22,1
32,9,8,8.509,0.509,0,45,23,1
33,1,0,1,1,0,41,14,1
33,2,1,2,1,0,42,15,1
33,3,2,2.17,0.17,0,43,16,1
34,1,0,1,1,0,35,12,1
34,2,1,2,1,1,36,13,1
34,3,2,2.014,0.014,0,37,14,1
35,1,0,1,1,0,23,7,1
35,2,1,2,1,0,24,8,1
35,3,2,3,1,0,25,9,1
35,4,3,3.63,0.63,0,26,10,1
36,1,0,1,1,0,49,8,1
36,2,1,2,1,0,50,9,1
36,3,2,3,1,0,51,10,1
36,4,3,4,1,3,52,11,1
36,5,4,4.775,0.775,0,53,12,1
37,1,0,1,1,0,61,3,1
37,2,1,2,1,0,62,4,1
37,3,2,3,1,0,63,5,1
37,4,3,3.053,0.053,0,64,6,1
38,1,0,1,1,0,18,8,1
38,2,1,1.907,0.907,1,19,9,1
39,1,0,1,1,0,40,15,1
39,2,1,2,1,0,41,16,1
39,3,2,3,1,0,42,17,1
39,4,3,4,1,0,43,18,1
39,5,4,5,1,0,44,19,1
39,6,5,6,1,0,45,20,1
39,7,6,7,1,0,46,21,1
39,8,7,7.02,0.02,0,47,22,1
40,1,0,1,1,0,34,0,1
40,2,1,1.73,0.73,0,35,1,1
41,1,0,1,1,0,37,8,1
41,2,1,2,1,0,38,9,1
41,3,2,3,1,0,39,10,1
41,4,3,4,1,0,40,11,1
41,5,4,5,1,0,41,12,1
41,6,5,6,1,0,42,13,1
41,7,6,7,1,0,43,14,1
41,8,7,8,1,0,44,15,1
41,9,8,9,1,0,45,16,1
41,10,9,9.65,0.65,0,46,17,1
42,1,0,1,1,0,52,10,1
42,2,1,2,1,0,53,11,1
42,3,2,2.597,0.597,0,54,12,1
43,1,0,1,1,1,52,3,1
43,2,1,2,1,0,53,4,1
43,3,2,3,1,0,54,5,1
43,4,3,4,1,0,55,6,1
43,5,4,4.265,0.265,0,56,7,1
44,1,0,1,1,0,39,9,1
44,2,1,1.371,0.371,0,40,10,1
45,1,0,1,1,0,26,5,1
45,2,1,1.833,0.833,0,27,6,1
46,1,0,1,1,0,64,0,1
46,2,1,2,1,0,65,1,1
46,3,2,3,1,0,66,2,1
46,4,3,4,1,0,67,3,1
46,5,4,5,1,0,68,4,1
46,6,5,6,1,0,69,5,1
46,7,6,7,1,0,70,6,1
46,8,7,8,1,0,71,7,1
46,9,8,8.091,0.091,0,72,8,1
47,1,0,1,1,1,18,6,1
47,2,1,2,1,0,19,7,1
47,3,2,3,1,2,20,8,1
47,4,3,3.063,0.063,0,21,9,1
48,1,0,1,1,0,44,15,1
48,2,1,1.055,0.055,0,45,16,1
49,1,0,1,1,0,37,12,1
49,2,1,2,1,0,38,13,1
49,3,2,3,1,0,39,14,1
49,4,3,4,1,0,40,15,1
49,5,4,5,1,0,41,16,1
49,6,5,5.491,0.491,0,42,17,1
50,1,0,1,1,0,18,8,1
50,2,1,2,1,0,19,9,1
50,3,2,3,1,0,20,10,1
50,4,3,4,1,0,21,11,1
50,5,4,5,1,0,22,12,1
50,6,5,5.853,0.853,0,23,13,1
51,1,0,1,1,0,34,4,1
51,2,1,2,1,0,35,5,1
51,3,2,3,1,1,36,6,1
51,4,3,4,1,0,37,7,1
51,5,4,5,1,0,38,8,1
51,6,5,6,1,0,39,9,1
51,7,6,7,1,0,40,10,1
51,8,7,8,1,0,41,11,1
51,9,8,8.301,0.301,0,42,12,1
52,1,0,1,1,0,55,15,1
52,2,1,2,1,0,56,16,1
52,3,2,2.469,0.469,1,57,17,1
53,1,0,1,1,0,73,9,1
53,2,1,2,1,1,74,10,1
53,3,2,3,1,2,75,11,1
53,4,3,4,1,0,76,12,1
53,5,4,5,1,0,77,13,1
53,6,5,6,1,0,78,14,1
53,7,6,7,1,0,79,15,1
53,8,7,7.418,0.418,0,80,16,1
54,1,0,1,1,0,44,3,1
54,2,1,2,1,0,45,4,1
54,3,2,3,1,0,46,5,1
54,4,3,4,1,0,47,6,1
54,5,4,5,1,0,48,7,1
54,6,5,6,1,0,49,8,1
54,7,6,6.209,0.209,0,50,9,1
55,1,0,1,1,0,28,3,1
55,2,1,2,1,0,29,4,1
55,3,2,3,1,0,30,5,1
55,4,3,4,1,1,31,6,1
55,5,4,5,1,0,32,7,1
55,6,5,6,1,0,33,8,1
55,7,6,6.935,0.935,1,34,9,1
56,1,0,1,1,0,50,10,1
56,2,1,2,1,0,51,11,1
56,3,2,3,1,0,52,12,1
56,4,3,3.044,0.044,0,53,13,1
57,1,0,1,1,1,24,7,1
57,2,1,2,1,0,25,8,1
57,3,2,3,1,0,26,9,1
57,4,3,4,1,0,27,10,1
57,5,4,5,1,0,28,11,1
57,6,5,6,1,0,29,12,1
57,7,6,7,1,0,30,13,1
57,8,7,8,1,0,31,14,1
57,9,8,9,1,0,32,15,1
57,10,9,9.225,0.225,0,33,16,1
58,1,0,1,1,0,36,11,1
58,2,1,2,1,0,37,12,1
58,3,2,3,1,0,38,13,1
58,4,3,4,1,0,39,14,1
58,5,4,5,1,0,40,15,1
58,6,5,6,1,0,41,16,1
58,7,6,7,1,0,42,17,1
58,8,7,8,1,0,43,18,1
58,9,8,8.926,0.926,0,44,19,1
59,1,0,1,1,0,36,0,1
59,2,1,1.269,0.269,0,37,1,1
60,1,0,1,1,0,48,3,1
60,2,1,2,1,0,49,4,1
60,3,2,3,1,0,50,5,1
60,4,3,3.259,0.259,0,51,6,1
61,1,0,1,1,0,38,13,1
61,2,1,2,1,0,39,14,1
61,3,2,3,1,0,40,15,1
61,4,3,4,1,0,41,16,1
61,5,4,5,1,0,42,17,1
61,6,5,5.549,0.549,0,43,18,1
62,1,0,1,1,0,49,18,1
62,2,1,1.187,0.187,0,50,19,1
63,1,0,1,1,0,68,5,1
63,2,1,1.256,0.256,0,69,6,1
64,1,0,1,1,0,40,2,1
64,2,1,2,1,0,41,3,1
64,3,2,3,1,1,42,4,1
64,4,3,4,1,0,43,5,1
64,5,4,5,1,0,44,6,1
64,6,5,6,1,0,45,7,1
64,7,6,7,1,0,46,8,1
64,8,7,8,1,0,47,9,1
64,9,8,8.478,0.478,0,48,10,1
65,1,0,1,1,0,54,6,1
65,2,1,2,1,0,55,7,1
65,3,2,2.49,0.49,0,56,8,1
66,1,0,1,1,0,36,3,1
66,2,1,2,1,1,37,4,1
66,3,2,3,1,1,38,5,1
66,4,3,3.86,0.86,1,39,6,1
67,1,0,1,1,0,18,7,1
67,2,1,2,1,0,19,8,1
67,3,2,3,1,0,20,9,1
67,4,3,4,1,0,21,10,1
67,5,4,5,1,0,22,11,1
67,6,5,6,1,0,23,12,1
67,7,6,7,1,0,24,13,1
67,8,7,8,1,0,25,14,1
67,9,8,8.048,0.048,0,26,15,1
68,1,0,1,1,0,28,13,1
68,2,1,2,1,0,29,14,1
68,3,2,3,1,0,30,15,1
68,4,3,4,1,0,31,16,1
68,5,4,5,1,0,32,17,1
68,6,5,6,1,0,33,18,1
68,7,6,7,1,0,34,19,1
68,8,7,8,1,0,35,20,1
68,9,8,8.032,0.032,0,36,21,1
69,1,0,1,1,0,54,1,1
69,2,1,2,1,0,55,2,1
69,3,2,2.154,0.154,0,56,3,1
70,1,0,0.861,0.861,0,40,5,1
71,1,0,1,1,0,69,15,1
71,2,1,2,1,0,70,16,1
71,3,2,3,1,0,71,17,1
71,4,3,3.188,0.188,0,72,18,1
72,1,0,1,1,0,31,0,1
72,2,1,2,1,1,32,1,1
72,3,2,2.264,0.264,0,33,2,1
73,1,0,1,1,0,72,3,1
73,2,1,2,1,0,73,4,1
73,3,2,3,1,0,74,5,1
73,4,3,4,1,0,75,6,1
73,5,4,4.859,0.859,0,76,7,1
74,1,0,1,1,0,44,7,1
74,2,1,2,1,0,45,8,1
74,3,2,3,1,0,46,9,1
74,4,3,4,1,0,47,10,1
74,5,4,5,1,0,48,11,1
74,6,5,6,1,0,49,12,1
74,7,6,7,1,0,50,13,1
74,8,7,8,1,0,51,14,1
74,9,8,8.44,0.44,0,52,15,1
75,1,0,1,1,0,42,11,1
75,2,1,2,1,0,43,12,1
75,3,2,3,1,0,44,13,1
75,4,3,4,1,0,45,14,1
75,5,4,5,1,0,46,15,1
75,6,5,5.875,0.875,0,47,16,1
76,1,0,1,1,0,65,9,1
76,2,1,2,1,0,66,10,1
76,3,2,3,1,0,67,11,1
76,4,3,4,1,0,68,12,1
76,5,4,5,1,0,69,13,1
76,6,5,5.215,0.215,0,70,14,1
77,1,0,1,1,0,47,4,1
77,2,1,2,1,0,48,5,1
77,3,2,3,1,0,49,6,1
77,4,3,3.28,0.28,0,50,7,1
78,1,0,1,1,0,41,12,1
78,2,1,2,1,0,42,13,1
78,3,2,3,1,0,43,14,1
78,4,3,4,1,0,44,15,1
78,5,4,5,1,0,45,16,1
78,6,5,6,1,0,46,17,1
78,7,6,7,1,0,47,18,1
78,8,7,8,1,0,48,19,1
78,9,8,8.55,0.55,0,49,20,1
79,1,0,1,1,0,45,11,1
79,2,1,2,1,1,46,12,1
79,3,2,3,1,0,47,13,1
79,4,3,4,1,0,48,14,1
79,5,4,4.841,0.841,0,49,15,1
80,1,0,1,1,0,46,12,1
80,2,1,2,1,0,47,13,1
80,3,2,3,1,0,48,14,1
80,4,3,3.347,0.347,0,49,15,1
81,1,0,1,1,4,23,10,1
81,2,1,2,1,2,24,11,1
81,3,2,3,1,0,25,12,1
81,4,3,4,1,0,26,13,1
81,5,4,4.197,0.197,1,27,14,1
82,1,0,1,1,0,58,9,1
82,2,1,2,1,0,59,10,1
82,3,2,2.439,0.439,0,60,11,1
83,1,0,1,1,0,40,12,1
83,2,1,2,1,0,41,13,1
83,3,2,3,1,0,42,14,1
83,4,3,4,1,0,43,15,1
83,5,4,5,1,0,44,16,1
83,6,5,6,1,0,45,17,1
83,7,6,7,1,0,46,18,1
83,8,7,8,1,0,47,19,1
83,9,8,8.16,0.16,0,48,20,1
84,1,0,1,1,0,34,11,1
84,2,1,1.901,0.901,0,35,12,1
85,1,0,1,1,1,74,9,1
85,2,1,1.707,0.707,0,75,10,1
86,1,0,1,1,0,21,9,1
86,2,1,1.611,0.611,0,22,10,1
87,1,0,1,1,2,18,6,1
87,2,1,2,1,0,19,7,1
87,3,2,3,1,0,20,8,1
87,4,3,3.022,0.022,0,21,9,1
88,1,0,1,1,0,51,6,1
88,2,1,2,1,0,52,7,1
88,3,2,2.803,0.803,0,53,8,1
89,1,0,0.982,0.982,0,41,3,1
90,1,0,1,1,0,51,12,1
90,2,1,2,1,0,52,13,1
90,3,2,2.403,0.403,0,53,14,1
91,1,0,1,1,0,53,7,1
91,2,1,2,1,0,54,8,1
91,3,2,3,1,0,55,9,1
91,4,3,3.027,0.027,0,56,10,1
92,1,0,1,1,0,64,3,1
92,2,1,2,1,0,65,4,1
92,3,2,2.875,0.875,0,66,5,1
93,1,0,1,1,0,26,5,1
93,2,1,2,1,0,27,6,1
93,3,2,3,1,0,28,7,1
93,4,3,4,1,0,29,8,1
93,5,4,4.904,0.904,0,30,9,1
94,1,0,1,1,0,52,9,1
94,2,1,1.74,0.74,0,53,10,1
95,1,0,1,1,0,54,3,1
95,2,1,2,1,0,55,4,1
95,3,2,3,1,0,56,5,1
95,4,3,3.436,0.436,0,57,6,1
96,1,0,1,1,0,18,14,1
96,2,1,2,1,0,19,15,1
96,3,2,3,1,0,20,16,1
96,4,3,4,1,0,21,17,1
96,5,4,5,1,0,22,18,1
96,6,5,6,1,1,23,19,1
96,7,6,7,1,1,24,20,1
96,8,7,7.583,0.583,1,25,21,1
97,1,0,1,1,0,56,16,1
97,2,1,2,1,0,57,17,1
97,3,2,3,1,0,58,18,1
97,4,3,4,1,0,59,19,1
97,5,4,5,1,0,60,20,1
97,6,5,6,1,0,61,21,1
97,7,6,6.532,0.532,0,62,22,1
98,1,0,1,1,0,42,7,1
98,2,1,1.369,0.369,0,43,8,1
99,1,0,1,1,0,32,15,1
99,2,1,2,1,0,33,16,1
99,3,2,3,1,0,34,17,1
99,4,3,4,1,0,35,18,1
99,5,4,5,1,0,36,19,1
99,6,5,5.258,0.258,0,37,20,1
100,1,0,1,1,0,34,14,1
100,2,1,2,1,0,35,15,1
100,3,2,3,1,1,36,16,1
100,4,3,4,1,0,37,17,1
100,5,4,5,1,0,38,18,1
100,6,5,6,1,0,39,19,1
100,7,6,7,1,0,40,20,1
100,8,7,8,1,0,41,21,1
100,9,8,8.226,0.226,0,42,22,1
101,1,0,1,1,0,47,7,1
101,2,1,1.655,0.655,0,48,8,1
102,1,0,1,1,0,54,12,1
102,2,1,2,1,0,55,13,1
102,3,2,2.151,0.151,0,56,14,1
103,1,0,1,1,0,32,10,1
103,2,1,1.822,0.822,0,33,11,1
104,1,0,1,1,0,58,16,1
104,2,1,1.89,0.89,0,59,17,1
105,1,0,1,1,0,38,10,1
105,2,1,2,1,0,39,11,1
105,3,2,3,1,0,40,12,1
105,4,3,3.417,0.417,0,41,13,1
106,1,0,1,1,1,70,6,1
106,2,1,2,1,0,71,7,1
106,3,2,3,1,0,72,8,1
106,4,3,4,1,0,73,9,1
106,5,4,5,1,0,74,10,1
106,6,5,6,1,1,75,11,1
106,7,6,7,1,0,76,12,1
106,8,7,7.211,0.211,0,77,13,1
107,1,0,1,1,0,29,4,1
107,2,1,2,1,1,30,5,1
107,3,2,3,1,0,31,6,1
107,4,3,4,1,0,32,7,1
107,5,4,5,1,1,33,8,1
107,6,5,6,1,0,34,9,1
107,7,6,6.247,0.247,1,35,10,1
108,1,0,1,1,0,62,8,1
108,2,1,2,1,0,63,9,1
108,3,2,3,1,0,64,10,1
108,4,3,3.476,0.476,0,65,11,1
109,1,0,1,1,0,35,3,1
109,2,1,2,1,1,36,4,1
109,3,2,3,1,0,37,5,1
109,4,3,4,1,0,38,6,1
109,5,4,4.94,0.94,0,39,7,1
110,1,0,1,1,0,49,8,1
110,2,1,2,1,0,50,9,1
110,3,2,3,1,1,51,10,1
110,4,3,3.835,0.835,0,52,11,1
111,1,0,1,1,0,40,11,1
111,2,1,2,1,0,41,12,1
111,3,2,3,1,0,42,13,1
111,4,3,4,1,0,43,14,1
111,5,4,4.295,0.295,0,44,15,1
112,1,0,1,1,0,57,2,1
112,2,1,1.798,0.798,0,58,3,1
113,1,0,1,1,0,32,11,1
113,2,1,1.754,0.754,0,33,12,1
114,1,0,1,1,0,35,11,1
114,2,1,1.953,0.953,0,36,12,1
115,1,0,1,1,0,61,18,1
115,2,1,2,1,0,62,19,1
115,3,2,3,1,0,63,20,1
115,4,3,3.666,0.666,0,64,21,1
116,1,0,1,1,1,60,1,1
116,2,1,2,1,0,61,2,1
116,3,2,2.46,0.46,0,62,3,1
117,1,0,1,1,0,63,10,1
117,2,1,2,1,0,64,11,1
117,3,2,3,1,0,65,12,1
117,4,3,4,1,0,66,13,1
117,5,4,5,1,0,67,14,1
117,6,5,5.995,0.995,0,68,15,1
118,1,0,1,1,0,34,0,1
118,2,1,2,1,0,35,1,1
118,3,2,3,1,0,36,2,1
118,4,3,4,1,1,37,3,1
118,5,4,5,1,0,38,4,1
118,6,5,6,1,0,39,5,1
118,7,6,6.502,0.502,0,40,6,1
119,1,0,1,1,0,41,4,1
119,2,1,2,1,0,42,5,1
119,3,2,3,1,0,43,6,1
119,4,3,4,1,0,44,7,1
119,5,4,5,1,0,45,8,1
119,6,5,6,1,0,46,9,1
119,7,6,6.11,0.11,0,47,10,1
120,1,0,1,1,0,64,13,1
120,2,1,2,1,0,65,14,1
120,3,2,3,1,0,66,15,1
120,4,3,4,1,0,67,16,1
120,5,4,5,1,0,68,17,1
120,6,5,6,1,0,69,18,1
120,7,6,6.401,0.401,0,70,19,1
121,1,0,1,1,0,40,8,1
121,2,1,2,1,0,41,9,1
121,3,2,3,1,0,42,10,1
121,4,3,3.75,0.75,0,43,11,1
122,1,0,1,1,0,51,4,1
122,2,1,1.401,0.401,0,52,5,1
123,1,0,1,1,0,32,6,1
123,2,1,1.332,0.332,0,33,7,1
124,1,0,1,1,0,48,0,1
124,2,1,2,1,1,49,1,1
124,3,2,2.952,0.952,0,50,2,1
125,1,0,1,1,0,63,13,1
125,2,1,2,1,0,64,14,1
125,3,2,3,1,0,65,15,1
125,4,3,3.374,0.374,0,66,16,1
126,1,0,1,1,0,70,7,1
126,2,1,2,1,0,71,8,1
126,3,2,3,1,0,72,9,1
126,4,3,4,1,0,73,10,1
126,5,4,4.678,0.678,0,74,11,1
127,1,0,1,1,0,64,3,1
127,2,1,2,1,0,65,4,1
127,3,2,3,1,0,66,5,1
127,4,3,4,1,0,67,6,1
127,5,4,5,1,0,68,7,1
127,6,5,6,1,0,69,8,1
127,7,6,7,1,0,70,9,1
127,8,7,8,1,0,71,10,1
127,9,8,9,1,0,72,11,1
127,10,9,9.928,0.928,0,73,12,1
128,1,0,1,1,0,58,10,1
128,2,1,2,1,0,59,11,1
128,3,2,3,1,0,60,12,1
128,4,3,4,1,1,61,13,1
128,5,4,5,1,0,62,14,1
128,6,5,6,1,0,63,15,1
128,7,6,7,1,0,64,16,1
128,8,7,8,1,0,65,17,1
128,9,8,8.44,0.44,0,66,18,1
129,1,0,1,1,0,37,6,1
129,2,1,1.484,0.484,0,38,7,1
130,1,0,1,1,0,81,4,1
130,2,1,2,1,0,82,5,1
130,3,2,3,1,0,83,6,1
130,4,3,4,1,0,84,7,1
130,5,4,5,1,0,85,8,1
130,6,5,5.309,0.309,0,86,9,1
131,1,0,1,1,0,55,7,1
131,2,1,2,1,0,56,8,1
131,3,2,3,1,0,57,9,1
131,4,3,4,1,0,58,10,1
131,5,4,4.367,0.367,0,59,11,1
132,1,0,1,1,0,18,2,1
132,2,1,2,1,0,19,3,1
132,3,2,3,1,0,20,4,1
132,4,3,4,1,0,21,5,1
132,5,4,5,1,1,22,6,1
132,6,5,5.282,0.282,0,23,7,1
133,1,0,1,1,1,66,1,1
133,2,1,2,1,1,67,2,1
133,3,2,3,1,0,68,3,1
133,4,3,4,1,0,69,4,1
133,5,4,4.245,0.245,0,70,5,1
134,1,0,1,1,0,57,14,1
134,2,1,2,1,0,58,15,1
134,3,2,3,1,0,59,16,1
134,4,3,4,1,0,60,17,1
134,5,4,4.935,0.935,0,61,18,1
135,1,0,1,1,1,45,14,1
135,2,1,1.007,0.007,0,46,15,1
136,1,0,1,1,0,60,12,1
136,2,1,2,1,0,61,13,1
136,3,2,3,1,0,62,14,1
136,4,3,4,1,0,63,15,1
136,5,4,5,1,0,64,16,1
136,6,5,6,1,0,65,17,1
136,7,6,6.072,0.072,0,66,18,1
137,1,0,0.499,0.499,0,56,4,1
138,1,0,0.928,0.928,0,79,17,1
139,1,0,1,1,0,40,18,1
139,2,1,1.654,0.654,0,41,19,1
140,1,0,1,1,0,32,6,1
140,2,1,2,1,0,33,7,1
140,3,2,3,1,0,34,8,1
140,4,3,4,1,0,35,9,1
140,5,4,4.182,0.182,0,36,10,1
141,1,0,1,1,0,39,4,1
141,2,1,2,1,0,40,5,1
141,3,2,3,1,0,41,6,1
141,4,3,4,1,0,42,7,1
141,5,4,5,1,0,43,8,1
141,6,5,6,1,0,44,9,1
141,7,6,7,1,0,45,10,1
141,8,7,7.816,0.816,0,46,11,1
142,1,0,1,1,0,48,16,1
142,2,1,2,1,0,49,17,1
142,3,2,3,1,0,50,18,1
142,4,3,4,1,0,51,19,1
142,5,4,5,1,0,52,20,1
142,6,5,6,1,0,53,21,1
142,7,6,7,1,0,54,22,1
142,8,7,7.305,0.305,0,55,23,1
143,1,0,1,1,0,61,9,1
143,2,1,2,1,0,62,10,1
143,3,2,3,1,0,63,11,1
143,4,3,4,1,1,64,12,1
143,5,4,5,1,0,65,13,1
143,6,5,6,1,0,66,14,1
143,7,6,6.032,0.032,0,67,15,1
144,1,0,1,1,0,22,11,1
144,2,1,2,1,0,23,12,1
144,3,2,3,1,0,24,13,1
144,4,3,4,1,0,25,14,1
144,5,4,5,1,0,26,15,1
144,6,5,6,1,0,27,16,1
144,7,6,7,1,2,28,17,1
144,8,7,7.192,0.192,0,29,18,1
145,1,0,1,1,0,50,9,1
145,2,1,2,1,0,51,10,1
145,3,2,3,1,0,52,11,1
145,4,3,4,1,0,53,12,1
145,5,4,5,1,0,54,13,1
145,6,5,5.626,0.626,0,55,14,1
146,1,0,1,1,0,75,7,1
146,2,1,2,1,0,76,8,1
146,3,2,3,1,0,77,9,1
146,4,3,4,1,0,78,10,1
146,5,4,5,1,0,79,11,1
146,6,5,6,1,0,80,12,1
146,7,6,7,1,0,81,13,1
146,8,7,7.358,0.358,0,82,14,1
147,1,0,1,1,0,35,3,1
147,2,1,2,1,0,36,4,1
147,3,2,3,1,0,37,5,1
147,4,3,4,1,0,38,6,1
147,5,4,5,1,0,39,7,1
147,6,5,6,1,0,40,8,1
147,7,6,7,1,0,41,9,1
147,8,7,8,1,0,42,10,1
147,9,8,9,1,0,43,11,1
147,10,9,9.001,0.001,0,44,12,1
148,1,0,1,1,0,60,8,1
148,2,1,1.154,0.154,0,61,9,1
149,1,0,1,1,1,37,1,1
149,2,1,1.582,0.582,0,38,2,1
150,1,0,1,1,0,67,16,1
150,2,1,2,1,0,68,17,1
150,3,2,3,1,0,69,18,1
150,4,3,4,1,0,70,19,1
150,5,4,4.808,0.808,0,71,20,1
151,1,0,1,1,0,21,14,1
151,2,1,1.548,0.548,0,22,15,1
152,1,0,1,1,1,35,9,1
152,2,1,1.417,0.417,1,36,10,1
153,1,0,1,1,0,18,5,1
153,2,1,2,1,0,19,6,1
153,3,2,3,1,0,20,7,1
153,4,3,4,1,1,21,8,1
153,5,4,5,1,3,22,9,1
153,6,5,6,1,1,23,10,1
153,7,6,7,1,0,24,11,1
153,8,7,8,1,1,25,12,1
153,9,8,8.771,0.771,1,26,13,1
154,1,0,0.691,0.691,0,45,10,1
155,1,0,1,1,0,21,13,1
155,2,1,1.724,0.724,0,22,14,1
156,1,0,1,1,0,31,8,1
156,2,1,1.596,0.596,0,32,9,1
157,1,0,1,1,0,37,3,1
157,2,1,2,1,0,38,4,1
157,3,2,3,1,0,39,5,1
157,4,3,4,1,0,40,6,1
157,5,4,4.269,0.269,0,41,7,1
158,1,0,1,1,0,45,3,1
158,2,1,2,1,2,46,4,1
158,3,2,3,1,0,47,5,1
158,4,3,4,1,0,48,6,1
158,5,4,5,1,0,49,7,1
158,6,5,6,1,0,50,8,1
158,7,6,7,1,0,51,9,1
158,8,7,7.053,0.053,0,52,10,1
159,1,0,1,1,1,31,8,1
159,2,1,2,1,1,32,9,1
159,3,2,3,1,0,33,10,1
159,4,3,3.456,0.456,0,34,11,1
160,1,0,1,1,0,24,5,1
160,2,1,1.504,0.504,0,25,6,1
161,1,0,0.701,0.701,0,69,5,1
162,1,0,1,1,0,52,8,1
162,2,1,2,1,0,53,9,1
162,3,2,3,1,0,54,10,1
162,4,3,4,1,0,55,11,1
162,5,4,5,1,0,56,12,1
162,6,5,5.545,0.545,0,57,13,1
163,1,0,1,1,0,66,16,1
163,2,1,2,1,0,67,17,1
163,3,2,3,1,0,68,18,1
163,4,3,4,1,0,69,19,1
163,5,4,4.852,0.852,0,70,20,1
164,1,0,1,1,0,36,9,1
164,2,1,1.563,0.563,0,37,10,1
165,1,0,1,1,0,20,4,1
165,2,1,2,1,0,21,5,1
165,3,2,3,1,0,22,6,1
165,4,3,4,1,0,23,7,1
165,5,4,5,1,0,24,8,1
165,6,5,6,1,0,25,9,1
165,7,6,6.958,0.958,0,26,10,1
166,1,0,1,1,0,33,15,1
166,2,1,2,1,0,34,16,1
166,3,2,3,1,0,35,17,1
166,4,3,4,1,0,36,18,1
166,5,4,5,1,0,37,19,1
166,6,5,6,1,1,38,20,1
166,7,6,6.484,0.484,0,39,21,1
167,1,0,1,1,0,44,2,1
167,2,1,2,1,0,45,3,1
167,3,2,2.324,0.324,0,46,4,1
168,1,0,1,1,0,50,12,1
168,2,1,2,1,0,51,13,1
168,3,2,3,1,0,52,14,1
168,4,3,3.248,0.248,0,53,15,1
169,1,0,1,1,0,49,4,1
169,2,1,2,1,0,50,5,1
169,3,2,3,1,0,51,6,1
169,4,3,4,1,0,52,7,1
169,5,4,5,1,0,53,8,1
169,6,5,6,1,0,54,9,1
169,7,6,7,1,0,55,10,1
169,8,7,7.091,0.091,0,56,11,1
170,1,0,1,1,0,36,0,1
170,2,1,1.399,0.399,0,37,1,1
171,1,0,1,1,0,36,3,1
171,2,1,2,1,0,37,4,1
171,3,2,2.674,0.674,0,38,5,1
172,1,0,1,1,0,59,8,1
172,2,1,2,1,0,60,9,1
172,3,2,2.616,0.616,0,61,10,1
173,1,0,1,1,0,19,6,1
173,2,1,2,1,0,20,7,1
173,3,2,3,1,0,21,8,1
173,4,3,3.138,0.138,0,22,9,1
174,1,0,1,1,0,56,10,1
174,2,1,1.947,0.947,0,57,11,1
175,1,0,1,1,0,61,13,1
175,2,1,2,1,0,62,14,1
175,3,2,2.057,0.057,0,63,15,1
176,1,0,1,1,0,46,8,1
176,2,1,2,1,0,47,9,1
176,3,2,3,1,0,48,10,1
176,4,3,4,1,0,49,11,1
176,5,4,4.514,0.514,0,50,12,1
177,1,0,1,1,0,52,11,1
177,2,1,1.963,0.963,0,53,12,1
178,1,0,1,1,1,66,6,1
178,2,1,2,1,1,67,7,1
178,3,2,2.819,0.819,0,68,8,1
179,1,0,1,1,0,68,6,1
179,2,1,2,1,0,69,7,1
179,3,2,3,1,0,70,8,1
179,4,3,4,1,0,71,9,1
179,5,4,5,1,0,72,10,1
179,6,5,6,1,0,73,11,1
179,7,6,7,1,0,74,12,1
179,8,7,8,1,0,75,13,1
179,9,8,9,1,0,76,14,1
179,10,9,9.919,0.919,0,77,15,1
180,1,0,0.781,0.781,0,48,5,1
181,1,0,1,1,0,36,10,1
181,2,1,2,1,0,37,11,1
181,3,2,3,1,0,38,12,1
181,4,3,4,1,0,39,13,1
181,5,4,5,1,0,40,14,1
181,6,5,6,1,0,41,15,1
181,7,6,7,1,0,42,16,1
181,8,7,8,1,0,43,17,1
181,9,8,9,1,0,44,18,1
181,10,9,9.777,0.777,0,45,19,1
182,1,0,1,1,0,42,8,1
182,2,1,2,1,0,43,9,1
182,3,2,2.586,0.586,0,44,10,1
183,1,0,1,1,0,32,5,1
183,2,1,2,1,0,33,6,1
183,3,2,3,1,0,34,7,1
183,4,3,4,1,0,35,8,1
183,5,4,5,1,1,36,9,1
183,6,5,6,1,0,37,10,1
183,7,6,7,1,0,38,11,1
183,8,7,8,1,1,39,12,1
183,9,8,8.173,0.173,0,40,13,1
184,1,0,1,1,0,64,2,1
184,2,1,2,1,0,65,3,1
184,3,2,3,1,0,66,4,1
184,4,3,4,1,0,67,5,1
184,5,4,4.747,0.747,0,68,6,1
185,1,0,0.562,0.562,0,42,11,1
186,1,0,1,1,0,48,9,1
186,2,1,2,1,0,49,10,1
186,3,2,3,1,0,50,11,1
186,4,3,4,1,0,51,12,1
186,5,4,5,1,0,52,13,1
186,6,5,5.837,0.837,0,53,14,1
187,1,0,1,1,0,37,7,1
187,2,1,2,1,0,38,8,1
187,3,2,2.866,0.866,0,39,9,1
188,1,0,1,1,0,35,8,1
188,2,1,2,1,0,36,9,1
188,3,2,2.946,0.946,0,37,10,1
189,1,0,1,1,1,43,5,1
189,2,1,2,1,0,44,6,1
189,3,2,3,1,0,45,7,1
189,4,3,4,1,1,46,8,1
189,5,4,5,1,0,47,9,1
189,6,5,6,1,0,48,10,1
189,7,6,7,1,0,49,11,1
189,8,7,8,1,0,50,12,1
189,9,8,8.6,0.6,0,51,13,1
190,1,0,1,1,1,18,10,1
190,2,1,2,1,0,19,11,1
190,3,2,2.586,0.586,0,20,12,1
191,1,0,0.72,0.72,0,43,4,1
192,1,0,1,1,0,38,15,1
192,2,1,2,1,0,39,16,1
192,3,2,3,1,0,40,17,1
192,4,3,3.932,0.932,0,41,18,1
193,1,0,1,1,1,50,9,1
193,2,1,2,1,0,51,10,1
193,3,2,2.955,0.955,2,52,11,1
194,1,0,1,1,0,49,12,1
194,2,1,1.356,0.356,0,50,13,1
195,1,0,1,1,0,32,16,1
195,2,1,2,1,0,33,17,1
195,3,2,3,1,2,34,18,1
195,4,3,4,1,0,35,19,1
195,5,4,4.832,0.832,0,36,20,1
196,1,0,1,1,0,44,15,1
196,2,1,2,1,0,45,16,1
196,3,2,3,1,1,46,17,1
196,4,3,4,1,0,47,18,1
196,5,4,5,1,0,48,19,1
196,6,5,6,1,0,49,20,1
196,7,6,7,1,0,50,21,1
196,8,7,8,1,0,51,22,1
196,9,8,8.84,0.84,1,52,23,1
197,1,0,1,1,0,29,3,1
197,2,1,2,1,0,30,4,1
197,3,2,3,1,0,31,5,1
197,4,3,3.429,0.429,0,32,6,1
198,1,0,1,1,0,62,12,1
198,2,1,2,1,0,63,13,1
198,3,2,2.455,0.455,0,64,14,1
199,1,0,1,1,0,28,14,1
199,2,1,2,1,0,29,15,1
199,3,2,3,1,0,30,16,1
199,4,3,4,1,0,31,17,1
199,5,4,4.244,0.244,0,32,18,1
200,1,0,1,1,2,18,9,1
200,2,1,2,1,0,19,10,1
200,3,2,3,1,0,20,11,1
200,4,3,4,1,1,21,12,1
200,5,4,4.2,0.2,0,22,13,1
201,1,0,1,1,0,50,0,1
201,2,1,1.609,0.609,0,51,1,1
202,1,0,1,1,0,44,5,1
202,2,1,2,1,0,45,6,1
202,3,2,3,1,0,46,7,1
202,4,3,4,1,0,47,8,1
202,5,4,5,1,0,48,9,1
202,6,5,6,1,0,49,10,1
202,7,6,7,1,0,50,11,1
202,8,7,7.516,0.516,0,51,12,1
203,1,0,0.796,0.796,0,58,5,1
204,1,0,1,1,0,18,11,1
204,2,1,1.547,0.547,0,19,12,1
205,1,0,1,1,1,31,2,1
205,2,1,2,1,0,32,3,1
205,3,2,3,1,0,33,4,1
205,4,3,4,1,0,34,5,1
205,5,4,4.826,0.826,0,35,6,1
206,1,0,1,1,0,37,3,1
206,2,1,2,1,0,38,4,1
206,3,2,2.615,0.615,0,39,5,1
207,1,0,1,1,0,34,3,1
207,2,1,1.774,0.774,0,35,4,1
208,1,0,1,1,0,46,13,1
208,2,1,2,1,0,47,14,1
208,3,2,2.533,0.533,0,48,15,1
209,1,0,1,1,0,45,18,1
209,2,1,2,1,0,46,19,1
209,3,2,3,1,0,47,20,1
209,4,3,4,1,0,48,21,1
209,5,4,4.685,0.685,0,49,22,1
210,1,0,1,1,0,34,4,1
210,2,1,2,1,0,35,5,1
210,3,2,2.975,0.975,0,36,6,1
211,1,0,0.661,0.661,1,68,12,1
212,1,0,1,1,0,36,3,1
212,2,1,2,1,0,37,4,1
212,3,2,2.504,0.504,0,38,5,1
213,1,0,1,1,0,44,9,1
213,2,1,2,1,0,45,10,1
213,3,2,3,1,0,46,11,1
213,4,3,3.314,0.314,0,47,12,1
214,1,0,1,1,0,33,5,1
214,2,1,2,1,0,34,6,1
214,3,2,2.102,0.102,0,35,7,1
215,1,0,1,1,0,49,6,1
215,2,1,2,1,0,50,7,1
215,3,2,2.675,0.675,0,51,8,1
216,1,0,1,1,0,55,1,1
216,2,1,1.941,0.941,0,56,2,1
217,1,0,1,1,0,37,4,1
217,2,1,2,1,0,38,5,1
217,3,2,3,1,0,39,6,1
217,4,3,4,1,0,40,7,1
217,5,4,4.703,0.703,1,41,8,1
218,1,0,1,1,0,50,7,1
218,2,1,1.471,0.471,0,51,8,1
219,1,0,1,1,0,60,2,1
219,2,1,2,1,0,61,3,1
219,3,2,3,1,0,62,4,1
219,4,3,3.696,0.696,0,63,5,1
220,1,0,1,1,0,27,5,1
220,2,1,1.626,0.626,0,28,6,1
221,1,0,1,1,0,40,4,1
221,2,1,2,1,0,41,5,1
221,3,2,3,1,0,42,6,1
221,4,3,4,1,0,43,7,1
221,5,4,5,1,0,44,8,1
221,6,5,6,1,0,45,9,1
221,7,6,7,1,0,46,10,1
221,8,7,8,1,0,47,11,1
221,9,8,9,1,0,48,12,1
221,10,9,9.356,0.356,0,49,13,1
222,1,0,1,1,0,28,0,1
222,2,1,1.456,0.456,0,29,1,1
223,1,0,1,1,0,68,9,1
223,2,1,2,1,0,69,10,1
223,3,2,3,1,0,70,11,1
223,4,3,4,1,0,71,12,1
223,5,4,5,1,0,72,13,1
223,6,5,6,1,0,73,14,1
223,7,6,7,1,0,74,15,1
223,8,7,7.276,0.276,0,75,16,1
224,1,0,1,1,1,24,16,1
224,2,1,2,1,2,25,17,1
224,3,2,2.254,0.254,0,26,18,1
225,1,0,1,1,0,53,3,1
225,2,1,2,1,0,54,4,1
225,3,2,3,1,0,55,5,1
225,4,3,4,1,0,56,6,1
225,5,4,5,1,0,57,7,1
225,6,5,6,1,0,58,8,1
225,7,6,7,1,0,59,9,1
225,8,7,7.417,0.417,0,60,10,1
226,1,0,1,1,0,63,8,1
226,2,1,2,1,0,64,9,1
226,3,2,3,1,0,65,10,1
226,4,3,4,1,1,66,11,1
226,5,4,5,1,0,67,12,1
226,6,5,6,1,0,68,13,1
226,7,6,7,1,0,69,14,1
226,8,7,8,1,0,70,15,1
226,9,8,8.562,0.562,0,71,16,1
227,1,0,1,1,0,69,3,1
227,2,1,2,1,0,70,4,1
227,3,2,2.047,0.047,0,71,5,1
228,1,0,1,1,0,66,5,1
228,2,1,2,1,0,67,6,1
228,3,2,2.36,0.36,0,68,7,1
229,1,0,1,1,0,31,5,1
229,2,1,1.505,0.505,0,32,6,1
230,1,0,1,1,0,61,5,1
230,2,1,2,1,1,62,6,1
230,3,2,3,1,0,63,7,1
230,4,3,4,1,0,64,8,1
230,5,4,5,1,0,65,9,1
230,6,5,6,1,0,66,10,1
230,7,6,6.723,0.723,0,67,11,1
231,1,0,1,1,0,68,2,1
231,2,1,2,1,0,69,3,1
231,3,2,3,1,1,70,4,1
231,4,3,4,1,0,71,5,1
231,5,4,5,1,0,72,6,1
231,6,5,5.65,0.65,0,73,7,1
232,1,0,1,1,1,61,10,1
232,2,1,2,1,0,62,11,1
232,3,2,2.483,0.483,0,63,12,1
233,1,0,1,1,0,66,11,1
233,2,1,2,1,0,67,12,1
233,3,2,3,1,0,68,13,1
233,4,3,4,1,1,69,14,1
233,5,4,4.752,0.752,1,70,15,1
234,1,0,1,1,0,49,17,1
234,2,1,2,1,0,50,18,1
234,3,2,3,1,0,51,19,1
234,4,3,4,1,0,52,20,1
234,5,4,4.352,0.352,0,53,21,1
235,1,0,1,1,0,62,15,1
235,2,1,2,1,0,63,16,1
235,3,2,3,1,0,64,17,1
235,4,3,4,1,0,65,18,1
235,5,4,5,1,0,66,19,1
235,6,5,5.107,0.107,0,67,20,1
236,1,0,1,1,0,43,6,1
236,2,1,2,1,0,44,7,1
236,3,2,3,1,1,45,8,1
236,4,3,4,1,0,46,9,1
236,5,4,5,1,0,47,10,1
236,6,5,5.863,0.863,0,48,11,1
237,1,0,1,1,0,52,10,1
237,2,1,2,1,0,53,11,1
237,3,2,3,1,0,54,12,1
237,4,3,4,1,1,55,13,1
237,5,4,5,1,0,56,14,1
237,6,5,6,1,1,57,15,1
237,7,6,7,1,0,58,16,1
237,8,7,7.497,0.497,0,59,17,1
238,1,0,1,1,0,38,10,1
238,2,1,2,1,0,39,11,1
238,3,2,3,1,0,40,12,1
238,4,3,4,1,0,41,13,1
238,5,4,4.466,0.466,0,42,14,1
239,1,0,1,1,0,55,14,1
239,2,1,2,1,0,56,15,1
239,3,2,3,1,0,57,16,1
239,4,3,4,1,0,58,17,1
239,5,4,5,1,0,59,18,1
239,6,5,6,1,0,60,19,1
239,7,6,7,1,0,61,20,1
239,8,7,8,1,0,62,21,1
239,9,8,8.341,0.341,0,63,22,1
240,1,0,1,1,1,66,8,1
240,2,1,2,1,1,67,9,1
240,3,2,2.535,0.535,1,68,10,1
241,1,0,1,1,0,43,4,1
241,2,1,2,1,0,44,5,1
241,3,2,3,1,0,45,6,1
241,4,3,3.175,0.175,0,46,7,1
242,1,0,1,1,0,28,10,1
242,2,1,2,1,0,29,11,1
242,3,2,2.775,0.775,0,30,12,1
243,1,0,1,1,0,28,5,1
243,2,1,2,1,0,29,6,1
243,3,2,3,1,0,30,7,1
243,4,3,3.284,0.284,0,31,8,1
244,1,0,1,1,0,34,17,1
244,2,1,2,1,0,35,18,1
244,3,2,2.989,0.989,0,36,19,1
245,1,0,1,1,0,58,7,1
245,2,1,2,1,0,59,8,1
245,3,2,2.57,0.57,0,60,9,1
246,1,0,1,1,0,41,3,1
246,2,1,2,1,0,42,4,1
246,3,2,3,1,0,43,5,1
246,4,3,4,1,0,44,6,1
246,5,4,5,1,0,45,7,1
246,6,5,6,1,0,46,8,1
246,7,6,7,1,0,47,9,1
246,8,7,8,1,0,48,10,1
246,9,8,9,1,0,49,11,1
246,10,9,9.675,0.675,0,50,12,1
247,1,0,0.665,0.665,0,36,4,1
248,1,0,1,1,0,56,9,1
248,2,1,2,1,0,57,10,1
248,3,2,3,1,0,58,11,1
248,4,3,4,1,0,59,12,1
248,5,4,5,1,0,60,13,1
248,6,5,6,1,0,61,14,1
248,7,6,7,1,0,62,15,1
248,8,7,8,1,0,63,16,1
248,9,8,9,1,0,64,17,1
248,10,9,9.695,0.695,0,65,18,1
249,1,0,1,1,0,58,5,1
249,2,1,2,1,0,59,6,1
249,3,2,3,1,0,60,7,1
249,4,3,4,1,0,61,8,1
249,5,4,5,1,0,62,9,1
249,6,5,6,1,0,63,10,1
249,7,6,6.415,0.415,0,64,11,1
250,1,0,1,1,0,18,6,1
250,2,1,2,1,0,19,7,1
250,3,2,3,1,0,20,8,1
250,4,3,4,1,0,21,9,1
250,5,4,5,1,0,22,10,1
250,6,5,6,1,0,23,11,1
250,7,6,7,1,0,24,12,1
250,8,7,7.826,0.826,0,25,13,1
251,1,0,1,1,0,51,9,1
251,2,1,2,1,0,52,10,1
251,3,2,2.698,0.698,0,53,11,1
252,1,0,1,1,0,43,7,1
252,2,1,1.142,0.142,0,44,8,1
253,1,0,1,1,0,24,10,1
253,2,1,1.098,0.098,0,25,11,1
254,1,0,1,1,1,59,8,1
254,2,1,2,1,0,60,9,1
254,3,2,2.356,0.356,0,61,10,1
255,1,0,1,1,0,71,5,1
255,2,1,1.954,0.954,0,72,6,1
256,1,0,1,1,0,66,15,1
256,2,1,2,1,0,67,16,1
256,3,2,3,1,0,68,17,1
256,4,3,4,1,0,69,18,1
256,5,4,4.842,0.842,0,70,19,1
257,1,0,1,1,0,25,9,1
257,2,1,2,1,0,26,10,1
257,3,2,3,1,0,27,11,1
257,4,3,4,1,0,28,12,1
257,5,4,5,1,0,29,13,1
257,6,5,5.138,0.138,0,30,14,1
258,1,0,1,1,0,36,3,1
258,2,1,2,1,0,37,4,1
258,3,2,2.378,0.378,0,38,5,1
259,1,0,1,1,0,58,15,1
259,2,1,2,1,0,59,16,1
259,3,2,3,1,0,60,17,1
259,4,3,4,1,0,61,18,1
259,5,4,5,1,0,62,19,1
259,6,5,6,1,0,63,20,1
259,7,6,6.158,0.158,0,64,21,1
260,1,0,1,1,0,52,8,1
260,2,1,1.265,0.265,0,53,9,1
261,1,0,1,1,0,38,5,1
261,2,1,2,1,0,39,6,1
261,3,2,3,1,1,40,7,1
261,4,3,3.294,0.294,0,41,8,1
262,1,0,1,1,0,60,0,1
262,2,1,2,1,0,61,1,1
262,3,2,2.964,0.964,0,62,2,1
263,1,0,1,1,0,28,0,1
263,2,1,1.451,0.451,0,29,1,1
264,1,0,1,1,0,38,17,1
264,2,1,2,1,0,39,18,1
264,3,2,2.431,0.431,0,40,19,1
265,1,0,1,1,0,40,16,1
265,2,1,2,1,0,41,17,1
265,3,2,3,1,1,42,18,1
265,4,3,4,1,1,43,19,1
265,5,4,5,1,0,44,20,1
265,6,5,6,1,0,45,21,1
265,7,6,7,1,0,46,22,1
265,8,7,7.337,0.337,0,47,23,1
266,1,0,1,1,0,35,15,1
266,2,1,2,1,0,36,16,1
266,3,2,2.475,0.475,0,37,17,1
267,1,0,1,1,1,47,8,1
267,2,1,2,1,0,48,9,1
267,3,2,3,1,0,49,10,1
267,4,3,3.52,0.52,0,50,11,1
268,1,0,1,1,0,69,1,1
268,2,1,2,1,1,70,2,1
268,3,2,3,1,0,71,3,1
268,4,3,3.604,0.604,0,72,4,1
269,1,0,1,1,0,53,2,1
269,2,1,2,1,0,54,3,1
269,3,2,3,1,1,55,4,1
269,4,3,4,1,0,56,5,1
269,5,4,5,1,1,57,6,1
269,6,5,5.78,0.78,0,58,7,1
270,1,0,1,1,0,37,6,1
270,2,1,2,1,0,38,7,1
270,3,2,3,1,0,39,8,1
270,4,3,4,1,0,40,9,1
270,5,4,5,1,0,41,10,1
270,6,5,6,1,0,42,11,1
270,7,6,7,1,0,43,12,1
270,8,7,8,1,0,44,13,1
270,9,8,8.249,0.249,0,45,14,1
271,1,0,1,1,1,55,2,1
271,2,1,2,1,1,56,3,1
271,3,2,3,1,3,57,4,1
271,4,3,4,1,0,58,5,1
271,5,4,5,1,2,59,6,1
271,6,5,5.219,0.219,1,60,7,1
272,1,0,1,1,0,54,3,1
272,2,1,2,1,0,55,4,1
272,3,2,3,1,0,56,5,1
272,4,3,4,1,0,57,6,1
272,5,4,5,1,0,58,7,1
272,6,5,6,1,0,59,8,1
272,7,6,7,1,0,60,9,1
272,8,7,7.603,0.603,0,61,10,1
273,1,0,1,1,1,30,6,1
273,2,1,2,1,0,31,7,1
273,3,2,2.711,0.711,0,32,8,1
274,1,0,1,1,0,42,5,1
274,2,1,2,1,1,43,6,1
274,3,2,3,1,0,44,7,1
274,4,3,4,1,0,45,8,1
274,5,4,5,1,0,46,9,1
274,6,5,6,1,1,47,10,1
274,7,6,7,1,0,48,11,1
274,8,7,8,1,0,49,12,1
274,9,8,9,1,0,50,13,1
274,10,9,9.32,0.32,0,51,14,1
275,1,0,1,1,1,70,8,1
275,2,1,2,1,1,71,9,1
275,3,2,3,1,0,72,10,1
275,4,3,4,1,0,73,11,1
275,5,4,5,1,0,74,12,1
275,6,5,6,1,0,75,13,1
275,7,6,7,1,0,76,14,1
275,8,7,7.31,0.31,0,77,15,1
276,1,0,1,1,0,44,14,1
276,2,1,2,1,0,45,15,1
276,3,2,3,1,0,46,16,1
276,4,3,4,1,0,47,17,1
276,5,4,5,1,0,48,18,1
276,6,5,5.865,0.865,0,49,19,1
277,1,0,1,1,0,37,5,1
277,2,1,1.26,0.26,0,38,6,1
278,1,0,1,1,0,37,5,1
278,2,1,2,1,0,38,6,1
278,3,2,3,1,0,39,7,1
278,4,3,4,1,0,40,8,1
278,5,4,5,1,0,41,9,1
278,6,5,6,1,0,42,10,1
278,7,6,7,1,0,43,11,1
278,8,7,7.683,0.683,0,44,12,1
279,1,0,0.876,0.876,0,43,0,1
280,1,0,1,1,0,37,3,1
280,2,1,2,1,0,38,4,1
280,3,2,3,1,0,39,5,1
280,4,3,3.565,0.565,0,40,6,1
281,1,0,1,1,0,50,9,1
281,2,1,2,1,0,51,10,1
281,3,2,3,1,0,52,11,1
281,4,3,4,1,0,53,12,1
281,5,4,5,1,0,54,13,1
281,6,5,6,1,0,55,14,1
281,7,6,7,1,0,56,15,1
281,8,7,8,1,0,57,16,1
281,9,8,8.727,0.727,0,58,17,1
282,1,0,1,1,0,57,7,1
282,2,1,2,1,0,58,8,1
282,3,2,3,1,0,59,9,1
282,4,3,4,1,0,60,10,1
282,5,4,5,1,0,61,11,1
282,6,5,6,1,0,62,12,1
282,7,6,7,1,0,63,13,1
282,8,7,7.043,0.043,0,64,14,1
283,1,0,1,1,0,67,14,1
283,2,1,2,1,0,68,15,1
283,3,2,3,1,0,69,16,1
283,4,3,4,1,0,70,17,1
283,5,4,5,1,0,71,18,1
283,6,5,6,1,0,72,19,1
283,7,6,6.548,0.548,0,73,20,1
284,1,0,1,1,0,33,11,1
284,2,1,2,1,0,34,12,1
284,3,2,3,1,0,35,13,1
284,4,3,4,1,0,36,14,1
284,5,4,4.686,0.686,0,37,15,1
285,1,0,1,1,0,50,4,1
285,2,1,2,1,0,51,5,1
285,3,2,3,1,1,52,6,1
285,4,3,4,1,0,53,7,1
285,5,4,5,1,0,54,8,1
285,6,5,6,1,0,55,9,1
285,7,6,6.661,0.661,0,56,10,1
286,1,0,0.579,0.579,0,45,15,1
287,1,0,1,1,1,34,12,1
287,2,1,2,1,0,35,13,1
287,3,2,2.846,0.846,0,36,14,1
288,1,0,1,1,1,52,12,1
288,2,1,2,1,0,53,13,1
288,3,2,3,1,0,54,14,1
288,4,3,4,1,0,55,15,1
288,5,4,4.542,0.542,0,56,16,1
289,1,0,1,1,0,67,15,1
289,2,1,1.126,0.126,0,68,16,1
290,1,0,1,1,0,30,15,1
290,2,1,2,1,0,31,16,1
290,3,2,2.827,0.827,0,32,17,1
291,1,0,1,1,0,49,14,1
291,2,1,1.604,0.604,0,50,15,1
292,1,0,1,1,0,63,6,1
292,2,1,1.925,0.925,0,64,7,1
293,1,0,0.821,0.821,0,35,12,1
294,1,0,1,1,0,55,10,1
294,2,1,2,1,0,56,11,1
294,3,2,3,1,0,57,12,1
294,4,3,4,1,0,58,13,1
294,5,4,5,1,0,59,14,1
294,6,5,5.112,0.112,0,60,15,1
295,1,0,1,1,0,40,9,1
295,2,1,2,1,0,41,10,1
295,3,2,2.323,0.323,0,42,11,1
296,1,0,1,1,1,60,6,1
296,2,1,2,1,0,61,7,1
296,3,2,2.485,0.485,0,62,8,1
297,1,0,1,1,1,20,3,1
297,2,1,2,1,0,21,4,1
297,3,2,3,1,0,22,5,1
297,4,3,3.692,0.692,0,23,6,1
298,1,0,1,1,0,49,10,1
298,2,1,2,1,0,50,11,1
298,3,2,3,1,0,51,12,1
298,4,3,4,1,0,52,13,1
298,5,4,4.359,0.359,0,53,14,1
299,1,0,1,1,0,63,3,1
299,2,1,2,1,0,64,4,1
299,3,2,3,1,0,65,5,1
299,4,3,4,1,0,66,6,1
299,5,4,5,1,0,67,7,1
299,6,5,5.586,0.586,0,68,8,1
300,1,0,1,1,0,36,12,1
300,2,1,2,1,0,37,13,1
300,3,2,3,1,0,38,14,1
300,4,3,3.474,0.474,0,39,15,1
301,1,0,1,1,0,60,0,1
301,2,1,1.906,0.906,0,61,1,1
302,1,0,1,1,0,87,14,1
302,2,1,1.682,0.682,0,88,15,1
303,1,0,1,1,0,35,1,1
303,2,1,1.786,0.786,0,36,2,1
304,1,0,1,1,0,38,7,1
304,2,1,2,1,0,39,8,1
304,3,2,3,1,0,40,9,1
304,4,3,4,1,0,41,10,1
304,5,4,5,1,0,42,11,1
304,6,5,6,1,0,43,12,1
304,7,6,7,1,0,44,13,1
304,8,7,8,1,0,45,14,1
304,9,8,9,1,0,46,15,1
304,10,9,9.498,0.498,0,47,16,1
305,1,0,1,1,0,24,12,1
305,2,1,2,1,0,25,13,1
305,3,2,2.554,0.554,0,26,14,1
306,1,0,1,1,0,72,8,1
306,2,1,2,1,0,73,9,1
306,3,2,3,1,0,74,10,1
306,4,3,3.786,0.786,0,75,11,1
307,1,0,1,1,1,22,10,1
307,2,1,2,1,3,23,11,1
307,3,2,2.168,0.168,0,24,12,1
308,1,0,1,1,0,61,9,1
308,2,1,2,1,0,62,10,1
308,3,2,3,1,0,63,11,1
308,4,3,3.494,0.494,0,64,12,1
309,1,0,1,1,0,56,5,1
309,2,1,1.132,0.132,0,57,6,1
310,1,0,1,1,0,71,14,1
310,2,1,2,1,0,72,15,1
310,3,2,3,1,0,73,16,1
310,4,3,3.018,0.018,0,74,17,1
311,1,0,1,1,0,37,10,1
311,2,1,2,1,1,38,11,1
311,3,2,3,1,0,39,12,1
311,4,3,4,1,0,40,13,1
311,5,4,5,1,0,41,14,1
311,6,5,6,1,0,42,15,1
311,7,6,7,1,0,43,16,1
311,8,7,8,1,0,44,17,1
311,9,8,8.122,0.122,0,45,18,1
312,1,0,1,1,0,48,7,1
312,2,1,2,1,0,49,8,1
312,3,2,3,1,0,50,9,1
312,4,3,3.461,0.461,0,51,10,1
313,1,0,1,1,1,29,13,1
313,2,1,2,1,0,30,14,1
313,3,2,2.915,0.915,0,31,15,1
314,1,0,1,1,0,31,12,1
314,2,1,2,1,0,32,13,1
314,3,2,3,1,0,33,14,1
314,4,3,4,1,0,34,15,1
314,5,4,4.839,0.839,0,35,16,1
315,1,0,1,1,0,29,8,1
315,2,1,2,1,0,30,9,1
315,3,2,3,1,0,31,10,1
315,4,3,3.423,0.423,0,32,11,1
316,1,0,1,1,0,47,5,1
316,2,1,2,1,0,48,6,1
316,3,2,2.203,0.203,0,49,7,1
317,1,0,1,1,0,58,10,1
317,2,1,2,1,2,59,11,1
317,3,2,2.584,0.584,0,60,12,1
318,1,0,1,1,0,56,11,1
318,2,1,1.45,0.45,0,57,12,1
319,1,0,1,1,0,67,11,1
319,2,1,2,1,0,68,12,1
319,3,2,3,1,0,69,13,1
319,4,3,4,1,0,70,14,1
319,5,4,5,1,0,71,15,1
319,6,5,6,1,0,72,16,1
319,7,6,6.734,0.734,0,73,17,1
320,1,0,1,1,0,40,9,1
320,2,1,1.256,0.256,0,41,10,1
321,1,0,1,1,0,30,0,1
321,2,1,2,1,1,31,1,1
321,3,2,3,1,0,32,2,1
321,4,3,4,1,1,33,3,1
321,5,4,5,1,0,34,4,1
321,6,5,5.446,0.446,0,35,5,1
322,1,0,1,1,0,56,13,1
322,2,1,2,1,0,57,14,1
322,3,2,3,1,0,58,15,1
322,4,3,4,1,0,59,16,1
322,5,4,5,1,0,60,17,1
322,6,5,6,1,0,61,18,1
322,7,6,6.81,0.81,0,62,19,1
323,1,0,1,1,1,28,0,1
323,2,1,2,1,0,29,1,1
323,3,2,3,1,1,30,2,1
323,4,3,4,1,0,31,3,1
323,5,4,5,1,0,32,4,1
323,6,5,6,1,0,33,5,1
323,7,6,7,1,0,34,6,1
323,8,7,8,1,1,35,7,1
323,9,8,9,1,0,36,8,1
323,10,9,9.461,0.461,0,37,9,1
324,1,0,1,1,0,63,9,1
324,2,1,2,1,0,64,10,1
324,3,2,3,1,1,65,11,1
324,4,3,4,1,3,66,12,1
324,5,4,5,1,0,67,13,1
324,6,5,6,1,0,68,14,1
324,7,6,7,1,0,69,15,1
324,8,7,8,1,0,70,16,1
324,9,8,9,1,0,71,17,1
324,10,9,9.22,0.22,1,72,18,1
325,1,0,1,1,0,49,0,1
325,2,1,1.469,0.469,0,50,1,1
326,1,0,1,1,1,34,16,1
326,2,1,2,1,0,35,17,1
326,3,2,3,1,0,36,18,1
326,4,3,4,1,0,37,19,1
326,5,4,5,1,0,38,20,1
326,6,5,5.061,0.061,0,39,21,1
327,1,0,1,1,1,54,7,1
327,2,1,2,1,0,55,8,1
327,3,2,3,1,0,56,9,1
327,4,3,4,1,0,57,10,1
327,5,4,5,1,0,58,11,1
327,6,5,6,1,0,59,12,1
327,7,6,6.855,0.855,0,60,13,1
328,1,0,1,1,0,31,22,1
328,2,1,1.72,0.72,0,32,23,1
329,1,0,1,1,0,52,9,1
329,2,1,2,1,1,53,10,1
329,3,2,3,1,0,54,11,1
329,4,3,4,1,0,55,12,1
329,5,4,5,1,0,56,13,1
329,6,5,6,1,0,57,14,1
329,7,6,7,1,0,58,15,1
329,8,7,8,1,0,59,16,1
329,9,8,9,1,0,60,17,1
329,10,9,9.501,0.501,0,61,18,1
330,1,0,1,1,0,57,0,1
330,2,1,1.025,0.025,0,58,1,1
331,1,0,1,1,0,25,11,1
331,2,1,2,1,0,26,12,1
331,3,2,3,1,0,27,13,1
331,4,3,4,1,0,28,14,1
331,5,4,4.945,0.945,0,29,15,1
332,1,0,0.9,0.9,0,22,12,1
333,1,0,1,1,0,35,5,1
333,2,1,2,1,0,36,6,1
333,3,2,2.131,0.131,0,37,7,1
334,1,0,1,1,0,46,3,1
334,2,1,2,1,0,47,4,1
334,3,2,2.742,0.742,0,48,5,1
335,1,0,1,1,1,45,4,1
335,2,1,2,1,0,46,5,1
335,3,2,3,1,1,47,6,1
335,4,3,4,1,0,48,7,1
335,5,4,4.99,0.99,0,49,8,1
336,1,0,1,1,0,53,1,1
336,2,1,2,1,0,54,2,1
336,3,2,2.834,0.834,0,55,3,1
337,1,0,1,1,1,71,10,1
337,2,1,2,1,0,72,11,1
337,3,2,2.266,0.266,0,73,12,1
338,1,0,1,1,0,63,7,1
338,2,1,2,1,0,64,8,1
338,3,2,3,1,0,65,9,1
338,4,3,4,1,0,66,10,1
338,5,4,5,1,0,67,11,1
338,6,5,6,1,0,68,12,1
338,7,6,7,1,0,69,13,1
338,8,7,7.115,0.115,0,70,14,1
339,1,0,1,1,0,49,4,1
339,2,1,2,1,0,50,5,1
339,3,2,3,1,0,51,6,1
339,4,3,4,1,0,52,7,1
339,5,4,5,1,0,53,8,1
339,6,5,6,1,0,54,9,1
339,7,6,7,1,0,55,10,1
339,8,7,8,1,0,56,11,1
339,9,8,9,1,0,57,12,1
339,10,9,9.029,0.029,0,58,13,1
340,1,0,1,1,0,49,2,1
340,2,1,2,1,0,50,3,1
340,3,2,3,1,0,51,4,1
340,4,3,3.224,0.224,0,52,5,1
341,1,0,1,1,0,43,7,1
341,2,1,2,1,0,44,8,1
341,3,2,3,1,0,45,9,1
341,4,3,4,1,0,46,10,1
341,5,4,4.685,0.685,0,47,11,1
342,1,0,1,1,0,49,10,1
342,2,1,2,1,0,50,11,1
342,3,2,2.335,0.335,0,51,12,1
343,1,0,1,1,0,34,7,1
343,2,1,2,1,0,35,8,1
343,3,2,2.541,0.541,0,36,9,1
344,1,0,1,1,0,46,16,1
344,2,1,2,1,0,47,17,1
344,3,2,3,1,0,48,18,1
344,4,3,4,1,0,49,19,1
344,5,4,5,1,0,50,20,1
344,6,5,6,1,0,51,21,1
344,7,6,6.095,0.095,0,52,22,1
345,1,0,1,1,0,77,6,1
345,2,1,2,1,0,78,7,1
345,3,2,3,1,0,79,8,1
345,4,3,3.767,0.767,0,80,9,1
346,1,0,1,1,0,36,16,1
346,2,1,2,1,0,37,17,1
346,3,2,3,1,0,38,18,1
346,4,3,4,1,1,39,19,1
346,5,4,5,1,0,40,20,1
346,6,5,6,1,2,41,21,1
346,7,6,7,1,0,42,22,1
346,8,7,7.624,0.624,0,43,23,1
347,1,0,0.568,0.568,0,53,6,1
348,1,0,1,1,0,34,14,1
348,2,1,2,1,0,35,15,1
348,3,2,3,1,0,36,16,1
348,4,3,4,1,2,37,17,1
348,5,4,4.631,0.631,0,38,18,1
349,1,0,1,1,0,61,11,1
349,2,1,2,1,0,62,12,1
349,3,2,3,1,0,63,13,1
349,4,3,4,1,0,64,14,1
349,5,4,5,1,0,65,15,1
349,6,5,6,1,0,66,16,1
349,7,6,7,1,0,67,17,1
349,8,7,7.681,0.681,0,68,18,1
350,1,0,1,1,0,36,2,1
350,2,1,2,1,1,37,3,1
350,3,2,3,1,0,38,4,1
350,4,3,4,1,0,39,5,1
350,5,4,5,1,0,40,6,1
350,6,5,6,1,0,41,7,1
350,7,6,7,1,0,42,8,1
350,8,7,8,1,0,43,9,1
350,9,8,9,1,0,44,10,1
350,10,9,9.893,0.893,0,45,11,1
351,1,0,1,1,0,51,0,1
351,2,1,2,1,0,52,1,1
351,3,2,3,1,0,53,2,1
351,4,3,4,1,0,54,3,1
351,5,4,5,1,0,55,4,1
351,6,5,6,1,0,56,5,1
351,7,6,7,1,0,57,6,1
351,8,7,8,1,0,58,7,1
351,9,8,8.49,0.49,0,59,8,1
352,1,0,1,1,1,23,10,1
352,2,1,2,1,0,24,11,1
352,3,2,3,1,4,25,12,1
352,4,3,4,1,4,26,13,1
352,5,4,4.453,0.453,1,27,14,1
353,1,0,1,1,0,28,7,1
353,2,1,2,1,0,29,8,1
353,3,2,3,1,0,30,9,1
353,4,3,3.374,0.374,0,31,10,1
354,1,0,1,1,0,68,17,1
354,2,1,1.013,0.013,0,69,18,1
355,1,0,1,1,0,49,5,1
355,2,1,2,1,0,50,6,1
355,3,2,3,1,0,51,7,1
355,4,3,4,1,0,52,8,1
355,5,4,5,1,0,53,9,1
355,6,5,5.578,0.578,0,54,10,1
356,1,0,1,1,0,18,15,1
356,2,1,2,1,0,19,16,1
356,3,2,3,1,0,20,17,1
356,4,3,4,1,0,21,18,1
356,5,4,4.912,0.912,0,22,19,1
357,1,0,1,1,0,62,7,1
357,2,1,2,1,0,63,8,1
357,3,2,3,1,0,64,9,1
357,4,3,4,1,0,65,10,1
357,5,4,5,1,0,66,11,1
357,6,5,6,1,0,67,12,1
357,7,6,7,1,0,68,13,1
357,8,7,8,1,0,69,14,1
357,9,8,8.821,0.821,0,70,15,1
358,1,0,1,1,0,49,10,1
358,2,1,2,1,1,50,11,1
358,3,2,3,1,0,51,12,1
358,4,3,4,1,2,52,13,1
358,5,4,4.885,0.885,0,53,14,1
359,1,0,1,1,0,42,8,1
359,2,1,2,1,0,43,9,1
359,3,2,3,1,0,44,10,1
359,4,3,3.924,0.924,0,45,11,1
360,1,0,1,1,0,61,7,1
360,2,1,2,1,0,62,8,1
360,3,2,3,1,0,63,9,1
360,4,3,4,1,0,64,10,1
360,5,4,4.798,0.798,0,65,11,1
361,1,0,1,1,0,45,6,1
361,2,1,2,1,0,46,7,1
361,3,2,3,1,0,47,8,1
361,4,3,4,1,0,48,9,1
361,5,4,5,1,0,49,10,1
361,6,5,5.44,0.44,0,50,11,1
362,1,0,1,1,0,54,3,1
362,2,1,2,1,0,55,4,1
362,3,2,3,1,0,56,5,1
362,4,3,3.705,0.705,0,57,6,1
363,1,0,1,1,1,23,4,1
363,2,1,2,1,0,24,5,1
363,3,2,2.336,0.336,0,25,6,1
364,1,0,1,1,0,45,5,1
364,2,1,2,1,1,46,6,1
364,3,2,3,1,1,47,7,1
364,4,3,4,1,0,48,8,1
364,5,4,5,1,0,49,9,1
364,6,5,6,1,0,50,10,1
364,7,6,6.372,0.372,0,51,11,1
365,1,0,1,1,0,56,9,1
365,2,1,2,1,0,57,10,1
365,3,2,3,1,0,58,11,1
365,4,3,4,1,0,59,12,1
365,5,4,5,1,0,60,13,1
365,6,5,5.294,0.294,0,61,14,1
366,1,0,1,1,0,50,0,1
366,2,1,2,1,0,51,1,1
366,3,2,3,1,0,52,2,1
366,4,3,4,1,0,53,3,1
366,5,4,5,1,0,54,4,1
366,6,5,6,1,0,55,5,1
366,7,6,7,1,0,56,6,1
366,8,7,7.945,0.945,0,57,7,1
367,1,0,1,1,0,48,16,1
367,2,1,2,1,0,49,17,1
367,3,2,3,1,1,50,18,1
367,4,3,4,1,0,51,19,1
367,5,4,4.905,0.905,1,52,20,1
368,1,0,1,1,0,65,9,1
368,2,1,2,1,0,66,10,1
368,3,2,3,1,0,67,11,1
368,4,3,4,1,0,68,12,1
368,5,4,5,1,0,69,13,1
368,6,5,6,1,0,70,14,1
368,7,6,6.048,0.048,0,71,15,1
369,1,0,1,1,0,51,13,1
369,2,1,2,1,0,52,14,1
369,3,2,3,1,0,53,15,1
369,4,3,4,1,3,54,16,1
369,5,4,5,1,1,55,17,1
369,6,5,6,1,1,56,18,1
369,7,6,7,1,0,57,19,1
369,8,7,8,1,0,58,20,1
369,9,8,8.176,0.176,0,59,21,1
370,1,0,1,1,0,43,8,1
370,2,1,2,1,0,44,9,1
370,3,2,2.891,0.891,0,45,10,1
371,1,0,1,1,0,50,5,1
371,2,1,2,1,0,51,6,1
371,3,2,3,1,0,52,7,1
371,4,3,4,1,1,53,8,1
371,5,4,4.105,0.105,0,54,9,1
372,1,0,1,1,0,38,16,1
372,2,1,2,1,1,39,17,1
372,3,2,3,1,1,40,18,1
372,4,3,4,1,0,41,19,1
372,5,4,5,1,0,42,20,1
372,6,5,5.203,0.203,0,43,21,1
373,1,0,1,1,0,19,11,1
373,2,1,2,1,1,20,12,1
373,3,2,3,1,0,21,13,1
373,4,3,3.698,0.698,0,22,14,1
374,1,0,1,1,0,36,8,1
374,2,1,2,1,0,37,9,1
374,3,2,3,1,0,38,10,1
374,4,3,4,1,0,39,11,1
374,5,4,4.377,0.377,0,40,12,1
375,1,0,1,1,0,43,3,1
375,2,1,2,1,0,44,4,1
375,3,2,2.055,0.055,0,45,5,1
376,1,0,1,1,0,32,17,1
376,2,1,2,1,0,33,18,1
376,3,2,3,1,0,34,19,1
376,4,3,4,1,0,35,20,1
376,5,4,5,1,0,36,21,1
376,6,5,5.864,0.864,0,37,22,1
377,1,0,1,1,0,38,15,1
377,2,1,2,1,0,39,16,1
377,3,2,2.44,0.44,0,40,17,1
378,1,0,1,1,0,38,15,1
378,2,1,2,1,0,39,16,1
378,3,2,3,1,0,40,17,1
378,4,3,4,1,0,41,18,1
378,5,4,5,1,0,42,19,1
378,6,5,5.127,0.127,0,43,20,1
379,1,0,1,1,0,50,9,1
379,2,1,2,1,1,51,10,1
379,3,2,2.087,0.087,0,52,11,1
380,1,0,1,1,0,37,13,1
380,2,1,2,1,1,38,14,1
380,3,2,3,1,0,39,15,1
380,4,3,4,1,0,40,16,1
380,5,4,5,1,0,41,17,1
380,6,5,6,1,0,42,18,1
380,7,6,7,1,0,43,19,1
380,8,7,8,1,0,44,20,1
380,9,8,8.121,0.121,0,45,21,1
381,1,0,1,1,0,65,2,1
381,2,1,2,1,0,66,3,1
381,3,2,3,1,0,67,4,1
381,4,3,4,1,0,68,5,1
381,5,4,4.513,0.513,0,69,6,1
382,1,0,1,1,0,50,8,1
382,2,1,1.883,0.883,0,51,9,1
383,1,0,1,1,0,57,7,1
383,2,1,2,1,0,58,8,1
383,3,2,3,1,0,59,9,1
383,4,3,3.438,0.438,0,60,10,1
384,1,0,1,1,0,31,6,1
384,2,1,2,1,0,32,7,1
384,3,2,3,1,0,33,8,1
384,4,3,4,1,0,34,9,1
384,5,4,5,1,0,35,10,1
384,6,5,6,1,0,36,11,1
384,7,6,6.412,0.412,0,37,12,1
385,1,0,1,1,0,18,5,1
385,2,1,2,1,1,19,6,1
385,3,2,3,1,1,20,7,1
385,4,3,4,1,0,21,8,1
385,5,4,5,1,0,22,9,1
385,6,5,6,1,0,23,10,1
385,7,6,6.513,0.513,0,24,11,1
386,1,0,1,1,2,23,9,1
386,2,1,1.682,0.682,0,24,10,1
387,1,0,1,1,0,58,10,1
387,2,1,2,1,0,59,11,1
387,3,2,3,1,0,60,12,1
387,4,3,3.994,0.994,0,61,13,1
388,1,0,1,1,0,56,9,1
388,2,1,2,1,0,57,10,1
388,3,2,3,1,0,58,11,1
388,4,3,4,1,0,59,12,1
388,5,4,5,1,0,60,13,1
388,6,5,6,1,0,61,14,1
388,7,6,7,1,0,62,15,1
388,8,7,7.865,0.865,0,63,16,1
389,1,0,1,1,0,46,5,1
389,2,1,2,1,0,47,6,1
389,3,2,3,1,0,48,7,1
389,4,3,4,1,0,49,8,1
389,5,4,4.789,0.789,0,50,9,1
390,1,0,1,1,1,52,5,1
390,2,1,2,1,0,53,6,1
390,3,2,2.245,0.245,0,54,7,1
391,1,0,1,1,0,49,6,1
391,2,1,2,1,0,50,7,1
391,3,2,2.596,0.596,0,51,8,1
392,1,0,1,1,0,40,9,1
392,2,1,2,1,0,41,10,1
392,3,2,2.822,0.822,0,42,11,1
393,1,0,1,1,1,34,8,1
393,2,1,2,1,1,35,9,1
393,3,2,2.056,0.056,0,36,10,1
394,1,0,1,1,0,36,11,1
394,2,1,2,1,0,37,12,1
394,3,2,3,1,0,38,13,1
394,4,3,4,1,0,39,14,1
394,5,4,5,1,0,40,15,1
394,6,5,6,1,0,41,16,1
394,7,6,6.588,0.588,0,42,17,1
395,1,0,1,1,0,45,3,1
395,2,1,2,1,0,46,4,1
395,3,2,3,1,0,47,5,1
395,4,3,4,1,0,48,6,1
395,5,4,5,1,1,49,7,1
395,6,5,5.761,0.761,0,50,8,1
396,1,0,1,1,0,28,13,1
396,2,1,2,1,0,29,14,1
396,3,2,3,1,0,30,15,1
396,4,3,3.05,0.05,0,31,16,1
397,1,0,1,1,0,27,14,1
397,2,1,2,1,0,28,15,1
397,3,2,3,1,0,29,16,1
397,4,3,4,1,0,30,17,1
397,5,4,4.718,0.718,1,31,18,1
398,1,0,1,1,1,24,12,1
398,2,1,2,1,0,25,13,1
398,3,2,2.365,0.365,0,26,14,1
399,1,0,1,1,0,64,13,1
399,2,1,2,1,0,65,14,1
399,3,2,3,1,0,66,15,1
399,4,3,4,1,0,67,16,1
399,5,4,5,1,0,68,17,1
399,6,5,6,1,0,69,18,1
399,7,6,6.763,0.763,0,70,19,1
400,1,0,1,1,0,53,10,1
400,2,1,2,1,0,54,11,1
400,3,2,3,1,0,55,12,1
400,4,3,4,1,0,56,13,1
400,5,4,4.631,0.631,0,57,14,1
401,1,0,1,1,0,80,11,1
401,2,1,2,1,0,81,12,1
401,3,2,3,1,0,82,13,1
401,4,3,4,1,0,83,14,1
401,5,4,4.873,0.873,0,84,15,1
402,1,0,1,1,0,43,15,1
402,2,1,2,1,0,44,16,1
402,3,2,2.622,0.622,0,45,17,1
403,1,0,1,1,0,36,2,1
403,2,1,1.422,0.422,0,37,3,1
404,1,0,1,1,0,60,2,1
404,2,1,2,1,1,61,3,1
404,3,2,3,1,0,62,4,1
404,4,3,4,1,0,63,5,1
404,5,4,5,1,0,64,6,1
404,6,5,5.993,0.993,0,65,7,1
405,1,0,0.809,0.809,0,44,12,1
406,1,0,1,1,0,28,9,1
406,2,1,2,1,0,29,10,1
406,3,2,3,1,0,30,11,1
406,4,3,4,1,0,31,12,1
406,5,4,5,1,0,32,13,1
406,6,5,6,1,0,33,14,1
406,7,6,7,1,0,34,15,1
406,8,7,8,1,1,35,16,1
406,9,8,8.305,0.305,0,36,17,1
407,1,0,1,1,0,45,13,1
407,2,1,2,1,1,46,14,1
407,3,2,3,1,0,47,15,1
407,4,3,3.413,0.413,0,48,16,1
408,1,0,1,1,0,57,11,1
408,2,1,2,1,0,58,12,1
408,3,2,3,1,0,59,13,1
408,4,3,3.673,0.673,0,60,14,1
409,1,0,1,1,0,42,3,1
409,2,1,2,1,0,43,4,1
409,3,2,2.284,0.284,0,44,5,1
410,1,0,1,1,0,59,12,1
410,2,1,2,1,0,60,13,1
410,3,2,2.851,0.851,0,61,14,1
411,1,0,1,1,0,46,23,1
411,2,1,2,1,2,47,24,1
411,3,2,2.936,0.936,0,48,25,1
412,1,0,1,1,1,28,10,1
412,2,1,1.921,0.921,0,29,11,1
413,1,0,1,1,0,67,4,1
413,2,1,2,1,0,68,5,1
413,3,2,3,1,0,69,6,1
413,4,3,3.831,0.831,0,70,7,1
414,1,0,1,1,0,51,7,1
414,2,1,2,1,0,52,8,1
414,3,2,3,1,0,53,9,1
414,4,3,3.282,0.282,0,54,10,1
415,1,0,1,1,0,18,4,1
415,2,1,2,1,0,19,5,1
415,3,2,3,1,0,20,6,1
415,4,3,4,1,0,21,7,1
415,5,4,4.302,0.302,0,22,8,1
416,1,0,1,1,0,53,7,1
416,2,1,2,1,0,54,8,1
416,3,2,3,1,0,55,9,1
416,4,3,4,1,1,56,10,1
416,5,4,5,1,0,57,11,1
416,6,5,6,1,0,58,12,1
416,7,6,6.604,0.604,1,59,13,1
417,1,0,1,1,0,46,3,1
417,2,1,2,1,0,47,4,1
417,3,2,3,1,0,48,5,1
417,4,3,4,1,0,49,6,1
417,5,4,5,1,0,50,7,1
417,6,5,6,1,0,51,8,1
417,7,6,7,1,0,52,9,1
417,8,7,7.688,0.688,0,53,10,1
418,1,0,1,1,0,18,10,1
418,2,1,2,1,0,19,11,1
418,3,2,3,1,1,20,12,1
418,4,3,4,1,1,21,13,1
418,5,4,4.033,0.033,0,22,14,1
419,1,0,1,1,0,35,13,1
419,2,1,2,1,0,36,14,1
419,3,2,3,1,0,37,15,1
419,4,3,4,1,1,38,16,1
419,5,4,4.836,0.836,0,39,17,1
420,1,0,1,1,0,44,19,1
420,2,1,2,1,0,45,20,1
420,3,2,3,1,0,46,21,1
420,4,3,4,1,0,47,22,1
420,5,4,5,1,0,48,23,1
420,6,5,6,1,0,49,24,1
420,7,6,7,1,0,50,25,1
420,8,7,8,1,0,51,26,1
420,9,8,8.138,0.138,0,52,27,1
421,1,0,1,1,0,59,21,1
421,2,1,2,1,0,60,22,1
421,3,2,3,1,0,61,23,1
421,4,3,4,1,0,62,24,1
421,5,4,5,1,0,63,25,1
421,6,5,6,1,0,64,26,1
421,7,6,7,1,0,65,27,1
421,8,7,7.282,0.282,0,66,28,1
422,1,0,1,1,0,40,8,1
422,2,1,2,1,0,41,9,1
422,3,2,3,1,0,42,10,1
422,4,3,3.024,0.024,0,43,11,1
423,1,0,1,1,0,43,4,1
423,2,1,1.889,0.889,1,44,5,1
424,1,0,1,1,0,60,8,1
424,2,1,2,1,0,61,9,1
424,3,2,3,1,0,62,10,1
424,4,3,4,1,0,63,11,1
424,5,4,5,1,0,64,12,1
424,6,5,6,1,0,65,13,1
424,7,6,7,1,0,66,14,1
424,8,7,8,1,0,67,15,1
424,9,8,9,1,0,68,16,1
424,10,9,9.319,0.319,0,69,17,1
425,1,0,1,1,0,57,8,1
425,2,1,2,1,0,58,9,1
425,3,2,2.001,0.001,0,59,10,1
426,1,0,1,1,0,34,11,1
426,2,1,2,1,0,35,12,1
426,3,2,3,1,0,36,13,1
426,4,3,4,1,0,37,14,1
426,5,4,5,1,0,38,15,1
426,6,5,6,1,0,39,16,1
426,7,6,6.526,0.526,0,40,17,1
427,1,0,1,1,0,35,15,1
427,2,1,1.063,0.063,0,36,16,1
428,1,0,1,1,0,40,9,1
428,2,1,2,1,0,41,10,1
428,3,2,3,1,0,42,11,1
428,4,3,4,1,1,43,12,1
428,5,4,5,1,1,44,13,1
428,6,5,6,1,1,45,14,1
428,7,6,6.051,0.051,0,46,15,1
429,1,0,1,1,0,41,0,1
429,2,1,2,1,0,42,1,1
429,3,2,3,1,0,43,2,1
429,4,3,3.291,0.291,0,44,3,1
430,1,0,1,1,0,50,6,1
430,2,1,2,1,0,51,7,1
430,3,2,3,1,0,52,8,1
430,4,3,4,1,0,53,9,1
430,5,4,5,1,0,54,10,1
430,6,5,6,1,2,55,11,1
430,7,6,7,1,0,56,12,1
430,8,7,7.967,0.967,0,57,13,1
431,1,0,1,1,1,53,10,1
431,2,1,1.081,0.081,0,54,11,1
432,1,0,1,1,0,20,6,1
432,2,1,2,1,0,21,7,1
432,3,2,2.713,0.713,0,22,8,1
433,1,0,1,1,0,57,9,1
433,2,1,2,1,0,58,10,1
433,3,2,3,1,0,59,11,1
433,4,3,4,1,0,60,12,1
433,5,4,5,1,0,61,13,1
433,6,5,6,1,0,62,14,1
433,7,6,7,1,0,63,15,1
433,8,7,7.515,0.515,0,64,16,1
434,1,0,1,1,0,38,0,1
434,2,1,2,1,0,39,1,1
434,3,2,3,1,0,40,2,1
434,4,3,4,1,0,41,3,1
434,5,4,5,1,0,42,4,1
434,6,5,5.64,0.64,1,43,5,1
435,1,0,1,1,0,36,8,1
435,2,1,2,1,0,37,9,1
435,3,2,3,1,0,38,10,1
435,4,3,3.808,0.808,0,39,11,1
436,1,0,0.384,0.384,0,74,8,1
437,1,0,1,1,0,37,14,1
437,2,1,2,1,0,38,15,1
437,3,2,3,1,0,39,16,1
437,4,3,4,1,0,40,17,1
437,5,4,5,1,0,41,18,1
437,6,5,6,1,0,42,19,1
437,7,6,6.557,0.557,0,43,20,1
438,1,0,1,1,0,78,12,1
438,2,1,1.919,0.919,0,79,13,1
439,1,0,1,1,0,28,0,1
439,2,1,2,1,0,29,1,1
439,3,2,2.859,0.859,0,30,2,1
440,1,0,1,1,0,69,6,1
440,2,1,2,1,0,70,7,1
440,3,2,3,1,0,71,8,1
440,4,3,4,1,0,72,9,1
440,5,4,5,1,1,73,10,1
440,6,5,6,1,0,74,11,1
440,7,6,7,1,0,75,12,1
440,8,7,8,1,0,76,13,1
440,9,8,9,1,0,77,14,1
440,10,9,9.162,0.162,0,78,15,1
441,1,0,1,1,0,43,10,1
441,2,1,2,1,0,44,11,1
441,3,2,2.221,0.221,0,45,12,1
442,1,0,1,1,0,53,8,1
442,2,1,2,1,0,54,9,1
442,3,2,3,1,0,55,10,1
442,4,3,4,1,0,56,11,1
442,5,4,5,1,0,57,12,1
442,6,5,6,1,0,58,13,1
442,7,6,7,1,0,59,14,1
442,8,7,8,1,0,60,15,1
442,9,8,8.938,0.938,0,61,16,1
443,1,0,1,1,0,38,9,1
443,2,1,1.067,0.067,0,39,10,1
444,1,0,1,1,0,43,8,1
444,2,1,2,1,0,44,9,1
444,3,2,3,1,0,45,10,1
444,4,3,3.668,0.668,0,46,11,1
445,1,0,1,1,0,20,10,1
445,2,1,2,1,1,21,11,1
445,3,2,3,1,3,22,12,1
445,4,3,4,1,0,23,13,1
445,5,4,5,1,0,24,14,1
445,6,5,6,1,0,25,15,1
445,7,6,7,1,2,26,16,1
445,8,7,8,1,0,27,17,1
445,9,8,8.078,0.078,0,28,18,1
446,1,0,1,1,1,19,7,1
446,2,1,2,1,0,20,8,1
446,3,2,3,1,1,21,9,1
446,4,3,3.096,0.096,0,22,10,1
447,1,0,1,1,0,38,11,1
447,2,1,2,1,0,39,12,1
447,3,2,3,1,0,40,13,1
447,4,3,4,1,0,41,14,1
447,5,4,5,1,0,42,15,1
447,6,5,5.834,0.834,0,43,16,1
448,1,0,1,1,0,28,13,1
448,2,1,2,1,0,29,14,1
448,3,2,3,1,0,30,15,1
448,4,3,4,1,0,31,16,1
448,5,4,5,1,0,32,17,1
448,6,5,5.988,0.988,0,33,18,1
449,1,0,1,1,0,47,7,1
449,2,1,2,1,0,48,8,1
449,3,2,3,1,0,49,9,1
449,4,3,4,1,0,50,10,1
449,5,4,5,1,0,51,11,1
449,6,5,5.638,0.638,0,52,12,1
450,1,0,1,1,1,18,13,1
450,2,1,1.953,0.953,2,19,14,1
451,1,0,1,1,1,53,17,1
451,2,1,2,1,0,54,18,1
451,3,2,3,1,0,55,19,1
451,4,3,3.788,0.788,0,56,20,1
452,1,0,1,1,0,41,10,1
452,2,1,2,1,0,42,11,1
452,3,2,3,1,0,43,12,1
452,4,3,4,1,0,44,13,1
452,5,4,5,1,0,45,14,1
452,6,5,5.413,0.413,0,46,15,1
453,1,0,1,1,0,47,0,1
453,2,1,2,1,0,48,1,1
453,3,2,3,1,0,49,2,1
453,4,3,3.016,0.016,0,50,3,1
454,1,0,1,1,0,30,3,1
454,2,1,2,1,0,31,4,1
454,3,2,3,1,0,32,5,1
454,4,3,4,1,0,33,6,1
454,5,4,5,1,0,34,7,1
454,6,5,6,1,0,35,8,1
454,7,6,7,1,0,36,9,1
454,8,7,8,1,0,37,10,1
454,9,8,8.87,0.87,0,38,11,1
455,1,0,1,1,0,51,0,1
455,2,1,2,1,0,52,1,1
455,3,2,3,1,0,53,2,1
455,4,3,4,1,0,54,3,1
455,5,4,4.18,0.18,0,55,4,1
456,1,0,1,1,0,60,9,1
456,2,1,2,1,0,61,10,1
456,3,2,2.317,0.317,0,62,11,1
457,1,0,1,1,0,40,14,1
457,2,1,1.134,0.134,0,41,15,1
458,1,0,1,1,0,47,4,1
458,2,1,2,1,0,48,5,1
458,3,2,3,1,0,49,6,1
458,4,3,4,1,0,50,7,1
458,5,4,4.496,0.496,0,51,8,1
459,1,0,1,1,0,43,11,1
459,2,1,1.279,0.279,0,44,12,1
460,1,0,1,1,0,49,10,1
460,2,1,2,1,0,50,11,1
460,3,2,2.369,0.369,0,51,12,1
461,1,0,1,1,0,33,7,1
461,2,1,2,1,0,34,8,1
461,3,2,3,1,0,35,9,1
461,4,3,3.625,0.625,0,36,10,1
462,1,0,1,1,0,65,10,1
462,2,1,1.254,0.254,0,66,11,1
463,1,0,1,1,0,28,19,1
463,2,1,2,1,0,29,20,1
463,3,2,2.508,0.508,0,30,21,1
464,1,0,1,1,1,38,2,1
464,2,1,2,1,0,39,3,1
464,3,2,3,1,1,40,4,1
464,4,3,4,1,0,41,5,1
464,5,4,5,1,0,42,6,1
464,6,5,5.751,0.751,0,43,7,1
465,1,0,1,1,0,32,10,1
465,2,1,2,1,0,33,11,1
465,3,2,3,1,0,34,12,1
465,4,3,4,1,0,35,13,1
465,5,4,4.751,0.751,0,36,14,1
466,1,0,1,1,0,27,4,1
466,2,1,2,1,0,28,5,1
466,3,2,3,1,0,29,6,1
466,4,3,4,1,0,30,7,1
466,5,4,5,1,0,31,8,1
466,6,5,6,1,0,32,9,1
466,7,6,6.909,0.909,0,33,10,1
467,1,0,1,1,0,22,11,1
467,2,1,2,1,0,23,12,1
467,3,2,3,1,0,24,13,1
467,4,3,3.706,0.706,0,25,14,1
468,1,0,1,1,0,43,11,1
468,2,1,1.201,0.201,0,44,12,1
469,1,0,1,1,0,52,0,1
469,2,1,1.224,0.224,0,53,1,1
470,1,0,1,1,0,43,5,1
470,2,1,2,1,0,44,6,1
470,3,2,2.584,0.584,0,45,7,1
471,1,0,1,1,0,30,11,1
471,2,1,2,1,0,31,12,1
471,3,2,3,1,0,32,13,1
471,4,3,3.46,0.46,0,33,14,1
472,1,0,1,1,0,55,0,1
472,2,1,2,1,0,56,1,1
472,3,2,2.442,0.442,0,57,2,1
473,1,0,0.883,0.883,0,54,10,1
474,1,0,1,1,0,35,1,1
474,2,1,1.039,0.039,0,36,2,1
475,1,0,1,1,0,88,1,1
475,2,1,1.356,0.356,0,89,2,1
476,1,0,1,1,0,70,9,1
476,2,1,2,1,0,71,10,1
476,3,2,3,1,0,72,11,1
476,4,3,3.553,0.553,0,73,12,1
477,1,0,1,1,0,50,5,1
477,2,1,1.478,0.478,0,51,6,1
478,1,0,1,1,0,36,9,1
478,2,1,2,1,0,37,10,1
478,3,2,3,1,0,38,11,1
478,4,3,4,1,0,39,12,1
478,5,4,4.417,0.417,1,40,13,1
479,1,0,1,1,0,59,12,1
479,2,1,1.63,0.63,0,60,13,1
480,1,0,1,1,1,45,11,1
480,2,1,2,1,0,46,12,1
480,3,2,3,1,0,47,13,1
480,4,3,4,1,0,48,14,1
480,5,4,4.665,0.665,0,49,15,1
481,1,0,1,1,0,39,4,1
481,2,1,2,1,0,40,5,1
481,3,2,3,1,0,41,6,1
481,4,3,4,1,0,42,7,1
481,5,4,5,1,0,43,8,1
481,6,5,5.359,0.359,0,44,9,1
482,1,0,1,1,0,59,17,1
482,2,1,1.211,0.211,0,60,18,1
483,1,0,1,1,0,43,9,1
483,2,1,2,1,0,44,10,1
483,3,2,3,1,0,45,11,1
483,4,3,4,1,0,46,12,1
483,5,4,5,1,0,47,13,1
483,6,5,6,1,0,48,14,1
483,7,6,7,1,0,49,15,1
483,8,7,8,1,0,50,16,1
483,9,8,9,1,0,51,17,1
483,10,9,9.522,0.522,0,52,18,1
484,1,0,1,1,0,43,2,1
484,2,1,2,1,0,44,3,1
484,3,2,3,1,0,45,4,1
484,4,3,4,1,0,46,5,1
484,5,4,4.459,0.459,0,47,6,1
485,1,0,1,1,0,38,4,1
485,2,1,2,1,0,39,5,1
485,3,2,3,1,0,40,6,1
485,4,3,3.919,0.919,0,41,7,1
486,1,0,1,1,0,41,2,1
486,2,1,2,1,0,42,3,1
486,3,2,3,1,0,43,4,1
486,4,3,4,1,0,44,5,1
486,5,4,5,1,0,45,6,1
486,6,5,5.153,0.153,0,46,7,1
487,1,0,1,1,0,30,0,1
487,2,1,2,1,0,31,1,1
487,3,2,3,1,0,32,2,1
487,4,3,4,1,0,33,3,1
487,5,4,5,1,0,34,4,1
487,6,5,6,1,0,35,5,1
487,7,6,7,1,0,36,6,1
487,8,7,8,1,0,37,7,1
487,9,8,9,1,0,38,8,1
487,10,9,9.337,0.337,0,39,9,1
488,1,0,1,1,0,65,4,1
488,2,1,2,1,0,66,5,1
488,3,2,3,1,1,67,6,1
488,4,3,4,1,0,68,7,1
488,5,4,5,1,1,69,8,1
488,6,5,6,1,0,70,9,1
488,7,6,7,1,0,71,10,1
488,8,7,8,1,0,72,11,1
488,9,8,8.255,0.255,0,73,12,1
489,1,0,1,1,1,53,9,1
489,2,1,2,1,1,54,10,1
489,3,2,2.232,0.232,0,55,11,1
490,1,0,1,1,0,33,13,1
490,2,1,2,1,0,34,14,1
490,3,2,3,1,0,35,15,1
490,4,3,4,1,0,36,16,1
490,5,4,5,1,1,37,17,1
490,6,5,6,1,0,38,18,1
490,7,6,7,1,0,39,19,1
490,8,7,7.366,0.366,0,40,20,1
491,1,0,1,1,0,58,13,1
491,2,1,2,1,0,59,14,1
491,3,2,3,1,1,60,15,1
491,4,3,4,1,0,61,16,1
491,5,4,5,1,0,62,17,1
491,6,5,5.346,0.346,0,63,18,1
492,1,0,1,1,0,33,22,1
492,2,1,2,1,0,34,23,1
492,3,2,3,1,0,35,24,1
492,4,3,3.2,0.2,0,36,25,1
493,1,0,1,1,0,48,8,1
493,2,1,2,1,0,49,9,1
493,3,2,3,1,0,50,10,1
493,4,3,3.096,0.096,0,51,11,1
494,1,0,1,1,0,41,12,1
494,2,1,2,1,0,42,13,1
494,3,2,3,1,0,43,14,1
494,4,3,4,1,0,44,15,1
494,5,4,5,1,0,45,16,1
494,6,5,5.189,0.189,0,46,17,1
495,1,0,1,1,0,43,16,1
495,2,1,2,1,0,44,17,1
495,3,2,3,1,0,45,18,1
495,4,3,4,1,0,46,19,1
495,5,4,4.275,0.275,0,47,20,1
496,1,0,1,1,0,39,12,1
496,2,1,2,1,0,40,13,1
496,3,2,3,1,0,41,14,1
496,4,3,4,1,0,42,15,1
496,5,4,4.49,0.49,0,43,16,1
497,1,0,1,1,0,45,3,1
497,2,1,2,1,1,46,4,1
497,3,2,3,1,0,47,5,1
497,4,3,4,1,0,48,6,1
497,5,4,4.374,0.374,0,49,7,1
498,1,0,1,1,1,56,9,1
498,2,1,2,1,0,57,10,1
498,3,2,3,1,0,58,11,1
498,4,3,4,1,0,59,12,1
498,5,4,5,1,0,60,13,1
498,6,5,6,1,0,61,14,1
498,7,6,7,1,0,62,15,1
498,8,7,8,1,0,63,16,1
498,9,8,8.236,0.236,0,64,17,1
499,1,0,1,1,0,64,3,1
499,2,1,1.803,0.803,1,65,4,1
500,1,0,1,1,0,58,7,1
500,2,1,1.019,0.019,0,59,8,1
501,1,0,0.729,0.729,0,27,11,1
502,1,0,0.56,0.56,0,75,16,1
503,1,0,1,1,0,61,0,1
503,2,1,2,1,0,62,1,1
503,3,2,3,1,0,63,2,1
503,4,3,4,1,0,64,3,1
503,5,4,5,1,2,65,4,1
503,6,5,6,1,0,66,5,1
503,7,6,7,1,1,67,6,1
503,8,7,8,1,0,68,7,1
503,9,8,9,1,0,69,8,1
503,10,9,9.261,0.261,0,70,9,1
504,1,0,1,1,0,18,10,1
504,2,1,1.591,0.591,0,19,11,1
505,1,0,1,1,0,66,11,1
505,2,1,2,1,0,67,12,1
505,3,2,3,1,0,68,13,1
505,4,3,4,1,0,69,14,1
505,5,4,5,1,0,70,15,1
505,6,5,6,1,0,71,16,1
505,7,6,7,1,0,72,17,1
505,8,7,8,1,0,73,18,1
505,9,8,8.294,0.294,0,74,19,1
506,1,0,1,1,0,40,9,1
506,2,1,2,1,0,41,10,1
506,3,2,3,1,0,42,11,1
506,4,3,4,1,0,43,12,1
506,5,4,5,1,0,44,13,1
506,6,5,6,1,0,45,14,1
506,7,6,7,1,0,46,15,1
506,8,7,8,1,0,47,16,1
506,9,8,8.103,0.103,0,48,17,1
507,1,0,1,1,0,30,12,1
507,2,1,1.503,0.503,0,31,13,1
508,1,0,0.384,0.384,1,35,6,1
509,1,0,1,1,0,41,20,1
509,2,1,2,1,0,42,21,1
509,3,2,2.644,0.644,0,43,22,1
510,1,0,1,1,0,35,14,1
510,2,1,2,1,0,36,15,1
510,3,2,2.3,0.3,0,37,16,1
511,1,0,1,1,0,41,7,1
511,2,1,1.397,0.397,0,42,8,1
512,1,0,1,1,0,72,5,1
512,2,1,2,1,1,73,6,1
512,3,2,3,1,0,74,7,1
512,4,3,4,1,0,75,8,1
512,5,4,5,1,2,76,9,1
512,6,5,6,1,0,77,10,1
512,7,6,7,1,0,78,11,1
512,8,7,8,1,0,79,12,1
512,9,8,8.79,0.79,0,80,13,1
513,1,0,1,1,0,79,7,1
513,2,1,1.828,0.828,0,80,8,1
514,1,0,1,1,1,20,11,1
514,2,1,2,1,1,21,12,1
514,3,2,3,1,0,22,13,1
514,4,3,4,1,0,23,14,1
514,5,4,4.637,0.637,0,24,15,1
515,1,0,1,1,0,78,11,1
515,2,1,2,1,1,79,12,1
515,3,2,3,1,1,80,13,1
515,4,3,4,1,1,81,14,1
515,5,4,5,1,0,82,15,1
515,6,5,5.272,0.272,0,83,16,1
516,1,0,1,1,0,46,11,1
516,2,1,2,1,0,47,12,1
516,3,2,3,1,0,48,13,1
516,4,3,4,1,0,49,14,1
516,5,4,5,1,0,50,15,1
516,6,5,6,1,0,51,16,1
516,7,6,6.189,0.189,0,52,17,1
517,1,0,1,1,0,42,2,1
517,2,1,2,1,0,43,3,1
517,3,2,3,1,0,44,4,1
517,4,3,4,1,0,45,5,1
517,5,4,5,1,0,46,6,1
517,6,5,5.873,0.873,0,47,7,1
518,1,0,1,1,0,42,2,1
518,2,1,1.214,0.214,0,43,3,1
519,1,0,1,1,0,35,12,1
519,2,1,1.765,0.765,0,36,13,1
520,1,0,1,1,0,71,6,1
520,2,1,2,1,0,72,7,1
520,3,2,3,1,0,73,8,1
520,4,3,3.538,0.538,0,74,9,1
521,1,0,1,1,1,36,4,1
521,2,1,1.417,0.417,0,37,5,1
522,1,0,1,1,0,24,8,1
522,2,1,2,1,0,25,9,1
522,3,2,2.294,0.294,0,26,10,1
523,1,0,1,1,0,56,1,1
523,2,1,2,1,0,57,2,1
523,3,2,3,1,0,58,3,1
523,4,3,4,1,0,59,4,1
523,5,4,5,1,0,60,5,1
523,6,5,6,1,0,61,6,1
523,7,6,7,1,0,62,7,1
523,8,7,7.05,0.05,0,63,8,1
524,1,0,1,1,0,88,8,1
524,2,1,2,1,0,89,9,1
524,3,2,3,1,0,90,10,1
524,4,3,4,1,0,91,11,1
524,5,4,4.696,0.696,0,92,12,1
525,1,0,1,1,1,78,2,1
525,2,1,1.49,0.49,0,79,3,1
526,1,0,1,1,0,49,16,1
526,2,1,1.877,0.877,0,50,17,1
527,1,0,1,1,0,60,0,1
527,2,1,2,1,0,61,1,1
527,3,2,2.799,0.799,0,62,2,1
528,1,0,1,1,0,23,6,1
528,2,1,1.929,0.929,0,24,7,1
529,1,0,1,1,0,50,3,1
529,2,1,2,1,0,51,4,1
529,3,2,2.024,0.024,0,52,5,1
530,1,0,1,1,0,77,7,1
530,2,1,2,1,0,78,8,1
530,3,2,3,1,0,79,9,1
530,4,3,3.741,0.741,0,80,10,1
531,1,0,1,1,0,44,2,1
531,2,1,2,1,2,45,3,1
531,3,2,3,1,1,46,4,1
531,4,3,4,1,0,47,5,1
531,5,4,5,1,1,48,6,1
531,6,5,5.104,0.104,0,49,7,1
532,1,0,1,1,1,51,8,1
532,2,1,2,1,0,52,9,1
532,3,2,3,1,0,53,10,1
532,4,3,3.311,0.311,0,54,11,1
533,1,0,1,1,0,32,3,1
533,2,1,2,1,0,33,4,1
533,3,2,3,1,0,34,5,1
533,4,3,4,1,0,35,6,1
533,5,4,4.772,0.772,0,36,7,1
534,1,0,1,1,0,58,11,1
534,2,1,2,1,0,59,12,1
534,3,2,3,1,0,60,13,1
534,4,3,4,1,0,61,14,1
534,5,4,5,1,0,62,15,1
534,6,5,6,1,0,63,16,1
534,7,6,7,1,0,64,17,1
534,8,7,7.877,0.877,0,65,18,1
535,1,0,1,1,0,41,4,1
535,2,1,1.444,0.444,0,42,5,1
536,1,0,1,1,0,40,9,1
536,2,1,2,1,0,41,10,1
536,3,2,3,1,0,42,11,1
536,4,3,4,1,0,43,12,1
536,5,4,5,1,0,44,13,1
536,6,5,6,1,0,45,14,1
536,7,6,6.095,0.095,0,46,15,1
537,1,0,1,1,1,42,12,1
537,2,1,1.557,0.557,0,43,13,1
538,1,0,1,1,0,50,2,1
538,2,1,2,1,0,51,3,1
538,3,2,3,1,0,52,4,1
538,4,3,4,1,0,53,5,1
538,5,4,4.091,0.091,0,54,6,1
539,1,0,1,1,0,45,11,1
539,2,1,2,1,0,46,12,1
539,3,2,2.448,0.448,0,47,13,1
540,1,0,1,1,0,38,13,1
540,2,1,2,1,1,39,14,1
540,3,2,2.307,0.307,0,40,15,1
541,1,0,1,1,0,44,0,1
541,2,1,1.746,0.746,0,45,1,1
542,1,0,1,1,0,43,18,1
542,2,1,2,1,0,44,19,1
542,3,2,3,1,0,45,20,1
542,4,3,3.153,0.153,0,46,21,1
543,1,0,1,1,1,54,14,1
543,2,1,2,1,1,55,15,1
543,3,2,3,1,0,56,16,1
543,4,3,4,1,0,57,17,1
543,5,4,5,1,0,58,18,1
543,6,5,6,1,0,59,19,1
543,7,6,7,1,0,60,20,1
543,8,7,8,1,0,61,21,1
543,9,8,8.6,0.6,1,62,22,1
544,1,0,1,1,0,31,0,1
544,2,1,2,1,0,32,1,1
544,3,2,2.45,0.45,0,33,2,1
545,1,0,1,1,0,65,3,1
545,2,1,1.762,0.762,0,66,4,1
546,1,0,1,1,0,32,13,1
546,2,1,2,1,0,33,14,1
546,3,2,3,1,0,34,15,1
546,4,3,4,1,0,35,16,1
546,5,4,5,1,0,36,17,1
546,6,5,6,1,0,37,18,1
546,7,6,7,1,0,38,19,1
546,8,7,8,1,0,39,20,1
546,9,8,9,1,0,40,21,1
546,10,9,9.238,0.238,0,41,22,1
547,1,0,1,1,0,51,9,1
547,2,1,2,1,0,52,10,1
547,3,2,3,1,0,53,11,1
547,4,3,4,1,0,54,12,1
547,5,4,5,1,0,55,13,1
547,6,5,5.937,0.937,2,56,14,1
548,1,0,1,1,1,31,10,1
548,2,1,2,1,0,32,11,1
548,3,2,3,1,0,33,12,1
548,4,3,4,1,0,34,13,1
548,5,4,5,1,0,35,14,1
548,6,5,6,1,0,36,15,1
548,7,6,7,1,0,37,16,1
548,8,7,8,1,0,38,17,1
548,9,8,8.985,0.985,0,39,18,1
549,1,0,1,1,1,62,6,1
549,2,1,2,1,0,63,7,1
549,3,2,3,1,0,64,8,1
549,4,3,4,1,0,65,9,1
549,5,4,5,1,0,66,10,1
549,6,5,6,1,0,67,11,1
549,7,6,7,1,0,68,12,1
549,8,7,7.126,0.126,0,69,13,1
550,1,0,1,1,0,65,10,1
550,2,1,1.904,0.904,0,66,11,1
551,1,0,0.851,0.851,0,36,5,1
552,1,0,1,1,0,22,0,1
552,2,1,2,1,0,23,1,1
552,3,2,3,1,0,24,2,1
552,4,3,4,1,0,25,3,1
552,5,4,4.443,0.443,0,26,4,1
553,1,0,1,1,0,47,8,1
553,2,1,2,1,0,48,9,1
553,3,2,3,1,0,49,10,1
553,4,3,3.54,0.54,0,50,11,1
554,1,0,1,1,0,54,5,1
554,2,1,2,1,0,55,6,1
554,3,2,3,1,1,56,7,1
554,4,3,3.105,0.105,0,57,8,1
555,1,0,1,1,0,71,0,1
555,2,1,2,1,1,72,1,1
555,3,2,3,1,0,73,2,1
555,4,3,4,1,0,74,3,1
555,5,4,5,1,0,75,4,1
555,6,5,5.502,0.502,0,76,5,1
556,1,0,1,1,0,34,2,1
556,2,1,2,1,0,35,3,1
556,3,2,2.45,0.45,0,36,4,1
557,1,0,1,1,0,52,11,1
557,2,1,1.661,0.661,0,53,12,1
558,1,0,1,1,0,64,8,1
558,2,1,1.349,0.349,0,65,9,1
559,1,0,0.372,0.372,0,28,8,1
560,1,0,1,1,1,18,8,1
560,2,1,2,1,1,19,9,1
560,3,2,3,1,2,20,10,1
560,4,3,4,1,2,21,11,1
560,5,4,4.833,0.833,1,22,12,1
561,1,0,1,1,0,74,10,1
561,2,1,1.356,0.356,0,75,11,1
562,1,0,1,1,2,30,5,1
562,2,1,2,1,0,31,6,1
562,3,2,3,1,1,32,7,1
562,4,3,4,1,0,33,8,1
562,5,4,5,1,1,34,9,1
562,6,5,5.749,0.749,0,35,10,1
563,1,0,1,1,0,58,9,1
563,2,1,2,1,0,59,10,1
563,3,2,2.911,0.911,0,60,11,1
564,1,0,1,1,0,18,2,1
564,2,1,2,1,0,19,3,1
564,3,2,3,1,0,20,4,1
564,4,3,4,1,0,21,5,1
564,5,4,5,1,0,22,6,1
564,6,5,5.25,0.25,0,23,7,1
565,1,0,1,1,0,27,0,1
565,2,1,2,1,1,28,1,1
565,3,2,3,1,0,29,2,1
565,4,3,4,1,0,30,3,1
565,5,4,5,1,0,31,4,1
565,6,5,5.231,0.231,0,32,5,1
566,1,0,1,1,0,63,7,1
566,2,1,2,1,0,64,8,1
566,3,2,3,1,0,65,9,1
566,4,3,4,1,0,66,10,1
566,5,4,5,1,0,67,11,1
566,6,5,6,1,0,68,12,1
566,7,6,7,1,0,69,13,1
566,8,7,8,1,0,70,14,1
566,9,8,9,1,0,71,15,1
566,10,9,9.852,0.852,0,72,16,1
567,1,0,1,1,0,40,9,1
567,2,1,2,1,0,41,10,1
567,3,2,2.272,0.272,1,42,11,1
568,1,0,1,1,2,30,0,1
568,2,1,2,1,1,31,1,1
568,3,2,3,1,0,32,2,1
568,4,3,3.279,0.279,0,33,3,1
569,1,0,1,1,0,31,10,1
569,2,1,2,1,1,32,11,1
569,3,2,3,1,0,33,12,1
569,4,3,4,1,0,34,13,1
569,5,4,5,1,0,35,14,1
569,6,5,6,1,0,36,15,1
569,7,6,6.449,0.449,0,37,16,1
570,1,0,1,1,0,54,9,1
570,2,1,2,1,0,55,10,1
570,3,2,3,1,0,56,11,1
570,4,3,3.267,0.267,0,57,12,1
571,1,0,1,1,1,43,6,1
571,2,1,1.591,0.591,0,44,7,1
572,1,0,1,1,0,31,2,1
572,2,1,2,1,0,32,3,1
572,3,2,3,1,0,33,4,1
572,4,3,3.686,0.686,0,34,5,1
573,1,0,1,1,0,68,5,1
573,2,1,2,1,0,69,6,1
573,3,2,3,1,0,70,7,1
573,4,3,4,1,0,71,8,1
573,5,4,5,1,0,72,9,1
573,6,5,6,1,0,73,10,1
573,7,6,6.533,0.533,0,74,11,1
574,1,0,1,1,0,28,2,1
574,2,1,2,1,0,29,3,1
574,3,2,3,1,0,30,4,1
574,4,3,4,1,0,31,5,1
574,5,4,4.641,0.641,0,32,6,1
575,1,0,1,1,0,29,4,1
575,2,1,2,1,0,30,5,1
575,3,2,3,1,0,31,6,1
575,4,3,4,1,0,32,7,1
575,5,4,5,1,0,33,8,1
575,6,5,6,1,0,34,9,1
575,7,6,7,1,1,35,10,1
575,8,7,7.564,0.564,1,36,11,1
576,1,0,1,1,0,34,12,1
576,2,1,2,1,1,35,13,1
576,3,2,3,1,0,36,14,1
576,4,3,3.811,0.811,0,37,15,1
577,1,0,1,1,0,28,13,1
577,2,1,2,1,0,29,14,1
577,3,2,3,1,0,30,15,1
577,4,3,4,1,0,31,16,1
577,5,4,5,1,0,32,17,1
577,6,5,6,1,0,33,18,1
577,7,6,6.318,0.318,0,34,19,1
578,1,0,1,1,0,61,7,1
578,2,1,2,1,0,62,8,1
578,3,2,3,1,1,63,9,1
578,4,3,4,1,0,64,10,1
578,5,4,4.56,0.56,0,65,11,1
579,1,0,1,1,0,34,16,1
579,2,1,1.413,0.413,0,35,17,1
580,1,0,1,1,0,80,6,1
580,2,1,2,1,0,81,7,1
580,3,2,2.851,0.851,0,82,8,1
581,1,0,1,1,0,38,13,1
581,2,1,2,1,0,39,14,1
581,3,2,3,1,0,40,15,1
581,4,3,3.557,0.557,0,41,16,1
582,1,0,0.875,0.875,0,47,0,1
583,1,0,1,1,1,38,12,1
583,2,1,2,1,0,39,13,1
583,3,2,3,1,0,40,14,1
583,4,3,3.181,0.181,0,41,15,1
584,1,0,1,1,0,21,12,1
584,2,1,2,1,0,22,13,1
584,3,2,3,1,0,23,14,1
584,4,3,4,1,0,24,15,1
584,5,4,4.228,0.228,0,25,16,1
585,1,0,1,1,0,50,14,1
585,2,1,2,1,0,51,15,1
585,3,2,3,1,0,52,16,1
585,4,3,4,1,0,53,17,1
585,5,4,5,1,0,54,18,1
585,6,5,6,1,0,55,19,1
585,7,6,7,1,0,56,20,1
585,8,7,8,1,0,57,21,1
585,9,8,8.559,0.559,0,58,22,1
586,1,0,1,1,0,33,8,1
586,2,1,2,1,0,34,9,1
586,3,2,3,1,0,35,10,1
586,4,3,4,1,0,36,11,1
586,5,4,4.87,0.87,2,37,12,1
587,1,0,1,1,0,69,11,1
587,2,1,2,1,0,70,12,1
587,3,2,3,1,0,71,13,1
587,4,3,4,1,0,72,14,1
587,5,4,5,1,0,73,15,1
587,6,5,6,1,0,74,16,1
587,7,6,6.495,0.495,0,75,17,1
588,1,0,1,1,0,37,16,1
588,2,1,2,1,0,38,17,1
588,3,2,3,1,0,39,18,1
588,4,3,3.901,0.901,0,40,19,1
589,1,0,1,1,0,42,5,1
589,2,1,2,1,0,43,6,1
589,3,2,3,1,0,44,7,1
589,4,3,4,1,0,45,8,1
589,5,4,5,1,0,46,9,1
589,6,5,6,1,0,47,10,1
589,7,6,7,1,0,48,11,1
589,8,7,8,1,0,49,12,1
589,9,8,9,1,1,50,13,1
589,10,9,9.003,0.003,0,51,14,1
590,1,0,1,1,0,54,8,1
590,2,1,2,1,0,55,9,1
590,3,2,3,1,0,56,10,1
590,4,3,4,1,0,57,11,1
590,5,4,5,1,0,58,12,1
590,6,5,5.4,0.4,0,59,13,1
591,1,0,1,1,1,46,16,1
591,2,1,2,1,0,47,17,1
591,3,2,3,1,1,48,18,1
591,4,3,3.573,0.573,0,49,19,1
592,1,0,1,1,0,49,8,1
592,2,1,2,1,0,50,9,1
592,3,2,3,1,0,51,10,1
592,4,3,4,1,0,52,11,1
592,5,4,5,1,0,53,12,1
592,6,5,6,1,0,54,13,1
592,7,6,6.878,0.878,0,55,14,1
593,1,0,1,1,0,71,11,1
593,2,1,2,1,0,72,12,1
593,3,2,3,1,1,73,13,1
593,4,3,4,1,0,74,14,1
593,5,4,5,1,0,75,15,1
593,6,5,5.146,0.146,0,76,16,1
594,1,0,1,1,0,77,7,1
594,2,1,2,1,0,78,8,1
594,3,2,2.677,0.677,0,79,9,1
595,1,0,1,1,1,61,8,1
595,2,1,2,1,0,62,9,1
595,3,2,3,1,0,63,10,1
595,4,3,3.723,0.723,1,64,11,1
596,1,0,0.931,0.931,0,54,3,1
597,1,0,0.46,0.46,0,53,3,1
598,1,0,1,1,0,56,0,1
598,2,1,2,1,0,57,1,1
598,3,2,3,1,0,58,2,1
598,4,3,4,1,0,59,3,1
598,5,4,5,1,0,60,4,1
598,6,5,6,1,0,61,5,1
598,7,6,7,1,0,62,6,1
598,8,7,7.055,0.055,0,63,7,1
599,1,0,1,1,0,34,14,1
599,2,1,2,1,2,35,15,1
599,3,2,3,1,0,36,16,1
599,4,3,4,1,0,37,17,1
599,5,4,5,1,0,38,18,1
599,6,5,5.413,0.413,0,39,19,1
600,1,0,1,1,0,78,8,1
600,2,1,2,1,0,79,9,1
600,3,2,2.055,0.055,0,80,10,1
601,1,0,1,1,0,18,5,1
601,2,1,2,1,0,19,6,1
601,3,2,2.935,0.935,0,20,7,1
602,1,0,1,1,0,76,6,1
602,2,1,2,1,0,77,7,1
602,3,2,3,1,0,78,8,1
602,4,3,3.614,0.614,1,79,9,1
603,1,0,1,1,0,45,8,1
603,2,1,2,1,0,46,9,1
603,3,2,3,1,0,47,10,1
603,4,3,3.108,0.108,0,48,11,1
604,1,0,1,1,0,39,15,1
604,2,1,2,1,1,40,16,1
604,3,2,3,1,0,41,17,1
604,4,3,3.806,0.806,0,42,18,1
605,1,0,1,1,0,54,7,1
605,2,1,2,1,0,55,8,1
605,3,2,3,1,0,56,9,1
605,4,3,4,1,1,57,10,1
605,5,4,5,1,0,58,11,1
605,6,5,6,1,0,59,12,1
605,7,6,7,1,1,60,13,1
605,8,7,7.751,0.751,1,61,14,1
606,1,0,1,1,0,37,2,1
606,2,1,1.002,0.002,0,38,3,1
607,1,0,1,1,0,33,9,1
607,2,1,1.697,0.697,0,34,10,1
608,1,0,1,1,0,32,2,1
608,2,1,2,1,0,33,3,1
608,3,2,2.206,0.206,0,34,4,1
609,1,0,1,1,1,76,10,1
609,2,1,2,1,2,77,11,1
609,3,2,3,1,0,78,12,1
609,4,3,4,1,0,79,13,1
609,5,4,5,1,1,80,14,1
609,6,5,5.105,0.105,1,81,15,1
610,1,0,1,1,0,39,0,1
610,2,1,1.161,0.161,0,40,1,1
611,1,0,1,1,1,29,9,1
611,2,1,2,1,1,30,10,1
611,3,2,3,1,0,31,11,1
611,4,3,3.989,0.989,0,32,12,1
612,1,0,1,1,0,47,9,1
612,2,1,2,1,0,48,10,1
612,3,2,3,1,0,49,11,1
612,4,3,4,1,0,50,12,1
612,5,4,5,1,0,51,13,1
612,6,5,5.203,0.203,0,52,14,1
613,1,0,1,1,1,47,8,1
613,2,1,2,1,0,48,9,1
613,3,2,2.383,0.383,0,49,10,1
614,1,0,1,1,0,55,7,1
614,2,1,1.126,0.126,0,56,8,1
615,1,0,1,1,0,36,7,1
615,2,1,1.773,0.773,0,37,8,1
616,1,0,1,1,1,56,15,1
616,2,1,2,1,0,57,16,1
616,3,2,3,1,0,58,17,1
616,4,3,4,1,0,59,18,1
616,5,4,5,1,0,60,19,1
616,6,5,5.778,0.778,0,61,20,1
617,1,0,1,1,1,52,6,1
617,2,1,2,1,0,53,7,1
617,3,2,3,1,0,54,8,1
617,4,3,3.493,0.493,0,55,9,1
618,1,0,1,1,1,88,10,1
618,2,1,2,1,1,89,11,1
618,3,2,2.955,0.955,0,90,12,1
619,1,0,1,1,0,51,13,1
619,2,1,2,1,1,52,14,1
619,3,2,2.698,0.698,0,53,15,1
620,1,0,1,1,0,43,7,1
620,2,1,2,1,0,44,8,1
620,3,2,3,1,0,45,9,1
620,4,3,3.015,0.015,0,46,10,1
621,1,0,1,1,0,46,7,1
621,2,1,2,1,0,47,8,1
621,3,2,3,1,0,48,9,1
621,4,3,4,1,1,49,10,1
621,5,4,5,1,0,50,11,1
621,6,5,6,1,0,51,12,1
621,7,6,7,1,0,52,13,1
621,8,7,8,1,1,53,14,1
621,9,8,9,1,1,54,15,1
621,10,9,9.619,0.619,0,55,16,1
622,1,0,1,1,0,52,20,1
622,2,1,2,1,0,53,21,1
622,3,2,3,1,1,54,22,1
622,4,3,3.02,0.02,0,55,23,1
623,1,0,1,1,0,65,7,1
623,2,1,2,1,0,66,8,1
623,3,2,3,1,0,67,9,1
623,4,3,4,1,0,68,10,1
623,5,4,5,1,0,69,11,1
623,6,5,6,1,0,70,12,1
623,7,6,7,1,0,71,13,1
623,8,7,8,1,0,72,14,1
623,9,8,8.526,0.526,0,73,15,1
624,1,0,1,1,0,27,12,1
624,2,1,2,1,0,28,13,1
624,3,2,3,1,0,29,14,1
624,4,3,4,1,0,30,15,1
624,5,4,5,1,0,31,16,1
624,6,5,6,1,0,32,17,1
624,7,6,7,1,0,33,18,1
624,8,7,7.083,0.083,0,34,19,1
625,1,0,1,1,2,29,6,1
625,2,1,2,1,2,30,7,1
625,3,2,2.582,0.582,0,31,8,1
626,1,0,1,1,0,48,13,1
626,2,1,1.171,0.171,0,49,14,1
627,1,0,1,1,0,27,10,1
627,2,1,2,1,1,28,11,1
627,3,2,3,1,0,29,12,1
627,4,3,3.439,0.439,0,30,13,1
628,1,0,1,1,1,42,11,1
628,2,1,1.175,0.175,0,43,12,1
629,1,0,1,1,0,18,9,1
629,2,1,2,1,0,19,10,1
629,3,2,2.296,0.296,0,20,11,1
630,1,0,1,1,0,26,1,1
630,2,1,2,1,0,27,2,1
630,3,2,3,1,0,28,3,1
630,4,3,3.021,0.021,0,29,4,1
631,1,0,1,1,0,56,14,1
631,2,1,1.53,0.53,0,57,15,1
632,1,0,1,1,0,41,8,1
632,2,1,2,1,0,42,9,1
632,3,2,3,1,0,43,10,1
632,4,3,3.283,0.283,0,44,11,1
633,1,0,1,1,0,55,1,1
633,2,1,2,1,0,56,2,1
633,3,2,3,1,0,57,3,1
633,4,3,4,1,0,58,4,1
633,5,4,4.458,0.458,0,59,5,1
634,1,0,1,1,0,48,8,1
634,2,1,1.547,0.547,1,49,9,1
635,1,0,1,1,0,60,6,1
635,2,1,2,1,0,61,7,1
635,3,2,3,1,0,62,8,1
635,4,3,4,1,0,63,9,1
635,5,4,5,1,0,64,10,1
635,6,5,6,1,0,65,11,1
635,7,6,7,1,0,66,12,1
635,8,7,8,1,0,67,13,1
635,9,8,8.391,0.391,0,68,14,1
636,1,0,1,1,0,48,2,1
636,2,1,1.235,0.235,0,49,3,1
637,1,0,1,1,0,38,16,1
637,2,1,2,1,0,39,17,1
637,3,2,3,1,0,40,18,1
637,4,3,4,1,0,41,19,1
637,5,4,5,1,0,42,20,1
637,6,5,6,1,2,43,21,1
637,7,6,7,1,0,44,22,1
637,8,7,8,1,0,45,23,1
637,9,8,8.355,0.355,0,46,24,1
638,1,0,1,1,0,41,14,1
638,2,1,2,1,0,42,15,1
638,3,2,3,1,0,43,16,1
638,4,3,4,1,0,44,17,1
638,5,4,5,1,0,45,18,1
638,6,5,5.082,0.082,0,46,19,1
639,1,0,1,1,0,31,7,1
639,2,1,2,1,0,32,8,1
639,3,2,3,1,0,33,9,1
639,4,3,3.397,0.397,0,34,10,1
640,1,0,1,1,0,24,10,1
640,2,1,2,1,1,25,11,1
640,3,2,3,1,0,26,12,1
640,4,3,3.87,0.87,0,27,13,1
641,1,0,0.141,0.141,0,55,12,1
642,1,0,1,1,0,51,10,1
642,2,1,2,1,0,52,11,1
642,3,2,2.362,0.362,0,53,12,1
643,1,0,1,1,0,67,4,1
643,2,1,2,1,0,68,5,1
643,3,2,3,1,0,69,6,1
643,4,3,4,1,0,70,7,1
643,5,4,5,1,0,71,8,1
643,6,5,6,1,0,72,9,1
643,7,6,7,1,0,73,10,1
643,8,7,7.784,0.784,0,74,11,1
644,1,0,1,1,0,58,2,1
644,2,1,2,1,0,59,3,1
644,3,2,3,1,1,60,4,1
644,4,3,4,1,0,61,5,1
644,5,4,5,1,0,62,6,1
644,6,5,6,1,0,63,7,1
644,7,6,7,1,0,64,8,1
644,8,7,8,1,0,65,9,1
644,9,8,8.284,0.284,0,66,10,1
645,1,0,1,1,0,64,4,1
645,2,1,2,1,0,65,5,1
645,3,2,3,1,0,66,6,1
645,4,3,4,1,1,67,7,1
645,5,4,5,1,0,68,8,1
645,6,5,6,1,0,69,9,1
645,7,6,7,1,0,70,10,1
645,8,7,8,1,0,71,11,1
645,9,8,9,1,0,72,12,1
645,10,9,9.085,0.085,0,73,13,1
646,1,0,1,1,0,40,5,1
646,2,1,2,1,0,41,6,1
646,3,2,3,1,0,42,7,1
646,4,3,3.353,0.353,0,43,8,1
647,1,0,1,1,0,64,14,1
647,2,1,2,1,0,65,15,1
647,3,2,2.69,0.69,0,66,16,1
648,1,0,1,1,0,43,8,1
648,2,1,2,1,0,44,9,1
648,3,2,3,1,0,45,10,1
648,4,3,3.331,0.331,0,46,11,1
649,1,0,1,1,0,50,5,1
649,2,1,2,1,0,51,6,1
649,3,2,3,1,0,52,7,1
649,4,3,3.68,0.68,0,53,8,1
650,1,0,1,1,0,61,5,1
650,2,1,2,1,0,62,6,1
650,3,2,2.184,0.184,0,63,7,1
651,1,0,1,1,0,58,10,1
651,2,1,2,1,0,59,11,1
651,3,2,3,1,0,60,12,1
651,4,3,4,1,0,61,13,1
651,5,4,4.682,0.682,0,62,14,1
652,1,0,1,1,0,43,5,1
652,2,1,2,1,0,44,6,1
652,3,2,3,1,0,45,7,1
652,4,3,4,1,0,46,8,1
652,5,4,5,1,0,47,9,1
652,6,5,5.962,0.962,0,48,10,1
653,1,0,1,1,0,51,8,1
653,2,1,2,1,0,52,9,1
653,3,2,3,1,1,53,10,1
653,4,3,4,1,0,54,11,1
653,5,4,5,1,0,55,12,1
653,6,5,6,1,1,56,13,1
653,7,6,7,1,1,57,14,1
653,8,7,8,1,0,58,15,1
653,9,8,8.706,0.706,0,59,16,1
654,1,0,1,1,0,31,0,1
654,2,1,1.571,0.571,0,32,1,1
655,1,0,1,1,0,52,8,1
655,2,1,2,1,0,53,9,1
655,3,2,2.481,0.481,0,54,10,1
656,1,0,1,1,0,62,6,1
656,2,1,2,1,0,63,7,1
656,3,2,2.496,0.496,0,64,8,1
657,1,0,1,1,0,33,8,1
657,2,1,2,1,1,34,9,1
657,3,2,2.547,0.547,0,35,10,1
658,1,0,1,1,0,49,11,1
658,2,1,2,1,0,50,12,1
658,3,2,3,1,0,51,13,1
658,4,3,4,1,0,52,14,1
658,5,4,5,1,0,53,15,1
658,6,5,5.191,0.191,0,54,16,1
659,1,0,1,1,0,41,4,1
659,2,1,2,1,0,42,5,1
659,3,2,3,1,0,43,6,1
659,4,3,4,1,0,44,7,1
659,5,4,5,1,0,45,8,1
659,6,5,6,1,0,46,9,1
659,7,6,7,1,0,47,10,1
659,8,7,8,1,0,48,11,1
659,9,8,8.545,0.545,0,49,12,1
660,1,0,1,1,0,52,14,1
660,2,1,2,1,0,53,15,1
660,3,2,3,1,1,54,16,1
660,4,3,3.886,0.886,0,55,17,1
661,1,0,1,1,0,34,14,1
661,2,1,1.372,0.372,0,35,15,1
662,1,0,1,1,0,31,7,1
662,2,1,2,1,1,32,8,1
662,3,2,3,1,0,33,9,1
662,4,3,3.313,0.313,0,34,10,1
663,1,0,1,1,0,34,5,1
663,2,1,2,1,0,35,6,1
663,3,2,3,1,0,36,7,1
663,4,3,4,1,0,37,8,1
663,5,4,5,1,0,38,9,1
663,6,5,6,1,0,39,10,1
663,7,6,7,1,0,40,11,1
663,8,7,7.977,0.977,0,41,12,1
664,1,0,1,1,0,32,13,1
664,2,1,1.508,0.508,0,33,14,1
665,1,0,1,1,2,58,11,1
665,2,1,2,1,2,59,12,1
665,3,2,3,1,0,60,13,1
665,4,3,4,1,1,61,14,1
665,5,4,5,1,0,62,15,1
665,6,5,5.858,0.858,0,63,16,1
666,1,0,1,1,1,68,13,1
666,2,1,2,1,0,69,14,1
666,3,2,3,1,1,70,15,1
666,4,3,4,1,0,71,16,1
666,5,4,5,1,0,72,17,1
666,6,5,6,1,1,73,18,1
666,7,6,6.339,0.339,0,74,19,1
667,1,0,1,1,0,28,15,1
667,2,1,2,1,0,29,16,1
667,3,2,2.27,0.27,0,30,17,1
668,1,0,1,1,0,42,14,1
668,2,1,2,1,0,43,15,1
668,3,2,3,1,0,44,16,1
668,4,3,4,1,0,45,17,1
668,5,4,4.916,0.916,0,46,18,1
669,1,0,1,1,0,41,7,1
669,2,1,2,1,0,42,8,1
669,3,2,3,1,0,43,9,1
669,4,3,4,1,0,44,10,1
669,5,4,5,1,0,45,11,1
669,6,5,5.093,0.093,0,46,12,1
670,1,0,1,1,0,38,6,1
670,2,1,2,1,0,39,7,1
670,3,2,3,1,0,40,8,1
670,4,3,4,1,0,41,9,1
670,5,4,5,1,0,42,10,1
670,6,5,5.169,0.169,0,43,11,1
671,1,0,1,1,0,56,12,1
671,2,1,2,1,0,57,13,1
671,3,2,3,1,0,58,14,1
671,4,3,3.901,0.901,0,59,15,1
672,1,0,1,1,0,20,11,1
672,2,1,2,1,0,21,12,1
672,3,2,3,1,0,22,13,1
672,4,3,4,1,0,23,14,1
672,5,4,5,1,0,24,15,1
672,6,5,6,1,0,25,16,1
672,7,6,7,1,0,26,17,1
672,8,7,7.374,0.374,0,27,18,1
673,1,0,1,1,0,40,5,1
673,2,1,1.227,0.227,0,41,6,1
674,1,0,1,1,0,18,13,1
674,2,1,2,1,0,19,14,1
674,3,2,3,1,0,20,15,1
674,4,3,3.998,0.998,1,21,16,1
675,1,0,1,1,0,32,8,1
675,2,1,2,1,0,33,9,1
675,3,2,3,1,0,34,10,1
675,4,3,4,1,0,35,11,1
675,5,4,5,1,1,36,12,1
675,6,5,6,1,0,37,13,1
675,7,6,6.548,0.548,0,38,14,1
676,1,0,0.34,0.34,0,33,8,1
677,1,0,1,1,1,41,9,1
677,2,1,2,1,0,42,10,1
677,3,2,3,1,0,43,11,1
677,4,3,4,1,0,44,12,1
677,5,4,4.522,0.522,0,45,13,1
678,1,0,0.194,0.194,0,52,0,1
679,1,0,1,1,0,48,13,1
679,2,1,2,1,0,49,14,1
679,3,2,2.737,0.737,0,50,15,1
680,1,0,1,1,0,44,8,1
680,2,1,2,1,0,45,9,1
680,3,2,3,1,0,46,10,1
680,4,3,4,1,0,47,11,1
680,5,4,5,1,0,48,12,1
680,6,5,6,1,0,49,13,1
680,7,6,7,1,0,50,14,1
680,8,7,7.178,0.178,0,51,15,1
681,1,0,1,1,0,52,9,1
681,2,1,2,1,0,53,10,1
681,3,2,2.272,0.272,0,54,11,1
682,1,0,1,1,0,32,2,1
682,2,1,1.073,0.073,0,33,3,1
683,1,0,0.644,0.644,0,24,13,1
684,1,0,1,1,0,71,14,1
684,2,1,2,1,0,72,15,1
684,3,2,3,1,0,73,16,1
684,4,3,4,1,0,74,17,1
684,5,4,5,1,0,75,18,1
684,6,5,6,1,0,76,19,1
684,7,6,6.6,0.6,0,77,20,1
685,1,0,1,1,0,40,5,1
685,2,1,2,1,0,41,6,1
685,3,2,3,1,0,42,7,1
685,4,3,4,1,0,43,8,1
685,5,4,5,1,0,44,9,1
685,6,5,6,1,0,45,10,1
685,7,6,7,1,0,46,11,1
685,8,7,8,1,0,47,12,1
685,9,8,8.546,0.546,0,48,13,1
686,1,0,1,1,0,71,5,1
686,2,1,2,1,0,72,6,1
686,3,2,3,1,0,73,7,1
686,4,3,4,1,0,74,8,1
686,5,4,5,1,0,75,9,1
686,6,5,6,1,0,76,10,1
686,7,6,7,1,0,77,11,1
686,8,7,8,1,0,78,12,1
686,9,8,9,1,0,79,13,1
686,10,9,9.856,0.856,0,80,14,1
687,1,0,1,1,0,42,4,1
687,2,1,2,1,0,43,5,1
687,3,2,2.284,0.284,0,44,6,1
688,1,0,1,1,0,63,8,1
688,2,1,2,1,0,64,9,1
688,3,2,2.73,0.73,0,65,10,1
689,1,0,1,1,0,54,5,1
689,2,1,2,1,0,55,6,1
689,3,2,2.551,0.551,0,56,7,1
690,1,0,1,1,0,63,16,1
690,2,1,2,1,0,64,17,1
690,3,2,3,1,0,65,18,1
690,4,3,3.279,0.279,0,66,19,1
691,1,0,1,1,0,22,3,1
691,2,1,2,1,0,23,4,1
691,3,2,3,1,0,24,5,1
691,4,3,3.146,0.146,0,25,6,1
692,1,0,1,1,1,23,8,1
692,2,1,2,1,0,24,9,1
692,3,2,3,1,1,25,10,1
692,4,3,4,1,2,26,11,1
692,5,4,5,1,3,27,12,1
692,6,5,6,1,2,28,13,1
692,7,6,6.274,0.274,1,29,14,1
693,1,0,1,1,0,55,6,1
693,2,1,2,1,1,56,7,1
693,3,2,3,1,0,57,8,1
693,4,3,4,1,0,58,9,1
693,5,4,5,1,0,59,10,1
693,6,5,6,1,0,60,11,1
693,7,6,7,1,0,61,12,1
693,8,7,8,1,0,62,13,1
693,9,8,8.953,0.953,0,63,14,1
694,1,0,1,1,0,63,6,1
694,2,1,2,1,0,64,7,1
694,3,2,3,1,0,65,8,1
694,4,3,3.525,0.525,0,66,9,1
695,1,0,1,1,0,30,6,1
695,2,1,2,1,2,31,7,1
695,3,2,3,1,0,32,8,1
695,4,3,3.452,0.452,0,33,9,1
696,1,0,1,1,1,60,10,1
696,2,1,2,1,0,61,11,1
696,3,2,2.381,0.381,0,62,12,1
697,1,0,1,1,0,47,5,1
697,2,1,2,1,0,48,6,1
697,3,2,3,1,0,49,7,1
697,4,3,4,1,0,50,8,1
697,5,4,4.582,0.582,0,51,9,1
698,1,0,0.347,0.347,0,32,11,1
699,1,0,1,1,1,39,9,1
699,2,1,2,1,0,40,10,1
699,3,2,3,1,1,41,11,1
699,4,3,4,1,0,42,12,1
699,5,4,4.581,0.581,0,43,13,1
700,1,0,1,1,1,60,6,1
700,2,1,2,1,2,61,7,1
700,3,2,3,1,0,62,8,1
700,4,3,3.865,0.865,0,63,9,1
701,1,0,1,1,0,51,1,1
701,2,1,2,1,1,52,2,1
701,3,2,2.864,0.864,0,53,3,1
702,1,0,1,1,0,46,15,1
702,2,1,2,1,0,47,16,1
702,3,2,3,1,0,48,17,1
702,4,3,4,1,0,49,18,1
702,5,4,5,1,0,50,19,1
702,6,5,6,1,0,51,20,1
702,7,6,7,1,0,52,21,1
702,8,7,7.782,0.782,0,53,22,1
703,1,0,1,1,1,53,9,1
703,2,1,2,1,0,54,10,1
703,3,2,3,1,0,55,11,1
703,4,3,3.025,0.025,0,56,12,1
704,1,0,1,1,0,40,8,1
704,2,1,2,1,1,41,9,1
704,3,2,3,1,0,42,10,1
704,4,3,4,1,0,43,11,1
704,5,4,5,1,0,44,12,1
704,6,5,6,1,0,45,13,1
704,7,6,7,1,0,46,14,1
704,8,7,8,1,0,47,15,1
704,9,8,9,1,0,48,16,1
704,10,9,9.166,0.166,0,49,17,1
705,1,0,1,1,0,48,6,1
705,2,1,2,1,0,49,7,1
705,3,2,3,1,0,50,8,1
705,4,3,3.576,0.576,0,51,9,1
706,1,0,1,1,0,46,7,1
706,2,1,1.355,0.355,0,47,8,1
707,1,0,1,1,0,52,1,1
707,2,1,2,1,2,53,2,1
707,3,2,3,1,0,54,3,1
707,4,3,3.056,0.056,0,55,4,1
708,1,0,1,1,1,54,19,1
708,2,1,2,1,0,55,20,1
708,3,2,2.314,0.314,0,56,21,1
709,1,0,1,1,0,35,1,1
709,2,1,1.354,0.354,0,36,2,1
710,1,0,0.526,0.526,0,41,6,1
711,1,0,1,1,0,34,0,1
711,2,1,2,1,0,35,1,1
711,3,2,3,1,0,36,2,1
711,4,3,4,1,0,37,3,1
711,5,4,5,1,0,38,4,1
711,6,5,5.772,0.772,0,39,5,1
712,1,0,1,1,0,54,0,1
712,2,1,2,1,0,55,1,1
712,3,2,3,1,0,56,2,1
712,4,3,4,1,0,57,3,1
712,5,4,5,1,0,58,4,1
712,6,5,5.531,0.531,0,59,5,1
713,1,0,1,1,0,46,14,1
713,2,1,2,1,0,47,15,1
713,3,2,3,1,1,48,16,1
713,4,3,3.346,0.346,0,49,17,1
714,1,0,1,1,0,60,3,1
714,2,1,2,1,0,61,4,1
714,3,2,2.68,0.68,0,62,5,1
715,1,0,1,1,0,54,11,1
715,2,1,2,1,0,55,12,1
715,3,2,3,1,0,56,13,1
715,4,3,4,1,0,57,14,1
715,5,4,4.358,0.358,0,58,15,1
716,1,0,1,1,1,35,11,1
716,2,1,2,1,1,36,12,1
716,3,2,3,1,0,37,13,1
716,4,3,4,1,0,38,14,1
716,5,4,5,1,0,39,15,1
716,6,5,6,1,2,40,16,1
716,7,6,7,1,0,41,17,1
716,8,7,7.864,0.864,0,42,18,1
717,1,0,1,1,0,22,3,1
717,2,1,2,1,0,23,4,1
717,3,2,2.465,0.465,1,24,5,1
718,1,0,1,1,1,62,9,1
718,2,1,1.257,0.257,0,63,10,1
719,1,0,1,1,0,38,7,1
719,2,1,2,1,0,39,8,1
719,3,2,2.526,0.526,0,40,9,1
720,1,0,1,1,0,38,15,1
720,2,1,2,1,0,39,16,1
720,3,2,3,1,0,40,17,1
720,4,3,3.62,0.62,0,41,18,1
721,1,0,1,1,0,34,13,1
721,2,1,1.964,0.964,0,35,14,1
722,1,0,1,1,0,71,13,1
722,2,1,1.274,0.274,0,72,14,1
723,1,0,1,1,0,64,11,1
723,2,1,2,1,0,65,12,1
723,3,2,3,1,0,66,13,1
723,4,3,4,1,0,67,14,1
723,5,4,4.993,0.993,0,68,15,1
724,1,0,1,1,0,46,21,1
724,2,1,2,1,0,47,22,1
724,3,2,3,1,0,48,23,1
724,4,3,4,1,0,49,24,1
724,5,4,4.627,0.627,0,50,25,1
725,1,0,1,1,0,50,8,1
725,2,1,2,1,0,51,9,1
725,3,2,2.435,0.435,0,52,10,1
726,1,0,1,1,0,18,5,1
726,2,1,2,1,1,19,6,1
726,3,2,3,1,1,20,7,1
726,4,3,4,1,0,21,8,1
726,5,4,5,1,0,22,9,1
726,6,5,6,1,0,23,10,1
726,7,6,6.186,0.186,0,24,11,1
727,1,0,1,1,0,59,11,1
727,2,1,2,1,0,60,12,1
727,3,2,3,1,0,61,13,1
727,4,3,4,1,0,62,14,1
727,5,4,5,1,0,63,15,1
727,6,5,6,1,0,64,16,1
727,7,6,7,1,0,65,17,1
727,8,7,7.874,0.874,0,66,18,1
728,1,0,1,1,0,56,12,1
728,2,1,1.441,0.441,0,57,13,1
729,1,0,1,1,1,44,19,1
729,2,1,2,1,0,45,20,1
729,3,2,3,1,0,46,21,1
729,4,3,4,1,0,47,22,1
729,5,4,5,1,0,48,23,1
729,6,5,6,1,0,49,24,1
729,7,6,7,1,0,50,25,1
729,8,7,8,1,0,51,26,1
729,9,8,9,1,0,52,27,1
729,10,9,9.478,0.478,0,53,28,1
730,1,0,0.588,0.588,1,37,15,1
731,1,0,1,1,0,58,9,1
731,2,1,2,1,0,59,10,1
731,3,2,3,1,0,60,11,1
731,4,3,4,1,0,61,12,1
731,5,4,5,1,0,62,13,1
731,6,5,6,1,0,63,14,1
731,7,6,6.103,0.103,0,64,15,1
732,1,0,1,1,0,51,11,1
732,2,1,2,1,0,52,12,1
732,3,2,3,1,0,53,13,1
732,4,3,4,1,0,54,14,1
732,5,4,5,1,0,55,15,1
732,6,5,6,1,0,56,16,1
732,7,6,7,1,0,57,17,1
732,8,7,8,1,0,58,18,1
732,9,8,9,1,0,59,19,1
732,10,9,9.264,0.264,0,60,20,1
733,1,0,1,1,0,57,5,1
733,2,1,1.246,0.246,0,58,6,1
734,1,0,1,1,0,37,0,1
734,2,1,2,1,0,38,1,1
734,3,2,3,1,0,39,2,1
734,4,3,4,1,0,40,3,1
734,5,4,4.681,0.681,0,41,4,1
735,1,0,1,1,0,73,4,1
735,2,1,2,1,0,74,5,1
735,3,2,2.627,0.627,0,75,6,1
736,1,0,1,1,0,39,5,1
736,2,1,2,1,0,40,6,1
736,3,2,3,1,0,41,7,1
736,4,3,4,1,0,42,8,1
736,5,4,5,1,0,43,9,1
736,6,5,6,1,0,44,10,1
736,7,6,7,1,0,45,11,1
736,8,7,8,1,0,46,12,1
736,9,8,9,1,0,47,13,1
736,10,9,9.893,0.893,0,48,14,1
737,1,0,1,1,0,61,18,1
737,2,1,2,1,0,62,19,1
737,3,2,2.058,0.058,0,63,20,1
738,1,0,1,1,0,54,10,1
738,2,1,2,1,0,55,11,1
738,3,2,3,1,0,56,12,1
738,4,3,4,1,0,57,13,1
738,5,4,5,1,0,58,14,1
738,6,5,5.295,0.295,1,59,15,1
739,1,0,1,1,1,18,19,1
739,2,1,2,1,0,19,20,1
739,3,2,3,1,0,20,21,1
739,4,3,3.595,0.595,0,21,22,1
740,1,0,1,1,0,18,6,1
740,2,1,2,1,0,19,7,1
740,3,2,2.219,0.219,0,20,8,1
741,1,0,1,1,0,51,1,1
741,2,1,2,1,0,52,2,1
741,3,2,3,1,1,53,3,1
741,4,3,4,1,0,54,4,1
741,5,4,5,1,0,55,5,1
741,6,5,6,1,1,56,6,1
741,7,6,7,1,0,57,7,1
741,8,7,7.594,0.594,0,58,8,1
742,1,0,1,1,0,57,12,1
742,2,1,2,1,0,58,13,1
742,3,2,3,1,1,59,14,1
742,4,3,4,1,0,60,15,1
742,5,4,5,1,1,61,16,1
742,6,5,6,1,0,62,17,1
742,7,6,6.912,0.912,0,63,18,1
743,1,0,1,1,0,43,9,1
743,2,1,2,1,0,44,10,1
743,3,2,3,1,2,45,11,1
743,4,3,4,1,0,46,12,1
743,5,4,4.579,0.579,0,47,13,1
744,1,0,1,1,0,65,11,1
744,2,1,2,1,0,66,12,1
744,3,2,3,1,0,67,13,1
744,4,3,3.541,0.541,0,68,14,1
745,1,0,1,1,0,51,13,1
745,2,1,2,1,0,52,14,1
745,3,2,3,1,0,53,15,1
745,4,3,3.256,0.256,0,54,16,1
746,1,0,1,1,0,41,8,1
746,2,1,2,1,0,42,9,1
746,3,2,3,1,0,43,10,1
746,4,3,3.674,0.674,1,44,11,1
747,1,0,1,1,0,18,10,1
747,2,1,2,1,0,19,11,1
747,3,2,3,1,0,20,12,1
747,4,3,4,1,0,21,13,1
747,5,4,5,1,0,22,14,1
747,6,5,6,1,1,23,15,1
747,7,6,7,1,0,24,16,1
747,8,7,8,1,1,25,17,1
747,9,8,8.177,0.177,0,26,18,1
748,1,0,1,1,1,45,13,1
748,2,1,2,1,0,46,14,1
748,3,2,2.059,0.059,0,47,15,1
749,1,0,1,1,2,44,7,1
749,2,1,2,1,1,45,8,1
749,3,2,3,1,3,46,9,1
749,4,3,4,1,1,47,10,1
749,5,4,4.833,0.833,1,48,11,1
750,1,0,1,1,1,21,8,1
750,2,1,1.854,0.854,0,22,9,1
751,1,0,1,1,0,51,9,1
751,2,1,1.731,0.731,0,52,10,1
752,1,0,1,1,0,24,19,1
752,2,1,1.076,0.076,0,25,20,1
753,1,0,1,1,0,53,18,1
753,2,1,2,1,0,54,19,1
753,3,2,3,1,0,55,20,1
753,4,3,4,1,0,56,21,1
753,5,4,5,1,0,57,22,1
753,6,5,6,1,0,58,23,1
753,7,6,7,1,0,59,24,1
753,8,7,8,1,0,60,25,1
753,9,8,9,1,0,61,26,1
753,10,9,9.732,0.732,0,62,27,1
754,1,0,1,1,0,33,9,1
754,2,1,2,1,0,34,10,1
754,3,2,2.054,0.054,0,35,11,1
755,1,0,1,1,0,49,4,1
755,2,1,2,1,0,50,5,1
755,3,2,3,1,0,51,6,1
755,4,3,4,1,0,52,7,1
755,5,4,5,1,0,53,8,1
755,6,5,5.884,0.884,0,54,9,1
756,1,0,1,1,0,55,0,1
756,2,1,2,1,0,56,1,1
756,3,2,3,1,0,57,2,1
756,4,3,4,1,0,58,3,1
756,5,4,5,1,0,59,4,1
756,6,5,6,1,0,60,5,1
756,7,6,6.263,0.263,0,61,6,1
757,1,0,0.956,0.956,0,33,9,1
758,1,0,1,1,1,75,7,1
758,2,1,1.119,0.119,0,76,8,1
759,1,0,1,1,0,51,3,1
759,2,1,2,1,0,52,4,1
759,3,2,3,1,1,53,5,1
759,4,3,4,1,0,54,6,1
759,5,4,5,1,0,55,7,1
759,6,5,6,1,0,56,8,1
759,7,6,6.708,0.708,0,57,9,1
760,1,0,1,1,0,44,10,1
760,2,1,2,1,0,45,11,1
760,3,2,3,1,0,46,12,1
760,4,3,4,1,0,47,13,1
760,5,4,4.564,0.564,0,48,14,1
761,1,0,1,1,3,50,10,1
761,2,1,1.253,0.253,0,51,11,1
762,1,0,1,1,0,67,8,1
762,2,1,2,1,0,68,9,1
762,3,2,3,1,0,69,10,1
762,4,3,4,1,0,70,11,1
762,5,4,5,1,0,71,12,1
762,6,5,6,1,0,72,13,1
762,7,6,7,1,0,73,14,1
762,8,7,8,1,0,74,15,1
762,9,8,9,1,0,75,16,1
762,10,9,9.538,0.538,1,76,17,1
763,1,0,1,1,0,51,10,1
763,2,1,2,1,0,52,11,1
763,3,2,3,1,0,53,12,1
763,4,3,4,1,0,54,13,1
763,5,4,5,1,0,55,14,1
763,6,5,5.763,0.763,0,56,15,1
764,1,0,1,1,0,37,9,1
764,2,1,2,1,0,38,10,1
764,3,2,3,1,1,39,11,1
764,4,3,4,1,0,40,12,1
764,5,4,4.07,0.07,0,41,13,1
765,1,0,1,1,0,29,18,1
765,2,1,2,1,0,30,19,1
765,3,2,3,1,0,31,20,1
765,4,3,4,1,1,32,21,1
765,5,4,5,1,0,33,22,1
765,6,5,5.352,0.352,0,34,23,1
766,1,0,1,1,1,60,11,1
766,2,1,2,1,0,61,12,1
766,3,2,3,1,0,62,13,1
766,4,3,4,1,0,63,14,1
766,5,4,4.967,0.967,0,64,15,1
767,1,0,1,1,0,34,12,1
767,2,1,2,1,0,35,13,1
767,3,2,3,1,0,36,14,1
767,4,3,4,1,0,37,15,1
767,5,4,4.122,0.122,0,38,16,1
768,1,0,1,1,0,43,8,1
768,2,1,2,1,0,44,9,1
768,3,2,3,1,0,45,10,1
768,4,3,4,1,0,46,11,1
768,5,4,5,1,0,47,12,1
768,6,5,6,1,0,48,13,1
768,7,6,7,1,0,49,14,1
768,8,7,8,1,0,50,15,1
768,9,8,9,1,0,51,16,1
768,10,9,9.385,0.385,0,52,17,1
769,1,0,1,1,0,41,10,1
769,2,1,2,1,0,42,11,1
769,3,2,3,1,0,43,12,1
769,4,3,4,1,0,44,13,1
769,5,4,5,1,0,45,14,1
769,6,5,6,1,0,46,15,1
769,7,6,7,1,2,47,16,1
769,8,7,8,1,0,48,17,1
769,9,8,8.978,0.978,0,49,18,1
770,1,0,1,1,0,34,10,1
770,2,1,2,1,0,35,11,1
770,3,2,3,1,0,36,12,1
770,4,3,4,1,0,37,13,1
770,5,4,4.688,0.688,0,38,14,1
771,1,0,1,1,0,54,6,1
771,2,1,2,1,0,55,7,1
771,3,2,3,1,0,56,8,1
771,4,3,4,1,0,57,9,1
771,5,4,5,1,0,58,10,1
771,6,5,6,1,0,59,11,1
771,7,6,6.601,0.601,0,60,12,1
772,1,0,1,1,0,58,10,1
772,2,1,1.002,0.002,0,59,11,1
773,1,0,1,1,0,37,13,1
773,2,1,2,1,0,38,14,1
773,3,2,3,1,0,39,15,1
773,4,3,4,1,0,40,16,1
773,5,4,4.231,0.231,0,41,17,1
774,1,0,1,1,0,31,15,1
774,2,1,2,1,0,32,16,1
774,3,2,3,1,0,33,17,1
774,4,3,3.322,0.322,0,34,18,1
775,1,0,0.361,0.361,0,39,3,1
776,1,0,1,1,0,61,11,1
776,2,1,2,1,0,62,12,1
776,3,2,3,1,0,63,13,1
776,4,3,4,1,0,64,14,1
776,5,4,5,1,0,65,15,1
776,6,5,6,1,0,66,16,1
776,7,6,7,1,0,67,17,1
776,8,7,7.784,0.784,0,68,18,1
777,1,0,0.249,0.249,0,27,11,1
778,1,0,1,1,0,24,14,1
778,2,1,2,1,0,25,15,1
778,3,2,3,1,0,26,16,1
778,4,3,4,1,1,27,17,1
778,5,4,5,1,0,28,18,1
778,6,5,6,1,1,29,19,1
778,7,6,7,1,0,30,20,1
778,8,7,7.821,0.821,0,31,21,1
779,1,0,1,1,1,58,10,1
779,2,1,2,1,0,59,11,1
779,3,2,3,1,0,60,12,1
779,4,3,4,1,0,61,13,1
779,5,4,5,1,0,62,14,1
779,6,5,5.042,0.042,0,63,15,1
780,1,0,1,1,0,38,13,1
780,2,1,2,1,0,39,14,1
780,3,2,3,1,0,40,15,1
780,4,3,4,1,0,41,16,1
780,5,4,5,1,0,42,17,1
780,6,5,6,1,0,43,18,1
780,7,6,7,1,0,44,19,1
780,8,7,8,1,0,45,20,1
780,9,8,8.203,0.203,0,46,21,1
781,1,0,1,1,0,43,8,1
781,2,1,2,1,0,44,9,1
781,3,2,3,1,0,45,10,1
781,4,3,4,1,0,46,11,1
781,5,4,4.46,0.46,0,47,12,1
782,1,0,1,1,0,50,6,1
782,2,1,2,1,0,51,7,1
782,3,2,3,1,0,52,8,1
782,4,3,4,1,0,53,9,1
782,5,4,5,1,0,54,10,1
782,6,5,5.523,0.523,0,55,11,1
783,1,0,1,1,0,58,5,1
783,2,1,1.93,0.93,0,59,6,1
784,1,0,1,1,0,48,1,1
784,2,1,2,1,0,49,2,1
784,3,2,3,1,0,50,3,1
784,4,3,4,1,0,51,4,1
784,5,4,4.865,0.865,0,52,5,1
785,1,0,1,1,0,53,1,1
785,2,1,2,1,0,54,2,1
785,3,2,3,1,0,55,3,1
785,4,3,4,1,0,56,4,1
785,5,4,5,1,0,57,5,1
785,6,5,5.933,0.933,0,58,6,1
786,1,0,1,1,1,32,3,1
786,2,1,2,1,0,33,4,1
786,3,2,2.623,0.623,0,34,5,1
787,1,0,0.842,0.842,0,57,3,1
788,1,0,1,1,0,75,10,1
788,2,1,2,1,0,76,11,1
788,3,2,3,1,1,77,12,1
788,4,3,4,1,0,78,13,1
788,5,4,5,1,0,79,14,1
788,6,5,5.55,0.55,0,80,15,1
789,1,0,1,1,0,42,2,1
789,2,1,2,1,0,43,3,1
789,3,2,3,1,0,44,4,1
789,4,3,4,1,0,45,5,1
789,5,4,5,1,0,46,6,1
789,6,5,6,1,0,47,7,1
789,7,6,7,1,0,48,8,1
789,8,7,8,1,0,49,9,1
789,9,8,9,1,0,50,10,1
789,10,9,9.051,0.051,0,51,11,1
790,1,0,1,1,0,45,6,1
790,2,1,2,1,0,46,7,1
790,3,2,3,1,0,47,8,1
790,4,3,4,1,0,48,9,1
790,5,4,5,1,0,49,10,1
790,6,5,5.13,0.13,0,50,11,1
791,1,0,1,1,0,51,14,1
791,2,1,2,1,1,52,15,1
791,3,2,3,1,0,53,16,1
791,4,3,3.082,0.082,0,54,17,1
792,1,0,1,1,0,52,13,1
792,2,1,1.177,0.177,0,53,14,1
793,1,0,1,1,0,82,3,1
793,2,1,2,1,2,83,4,1
793,3,2,3,1,0,84,5,1
793,4,3,3.869,0.869,0,85,6,1
794,1,0,1,1,0,67,4,1
794,2,1,2,1,0,68,5,1
794,3,2,3,1,0,69,6,1
794,4,3,3.78,0.78,0,70,7,1
795,1,0,1,1,0,41,5,1
795,2,1,2,1,0,42,6,1
795,3,2,3,1,0,43,7,1
795,4,3,4,1,0,44,8,1
795,5,4,5,1,0,45,9,1
795,6,5,6,1,0,46,10,1
795,7,6,6.98,0.98,0,47,11,1
796,1,0,1,1,0,35,9,1
796,2,1,2,1,0,36,10,1
796,3,2,3,1,0,37,11,1
796,4,3,4,1,0,38,12,1
796,5,4,5,1,0,39,13,1
796,6,5,6,1,0,40,14,1
796,7,6,7,1,0,41,15,1
796,8,7,8,1,0,42,16,1
796,9,8,9,1,0,43,17,1
796,10,9,9.041,0.041,0,44,18,1
797,1,0,1,1,1,33,11,1
797,2,1,2,1,1,34,12,1
797,3,2,3,1,0,35,13,1
797,4,3,4,1,0,36,14,1
797,5,4,5,1,2,37,15,1
797,6,5,5.828,0.828,0,38,16,1
798,1,0,1,1,0,45,2,1
798,2,1,2,1,0,46,3,1
798,3,2,3,1,0,47,4,1
798,4,3,4,1,0,48,5,1
798,5,4,5,1,0,49,6,1
798,6,5,6,1,0,50,7,1
798,7,6,6.483,0.483,0,51,8,1
799,1,0,1,1,0,48,11,1
799,2,1,2,1,0,49,12,1
799,3,2,3,1,0,50,13,1
799,4,3,3.789,0.789,0,51,14,1
800,1,0,1,1,0,56,13,1
800,2,1,2,1,0,57,14,1
800,3,2,3,1,0,58,15,1
800,4,3,4,1,0,59,16,1
800,5,4,5,1,0,60,17,1
800,6,5,6,1,0,61,18,1
800,7,6,6.566,0.566,0,62,19,1
801,1,0,1,1,0,26,0,1
801,2,1,2,1,0,27,1,1
801,3,2,2.021,0.021,0,28,2,1
802,1,0,1,1,0,41,0,1
802,2,1,2,1,0,42,1,1
802,3,2,3,1,1,43,2,1
802,4,3,4,1,0,44,3,1
802,5,4,4.856,0.856,0,45,4,1
803,1,0,1,1,0,30,0,1
803,2,1,1.658,0.658,0,31,1,1
804,1,0,1,1,0,38,10,1
804,2,1,1.575,0.575,0,39,11,1
805,1,0,1,1,0,46,19,1
805,2,1,2,1,0,47,20,1
805,3,2,3,1,0,48,21,1
805,4,3,3.394,0.394,0,49,22,1
806,1,0,1,1,0,47,12,1
806,2,1,2,1,0,48,13,1
806,3,2,3,1,0,49,14,1
806,4,3,4,1,0,50,15,1
806,5,4,4.098,0.098,0,51,16,1
807,1,0,1,1,0,46,25,1
807,2,1,2,1,0,47,26,1
807,3,2,3,1,0,48,27,1
807,4,3,4,1,0,49,28,1
807,5,4,5,1,0,50,29,1
807,6,5,6,1,1,51,30,1
807,7,6,6.088,0.088,0,52,31,1
808,1,0,1,1,0,48,2,1
808,2,1,2,1,0,49,3,1
808,3,2,3,1,0,50,4,1
808,4,3,4,1,0,51,5,1
808,5,4,5,1,0,52,6,1
808,6,5,6,1,0,53,7,1
808,7,6,7,1,0,54,8,1
808,8,7,8,1,0,55,9,1
808,9,8,8.37,0.37,0,56,10,1
809,1,0,1,1,0,47,8,1
809,2,1,2,1,0,48,9,1
809,3,2,2.943,0.943,0,49,10,1
810,1,0,1,1,1,60,8,1
810,2,1,1.089,0.089,0,61,9,1
811,1,0,1,1,0,39,9,1
811,2,1,2,1,0,40,10,1
811,3,2,3,1,0,41,11,1
811,4,3,3.516,0.516,0,42,12,1
812,1,0,1,1,0,48,12,1
812,2,1,2,1,0,49,13,1
812,3,2,3,1,0,50,14,1
812,4,3,3.333,0.333,0,51,15,1
813,1,0,1,1,0,36,8,1
813,2,1,2,1,0,37,9,1
813,3,2,3,1,0,38,10,1
813,4,3,4,1,0,39,11,1
813,5,4,5,1,0,40,12,1
813,6,5,6,1,0,41,13,1
813,7,6,7,1,0,42,14,1
813,8,7,7.814,0.814,0,43,15,1
814,1,0,1,1,0,58,11,1
814,2,1,2,1,1,59,12,1
814,3,2,3,1,0,60,13,1
814,4,3,4,1,0,61,14,1
814,5,4,5,1,0,62,15,1
814,6,5,6,1,0,63,16,1
814,7,6,7,1,0,64,17,1
814,8,7,8,1,0,65,18,1
814,9,8,8.38,0.38,0,66,19,1
815,1,0,1,1,0,37,2,1
815,2,1,2,1,1,38,3,1
815,3,2,3,1,0,39,4,1
815,4,3,4,1,0,40,5,1
815,5,4,5,1,0,41,6,1
815,6,5,6,1,0,42,7,1
815,7,6,7,1,0,43,8,1
815,8,7,8,1,0,44,9,1
815,9,8,9,1,0,45,10,1
815,10,9,9.448,0.448,0,46,11,1
816,1,0,1,1,0,37,7,1
816,2,1,2,1,0,38,8,1
816,3,2,3,1,0,39,9,1
816,4,3,3.743,0.743,0,40,10,1
817,1,0,1,1,0,72,7,1
817,2,1,2,1,0,73,8,1
817,3,2,3,1,0,74,9,1
817,4,3,4,1,0,75,10,1
817,5,4,4.513,0.513,0,76,11,1
818,1,0,1,1,0,53,7,1
818,2,1,2,1,0,54,8,1
818,3,2,3,1,0,55,9,1
818,4,3,3.95,0.95,0,56,10,1
819,1,0,1,1,0,26,10,1
819,2,1,2,1,0,27,11,1
819,3,2,3,1,0,28,12,1
819,4,3,3.29,0.29,0,29,13,1
820,1,0,1,1,0,36,6,1
820,2,1,2,1,0,37,7,1
820,3,2,2.098,0.098,0,38,8,1
821,1,0,1,1,0,41,6,1
821,2,1,2,1,0,42,7,1
821,3,2,3,1,0,43,8,1
821,4,3,4,1,0,44,9,1
821,5,4,5,1,0,45,10,1
821,6,5,5.957,0.957,0,46,11,1
822,1,0,1,1,0,22,6,1
822,2,1,2,1,0,23,7,1
822,3,2,3,1,0,24,8,1
822,4,3,4,1,0,25,9,1
822,5,4,5,1,0,26,10,1
822,6,5,6,1,0,27,11,1
822,7,6,7,1,0,28,12,1
822,8,7,7.197,0.197,0,29,13,1
823,1,0,1,1,0,55,2,1
823,2,1,2,1,0,56,3,1
823,3,2,3,1,0,57,4,1
823,4,3,3.507,0.507,0,58,5,1
824,1,0,1,1,0,67,10,1
824,2,1,1.078,0.078,0,68,11,1
825,1,0,1,1,0,27,15,1
825,2,1,2,1,0,28,16,1
825,3,2,3,1,0,29,17,1
825,4,3,4,1,0,30,18,1
825,5,4,5,1,1,31,19,1
825,6,5,6,1,0,32,20,1
825,7,6,7,1,0,33,21,1
825,8,7,8,1,0,34,22,1
825,9,8,8.558,0.558,0,35,23,1
826,1,0,1,1,1,28,11,1
826,2,1,2,1,0,29,12,1
826,3,2,2.615,0.615,0,30,13,1
827,1,0,1,1,0,56,9,1
827,2,1,2,1,0,57,10,1
827,3,2,2.1,0.1,0,58,11,1
828,1,0,1,1,0,52,0,1
828,2,1,2,1,0,53,1,1
828,3,2,3,1,0,54,2,1
828,4,3,3.002,0.002,0,55,3,1
829,1,0,1,1,0,32,13,1
829,2,1,2,1,0,33,14,1
829,3,2,3,1,0,34,15,1
829,4,3,3.62,0.62,0,35,16,1
830,1,0,1,1,0,44,0,1
830,2,1,2,1,0,45,1,1
830,3,2,3,1,0,46,2,1
830,4,3,3.529,0.529,0,47,3,1
831,1,0,1,1,0,36,11,1
831,2,1,2,1,0,37,12,1
831,3,2,3,1,0,38,13,1
831,4,3,4,1,0,39,14,1
831,5,4,5,1,0,40,15,1
831,6,5,6,1,0,41,16,1
831,7,6,7,1,0,42,17,1
831,8,7,8,1,0,43,18,1
831,9,8,9,1,1,44,19,1
831,10,9,9.5,0.5,0,45,20,1
832,1,0,1,1,0,37,5,1
832,2,1,2,1,0,38,6,1
832,3,2,3,1,0,39,7,1
832,4,3,4,1,0,40,8,1
832,5,4,5,1,0,41,9,1
832,6,5,5.571,0.571,0,42,10,1
833,1,0,1,1,0,36,1,1
833,2,1,2,1,0,37,2,1
833,3,2,3,1,0,38,3,1
833,4,3,4,1,0,39,4,1
833,5,4,5,1,2,40,5,1
833,6,5,6,1,0,41,6,1
833,7,6,7,1,0,42,7,1
833,8,7,7.371,0.371,0,43,8,1
834,1,0,1,1,0,36,12,1
834,2,1,2,1,0,37,13,1
834,3,2,3,1,0,38,14,1
834,4,3,4,1,0,39,15,1
834,5,4,5,1,0,40,16,1
834,6,5,6,1,0,41,17,1
834,7,6,7,1,0,42,18,1
834,8,7,8,1,0,43,19,1
834,9,8,9,1,0,44,20,1
834,10,9,9.87,0.87,0,45,21,1
835,1,0,1,1,2,34,6,1
835,2,1,2,1,0,35,7,1
835,3,2,3,1,0,36,8,1
835,4,3,3.512,0.512,0,37,9,1
836,1,0,1,1,0,25,14,1
836,2,1,2,1,0,26,15,1
836,3,2,3,1,0,27,16,1
836,4,3,4,1,1,28,17,1
836,5,4,4.392,0.392,0,29,18,1
837,1,0,1,1,0,42,11,1
837,2,1,1.799,0.799,0,43,12,1
838,1,0,1,1,0,57,5,1
838,2,1,1.513,0.513,0,58,6,1
839,1,0,1,1,1,45,15,1
839,2,1,2,1,0,46,16,1
839,3,2,3,1,0,47,17,1
839,4,3,4,1,0,48,18,1
839,5,4,5,1,1,49,19,1
839,6,5,6,1,0,50,20,1
839,7,6,6.597,0.597,0,51,21,1
840,1,0,1,1,0,43,14,1
840,2,1,1.817,0.817,0,44,15,1
841,1,0,1,1,0,51,9,1
841,2,1,1.265,0.265,0,52,10,1
842,1,0,1,1,0,35,14,1
842,2,1,2,1,0,36,15,1
842,3,2,3,1,1,37,16,1
842,4,3,3.303,0.303,0,38,17,1
843,1,0,1,1,0,31,1,1
843,2,1,2,1,0,32,2,1
843,3,2,3,1,0,33,3,1
843,4,3,4,1,0,34,4,1
843,5,4,5,1,0,35,5,1
843,6,5,5.044,0.044,0,36,6,1
844,1,0,1,1,2,37,0,1
844,2,1,1.51,0.51,0,38,1,1
845,1,0,1,1,2,59,11,1
845,2,1,1.63,0.63,0,60,12,1
846,1,0,1,1,0,54,12,1
846,2,1,2,1,0,55,13,1
846,3,2,3,1,0,56,14,1
846,4,3,4,1,0,57,15,1
846,5,4,5,1,0,58,16,1
846,6,5,6,1,0,59,17,1
846,7,6,7,1,0,60,18,1
846,8,7,7.802,0.802,0,61,19,1
847,1,0,1,1,0,44,12,1
847,2,1,1.855,0.855,0,45,13,1
848,1,0,1,1,0,30,6,1
848,2,1,2,1,1,31,7,1
848,3,2,2.607,0.607,0,32,8,1
849,1,0,1,1,0,44,14,1
849,2,1,2,1,0,45,15,1
849,3,2,3,1,0,46,16,1
849,4,3,4,1,0,47,17,1
849,5,4,4.406,0.406,0,48,18,1
850,1,0,1,1,0,43,16,1
850,2,1,1.838,0.838,0,44,17,1
851,1,0,1,1,0,52,6,1
851,2,1,2,1,0,53,7,1
851,3,2,3,1,0,54,8,1
851,4,3,4,1,0,55,9,1
851,5,4,5,1,0,56,10,1
851,6,5,5.967,0.967,0,57,11,1
852,1,0,1,1,0,43,0,1
852,2,1,2,1,0,44,1,1
852,3,2,3,1,0,45,2,1
852,4,3,3.951,0.951,0,46,3,1
853,1,0,1,1,0,49,11,1
853,2,1,2,1,0,50,12,1
853,3,2,3,1,1,51,13,1
853,4,3,3.044,0.044,0,52,14,1
854,1,0,1,1,0,18,11,1
854,2,1,2,1,0,19,12,1
854,3,2,3,1,1,20,13,1
854,4,3,4,1,0,21,14,1
854,5,4,4.008,0.008,0,22,15,1
855,1,0,1,1,0,56,4,1
855,2,1,1.7,0.7,0,57,5,1
856,1,0,1,1,0,26,2,1
856,2,1,2,1,0,27,3,1
856,3,2,3,1,0,28,4,1
856,4,3,3.389,0.389,0,29,5,1
857,1,0,1,1,0,43,12,1
857,2,1,1.16,0.16,1,44,13,1
858,1,0,1,1,0,25,8,1
858,2,1,1.967,0.967,0,26,9,1
859,1,0,1,1,0,37,6,1
859,2,1,2,1,0,38,7,1
859,3,2,3,1,0,39,8,1
859,4,3,3.873,0.873,0,40,9,1
860,1,0,1,1,0,60,8,1
860,2,1,2,1,0,61,9,1
860,3,2,3,1,0,62,10,1
860,4,3,4,1,0,63,11,1
860,5,4,5,1,0,64,12,1
860,6,5,6,1,0,65,13,1
860,7,6,6.059,0.059,0,66,14,1
861,1,0,1,1,0,57,3,1
861,2,1,2,1,0,58,4,1
861,3,2,3,1,0,59,5,1
861,4,3,4,1,0,60,6,1
861,5,4,5,1,0,61,7,1
861,6,5,5.511,0.511,0,62,8,1
862,1,0,1,1,0,57,11,1
862,2,1,1.898,0.898,0,58,12,1
863,1,0,1,1,0,39,13,1
863,2,1,2,1,0,40,14,1
863,3,2,2.353,0.353,0,41,15,1
864,1,0,1,1,0,42,4,1
864,2,1,2,1,0,43,5,1
864,3,2,2.199,0.199,0,44,6,1
865,1,0,1,1,0,56,13,1
865,2,1,2,1,0,57,14,1
865,3,2,3,1,0,58,15,1
865,4,3,4,1,0,59,16,1
865,5,4,5,1,0,60,17,1
865,6,5,5.96,0.96,0,61,18,1
866,1,0,1,1,0,64,13,1
866,2,1,2,1,0,65,14,1
866,3,2,3,1,0,66,15,1
866,4,3,3.729,0.729,0,67,16,1
867,1,0,1,1,0,24,5,1
867,2,1,2,1,0,25,6,1
867,3,2,2.007,0.007,0,26,7,1
868,1,0,1,1,0,31,6,1
868,2,1,1.925,0.925,0,32,7,1
869,1,0,1,1,0,64,7,1
869,2,1,1.258,0.258,0,65,8,1
870,1,0,1,1,0,31,8,1
870,2,1,1.505,0.505,0,32,9,1
871,1,0,1,1,0,44,16,1
871,2,1,1.368,0.368,0,45,17,1
872,1,0,1,1,0,35,2,1
872,2,1,2,1,0,36,3,1
872,3,2,3,1,0,37,4,1
872,4,3,4,1,0,38,5,1
872,5,4,5,1,0,39,6,1
872,6,5,6,1,0,40,7,1
872,7,6,6.073,0.073,0,41,8,1
873,1,0,1,1,0,65,2,1
873,2,1,2,1,0,66,3,1
873,3,2,3,1,0,67,4,1
873,4,3,3.626,0.626,0,68,5,1
874,1,0,1,1,0,53,0,1
874,2,1,2,1,0,54,1,1
874,3,2,3,1,0,55,2,1
874,4,3,4,1,0,56,3,1
874,5,4,5,1,0,57,4,1
874,6,5,6,1,0,58,5,1
874,7,6,7,1,0,59,6,1
874,8,7,8,1,1,60,7,1
874,9,8,8.528,0.528,0,61,8,1
875,1,0,1,1,0,47,4,1
875,2,1,2,1,0,48,5,1
875,3,2,3,1,0,49,6,1
875,4,3,4,1,0,50,7,1
875,5,4,5,1,0,51,8,1
875,6,5,6,1,0,52,9,1
875,7,6,7,1,0,53,10,1
875,8,7,8,1,0,54,11,1
875,9,8,8.937,0.937,0,55,12,1
876,1,0,1,1,0,60,3,1
876,2,1,1.038,0.038,0,61,4,1
877,1,0,1,1,0,38,9,1
877,2,1,2,1,0,39,10,1
877,3,2,2.777,0.777,0,40,11,1
878,1,0,1,1,1,63,9,1
878,2,1,2,1,1,64,10,1
878,3,2,3,1,0,65,11,1
878,4,3,4,1,0,66,12,1
878,5,4,5,1,1,67,13,1
878,6,5,6,1,0,68,14,1
878,7,6,7,1,0,69,15,1
878,8,7,8,1,1,70,16,1
878,9,8,9,1,1,71,17,1
878,10,9,9.679,0.679,0,72,18,1
879,1,0,1,1,0,38,8,1
879,2,1,2,1,0,39,9,1
879,3,2,3,1,0,40,10,1
879,4,3,4,1,0,41,11,1
879,5,4,5,1,0,42,12,1
879,6,5,6,1,1,43,13,1
879,7,6,7,1,0,44,14,1
879,8,7,7.151,0.151,0,45,15,1
880,1,0,1,1,0,45,11,1
880,2,1,2,1,0,46,12,1
880,3,2,3,1,0,47,13,1
880,4,3,4,1,0,48,14,1
880,5,4,4.911,0.911,0,49,15,1
881,1,0,1,1,0,65,0,1
881,2,1,2,1,0,66,1,1
881,3,2,3,1,0,67,2,1
881,4,3,4,1,1,68,3,1
881,5,4,5,1,0,69,4,1
881,6,5,6,1,0,70,5,1
881,7,6,6.778,0.778,0,71,6,1
882,1,0,1,1,0,67,18,1
882,2,1,2,1,0,68,19,1
882,3,2,2.975,0.975,0,69,20,1
883,1,0,1,1,0,35,9,1
883,2,1,2,1,1,36,10,1
883,3,2,3,1,0,37,11,1
883,4,3,3.178,0.178,0,38,12,1
884,1,0,1,1,0,41,9,1
884,2,1,1.722,0.722,1,42,10,1
885,1,0,1,1,0,25,12,1
885,2,1,2,1,1,26,13,1
885,3,2,3,1,0,27,14,1
885,4,3,3.634,0.634,0,28,15,1
886,1,0,1,1,0,45,9,1
886,2,1,2,1,0,46,10,1
886,3,2,3,1,1,47,11,1
886,4,3,4,1,1,48,12,1
886,5,4,4.396,0.396,0,49,13,1
887,1,0,1,1,1,69,0,1
887,2,1,2,1,0,70,1,1
887,3,2,3,1,0,71,2,1
887,4,3,4,1,0,72,3,1
887,5,4,5,1,0,73,4,1
887,6,5,6,1,1,74,5,1
887,7,6,6.667,0.667,0,75,6,1
888,1,0,1,1,0,18,2,1
888,2,1,2,1,0,19,3,1
888,3,2,3,1,0,20,4,1
888,4,3,4,1,0,21,5,1
888,5,4,5,1,0,22,6,1
888,6,5,5.817,0.817,0,23,7,1
889,1,0,1,1,0,62,11,1
889,2,1,2,1,1,63,12,1
889,3,2,2.674,0.674,0,64,13,1
890,1,0,1,1,0,37,9,1
890,2,1,2,1,0,38,10,1
890,3,2,3,1,0,39,11,1
890,4,3,3.884,0.884,0,40,12,1
891,1,0,1,1,0,32,13,1
891,2,1,2,1,0,33,14,1
891,3,2,3,1,0,34,15,1
891,4,3,4,1,0,35,16,1
891,5,4,4.283,0.283,0,36,17,1
892,1,0,1,1,0,62,9,1
892,2,1,2,1,0,63,10,1
892,3,2,3,1,0,64,11,1
892,4,3,3.052,0.052,0,65,12,1
893,1,0,1,1,0,44,0,1
893,2,1,2,1,0,45,1,1
893,3,2,3,1,0,46,2,1
893,4,3,4,1,0,47,3,1
893,5,4,5,1,0,48,4,1
893,6,5,6,1,0,49,5,1
893,7,6,7,1,0,50,6,1
893,8,7,8,1,0,51,7,1
893,9,8,8.839,0.839,0,52,8,1
894,1,0,1,1,0,29,8,1
894,2,1,2,1,0,30,9,1
894,3,2,3,1,0,31,10,1
894,4,3,4,1,0,32,11,1
894,5,4,5,1,0,33,12,1
894,6,5,6,1,0,34,13,1
894,7,6,7,1,0,35,14,1
894,8,7,7.359,0.359,0,36,15,1
895,1,0,1,1,0,18,3,1
895,2,1,2,1,0,19,4,1
895,3,2,2.349,0.349,0,20,5,1
896,1,0,1,1,0,51,11,1
896,2,1,2,1,0,52,12,1
896,3,2,3,1,0,53,13,1
896,4,3,4,1,0,54,14,1
896,5,4,5,1,0,55,15,1
896,6,5,5.313,0.313,0,56,16,1
897,1,0,1,1,0,42,14,1
897,2,1,1.664,0.664,0,43,15,1
898,1,0,1,1,0,35,9,1
898,2,1,2,1,0,36,10,1
898,3,2,3,1,0,37,11,1
898,4,3,3.672,0.672,0,38,12,1
899,1,0,1,1,0,40,1,1
899,2,1,2,1,0,41,2,1
899,3,2,3,1,0,42,3,1
899,4,3,3.417,0.417,0,43,4,1
900,1,0,1,1,0,18,2,1
900,2,1,2,1,0,19,3,1
900,3,2,2.515,0.515,0,20,4,1
901,1,0,1,1,0,38,7,1
901,2,1,2,1,0,39,8,1
901,3,2,3,1,0,40,9,1
901,4,3,3.568,0.568,0,41,10,1
902,1,0,1,1,0,47,6,1
902,2,1,1.121,0.121,0,48,7,1
903,1,0,1,1,0,56,10,1
903,2,1,2,1,0,57,11,1
903,3,2,3,1,0,58,12,1
903,4,3,4,1,0,59,13,1
903,5,4,5,1,0,60,14,1
903,6,5,6,1,0,61,15,1
903,7,6,6.587,0.587,0,62,16,1
904,1,0,1,1,0,43,17,1
904,2,1,2,1,0,44,18,1
904,3,2,3,1,0,45,19,1
904,4,3,4,1,0,46,20,1
904,5,4,5,1,0,47,21,1
904,6,5,6,1,0,48,22,1
904,7,6,7,1,0,49,23,1
904,8,7,8,1,0,50,24,1
904,9,8,8.998,0.998,0,51,25,1
905,1,0,1,1,0,27,13,1
905,2,1,2,1,1,28,14,1
905,3,2,2.542,0.542,0,29,15,1
906,1,0,1,1,0,55,9,1
906,2,1,2,1,0,56,10,1
906,3,2,3,1,0,57,11,1
906,4,3,4,1,0,58,12,1
906,5,4,5,1,0,59,13,1
906,6,5,6,1,0,60,14,1
906,7,6,7,1,0,61,15,1
906,8,7,8,1,0,62,16,1
906,9,8,9,1,0,63,17,1
906,10,9,9.784,0.784,0,64,18,1
907,1,0,1,1,0,29,1,1
907,2,1,2,1,0,30,2,1
907,3,2,3,1,0,31,3,1
907,4,3,4,1,0,32,4,1
907,5,4,5,1,0,33,5,1
907,6,5,6,1,0,34,6,1
907,7,6,7,1,0,35,7,1
907,8,7,7.06,0.06,0,36,8,1
908,1,0,1,1,0,48,5,1
908,2,1,2,1,0,49,6,1
908,3,2,3,1,0,50,7,1
908,4,3,4,1,0,51,8,1
908,5,4,4.238,0.238,0,52,9,1
909,1,0,1,1,0,29,8,1
909,2,1,2,1,0,30,9,1
909,3,2,3,1,0,31,10,1
909,4,3,3.272,0.272,0,32,11,1
910,1,0,1,1,0,24,5,1
910,2,1,2,1,0,25,6,1
910,3,2,2.709,0.709,0,26,7,1
911,1,0,1,1,0,47,15,1
911,2,1,2,1,0,48,16,1
911,3,2,3,1,0,49,17,1
911,4,3,4,1,0,50,18,1
911,5,4,5,1,0,51,19,1
911,6,5,5.969,0.969,0,52,20,1
912,1,0,1,1,0,55,10,1
912,2,1,2,1,0,56,11,1
912,3,2,2.35,0.35,0,57,12,1
913,1,0,1,1,0,18,9,1
913,2,1,2,1,1,19,10,1
913,3,2,2.899,0.899,0,20,11,1
914,1,0,1,1,0,44,15,1
914,2,1,2,1,0,45,16,1
914,3,2,3,1,0,46,17,1
914,4,3,4,1,0,47,18,1
914,5,4,5,1,0,48,19,1
914,6,5,6,1,0,49,20,1
914,7,6,7,1,0,50,21,1
914,8,7,8,1,0,51,22,1
914,9,8,8.742,0.742,0,52,23,1
915,1,0,1,1,0,45,5,1
915,2,1,2,1,1,46,6,1
915,3,2,3,1,0,47,7,1
915,4,3,4,1,0,48,8,1
915,5,4,4.132,0.132,0,49,9,1
916,1,0,1,1,0,55,18,1
916,2,1,2,1,0,56,19,1
916,3,2,3,1,0,57,20,1
916,4,3,4,1,0,58,21,1
916,5,4,4.438,0.438,0,59,22,1
917,1,0,1,1,0,28,6,1
917,2,1,2,1,0,29,7,1
917,3,2,3,1,0,30,8,1
917,4,3,4,1,0,31,9,1
917,5,4,4.273,0.273,0,32,10,1
918,1,0,1,1,0,18,14,1
918,2,1,1.199,0.199,0,19,15,1
919,1,0,1,1,0,18,1,1
919,2,1,2,1,0,19,2,1
919,3,2,3,1,0,20,3,1
919,4,3,4,1,0,21,4,1
919,5,4,4.139,0.139,0,22,5,1
920,1,0,1,1,0,48,9,1
920,2,1,2,1,1,49,10,1
920,3,2,2.367,0.367,0,50,11,1
921,1,0,1,1,0,18,4,1
921,2,1,2,1,0,19,5,1
921,3,2,2.935,0.935,0,20,6,1
922,1,0,1,1,1,27,4,1
922,2,1,2,1,0,28,5,1
922,3,2,3,1,0,29,6,1
922,4,3,4,1,0,30,7,1
922,5,4,5,1,0,31,8,1
922,6,5,6,1,0,32,9,1
922,7,6,7,1,0,33,10,1
922,8,7,7.485,0.485,0,34,11,1
923,1,0,1,1,0,44,0,1
923,2,1,2,1,0,45,1,1
923,3,2,2.448,0.448,0,46,2,1
924,1,0,1,1,0,57,8,1
924,2,1,2,1,0,58,9,1
924,3,2,2.712,0.712,0,59,10,1
925,1,0,1,1,0,49,14,1
925,2,1,2,1,0,50,15,1
925,3,2,3,1,0,51,16,1
925,4,3,3.825,0.825,0,52,17,1
926,1,0,1,1,0,45,2,1
926,2,1,2,1,0,46,3,1
926,3,2,3,1,0,47,4,1
926,4,3,4,1,0,48,5,1
926,5,4,5,1,0,49,6,1
926,6,5,6,1,0,50,7,1
926,7,6,7,1,0,51,8,1
926,8,7,8,1,0,52,9,1
926,9,8,8.409,0.409,0,53,10,1
927,1,0,1,1,0,52,13,1
927,2,1,2,1,0,53,14,1
927,3,2,2.129,0.129,0,54,15,1
928,1,0,1,1,1,69,10,1
928,2,1,1.127,0.127,0,70,11,1
929,1,0,1,1,0,42,10,1
929,2,1,2,1,0,43,11,1
929,3,2,3,1,0,44,12,1
929,4,3,4,1,0,45,13,1
929,5,4,4.098,0.098,0,46,14,1
930,1,0,1,1,0,44,6,1
930,2,1,2,1,0,45,7,1
930,3,2,3,1,1,46,8,1
930,4,3,3.226,0.226,0,47,9,1
931,1,0,1,1,0,88,1,1
931,2,1,2,1,0,89,2,1
931,3,2,3,1,0,90,3,1
931,4,3,3.626,0.626,0,91,4,1
932,1,0,1,1,1,20,5,1
932,2,1,2,1,0,21,6,1
932,3,2,3,1,0,22,7,1
932,4,3,4,1,0,23,8,1
932,5,4,4.012,0.012,0,24,9,1
933,1,0,1,1,0,56,7,1
933,2,1,2,1,0,57,8,1
933,3,2,2.879,0.879,1,58,9,1
934,1,0,1,1,0,55,6,1
934,2,1,2,1,0,56,7,1
934,3,2,3,1,0,57,8,1
934,4,3,4,1,0,58,9,1
934,5,4,5,1,0,59,10,1
934,6,5,5.384,0.384,0,60,11,1
935,1,0,1,1,0,47,8,1
935,2,1,2,1,0,48,9,1
935,3,2,3,1,0,49,10,1
935,4,3,4,1,0,50,11,1
935,5,4,5,1,0,51,12,1
935,6,5,6,1,0,52,13,1
935,7,6,7,1,0,53,14,1
935,8,7,7.77,0.77,0,54,15,1
936,1,0,1,1,2,66,6,1
936,2,1,2,1,1,67,7,1
936,3,2,3,1,1,68,8,1
936,4,3,4,1,3,69,9,1
936,5,4,4.404,0.404,0,70,10,1
937,1,0,1,1,0,69,7,1
937,2,1,2,1,0,70,8,1
937,3,2,3,1,0,71,9,1
937,4,3,4,1,0,72,10,1
937,5,4,5,1,0,73,11,1
937,6,5,5.826,0.826,0,74,12,1
938,1,0,1,1,0,57,14,1
938,2,1,2,1,0,58,15,1
938,3,2,3,1,0,59,16,1
938,4,3,4,1,0,60,17,1
938,5,4,5,1,0,61,18,1
938,6,5,5.865,0.865,0,62,19,1
939,1,0,1,1,1,25,8,1
939,2,1,2,1,0,26,9,1
939,3,2,3,1,0,27,10,1
939,4,3,4,1,0,28,11,1
939,5,4,5,1,0,29,12,1
939,6,5,6,1,0,30,13,1
939,7,6,7,1,0,31,14,1
939,8,7,8,1,1,32,15,1
939,9,8,8.776,0.776,1,33,16,1
940,1,0,1,1,0,34,5,1
940,2,1,2,1,0,35,6,1
940,3,2,3,1,0,36,7,1
940,4,3,4,1,0,37,8,1
940,5,4,5,1,0,38,9,1
940,6,5,6,1,0,39,10,1
940,7,6,7,1,0,40,11,1
940,8,7,8,1,0,41,12,1
940,9,8,8.029,0.029,0,42,13,1
941,1,0,1,1,0,54,14,1
941,2,1,2,1,0,55,15,1
941,3,2,2.169,0.169,0,56,16,1
942,1,0,1,1,0,36,10,1
942,2,1,2,1,0,37,11,1
942,3,2,3,1,0,38,12,1
942,4,3,4,1,0,39,13,1
942,5,4,5,1,1,40,14,1
942,6,5,5.636,0.636,0,41,15,1
943,1,0,1,1,0,37,0,1
943,2,1,2,1,0,38,1,1
943,3,2,3,1,0,39,2,1
943,4,3,3.948,0.948,0,40,3,1
944,1,0,1,1,0,51,1,1
944,2,1,2,1,0,52,2,1
944,3,2,2.987,0.987,0,53,3,1
945,1,0,1,1,0,56,10,1
945,2,1,2,1,0,57,11,1
945,3,2,3,1,0,58,12,1
945,4,3,4,1,0,59,13,1
945,5,4,5,1,0,60,14,1
945,6,5,6,1,0,61,15,1
945,7,6,6.686,0.686,0,62,16,1
946,1,0,1,1,0,65,13,1
946,2,1,2,1,0,66,14,1
946,3,2,2.365,0.365,0,67,15,1
947,1,0,1,1,0,42,7,1
947,2,1,1.528,0.528,0,43,8,1
948,1,0,1,1,0,47,4,1
948,2,1,1.804,0.804,0,48,5,1
949,1,0,1,1,0,42,3,1
949,2,1,2,1,0,43,4,1
949,3,2,3,1,0,44,5,1
949,4,3,3.905,0.905,0,45,6,1
950,1,0,1,1,0,72,0,1
950,2,1,2,1,0,73,1,1
950,3,2,3,1,0,74,2,1
950,4,3,4,1,0,75,3,1
950,5,4,5,1,0,76,4,1
950,6,5,5.189,0.189,0,77,5,1
951,1,0,1,1,0,24,13,1
951,2,1,2,1,0,25,14,1
951,3,2,3,1,0,26,15,1
951,4,3,3.638,0.638,0,27,16,1
952,1,0,1,1,1,52,12,1
952,2,1,2,1,1,53,13,1
952,3,2,3,1,0,54,14,1
952,4,3,3.562,0.562,0,55,15,1
953,1,0,1,1,0,40,11,1
953,2,1,2,1,0,41,12,1
953,3,2,2.748,0.748,0,42,13,1
954,1,0,1,1,0,42,1,1
954,2,1,2,1,0,43,2,1
954,3,2,3,1,0,44,3,1
954,4,3,4,1,1,45,4,1
954,5,4,5,1,0,46,5,1
954,6,5,6,1,0,47,6,1
954,7,6,7,1,0,48,7,1
954,8,7,7.309,0.309,0,49,8,1
955,1,0,1,1,0,18,7,1
955,2,1,2,1,0,19,8,1
955,3,2,3,1,0,20,9,1
955,4,3,3.188,0.188,0,21,10,1
956,1,0,1,1,0,31,19,1
956,2,1,2,1,0,32,20,1
956,3,2,3,1,0,33,21,1
956,4,3,4,1,1,34,22,1
956,5,4,5,1,2,35,23,1
956,6,5,6,1,0,36,24,1
956,7,6,7,1,0,37,25,1
956,8,7,8,1,0,38,26,1
956,9,8,9,1,0,39,27,1
956,10,9,9.446,0.446,0,40,28,1
957,1,0,1,1,0,55,7,1
957,2,1,2,1,0,56,8,1
957,3,2,2.877,0.877,0,57,9,1
958,1,0,1,1,0,68,0,1
958,2,1,1.219,0.219,0,69,1,1
959,1,0,1,1,1,25,9,1
959,2,1,2,1,0,26,10,1
959,3,2,3,1,0,27,11,1
959,4,3,4,1,0,28,12,1
959,5,4,4.403,0.403,0,29,13,1
960,1,0,1,1,0,55,8,1
960,2,1,2,1,0,56,9,1
960,3,2,2.385,0.385,0,57,10,1
961,1,0,1,1,0,23,7,1
961,2,1,2,1,0,24,8,1
961,3,2,2.521,0.521,0,25,9,1
962,1,0,0.944,0.944,0,56,7,1
963,1,0,1,1,0,37,9,1
963,2,1,2,1,0,38,10,1
963,3,2,3,1,0,39,11,1
963,4,3,4,1,0,40,12,1
963,5,4,5,1,0,41,13,1
963,6,5,6,1,0,42,14,1
963,7,6,6.769,0.769,0,43,15,1
964,1,0,1,1,0,39,8,1
964,2,1,1.077,0.077,0,40,9,1
965,1,0,1,1,0,24,13,1
965,2,1,2,1,0,25,14,1
965,3,2,3,1,0,26,15,1
965,4,3,4,1,0,27,16,1
965,5,4,5,1,0,28,17,1
965,6,5,6,1,0,29,18,1
965,7,6,7,1,0,30,19,1
965,8,7,7.269,0.269,0,31,20,1
966,1,0,1,1,0,44,11,1
966,2,1,2,1,0,45,12,1
966,3,2,2.201,0.201,0,46,13,1
967,1,0,1,1,0,56,6,1
967,2,1,2,1,0,57,7,1
967,3,2,2.718,0.718,0,58,8,1
968,1,0,1,1,0,51,3,1
968,2,1,2,1,0,52,4,1
968,3,2,2.976,0.976,0,53,5,1
969,1,0,1,1,0,34,5,1
969,2,1,2,1,0,35,6,1
969,3,2,3,1,0,36,7,1
969,4,3,4,1,0,37,8,1
969,5,4,5,1,0,38,9,1
969,6,5,6,1,0,39,10,1
969,7,6,6.151,0.151,0,40,11,1
970,1,0,1,1,0,63,7,1
970,2,1,1.331,0.331,0,64,8,1
971,1,0,1,1,0,47,1,1
971,2,1,2,1,0,48,2,1
971,3,2,3,1,0,49,3,1
971,4,3,4,1,0,50,4,1
971,5,4,5,1,0,51,5,1
971,6,5,5.199,0.199,0,52,6,1
972,1,0,1,1,2,22,10,1
972,2,1,2,1,1,23,11,1
972,3,2,3,1,0,24,12,1
972,4,3,4,1,1,25,13,1
972,5,4,5,1,1,26,14,1
972,6,5,6,1,0,27,15,1
972,7,6,6.991,0.991,0,28,16,1
973,1,0,1,1,0,76,8,1
973,2,1,2,1,1,77,9,1
973,3,2,3,1,0,78,10,1
973,4,3,4,1,0,79,11,1
973,5,4,4.138,0.138,0,80,12,1
974,1,0,1,1,0,39,6,1
974,2,1,2,1,0,40,7,1
974,3,2,3,1,0,41,8,1
974,4,3,4,1,0,42,9,1
974,5,4,5,1,1,43,10,1
974,6,5,6,1,0,44,11,1
974,7,6,7,1,0,45,12,1
974,8,7,8,1,0,46,13,1
974,9,8,8.656,0.656,0,47,14,1
975,1,0,1,1,0,74,6,1
975,2,1,2,1,0,75,7,1
975,3,2,3,1,0,76,8,1
975,4,3,4,1,0,77,9,1
975,5,4,5,1,2,78,10,1
975,6,5,6,1,2,79,11,1
975,7,6,7,1,0,80,12,1
975,8,7,7.115,0.115,0,81,13,1
976,1,0,1,1,0,58,11,1
976,2,1,2,1,0,59,12,1
976,3,2,3,1,0,60,13,1
976,4,3,4,1,0,61,14,1
976,5,4,4.702,0.702,1,62,15,1
977,1,0,1,1,0,66,10,1
977,2,1,2,1,0,67,11,1
977,3,2,3,1,0,68,12,1
977,4,3,4,1,0,69,13,1
977,5,4,5,1,0,70,14,1
977,6,5,6,1,0,71,15,1
977,7,6,7,1,0,72,16,1
977,8,7,7.874,0.874,0,73,17,1
978,1,0,1,1,0,45,1,1
978,2,1,2,1,0,46,2,1
978,3,2,2.182,0.182,0,47,3,1
979,1,0,1,1,0,36,8,1
979,2,1,2,1,0,37,9,1
979,3,2,2.853,0.853,0,38,10,1
980,1,0,1,1,0,56,15,1
980,2,1,2,1,1,57,16,1
980,3,2,2.222,0.222,0,58,17,1
981,1,0,1,1,0,67,11,1
981,2,1,2,1,0,68,12,1
981,3,2,3,1,0,69,13,1
981,4,3,4,1,0,70,14,1
981,5,4,5,1,0,71,15,1
981,6,5,6,1,0,72,16,1
981,7,6,7,1,0,73,17,1
981,8,7,8,1,0,74,18,1
981,9,8,8.906,0.906,0,75,19,1
982,1,0,1,1,0,41,1,1
982,2,1,2,1,0,42,2,1
982,3,2,2.512,0.512,0,43,3,1
983,1,0,1,1,0,39,12,1
983,2,1,2,1,0,40,13,1
983,3,2,2.59,0.59,0,41,14,1
984,1,0,1,1,0,39,0,1
984,2,1,2,1,0,40,1,1
984,3,2,3,1,0,41,2,1
984,4,3,4,1,0,42,3,1
984,5,4,5,1,0,43,4,1
984,6,5,6,1,0,44,5,1
984,7,6,7,1,1,45,6,1
984,8,7,8,1,0,46,7,1
984,9,8,8.418,0.418,0,47,8,1
985,1,0,1,1,0,54,4,1
985,2,1,2,1,0,55,5,1
985,3,2,3,1,0,56,6,1
985,4,3,4,1,0,57,7,1
985,5,4,5,1,0,58,8,1
985,6,5,6,1,0,59,9,1
985,7,6,6.882,0.882,0,60,10,1
986,1,0,1,1,0,45,2,1
986,2,1,2,1,1,46,3,1
986,3,2,3,1,0,47,4,1
986,4,3,3.457,0.457,0,48,5,1
987,1,0,1,1,0,44,3,1
987,2,1,2,1,0,45,4,1
987,3,2,3,1,0,46,5,1
987,4,3,4,1,0,47,6,1
987,5,4,5,1,0,48,7,1
987,6,5,6,1,0,49,8,1
987,7,6,7,1,0,50,9,1
987,8,7,8,1,0,51,10,1
987,9,8,8.166,0.166,0,52,11,1
988,1,0,0.305,0.305,0,29,12,1
989,1,0,1,1,0,61,13,1
989,2,1,1.62,0.62,0,62,14,1
990,1,0,1,1,0,63,10,1
990,2,1,2,1,0,64,11,1
990,3,2,2.218,0.218,1,65,12,1
991,1,0,1,1,0,42,7,1
991,2,1,1.378,0.378,0,43,8,1
992,1,0,1,1,0,46,0,1
992,2,1,2,1,0,47,1,1
992,3,2,3,1,0,48,2,1
992,4,3,4,1,0,49,3,1
992,5,4,4.188,0.188,0,50,4,1
993,1,0,1,1,0,56,14,1
993,2,1,2,1,0,57,15,1
993,3,2,3,1,0,58,16,1
993,4,3,4,1,0,59,17,1
993,5,4,5,1,0,60,18,1
993,6,5,6,1,0,61,19,1
993,7,6,7,1,0,62,20,1
993,8,7,7.381,0.381,0,63,21,1
994,1,0,1,1,1,48,6,1
994,2,1,1.405,0.405,0,49,7,1
995,1,0,1,1,0,56,6,1
995,2,1,1.7,0.7,0,57,7,1
996,1,0,1,1,0,40,7,1
996,2,1,2,1,1,41,8,1
996,3,2,3,1,0,42,9,1
996,4,3,4,1,0,43,10,1
996,5,4,5,1,0,44,11,1
996,6,5,5.193,0.193,0,45,12,1
997,1,0,1,1,0,33,0,1
997,2,1,1.95,0.95,0,34,1,1
998,1,0,1,1,1,54,13,1
998,2,1,2,1,0,55,14,1
998,3,2,3,1,0,56,15,1
998,4,3,4,1,0,57,16,1
998,5,4,4.243,0.243,0,58,17,1
999,1,0,1,1,0,50,9,1
999,2,1,1.169,0.169,0,51,10,1
1000,1,0,1,1,0,56,3,1
1000,2,1,2,1,0,57,4,1
1000,3,2,2.989,0.989,0,58,5,1
1001,1,0,1,1,0,57,13,1
1001,2,1,2,1,0,58,14,1
1001,3,2,2.719,0.719,0,59,15,1
1002,1,0,1,1,0,39,0,1
1002,2,1,2,1,0,40,1,1
1002,3,2,3,1,1,41,2,1
1002,4,3,4,1,0,42,3,1
1002,5,4,5,1,0,43,4,1
1002,6,5,6,1,0,44,5,1
1002,7,6,7,1,0,45,6,1
1002,8,7,7.97,0.97,0,46,7,1
1003,1,0,1,1,0,45,9,1
1003,2,1,1.079,0.079,0,46,10,1
1004,1,0,1,1,0,42,16,1
1004,2,1,2,1,0,43,17,1
1004,3,2,3,1,0,44,18,1
1004,4,3,4,1,0,45,19,1
1004,5,4,5,1,0,46,20,1
1004,6,5,6,1,0,47,21,1
1004,7,6,6.109,0.109,0,48,22,1
1005,1,0,0.743,0.743,0,39,6,1
1006,1,0,1,1,0,40,14,1
1006,2,1,2,1,0,41,15,1
1006,3,2,2.597,0.597,0,42,16,1
1007,1,0,1,1,0,28,6,1
1007,2,1,2,1,0,29,7,1
1007,3,2,3,1,0,30,8,1
1007,4,3,4,1,0,31,9,1
1007,5,4,5,1,0,32,10,1
1007,6,5,6,1,0,33,11,1
1007,7,6,6.833,0.833,0,34,12,1
1008,1,0,1,1,0,67,15,1
1008,2,1,2,1,0,68,16,1
1008,3,2,2.177,0.177,0,69,17,1
1009,1,0,1,1,0,40,4,1
1009,2,1,2,1,0,41,5,1
1009,3,2,3,1,0,42,6,1
1009,4,3,4,1,0,43,7,1
1009,5,4,5,1,0,44,8,1
1009,6,5,6,1,0,45,9,1
1009,7,6,7,1,0,46,10,1
1009,8,7,8,1,0,47,11,1
1009,9,8,8.983,0.983,0,48,12,1
1010,1,0,1,1,0,44,6,1
1010,2,1,2,1,0,45,7,1
1010,3,2,3,1,0,46,8,1
1010,4,3,4,1,0,47,9,1
1010,5,4,5,1,0,48,10,1
1010,6,5,5.474,0.474,0,49,11,1
1011,1,0,1,1,0,44,2,1
1011,2,1,2,1,0,45,3,1
1011,3,2,2.621,0.621,0,46,4,1
1012,1,0,1,1,0,47,1,1
1012,2,1,2,1,0,48,2,1
1012,3,2,3,1,0,49,3,1
1012,4,3,3.539,0.539,0,50,4,1
1013,1,0,1,1,0,46,12,1
1013,2,1,2,1,0,47,13,1
1013,3,2,3,1,0,48,14,1
1013,4,3,4,1,0,49,15,1
1013,5,4,5,1,0,50,16,1
1013,6,5,6,1,0,51,17,1
1013,7,6,7,1,0,52,18,1
1013,8,7,7.142,0.142,0,53,19,1
1014,1,0,1,1,0,34,11,1
1014,2,1,2,1,1,35,12,1
1014,3,2,3,1,0,36,13,1
1014,4,3,3.209,0.209,0,37,14,1
1015,1,0,1,1,0,68,5,1
1015,2,1,2,1,0,69,6,1
1015,3,2,3,1,0,70,7,1
1015,4,3,4,1,0,71,8,1
1015,5,4,4.923,0.923,0,72,9,1
1016,1,0,1,1,0,56,1,1
1016,2,1,2,1,0,57,2,1
1016,3,2,3,1,0,58,3,1
1016,4,3,3.531,0.531,0,59,4,1
1017,1,0,1,1,0,55,10,1
1017,2,1,1.264,0.264,0,56,11,1
1018,1,0,1,1,0,29,14,1
1018,2,1,2,1,2,30,15,1
1018,3,2,2.296,0.296,0,31,16,1
1019,1,0,1,1,0,40,10,1
1019,2,1,2,1,0,41,11,1
1019,3,2,2.292,0.292,0,42,12,1
1020,1,0,1,1,0,44,6,1
1020,2,1,2,1,0,45,7,1
1020,3,2,3,1,0,46,8,1
1020,4,3,4,1,0,47,9,1
1020,5,4,4.119,0.119,0,48,10,1
1021,1,0,1,1,0,60,11,1
1021,2,1,2,1,0,61,12,1
1021,3,2,3,1,1,62,13,1
1021,4,3,4,1,1,63,14,1
1021,5,4,5,1,1,64,15,1
1021,6,5,6,1,1,65,16,1
1021,7,6,7,1,0,66,17,1
1021,8,7,8,1,1,67,18,1
1021,9,8,8.461,0.461,0,68,19,1
1022,1,0,1,1,0,53,14,1
1022,2,1,2,1,0,54,15,1
1022,3,2,3,1,0,55,16,1
1022,4,3,4,1,0,56,17,1
1022,5,4,5,1,0,57,18,1
1022,6,5,6,1,0,58,19,1
1022,7,6,6.06,0.06,0,59,20,1
1023,1,0,1,1,0,62,22,1
1023,2,1,2,1,0,63,23,1
1023,3,2,3,1,0,64,24,1
1023,4,3,4,1,0,65,25,1
1023,5,4,5,1,0,66,26,1
1023,6,5,6,1,0,67,27,1
1023,7,6,7,1,0,68,28,1
1023,8,7,7.268,0.268,0,69,29,1
1024,1,0,1,1,0,65,9,1
1024,2,1,2,1,0,66,10,1
1024,3,2,3,1,0,67,11,1
1024,4,3,4,1,0,68,12,1
1024,5,4,4.305,0.305,0,69,13,1
1025,1,0,1,1,0,52,8,1
1025,2,1,2,1,0,53,9,1
1025,3,2,3,1,0,54,10,1
1025,4,3,4,1,0,55,11,1
1025,5,4,5,1,0,56,12,1
1025,6,5,6,1,1,57,13,1
1025,7,6,7,1,0,58,14,1
1025,8,7,8,1,0,59,15,1
1025,9,8,9,1,0,60,16,1
1025,10,9,9.635,0.635,0,61,17,1
1026,1,0,1,1,0,57,5,1
1026,2,1,2,1,0,58,6,1
1026,3,2,3,1,0,59,7,1
1026,4,3,4,1,0,60,8,1
1026,5,4,5,1,0,61,9,1
1026,6,5,6,1,0,62,10,1
1026,7,6,6.126,0.126,0,63,11,1
1027,1,0,1,1,0,22,3,1
1027,2,1,2,1,0,23,4,1
1027,3,2,2.705,0.705,0,24,5,1
1028,1,0,1,1,1,19,4,1
1028,2,1,2,1,0,20,5,1
1028,3,2,2.651,0.651,0,21,6,1
1029,1,0,1,1,0,48,6,1
1029,2,1,2,1,1,49,7,1
1029,3,2,3,1,0,50,8,1
1029,4,3,3.967,0.967,0,51,9,1
1030,1,0,1,1,0,38,7,1
1030,2,1,2,1,0,39,8,1
1030,3,2,3,1,0,40,9,1
1030,4,3,3.814,0.814,0,41,10,1
1031,1,0,1,1,0,49,9,1
1031,2,1,1.375,0.375,0,50,10,1
1032,1,0,1,1,0,74,2,1
1032,2,1,1.202,0.202,0,75,3,1
1033,1,0,1,1,0,26,10,1
1033,2,1,2,1,0,27,11,1
1033,3,2,3,1,0,28,12,1
1033,4,3,4,1,1,29,13,1
1033,5,4,5,1,1,30,14,1
1033,6,5,6,1,1,31,15,1
1033,7,6,6.215,0.215,0,32,16,1
1034,1,0,1,1,0,52,4,1
1034,2,1,2,1,0,53,5,1
1034,3,2,3,1,0,54,6,1
1034,4,3,4,1,0,55,7,1
1034,5,4,5,1,0,56,8,1
1034,6,5,6,1,0,57,9,1
1034,7,6,6.61,0.61,1,58,10,1
1035,1,0,1,1,0,40,0,1
1035,2,1,1.044,0.044,0,41,1,1
1036,1,0,0.955,0.955,0,25,0,1
1037,1,0,1,1,0,38,6,1
1037,2,1,1.57,0.57,0,39,7,1
1038,1,0,1,1,0,64,10,1
1038,2,1,2,1,0,65,11,1
1038,3,2,3,1,0,66,12,1
1038,4,3,4,1,0,67,13,1
1038,5,4,4.232,0.232,0,68,14,1
1039,1,0,1,1,1,61,11,1
1039,2,1,2,1,0,62,12,1
1039,3,2,3,1,1,63,13,1
1039,4,3,4,1,0,64,14,1
1039,5,4,5,1,0,65,15,1
1039,6,5,6,1,1,66,16,1
1039,7,6,7,1,0,67,17,1
1039,8,7,8,1,0,68,18,1
1039,9,8,8.715,0.715,0,69,19,1
1040,1,0,1,1,0,50,13,1
1040,2,1,2,1,0,51,14,1
1040,3,2,2.703,0.703,0,52,15,1
1041,1,0,1,1,1,32,8,1
1041,2,1,2,1,0,33,9,1
1041,3,2,3,1,1,34,10,1
1041,4,3,4,1,1,35,11,1
1041,5,4,4.449,0.449,0,36,12,1
1042,1,0,1,1,0,18,5,1
1042,2,1,2,1,0,19,6,1
1042,3,2,3,1,1,20,7,1
1042,4,3,4,1,0,21,8,1
1042,5,4,5,1,0,22,9,1
1042,6,5,6,1,1,23,10,1
1042,7,6,7,1,0,24,11,1
1042,8,7,8,1,1,25,12,1
1042,9,8,9,1,0,26,13,1
1042,10,9,9.053,0.053,0,27,14,1
1043,1,0,1,1,0,32,14,1
1043,2,1,2,1,1,33,15,1
1043,3,2,3,1,0,34,16,1
1043,4,3,4,1,0,35,17,1
1043,5,4,5,1,0,36,18,1
1043,6,5,5.377,0.377,0,37,19,1
1044,1,0,1,1,0,70,13,1
1044,2,1,2,1,0,71,14,1
1044,3,2,3,1,0,72,15,1
1044,4,3,4,1,0,73,16,1
1044,5,4,5,1,0,74,17,1
1044,6,5,5.285,0.285,0,75,18,1
1045,1,0,1,1,0,54,10,1
1045,2,1,2,1,0,55,11,1
1045,3,2,3,1,0,56,12,1
1045,4,3,4,1,0,57,13,1
1045,5,4,5,1,0,58,14,1
1045,6,5,6,1,0,59,15,1
1045,7,6,7,1,0,60,16,1
1045,8,7,8,1,0,61,17,1
1045,9,8,8.293,0.293,0,62,18,1
1046,1,0,1,1,0,44,8,1
1046,2,1,2,1,0,45,9,1
1046,3,2,3,1,0,46,10,1
1046,4,3,4,1,0,47,11,1
1046,5,4,5,1,0,48,12,1
1046,6,5,5.781,0.781,0,49,13,1
1047,1,0,1,1,0,58,2,1
1047,2,1,1.081,0.081,0,59,3,1
1048,1,0,1,1,0,36,5,1
1048,2,1,2,1,0,37,6,1
1048,3,2,3,1,0,38,7,1
1048,4,3,4,1,0,39,8,1
1048,5,4,5,1,0,40,9,1
1048,6,5,6,1,0,41,10,1
1048,7,6,7,1,0,42,11,1
1048,8,7,8,1,0,43,12,1
1048,9,8,9,1,0,44,13,1
1048,10,9,9.914,0.914,0,45,14,1
1049,1,0,1,1,1,62,7,1
1049,2,1,2,1,0,63,8,1
1049,3,2,3,1,0,64,9,1
1049,4,3,3.123,0.123,0,65,10,1
1050,1,0,1,1,0,51,11,1
1050,2,1,2,1,0,52,12,1
1050,3,2,3,1,0,53,13,1
1050,4,3,4,1,0,54,14,1
1050,5,4,5,1,0,55,15,1
1050,6,5,6,1,0,56,16,1
1050,7,6,6.024,0.024,0,57,17,1
1051,1,0,1,1,0,33,8,1
1051,2,1,2,1,0,34,9,1
1051,3,2,3,1,1,35,10,1
1051,4,3,4,1,0,36,11,1
1051,5,4,5,1,0,37,12,1
1051,6,5,5.983,0.983,0,38,13,1
1052,1,0,1,1,1,34,4,1
1052,2,1,2,1,1,35,5,1
1052,3,2,3,1,0,36,6,1
1052,4,3,4,1,1,37,7,1
1052,5,4,5,1,0,38,8,1
1052,6,5,6,1,0,39,9,1
1052,7,6,7,1,0,40,10,1
1052,8,7,8,1,1,41,11,1
1052,9,8,8.473,0.473,1,42,12,1
1053,1,0,1,1,0,49,9,1
1053,2,1,2,1,0,50,10,1
1053,3,2,2.621,0.621,0,51,11,1
1054,1,0,0.199,0.199,0,34,14,1
1055,1,0,1,1,0,28,0,1
1055,2,1,2,1,0,29,1,1
1055,3,2,2.383,0.383,0,30,2,1
1056,1,0,1,1,0,39,12,1
1056,2,1,2,1,0,40,13,1
1056,3,2,2.393,0.393,0,41,14,1
1057,1,0,1,1,0,47,10,1
1057,2,1,2,1,0,48,11,1
1057,3,2,3,1,0,49,12,1
1057,4,3,4,1,0,50,13,1
1057,5,4,4.478,0.478,0,51,14,1
1058,1,0,1,1,0,29,7,1
1058,2,1,2,1,0,30,8,1
1058,3,2,3,1,0,31,9,1
1058,4,3,4,1,0,32,10,1
1058,5,4,4.431,0.431,0,33,11,1
1059,1,0,1,1,0,45,4,1
1059,2,1,2,1,0,46,5,1
1059,3,2,3,1,0,47,6,1
1059,4,3,4,1,0,48,7,1
1059,5,4,5,1,0,49,8,1
1059,6,5,6,1,1,50,9,1
1059,7,6,7,1,1,51,10,1
1059,8,7,8,1,0,52,11,1
1059,9,8,8.633,0.633,0,53,12,1
1060,1,0,1,1,0,34,11,1
1060,2,1,2,1,1,35,12,1
1060,3,2,3,1,0,36,13,1
1060,4,3,3.523,0.523,0,37,14,1
1061,1,0,1,1,0,47,0,1
1061,2,1,1.639,0.639,0,48,1,1
1062,1,0,1,1,0,58,9,1
1062,2,1,2,1,0,59,10,1
1062,3,2,3,1,0,60,11,1
1062,4,3,4,1,0,61,12,1
1062,5,4,4.785,0.785,0,62,13,1
1063,1,0,1,1,0,35,9,1
1063,2,1,1.629,0.629,0,36,10,1
1064,1,0,1,1,0,29,1,1
1064,2,1,2,1,0,30,2,1
1064,3,2,2.595,0.595,0,31,3,1
1065,1,0,1,1,2,18,15,1
1065,2,1,2,1,1,19,16,1
1065,3,2,3,1,0,20,17,1
1065,4,3,4,1,1,21,18,1
1065,5,4,5,1,2,22,19,1
1065,6,5,6,1,0,23,20,1
1065,7,6,6.067,0.067,0,24,21,1
1066,1,0,1,1,0,64,16,1
1066,2,1,2,1,0,65,17,1
1066,3,2,3,1,0,66,18,1
1066,4,3,4,1,0,67,19,1
1066,5,4,5,1,0,68,20,1
1066,6,5,5.713,0.713,0,69,21,1
1067,1,0,1,1,0,64,3,1
1067,2,1,2,1,0,65,4,1
1067,3,2,3,1,0,66,5,1
1067,4,3,4,1,0,67,6,1
1067,5,4,5,1,0,68,7,1
1067,6,5,5.58,0.58,0,69,8,1
1068,1,0,1,1,1,19,5,1
1068,2,1,2,1,1,20,6,1
1068,3,2,3,1,0,21,7,1
1068,4,3,4,1,1,22,8,1
1068,5,4,5,1,1,23,9,1
1068,6,5,6,1,0,24,10,1
1068,7,6,6.99,0.99,0,25,11,1
1069,1,0,0.327,0.327,0,57,8,1
1070,1,0,1,1,0,41,4,1
1070,2,1,2,1,0,42,5,1
1070,3,2,3,1,0,43,6,1
1070,4,3,4,1,0,44,7,1
1070,5,4,5,1,0,45,8,1
1070,6,5,5.903,0.903,0,46,9,1
1071,1,0,1,1,0,57,12,1
1071,2,1,2,1,0,58,13,1
1071,3,2,3,1,0,59,14,1
1071,4,3,4,1,0,60,15,1
1071,5,4,5,1,0,61,16,1
1071,6,5,6,1,0,62,17,1
1071,7,6,7,1,0,63,18,1
1071,8,7,8,1,2,64,19,1
1071,9,8,9,1,0,65,20,1
1071,10,9,9.201,0.201,0,66,21,1
1072,1,0,1,1,0,59,10,1
1072,2,1,1.931,0.931,0,60,11,1
1073,1,0,1,1,0,47,7,1
1073,2,1,2,1,0,48,8,1
1073,3,2,2.154,0.154,0,49,9,1
1074,1,0,1,1,0,44,12,1
1074,2,1,2,1,0,45,13,1
1074,3,2,3,1,0,46,14,1
1074,4,3,3.096,0.096,0,47,15,1
1075,1,0,1,1,0,56,2,1
1075,2,1,2,1,0,57,3,1
1075,3,2,3,1,0,58,4,1
1075,4,3,4,1,0,59,5,1
1075,5,4,5,1,0,60,6,1
1075,6,5,6,1,0,61,7,1
1075,7,6,7,1,0,62,8,1
1075,8,7,7.171,0.171,0,63,9,1
1076,1,0,1,1,1,51,14,1
1076,2,1,2,1,0,52,15,1
1076,3,2,3,1,0,53,16,1
1076,4,3,4,1,0,54,17,1
1076,5,4,5,1,0,55,18,1
1076,6,5,6,1,0,56,19,1
1076,7,6,7,1,0,57,20,1
1076,8,7,7.998,0.998,0,58,21,1
1077,1,0,1,1,1,38,13,1
1077,2,1,2,1,0,39,14,1
1077,3,2,3,1,0,40,15,1
1077,4,3,4,1,0,41,16,1
1077,5,4,5,1,0,42,17,1
1077,6,5,6,1,0,43,18,1
1077,7,6,6.472,0.472,0,44,19,1
1078,1,0,1,1,0,53,1,1
1078,2,1,2,1,0,54,2,1
1078,3,2,3,1,0,55,3,1
1078,4,3,3.241,0.241,0,56,4,1
1079,1,0,1,1,0,19,12,1
1079,2,1,2,1,0,20,13,1
1079,3,2,3,1,0,21,14,1
1079,4,3,3.911,0.911,0,22,15,1
1080,1,0,1,1,0,48,13,1
1080,2,1,2,1,0,49,14,1
1080,3,2,3,1,0,50,15,1
1080,4,3,4,1,0,51,16,1
1080,5,4,5,1,0,52,17,1
1080,6,5,5.044,0.044,0,53,18,1
1081,1,0,1,1,0,49,7,1
1081,2,1,2,1,0,50,8,1
1081,3,2,2.814,0.814,0,51,9,1
1082,1,0,1,1,0,54,9,1
1082,2,1,1.938,0.938,0,55,10,1
1083,1,0,1,1,0,46,16,1
1083,2,1,2,1,0,47,17,1
1083,3,2,3,1,0,48,18,1
1083,4,3,4,1,0,49,19,1
1083,5,4,5,1,0,50,20,1
1083,6,5,5.882,0.882,0,51,21,1
1084,1,0,1,1,0,48,7,1
1084,2,1,2,1,0,49,8,1
1084,3,2,2.78,0.78,0,50,9,1
1085,1,0,1,1,0,88,14,1
1085,2,1,2,1,0,89,15,1
1085,3,2,2.408,0.408,0,90,16,1
1086,1,0,1,1,0,44,4,1
1086,2,1,2,1,0,45,5,1
1086,3,2,3,1,0,46,6,1
1086,4,3,3.444,0.444,0,47,7,1
1087,1,0,1,1,0,36,16,1
1087,2,1,2,1,0,37,17,1
1087,3,2,3,1,0,38,18,1
1087,4,3,4,1,0,39,19,1
1087,5,4,5,1,0,40,20,1
1087,6,5,6,1,0,41,21,1
1087,7,6,7,1,0,42,22,1
1087,8,7,8,1,0,43,23,1
1087,9,8,8.224,0.224,0,44,24,1
1088,1,0,1,1,0,56,15,1
1088,2,1,1.697,0.697,0,57,16,1
1089,1,0,1,1,0,44,2,1
1089,2,1,2,1,0,45,3,1
1089,3,2,3,1,0,46,4,1
1089,4,3,4,1,1,47,5,1
1089,5,4,5,1,0,48,6,1
1089,6,5,5.524,0.524,0,49,7,1
1090,1,0,1,1,0,27,9,1
1090,2,1,2,1,1,28,10,1
1090,3,2,3,1,0,29,11,1
1090,4,3,3.412,0.412,0,30,12,1
1091,1,0,1,1,0,45,8,1
1091,2,1,2,1,0,46,9,1
1091,3,2,3,1,0,47,10,1
1091,4,3,4,1,0,48,11,1
1091,5,4,5,1,0,49,12,1
1091,6,5,6,1,0,50,13,1
1091,7,6,6.871,0.871,0,51,14,1
1092,1,0,1,1,0,76,0,1
1092,2,1,2,1,0,77,1,1
1092,3,2,3,1,0,78,2,1
1092,4,3,4,1,0,79,3,1
1092,5,4,5,1,0,80,4,1
1092,6,5,5.548,0.548,0,81,5,1
1093,1,0,1,1,0,44,12,1
1093,2,1,2,1,0,45,13,1
1093,3,2,3,1,0,46,14,1
1093,4,3,4,1,0,47,15,1
1093,5,4,5,1,0,48,16,1
1093,6,5,6,1,0,49,17,1
1093,7,6,7,1,0,50,18,1
1093,8,7,8,1,0,51,19,1
1093,9,8,9,1,0,52,20,1
1093,10,9,9.79,0.79,0,53,21,1
1094,1,0,1,1,0,31,8,1
1094,2,1,2,1,0,32,9,1
1094,3,2,2.302,0.302,0,33,10,1
1095,1,0,1,1,0,28,15,1
1095,2,1,2,1,0,29,16,1
1095,3,2,3,1,0,30,17,1
1095,4,3,3.015,0.015,0,31,18,1
1096,1,0,1,1,0,49,18,1
1096,2,1,1.011,0.011,0,50,19,1
1097,1,0,1,1,0,34,10,1
1097,2,1,2,1,1,35,11,1
1097,3,2,3,1,0,36,12,1
1097,4,3,3.102,0.102,0,37,13,1
1098,1,0,1,1,0,38,12,1
1098,2,1,2,1,0,39,13,1
1098,3,2,3,1,0,40,14,1
1098,4,3,3.725,0.725,0,41,15,1
1099,1,0,1,1,0,51,9,1
1099,2,1,2,1,0,52,10,1
1099,3,2,3,1,0,53,11,1
1099,4,3,4,1,0,54,12,1
1099,5,4,5,1,0,55,13,1
1099,6,5,6,1,0,56,14,1
1099,7,6,6.329,0.329,0,57,15,1
1100,1,0,1,1,0,61,15,1
1100,2,1,2,1,0,62,16,1
1100,3,2,3,1,0,63,17,1
1100,4,3,4,1,0,64,18,1
1100,5,4,5,1,0,65,19,1
1100,6,5,6,1,0,66,20,1
1100,7,6,7,1,0,67,21,1
1100,8,7,7.061,0.061,0,68,22,1
1101,1,0,1,1,0,36,11,1
1101,2,1,2,1,0,37,12,1
1101,3,2,3,1,0,38,13,1
1101,4,3,4,1,0,39,14,1
1101,5,4,4.703,0.703,0,40,15,1
1102,1,0,1,1,0,51,5,1
1102,2,1,2,1,0,52,6,1
1102,3,2,3,1,0,53,7,1
1102,4,3,4,1,0,54,8,1
1102,5,4,5,1,0,55,9,1
1102,6,5,6,1,0,56,10,1
1102,7,6,7,1,0,57,11,1
1102,8,7,8,1,0,58,12,1
1102,9,8,8.467,0.467,0,59,13,1
1103,1,0,1,1,0,32,0,1
1103,2,1,2,1,0,33,1,1
1103,3,2,3,1,0,34,2,1
1103,4,3,4,1,1,35,3,1
1103,5,4,4.768,0.768,0,36,4,1
1104,1,0,1,1,0,40,16,1
1104,2,1,1.958,0.958,0,41,17,1
1105,1,0,1,1,0,40,8,1
1105,2,1,2,1,0,41,9,1
1105,3,2,3,1,0,42,10,1
1105,4,3,3.82,0.82,0,43,11,1
1106,1,0,1,1,0,27,16,1
1106,2,1,2,1,0,28,17,1
1106,3,2,3,1,1,29,18,1
1106,4,3,3.241,0.241,0,30,19,1
1107,1,0,1,1,0,37,3,1
1107,2,1,2,1,0,38,4,1
1107,3,2,2.948,0.948,0,39,5,1
1108,1,0,0.454,0.454,1,77,4,1
1109,1,0,1,1,1,38,14,1
1109,2,1,2,1,0,39,15,1
1109,3,2,2.949,0.949,0,40,16,1
1110,1,0,1,1,0,23,13,1
1110,2,1,2,1,0,24,14,1
1110,3,2,3,1,0,25,15,1
1110,4,3,4,1,0,26,16,1
1110,5,4,5,1,0,27,17,1
1110,6,5,5.42,0.42,0,28,18,1
1111,1,0,1,1,0,34,3,1
1111,2,1,2,1,1,35,4,1
1111,3,2,3,1,0,36,5,1
1111,4,3,4,1,1,37,6,1
1111,5,4,4.997,0.997,0,38,7,1
1112,1,0,1,1,0,26,8,1
1112,2,1,2,1,0,27,9,1
1112,3,2,3,1,0,28,10,1
1112,4,3,4,1,0,29,11,1
1112,5,4,5,1,0,30,12,1
1112,6,5,6,1,0,31,13,1
1112,7,6,7,1,0,32,14,1
1112,8,7,7.09,0.09,0,33,15,1
1113,1,0,1,1,0,36,13,1
1113,2,1,2,1,0,37,14,1
1113,3,2,3,1,0,38,15,1
1113,4,3,4,1,0,39,16,1
1113,5,4,5,1,0,40,17,1
1113,6,5,5.07,0.07,0,41,18,1
1114,1,0,1,1,0,46,4,1
1114,2,1,1.047,0.047,0,47,5,1
1115,1,0,1,1,0,66,9,1
1115,2,1,2,1,0,67,10,1
1115,3,2,2.092,0.092,0,68,11,1
1116,1,0,1,1,0,37,9,1
1116,2,1,2,1,0,38,10,1
1116,3,2,2.962,0.962,0,39,11,1
1117,1,0,1,1,0,63,1,1
1117,2,1,2,1,0,64,2,1
1117,3,2,3,1,0,65,3,1
1117,4,3,4,1,0,66,4,1
1117,5,4,5,1,0,67,5,1
1117,6,5,6,1,0,68,6,1
1117,7,6,6.259,0.259,0,69,7,1
1118,1,0,1,1,0,33,2,1
1118,2,1,2,1,0,34,3,1
1118,3,2,2.346,0.346,0,35,4,1
1119,1,0,1,1,0,67,15,1
1119,2,1,2,1,0,68,16,1
1119,3,2,3,1,0,69,17,1
1119,4,3,4,1,0,70,18,1
1119,5,4,4.833,0.833,0,71,19,1
1120,1,0,1,1,0,56,4,1
1120,2,1,1.98,0.98,0,57,5,1
1121,1,0,1,1,0,46,7,1
1121,2,1,2,1,0,47,8,1
1121,3,2,3,1,0,48,9,1
1121,4,3,4,1,0,49,10,1
1121,5,4,5,1,0,50,11,1
1121,6,5,5.518,0.518,0,51,12,1
1122,1,0,1,1,0,47,5,1
1122,2,1,2,1,0,48,6,1
1122,3,2,3,1,0,49,7,1
1122,4,3,3.036,0.036,0,50,8,1
1123,1,0,1,1,0,37,10,1
1123,2,1,1.26,0.26,0,38,11,1
1124,1,0,1,1,0,70,4,1
1124,2,1,2,1,0,71,5,1
1124,3,2,2.575,0.575,0,72,6,1
1125,1,0,1,1,0,41,10,1
1125,2,1,1.808,0.808,0,42,11,1
1126,1,0,1,1,0,50,4,1
1126,2,1,2,1,0,51,5,1
1126,3,2,3,1,0,52,6,1
1126,4,3,4,1,0,53,7,1
1126,5,4,5,1,0,54,8,1
1126,6,5,6,1,0,55,9,1
1126,7,6,6.222,0.222,0,56,10,1
1127,1,0,1,1,0,51,9,1
1127,2,1,2,1,2,52,10,1
1127,3,2,3,1,1,53,11,1
1127,4,3,4,1,0,54,12,1
1127,5,4,5,1,0,55,13,1
1127,6,5,6,1,0,56,14,1
1127,7,6,7,1,0,57,15,1
1127,8,7,7.155,0.155,0,58,16,1
1128,1,0,1,1,0,72,5,1
1128,2,1,2,1,0,73,6,1
1128,3,2,3,1,0,74,7,1
1128,4,3,4,1,0,75,8,1
1128,5,4,4.037,0.037,0,76,9,1
1129,1,0,1,1,0,54,12,1
1129,2,1,2,1,0,55,13,1
1129,3,2,3,1,0,56,14,1
1129,4,3,3.87,0.87,1,57,15,1
1130,1,0,1,1,0,47,7,1
1130,2,1,2,1,0,48,8,1
1130,3,2,2.883,0.883,0,49,9,1
1131,1,0,1,1,0,59,9,1
1131,2,1,2,1,0,60,10,1
1131,3,2,3,1,0,61,11,1
1131,4,3,4,1,0,62,12,1
1131,5,4,4.868,0.868,0,63,13,1
1132,1,0,1,1,0,50,16,1
1132,2,1,2,1,0,51,17,1
1132,3,2,3,1,0,52,18,1
1132,4,3,4,1,0,53,19,1
1132,5,4,4.859,0.859,0,54,20,1
1133,1,0,1,1,0,21,10,1
1133,2,1,1.601,0.601,0,22,11,1
1134,1,0,1,1,2,50,8,1
1134,2,1,2,1,0,51,9,1
1134,3,2,2.508,0.508,0,52,10,1
1135,1,0,1,1,0,32,9,1
1135,2,1,2,1,0,33,10,1
1135,3,2,3,1,0,34,11,1
1135,4,3,3.422,0.422,0,35,12,1
1136,1,0,1,1,0,32,7,1
1136,2,1,2,1,0,33,8,1
1136,3,2,3,1,0,34,9,1
1136,4,3,4,1,0,35,10,1
1136,5,4,5,1,0,36,11,1
1136,6,5,5.955,0.955,0,37,12,1
1137,1,0,1,1,0,37,0,1
1137,2,1,2,1,0,38,1,1
1137,3,2,3,1,0,39,2,1
1137,4,3,4,1,0,40,3,1
1137,5,4,4.657,0.657,0,41,4,1
1138,1,0,1,1,0,42,9,1
1138,2,1,2,1,0,43,10,1
1138,3,2,3,1,0,44,11,1
1138,4,3,4,1,0,45,12,1
1138,5,4,5,1,0,46,13,1
1138,6,5,5.629,0.629,0,47,14,1
1139,1,0,1,1,0,51,7,1
1139,2,1,2,1,0,52,8,1
1139,3,2,3,1,0,53,9,1
1139,4,3,4,1,1,54,10,1
1139,5,4,5,1,0,55,11,1
1139,6,5,6,1,1,56,12,1
1139,7,6,6.416,0.416,0,57,13,1
1140,1,0,1,1,0,49,3,1
1140,2,1,1.971,0.971,1,50,4,1
1141,1,0,1,1,0,18,13,1
1141,2,1,2,1,0,19,14,1
1141,3,2,3,1,1,20,15,1
1141,4,3,4,1,1,21,16,1
1141,5,4,5,1,0,22,17,1
1141,6,5,6,1,2,23,18,1
1141,7,6,6.758,0.758,0,24,19,1
1142,1,0,1,1,0,30,1,1
1142,2,1,2,1,0,31,2,1
1142,3,2,3,1,0,32,3,1
1142,4,3,4,1,0,33,4,1
1142,5,4,4.797,0.797,0,34,5,1
1143,1,0,1,1,0,53,6,1
1143,2,1,1.823,0.823,0,54,7,1
1144,1,0,1,1,0,32,19,1
1144,2,1,2,1,0,33,20,1
1144,3,2,3,1,0,34,21,1
1144,4,3,3.722,0.722,0,35,22,1
1145,1,0,1,1,0,32,0,1
1145,2,1,2,1,0,33,1,1
1145,3,2,2.273,0.273,0,34,2,1
1146,1,0,1,1,0,31,1,1
1146,2,1,2,1,0,32,2,1
1146,3,2,3,1,0,33,3,1
1146,4,3,4,1,0,34,4,1
1146,5,4,5,1,0,35,5,1
1146,6,5,5.5,0.5,0,36,6,1
1147,1,0,1,1,0,27,16,1
1147,2,1,2,1,1,28,17,1
1147,3,2,3,1,0,29,18,1
1147,4,3,4,1,1,30,19,1
1147,5,4,5,1,0,31,20,1
1147,6,5,6,1,0,32,21,1
1147,7,6,7,1,0,33,22,1
1147,8,7,8,1,0,34,23,1
1147,9,8,8.302,0.302,0,35,24,1
1148,1,0,1,1,0,18,8,1
1148,2,1,1.727,0.727,0,19,9,1
1149,1,0,1,1,0,47,0,1
1149,2,1,1.424,0.424,1,48,1,1
1150,1,0,1,1,0,49,17,1
1150,2,1,2,1,0,50,18,1
1150,3,2,2.772,0.772,0,51,19,1
1151,1,0,1,1,1,59,6,1
1151,2,1,2,1,0,60,7,1
1151,3,2,3,1,0,61,8,1
1151,4,3,4,1,0,62,9,1
1151,5,4,4.455,0.455,1,63,10,1
1152,1,0,1,1,0,74,9,1
1152,2,1,2,1,0,75,10,1
1152,3,2,3,1,1,76,11,1
1152,4,3,3.373,0.373,0,77,12,1
1153,1,0,1,1,1,27,2,1
1153,2,1,1.825,0.825,1,28,3,1
1154,1,0,1,1,0,63,7,1
1154,2,1,2,1,0,64,8,1
1154,3,2,3,1,0,65,9,1
1154,4,3,3.449,0.449,0,66,10,1
1155,1,0,1,1,0,55,10,1
1155,2,1,2,1,1,56,11,1
1155,3,2,3,1,0,57,12,1
1155,4,3,4,1,1,58,13,1
1155,5,4,5,1,2,59,14,1
1155,6,5,6,1,0,60,15,1
1155,7,6,6.906,0.906,0,61,16,1
1156,1,0,1,1,0,27,6,1
1156,2,1,2,1,0,28,7,1
1156,3,2,2.38,0.38,1,29,8,1
1157,1,0,1,1,0,24,10,1
1157,2,1,2,1,0,25,11,1
1157,3,2,3,1,0,26,12,1
1157,4,3,4,1,0,27,13,1
1157,5,4,5,1,0,28,14,1
1157,6,5,6,1,0,29,15,1
1157,7,6,7,1,0,30,16,1
1157,8,7,8,1,0,31,17,1
1157,9,8,9,1,0,32,18,1
1157,10,9,9.215,0.215,0,33,19,1
1158,1,0,1,1,0,18,0,1
1158,2,1,1.906,0.906,0,19,1,1
1159,1,0,1,1,1,18,8,1
1159,2,1,2,1,1,19,9,1
1159,3,2,2.876,0.876,0,20,10,1
1160,1,0,1,1,0,42,18,1
1160,2,1,2,1,0,43,19,1
1160,3,2,3,1,0,44,20,1
1160,4,3,4,1,0,45,21,1
1160,5,4,5,1,0,46,22,1
1160,6,5,6,1,0,47,23,1
1160,7,6,7,1,0,48,24,1
1160,8,7,8,1,0,49,25,1
1160,9,8,8.253,0.253,0,50,26,1
1161,1,0,1,1,0,36,4,1
1161,2,1,2,1,0,37,5,1
1161,3,2,3,1,0,38,6,1
1161,4,3,4,1,0,39,7,1
1161,5,4,5,1,0,40,8,1
1161,6,5,6,1,0,41,9,1
1161,7,6,6.783,0.783,0,42,10,1
1162,1,0,1,1,0,55,6,1
1162,2,1,2,1,1,56,7,1
1162,3,2,2.031,0.031,0,57,8,1
1163,1,0,1,1,0,45,2,1
1163,2,1,2,1,0,46,3,1
1163,3,2,3,1,0,47,4,1
1163,4,3,4,1,0,48,5,1
1163,5,4,5,1,0,49,6,1
1163,6,5,6,1,0,50,7,1
1163,7,6,7,1,0,51,8,1
1163,8,7,8,1,0,52,9,1
1163,9,8,9,1,0,53,10,1
1163,10,9,9.477,0.477,0,54,11,1
1164,1,0,1,1,0,56,1,1
1164,2,1,2,1,0,57,2,1
1164,3,2,3,1,0,58,3,1
1164,4,3,4,1,0,59,4,1
1164,5,4,5,1,1,60,5,1
1164,6,5,5.404,0.404,0,61,6,1
1165,1,0,1,1,0,35,9,1
1165,2,1,2,1,0,36,10,1
1165,3,2,3,1,0,37,11,1
1165,4,3,4,1,0,38,12,1
1165,5,4,5,1,0,39,13,1
1165,6,5,6,1,0,40,14,1
1165,7,6,7,1,0,41,15,1
1165,8,7,8,1,0,42,16,1
1165,9,8,8.04,0.04,0,43,17,1
1166,1,0,1,1,0,58,0,1
1166,2,1,2,1,0,59,1,1
1166,3,2,3,1,0,60,2,1
1166,4,3,3.432,0.432,0,61,3,1
1167,1,0,1,1,0,50,11,1
1167,2,1,2,1,0,51,12,1
1167,3,2,2.374,0.374,0,52,13,1
1168,1,0,1,1,0,58,14,1
1168,2,1,1.622,0.622,0,59,15,1
1169,1,0,1,1,0,35,10,1
1169,2,1,1.547,0.547,0,36,11,1
1170,1,0,1,1,0,72,5,1
1170,2,1,1.956,0.956,1,73,6,1
1171,1,0,1,1,0,31,3,1
1171,2,1,2,1,0,32,4,1
1171,3,2,2.431,0.431,0,33,5,1
1172,1,0,1,1,0,36,8,1
1172,2,1,2,1,0,37,9,1
1172,3,2,3,1,0,38,10,1
1172,4,3,3.851,0.851,0,39,11,1
1173,1,0,0.206,0.206,0,57,10,1
1174,1,0,1,1,0,20,6,1
1174,2,1,2,1,0,21,7,1
1174,3,2,3,1,0,22,8,1
1174,4,3,4,1,0,23,9,1
1174,5,4,5,1,0,24,10,1
1174,6,5,6,1,1,25,11,1
1174,7,6,7,1,0,26,12,1
1174,8,7,8,1,0,27,13,1
1174,9,8,9,1,0,28,14,1
1174,10,9,9.484,0.484,0,29,15,1
1175,1,0,1,1,1,41,10,1
1175,2,1,2,1,0,42,11,1
1175,3,2,3,1,0,43,12,1
1175,4,3,4,1,0,44,13,1
1175,5,4,5,1,0,45,14,1
1175,6,5,5.261,0.261,0,46,15,1
1176,1,0,1,1,0,65,8,1
1176,2,1,1.872,0.872,0,66,9,1
1177,1,0,1,1,0,43,7,1
1177,2,1,2,1,0,44,8,1
1177,3,2,3,1,0,45,9,1
1177,4,3,4,1,0,46,10,1
1177,5,4,4.207,0.207,0,47,11,1
1178,1,0,0.991,0.991,0,75,10,1
1179,1,0,1,1,0,46,8,1
1179,2,1,2,1,0,47,9,1
1179,3,2,2.761,0.761,0,48,10,1
1180,1,0,1,1,1,60,12,1
1180,2,1,1.73,0.73,0,61,13,1
1181,1,0,0.898,0.898,0,29,1,1
1182,1,0,1,1,0,21,10,1
1182,2,1,2,1,0,22,11,1
1182,3,2,2.667,0.667,0,23,12,1
1183,1,0,1,1,0,38,12,1
1183,2,1,2,1,0,39,13,1
1183,3,2,3,1,0,40,14,1
1183,4,3,3.043,0.043,0,41,15,1
1184,1,0,1,1,0,51,15,1
1184,2,1,2,1,0,52,16,1
1184,3,2,3,1,0,53,17,1
1184,4,3,3.775,0.775,0,54,18,1
1185,1,0,1,1,0,41,11,1
1185,2,1,1.723,0.723,0,42,12,1
1186,1,0,1,1,0,55,8,1
1186,2,1,2,1,0,56,9,1
1186,3,2,3,1,0,57,10,1
1186,4,3,4,1,0,58,11,1
1186,5,4,5,1,0,59,12,1
1186,6,5,6,1,0,60,13,1
1186,7,6,7,1,0,61,14,1
1186,8,7,8,1,0,62,15,1
1186,9,8,8.146,0.146,0,63,16,1
1187,1,0,1,1,0,40,14,1
1187,2,1,2,1,0,41,15,1
1187,3,2,2.606,0.606,1,42,16,1
1188,1,0,1,1,0,61,6,1
1188,2,1,2,1,0,62,7,1
1188,3,2,3,1,0,63,8,1
1188,4,3,4,1,0,64,9,1
1188,5,4,5,1,0,65,10,1
1188,6,5,6,1,0,66,11,1
1188,7,6,7,1,0,67,12,1
1188,8,7,7.225,0.225,0,68,13,1
1189,1,0,1,1,0,30,5,1
1189,2,1,2,1,0,31,6,1
1189,3,2,3,1,0,32,7,1
1189,4,3,4,1,0,33,8,1
1189,5,4,5,1,0,34,9,1
1189,6,5,6,1,0,35,10,1
1189,7,6,6.171,0.171,0,36,11,1
1190,1,0,1,1,0,47,9,1
1190,2,1,2,1,0,48,10,1
1190,3,2,3,1,0,49,11,1
1190,4,3,4,1,0,50,12,1
1190,5,4,5,1,1,51,13,1
1190,6,5,6,1,0,52,14,1
1190,7,6,7,1,0,53,15,1
1190,8,7,8,1,0,54,16,1
1190,9,8,8.877,0.877,0,55,17,1
1191,1,0,1,1,0,44,14,1
1191,2,1,2,1,0,45,15,1
1191,3,2,3,1,0,46,16,1
1191,4,3,4,1,0,47,17,1
1191,5,4,5,1,0,48,18,1
1191,6,5,6,1,0,49,19,1
1191,7,6,7,1,0,50,20,1
1191,8,7,8,1,0,51,21,1
1191,9,8,9,1,0,52,22,1
1191,10,9,9.121,0.121,0,53,23,1
1192,1,0,0.734,0.734,0,33,15,1
1193,1,0,1,1,0,63,10,1
1193,2,1,2,1,0,64,11,1
1193,3,2,2.381,0.381,0,65,12,1
1194,1,0,1,1,0,33,13,1
1194,2,1,2,1,0,34,14,1
1194,3,2,3,1,0,35,15,1
1194,4,3,3.512,0.512,0,36,16,1
1195,1,0,1,1,0,18,5,1
1195,2,1,2,1,0,19,6,1
1195,3,2,3,1,0,20,7,1
1195,4,3,4,1,0,21,8,1
1195,5,4,5,1,0,22,9,1
1195,6,5,6,1,0,23,10,1
1195,7,6,7,1,2,24,11,1
1195,8,7,7.393,0.393,0,25,12,1
1196,1,0,1,1,0,43,10,1
1196,2,1,2,1,0,44,11,1
1196,3,2,3,1,0,45,12,1
1196,4,3,4,1,0,46,13,1
1196,5,4,5,1,0,47,14,1
1196,6,5,6,1,0,48,15,1
1196,7,6,6.506,0.506,0,49,16,1
1197,1,0,1,1,0,38,8,1
1197,2,1,1.227,0.227,0,39,9,1
1198,1,0,1,1,0,34,8,1
1198,2,1,2,1,0,35,9,1
1198,3,2,2.025,0.025,0,36,10,1
1199,1,0,1,1,0,73,10,1
1199,2,1,2,1,0,74,11,1
1199,3,2,3,1,0,75,12,1
1199,4,3,4,1,0,76,13,1
1199,5,4,5,1,0,77,14,1
1199,6,5,6,1,0,78,15,1
1199,7,6,7,1,0,79,16,1
1199,8,7,7.851,0.851,0,80,17,1
1200,1,0,1,1,0,61,2,1
1200,2,1,2,1,1,62,3,1
1200,3,2,2.843,0.843,1,63,4,1
1201,1,0,1,1,0,28,10,1
1201,2,1,2,1,0,29,11,1
1201,3,2,3,1,0,30,12,1
1201,4,3,4,1,0,31,13,1
1201,5,4,5,1,0,32,14,1
1201,6,5,6,1,0,33,15,1
1201,7,6,7,1,0,34,16,1
1201,8,7,7.053,0.053,0,35,17,1
1202,1,0,1,1,0,59,6,1
1202,2,1,2,1,0,60,7,1
1202,3,2,2.552,0.552,0,61,8,1
1203,1,0,1,1,1,44,11,1
1203,2,1,1.62,0.62,0,45,12,1
1204,1,0,1,1,0,52,14,1
1204,2,1,2,1,0,53,15,1
1204,3,2,3,1,0,54,16,1
1204,4,3,4,1,0,55,17,1
1204,5,4,5,1,1,56,18,1
1204,6,5,5.327,0.327,0,57,19,1
1205,1,0,1,1,0,80,0,1
1205,2,1,1.595,0.595,0,81,1,1
1206,1,0,1,1,0,30,8,1
1206,2,1,2,1,0,31,9,1
1206,3,2,3,1,0,32,10,1
1206,4,3,3.315,0.315,0,33,11,1
1207,1,0,1,1,0,47,1,1
1207,2,1,2,1,0,48,2,1
1207,3,2,3,1,0,49,3,1
1207,4,3,4,1,0,50,4,1
1207,5,4,5,1,0,51,5,1
1207,6,5,5.426,0.426,0,52,6,1
1208,1,0,1,1,0,50,9,1
1208,2,1,2,1,0,51,10,1
1208,3,2,3,1,0,52,11,1
1208,4,3,4,1,0,53,12,1
1208,5,4,5,1,0,54,13,1
1208,6,5,6,1,0,55,14,1
1208,7,6,6.357,0.357,0,56,15,1
1209,1,0,1,1,0,65,12,1
1209,2,1,2,1,0,66,13,1
1209,3,2,3,1,0,67,14,1
1209,4,3,3.028,0.028,0,68,15,1
1210,1,0,1,1,0,60,8,1
1210,2,1,2,1,0,61,9,1
1210,3,2,3,1,0,62,10,1
1210,4,3,4,1,1,63,11,1
1210,5,4,4.356,0.356,0,64,12,1
1211,1,0,1,1,0,42,8,1
1211,2,1,2,1,0,43,9,1
1211,3,2,3,1,0,44,10,1
1211,4,3,3.304,0.304,0,45,11,1
1212,1,0,1,1,0,53,9,1
1212,2,1,1.347,0.347,0,54,10,1
1213,1,0,1,1,0,18,3,1
1213,2,1,2,1,0,19,4,1
1213,3,2,3,1,1,20,5,1
1213,4,3,4,1,0,21,6,1
1213,5,4,5,1,1,22,7,1
1213,6,5,6,1,1,23,8,1
1213,7,6,7,1,0,24,9,1
1213,8,7,7.064,0.064,0,25,10,1
1214,1,0,1,1,0,41,1,1
1214,2,1,2,1,0,42,2,1
1214,3,2,3,1,0,43,3,1
1214,4,3,4,1,0,44,4,1
1214,5,4,5,1,0,45,5,1
1214,6,5,6,1,0,46,6,1
1214,7,6,7,1,0,47,7,1
1214,8,7,7.471,0.471,0,48,8,1
1215,1,0,1,1,0,36,6,1
1215,2,1,2,1,0,37,7,1
1215,3,2,3,1,0,38,8,1
1215,4,3,4,1,0,39,9,1
1215,5,4,5,1,0,40,10,1
1215,6,5,6,1,0,41,11,1
1215,7,6,7,1,0,42,12,1
1215,8,7,8,1,0,43,13,1
1215,9,8,8.307,0.307,0,44,14,1
1216,1,0,1,1,0,36,3,1
1216,2,1,1.195,0.195,0,37,4,1
1217,1,0,1,1,0,52,4,1
1217,2,1,2,1,0,53,5,1
1217,3,2,3,1,0,54,6,1
1217,4,3,4,1,0,55,7,1
1217,5,4,5,1,0,56,8,1
1217,6,5,5.312,0.312,0,57,9,1
1218,1,0,0.305,0.305,0,52,0,1
1219,1,0,1,1,0,33,2,1
1219,2,1,2,1,0,34,3,1
1219,3,2,3,1,0,35,4,1
1219,4,3,4,1,0,36,5,1
1219,5,4,5,1,0,37,6,1
1219,6,5,6,1,0,38,7,1
1219,7,6,7,1,0,39,8,1
1219,8,7,8,1,0,40,9,1
1219,9,8,8.077,0.077,0,41,10,1
1220,1,0,1,1,0,40,3,1
1220,2,1,2,1,0,41,4,1
1220,3,2,3,1,0,42,5,1
1220,4,3,4,1,0,43,6,1
1220,5,4,5,1,0,44,7,1
1220,6,5,5.282,0.282,0,45,8,1
1221,1,0,1,1,0,65,12,1
1221,2,1,2,1,0,66,13,1
1221,3,2,2.901,0.901,0,67,14,1
1222,1,0,1,1,0,22,11,1
1222,2,1,2,1,0,23,12,1
1222,3,2,3,1,1,24,13,1
1222,4,3,4,1,0,25,14,1
1222,5,4,5,1,0,26,15,1
1222,6,5,5.324,0.324,0,27,16,1
1223,1,0,1,1,0,35,10,1
1223,2,1,2,1,0,36,11,1
1223,3,2,2.047,0.047,0,37,12,1
1224,1,0,1,1,0,23,16,1
1224,2,1,1.94,0.94,0,24,17,1
1225,1,0,1,1,0,43,9,1
1225,2,1,2,1,0,44,10,1
1225,3,2,3,1,0,45,11,1
1225,4,3,3.387,0.387,0,46,12,1
1226,1,0,1,1,0,30,1,1
1226,2,1,2,1,0,31,2,1
1226,3,2,2.004,0.004,0,32,3,1
1227,1,0,1,1,0,57,1,1
1227,2,1,2,1,0,58,2,1
1227,3,2,3,1,0,59,3,1
1227,4,3,4,1,0,60,4,1
1227,5,4,5,1,0,61,5,1
1227,6,5,6,1,0,62,6,1
1227,7,6,6.901,0.901,0,63,7,1
1228,1,0,1,1,0,65,3,1
1228,2,1,1.838,0.838,0,66,4,1
1229,1,0,1,1,0,46,11,1
1229,2,1,2,1,1,47,12,1
1229,3,2,3,1,1,48,13,1
1229,4,3,4,1,0,49,14,1
1229,5,4,4.343,0.343,0,50,15,1
1230,1,0,1,1,0,79,13,1
1230,2,1,2,1,0,80,14,1
1230,3,2,3,1,0,81,15,1
1230,4,3,4,1,0,82,16,1
1230,5,4,5,1,0,83,17,1
1230,6,5,6,1,0,84,18,1
1230,7,6,6.866,0.866,0,85,19,1
1231,1,0,1,1,0,41,6,1
1231,2,1,2,1,0,42,7,1
1231,3,2,3,1,0,43,8,1
1231,4,3,4,1,0,44,9,1
1231,5,4,5,1,0,45,10,1
1231,6,5,5.163,0.163,0,46,11,1
1232,1,0,1,1,0,70,8,1
1232,2,1,2,1,0,71,9,1
1232,3,2,3,1,1,72,10,1
1232,4,3,3.429,0.429,0,73,11,1
1233,1,0,1,1,0,35,12,1
1233,2,1,2,1,0,36,13,1
1233,3,2,3,1,0,37,14,1
1233,4,3,4,1,0,38,15,1
1233,5,4,5,1,0,39,16,1
1233,6,5,6,1,0,40,17,1
1233,7,6,6.355,0.355,0,41,18,1
1234,1,0,1,1,1,59,10,1
1234,2,1,2,1,0,60,11,1
1234,3,2,3,1,0,61,12,1
1234,4,3,4,1,0,62,13,1
1234,5,4,4.277,0.277,0,63,14,1
1235,1,0,1,1,0,48,3,1
1235,2,1,2,1,0,49,4,1
1235,3,2,3,1,0,50,5,1
1235,4,3,3.567,0.567,0,51,6,1
1236,1,0,1,1,2,82,7,1
1236,2,1,1.221,0.221,0,83,8,1
1237,1,0,1,1,0,35,0,1
1237,2,1,1.151,0.151,0,36,1,1
1238,1,0,1,1,1,64,11,1
1238,2,1,1.221,0.221,0,65,12,1
1239,1,0,0.843,0.843,0,18,16,1
1240,1,0,1,1,0,56,11,1
1240,2,1,2,1,0,57,12,1
1240,3,2,3,1,0,58,13,1
1240,4,3,4,1,0,59,14,1
1240,5,4,5,1,0,60,15,1
1240,6,5,6,1,0,61,16,1
1240,7,6,6.976,0.976,0,62,17,1
1241,1,0,1,1,1,42,13,1
1241,2,1,2,1,0,43,14,1
1241,3,2,3,1,0,44,15,1
1241,4,3,4,1,1,45,16,1
1241,5,4,5,1,0,46,17,1
1241,6,5,5.376,0.376,0,47,18,1
1242,1,0,1,1,0,37,9,1
1242,2,1,2,1,0,38,10,1
1242,3,2,3,1,0,39,11,1
1242,4,3,4,1,0,40,12,1
1242,5,4,5,1,0,41,13,1
1242,6,5,6,1,0,42,14,1
1242,7,6,6.504,0.504,0,43,15,1
1243,1,0,1,1,0,47,1,1
1243,2,1,2,1,0,48,2,1
1243,3,2,3,1,0,49,3,1
1243,4,3,4,1,0,50,4,1
1243,5,4,5,1,0,51,5,1
1243,6,5,6,1,0,52,6,1
1243,7,6,7,1,0,53,7,1
1243,8,7,8,1,0,54,8,1
1243,9,8,9,1,0,55,9,1
1243,10,9,9.001,0.001,0,56,10,1
1244,1,0,1,1,0,39,10,1
1244,2,1,2,1,0,40,11,1
1244,3,2,3,1,0,41,12,1
1244,4,3,3.214,0.214,0,42,13,1
1245,1,0,1,1,0,45,0,1
1245,2,1,2,1,0,46,1,1
1245,3,2,2.954,0.954,0,47,2,1
1246,1,0,1,1,0,23,16,1
1246,2,1,1.953,0.953,0,24,17,1
1247,1,0,1,1,0,46,0,1
1247,2,1,2,1,0,47,1,1
1247,3,2,3,1,0,48,2,1
1247,4,3,4,1,0,49,3,1
1247,5,4,5,1,0,50,4,1
1247,6,5,5.502,0.502,0,51,5,1
1248,1,0,1,1,0,52,17,1
1248,2,1,2,1,0,53,18,1
1248,3,2,3,1,0,54,19,1
1248,4,3,3.789,0.789,0,55,20,1
1249,1,0,1,1,0,55,5,1
1249,2,1,1.085,0.085,0,56,6,1
1250,1,0,1,1,0,45,13,1
1250,2,1,2,1,0,46,14,1
1250,3,2,2.21,0.21,0,47,15,1
1251,1,0,0.522,0.522,0,40,3,1
1252,1,0,1,1,0,36,6,1
1252,2,1,2,1,0,37,7,1
1252,3,2,3,1,0,38,8,1
1252,4,3,4,1,0,39,9,1
1252,5,4,5,1,0,40,10,1
1252,6,5,6,1,0,41,11,1
1252,7,6,7,1,0,42,12,1
1252,8,7,7.562,0.562,0,43,13,1
1253,1,0,1,1,0,48,8,1
1253,2,1,2,1,0,49,9,1
1253,3,2,3,1,0,50,10,1
1253,4,3,4,1,0,51,11,1
1253,5,4,5,1,0,52,12,1
1253,6,5,5.595,0.595,0,53,13,1
1254,1,0,1,1,0,43,5,1
1254,2,1,2,1,0,44,6,1
1254,3,2,3,1,0,45,7,1
1254,4,3,4,1,0,46,8,1
1254,5,4,5,1,0,47,9,1
1254,6,5,5.23,0.23,0,48,10,1
1255,1,0,1,1,0,55,9,1
1255,2,1,2,1,0,56,10,1
1255,3,2,3,1,0,57,11,1
1255,4,3,3.617,0.617,0,58,12,1
1256,1,0,1,1,0,54,12,1
1256,2,1,2,1,0,55,13,1
1256,3,2,3,1,0,56,14,1
1256,4,3,3.695,0.695,0,57,15,1
1257,1,0,1,1,0,59,5,1
1257,2,1,2,1,0,60,6,1
1257,3,2,3,1,0,61,7,1
1257,4,3,4,1,0,62,8,1
1257,5,4,4.031,0.031,0,63,9,1
1258,1,0,1,1,0,33,9,1
1258,2,1,1.273,0.273,0,34,10,1
1259,1,0,1,1,0,33,11,1
1259,2,1,2,1,0,34,12,1
1259,3,2,3,1,0,35,13,1
1259,4,3,4,1,0,36,14,1
1259,5,4,4.286,0.286,0,37,15,1
1260,1,0,1,1,0,47,5,1
1260,2,1,2,1,0,48,6,1
1260,3,2,3,1,0,49,7,1
1260,4,3,4,1,0,50,8,1
1260,5,4,5,1,0,51,9,1
1260,6,5,6,1,0,52,10,1
1260,7,6,7,1,0,53,11,1
1260,8,7,8,1,0,54,12,1
1260,9,8,9,1,0,55,13,1
1260,10,9,9.039,0.039,0,56,14,1
1261,1,0,1,1,0,50,5,1
1261,2,1,1.687,0.687,0,51,6,1
1262,1,0,1,1,0,39,3,1
1262,2,1,2,1,0,40,4,1
1262,3,2,2.37,0.37,0,41,5,1
1263,1,0,1,1,0,60,8,1
1263,2,1,2,1,0,61,9,1
1263,3,2,3,1,1,62,10,1
1263,4,3,4,1,0,63,11,1
1263,5,4,5,1,0,64,12,1
1263,6,5,6,1,0,65,13,1
1263,7,6,7,1,0,66,14,1
1263,8,7,7.859,0.859,0,67,15,1
1264,1,0,1,1,0,43,0,1
1264,2,1,2,1,0,44,1,1
1264,3,2,3,1,0,45,2,1
1264,4,3,3.89,0.89,0,46,3,1
1265,1,0,1,1,0,59,10,1
1265,2,1,2,1,0,60,11,1
1265,3,2,3,1,0,61,12,1
1265,4,3,4,1,0,62,13,1
1265,5,4,4.215,0.215,0,63,14,1
1266,1,0,1,1,0,38,4,1
1266,2,1,2,1,0,39,5,1
1266,3,2,3,1,0,40,6,1
1266,4,3,3.848,0.848,1,41,7,1
1267,1,0,1,1,0,27,3,1
1267,2,1,2,1,0,28,4,1
1267,3,2,3,1,0,29,5,1
1267,4,3,4,1,0,30,6,1
1267,5,4,5,1,0,31,7,1
1267,6,5,6,1,0,32,8,1
1267,7,6,7,1,0,33,9,1
1267,8,7,8,1,0,34,10,1
1267,9,8,8.243,0.243,0,35,11,1
1268,1,0,1,1,1,66,4,1
1268,2,1,2,1,0,67,5,1
1268,3,2,3,1,0,68,6,1
1268,4,3,4,1,0,69,7,1
1268,5,4,5,1,0,70,8,1
1268,6,5,5.19,0.19,0,71,9,1
1269,1,0,1,1,0,66,10,1
1269,2,1,2,1,0,67,11,1
1269,3,2,3,1,0,68,12,1
1269,4,3,4,1,0,69,13,1
1269,5,4,4.093,0.093,0,70,14,1
1270,1,0,1,1,0,61,0,1
1270,2,1,1.266,0.266,0,62,1,1
1271,1,0,1,1,0,40,10,1
1271,2,1,2,1,0,41,11,1
1271,3,2,3,1,0,42,12,1
1271,4,3,4,1,0,43,13,1
1271,5,4,5,1,0,44,14,1
1271,6,5,5.83,0.83,0,45,15,1
1272,1,0,1,1,0,28,16,1
1272,2,1,2,1,0,29,17,1
1272,3,2,2.47,0.47,0,30,18,1
1273,1,0,1,1,0,39,7,1
1273,2,1,2,1,0,40,8,1
1273,3,2,3,1,0,41,9,1
1273,4,3,3.572,0.572,1,42,10,1
1274,1,0,1,1,0,45,5,1
1274,2,1,2,1,0,46,6,1
1274,3,2,3,1,0,47,7,1
1274,4,3,4,1,0,48,8,1
1274,5,4,4.638,0.638,0,49,9,1
1275,1,0,0.972,0.972,0,28,6,1
1276,1,0,1,1,0,43,4,1
1276,2,1,2,1,0,44,5,1
1276,3,2,3,1,0,45,6,1
1276,4,3,4,1,0,46,7,1
1276,5,4,5,1,0,47,8,1
1276,6,5,6,1,0,48,9,1
1276,7,6,7,1,0,49,10,1
1276,8,7,8,1,0,50,11,1
1276,9,8,8.05,0.05,0,51,12,1
1277,1,0,1,1,0,45,4,1
1277,2,1,2,1,0,46,5,1
1277,3,2,3,1,0,47,6,1
1277,4,3,4,1,0,48,7,1
1277,5,4,5,1,0,49,8,1
1277,6,5,5.11,0.11,0,50,9,1
1278,1,0,1,1,1,59,17,1
1278,2,1,1.927,0.927,0,60,18,1
1279,1,0,1,1,0,34,8,1
1279,2,1,2,1,0,35,9,1
1279,3,2,3,1,0,36,10,1
1279,4,3,4,1,0,37,11,1
1279,5,4,5,1,0,38,12,1
1279,6,5,6,1,0,39,13,1
1279,7,6,7,1,0,40,14,1
1279,8,7,7.948,0.948,0,41,15,1
1280,1,0,1,1,0,60,11,1
1280,2,1,1.746,0.746,0,61,12,1
1281,1,0,1,1,0,45,8,1
1281,2,1,2,1,1,46,9,1
1281,3,2,3,1,0,47,10,1
1281,4,3,4,1,0,48,11,1
1281,5,4,4.704,0.704,0,49,12,1
1282,1,0,1,1,0,18,3,1
1282,2,1,2,1,1,19,4,1
1282,3,2,3,1,0,20,5,1
1282,4,3,4,1,0,21,6,1
1282,5,4,4.798,0.798,0,22,7,1
1283,1,0,1,1,0,59,8,1
1283,2,1,1.306,0.306,0,60,9,1
1284,1,0,1,1,0,48,11,1
1284,2,1,2,1,0,49,12,1
1284,3,2,3,1,0,50,13,1
1284,4,3,4,1,0,51,14,1
1284,5,4,5,1,0,52,15,1
1284,6,5,5.613,0.613,0,53,16,1
1285,1,0,1,1,0,33,5,1
1285,2,1,2,1,0,34,6,1
1285,3,2,3,1,0,35,7,1
1285,4,3,4,1,0,36,8,1
1285,5,4,4.669,0.669,0,37,9,1
1286,1,0,1,1,2,35,5,1
1286,2,1,2,1,0,36,6,1
1286,3,2,3,1,0,37,7,1
1286,4,3,3.894,0.894,0,38,8,1
1287,1,0,0.979,0.979,0,29,6,1
1288,1,0,1,1,0,75,9,1
1288,2,1,2,1,0,76,10,1
1288,3,2,3,1,0,77,11,1
1288,4,3,3.307,0.307,0,78,12,1
1289,1,0,1,1,0,18,4,1
1289,2,1,1.794,0.794,0,19,5,1
1290,1,0,1,1,0,60,6,1
1290,2,1,2,1,0,61,7,1
1290,3,2,3,1,0,62,8,1
1290,4,3,4,1,0,63,9,1
1290,5,4,5,1,0,64,10,1
1290,6,5,6,1,0,65,11,1
1290,7,6,7,1,0,66,12,1
1290,8,7,7.148,0.148,0,67,13,1
1291,1,0,1,1,0,58,12,1
1291,2,1,2,1,0,59,13,1
1291,3,2,3,1,0,60,14,1
1291,4,3,4,1,0,61,15,1
1291,5,4,5,1,0,62,16,1
1291,6,5,5.334,0.334,0,63,17,1
1292,1,0,1,1,0,38,7,1
1292,2,1,1.351,0.351,0,39,8,1
1293,1,0,1,1,0,36,7,1
1293,2,1,2,1,1,37,8,1
1293,3,2,3,1,1,38,9,1
1293,4,3,3.377,0.377,0,39,10,1
1294,1,0,1,1,0,42,4,1
1294,2,1,2,1,0,43,5,1
1294,3,2,3,1,0,44,6,1
1294,4,3,4,1,0,45,7,1
1294,5,4,4.228,0.228,0,46,8,1
1295,1,0,1,1,0,48,3,1
1295,2,1,2,1,0,49,4,1
1295,3,2,3,1,0,50,5,1
1295,4,3,4,1,0,51,6,1
1295,5,4,5,1,0,52,7,1
1295,6,5,5.048,0.048,0,53,8,1
1296,1,0,1,1,0,69,3,1
1296,2,1,2,1,0,70,4,1
1296,3,2,2.624,0.624,0,71,5,1
1297,1,0,1,1,0,61,11,1
1297,2,1,2,1,0,62,12,1
1297,3,2,3,1,0,63,13,1
1297,4,3,4,1,0,64,14,1
1297,5,4,5,1,0,65,15,1
1297,6,5,6,1,0,66,16,1
1297,7,6,6.619,0.619,0,67,17,1
1298,1,0,1,1,0,58,1,1
1298,2,1,1.618,0.618,0,59,2,1
1299,1,0,1,1,0,42,14,1
1299,2,1,2,1,0,43,15,1
1299,3,2,3,1,0,44,16,1
1299,4,3,3.78,0.78,0,45,17,1
1300,1,0,1,1,0,27,19,1
1300,2,1,1.597,0.597,0,28,20,1
1301,1,0,1,1,1,61,5,1
1301,2,1,1.949,0.949,0,62,6,1
1302,1,0,1,1,0,38,4,1
1302,2,1,2,1,0,39,5,1
1302,3,2,3,1,0,40,6,1
1302,4,3,4,1,0,41,7,1
1302,5,4,5,1,0,42,8,1
1302,6,5,6,1,0,43,9,1
1302,7,6,7,1,0,44,10,1
1302,8,7,8,1,0,45,11,1
1302,9,8,8.394,0.394,0,46,12,1
1303,1,0,1,1,0,75,6,1
1303,2,1,2,1,0,76,7,1
1303,3,2,2.965,0.965,0,77,8,1
1304,1,0,1,1,0,43,12,1
1304,2,1,2,1,0,44,13,1
1304,3,2,2.187,0.187,0,45,14,1
1305,1,0,1,1,0,50,0,1
1305,2,1,2,1,0,51,1,1
1305,3,2,3,1,0,52,2,1
1305,4,3,4,1,0,53,3,1
1305,5,4,4.628,0.628,0,54,4,1
1306,1,0,1,1,0,62,15,1
1306,2,1,2,1,0,63,16,1
1306,3,2,3,1,0,64,17,1
1306,4,3,3.627,0.627,0,65,18,1
1307,1,0,1,1,0,38,20,1
1307,2,1,2,1,0,39,21,1
1307,3,2,3,1,0,40,22,1
1307,4,3,4,1,0,41,23,1
1307,5,4,4.363,0.363,0,42,24,1
1308,1,0,1,1,0,48,3,1
1308,2,1,2,1,0,49,4,1
1308,3,2,3,1,0,50,5,1
1308,4,3,4,1,0,51,6,1
1308,5,4,5,1,0,52,7,1
1308,6,5,6,1,0,53,8,1
1308,7,6,7,1,0,54,9,1
1308,8,7,8,1,0,55,10,1
1308,9,8,9,1,0,56,11,1
1308,10,9,9.22,0.22,0,57,12,1
1309,1,0,1,1,0,36,15,1
1309,2,1,2,1,0,37,16,1
1309,3,2,2.61,0.61,0,38,17,1
1310,1,0,1,1,0,30,6,1
1310,2,1,1.703,0.703,0,31,7,1
1311,1,0,1,1,1,42,7,1
1311,2,1,2,1,0,43,8,1
1311,3,2,3,1,2,44,9,1
1311,4,3,4,1,2,45,10,1
1311,5,4,5,1,0,46,11,1
1311,6,5,6,1,1,47,12,1
1311,7,6,7,1,0,48,13,1
1311,8,7,8,1,0,49,14,1
1311,9,8,8.24,0.24,0,50,15,1
1312,1,0,1,1,0,43,9,1
1312,2,1,2,1,0,44,10,1
1312,3,2,3,1,0,45,11,1
1312,4,3,4,1,0,46,12,1
1312,5,4,5,1,0,47,13,1
1312,6,5,6,1,0,48,14,1
1312,7,6,7,1,0,49,15,1
1312,8,7,8,1,0,50,16,1
1312,9,8,9,1,0,51,17,1
1312,10,9,9.315,0.315,0,52,18,1
1313,1,0,1,1,0,69,13,1
1313,2,1,1.084,0.084,0,70,14,1
1314,1,0,1,1,1,33,17,1
1314,2,1,2,1,0,34,18,1
1314,3,2,3,1,0,35,19,1
1314,4,3,4,1,0,36,20,1
1314,5,4,5,1,0,37,21,1
1314,6,5,6,1,0,38,22,1
1314,7,6,6.697,0.697,0,39,23,1
1315,1,0,1,1,0,54,10,1
1315,2,1,2,1,0,55,11,1
1315,3,2,2.845,0.845,0,56,12,1
1316,1,0,1,1,1,53,2,1
1316,2,1,1.433,0.433,0,54,3,1
1317,1,0,1,1,0,37,11,1
1317,2,1,1.983,0.983,0,38,12,1
1318,1,0,1,1,2,57,18,1
1318,2,1,1.007,0.007,0,58,19,1
1319,1,0,1,1,0,30,12,1
1319,2,1,2,1,0,31,13,1
1319,3,2,3,1,0,32,14,1
1319,4,3,3.128,0.128,0,33,15,1
1320,1,0,1,1,0,84,5,1
1320,2,1,2,1,0,85,6,1
1320,3,2,2.402,0.402,0,86,7,1
1321,1,0,1,1,0,60,3,1
1321,2,1,2,1,0,61,4,1
1321,3,2,3,1,0,62,5,1
1321,4,3,4,1,0,63,6,1
1321,5,4,5,1,0,64,7,1
1321,6,5,5.302,0.302,0,65,8,1
1322,1,0,1,1,0,46,14,1
1322,2,1,2,1,1,47,15,1
1322,3,2,3,1,0,48,16,1
1322,4,3,4,1,0,49,17,1
1322,5,4,4.819,0.819,0,50,18,1
1323,1,0,1,1,0,55,18,1
1323,2,1,2,1,0,56,19,1
1323,3,2,3,1,0,57,20,1
1323,4,3,4,1,0,58,21,1
1323,5,4,4.637,0.637,0,59,22,1
1324,1,0,1,1,0,71,14,1
1324,2,1,2,1,0,72,15,1
1324,3,2,3,1,1,73,16,1
1324,4,3,3.556,0.556,0,74,17,1
1325,1,0,1,1,1,45,5,1
1325,2,1,1.391,0.391,0,46,6,1
1326,1,0,1,1,0,34,6,1
1326,2,1,2,1,0,35,7,1
1326,3,2,3,1,0,36,8,1
1326,4,3,4,1,1,37,9,1
1326,5,4,4.101,0.101,0,38,10,1
1327,1,0,1,1,0,53,10,1
1327,2,1,2,1,0,54,11,1
1327,3,2,3,1,0,55,12,1
1327,4,3,4,1,0,56,13,1
1327,5,4,5,1,0,57,14,1
1327,6,5,6,1,0,58,15,1
1327,7,6,7,1,0,59,16,1
1327,8,7,7.057,0.057,0,60,17,1
1328,1,0,1,1,0,69,5,1
1328,2,1,2,1,0,70,6,1
1328,3,2,3,1,0,71,7,1
1328,4,3,4,1,0,72,8,1
1328,5,4,5,1,0,73,9,1
1328,6,5,6,1,0,74,10,1
1328,7,6,7,1,0,75,11,1
1328,8,7,7.184,0.184,0,76,12,1
1329,1,0,1,1,0,55,6,1
1329,2,1,2,1,0,56,7,1
1329,3,2,3,1,0,57,8,1
1329,4,3,4,1,0,58,9,1
1329,5,4,5,1,0,59,10,1
1329,6,5,6,1,0,60,11,1
1329,7,6,6.031,0.031,0,61,12,1
1330,1,0,1,1,0,21,12,1
1330,2,1,2,1,0,22,13,1
1330,3,2,3,1,0,23,14,1
1330,4,3,4,1,0,24,15,1
1330,5,4,4.756,0.756,0,25,16,1
1331,1,0,1,1,0,49,16,1
1331,2,1,2,1,0,50,17,1
1331,3,2,3,1,0,51,18,1
1331,4,3,4,1,0,52,19,1
1331,5,4,5,1,0,53,20,1
1331,6,5,5.091,0.091,0,54,21,1
1332,1,0,1,1,0,35,12,1
1332,2,1,2,1,0,36,13,1
1332,3,2,3,1,0,37,14,1
1332,4,3,4,1,0,38,15,1
1332,5,4,5,1,0,39,16,1
1332,6,5,6,1,0,40,17,1
1332,7,6,7,1,0,41,18,1
1332,8,7,8,1,0,42,19,1
1332,9,8,9,1,0,43,20,1
1332,10,9,9.896,0.896,0,44,21,1
1333,1,0,1,1,0,52,14,1
1333,2,1,2,1,0,53,15,1
1333,3,2,2.118,0.118,0,54,16,1
1334,1,0,1,1,0,38,9,1
1334,2,1,2,1,0,39,10,1
1334,3,2,3,1,0,40,11,1
1334,4,3,4,1,0,41,12,1
1334,5,4,5,1,0,42,13,1
1334,6,5,6,1,0,43,14,1
1334,7,6,6.834,0.834,0,44,15,1
1335,1,0,1,1,0,26,9,1
1335,2,1,1.927,0.927,1,27,10,1
1336,1,0,1,1,0,44,8,1
1336,2,1,2,1,0,45,9,1
1336,3,2,3,1,0,46,10,1
1336,4,3,4,1,0,47,11,1
1336,5,4,5,1,0,48,12,1
1336,6,5,5.756,0.756,0,49,13,1
1337,1,0,0.675,0.675,0,24,8,1
1338,1,0,1,1,1,55,8,1
1338,2,1,1.435,0.435,0,56,9,1
1339,1,0,1,1,0,55,10,1
1339,2,1,2,1,0,56,11,1
1339,3,2,3,1,0,57,12,1
1339,4,3,4,1,0,58,13,1
1339,5,4,4.016,0.016,0,59,14,1
1340,1,0,1,1,0,73,19,1
1340,2,1,2,1,0,74,20,1
1340,3,2,3,1,0,75,21,1
1340,4,3,4,1,0,76,22,1
1340,5,4,5,1,0,77,23,1
1340,6,5,6,1,0,78,24,1
1340,7,6,7,1,0,79,25,1
1340,8,7,7.154,0.154,0,80,26,1
1341,1,0,1,1,0,64,10,1
1341,2,1,2,1,0,65,11,1
1341,3,2,2.316,0.316,0,66,12,1
1342,1,0,1,1,0,38,10,1
1342,2,1,2,1,0,39,11,1
1342,3,2,3,1,0,40,12,1
1342,4,3,3.68,0.68,0,41,13,1
1343,1,0,1,1,0,47,5,1
1343,2,1,2,1,0,48,6,1
1343,3,2,3,1,1,49,7,1
1343,4,3,4,1,0,50,8,1
1343,5,4,5,1,1,51,9,1
1343,6,5,6,1,0,52,10,1
1343,7,6,7,1,0,53,11,1
1343,8,7,7.002,0.002,0,54,12,1
1344,1,0,1,1,0,34,0,1
1344,2,1,2,1,0,35,1,1
1344,3,2,3,1,0,36,2,1
1344,4,3,4,1,0,37,3,1
1344,5,4,5,1,0,38,4,1
1344,6,5,5.61,0.61,0,39,5,1
1345,1,0,1,1,0,55,2,1
1345,2,1,2,1,0,56,3,1
1345,3,2,3,1,0,57,4,1
1345,4,3,4,1,0,58,5,1
1345,5,4,4.732,0.732,0,59,6,1
1346,1,0,1,1,0,36,16,1
1346,2,1,2,1,0,37,17,1
1346,3,2,3,1,0,38,18,1
1346,4,3,3.507,0.507,0,39,19,1
1347,1,0,1,1,0,47,6,1
1347,2,1,2,1,0,48,7,1
1347,3,2,3,1,0,49,8,1
1347,4,3,4,1,0,50,9,1
1347,5,4,5,1,0,51,10,1
1347,6,5,5.375,0.375,0,52,11,1
1348,1,0,1,1,0,62,12,1
1348,2,1,2,1,0,63,13,1
1348,3,2,3,1,0,64,14,1
1348,4,3,4,1,0,65,15,1
1348,5,4,4.229,0.229,0,66,16,1
1349,1,0,1,1,0,43,4,1
1349,2,1,2,1,1,44,5,1
1349,3,2,3,1,0,45,6,1
1349,4,3,4,1,0,46,7,1
1349,5,4,5,1,0,47,8,1
1349,6,5,6,1,1,48,9,1
1349,7,6,7,1,1,49,10,1
1349,8,7,7.933,0.933,0,50,11,1
1350,1,0,1,1,0,42,5,1
1350,2,1,2,1,0,43,6,1
1350,3,2,3,1,0,44,7,1
1350,4,3,4,1,0,45,8,1
1350,5,4,5,1,0,46,9,1
1350,6,5,5.355,0.355,0,47,10,1
1351,1,0,1,1,1,57,0,1
1351,2,1,2,1,1,58,1,1
1351,3,2,3,1,2,59,2,1
1351,4,3,4,1,0,60,3,1
1351,5,4,5,1,0,61,4,1
1351,6,5,6,1,1,62,5,1
1351,7,6,7,1,1,63,6,1
1351,8,7,8,1,0,64,7,1
1351,9,8,9,1,0,65,8,1
1351,10,9,9.664,0.664,0,66,9,1
1352,1,0,1,1,0,39,9,1
1352,2,1,2,1,0,40,10,1
1352,3,2,3,1,0,41,11,1
1352,4,3,3.065,0.065,0,42,12,1
1353,1,0,1,1,0,54,9,1
1353,2,1,1.856,0.856,1,55,10,1
1354,1,0,1,1,0,37,17,1
1354,2,1,2,1,0,38,18,1
1354,3,2,2.387,0.387,0,39,19,1
1355,1,0,1,1,0,56,11,1
1355,2,1,2,1,0,57,12,1
1355,3,2,2.002,0.002,0,58,13,1
1356,1,0,1,1,0,18,11,1
1356,2,1,2,1,0,19,12,1
1356,3,2,3,1,0,20,13,1
1356,4,3,4,1,0,21,14,1
1356,5,4,5,1,1,22,15,1
1356,6,5,6,1,0,23,16,1
1356,7,6,6.356,0.356,0,24,17,1
1357,1,0,1,1,0,50,1,1
1357,2,1,1.942,0.942,0,51,2,1
1358,1,0,1,1,0,43,16,1
1358,2,1,2,1,0,44,17,1
1358,3,2,3,1,0,45,18,1
1358,4,3,4,1,0,46,19,1
1358,5,4,4.421,0.421,0,47,20,1
1359,1,0,1,1,0,42,10,1
1359,2,1,2,1,0,43,11,1
1359,3,2,2.965,0.965,0,44,12,1
1360,1,0,1,1,0,47,5,1
1360,2,1,2,1,0,48,6,1
1360,3,2,3,1,0,49,7,1
1360,4,3,4,1,0,50,8,1
1360,5,4,5,1,0,51,9,1
1360,6,5,5.684,0.684,0,52,10,1
1361,1,0,1,1,0,42,12,1
1361,2,1,2,1,0,43,13,1
1361,3,2,2.331,0.331,0,44,14,1
1362,1,0,1,1,1,27,5,1
1362,2,1,2,1,0,28,6,1
1362,3,2,2.387,0.387,0,29,7,1
1363,1,0,1,1,0,36,3,1
1363,2,1,2,1,0,37,4,1
1363,3,2,3,1,0,38,5,1
1363,4,3,4,1,0,39,6,1
1363,5,4,5,1,0,40,7,1
1363,6,5,6,1,0,41,8,1
1363,7,6,7,1,0,42,9,1
1363,8,7,8,1,0,43,10,1
1363,9,8,8.995,0.995,0,44,11,1
1364,1,0,1,1,0,35,6,1
1364,2,1,1.895,0.895,0,36,7,1
1365,1,0,1,1,0,44,0,1
1365,2,1,2,1,0,45,1,1
1365,3,2,3,1,0,46,2,1
1365,4,3,4,1,0,47,3,1
1365,5,4,5,1,0,48,4,1
1365,6,5,6,1,0,49,5,1
1365,7,6,7,1,0,50,6,1
1365,8,7,8,1,0,51,7,1
1365,9,8,8.473,0.473,0,52,8,1
1366,1,0,1,1,0,61,7,1
1366,2,1,1.54,0.54,0,62,8,1
1367,1,0,1,1,0,35,16,1
1367,2,1,2,1,0,36,17,1
1367,3,2,2.34,0.34,0,37,18,1
1368,1,0,1,1,0,36,10,1
1368,2,1,2,1,0,37,11,1
1368,3,2,3,1,0,38,12,1
1368,4,3,4,1,0,39,13,1
1368,5,4,5,1,0,40,14,1
1368,6,5,6,1,1,41,15,1
1368,7,6,6.039,0.039,0,42,16,1
1369,1,0,1,1,0,57,9,1
1369,2,1,2,1,0,58,10,1
1369,3,2,3,1,0,59,11,1
1369,4,3,3.519,0.519,0,60,12,1
1370,1,0,1,1,2,23,10,1
1370,2,1,2,1,1,24,11,1
1370,3,2,3,1,3,25,12,1
1370,4,3,4,1,3,26,13,1
1370,5,4,5,1,3,27,14,1
1370,6,5,6,1,6,28,15,1
1370,7,6,7,1,2,29,16,1
1370,8,7,8,1,0,30,17,1
1370,9,8,8.864,0.864,1,31,18,1
1371,1,0,1,1,0,60,15,1
1371,2,1,2,1,0,61,16,1
1371,3,2,3,1,0,62,17,1
1371,4,3,3.679,0.679,0,63,18,1
1372,1,0,0.875,0.875,1,18,21,1
1373,1,0,1,1,0,48,6,1
1373,2,1,2,1,0,49,7,1
1373,3,2,3,1,0,50,8,1
1373,4,3,4,1,0,51,9,1
1373,5,4,5,1,0,52,10,1
1373,6,5,6,1,0,53,11,1
1373,7,6,7,1,0,54,12,1
1373,8,7,8,1,0,55,13,1
1373,9,8,8.096,0.096,0,56,14,1
1374,1,0,1,1,0,28,12,1
1374,2,1,2,1,0,29,13,1
1374,3,2,3,1,0,30,14,1
1374,4,3,4,1,0,31,15,1
1374,5,4,5,1,0,32,16,1
1374,6,5,6,1,0,33,17,1
1374,7,6,6.124,0.124,0,34,18,1
1375,1,0,1,1,1,66,3,1
1375,2,1,2,1,0,67,4,1
1375,3,2,3,1,0,68,5,1
1375,4,3,3.878,0.878,0,69,6,1
1376,1,0,0.95,0.95,0,59,14,1
1377,1,0,1,1,0,48,12,1
1377,2,1,2,1,0,49,13,1
1377,3,2,2.373,0.373,0,50,14,1
1378,1,0,1,1,0,48,9,1
1378,2,1,2,1,0,49,10,1
1378,3,2,3,1,0,50,11,1
1378,4,3,4,1,0,51,12,1
1378,5,4,5,1,0,52,13,1
1378,6,5,6,1,0,53,14,1
1378,7,6,7,1,0,54,15,1
1378,8,7,7.133,0.133,0,55,16,1
1379,1,0,1,1,0,34,13,1
1379,2,1,1.777,0.777,1,35,14,1
1380,1,0,1,1,0,27,4,1
1380,2,1,2,1,0,28,5,1
1380,3,2,3,1,0,29,6,1
1380,4,3,4,1,0,30,7,1
1380,5,4,5,1,0,31,8,1
1380,6,5,5.755,0.755,0,32,9,1
1381,1,0,1,1,0,44,2,1
1381,2,1,2,1,0,45,3,1
1381,3,2,3,1,0,46,4,1
1381,4,3,4,1,0,47,5,1
1381,5,4,5,1,0,48,6,1
1381,6,5,5.068,0.068,0,49,7,1
1382,1,0,1,1,0,45,11,1
1382,2,1,2,1,0,46,12,1
1382,3,2,3,1,0,47,13,1
1382,4,3,4,1,0,48,14,1
1382,5,4,5,1,0,49,15,1
1382,6,5,6,1,0,50,16,1
1382,7,6,7,1,0,51,17,1
1382,8,7,8,1,0,52,18,1
1382,9,8,9,1,0,53,19,1
1382,10,9,9.629,0.629,0,54,20,1
1383,1,0,1,1,0,49,11,1
1383,2,1,1.502,0.502,0,50,12,1
1384,1,0,1,1,0,44,10,1
1384,2,1,2,1,0,45,11,1
1384,3,2,3,1,0,46,12,1
1384,4,3,4,1,0,47,13,1
1384,5,4,5,1,0,48,14,1
1384,6,5,5.011,0.011,0,49,15,1
1385,1,0,1,1,0,55,4,1
1385,2,1,2,1,0,56,5,1
1385,3,2,3,1,0,57,6,1
1385,4,3,4,1,0,58,7,1
1385,5,4,5,1,0,59,8,1
1385,6,5,5.367,0.367,0,60,9,1
1386,1,0,1,1,1,35,9,1
1386,2,1,2,1,0,36,10,1
1386,3,2,3,1,0,37,11,1
1386,4,3,4,1,0,38,12,1
1386,5,4,5,1,0,39,13,1
1386,6,5,6,1,0,40,14,1
1386,7,6,7,1,0,41,15,1
1386,8,7,8,1,0,42,16,1
1386,9,8,8.001,0.001,0,43,17,1
1387,1,0,1,1,0,41,16,1
1387,2,1,2,1,0,42,17,1
1387,3,2,3,1,0,43,18,1
1387,4,3,4,1,0,44,19,1
1387,5,4,4.632,0.632,0,45,20,1
1388,1,0,1,1,0,59,7,1
1388,2,1,2,1,0,60,8,1
1388,3,2,3,1,0,61,9,1
1388,4,3,4,1,0,62,10,1
1388,5,4,4.948,0.948,0,63,11,1
1389,1,0,1,1,1,18,10,1
1389,2,1,2,1,0,19,11,1
1389,3,2,2.293,0.293,0,20,12,1
1390,1,0,1,1,1,78,4,1
1390,2,1,1.582,0.582,0,79,5,1
1391,1,0,1,1,0,38,14,1
1391,2,1,2,1,0,39,15,1
1391,3,2,2.747,0.747,0,40,16,1
1392,1,0,1,1,0,18,11,1
1392,2,1,2,1,2,19,12,1
1392,3,2,3,1,0,20,13,1
1392,4,3,4,1,2,21,14,1
1392,5,4,4.732,0.732,1,22,15,1
1393,1,0,1,1,0,42,3,1
1393,2,1,1.788,0.788,0,43,4,1
1394,1,0,1,1,0,53,1,1
1394,2,1,2,1,0,54,2,1
1394,3,2,3,1,0,55,3,1
1394,4,3,4,1,0,56,4,1
1394,5,4,4.536,0.536,0,57,5,1
1395,1,0,1,1,0,40,5,1
1395,2,1,2,1,0,41,6,1
1395,3,2,3,1,1,42,7,1
1395,4,3,4,1,0,43,8,1
1395,5,4,5,1,0,44,9,1
1395,6,5,6,1,0,45,10,1
1395,7,6,7,1,1,46,11,1
1395,8,7,7.055,0.055,0,47,12,1
1396,1,0,1,1,0,56,11,1
1396,2,1,2,1,0,57,12,1
1396,3,2,3,1,0,58,13,1
1396,4,3,3.57,0.57,0,59,14,1
1397,1,0,1,1,0,30,5,1
1397,2,1,1.64,0.64,0,31,6,1
1398,1,0,1,1,0,59,10,1
1398,2,1,1.426,0.426,0,60,11,1
1399,1,0,1,1,0,23,8,1
1399,2,1,2,1,0,24,9,1
1399,3,2,3,1,0,25,10,1
1399,4,3,4,1,0,26,11,1
1399,5,4,5,1,1,27,12,1
1399,6,5,5.788,0.788,0,28,13,1
1400,1,0,1,1,1,25,8,1
1400,2,1,2,1,0,26,9,1
1400,3,2,3,1,0,27,10,1
1400,4,3,3.905,0.905,0,28,11,1
1401,1,0,1,1,0,34,7,1
1401,2,1,2,1,0,35,8,1
1401,3,2,3,1,0,36,9,1
1401,4,3,4,1,0,37,10,1
1401,5,4,5,1,0,38,11,1
1401,6,5,6,1,0,39,12,1
1401,7,6,6.101,0.101,0,40,13,1
1402,1,0,1,1,0,66,6,1
1402,2,1,2,1,0,67,7,1
1402,3,2,3,1,0,68,8,1
1402,4,3,4,1,0,69,9,1
1402,5,4,4.869,0.869,1,70,10,1
1403,1,0,1,1,0,37,6,1
1403,2,1,1.8,0.8,0,38,7,1
1404,1,0,1,1,0,43,12,1
1404,2,1,2,1,0,44,13,1
1404,3,2,2.393,0.393,0,45,14,1
1405,1,0,1,1,0,53,7,1
1405,2,1,1.907,0.907,0,54,8,1
1406,1,0,1,1,0,46,15,1
1406,2,1,2,1,0,47,16,1
1406,3,2,3,1,0,48,17,1
1406,4,3,4,1,0,49,18,1
1406,5,4,4.11,0.11,0,50,19,1
1407,1,0,1,1,0,46,4,1
1407,2,1,2,1,0,47,5,1
1407,3,2,3,1,0,48,6,1
1407,4,3,4,1,0,49,7,1
1407,5,4,5,1,0,50,8,1
1407,6,5,6,1,0,51,9,1
1407,7,6,7,1,1,52,10,1
1407,8,7,7.166,0.166,0,53,11,1
1408,1,0,1,1,1,18,2,1
1408,2,1,2,1,0,19,3,1
1408,3,2,3,1,0,20,4,1
1408,4,3,3.127,0.127,0,21,5,1
1409,1,0,1,1,0,49,4,1
1409,2,1,1.174,0.174,0,50,5,1
1410,1,0,1,1,3,20,6,1
1410,2,1,2,1,2,21,7,1
1410,3,2,2.291,0.291,0,22,8,1
1411,1,0,1,1,0,28,8,1
1411,2,1,2,1,0,29,9,1
1411,3,2,2.353,0.353,0,30,10,1
1412,1,0,1,1,0,48,5,1
1412,2,1,2,1,0,49,6,1
1412,3,2,3,1,0,50,7,1
1412,4,3,4,1,0,51,8,1
1412,5,4,4.917,0.917,0,52,9,1
1413,1,0,1,1,2,26,4,1
1413,2,1,2,1,0,27,5,1
1413,3,2,3,1,0,28,6,1
1413,4,3,4,1,0,29,7,1
1413,5,4,5,1,0,30,8,1
1413,6,5,5.63,0.63,0,31,9,1
1414,1,0,1,1,0,41,16,1
1414,2,1,1.193,0.193,0,42,17,1
1415,1,0,1,1,0,45,6,1
1415,2,1,1.062,0.062,0,46,7,1
1416,1,0,1,1,0,55,6,1
1416,2,1,2,1,0,56,7,1
1416,3,2,2.01,0.01,0,57,8,1
1417,1,0,1,1,0,50,8,1
1417,2,1,2,1,0,51,9,1
1417,3,2,3,1,0,52,10,1
1417,4,3,4,1,0,53,11,1
1417,5,4,5,1,0,54,12,1
1417,6,5,6,1,0,55,13,1
1417,7,6,7,1,0,56,14,1
1417,8,7,8,1,0,57,15,1
1417,9,8,8.466,0.466,0,58,16,1
1418,1,0,1,1,0,39,3,1
1418,2,1,2,1,2,40,4,1
1418,3,2,3,1,0,41,5,1
1418,4,3,4,1,0,42,6,1
1418,5,4,5,1,0,43,7,1
1418,6,5,6,1,0,44,8,1
1418,7,6,7,1,1,45,9,1
1418,8,7,7.52,0.52,0,46,10,1
1419,1,0,1,1,0,66,4,1
1419,2,1,2,1,0,67,5,1
1419,3,2,3,1,1,68,6,1
1419,4,3,4,1,1,69,7,1
1419,5,4,5,1,0,70,8,1
1419,6,5,6,1,0,71,9,1
1419,7,6,7,1,0,72,10,1
1419,8,7,7.591,0.591,0,73,11,1
1420,1,0,1,1,0,60,7,1
1420,2,1,2,1,0,61,8,1
1420,3,2,3,1,0,62,9,1
1420,4,3,4,1,0,63,10,1
1420,5,4,4.175,0.175,0,64,11,1
1421,1,0,1,1,0,75,5,1
1421,2,1,2,1,0,76,6,1
1421,3,2,3,1,0,77,7,1
1421,4,3,4,1,0,78,8,1
1421,5,4,4.974,0.974,0,79,9,1
1422,1,0,1,1,0,24,15,1
1422,2,1,2,1,0,25,16,1
1422,3,2,2.554,0.554,0,26,17,1
1423,1,0,1,1,0,51,12,1
1423,2,1,2,1,0,52,13,1
1423,3,2,3,1,0,53,14,1
1423,4,3,4,1,0,54,15,1
1423,5,4,5,1,0,55,16,1
1423,6,5,6,1,0,56,17,1
1423,7,6,6.157,0.157,0,57,18,1
1424,1,0,1,1,1,32,1,1
1424,2,1,2,1,0,33,2,1
1424,3,2,3,1,0,34,3,1
1424,4,3,4,1,0,35,4,1
1424,5,4,5,1,0,36,5,1
1424,6,5,5.173,0.173,0,37,6,1
1425,1,0,1,1,0,37,8,1
1425,2,1,2,1,0,38,9,1
1425,3,2,3,1,0,39,10,1
1425,4,3,4,1,0,40,11,1
1425,5,4,5,1,0,41,12,1
1425,6,5,6,1,0,42,13,1
1425,7,6,6.606,0.606,0,43,14,1
1426,1,0,1,1,0,47,14,1
1426,2,1,2,1,0,48,15,1
1426,3,2,3,1,1,49,16,1
1426,4,3,4,1,0,50,17,1
1426,5,4,4.574,0.574,0,51,18,1
1427,1,0,1,1,0,56,18,1
1427,2,1,2,1,0,57,19,1
1427,3,2,2.933,0.933,0,58,20,1
1428,1,0,1,1,0,50,7,1
1428,2,1,2,1,0,51,8,1
1428,3,2,3,1,0,52,9,1
1428,4,3,4,1,0,53,10,1
1428,5,4,5,1,0,54,11,1
1428,6,5,6,1,0,55,12,1
1428,7,6,7,1,0,56,13,1
1428,8,7,8,1,0,57,14,1
1428,9,8,8.741,0.741,0,58,15,1
1429,1,0,1,1,0,30,7,1
1429,2,1,1.904,0.904,0,31,8,1
1430,1,0,1,1,0,22,2,1
1430,2,1,1.635,0.635,0,23,3,1
1431,1,0,1,1,0,67,11,1
1431,2,1,1.969,0.969,0,68,12,1
1432,1,0,1,1,0,28,9,1
1432,2,1,2,1,0,29,10,1
1432,3,2,2.47,0.47,0,30,11,1
1433,1,0,1,1,1,45,4,1
1433,2,1,1.787,0.787,0,46,5,1
1434,1,0,1,1,0,32,14,1
1434,2,1,2,1,0,33,15,1
1434,3,2,3,1,0,34,16,1
1434,4,3,4,1,0,35,17,1
1434,5,4,4.789,0.789,0,36,18,1
1435,1,0,1,1,0,33,9,1
1435,2,1,2,1,0,34,10,1
1435,3,2,2.018,0.018,0,35,11,1
1436,1,0,1,1,0,54,11,1
1436,2,1,2,1,0,55,12,1
1436,3,2,3,1,0,56,13,1
1436,4,3,4,1,0,57,14,1
1436,5,4,5,1,0,58,15,1
1436,6,5,6,1,0,59,16,1
1436,7,6,7,1,0,60,17,1
1436,8,7,7.677,0.677,0,61,18,1
1437,1,0,1,1,0,49,8,1
1437,2,1,1.713,0.713,0,50,9,1
1438,1,0,1,1,0,40,18,1
1438,2,1,2,1,0,41,19,1
1438,3,2,3,1,0,42,20,1
1438,4,3,3.595,0.595,0,43,21,1
1439,1,0,1,1,0,31,9,1
1439,2,1,2,1,0,32,10,1
1439,3,2,3,1,0,33,11,1
1439,4,3,4,1,0,34,12,1
1439,5,4,5,1,1,35,13,1
1439,6,5,6,1,0,36,14,1
1439,7,6,7,1,0,37,15,1
1439,8,7,8,1,0,38,16,1
1439,9,8,8.889,0.889,0,39,17,1
1440,1,0,1,1,0,46,5,1
1440,2,1,2,1,0,47,6,1
1440,3,2,3,1,0,48,7,1
1440,4,3,4,1,0,49,8,1
1440,5,4,5,1,0,50,9,1
1440,6,5,6,1,0,51,10,1
1440,7,6,6.25,0.25,0,52,11,1
1441,1,0,1,1,1,31,12,1
1441,2,1,2,1,0,32,13,1
1441,3,2,2.577,0.577,0,33,14,1
1442,1,0,1,1,0,33,17,1
1442,2,1,2,1,0,34,18,1
1442,3,2,2.061,0.061,0,35,19,1
1443,1,0,1,1,0,41,6,1
1443,2,1,2,1,1,42,7,1
1443,3,2,3,1,0,43,8,1
1443,4,3,3.148,0.148,0,44,9,1
1444,1,0,1,1,0,18,15,1
1444,2,1,2,1,0,19,16,1
1444,3,2,3,1,1,20,17,1
1444,4,3,4,1,0,21,18,1
1444,5,4,5,1,1,22,19,1
1444,6,5,5.709,0.709,0,23,20,1
1445,1,0,1,1,0,50,10,1
1445,2,1,2,1,0,51,11,1
1445,3,2,3,1,0,52,12,1
1445,4,3,3.618,0.618,0,53,13,1
1446,1,0,1,1,0,88,4,1
1446,2,1,2,1,0,89,5,1
1446,3,2,2.017,0.017,0,90,6,1
1447,1,0,1,1,0,18,14,1
1447,2,1,2,1,0,19,15,1
1447,3,2,3,1,0,20,16,1
1447,4,3,4,1,0,21,17,1
1447,5,4,5,1,0,22,18,1
1447,6,5,5.319,0.319,0,23,19,1
1448,1,0,1,1,0,43,3,1
1448,2,1,2,1,0,44,4,1
1448,3,2,3,1,0,45,5,1
1448,4,3,4,1,0,46,6,1
1448,5,4,4.209,0.209,0,47,7,1
1449,1,0,0.854,0.854,0,84,6,1
1450,1,0,1,1,1,28,11,1
1450,2,1,2,1,1,29,12,1
1450,3,2,3,1,0,30,13,1
1450,4,3,4,1,0,31,14,1
1450,5,4,5,1,1,32,15,1
1450,6,5,6,1,0,33,16,1
1450,7,6,6.137,0.137,0,34,17,1
1451,1,0,1,1,0,39,4,1
1451,2,1,2,1,0,40,5,1
1451,3,2,2.181,0.181,0,41,6,1
1452,1,0,1,1,0,35,13,1
1452,2,1,2,1,0,36,14,1
1452,3,2,2.754,0.754,0,37,15,1
1453,1,0,1,1,0,37,11,1
1453,2,1,2,1,0,38,12,1
1453,3,2,3,1,0,39,13,1
1453,4,3,4,1,0,40,14,1
1453,5,4,5,1,0,41,15,1
1453,6,5,6,1,0,42,16,1
1453,7,6,6.14,0.14,0,43,17,1
1454,1,0,1,1,0,34,8,1
1454,2,1,2,1,0,35,9,1
1454,3,2,3,1,0,36,10,1
1454,4,3,4,1,0,37,11,1
1454,5,4,5,1,0,38,12,1
1454,6,5,6,1,0,39,13,1
1454,7,6,6.6,0.6,0,40,14,1
1455,1,0,1,1,0,52,12,1
1455,2,1,2,1,0,53,13,1
1455,3,2,3,1,0,54,14,1
1455,4,3,4,1,0,55,15,1
1455,5,4,5,1,1,56,16,1
1455,6,5,6,1,0,57,17,1
1455,7,6,7,1,0,58,18,1
1455,8,7,7.129,0.129,0,59,19,1
1456,1,0,1,1,0,50,13,1
1456,2,1,2,1,0,51,14,1
1456,3,2,2.147,0.147,0,52,15,1
1457,1,0,1,1,0,62,21,1
1457,2,1,2,1,0,63,22,1
1457,3,2,3,1,0,64,23,1
1457,4,3,4,1,0,65,24,1
1457,5,4,5,1,0,66,25,1
1457,6,5,6,1,0,67,26,1
1457,7,6,7,1,0,68,27,1
1457,8,7,8,1,0,69,28,1
1457,9,8,8.327,0.327,0,70,29,1
1458,1,0,1,1,0,44,8,1
1458,2,1,1.373,0.373,0,45,9,1
1459,1,0,1,1,0,57,5,1
1459,2,1,2,1,0,58,6,1
1459,3,2,3,1,0,59,7,1
1459,4,3,4,1,0,60,8,1
1459,5,4,5,1,0,61,9,1
1459,6,5,6,1,0,62,10,1
1459,7,6,7,1,0,63,11,1
1459,8,7,8,1,0,64,12,1
1459,9,8,9,1,0,65,13,1
1459,10,9,9.763,0.763,0,66,14,1
1460,1,0,1,1,0,43,7,1
1460,2,1,1.169,0.169,0,44,8,1
1461,1,0,1,1,0,65,13,1
1461,2,1,2,1,1,66,14,1
1461,3,2,3,1,0,67,15,1
1461,4,3,4,1,0,68,16,1
1461,5,4,4.474,0.474,0,69,17,1
1462,1,0,1,1,0,71,5,1
1462,2,1,2,1,0,72,6,1
1462,3,2,3,1,0,73,7,1
1462,4,3,4,1,0,74,8,1
1462,5,4,5,1,0,75,9,1
1462,6,5,5.062,0.062,0,76,10,1
1463,1,0,1,1,0,58,9,1
1463,2,1,1.732,0.732,0,59,10,1
1464,1,0,1,1,2,18,12,1
1464,2,1,2,1,0,19,13,1
1464,3,2,3,1,0,20,14,1
1464,4,3,4,1,1,21,15,1
1464,5,4,4.837,0.837,0,22,16,1
1465,1,0,1,1,0,29,10,1
1465,2,1,2,1,1,30,11,1
1465,3,2,3,1,0,31,12,1
1465,4,3,4,1,1,32,13,1
1465,5,4,5,1,1,33,14,1
1465,6,5,6,1,0,34,15,1
1465,7,6,7,1,1,35,16,1
1465,8,7,8,1,0,36,17,1
1465,9,8,9,1,0,37,18,1
1465,10,9,9.817,0.817,1,38,19,1
1466,1,0,1,1,0,50,13,1
1466,2,1,2,1,1,51,14,1
1466,3,2,3,1,0,52,15,1
1466,4,3,4,1,0,53,16,1
1466,5,4,5,1,0,54,17,1
1466,6,5,6,1,1,55,18,1
1466,7,6,7,1,0,56,19,1
1466,8,7,7.156,0.156,0,57,20,1
1467,1,0,1,1,0,55,6,1
1467,2,1,2,1,0,56,7,1
1467,3,2,3,1,0,57,8,1
1467,4,3,4,1,0,58,9,1
1467,5,4,5,1,1,59,10,1
1467,6,5,6,1,0,60,11,1
1467,7,6,6.778,0.778,0,61,12,1
1468,1,0,1,1,0,54,12,1
1468,2,1,2,1,1,55,13,1
1468,3,2,3,1,0,56,14,1
1468,4,3,4,1,0,57,15,1
1468,5,4,5,1,0,58,16,1
1468,6,5,6,1,0,59,17,1
1468,7,6,6.855,0.855,0,60,18,1
1469,1,0,1,1,0,45,0,1
1469,2,1,2,1,1,46,1,1
1469,3,2,2.186,0.186,0,47,2,1
1470,1,0,1,1,0,45,13,1
1470,2,1,2,1,0,46,14,1
1470,3,2,3,1,0,47,15,1
1470,4,3,4,1,0,48,16,1
1470,5,4,4.506,0.506,0,49,17,1
1471,1,0,1,1,0,58,6,1
1471,2,1,2,1,0,59,7,1
1471,3,2,3,1,0,60,8,1
1471,4,3,4,1,0,61,9,1
1471,5,4,5,1,0,62,10,1
1471,6,5,6,1,0,63,11,1
1471,7,6,7,1,0,64,12,1
1471,8,7,8,1,0,65,13,1
1471,9,8,8.538,0.538,0,66,14,1
1472,1,0,1,1,0,43,3,1
1472,2,1,2,1,0,44,4,1
1472,3,2,2.025,0.025,0,45,5,1
1473,1,0,1,1,0,44,5,1
1473,2,1,2,1,0,45,6,1
1473,3,2,3,1,0,46,7,1
1473,4,3,4,1,0,47,8,1
1473,5,4,4.688,0.688,0,48,9,1
1474,1,0,1,1,0,63,14,1
1474,2,1,2,1,0,64,15,1
1474,3,2,3,1,0,65,16,1
1474,4,3,4,1,0,66,17,1
1474,5,4,4.209,0.209,0,67,18,1
1475,1,0,1,1,0,54,7,1
1475,2,1,2,1,0,55,8,1
1475,3,2,3,1,0,56,9,1
1475,4,3,3.167,0.167,0,57,10,1
1476,1,0,1,1,0,22,14,1
1476,2,1,2,1,0,23,15,1
1476,3,2,3,1,0,24,16,1
1476,4,3,4,1,0,25,17,1
1476,5,4,5,1,0,26,18,1
1476,6,5,5.52,0.52,0,27,19,1
1477,1,0,0.69,0.69,0,32,0,1
1478,1,0,1,1,0,31,4,1
1478,2,1,2,1,0,32,5,1
1478,3,2,3,1,0,33,6,1
1478,4,3,4,1,0,34,7,1
1478,5,4,5,1,1,35,8,1
1478,6,5,6,1,0,36,9,1
1478,7,6,7,1,0,37,10,1
1478,8,7,8,1,0,38,11,1
1478,9,8,8.832,0.832,0,39,12,1
1479,1,0,1,1,0,38,5,1
1479,2,1,2,1,0,39,6,1
1479,3,2,3,1,0,40,7,1
1479,4,3,3.017,0.017,0,41,8,1
1480,1,0,1,1,0,36,11,1
1480,2,1,2,1,0,37,12,1
1480,3,2,3,1,0,38,13,1
1480,4,3,4,1,0,39,14,1
1480,5,4,5,1,0,40,15,1
1480,6,5,6,1,0,41,16,1
1480,7,6,7,1,0,42,17,1
1480,8,7,8,1,0,43,18,1
1480,9,8,8.564,0.564,0,44,19,1
1481,1,0,1,1,0,37,6,1
1481,2,1,2,1,0,38,7,1
1481,3,2,3,1,0,39,8,1
1481,4,3,4,1,0,40,9,1
1481,5,4,5,1,0,41,10,1
1481,6,5,6,1,0,42,11,1
1481,7,6,7,1,0,43,12,1
1481,8,7,8,1,0,44,13,1
1481,9,8,9,1,0,45,14,1
1481,10,9,9.374,0.374,0,46,15,1
1482,1,0,1,1,0,37,4,1
1482,2,1,2,1,0,38,5,1
1482,3,2,3,1,0,39,6,1
1482,4,3,4,1,0,40,7,1
1482,5,4,5,1,0,41,8,1
1482,6,5,6,1,0,42,9,1
1482,7,6,6.199,0.199,0,43,10,1
1483,1,0,1,1,0,60,7,1
1483,2,1,2,1,0,61,8,1
1483,3,2,3,1,0,62,9,1
1483,4,3,3.321,0.321,0,63,10,1
1484,1,0,1,1,1,40,0,1
1484,2,1,1.042,0.042,0,41,1,1
1485,1,0,1,1,1,18,13,1
1485,2,1,2,1,0,19,14,1
1485,3,2,3,1,0,20,15,1
1485,4,3,3.212,0.212,0,21,16,1
1486,1,0,1,1,0,18,16,1
1486,2,1,1.23,0.23,0,19,17,1
1487,1,0,1,1,0,49,6,1
1487,2,1,2,1,0,50,7,1
1487,3,2,3,1,0,51,8,1
1487,4,3,4,1,0,52,9,1
1487,5,4,4.391,0.391,0,53,10,1
1488,1,0,1,1,1,22,8,1
1488,2,1,2,1,0,23,9,1
1488,3,2,3,1,0,24,10,1
1488,4,3,4,1,0,25,11,1
1488,5,4,5,1,0,26,12,1
1488,6,5,5.457,0.457,0,27,13,1
1489,1,0,1,1,0,55,8,1
1489,2,1,2,1,0,56,9,1
1489,3,2,2.381,0.381,0,57,10,1
1490,1,0,1,1,2,18,4,1
1490,2,1,2,1,0,19,5,1
1490,3,2,3,1,0,20,6,1
1490,4,3,4,1,1,21,7,1
1490,5,4,4.434,0.434,0,22,8,1
1491,1,0,1,1,1,42,12,1
1491,2,1,2,1,0,43,13,1
1491,3,2,2.133,0.133,0,44,14,1
1492,1,0,1,1,0,22,11,1
1492,2,1,2,1,0,23,12,1
1492,3,2,3,1,0,24,13,1
1492,4,3,4,1,0,25,14,1
1492,5,4,4.219,0.219,0,26,15,1
1493,1,0,1,1,0,18,14,1
1493,2,1,2,1,0,19,15,1
1493,3,2,2.911,0.911,0,20,16,1
1494,1,0,1,1,0,54,10,1
1494,2,1,2,1,0,55,11,1
1494,3,2,3,1,0,56,12,1
1494,4,3,4,1,0,57,13,1
1494,5,4,5,1,0,58,14,1
1494,6,5,6,1,0,59,15,1
1494,7,6,7,1,1,60,16,1
1494,8,7,8,1,0,61,17,1
1494,9,8,8.299,0.299,0,62,18,1
1495,1,0,1,1,0,49,17,1
1495,2,1,2,1,0,50,18,1
1495,3,2,3,1,0,51,19,1
1495,4,3,4,1,0,52,20,1
1495,5,4,5,1,0,53,21,1
1495,6,5,5.44,0.44,0,54,22,1
1496,1,0,1,1,0,56,9,1
1496,2,1,2,1,0,57,10,1
1496,3,2,3,1,0,58,11,1
1496,4,3,4,1,0,59,12,1
1496,5,4,4.098,0.098,0,60,13,1
1497,1,0,1,1,0,47,18,1
1497,2,1,2,1,0,48,19,1
1497,3,2,3,1,1,49,20,1
1497,4,3,4,1,0,50,21,1
1497,5,4,5,1,0,51,22,1
1497,6,5,6,1,0,52,23,1
1497,7,6,6.972,0.972,0,53,24,1
1498,1,0,1,1,0,25,12,1
1498,2,1,2,1,0,26,13,1
1498,3,2,3,1,0,27,14,1
1498,4,3,3.484,0.484,0,28,15,1
1499,1,0,1,1,0,43,13,1
1499,2,1,2,1,0,44,14,1
1499,3,2,3,1,0,45,15,1
1499,4,3,4,1,0,46,16,1
1499,5,4,4.098,0.098,0,47,17,1
1500,1,0,1,1,0,51,17,1
1500,2,1,2,1,0,52,18,1
1500,3,2,3,1,0,53,19,1
1500,4,3,4,1,0,54,20,1
1500,5,4,5,1,0,55,21,1
1500,6,5,6,1,0,56,22,1
1500,7,6,6.862,0.862,0,57,23,1
1501,1,0,1,1,0,47,6,1
1501,2,1,2,1,0,48,7,1
1501,3,2,3,1,0,49,8,1
1501,4,3,4,1,0,50,9,1
1501,5,4,5,1,0,51,10,1
1501,6,5,6,1,0,52,11,1
1501,7,6,7,1,0,53,12,1
1501,8,7,8,1,0,54,13,1
1501,9,8,8.402,0.402,0,55,14,1
1502,1,0,1,1,0,25,17,1
1502,2,1,2,1,0,26,18,1
1502,3,2,3,1,0,27,19,1
1502,4,3,4,1,0,28,20,1
1502,5,4,5,1,0,29,21,1
1502,6,5,5.245,0.245,0,30,22,1
1503,1,0,1,1,0,51,4,1
1503,2,1,2,1,0,52,5,1
1503,3,2,3,1,1,53,6,1
1503,4,3,4,1,0,54,7,1
1503,5,4,5,1,0,55,8,1
1503,6,5,6,1,0,56,9,1
1503,7,6,7,1,0,57,10,1
1503,8,7,8,1,0,58,11,1
1503,9,8,9,1,0,59,12,1
1503,10,9,9.12,0.12,0,60,13,1
1504,1,0,0.236,0.236,0,46,11,1
1505,1,0,1,1,0,65,12,1
1505,2,1,2,1,0,66,13,1
1505,3,2,3,1,0,67,14,1
1505,4,3,3.724,0.724,0,68,15,1
1506,1,0,1,1,0,44,6,1
1506,2,1,2,1,0,45,7,1
1506,3,2,3,1,0,46,8,1
1506,4,3,3.232,0.232,0,47,9,1
1507,1,0,1,1,0,55,3,1
1507,2,1,1.899,0.899,0,56,4,1
1508,1,0,1,1,0,39,3,1
1508,2,1,2,1,0,40,4,1
1508,3,2,3,1,0,41,5,1
1508,4,3,4,1,0,42,6,1
1508,5,4,5,1,0,43,7,1
1508,6,5,6,1,0,44,8,1
1508,7,6,7,1,0,45,9,1
1508,8,7,8,1,0,46,10,1
1508,9,8,9,1,0,47,11,1
1508,10,9,9.209,0.209,0,48,12,1
1509,1,0,1,1,0,45,9,1
1509,2,1,2,1,0,46,10,1
1509,3,2,2.514,0.514,0,47,11,1
1510,1,0,1,1,0,22,12,1
1510,2,1,2,1,1,23,13,1
1510,3,2,3,1,1,24,14,1
1510,4,3,3.939,0.939,0,25,15,1
1511,1,0,1,1,0,66,13,1
1511,2,1,2,1,0,67,14,1
1511,3,2,3,1,0,68,15,1
1511,4,3,4,1,0,69,16,1
1511,5,4,5,1,0,70,17,1
1511,6,5,6,1,0,71,18,1
1511,7,6,7,1,0,72,19,1
1511,8,7,7.816,0.816,0,73,20,1
1512,1,0,1,1,0,41,11,1
1512,2,1,2,1,0,42,12,1
1512,3,2,3,1,0,43,13,1
1512,4,3,4,1,0,44,14,1
1512,5,4,4.379,0.379,0,45,15,1
1513,1,0,1,1,0,45,11,1
1513,2,1,2,1,0,46,12,1
1513,3,2,3,1,0,47,13,1
1513,4,3,4,1,0,48,14,1
1513,5,4,5,1,0,49,15,1
1513,6,5,5.466,0.466,0,50,16,1
1514,1,0,1,1,0,32,16,1
1514,2,1,2,1,0,33,17,1
1514,3,2,3,1,0,34,18,1
1514,4,3,4,1,0,35,19,1
1514,5,4,5,1,0,36,20,1
1514,6,5,6,1,0,37,21,1
1514,7,6,6.409,0.409,0,38,22,1
1515,1,0,1,1,0,64,9,1
1515,2,1,2,1,1,65,10,1
1515,3,2,2.355,0.355,0,66,11,1
1516,1,0,1,1,0,28,3,1
1516,2,1,2,1,0,29,4,1
1516,3,2,2.242,0.242,0,30,5,1
1517,1,0,0.565,0.565,1,64,7,1
1518,1,0,1,1,0,50,10,1
1518,2,1,2,1,0,51,11,1
1518,3,2,3,1,0,52,12,1
1518,4,3,4,1,0,53,13,1
1518,5,4,5,1,0,54,14,1
1518,6,5,6,1,0,55,15,1
1518,7,6,7,1,0,56,16,1
1518,8,7,8,1,0,57,17,1
1518,9,8,9,1,0,58,18,1
1518,10,9,9.709,0.709,0,59,19,1
1519,1,0,1,1,0,23,11,1
1519,2,1,2,1,0,24,12,1
1519,3,2,3,1,0,25,13,1
1519,4,3,4,1,0,26,14,1
1519,5,4,5,1,0,27,15,1
1519,6,5,5.232,0.232,0,28,16,1
1520,1,0,1,1,0,68,7,1
1520,2,1,2,1,0,69,8,1
1520,3,2,3,1,0,70,9,1
1520,4,3,4,1,0,71,10,1
1520,5,4,5,1,0,72,11,1
1520,6,5,6,1,0,73,12,1
1520,7,6,7,1,0,74,13,1
1520,8,7,8,1,0,75,14,1
1520,9,8,8.008,0.008,0,76,15,1
1521,1,0,1,1,0,53,5,1
1521,2,1,2,1,0,54,6,1
1521,3,2,3,1,0,55,7,1
1521,4,3,4,1,0,56,8,1
1521,5,4,5,1,0,57,9,1
1521,6,5,6,1,0,58,10,1
1521,7,6,6.602,0.602,0,59,11,1
1522,1,0,1,1,1,55,8,1
1522,2,1,2,1,0,56,9,1
1522,3,2,3,1,0,57,10,1
1522,4,3,3.311,0.311,0,58,11,1
1523,1,0,1,1,0,34,16,1
1523,2,1,2,1,0,35,17,1
1523,3,2,3,1,0,36,18,1
1523,4,3,4,1,0,37,19,1
1523,5,4,5,1,0,38,20,1
1523,6,5,6,1,0,39,21,1
1523,7,6,7,1,0,40,22,1
1523,8,7,8,1,0,41,23,1
1523,9,8,9,1,0,42,24,1
1523,10,9,9.693,0.693,0,43,25,1
1524,1,0,0.829,0.829,0,40,10,1
1525,1,0,1,1,0,43,6,1
1525,2,1,2,1,0,44,7,1
1525,3,2,3,1,0,45,8,1
1525,4,3,3.13,0.13,0,46,9,1
1526,1,0,1,1,0,69,11,1
1526,2,1,1.712,0.712,0,70,12,1
1527,1,0,1,1,1,59,6,1
1527,2,1,2,1,0,60,7,1
1527,3,2,3,1,1,61,8,1
1527,4,3,4,1,0,62,9,1
1527,5,4,4.638,0.638,0,63,10,1
1528,1,0,1,1,1,55,13,1
1528,2,1,2,1,0,56,14,1
1528,3,2,3,1,0,57,15,1
1528,4,3,4,1,0,58,16,1
1528,5,4,5,1,0,59,17,1
1528,6,5,6,1,1,60,18,1
1528,7,6,7,1,0,61,19,1
1528,8,7,7.682,0.682,0,62,20,1
1529,1,0,1,1,0,40,10,1
1529,2,1,2,1,0,41,11,1
1529,3,2,3,1,0,42,12,1
1529,4,3,4,1,0,43,13,1
1529,5,4,5,1,0,44,14,1
1529,6,5,6,1,0,45,15,1
1529,7,6,7,1,0,46,16,1
1529,8,7,8,1,0,47,17,1
1529,9,8,9,1,0,48,18,1
1529,10,9,9.594,0.594,0,49,19,1
1530,1,0,1,1,0,26,5,1
1530,2,1,2,1,0,27,6,1
1530,3,2,3,1,0,28,7,1
1530,4,3,3.724,0.724,0,29,8,1
1531,1,0,1,1,0,66,6,1
1531,2,1,2,1,0,67,7,1
1531,3,2,3,1,0,68,8,1
1531,4,3,4,1,1,69,9,1
1531,5,4,5,1,0,70,10,1
1531,6,5,6,1,0,71,11,1
1531,7,6,7,1,0,72,12,1
1531,8,7,8,1,0,73,13,1
1531,9,8,8.1,0.1,0,74,14,1
1532,1,0,1,1,0,41,5,1
1532,2,1,2,1,0,42,6,1
1532,3,2,3,1,0,43,7,1
1532,4,3,4,1,0,44,8,1
1532,5,4,5,1,0,45,9,1
1532,6,5,6,1,0,46,10,1
1532,7,6,7,1,0,47,11,1
1532,8,7,7.887,0.887,0,48,12,1
1533,1,0,1,1,0,37,12,1
1533,2,1,2,1,0,38,13,1
1533,3,2,3,1,0,39,14,1
1533,4,3,4,1,0,40,15,1
1533,5,4,5,1,0,41,16,1
1533,6,5,6,1,0,42,17,1
1533,7,6,6.421,0.421,0,43,18,1
1534,1,0,1,1,0,54,12,1
1534,2,1,1.325,0.325,0,55,13,1
1535,1,0,1,1,0,47,7,1
1535,2,1,2,1,0,48,8,1
1535,3,2,3,1,0,49,9,1
1535,4,3,4,1,0,50,10,1
1535,5,4,5,1,0,51,11,1
1535,6,5,6,1,0,52,12,1
1535,7,6,7,1,0,53,13,1
1535,8,7,8,1,0,54,14,1
1535,9,8,8.407,0.407,0,55,15,1
1536,1,0,1,1,0,71,14,1
1536,2,1,2,1,0,72,15,1
1536,3,2,3,1,0,73,16,1
1536,4,3,4,1,0,74,17,1
1536,5,4,5,1,0,75,18,1
1536,6,5,6,1,0,76,19,1
1536,7,6,7,1,0,77,20,1
1536,8,7,7.53,0.53,0,78,21,1
1537,1,0,1,1,0,50,0,1
1537,2,1,2,1,0,51,1,1
1537,3,2,3,1,0,52,2,1
1537,4,3,4,1,0,53,3,1
1537,5,4,5,1,0,54,4,1
1537,6,5,6,1,0,55,5,1
1537,7,6,6.25,0.25,0,56,6,1
1538,1,0,1,1,0,54,9,1
1538,2,1,2,1,0,55,10,1
1538,3,2,2.77,0.77,0,56,11,1
1539,1,0,1,1,0,49,3,1
1539,2,1,1.284,0.284,0,50,4,1
1540,1,0,1,1,0,21,8,1
1540,2,1,2,1,0,22,9,1
1540,3,2,3,1,0,23,10,1
1540,4,3,4,1,0,24,11,1
1540,5,4,5,1,0,25,12,1
1540,6,5,6,1,0,26,13,1
1540,7,6,7,1,0,27,14,1
1540,8,7,7.636,0.636,0,28,15,1
1541,1,0,1,1,0,30,4,1
1541,2,1,2,1,0,31,5,1
1541,3,2,3,1,1,32,6,1
1541,4,3,4,1,0,33,7,1
1541,5,4,4.542,0.542,0,34,8,1
1542,1,0,1,1,0,44,4,1
1542,2,1,2,1,0,45,5,1
1542,3,2,3,1,0,46,6,1
1542,4,3,4,1,0,47,7,1
1542,5,4,5,1,0,48,8,1
1542,6,5,5.372,0.372,0,49,9,1
1543,1,0,1,1,0,39,13,1
1543,2,1,2,1,0,40,14,1
1543,3,2,3,1,1,41,15,1
1543,4,3,4,1,0,42,16,1
1543,5,4,5,1,1,43,17,1
1543,6,5,6,1,0,44,18,1
1543,7,6,6.14,0.14,0,45,19,1
1544,1,0,1,1,0,32,7,1
1544,2,1,1.367,0.367,0,33,8,1
1545,1,0,1,1,0,18,7,1
1545,2,1,2,1,0,19,8,1
1545,3,2,3,1,0,20,9,1
1545,4,3,4,1,0,21,10,1
1545,5,4,5,1,1,22,11,1
1545,6,5,5.623,0.623,0,23,12,1
1546,1,0,1,1,0,29,4,1
1546,2,1,1.953,0.953,0,30,5,1
1547,1,0,1,1,0,83,15,1
1547,2,1,2,1,0,84,16,1
1547,3,2,3,1,0,85,17,1
1547,4,3,3.809,0.809,0,86,18,1
1548,1,0,1,1,4,30,13,1
1548,2,1,1.127,0.127,0,31,14,1
1549,1,0,1,1,0,18,15,1
1549,2,1,2,1,0,19,16,1
1549,3,2,3,1,0,20,17,1
1549,4,3,4,1,0,21,18,1
1549,5,4,5,1,0,22,19,1
1549,6,5,6,1,0,23,20,1
1549,7,6,7,1,0,24,21,1
1549,8,7,8,1,0,25,22,1
1549,9,8,8.686,0.686,0,26,23,1
1550,1,0,1,1,0,78,11,1
1550,2,1,2,1,0,79,12,1
1550,3,2,3,1,0,80,13,1
1550,4,3,4,1,0,81,14,1
1550,5,4,4.432,0.432,0,82,15,1
1551,1,0,0.802,0.802,0,43,10,1
1552,1,0,1,1,0,36,6,1
1552,2,1,2,1,0,37,7,1
1552,3,2,3,1,1,38,8,1
1552,4,3,4,1,0,39,9,1
1552,5,4,5,1,0,40,10,1
1552,6,5,6,1,0,41,11,1
1552,7,6,7,1,0,42,12,1
1552,8,7,8,1,0,43,13,1
1552,9,8,8.495,0.495,0,44,14,1
1553,1,0,1,1,0,32,15,1
1553,2,1,2,1,0,33,16,1
1553,3,2,3,1,0,34,17,1
1553,4,3,3.361,0.361,1,35,18,1
1554,1,0,0.155,0.155,0,38,2,1
1555,1,0,1,1,0,18,12,1
1555,2,1,2,1,0,19,13,1
1555,3,2,2.407,0.407,0,20,14,1
1556,1,0,1,1,0,39,5,1
1556,2,1,2,1,0,40,6,1
1556,3,2,2.292,0.292,0,41,7,1
1557,1,0,1,1,1,52,12,1
1557,2,1,2,1,0,53,13,1
1557,3,2,3,1,0,54,14,1
1557,4,3,3.357,0.357,0,55,15,1
1558,1,0,1,1,0,29,12,1
1558,2,1,2,1,0,30,13,1
1558,3,2,3,1,0,31,14,1
1558,4,3,4,1,0,32,15,1
1558,5,4,5,1,1,33,16,1
1558,6,5,5.251,0.251,0,34,17,1
1559,1,0,1,1,0,45,10,1
1559,2,1,2,1,0,46,11,1
1559,3,2,3,1,0,47,12,1
1559,4,3,4,1,0,48,13,1
1559,5,4,5,1,0,49,14,1
1559,6,5,5.871,0.871,0,50,15,1
1560,1,0,1,1,0,42,11,1
1560,2,1,2,1,1,43,12,1
1560,3,2,2.338,0.338,0,44,13,1
1561,1,0,1,1,0,55,13,1
1561,2,1,2,1,0,56,14,1
1561,3,2,3,1,0,57,15,1
1561,4,3,4,1,0,58,16,1
1561,5,4,4.709,0.709,0,59,17,1
1562,1,0,1,1,1,22,8,1
1562,2,1,2,1,0,23,9,1
1562,3,2,3,1,0,24,10,1
1562,4,3,4,1,0,25,11,1
1562,5,4,5,1,0,26,12,1
1562,6,5,6,1,0,27,13,1
1562,7,6,6.444,0.444,0,28,14,1
1563,1,0,1,1,0,39,11,1
1563,2,1,2,1,0,40,12,1
1563,3,2,3,1,0,41,13,1
1563,4,3,4,1,0,42,14,1
1563,5,4,5,1,0,43,15,1
1563,6,5,6,1,0,44,16,1
1563,7,6,6.943,0.943,0,45,17,1
1564,1,0,1,1,0,46,11,1
1564,2,1,1.765,0.765,0,47,12,1
1565,1,0,1,1,0,32,8,1
1565,2,1,2,1,0,33,9,1
1565,3,2,3,1,0,34,10,1
1565,4,3,3.033,0.033,0,35,11,1
1566,1,0,1,1,0,32,8,1
1566,2,1,2,1,0,33,9,1
1566,3,2,3,1,0,34,10,1
1566,4,3,4,1,0,35,11,1
1566,5,4,5,1,0,36,12,1
1566,6,5,6,1,0,37,13,1
1566,7,6,7,1,0,38,14,1
1566,8,7,7.214,0.214,0,39,15,1
1567,1,0,1,1,0,60,3,1
1567,2,1,2,1,0,61,4,1
1567,3,2,3,1,0,62,5,1
1567,4,3,4,1,0,63,6,1
1567,5,4,5,1,0,64,7,1
1567,6,5,6,1,0,65,8,1
1567,7,6,6.155,0.155,0,66,9,1
1568,1,0,1,1,1,76,5,1
1568,2,1,2,1,0,77,6,1
1568,3,2,3,1,0,78,7,1
1568,4,3,3.613,0.613,0,79,8,1
1569,1,0,1,1,0,51,14,1
1569,2,1,1.195,0.195,0,52,15,1
1570,1,0,1,1,0,44,5,1
1570,2,1,1.299,0.299,0,45,6,1
1571,1,0,1,1,0,79,2,1
1571,2,1,2,1,0,80,3,1
1571,3,2,3,1,0,81,4,1
1571,4,3,4,1,0,82,5,1
1571,5,4,4.087,0.087,0,83,6,1
1572,1,0,1,1,0,69,7,1
1572,2,1,2,1,0,70,8,1
1572,3,2,3,1,0,71,9,1
1572,4,3,3.494,0.494,0,72,10,1
1573,1,0,1,1,0,74,6,1
1573,2,1,2,1,0,75,7,1
1573,3,2,2.028,0.028,0,76,8,1
1574,1,0,1,1,0,77,6,1
1574,2,1,2,1,0,78,7,1
1574,3,2,3,1,0,79,8,1
1574,4,3,4,1,0,80,9,1
1574,5,4,5,1,0,81,10,1
1574,6,5,5.784,0.784,0,82,11,1
1575,1,0,1,1,0,47,3,1
1575,2,1,2,1,0,48,4,1
1575,3,2,3,1,0,49,5,1
1575,4,3,4,1,0,50,6,1
1575,5,4,5,1,0,51,7,1
1575,6,5,5.009,0.009,0,52,8,1
1576,1,0,1,1,0,40,2,1
1576,2,1,2,1,0,41,3,1
1576,3,2,3,1,0,42,4,1
1576,4,3,4,1,1,43,5,1
1576,5,4,5,1,0,44,6,1
1576,6,5,5.634,0.634,0,45,7,1
1577,1,0,1,1,0,65,4,1
1577,2,1,2,1,0,66,5,1
1577,3,2,3,1,0,67,6,1
1577,4,3,4,1,0,68,7,1
1577,5,4,5,1,0,69,8,1
1577,6,5,6,1,0,70,9,1
1577,7,6,7,1,0,71,10,1
1577,8,7,7.305,0.305,0,72,11,1
1578,1,0,1,1,0,58,0,1
1578,2,1,1.602,0.602,0,59,1,1
1579,1,0,1,1,3,25,9,1
1579,2,1,1.457,0.457,1,26,10,1
1580,1,0,0.87,0.87,0,39,7,1
1581,1,0,1,1,0,55,10,1
1581,2,1,2,1,0,56,11,1
1581,3,2,3,1,0,57,12,1
1581,4,3,4,1,0,58,13,1
1581,5,4,5,1,0,59,14,1
1581,6,5,5.062,0.062,0,60,15,1
1582,1,0,1,1,0,28,17,1
1582,2,1,1.045,0.045,0,29,18,1
1583,1,0,1,1,0,33,10,1
1583,2,1,2,1,0,34,11,1
1583,3,2,3,1,0,35,12,1
1583,4,3,4,1,0,36,13,1
1583,5,4,4.198,0.198,0,37,14,1
1584,1,0,1,1,0,36,12,1
1584,2,1,2,1,0,37,13,1
1584,3,2,2.116,0.116,0,38,14,1
1585,1,0,1,1,0,49,9,1
1585,2,1,2,1,0,50,10,1
1585,3,2,3,1,0,51,11,1
1585,4,3,4,1,0,52,12,1
1585,5,4,5,1,1,53,13,1
1585,6,5,6,1,0,54,14,1
1585,7,6,6.531,0.531,0,55,15,1
1586,1,0,1,1,0,41,10,1
1586,2,1,2,1,1,42,11,1
1586,3,2,3,1,0,43,12,1
1586,4,3,4,1,0,44,13,1
1586,5,4,4.915,0.915,0,45,14,1
1587,1,0,1,1,0,49,2,1
1587,2,1,2,1,0,50,3,1
1587,3,2,3,1,0,51,4,1
1587,4,3,4,1,0,52,5,1
1587,5,4,5,1,0,53,6,1
1587,6,5,5.753,0.753,0,54,7,1
1588,1,0,1,1,0,62,10,1
1588,2,1,2,1,0,63,11,1
1588,3,2,3,1,0,64,12,1
1588,4,3,4,1,0,65,13,1
1588,5,4,5,1,0,66,14,1
1588,6,5,6,1,0,67,15,1
1588,7,6,7,1,0,68,16,1
1588,8,7,8,1,0,69,17,1
1588,9,8,8.34,0.34,0,70,18,1
1589,1,0,1,1,0,48,3,1
1589,2,1,1.776,0.776,0,49,4,1
1590,1,0,1,1,0,30,11,1
1590,2,1,2,1,1,31,12,1
1590,3,2,3,1,1,32,13,1
1590,4,3,3.763,0.763,0,33,14,1
1591,1,0,1,1,0,33,3,1
1591,2,1,2,1,0,34,4,1
1591,3,2,2.591,0.591,0,35,5,1
1592,1,0,1,1,0,47,15,1
1592,2,1,2,1,0,48,16,1
1592,3,2,3,1,0,49,17,1
1592,4,3,4,1,0,50,18,1
1592,5,4,5,1,0,51,19,1
1592,6,5,6,1,0,52,20,1
1592,7,6,6.117,0.117,0,53,21,1
1593,1,0,1,1,0,43,6,1
1593,2,1,2,1,0,44,7,1
1593,3,2,3,1,0,45,8,1
1593,4,3,4,1,0,46,9,1
1593,5,4,5,1,0,47,10,1
1593,6,5,6,1,0,48,11,1
1593,7,6,6.009,0.009,0,49,12,1
1594,1,0,1,1,0,33,2,1
1594,2,1,1.083,0.083,0,34,3,1
1595,1,0,1,1,0,23,5,1
1595,2,1,2,1,0,24,6,1
1595,3,2,3,1,0,25,7,1
1595,4,3,4,1,0,26,8,1
1595,5,4,5,1,0,27,9,1
1595,6,5,6,1,0,28,10,1
1595,7,6,7,1,0,29,11,1
1595,8,7,7.555,0.555,0,30,12,1
1596,1,0,1,1,0,39,13,1
1596,2,1,1.91,0.91,0,40,14,1
1597,1,0,1,1,1,37,7,1
1597,2,1,2,1,0,38,8,1
1597,3,2,3,1,0,39,9,1
1597,4,3,4,1,0,40,10,1
1597,5,4,4.194,0.194,0,41,11,1
1598,1,0,1,1,0,41,14,1
1598,2,1,2,1,0,42,15,1
1598,3,2,3,1,0,43,16,1
1598,4,3,4,1,0,44,17,1
1598,5,4,5,1,0,45,18,1
1598,6,5,6,1,0,46,19,1
1598,7,6,7,1,0,47,20,1
1598,8,7,8,1,1,48,21,1
1598,9,8,9,1,0,49,22,1
1598,10,9,9.18,0.18,0,50,23,1
1599,1,0,1,1,0,35,6,1
1599,2,1,1.852,0.852,1,36,7,1
1600,1,0,1,1,0,61,10,1
1600,2,1,2,1,0,62,11,1
1600,3,2,3,1,0,63,12,1
1600,4,3,4,1,0,64,13,1
1600,5,4,4.613,0.613,0,65,14,1
1601,1,0,1,1,0,60,12,1
1601,2,1,2,1,2,61,13,1
1601,3,2,3,1,0,62,14,1
1601,4,3,3.633,0.633,0,63,15,1
1602,1,0,1,1,0,56,1,1
1602,2,1,2,1,0,57,2,1
1602,3,2,3,1,0,58,3,1
1602,4,3,4,1,0,59,4,1
1602,5,4,5,1,0,60,5,1
1602,6,5,6,1,0,61,6,1
1602,7,6,7,1,0,62,7,1
1602,8,7,8,1,0,63,8,1
1602,9,8,8.892,0.892,0,64,9,1
1603,1,0,1,1,0,18,4,1
1603,2,1,2,1,1,19,5,1
1603,3,2,2.172,0.172,0,20,6,1
1604,1,0,1,1,0,42,8,1
1604,2,1,2,1,0,43,9,1
1604,3,2,3,1,0,44,10,1
1604,4,3,4,1,0,45,11,1
1604,5,4,5,1,0,46,12,1
1604,6,5,5.933,0.933,0,47,13,1
1605,1,0,1,1,0,69,10,1
1605,2,1,1.801,0.801,0,70,11,1
1606,1,0,1,1,0,44,9,1
1606,2,1,1.179,0.179,0,45,10,1
1607,1,0,1,1,1,44,4,1
1607,2,1,2,1,0,45,5,1
1607,3,2,2.117,0.117,0,46,6,1
1608,1,0,1,1,0,67,6,1
1608,2,1,2,1,0,68,7,1
1608,3,2,3,1,0,69,8,1
1608,4,3,4,1,0,70,9,1
1608,5,4,4.287,0.287,0,71,10,1
1609,1,0,1,1,0,47,7,1
1609,2,1,2,1,0,48,8,1
1609,3,2,3,1,0,49,9,1
1609,4,3,3.101,0.101,0,50,10,1
1610,1,0,1,1,0,63,18,1
1610,2,1,2,1,0,64,19,1
1610,3,2,3,1,0,65,20,1
1610,4,3,4,1,0,66,21,1
1610,5,4,5,1,0,67,22,1
1610,6,5,6,1,0,68,23,1
1610,7,6,7,1,0,69,24,1
1610,8,7,8,1,0,70,25,1
1610,9,8,9,1,0,71,26,1
1610,10,9,9.01,0.01,0,72,27,1
1611,1,0,1,1,0,59,1,1
1611,2,1,2,1,0,60,2,1
1611,3,2,2.754,0.754,0,61,3,1
1612,1,0,1,1,0,25,14,1
1612,2,1,2,1,0,26,15,1
1612,3,2,3,1,0,27,16,1
1612,4,3,4,1,0,28,17,1
1612,5,4,5,1,0,29,18,1
1612,6,5,6,1,0,30,19,1
1612,7,6,7,1,0,31,20,1
1612,8,7,8,1,0,32,21,1
1612,9,8,8.621,0.621,0,33,22,1
1613,1,0,1,1,1,63,3,1
1613,2,1,2,1,0,64,4,1
1613,3,2,3,1,0,65,5,1
1613,4,3,4,1,0,66,6,1
1613,5,4,5,1,0,67,7,1
1613,6,5,6,1,0,68,8,1
1613,7,6,6.768,0.768,0,69,9,1
1614,1,0,1,1,0,50,1,1
1614,2,1,2,1,0,51,2,1
1614,3,2,3,1,0,52,3,1
1614,4,3,3.874,0.874,0,53,4,1
1615,1,0,1,1,0,52,6,1
1615,2,1,2,1,0,53,7,1
1615,3,2,3,1,0,54,8,1
1615,4,3,4,1,0,55,9,1
1615,5,4,5,1,0,56,10,1
1615,6,5,5.332,0.332,0,57,11,1
1616,1,0,1,1,0,42,5,1
1616,2,1,2,1,0,43,6,1
1616,3,2,3,1,0,44,7,1
1616,4,3,4,1,0,45,8,1
1616,5,4,5,1,0,46,9,1
1616,6,5,5.134,0.134,0,47,10,1
1617,1,0,1,1,0,61,8,1
1617,2,1,2,1,0,62,9,1
1617,3,2,3,1,0,63,10,1
1617,4,3,4,1,0,64,11,1
1617,5,4,5,1,0,65,12,1
1617,6,5,6,1,0,66,13,1
1617,7,6,7,1,0,67,14,1
1617,8,7,7.736,0.736,0,68,15,1
1618,1,0,1,1,0,39,3,1
1618,2,1,2,1,2,40,4,1
1618,3,2,3,1,0,41,5,1
1618,4,3,3.111,0.111,0,42,6,1
1619,1,0,1,1,0,56,3,1
1619,2,1,2,1,0,57,4,1
1619,3,2,3,1,0,58,5,1
1619,4,3,4,1,0,59,6,1
1619,5,4,4.292,0.292,0,60,7,1
1620,1,0,1,1,0,44,13,1
1620,2,1,2,1,0,45,14,1
1620,3,2,3,1,0,46,15,1
1620,4,3,4,1,0,47,16,1
1620,5,4,5,1,0,48,17,1
1620,6,5,6,1,0,49,18,1
1620,7,6,6.377,0.377,0,50,19,1
1621,1,0,1,1,0,33,10,1
1621,2,1,2,1,0,34,11,1
1621,3,2,2.323,0.323,0,35,12,1
1622,1,0,1,1,0,27,9,1
1622,2,1,2,1,0,28,10,1
1622,3,2,2.305,0.305,0,29,11,1
1623,1,0,1,1,1,38,15,1
1623,2,1,2,1,0,39,16,1
1623,3,2,3,1,0,40,17,1
1623,4,3,4,1,2,41,18,1
1623,5,4,4.861,0.861,1,42,19,1
1624,1,0,0.552,0.552,0,54,10,1
1625,1,0,1,1,0,79,11,1
1625,2,1,2,1,1,80,12,1
1625,3,2,3,1,1,81,13,1
1625,4,3,4,1,0,82,14,1
1625,5,4,5,1,0,83,15,1
1625,6,5,6,1,0,84,16,1
1625,7,6,7,1,0,85,17,1
1625,8,7,7.622,0.622,0,86,18,1
1626,1,0,1,1,0,53,7,1
1626,2,1,2,1,0,54,8,1
1626,3,2,2.428,0.428,0,55,9,1
1627,1,0,1,1,0,63,1,1
1627,2,1,2,1,0,64,2,1
1627,3,2,2.871,0.871,0,65,3,1
1628,1,0,1,1,0,45,13,1
1628,2,1,2,1,0,46,14,1
1628,3,2,2.911,0.911,0,47,15,1
1629,1,0,1,1,0,36,2,1
1629,2,1,2,1,0,37,3,1
1629,3,2,3,1,0,38,4,1
1629,4,3,3.584,0.584,0,39,5,1
1630,1,0,1,1,0,80,9,1
1630,2,1,2,1,0,81,10,1
1630,3,2,3,1,0,82,11,1
1630,4,3,4,1,0,83,12,1
1630,5,4,5,1,0,84,13,1
1630,6,5,5.197,0.197,0,85,14,1
1631,1,0,1,1,0,51,7,1
1631,2,1,2,1,0,52,8,1
1631,3,2,3,1,0,53,9,1
1631,4,3,4,1,0,54,10,1
1631,5,4,5,1,0,55,11,1
1631,6,5,6,1,0,56,12,1
1631,7,6,7,1,0,57,13,1
1631,8,7,8,1,0,58,14,1
1631,9,8,8.79,0.79,0,59,15,1
1632,1,0,1,1,0,50,4,1
1632,2,1,2,1,0,51,5,1
1632,3,2,3,1,0,52,6,1
1632,4,3,4,1,0,53,7,1
1632,5,4,4.725,0.725,0,54,8,1
1633,1,0,1,1,0,65,12,1
1633,2,1,2,1,0,66,13,1
1633,3,2,3,1,0,67,14,1
1633,4,3,4,1,0,68,15,1
1633,5,4,5,1,0,69,16,1
1633,6,5,6,1,0,70,17,1
1633,7,6,7,1,0,71,18,1
1633,8,7,8,1,0,72,19,1
1633,9,8,9,1,0,73,20,1
1633,10,9,9.822,0.822,0,74,21,1
1634,1,0,1,1,0,37,9,1
1634,2,1,1.29,0.29,0,38,10,1
1635,1,0,1,1,0,47,9,1
1635,2,1,2,1,0,48,10,1
1635,3,2,3,1,0,49,11,1
1635,4,3,4,1,0,50,12,1
1635,5,4,5,1,0,51,13,1
1635,6,5,6,1,0,52,14,1
1635,7,6,7,1,0,53,15,1
1635,8,7,8,1,0,54,16,1
1635,9,8,8.73,0.73,0,55,17,1
1636,1,0,1,1,0,63,0,1
1636,2,1,2,1,0,64,1,1
1636,3,2,3,1,0,65,2,1
1636,4,3,4,1,0,66,3,1
1636,5,4,5,1,0,67,4,1
1636,6,5,5.357,0.357,0,68,5,1
1637,1,0,1,1,0,36,10,1
1637,2,1,2,1,0,37,11,1
1637,3,2,2.364,0.364,0,38,12,1
1638,1,0,1,1,0,49,13,1
1638,2,1,2,1,0,50,14,1
1638,3,2,3,1,0,51,15,1
1638,4,3,4,1,0,52,16,1
1638,5,4,5,1,0,53,17,1
1638,6,5,6,1,0,54,18,1
1638,7,6,7,1,0,55,19,1
1638,8,7,8,1,0,56,20,1
1638,9,8,8.359,0.359,0,57,21,1
1639,1,0,1,1,0,18,8,1
1639,2,1,2,1,0,19,9,1
1639,3,2,2.72,0.72,0,20,10,1
1640,1,0,1,1,0,27,3,1
1640,2,1,2,1,1,28,4,1
1640,3,2,3,1,0,29,5,1
1640,4,3,3.986,0.986,0,30,6,1
1641,1,0,1,1,0,38,19,1
1641,2,1,1.889,0.889,0,39,20,1
1642,1,0,1,1,0,36,9,1
1642,2,1,2,1,0,37,10,1
1642,3,2,3,1,0,38,11,1
1642,4,3,4,1,0,39,12,1
1642,5,4,4.429,0.429,0,40,13,1
1643,1,0,1,1,0,42,6,1
1643,2,1,1.041,0.041,0,43,7,1
1644,1,0,1,1,0,59,4,1
1644,2,1,2,1,0,60,5,1
1644,3,2,3,1,0,61,6,1
1644,4,3,3.833,0.833,0,62,7,1
1645,1,0,1,1,0,52,9,1
1645,2,1,2,1,0,53,10,1
1645,3,2,2.258,0.258,0,54,11,1
1646,1,0,1,1,0,36,2,1
1646,2,1,2,1,1,37,3,1
1646,3,2,2.709,0.709,0,38,4,1
1647,1,0,1,1,0,57,3,1
1647,2,1,1.784,0.784,0,58,4,1
1648,1,0,0.231,0.231,1,18,16,1
1649,1,0,1,1,0,18,4,1
1649,2,1,2,1,1,19,5,1
1649,3,2,3,1,1,20,6,1
1649,4,3,3.868,0.868,0,21,7,1
1650,1,0,1,1,0,64,17,1
1650,2,1,2,1,0,65,18,1
1650,3,2,2.737,0.737,0,66,19,1
1651,1,0,1,1,0,37,1,1
1651,2,1,2,1,0,38,2,1
1651,3,2,3,1,0,39,3,1
1651,4,3,4,1,0,40,4,1
1651,5,4,5,1,0,41,5,1
1651,6,5,6,1,0,42,6,1
1651,7,6,7,1,0,43,7,1
1651,8,7,7.749,0.749,0,44,8,1
1652,1,0,1,1,0,43,13,1
1652,2,1,2,1,0,44,14,1
1652,3,2,3,1,0,45,15,1
1652,4,3,3.605,0.605,0,46,16,1
1653,1,0,1,1,0,35,6,1
1653,2,1,2,1,0,36,7,1
1653,3,2,2.172,0.172,0,37,8,1
1654,1,0,1,1,0,28,4,1
1654,2,1,2,1,0,29,5,1
1654,3,2,3,1,0,30,6,1
1654,4,3,3.844,0.844,0,31,7,1
1655,1,0,1,1,0,54,11,1
1655,2,1,2,1,0,55,12,1
1655,3,2,3,1,0,56,13,1
1655,4,3,3.804,0.804,0,57,14,1
1656,1,0,1,1,0,44,0,1
1656,2,1,2,1,0,45,1,1
1656,3,2,3,1,0,46,2,1
1656,4,3,3.975,0.975,0,47,3,1
1657,1,0,1,1,0,37,11,1
1657,2,1,2,1,0,38,12,1
1657,3,2,3,1,0,39,13,1
1657,4,3,4,1,0,40,14,1
1657,5,4,5,1,0,41,15,1
1657,6,5,6,1,0,42,16,1
1657,7,6,6.323,0.323,0,43,17,1
1658,1,0,1,1,0,28,0,1
1658,2,1,2,1,1,29,1,1
1658,3,2,3,1,1,30,2,1
1658,4,3,4,1,0,31,3,1
1658,5,4,5,1,1,32,4,1
1658,6,5,6,1,0,33,5,1
1658,7,6,6.219,0.219,0,34,6,1
1659,1,0,1,1,0,36,12,1
1659,2,1,2,1,0,37,13,1
1659,3,2,3,1,0,38,14,1
1659,4,3,4,1,0,39,15,1
1659,5,4,4.457,0.457,0,40,16,1
1660,1,0,1,1,0,58,7,1
1660,2,1,2,1,0,59,8,1
1660,3,2,3,1,0,60,9,1
1660,4,3,4,1,0,61,10,1
1660,5,4,5,1,0,62,11,1
1660,6,5,6,1,0,63,12,1
1660,7,6,7,1,0,64,13,1
1660,8,7,8,1,0,65,14,1
1660,9,8,8.035,0.035,0,66,15,1
1661,1,0,1,1,0,56,12,1
1661,2,1,1.328,0.328,0,57,13,1
1662,1,0,1,1,0,41,9,1
1662,2,1,2,1,0,42,10,1
1662,3,2,2.307,0.307,0,43,11,1
1663,1,0,1,1,0,74,8,1
1663,2,1,2,1,0,75,9,1
1663,3,2,3,1,0,76,10,1
1663,4,3,4,1,0,77,11,1
1663,5,4,4.928,0.928,1,78,12,1
1664,1,0,1,1,0,50,17,1
1664,2,1,1.294,0.294,0,51,18,1
1665,1,0,0.81,0.81,0,18,6,1
1666,1,0,1,1,0,40,7,1
1666,2,1,2,1,0,41,8,1
1666,3,2,3,1,0,42,9,1
1666,4,3,4,1,0,43,10,1
1666,5,4,4.986,0.986,0,44,11,1
1667,1,0,1,1,1,26,6,1
1667,2,1,1.043,0.043,0,27,7,1
1668,1,0,1,1,1,34,5,1
1668,2,1,2,1,0,35,6,1
1668,3,2,3,1,0,36,7,1
1668,4,3,4,1,0,37,8,1
1668,5,4,4.659,0.659,0,38,9,1
1669,1,0,1,1,0,25,6,1
1669,2,1,2,1,0,26,7,1
1669,3,2,3,1,1,27,8,1
1669,4,3,3.804,0.804,0,28,9,1
1670,1,0,1,1,0,63,6,1
1670,2,1,2,1,0,64,7,1
1670,3,2,3,1,0,65,8,1
1670,4,3,4,1,1,66,9,1
1670,5,4,5,1,0,67,10,1
1670,6,5,6,1,0,68,11,1
1670,7,6,6.977,0.977,0,69,12,1
1671,1,0,1,1,0,22,18,1
1671,2,1,2,1,1,23,19,1
1671,3,2,3,1,1,24,20,1
1671,4,3,4,1,1,25,21,1
1671,5,4,5,1,0,26,22,1
1671,6,5,6,1,0,27,23,1
1671,7,6,6.088,0.088,0,28,24,1
1672,1,0,1,1,0,46,13,1
1672,2,1,2,1,0,47,14,1
1672,3,2,3,1,0,48,15,1
1672,4,3,4,1,0,49,16,1
1672,5,4,4.655,0.655,0,50,17,1
1673,1,0,1,1,0,49,5,1
1673,2,1,2,1,0,50,6,1
1673,3,2,3,1,0,51,7,1
1673,4,3,4,1,0,52,8,1
1673,5,4,4.345,0.345,0,53,9,1
1674,1,0,1,1,0,39,8,1
1674,2,1,2,1,0,40,9,1
1674,3,2,3,1,1,41,10,1
1674,4,3,4,1,0,42,11,1
1674,5,4,5,1,0,43,12,1
1674,6,5,6,1,0,44,13,1
1674,7,6,7,1,0,45,14,1
1674,8,7,8,1,0,46,15,1
1674,9,8,8.613,0.613,0,47,16,1
1675,1,0,1,1,0,27,13,1
1675,2,1,2,1,1,28,14,1
1675,3,2,3,1,1,29,15,1
1675,4,3,4,1,0,30,16,1
1675,5,4,5,1,0,31,17,1
1675,6,5,5.657,0.657,0,32,18,1
1676,1,0,1,1,0,35,15,1
1676,2,1,1.108,0.108,0,36,16,1
1677,1,0,1,1,0,27,13,1
1677,2,1,2,1,0,28,14,1
1677,3,2,3,1,0,29,15,1
1677,4,3,4,1,0,30,16,1
1677,5,4,5,1,1,31,17,1
1677,6,5,5.592,0.592,0,32,18,1
1678,1,0,1,1,1,39,8,1
1678,2,1,2,1,0,40,9,1
1678,3,2,3,1,0,41,10,1
1678,4,3,4,1,1,42,11,1
1678,5,4,5,1,0,43,12,1
1678,6,5,6,1,0,44,13,1
1678,7,6,6.402,0.402,0,45,14,1
1679,1,0,1,1,2,44,4,1
1679,2,1,2,1,0,45,5,1
1679,3,2,2.343,0.343,0,46,6,1
1680,1,0,1,1,0,56,2,1
1680,2,1,1.461,0.461,0,57,3,1
1681,1,0,1,1,2,52,7,1
1681,2,1,2,1,0,53,8,1
1681,3,2,2.583,0.583,1,54,9,1
1682,1,0,1,1,0,42,20,1
1682,2,1,2,1,0,43,21,1
1682,3,2,3,1,0,44,22,1
1682,4,3,4,1,0,45,23,1
1682,5,4,5,1,0,46,24,1
1682,6,5,5.021,0.021,0,47,25,1
1683,1,0,1,1,1,63,9,1
1683,2,1,2,1,1,64,10,1
1683,3,2,3,1,0,65,11,1
1683,4,3,4,1,4,66,12,1
1683,5,4,4.204,0.204,0,67,13,1
1684,1,0,1,1,0,46,17,1
1684,2,1,2,1,0,47,18,1
1684,3,2,3,1,0,48,19,1
1684,4,3,4,1,0,49,20,1
1684,5,4,5,1,0,50,21,1
1684,6,5,5.521,0.521,0,51,22,1
1685,1,0,1,1,0,38,4,1
1685,2,1,2,1,0,39,5,1
1685,3,2,3,1,0,40,6,1
1685,4,3,4,1,0,41,7,1
1685,5,4,5,1,0,42,8,1
1685,6,5,6,1,0,43,9,1
1685,7,6,7,1,0,44,10,1
1685,8,7,8,1,0,45,11,1
1685,9,8,8.764,0.764,0,46,12,1
1686,1,0,1,1,0,27,4,1
1686,2,1,2,1,0,28,5,1
1686,3,2,3,1,0,29,6,1
1686,4,3,3.859,0.859,0,30,7,1
1687,1,0,1,1,0,38,8,1
1687,2,1,2,1,0,39,9,1
1687,3,2,3,1,0,40,10,1
1687,4,3,4,1,0,41,11,1
1687,5,4,5,1,0,42,12,1
1687,6,5,6,1,1,43,13,1
1687,7,6,6.011,0.011,0,44,14,1
1688,1,0,1,1,0,54,2,1
1688,2,1,2,1,0,55,3,1
1688,3,2,2.635,0.635,0,56,4,1
1689,1,0,1,1,1,33,6,1
1689,2,1,2,1,0,34,7,1
1689,3,2,3,1,0,35,8,1
1689,4,3,4,1,0,36,9,1
1689,5,4,4.527,0.527,0,37,10,1
1690,1,0,1,1,0,46,5,1
1690,2,1,2,1,0,47,6,1
1690,3,2,3,1,0,48,7,1
1690,4,3,4,1,0,49,8,1
1690,5,4,5,1,0,50,9,1
1690,6,5,6,1,0,51,10,1
1690,7,6,7,1,0,52,11,1
1690,8,7,8,1,0,53,12,1
1690,9,8,9,1,1,54,13,1
1690,10,9,9.223,0.223,0,55,14,1
1691,1,0,1,1,0,28,4,1
1691,2,1,2,1,0,29,5,1
1691,3,2,3,1,1,30,6,1
1691,4,3,3.477,0.477,0,31,7,1
1692,1,0,1,1,0,34,9,1
1692,2,1,2,1,0,35,10,1
1692,3,2,3,1,0,36,11,1
1692,4,3,3.732,0.732,0,37,12,1
1693,1,0,0.928,0.928,0,32,11,1
1694,1,0,1,1,0,32,7,1
1694,2,1,1.116,0.116,0,33,8,1
1695,1,0,1,1,0,52,11,1
1695,2,1,1.912,0.912,0,53,12,1
1696,1,0,1,1,1,41,13,1
1696,2,1,2,1,0,42,14,1
1696,3,2,2.173,0.173,0,43,15,1
1697,1,0,1,1,0,56,7,1
1697,2,1,2,1,0,57,8,1
1697,3,2,2.183,0.183,0,58,9,1
1698,1,0,1,1,0,36,18,1
1698,2,1,2,1,0,37,19,1
1698,3,2,3,1,0,38,20,1
1698,4,3,3.107,0.107,0,39,21,1
1699,1,0,1,1,1,40,13,1
1699,2,1,2,1,0,41,14,1
1699,3,2,2.071,0.071,0,42,15,1
1700,1,0,1,1,0,56,8,1
1700,2,1,2,1,0,57,9,1
1700,3,2,3,1,0,58,10,1
1700,4,3,4,1,0,59,11,1
1700,5,4,5,1,0,60,12,1
1700,6,5,6,1,0,61,13,1
1700,7,6,6.252,0.252,1,62,14,1
1701,1,0,1,1,0,44,18,1
1701,2,1,2,1,0,45,19,1
1701,3,2,2.455,0.455,1,46,20,1
1702,1,0,1,1,0,20,12,1
1702,2,1,2,1,0,21,13,1
1702,3,2,3,1,0,22,14,1
1702,4,3,4,1,1,23,15,1
1702,5,4,4.004,0.004,0,24,16,1
1703,1,0,1,1,1,18,9,1
1703,2,1,2,1,0,19,10,1
1703,3,2,3,1,0,20,11,1
1703,4,3,4,1,0,21,12,1
1703,5,4,4.217,0.217,1,22,13,1
1704,1,0,1,1,0,30,16,1
1704,2,1,2,1,0,31,17,1
1704,3,2,3,1,0,32,18,1
1704,4,3,4,1,0,33,19,1
1704,5,4,5,1,0,34,20,1
1704,6,5,5.544,0.544,0,35,21,1
1705,1,0,0.873,0.873,0,34,3,1
1706,1,0,1,1,0,52,11,1
1706,2,1,2,1,0,53,12,1
1706,3,2,3,1,0,54,13,1
1706,4,3,4,1,0,55,14,1
1706,5,4,5,1,1,56,15,1
1706,6,5,6,1,0,57,16,1
1706,7,6,7,1,0,58,17,1
1706,8,7,8,1,0,59,18,1
1706,9,8,8.158,0.158,0,60,19,1
1707,1,0,1,1,0,51,9,1
1707,2,1,2,1,0,52,10,1
1707,3,2,3,1,0,53,11,1
1707,4,3,4,1,0,54,12,1
1707,5,4,5,1,0,55,13,1
1707,6,5,6,1,0,56,14,1
1707,7,6,6.421,0.421,0,57,15,1
1708,1,0,1,1,0,38,6,1
1708,2,1,2,1,0,39,7,1
1708,3,2,2.44,0.44,0,40,8,1
1709,1,0,1,1,0,44,13,1
1709,2,1,2,1,0,45,14,1
1709,3,2,3,1,0,46,15,1
1709,4,3,4,1,0,47,16,1
1709,5,4,5,1,0,48,17,1
1709,6,5,6,1,0,49,18,1
1709,7,6,7,1,0,50,19,1
1709,8,7,7.006,0.006,0,51,20,1
1710,1,0,1,1,0,28,13,1
1710,2,1,2,1,0,29,14,1
1710,3,2,3,1,0,30,15,1
1710,4,3,4,1,0,31,16,1
1710,5,4,4.705,0.705,0,32,17,1
1711,1,0,1,1,0,50,15,1
1711,2,1,2,1,0,51,16,1
1711,3,2,3,1,0,52,17,1
1711,4,3,4,1,0,53,18,1
1711,5,4,5,1,0,54,19,1
1711,6,5,6,1,0,55,20,1
1711,7,6,7,1,0,56,21,1
1711,8,7,8,1,0,57,22,1
1711,9,8,8.88,0.88,0,58,23,1
1712,1,0,1,1,0,50,12,1
1712,2,1,2,1,0,51,13,1
1712,3,2,2.797,0.797,0,52,14,1
1713,1,0,1,1,0,68,3,1
1713,2,1,1.748,0.748,0,69,4,1
1714,1,0,1,1,0,71,9,1
1714,2,1,2,1,0,72,10,1
1714,3,2,2.861,0.861,0,73,11,1
1715,1,0,1,1,0,54,11,1
1715,2,1,1.966,0.966,0,55,12,1
1716,1,0,1,1,0,26,9,1
1716,2,1,2,1,1,27,10,1
1716,3,2,3,1,2,28,11,1
1716,4,3,4,1,0,29,12,1
1716,5,4,4.061,0.061,0,30,13,1
1717,1,0,1,1,0,37,9,1
1717,2,1,2,1,0,38,10,1
1717,3,2,3,1,0,39,11,1
1717,4,3,4,1,0,40,12,1
1717,5,4,4.614,0.614,0,41,13,1
1718,1,0,1,1,0,26,10,1
1718,2,1,2,1,0,27,11,1
1718,3,2,3,1,0,28,12,1
1718,4,3,4,1,0,29,13,1
1718,5,4,4.224,0.224,0,30,14,1
1719,1,0,1,1,0,53,8,1
1719,2,1,2,1,0,54,9,1
1719,3,2,3,1,1,55,10,1
1719,4,3,3.291,0.291,0,56,11,1
1720,1,0,1,1,0,54,8,1
1720,2,1,2,1,0,55,9,1
1720,3,2,3,1,0,56,10,1
1720,4,3,4,1,0,57,11,1
1720,5,4,5,1,0,58,12,1
1720,6,5,6,1,0,59,13,1
1720,7,6,7,1,0,60,14,1
1720,8,7,7.229,0.229,0,61,15,1
1721,1,0,1,1,0,39,18,1
1721,2,1,2,1,0,40,19,1
1721,3,2,3,1,1,41,20,1
1721,4,3,4,1,0,42,21,1
1721,5,4,5,1,0,43,22,1
1721,6,5,6,1,0,44,23,1
1721,7,6,7,1,0,45,24,1
1721,8,7,7.785,0.785,0,46,25,1
1722,1,0,1,1,0,70,11,1
1722,2,1,2,1,0,71,12,1
1722,3,2,2.296,0.296,0,72,13,1
1723,1,0,1,1,0,23,12,1
1723,2,1,1.712,0.712,0,24,13,1
1724,1,0,1,1,0,77,11,1
1724,2,1,2,1,0,78,12,1
1724,3,2,3,1,0,79,13,1
1724,4,3,3.364,0.364,0,80,14,1
1725,1,0,1,1,0,41,11,1
1725,2,1,2,1,1,42,12,1
1725,3,2,3,1,0,43,13,1
1725,4,3,4,1,0,44,14,1
1725,5,4,5,1,0,45,15,1
1725,6,5,6,1,0,46,16,1
1725,7,6,7,1,0,47,17,1
1725,8,7,7.481,0.481,0,48,18,1
1726,1,0,1,1,1,37,18,1
1726,2,1,2,1,0,38,19,1
1726,3,2,3,1,0,39,20,1
1726,4,3,4,1,0,40,21,1
1726,5,4,5,1,0,41,22,1
1726,6,5,6,1,0,42,23,1
1726,7,6,6.369,0.369,0,43,24,1
1727,1,0,1,1,0,48,4,1
1727,2,1,2,1,0,49,5,1
1727,3,2,3,1,0,50,6,1
1727,4,3,3.152,0.152,0,51,7,1
1728,1,0,1,1,0,74,1,1
1728,2,1,2,1,0,75,2,1
1728,3,2,3,1,0,76,3,1
1728,4,3,4,1,0,77,4,1
1728,5,4,4.89,0.89,0,78,5,1
1729,1,0,1,1,0,52,11,1
1729,2,1,1.739,0.739,2,53,12,1
1730,1,0,1,1,1,54,12,1
1730,2,1,2,1,1,55,13,1
1730,3,2,3,1,1,56,14,1
1730,4,3,4,1,1,57,15,1
1730,5,4,5,1,0,58,16,1
1730,6,5,6,1,0,59,17,1
1730,7,6,7,1,0,60,18,1
1730,8,7,7.063,0.063,0,61,19,1
1731,1,0,1,1,0,67,11,1
1731,2,1,1.027,0.027,0,68,12,1
1732,1,0,1,1,0,39,9,1
1732,2,1,2,1,0,40,10,1
1732,3,2,3,1,0,41,11,1
1732,4,3,4,1,0,42,12,1
1732,5,4,5,1,0,43,13,1
1732,6,5,6,1,0,44,14,1
1732,7,6,7,1,0,45,15,1
1732,8,7,7.638,0.638,0,46,16,1
1733,1,0,1,1,0,33,9,1
1733,2,1,2,1,0,34,10,1
1733,3,2,3,1,0,35,11,1
1733,4,3,4,1,0,36,12,1
1733,5,4,4.696,0.696,0,37,13,1
1734,1,0,0.987,0.987,0,38,6,1
1735,1,0,1,1,0,54,8,1
1735,2,1,2,1,0,55,9,1
1735,3,2,3,1,0,56,10,1
1735,4,3,4,1,0,57,11,1
1735,5,4,5,1,0,58,12,1
1735,6,5,6,1,0,59,13,1
1735,7,6,6.141,0.141,0,60,14,1
1736,1,0,1,1,0,48,13,1
1736,2,1,2,1,0,49,14,1
1736,3,2,3,1,0,50,15,1
1736,4,3,4,1,0,51,16,1
1736,5,4,4.043,0.043,0,52,17,1
1737,1,0,1,1,1,56,8,1
1737,2,1,2,1,0,57,9,1
1737,3,2,3,1,0,58,10,1
1737,4,3,4,1,1,59,11,1
1737,5,4,5,1,0,60,12,1
1737,6,5,6,1,1,61,13,1
1737,7,6,7,1,0,62,14,1
1737,8,7,8,1,0,63,15,1
1737,9,8,9,1,0,64,16,1
1737,10,9,9.189,0.189,0,65,17,1
1738,1,0,1,1,0,52,9,1
1738,2,1,2,1,0,53,10,1
1738,3,2,2.558,0.558,0,54,11,1
1739,1,0,1,1,0,60,7,1
1739,2,1,2,1,0,61,8,1
1739,3,2,3,1,0,62,9,1
1739,4,3,3.194,0.194,0,63,10,1
1740,1,0,1,1,0,48,13,1
1740,2,1,2,1,0,49,14,1
1740,3,2,2.932,0.932,0,50,15,1
1741,1,0,1,1,0,69,14,1
1741,2,1,2,1,0,70,15,1
1741,3,2,2.265,0.265,0,71,16,1
1742,1,0,1,1,0,72,8,1
1742,2,1,2,1,0,73,9,1
1742,3,2,3,1,0,74,10,1
1742,4,3,4,1,0,75,11,1
1742,5,4,5,1,0,76,12,1
1742,6,5,6,1,0,77,13,1
1742,7,6,7,1,0,78,14,1
1742,8,7,8,1,1,79,15,1
1742,9,8,8.531,0.531,0,80,16,1
1743,1,0,1,1,0,47,8,1
1743,2,1,1.501,0.501,0,48,9,1
1744,1,0,1,1,0,35,11,1
1744,2,1,2,1,2,36,12,1
1744,3,2,2.089,0.089,0,37,13,1
1745,1,0,1,1,0,80,7,1
1745,2,1,2,1,0,81,8,1
1745,3,2,3,1,0,82,9,1
1745,4,3,4,1,0,83,10,1
1745,5,4,5,1,0,84,11,1
1745,6,5,6,1,0,85,12,1
1745,7,6,7,1,0,86,13,1
1745,8,7,8,1,0,87,14,1
1745,9,8,9,1,0,88,15,1
1745,10,9,9.859,0.859,0,89,16,1
1746,1,0,1,1,0,18,1,1
1746,2,1,2,1,0,19,2,1
1746,3,2,3,1,0,20,3,1
1746,4,3,4,1,0,21,4,1
1746,5,4,5,1,0,22,5,1
1746,6,5,6,1,0,23,6,1
1746,7,6,7,1,0,24,7,1
1746,8,7,8,1,0,25,8,1
1746,9,8,8.741,0.741,0,26,9,1
1747,1,0,1,1,0,62,12,1
1747,2,1,1.86,0.86,0,63,13,1
1748,1,0,1,1,0,36,3,1
1748,2,1,2,1,1,37,4,1
1748,3,2,3,1,1,38,5,1
1748,4,3,4,1,0,39,6,1
1748,5,4,4.197,0.197,0,40,7,1
1749,1,0,1,1,0,61,9,1
1749,2,1,2,1,0,62,10,1
1749,3,2,3,1,0,63,11,1
1749,4,3,4,1,0,64,12,1
1749,5,4,5,1,0,65,13,1
1749,6,5,5.18,0.18,0,66,14,1
1750,1,0,1,1,0,18,0,1
1750,2,1,1.805,0.805,0,19,1,1
1751,1,0,1,1,0,59,11,1
1751,2,1,2,1,0,60,12,1
1751,3,2,3,1,0,61,13,1
1751,4,3,4,1,0,62,14,1
1751,5,4,5,1,0,63,15,1
1751,6,5,6,1,0,64,16,1
1751,7,6,6.493,0.493,0,65,17,1
1752,1,0,1,1,0,22,10,1
1752,2,1,2,1,1,23,11,1
1752,3,2,3,1,1,24,12,1
1752,4,3,3.538,0.538,1,25,13,1
1753,1,0,1,1,0,56,4,1
1753,2,1,2,1,0,57,5,1
1753,3,2,3,1,0,58,6,1
1753,4,3,3.615,0.615,0,59,7,1
1754,1,0,1,1,0,51,7,1
1754,2,1,2,1,1,52,8,1
1754,3,2,2.568,0.568,0,53,9,1
1755,1,0,1,1,0,59,8,1
1755,2,1,2,1,0,60,9,1
1755,3,2,3,1,0,61,10,1
1755,4,3,4,1,0,62,11,1
1755,5,4,5,1,0,63,12,1
1755,6,5,5.879,0.879,0,64,13,1
1756,1,0,1,1,0,64,3,1
1756,2,1,2,1,0,65,4,1
1756,3,2,3,1,0,66,5,1
1756,4,3,4,1,0,67,6,1
1756,5,4,5,1,0,68,7,1
1756,6,5,6,1,0,69,8,1
1756,7,6,7,1,0,70,9,1
1756,8,7,8,1,0,71,10,1
1756,9,8,9,1,0,72,11,1
1756,10,9,9.338,0.338,0,73,12,1
1757,1,0,1,1,0,26,15,1
1757,2,1,2,1,0,27,16,1
1757,3,2,3,1,0,28,17,1
1757,4,3,4,1,0,29,18,1
1757,5,4,4.363,0.363,0,30,19,1
1758,1,0,1,1,0,38,0,1
1758,2,1,2,1,0,39,1,1
1758,3,2,3,1,0,40,2,1
1758,4,3,4,1,0,41,3,1
1758,5,4,5,1,0,42,4,1
1758,6,5,5.332,0.332,0,43,5,1
1759,1,0,1,1,0,23,15,1
1759,2,1,2,1,0,24,16,1
1759,3,2,3,1,0,25,17,1
1759,4,3,4,1,0,26,18,1
1759,5,4,5,1,0,27,19,1
1759,6,5,6,1,0,28,20,1
1759,7,6,7,1,0,29,21,1
1759,8,7,8,1,0,30,22,1
1759,9,8,8.917,0.917,0,31,23,1
1760,1,0,1,1,0,18,17,1
1760,2,1,2,1,0,19,18,1
1760,3,2,3,1,0,20,19,1
1760,4,3,4,1,0,21,20,1
1760,5,4,5,1,0,22,21,1
1760,6,5,5.254,0.254,0,23,22,1
1761,1,0,1,1,0,18,12,1
1761,2,1,2,1,0,19,13,1
1761,3,2,3,1,0,20,14,1
1761,4,3,3.434,0.434,0,21,15,1
1762,1,0,1,1,1,35,9,1
1762,2,1,2,1,0,36,10,1
1762,3,2,3,1,0,37,11,1
1762,4,3,4,1,1,38,12,1
1762,5,4,5,1,0,39,13,1
1762,6,5,6,1,0,40,14,1
1762,7,6,7,1,0,41,15,1
1762,8,7,7.932,0.932,0,42,16,1
1763,1,0,1,1,0,55,10,1
1763,2,1,2,1,0,56,11,1
1763,3,2,2.235,0.235,0,57,12,1
1764,1,0,1,1,0,18,13,1
1764,2,1,1.834,0.834,0,19,14,1
1765,1,0,1,1,0,46,12,1
1765,2,1,2,1,0,47,13,1
1765,3,2,3,1,1,48,14,1
1765,4,3,3.658,0.658,0,49,15,1
1766,1,0,1,1,0,66,13,1
1766,2,1,2,1,0,67,14,1
1766,3,2,3,1,0,68,15,1
1766,4,3,4,1,0,69,16,1
1766,5,4,4.69,0.69,0,70,17,1
1767,1,0,1,1,0,64,5,1
1767,2,1,2,1,0,65,6,1
1767,3,2,3,1,0,66,7,1
1767,4,3,4,1,0,67,8,1
1767,5,4,4.219,0.219,0,68,9,1
1768,1,0,1,1,0,50,9,1
1768,2,1,2,1,0,51,10,1
1768,3,2,3,1,0,52,11,1
1768,4,3,4,1,0,53,12,1
1768,5,4,5,1,0,54,13,1
1768,6,5,6,1,0,55,14,1
1768,7,6,7,1,0,56,15,1
1768,8,7,8,1,0,57,16,1
1768,9,8,8.489,0.489,0,58,17,1
1769,1,0,1,1,0,35,12,1
1769,2,1,2,1,0,36,13,1
1769,3,2,3,1,0,37,14,1
1769,4,3,4,1,0,38,15,1
1769,5,4,4.407,0.407,0,39,16,1
1770,1,0,1,1,0,47,11,1
1770,2,1,2,1,0,48,12,1
1770,3,2,3,1,0,49,13,1
1770,4,3,3.971,0.971,0,50,14,1
1771,1,0,1,1,0,67,1,1
1771,2,1,2,1,0,68,2,1
1771,3,2,2.648,0.648,0,69,3,1
1772,1,0,1,1,0,66,13,1
1772,2,1,2,1,0,67,14,1
1772,3,2,3,1,0,68,15,1
1772,4,3,3.039,0.039,0,69,16,1
1773,1,0,1,1,0,63,5,1
1773,2,1,2,1,0,64,6,1
1773,3,2,2.955,0.955,0,65,7,1
1774,1,0,1,1,0,60,12,1
1774,2,1,2,1,0,61,13,1
1774,3,2,3,1,0,62,14,1
1774,4,3,4,1,0,63,15,1
1774,5,4,5,1,0,64,16,1
1774,6,5,6,1,1,65,17,1
1774,7,6,7,1,0,66,18,1
1774,8,7,8,1,0,67,19,1
1774,9,8,9,1,0,68,20,1
1774,10,9,9.707,0.707,0,69,21,1
1775,1,0,1,1,0,36,13,1
1775,2,1,2,1,0,37,14,1
1775,3,2,3,1,0,38,15,1
1775,4,3,4,1,0,39,16,1
1775,5,4,5,1,0,40,17,1
1775,6,5,5.152,0.152,0,41,18,1
1776,1,0,1,1,0,53,14,1
1776,2,1,2,1,0,54,15,1
1776,3,2,3,1,0,55,16,1
1776,4,3,3.977,0.977,0,56,17,1
1777,1,0,1,1,0,39,6,1
1777,2,1,2,1,0,40,7,1
1777,3,2,3,1,0,41,8,1
1777,4,3,4,1,0,42,9,1
1777,5,4,5,1,0,43,10,1
1777,6,5,6,1,0,44,11,1
1777,7,6,7,1,0,45,12,1
1777,8,7,8,1,0,46,13,1
1777,9,8,9,1,0,47,14,1
1777,10,9,9.135,0.135,0,48,15,1
1778,1,0,1,1,0,71,2,1
1778,2,1,1.348,0.348,0,72,3,1
1779,1,0,1,1,0,48,4,1
1779,2,1,2,1,0,49,5,1
1779,3,2,2.663,0.663,0,50,6,1
1780,1,0,1,1,0,31,9,1
1780,2,1,2,1,2,32,10,1
1780,3,2,3,1,1,33,11,1
1780,4,3,4,1,0,34,12,1
1780,5,4,5,1,0,35,13,1
1780,6,5,6,1,0,36,14,1
1780,7,6,6.404,0.404,0,37,15,1
1781,1,0,1,1,0,29,13,1
1781,2,1,2,1,0,30,14,1
1781,3,2,2.085,0.085,0,31,15,1
1782,1,0,1,1,0,18,7,1
1782,2,1,2,1,1,19,8,1
1782,3,2,3,1,0,20,9,1
1782,4,3,4,1,1,21,10,1
1782,5,4,5,1,0,22,11,1
1782,6,5,6,1,0,23,12,1
1782,7,6,6.469,0.469,0,24,13,1
1783,1,0,1,1,0,46,16,1
1783,2,1,1.504,0.504,0,47,17,1
1784,1,0,1,1,0,50,12,1
1784,2,1,2,1,0,51,13,1
1784,3,2,2.611,0.611,0,52,14,1
1785,1,0,1,1,0,45,8,1
1785,2,1,2,1,0,46,9,1
1785,3,2,3,1,0,47,10,1
1785,4,3,3.795,0.795,0,48,11,1
1786,1,0,1,1,0,60,4,1
1786,2,1,2,1,0,61,5,1
1786,3,2,3,1,0,62,6,1
1786,4,3,3.248,0.248,0,63,7,1
1787,1,0,1,1,0,24,6,1
1787,2,1,1.741,0.741,0,25,7,1
1788,1,0,1,1,0,60,9,1
1788,2,1,2,1,0,61,10,1
1788,3,2,3,1,0,62,11,1
1788,4,3,4,1,0,63,12,1
1788,5,4,5,1,0,64,13,1
1788,6,5,5.274,0.274,0,65,14,1
1789,1,0,1,1,0,48,8,1
1789,2,1,2,1,0,49,9,1
1789,3,2,2.806,0.806,0,50,10,1
1790,1,0,1,1,0,21,3,1
1790,2,1,1.554,0.554,0,22,4,1
1791,1,0,1,1,0,41,9,1
1791,2,1,2,1,0,42,10,1
1791,3,2,3,1,0,43,11,1
1791,4,3,4,1,0,44,12,1
1791,5,4,5,1,0,45,13,1
1791,6,5,6,1,0,46,14,1
1791,7,6,6.355,0.355,0,47,15,1
1792,1,0,1,1,0,51,1,1
1792,2,1,2,1,0,52,2,1
1792,3,2,2.924,0.924,0,53,3,1
1793,1,0,1,1,0,18,16,1
1793,2,1,1.469,0.469,0,19,17,1
1794,1,0,1,1,0,28,3,1
1794,2,1,1.786,0.786,0,29,4,1
1795,1,0,1,1,0,54,6,1
1795,2,1,2,1,2,55,7,1
1795,3,2,2.506,0.506,0,56,8,1
1796,1,0,1,1,0,18,14,1
1796,2,1,1.016,0.016,0,19,15,1
1797,1,0,1,1,0,29,10,1
1797,2,1,2,1,0,30,11,1
1797,3,2,3,1,0,31,12,1
1797,4,3,4,1,0,32,13,1
1797,5,4,5,1,0,33,14,1
1797,6,5,6,1,1,34,15,1
1797,7,6,7,1,0,35,16,1
1797,8,7,8,1,0,36,17,1
1797,9,8,9,1,0,37,18,1
1797,10,9,9.053,0.053,0,38,19,1
1798,1,0,1,1,0,39,1,1
1798,2,1,2,1,1,40,2,1
1798,3,2,3,1,0,41,3,1
1798,4,3,4,1,0,42,4,1
1798,5,4,5,1,0,43,5,1
1798,6,5,6,1,0,44,6,1
1798,7,6,6.154,0.154,0,45,7,1
1799,1,0,1,1,0,57,9,1
1799,2,1,2,1,0,58,10,1
1799,3,2,3,1,0,59,11,1
1799,4,3,4,1,0,60,12,1
1799,5,4,5,1,0,61,13,1
1799,6,5,6,1,0,62,14,1
1799,7,6,7,1,0,63,15,1
1799,8,7,7.449,0.449,0,64,16,1
1800,1,0,1,1,0,70,14,1
1800,2,1,1.463,0.463,0,71,15,1
1801,1,0,1,1,0,61,11,1
1801,2,1,1.554,0.554,0,62,12,1
1802,1,0,1,1,0,65,9,1
1802,2,1,1.023,0.023,0,66,10,1
1803,1,0,1,1,0,57,6,1
1803,2,1,2,1,0,58,7,1
1803,3,2,3,1,0,59,8,1
1803,4,3,4,1,0,60,9,1
1803,5,4,5,1,0,61,10,1
1803,6,5,6,1,0,62,11,1
1803,7,6,7,1,0,63,12,1
1803,8,7,8,1,0,64,13,1
1803,9,8,8.176,0.176,0,65,14,1
1804,1,0,1,1,0,61,13,1
1804,2,1,1.045,0.045,0,62,14,1
1805,1,0,1,1,1,40,12,1
1805,2,1,2,1,0,41,13,1
1805,3,2,2.701,0.701,0,42,14,1
1806,1,0,1,1,0,18,1,1
1806,2,1,2,1,0,19,2,1
1806,3,2,3,1,0,20,3,1
1806,4,3,4,1,1,21,4,1
1806,5,4,5,1,0,22,5,1
1806,6,5,6,1,0,23,6,1
1806,7,6,7,1,0,24,7,1
1806,8,7,8,1,0,25,8,1
1806,9,8,9,1,0,26,9,1
1806,10,9,9.259,0.259,0,27,10,1
1807,1,0,0.374,0.374,0,51,11,1
1808,1,0,1,1,0,53,8,1
1808,2,1,2,1,0,54,9,1
1808,3,2,3,1,0,55,10,1
1808,4,3,3.751,0.751,0,56,11,1
1809,1,0,1,1,0,37,4,1
1809,2,1,2,1,0,38,5,1
1809,3,2,3,1,0,39,6,1
1809,4,3,4,1,0,40,7,1
1809,5,4,4.05,0.05,0,41,8,1
1810,1,0,1,1,0,45,14,1
1810,2,1,1.474,0.474,0,46,15,1
1811,1,0,1,1,0,35,4,1
1811,2,1,2,1,0,36,5,1
1811,3,2,3,1,1,37,6,1
1811,4,3,3.92,0.92,0,38,7,1
1812,1,0,1,1,0,61,8,1
1812,2,1,2,1,0,62,9,1
1812,3,2,3,1,0,63,10,1
1812,4,3,4,1,0,64,11,1
1812,5,4,4.33,0.33,0,65,12,1
1813,1,0,1,1,0,52,9,1
1813,2,1,1.606,0.606,0,53,10,1
1814,1,0,0.884,0.884,0,56,7,1
1815,1,0,1,1,0,51,6,1
1815,2,1,2,1,0,52,7,1
1815,3,2,3,1,0,53,8,1
1815,4,3,4,1,0,54,9,1
1815,5,4,4.734,0.734,0,55,10,1
1816,1,0,1,1,1,58,5,1
1816,2,1,2,1,1,59,6,1
1816,3,2,3,1,0,60,7,1
1816,4,3,4,1,0,61,8,1
1816,5,4,5,1,0,62,9,1
1816,6,5,6,1,1,63,10,1
1816,7,6,7,1,1,64,11,1
1816,8,7,7.194,0.194,0,65,12,1
1817,1,0,1,1,0,52,0,1
1817,2,1,2,1,0,53,1,1
1817,3,2,3,1,0,54,2,1
1817,4,3,3.028,0.028,1,55,3,1
1818,1,0,1,1,0,39,7,1
1818,2,1,2,1,0,40,8,1
1818,3,2,2.793,0.793,0,41,9,1
1819,1,0,1,1,0,37,10,1
1819,2,1,2,1,0,38,11,1
1819,3,2,3,1,0,39,12,1
1819,4,3,4,1,0,40,13,1
1819,5,4,5,1,0,41,14,1
1819,6,5,6,1,0,42,15,1
1819,7,6,7,1,0,43,16,1
1819,8,7,8,1,0,44,17,1
1819,9,8,8.657,0.657,0,45,18,1
1820,1,0,1,1,0,33,7,1
1820,2,1,2,1,0,34,8,1
1820,3,2,3,1,0,35,9,1
1820,4,3,4,1,0,36,10,1
1820,5,4,4.377,0.377,0,37,11,1
1821,1,0,1,1,0,56,9,1
1821,2,1,2,1,0,57,10,1
1821,3,2,3,1,0,58,11,1
1821,4,3,4,1,1,59,12,1
1821,5,4,5,1,0,60,13,1
1821,6,5,6,1,1,61,14,1
1821,7,6,7,1,0,62,15,1
1821,8,7,7.306,0.306,0,63,16,1
1822,1,0,1,1,0,69,3,1
1822,2,1,2,1,0,70,4,1
1822,3,2,3,1,0,71,5,1
1822,4,3,3.708,0.708,0,72,6,1
1823,1,0,1,1,1,18,8,1
1823,2,1,2,1,0,19,9,1
1823,3,2,3,1,0,20,10,1
1823,4,3,4,1,0,21,11,1
1823,5,4,5,1,1,22,12,1
1823,6,5,5.992,0.992,0,23,13,1
1824,1,0,1,1,0,22,10,1
1824,2,1,2,1,0,23,11,1
1824,3,2,3,1,0,24,12,1
1824,4,3,4,1,0,25,13,1
1824,5,4,5,1,0,26,14,1
1824,6,5,5.822,0.822,0,27,15,1
1825,1,0,1,1,0,64,7,1
1825,2,1,2,1,0,65,8,1
1825,3,2,2.71,0.71,0,66,9,1
1826,1,0,1,1,0,31,17,1
1826,2,1,2,1,0,32,18,1
1826,3,2,3,1,0,33,19,1
1826,4,3,4,1,0,34,20,1
1826,5,4,4.136,0.136,0,35,21,1
1827,1,0,1,1,0,57,11,1
1827,2,1,2,1,0,58,12,1
1827,3,2,3,1,0,59,13,1
1827,4,3,4,1,0,60,14,1
1827,5,4,5,1,0,61,15,1
1827,6,5,5.816,0.816,0,62,16,1
1828,1,0,1,1,0,43,6,1
1828,2,1,2,1,0,44,7,1
1828,3,2,3,1,0,45,8,1
1828,4,3,4,1,0,46,9,1
1828,5,4,5,1,0,47,10,1
1828,6,5,6,1,0,48,11,1
1828,7,6,7,1,0,49,12,1
1828,8,7,8,1,0,50,13,1
1828,9,8,9,1,0,51,14,1
1828,10,9,9.38,0.38,0,52,15,1
1829,1,0,1,1,1,29,13,1
1829,2,1,2,1,0,30,14,1
1829,3,2,3,1,0,31,15,1
1829,4,3,4,1,0,32,16,1
1829,5,4,5,1,0,33,17,1
1829,6,5,5.323,0.323,0,34,18,1
1830,1,0,1,1,0,50,11,1
1830,2,1,1.14,0.14,0,51,12,1
1831,1,0,1,1,0,51,6,1
1831,2,1,2,1,0,52,7,1
1831,3,2,3,1,0,53,8,1
1831,4,3,3.431,0.431,0,54,9,1
1832,1,0,1,1,0,45,7,1
1832,2,1,2,1,1,46,8,1
1832,3,2,2.221,0.221,0,47,9,1
1833,1,0,1,1,0,26,13,1
1833,2,1,2,1,0,27,14,1
1833,3,2,3,1,0,28,15,1
1833,4,3,3.198,0.198,0,29,16,1
1834,1,0,1,1,0,33,7,1
1834,2,1,2,1,0,34,8,1
1834,3,2,3,1,0,35,9,1
1834,4,3,4,1,0,36,10,1
1834,5,4,5,1,0,37,11,1
1834,6,5,6,1,0,38,12,1
1834,7,6,7,1,0,39,13,1
1834,8,7,8,1,1,40,14,1
1834,9,8,8.48,0.48,0,41,15,1
1835,1,0,1,1,0,29,5,1
1835,2,1,1.131,0.131,0,30,6,1
1836,1,0,1,1,0,40,4,1
1836,2,1,1.128,0.128,0,41,5,1
1837,1,0,1,1,0,43,13,1
1837,2,1,2,1,0,44,14,1
1837,3,2,2.056,0.056,0,45,15,1
1838,1,0,1,1,0,34,10,1
1838,2,1,1.437,0.437,0,35,11,1
1839,1,0,1,1,0,68,11,1
1839,2,1,1.28,0.28,0,69,12,1
1840,1,0,1,1,0,34,1,1
1840,2,1,2,1,0,35,2,1
1840,3,2,3,1,0,36,3,1
1840,4,3,3.284,0.284,0,37,4,1
1841,1,0,1,1,0,18,12,1
1841,2,1,2,1,0,19,13,1
1841,3,2,3,1,2,20,14,1
1841,4,3,4,1,0,21,15,1
1841,5,4,5,1,0,22,16,1
1841,6,5,6,1,0,23,17,1
1841,7,6,6.695,0.695,0,24,18,1
1842,1,0,1,1,0,32,18,1
1842,2,1,1.51,0.51,0,33,19,1
1843,1,0,1,1,0,49,6,1
1843,2,1,2,1,0,50,7,1
1843,3,2,2.787,0.787,0,51,8,1
1844,1,0,1,1,0,40,4,1
1844,2,1,2,1,0,41,5,1
1844,3,2,3,1,0,42,6,1
1844,4,3,4,1,0,43,7,1
1844,5,4,5,1,1,44,8,1
1844,6,5,5.78,0.78,0,45,9,1
1845,1,0,1,1,0,55,5,1
1845,2,1,2,1,0,56,6,1
1845,3,2,3,1,0,57,7,1
1845,4,3,4,1,0,58,8,1
1845,5,4,4.916,0.916,0,59,9,1
1846,1,0,1,1,0,42,17,1
1846,2,1,1.249,0.249,0,43,18,1
1847,1,0,1,1,0,33,0,1
1847,2,1,2,1,0,34,1,1
1847,3,2,3,1,0,35,2,1
1847,4,3,4,1,0,36,3,1
1847,5,4,5,1,0,37,4,1
1847,6,5,5.087,0.087,0,38,5,1
1848,1,0,1,1,0,21,0,1
1848,2,1,2,1,0,22,1,1
1848,3,2,3,1,0,23,2,1
1848,4,3,4,1,0,24,3,1
1848,5,4,5,1,0,25,4,1
1848,6,5,6,1,0,26,5,1
1848,7,6,7,1,0,27,6,1
1848,8,7,7.843,0.843,0,28,7,1
1849,1,0,1,1,0,36,11,1
1849,2,1,2,1,0,37,12,1
1849,3,2,3,1,0,38,13,1
1849,4,3,4,1,0,39,14,1
1849,5,4,4.032,0.032,0,40,15,1
1850,1,0,1,1,0,34,0,1
1850,2,1,2,1,0,35,1,1
1850,3,2,3,1,0,36,2,1
1850,4,3,3.4,0.4,0,37,3,1
1851,1,0,1,1,0,44,4,1
1851,2,1,2,1,0,45,5,1
1851,3,2,3,1,0,46,6,1
1851,4,3,4,1,0,47,7,1
1851,5,4,5,1,0,48,8,1
1851,6,5,6,1,0,49,9,1
1851,7,6,6.189,0.189,0,50,10,1
1852,1,0,1,1,0,62,1,1
1852,2,1,2,1,0,63,2,1
1852,3,2,3,1,1,64,3,1
1852,4,3,4,1,0,65,4,1
1852,5,4,5,1,0,66,5,1
1852,6,5,6,1,0,67,6,1
1852,7,6,6.304,0.304,0,68,7,1
1853,1,0,1,1,0,49,7,1
1853,2,1,2,1,0,50,8,1
1853,3,2,3,1,0,51,9,1
1853,4,3,4,1,0,52,10,1
1853,5,4,5,1,1,53,11,1
1853,6,5,5.189,0.189,0,54,12,1
1854,1,0,1,1,0,55,17,1
1854,2,1,1.272,0.272,0,56,18,1
1855,1,0,1,1,0,52,14,1
1855,2,1,2,1,1,53,15,1
1855,3,2,3,1,0,54,16,1
1855,4,3,4,1,0,55,17,1
1855,5,4,5,1,0,56,18,1
1855,6,5,6,1,0,57,19,1
1855,7,6,7,1,0,58,20,1
1855,8,7,7.273,0.273,0,59,21,1
1856,1,0,1,1,0,48,3,1
1856,2,1,2,1,0,49,4,1
1856,3,2,3,1,0,50,5,1
1856,4,3,3.606,0.606,0,51,6,1
1857,1,0,1,1,0,47,8,1
1857,2,1,2,1,1,48,9,1
1857,3,2,2.775,0.775,0,49,10,1
1858,1,0,1,1,0,32,3,1
1858,2,1,2,1,0,33,4,1
1858,3,2,3,1,0,34,5,1
1858,4,3,3.702,0.702,1,35,6,1
1859,1,0,1,1,0,60,20,1
1859,2,1,2,1,1,61,21,1
1859,3,2,2.551,0.551,0,62,22,1
1860,1,0,1,1,0,61,10,1
1860,2,1,2,1,0,62,11,1
1860,3,2,3,1,0,63,12,1
1860,4,3,3.292,0.292,0,64,13,1
1861,1,0,0.744,0.744,0,44,15,1
1862,1,0,1,1,0,39,9,1
1862,2,1,2,1,0,40,10,1
1862,3,2,2.104,0.104,0,41,11,1
1863,1,0,1,1,0,34,10,1
1863,2,1,2,1,0,35,11,1
1863,3,2,3,1,0,36,12,1
1863,4,3,4,1,0,37,13,1
1863,5,4,4.368,0.368,0,38,14,1
1864,1,0,1,1,0,48,13,1
1864,2,1,2,1,0,49,14,1
1864,3,2,3,1,0,50,15,1
1864,4,3,4,1,0,51,16,1
1864,5,4,5,1,0,52,17,1
1864,6,5,5.469,0.469,0,53,18,1
1865,1,0,1,1,0,18,5,1
1865,2,1,2,1,0,19,6,1
1865,3,2,3,1,0,20,7,1
1865,4,3,3.494,0.494,0,21,8,1
1866,1,0,1,1,0,52,12,1
1866,2,1,2,1,0,53,13,1
1866,3,2,3,1,0,54,14,1
1866,4,3,4,1,0,55,15,1
1866,5,4,5,1,0,56,16,1
1866,6,5,5.123,0.123,0,57,17,1
1867,1,0,1,1,0,39,15,1
1867,2,1,2,1,0,40,16,1
1867,3,2,3,1,0,41,17,1
1867,4,3,3.187,0.187,0,42,18,1
1868,1,0,1,1,0,43,12,1
1868,2,1,2,1,0,44,13,1
1868,3,2,3,1,1,45,14,1
1868,4,3,4,1,0,46,15,1
1868,5,4,4.224,0.224,0,47,16,1
1869,1,0,1,1,0,37,14,1
1869,2,1,2,1,0,38,15,1
1869,3,2,2.037,0.037,0,39,16,1
1870,1,0,1,1,0,49,12,1
1870,2,1,2,1,0,50,13,1
1870,3,2,3,1,0,51,14,1
1870,4,3,3.464,0.464,0,52,15,1
1871,1,0,1,1,0,41,7,1
1871,2,1,2,1,0,42,8,1
1871,3,2,3,1,0,43,9,1
1871,4,3,4,1,0,44,10,1
1871,5,4,5,1,0,45,11,1
1871,6,5,6,1,1,46,12,1
1871,7,6,7,1,0,47,13,1
1871,8,7,8,1,0,48,14,1
1871,9,8,8.786,0.786,0,49,15,1
1872,1,0,1,1,0,34,3,1
1872,2,1,1.886,0.886,0,35,4,1
1873,1,0,1,1,0,43,5,1
1873,2,1,2,1,0,44,6,1
1873,3,2,3,1,0,45,7,1
1873,4,3,3.278,0.278,0,46,8,1
1874,1,0,1,1,0,43,8,1
1874,2,1,2,1,0,44,9,1
1874,3,2,3,1,0,45,10,1
1874,4,3,4,1,0,46,11,1
1874,5,4,4.78,0.78,0,47,12,1
1875,1,0,1,1,0,47,5,1
1875,2,1,2,1,0,48,6,1
1875,3,2,2.487,0.487,0,49,7,1
1876,1,0,1,1,0,36,9,1
1876,2,1,2,1,0,37,10,1
1876,3,2,3,1,0,38,11,1
1876,4,3,4,1,0,39,12,1
1876,5,4,5,1,0,40,13,1
1876,6,5,5.196,0.196,0,41,14,1
1877,1,0,1,1,0,32,3,1
1877,2,1,2,1,0,33,4,1
1877,3,2,3,1,0,34,5,1
1877,4,3,4,1,0,35,6,1
1877,5,4,5,1,0,36,7,1
1877,6,5,6,1,0,37,8,1
1877,7,6,7,1,0,38,9,1
1877,8,7,7.998,0.998,0,39,10,1
1878,1,0,0.963,0.963,0,29,14,1
1879,1,0,1,1,0,54,7,1
1879,2,1,2,1,0,55,8,1
1879,3,2,2.696,0.696,0,56,9,1
1880,1,0,1,1,0,52,8,1
1880,2,1,2,1,0,53,9,1
1880,3,2,3,1,0,54,10,1
1880,4,3,4,1,0,55,11,1
1880,5,4,4.024,0.024,0,56,12,1
1881,1,0,1,1,0,21,7,1
1881,2,1,2,1,0,22,8,1
1881,3,2,3,1,0,23,9,1
1881,4,3,3.489,0.489,0,24,10,1
1882,1,0,1,1,0,36,6,1
1882,2,1,2,1,0,37,7,1
1882,3,2,3,1,0,38,8,1
1882,4,3,4,1,0,39,9,1
1882,5,4,4.692,0.692,0,40,10,1
1883,1,0,1,1,1,23,15,1
1883,2,1,2,1,0,24,16,1
1883,3,2,2.206,0.206,1,25,17,1
1884,1,0,1,1,1,35,7,1
1884,2,1,2,1,0,36,8,1
1884,3,2,3,1,0,37,9,1
1884,4,3,4,1,0,38,10,1
1884,5,4,5,1,0,39,11,1
1884,6,5,6,1,0,40,12,1
1884,7,6,6.114,0.114,0,41,13,1
1885,1,0,1,1,0,54,9,1
1885,2,1,2,1,0,55,10,1
1885,3,2,2.983,0.983,0,56,11,1
1886,1,0,1,1,0,38,7,1
1886,2,1,2,1,0,39,8,1
1886,3,2,3,1,0,40,9,1
1886,4,3,3.289,0.289,0,41,10,1
1887,1,0,1,1,0,45,8,1
1887,2,1,2,1,0,46,9,1
1887,3,2,3,1,0,47,10,1
1887,4,3,3.161,0.161,0,48,11,1
1888,1,0,1,1,0,43,7,1
1888,2,1,2,1,0,44,8,1
1888,3,2,3,1,0,45,9,1
1888,4,3,4,1,0,46,10,1
1888,5,4,5,1,1,47,11,1
1888,6,5,6,1,0,48,12,1
1888,7,6,7,1,1,49,13,1
1888,8,7,8,1,0,50,14,1
1888,9,8,8.078,0.078,0,51,15,1
1889,1,0,1,1,0,34,4,1
1889,2,1,2,1,0,35,5,1
1889,3,2,3,1,0,36,6,1
1889,4,3,4,1,0,37,7,1
1889,5,4,5,1,0,38,8,1
1889,6,5,6,1,0,39,9,1
1889,7,6,6.07,0.07,0,40,10,1
1890,1,0,1,1,0,53,9,1
1890,2,1,2,1,0,54,10,1
1890,3,2,3,1,0,55,11,1
1890,4,3,4,1,0,56,12,1
1890,5,4,4.169,0.169,0,57,13,1
1891,1,0,1,1,1,45,8,1
1891,2,1,2,1,0,46,9,1
1891,3,2,3,1,0,47,10,1
1891,4,3,3.323,0.323,0,48,11,1
1892,1,0,1,1,0,60,5,1
1892,2,1,2,1,0,61,6,1
1892,3,2,3,1,0,62,7,1
1892,4,3,4,1,0,63,8,1
1892,5,4,5,1,0,64,9,1
1892,6,5,6,1,0,65,10,1
1892,7,6,6.207,0.207,0,66,11,1
1893,1,0,0.846,0.846,0,30,12,1
1894,1,0,1,1,0,44,11,1
1894,2,1,2,1,0,45,12,1
1894,3,2,3,1,0,46,13,1
1894,4,3,3.706,0.706,0,47,14,1
1895,1,0,1,1,0,38,5,1
1895,2,1,2,1,0,39,6,1
1895,3,2,3,1,0,40,7,1
1895,4,3,4,1,0,41,8,1
1895,5,4,5,1,0,42,9,1
1895,6,5,5.813,0.813,0,43,10,1
1896,1,0,1,1,0,63,0,1
1896,2,1,2,1,0,64,1,1
1896,3,2,3,1,1,65,2,1
1896,4,3,3.791,0.791,0,66,3,1
1897,1,0,1,1,0,63,0,1
1897,2,1,2,1,0,64,1,1
1897,3,2,3,1,0,65,2,1
1897,4,3,4,1,0,66,3,1
1897,5,4,5,1,0,67,4,1
1897,6,5,5.985,0.985,0,68,5,1
1898,1,0,1,1,0,51,12,1
1898,2,1,2,1,0,52,13,1
1898,3,2,3,1,0,53,14,1
1898,4,3,3.739,0.739,0,54,15,1
1899,1,0,1,1,0,25,12,1
1899,2,1,1.421,0.421,0,26,13,1
1900,1,0,1,1,0,59,2,1
1900,2,1,2,1,0,60,3,1
1900,3,2,2.3,0.3,0,61,4,1
1901,1,0,1,1,2,22,15,1
1901,2,1,2,1,1,23,16,1
1901,3,2,3,1,0,24,17,1
1901,4,3,4,1,2,25,18,1
1901,5,4,5,1,0,26,19,1
1901,6,5,6,1,1,27,20,1
1901,7,6,6.752,0.752,0,28,21,1
1902,1,0,1,1,0,42,18,1
1902,2,1,2,1,0,43,19,1
1902,3,2,3,1,0,44,20,1
1902,4,3,3.883,0.883,0,45,21,1
1903,1,0,1,1,0,45,3,1
1903,2,1,2,1,0,46,4,1
1903,3,2,3,1,0,47,5,1
1903,4,3,4,1,0,48,6,1
1903,5,4,5,1,0,49,7,1
1903,6,5,6,1,0,50,8,1
1903,7,6,7,1,0,51,9,1
1903,8,7,8,1,0,52,10,1
1903,9,8,8.223,0.223,0,53,11,1
1904,1,0,1,1,0,57,6,1
1904,2,1,2,1,0,58,7,1
1904,3,2,3,1,0,59,8,1
1904,4,3,4,1,0,60,9,1
1904,5,4,5,1,0,61,10,1
1904,6,5,6,1,0,62,11,1
1904,7,6,6.786,0.786,0,63,12,1
1905,1,0,1,1,0,48,12,1
1905,2,1,1.506,0.506,0,49,13,1
1906,1,0,1,1,0,28,6,1
1906,2,1,1.597,0.597,0,29,7,1
1907,1,0,1,1,0,53,5,1
1907,2,1,1.911,0.911,0,54,6,1
1908,1,0,1,1,0,50,5,1
1908,2,1,2,1,0,51,6,1
1908,3,2,3,1,0,52,7,1
1908,4,3,4,1,0,53,8,1
1908,5,4,5,1,0,54,9,1
1908,6,5,6,1,0,55,10,1
1908,7,6,7,1,0,56,11,1
1908,8,7,8,1,0,57,12,1
1908,9,8,9,1,0,58,13,1
1908,10,9,9.655,0.655,0,59,14,1
1909,1,0,1,1,0,43,6,1
1909,2,1,2,1,0,44,7,1
1909,3,2,2.566,0.566,0,45,8,1
1910,1,0,1,1,0,31,9,1
1910,2,1,2,1,0,32,10,1
1910,3,2,3,1,0,33,11,1
1910,4,3,4,1,1,34,12,1
1910,5,4,5,1,1,35,13,1
1910,6,5,6,1,0,36,14,1
1910,7,6,6.225,0.225,0,37,15,1
1911,1,0,1,1,0,76,10,1
1911,2,1,2,1,0,77,11,1
1911,3,2,2.045,0.045,0,78,12,1
1912,1,0,1,1,0,39,10,1
1912,2,1,1.052,0.052,0,40,11,1
1913,1,0,1,1,0,29,0,1
1913,2,1,1.445,0.445,0,30,1,1
1914,1,0,1,1,1,22,10,1
1914,2,1,2,1,0,23,11,1
1914,3,2,2.939,0.939,0,24,12,1
1915,1,0,1,1,0,43,21,1
1915,2,1,2,1,0,44,22,1
1915,3,2,3,1,0,45,23,1
1915,4,3,4,1,0,46,24,1
1915,5,4,5,1,0,47,25,1
1915,6,5,5.184,0.184,0,48,26,1
1916,1,0,1,1,1,25,11,1
1916,2,1,2,1,0,26,12,1
1916,3,2,3,1,0,27,13,1
1916,4,3,4,1,0,28,14,1
1916,5,4,4.653,0.653,0,29,15,1
1917,1,0,1,1,0,36,16,1
1917,2,1,2,1,0,37,17,1
1917,3,2,2.584,0.584,0,38,18,1
1918,1,0,1,1,1,64,23,1
1918,2,1,2,1,0,65,24,1
1918,3,2,2.338,0.338,0,66,25,1
1919,1,0,1,1,0,56,0,1
1919,2,1,2,1,0,57,1,1
1919,3,2,3,1,0,58,2,1
1919,4,3,4,1,0,59,3,1
1919,5,4,4.63,0.63,0,60,4,1
1920,1,0,1,1,0,54,5,1
1920,2,1,2,1,0,55,6,1
1920,3,2,3,1,0,56,7,1
1920,4,3,3.04,0.04,0,57,8,1
1921,1,0,1,1,0,34,8,1
1921,2,1,2,1,0,35,9,1
1921,3,2,2.351,0.351,0,36,10,1
1922,1,0,1,1,0,48,6,1
1922,2,1,1.401,0.401,0,49,7,1
1923,1,0,1,1,1,26,8,1
1923,2,1,2,1,0,27,9,1
1923,3,2,3,1,0,28,10,1
1923,4,3,4,1,1,29,11,1
1923,5,4,5,1,1,30,12,1
1923,6,5,6,1,0,31,13,1
1923,7,6,6.34,0.34,0,32,14,1
1924,1,0,1,1,0,48,1,1
1924,2,1,2,1,1,49,2,1
1924,3,2,3,1,0,50,3,1
1924,4,3,3.389,0.389,1,51,4,1
1925,1,0,1,1,0,69,12,1
1925,2,1,2,1,1,70,13,1
1925,3,2,3,1,0,71,14,1
1925,4,3,4,1,0,72,15,1
1925,5,4,5,1,0,73,16,1
1925,6,5,6,1,0,74,17,1
1925,7,6,6.527,0.527,0,75,18,1
1926,1,0,1,1,0,46,13,1
1926,2,1,2,1,0,47,14,1
1926,3,2,3,1,0,48,15,1
1926,4,3,4,1,1,49,16,1
1926,5,4,5,1,1,50,17,1
1926,6,5,6,1,0,51,18,1
1926,7,6,7,1,0,52,19,1
1926,8,7,7.529,0.529,0,53,20,1
1927,1,0,1,1,0,50,8,1
1927,2,1,2,1,0,51,9,1
1927,3,2,3,1,1,52,10,1
1927,4,3,4,1,0,53,11,1
1927,5,4,5,1,0,54,12,1
1927,6,5,6,1,0,55,13,1
1927,7,6,7,1,0,56,14,1
1927,8,7,7.015,0.015,0,57,15,1
1928,1,0,1,1,0,53,15,1
1928,2,1,2,1,0,54,16,1
1928,3,2,2.85,0.85,0,55,17,1
1929,1,0,1,1,1,72,1,1
1929,2,1,1.902,0.902,0,73,2,1
1930,1,0,1,1,0,50,3,1
1930,2,1,2,1,0,51,4,1
1930,3,2,3,1,0,52,5,1
1930,4,3,4,1,0,53,6,1
1930,5,4,4.298,0.298,0,54,7,1
1931,1,0,1,1,0,44,6,1
1931,2,1,2,1,0,45,7,1
1931,3,2,3,1,1,46,8,1
1931,4,3,4,1,0,47,9,1
1931,5,4,5,1,0,48,10,1
1931,6,5,6,1,0,49,11,1
1931,7,6,6.542,0.542,0,50,12,1
1932,1,0,1,1,0,38,6,1
1932,2,1,2,1,0,39,7,1
1932,3,2,2.093,0.093,0,40,8,1
1933,1,0,1,1,0,27,3,1
1933,2,1,2,1,1,28,4,1
1933,3,2,2.875,0.875,0,29,5,1
1934,1,0,1,1,0,26,0,1
1934,2,1,2,1,0,27,1,1
1934,3,2,3,1,0,28,2,1
1934,4,3,4,1,0,29,3,1
1934,5,4,5,1,0,30,4,1
1934,6,5,5.103,0.103,0,31,5,1
1935,1,0,1,1,0,55,7,1
1935,2,1,2,1,0,56,8,1
1935,3,2,2.174,0.174,0,57,9,1
1936,1,0,1,1,0,39,10,1
1936,2,1,2,1,0,40,11,1
1936,3,2,3,1,0,41,12,1
1936,4,3,3.676,0.676,0,42,13,1
1937,1,0,1,1,0,37,10,1
1937,2,1,1.479,0.479,0,38,11,1
1938,1,0,1,1,0,55,12,1
1938,2,1,1.11,0.11,0,56,13,1
1939,1,0,1,1,0,51,10,1
1939,2,1,1.722,0.722,0,52,11,1
1940,1,0,1,1,0,63,0,1
1940,2,1,2,1,0,64,1,1
1940,3,2,3,1,0,65,2,1
1940,4,3,3.448,0.448,0,66,3,1
1941,1,0,1,1,0,46,12,1
1941,2,1,2,1,1,47,13,1
1941,3,2,3,1,0,48,14,1
1941,4,3,4,1,0,49,15,1
1941,5,4,5,1,0,50,16,1
1941,6,5,6,1,0,51,17,1
1941,7,6,7,1,0,52,18,1
1941,8,7,8,1,0,53,19,1
1941,9,8,9,1,0,54,20,1
1941,10,9,9.008,0.008,0,55,21,1
1942,1,0,1,1,0,57,11,1
1942,2,1,2,1,0,58,12,1
1942,3,2,3,1,0,59,13,1
1942,4,3,4,1,0,60,14,1
1942,5,4,5,1,0,61,15,1
1942,6,5,6,1,0,62,16,1
1942,7,6,7,1,0,63,17,1
1942,8,7,8,1,0,64,18,1
1942,9,8,9,1,0,65,19,1
1942,10,9,9.601,0.601,0,66,20,1
1943,1,0,1,1,0,76,0,1
1943,2,1,2,1,0,77,1,1
1943,3,2,3,1,0,78,2,1
1943,4,3,4,1,0,79,3,1
1943,5,4,5,1,0,80,4,1
1943,6,5,5.643,0.643,0,81,5,1
1944,1,0,1,1,0,59,19,1
1944,2,1,2,1,0,60,20,1
1944,3,2,3,1,0,61,21,1
1944,4,3,4,1,0,62,22,1
1944,5,4,5,1,1,63,23,1
1944,6,5,6,1,0,64,24,1
1944,7,6,6.503,0.503,0,65,25,1
1945,1,0,1,1,1,24,10,1
1945,2,1,2,1,0,25,11,1
1945,3,2,2.5,0.5,0,26,12,1
1946,1,0,1,1,0,41,9,1
1946,2,1,1.019,0.019,0,42,10,1
1947,1,0,1,1,0,44,2,1
1947,2,1,2,1,0,45,3,1
1947,3,2,3,1,0,46,4,1
1947,4,3,4,1,0,47,5,1
1947,5,4,4.373,0.373,0,48,6,1
1948,1,0,1,1,0,87,8,1
1948,2,1,2,1,1,88,9,1
1948,3,2,2.523,0.523,0,89,10,1
1949,1,0,1,1,0,50,8,1
1949,2,1,2,1,0,51,9,1
1949,3,2,3,1,0,52,10,1
1949,4,3,4,1,1,53,11,1
1949,5,4,5,1,1,54,12,1
1949,6,5,6,1,0,55,13,1
1949,7,6,7,1,0,56,14,1
1949,8,7,8,1,0,57,15,1
1949,9,8,9,1,0,58,16,1
1949,10,9,9.13,0.13,0,59,17,1
1950,1,0,0.553,0.553,0,43,7,1
1951,1,0,1,1,0,41,12,1
1951,2,1,2,1,0,42,13,1
1951,3,2,3,1,0,43,14,1
1951,4,3,4,1,0,44,15,1
1951,5,4,4.446,0.446,0,45,16,1
1952,1,0,1,1,0,31,8,1
1952,2,1,2,1,0,32,9,1
1952,3,2,3,1,0,33,10,1
1952,4,3,4,1,0,34,11,1
1952,5,4,5,1,0,35,12,1
1952,6,5,6,1,1,36,13,1
1952,7,6,7,1,1,37,14,1
1952,8,7,8,1,0,38,15,1
1952,9,8,8.608,0.608,0,39,16,1
1953,1,0,1,1,0,43,19,1
1953,2,1,2,1,0,44,20,1
1953,3,2,3,1,0,45,21,1
1953,4,3,4,1,0,46,22,1
1953,5,4,4.507,0.507,0,47,23,1
1954,1,0,1,1,0,21,11,1
1954,2,1,1.24,0.24,0,22,12,1
1955,1,0,1,1,0,42,3,1
1955,2,1,2,1,0,43,4,1
1955,3,2,2.145,0.145,0,44,5,1
1956,1,0,1,1,0,68,5,1
1956,2,1,2,1,0,69,6,1
1956,3,2,3,1,0,70,7,1
1956,4,3,4,1,0,71,8,1
1956,5,4,4.025,0.025,0,72,9,1
1957,1,0,0.638,0.638,0,35,15,1
1958,1,0,1,1,0,34,2,1
1958,2,1,2,1,1,35,3,1
1958,3,2,3,1,1,36,4,1
1958,4,3,4,1,0,37,5,1
1958,5,4,5,1,0,38,6,1
1958,6,5,5.518,0.518,1,39,7,1
1959,1,0,1,1,0,44,20,1
1959,2,1,2,1,0,45,21,1
1959,3,2,3,1,0,46,22,1
1959,4,3,4,1,0,47,23,1
1959,5,4,5,1,0,48,24,1
1959,6,5,6,1,0,49,25,1
1959,7,6,7,1,0,50,26,1
1959,8,7,7.356,0.356,0,51,27,1
1960,1,0,1,1,0,60,4,1
1960,2,1,2,1,0,61,5,1
1960,3,2,3,1,0,62,6,1
1960,4,3,4,1,0,63,7,1
1960,5,4,5,1,0,64,8,1
1960,6,5,6,1,0,65,9,1
1960,7,6,6.564,0.564,0,66,10,1
1961,1,0,1,1,1,34,10,1
1961,2,1,2,1,5,35,11,1
1961,3,2,3,1,0,36,12,1
1961,4,3,3.09,0.09,0,37,13,1
1962,1,0,1,1,0,32,11,1
1962,2,1,2,1,0,33,12,1
1962,3,2,3,1,0,34,13,1
1962,4,3,3.353,0.353,0,35,14,1
1963,1,0,1,1,0,44,6,1
1963,2,1,1.187,0.187,0,45,7,1
1964,1,0,1,1,0,48,2,1
1964,2,1,2,1,1,49,3,1
1964,3,2,3,1,0,50,4,1
1964,4,3,4,1,0,51,5,1
1964,5,4,5,1,0,52,6,1
1964,6,5,6,1,0,53,7,1
1964,7,6,7,1,0,54,8,1
1964,8,7,8,1,0,55,9,1
1964,9,8,8.612,0.612,0,56,10,1
1965,1,0,1,1,1,26,2,1
1965,2,1,2,1,0,27,3,1
1965,3,2,3,1,1,28,4,1
1965,4,3,4,1,1,29,5,1
1965,5,4,5,1,0,30,6,1
1965,6,5,6,1,0,31,7,1
1965,7,6,7,1,0,32,8,1
1965,8,7,8,1,0,33,9,1
1965,9,8,8.01,0.01,0,34,10,1
1966,1,0,1,1,0,40,5,1
1966,2,1,2,1,0,41,6,1
1966,3,2,3,1,0,42,7,1
1966,4,3,4,1,0,43,8,1
1966,5,4,5,1,0,44,9,1
1966,6,5,6,1,0,45,10,1
1966,7,6,6.168,0.168,0,46,11,1
1967,1,0,1,1,0,38,0,1
1967,2,1,2,1,0,39,1,1
1967,3,2,3,1,0,40,2,1
1967,4,3,4,1,0,41,3,1
1967,5,4,5,1,0,42,4,1
1967,6,5,6,1,0,43,5,1
1967,7,6,6.65,0.65,0,44,6,1
1968,1,0,1,1,0,36,6,1
1968,2,1,2,1,0,37,7,1
1968,3,2,3,1,0,38,8,1
1968,4,3,4,1,0,39,9,1
1968,5,4,5,1,0,40,10,1
1968,6,5,6,1,0,41,11,1
1968,7,6,7,1,0,42,12,1
1968,8,7,7.645,0.645,0,43,13,1
1969,1,0,1,1,0,57,0,1
1969,2,1,2,1,0,58,1,1
1969,3,2,3,1,0,59,2,1
1969,4,3,4,1,0,60,3,1
1969,5,4,5,1,0,61,4,1
1969,6,5,5.439,0.439,0,62,5,1
1970,1,0,1,1,0,63,3,1
1970,2,1,2,1,0,64,4,1
1970,3,2,2.475,0.475,0,65,5,1
1971,1,0,1,1,1,77,5,1
1971,2,1,2,1,0,78,6,1
1971,3,2,3,1,0,79,7,1
1971,4,3,4,1,0,80,8,1
1971,5,4,4.726,0.726,0,81,9,1
1972,1,0,1,1,0,39,8,1
1972,2,1,2,1,0,40,9,1
1972,3,2,3,1,0,41,10,1
1972,4,3,4,1,0,42,11,1
1972,5,4,4.679,0.679,0,43,12,1
1973,1,0,1,1,0,55,11,1
1973,2,1,2,1,0,56,12,1
1973,3,2,2.746,0.746,0,57,13,1
1974,1,0,1,1,2,31,6,1
1974,2,1,1.464,0.464,0,32,7,1
1975,1,0,1,1,0,57,0,1
1975,2,1,1.669,0.669,0,58,1,1
1976,1,0,1,1,0,42,4,1
1976,2,1,1.395,0.395,0,43,5,1
1977,1,0,1,1,0,37,11,1
1977,2,1,2,1,0,38,12,1
1977,3,2,3,1,0,39,13,1
1977,4,3,4,1,0,40,14,1
1977,5,4,5,1,1,41,15,1
1977,6,5,5.523,0.523,2,42,16,1
1978,1,0,1,1,0,40,1,1
1978,2,1,2,1,0,41,2,1
1978,3,2,3,1,1,42,3,1
1978,4,3,4,1,1,43,4,1
1978,5,4,4.29,0.29,0,44,5,1
1979,1,0,1,1,0,65,8,1
1979,2,1,1.354,0.354,0,66,9,1
1980,1,0,1,1,0,39,12,1
1980,2,1,2,1,1,40,13,1
1980,3,2,3,1,0,41,14,1
1980,4,3,4,1,0,42,15,1
1980,5,4,4.423,0.423,0,43,16,1
1981,1,0,1,1,0,65,11,1
1981,2,1,1.25,0.25,0,66,12,1
1982,1,0,1,1,0,88,18,1
1982,2,1,2,1,0,89,19,1
1982,3,2,3,1,0,90,20,1
1982,4,3,4,1,0,91,21,1
1982,5,4,4.132,0.132,0,92,22,1
1983,1,0,1,1,0,18,7,1
1983,2,1,2,1,0,19,8,1
1983,3,2,3,1,0,20,9,1
1983,4,3,4,1,0,21,10,1
1983,5,4,5,1,0,22,11,1
1983,6,5,6,1,1,23,12,1
1983,7,6,6.768,0.768,0,24,13,1
1984,1,0,1,1,0,29,10,1
1984,2,1,2,1,0,30,11,1
1984,3,2,3,1,0,31,12,1
1984,4,3,3.495,0.495,0,32,13,1
1985,1,0,1,1,0,62,15,1
1985,2,1,2,1,0,63,16,1
1985,3,2,2.088,0.088,0,64,17,1
1986,1,0,1,1,0,35,3,1
1986,2,1,1.791,0.791,0,36,4,1
1987,1,0,1,1,1,51,8,1
1987,2,1,2,1,0,52,9,1
1987,3,2,3,1,0,53,10,1
1987,4,3,4,1,0,54,11,1
1987,5,4,5,1,0,55,12,1
1987,6,5,5.111,0.111,0,56,13,1
1988,1,0,1,1,0,58,6,1
1988,2,1,2,1,0,59,7,1
1988,3,2,2.041,0.041,0,60,8,1
1989,1,0,1,1,0,39,0,1
1989,2,1,2,1,0,40,1,1
1989,3,2,3,1,0,41,2,1
1989,4,3,4,1,0,42,3,1
1989,5,4,5,1,0,43,4,1
1989,6,5,6,1,0,44,5,1
1989,7,6,6.368,0.368,0,45,6,1
1990,1,0,1,1,0,53,5,1
1990,2,1,2,1,1,54,6,1
1990,3,2,3,1,0,55,7,1
1990,4,3,4,1,0,56,8,1
1990,5,4,5,1,0,57,9,1
1990,6,5,5.225,0.225,0,58,10,1
1991,1,0,1,1,0,70,13,1
1991,2,1,1.319,0.319,0,71,14,1
1992,1,0,1,1,0,50,5,1
1992,2,1,2,1,1,51,6,1
1992,3,2,3,1,0,52,7,1
1992,4,3,4,1,0,53,8,1
1992,5,4,5,1,0,54,9,1
1992,6,5,6,1,1,55,10,1
1992,7,6,7,1,0,56,11,1
1992,8,7,8,1,0,57,12,1
1992,9,8,9,1,0,58,13,1
1992,10,9,9.108,0.108,0,59,14,1
1993,1,0,1,1,0,18,4,1
1993,2,1,2,1,0,19,5,1
1993,3,2,3,1,0,20,6,1
1993,4,3,4,1,0,21,7,1
1993,5,4,5,1,1,22,8,1
1993,6,5,6,1,0,23,9,1
1993,7,6,7,1,0,24,10,1
1993,8,7,7.524,0.524,0,25,11,1
1994,1,0,1,1,0,39,13,1
1994,2,1,2,1,0,40,14,1
1994,3,2,3,1,0,41,15,1
1994,4,3,3.385,0.385,0,42,16,1
1995,1,0,1,1,0,32,3,1
1995,2,1,2,1,1,33,4,1
1995,3,2,2.885,0.885,0,34,5,1
1996,1,0,1,1,0,34,5,1
1996,2,1,1.339,0.339,0,35,6,1
1997,1,0,1,1,1,43,9,1
1997,2,1,2,1,0,44,10,1
1997,3,2,3,1,0,45,11,1
1997,4,3,3.599,0.599,0,46,12,1
1998,1,0,1,1,0,56,4,1
1998,2,1,2,1,0,57,5,1
1998,3,2,3,1,0,58,6,1
1998,4,3,3.799,0.799,0,59,7,1
1999,1,0,1,1,0,75,12,1
1999,2,1,2,1,1,76,13,1
1999,3,2,3,1,0,77,14,1
1999,4,3,3.706,0.706,0,78,15,1
2000,1,0,1,1,0,36,14,1
2000,2,1,1.628,0.628,0,37,15,1
2001,1,0,1,1,0,50,11,1
2001,2,1,2,1,0,51,12,1
2001,3,2,3,1,0,52,13,1
2001,4,3,4,1,1,53,14,1
2001,5,4,4.302,0.302,0,54,15,1
2002,1,0,1,1,0,57,0,1
2002,2,1,2,1,0,58,1,1
2002,3,2,3,1,0,59,2,1
2002,4,3,4,1,0,60,3,1
2002,5,4,4.383,0.383,0,61,4,1
2003,1,0,1,1,0,18,7,1
2003,2,1,1.697,0.697,0,19,8,1
2004,1,0,1,1,0,49,8,1
2004,2,1,2,1,0,50,9,1
2004,3,2,2.358,0.358,0,51,10,1
2005,1,0,1,1,0,38,11,1
2005,2,1,2,1,0,39,12,1
2005,3,2,3,1,0,40,13,1
2005,4,3,4,1,0,41,14,1
2005,5,4,5,1,0,42,15,1
2005,6,5,6,1,0,43,16,1
2005,7,6,7,1,0,44,17,1
2005,8,7,8,1,0,45,18,1
2005,9,8,8.125,0.125,0,46,19,1
2006,1,0,1,1,0,39,5,1
2006,2,1,2,1,0,40,6,1
2006,3,2,3,1,0,41,7,1
2006,4,3,4,1,0,42,8,1
2006,5,4,4.634,0.634,0,43,9,1
2007,1,0,1,1,0,50,13,1
2007,2,1,2,1,0,51,14,1
2007,3,2,2.133,0.133,0,52,15,1
2008,1,0,1,1,0,47,7,1
2008,2,1,2,1,0,48,8,1
2008,3,2,3,1,0,49,9,1
2008,4,3,4,1,0,50,10,1
2008,5,4,4.355,0.355,0,51,11,1
2009,1,0,1,1,0,73,9,1
2009,2,1,2,1,0,74,10,1
2009,3,2,2.923,0.923,0,75,11,1
2010,1,0,1,1,0,32,5,1
2010,2,1,1.743,0.743,0,33,6,1
2011,1,0,1,1,0,47,17,1
2011,2,1,2,1,0,48,18,1
2011,3,2,3,1,0,49,19,1
2011,4,3,4,1,0,50,20,1
2011,5,4,5,1,1,51,21,1
2011,6,5,5.008,0.008,0,52,22,1
2012,1,0,0.674,0.674,0,50,0,1
2013,1,0,1,1,0,51,6,1
2013,2,1,2,1,0,52,7,1
2013,3,2,3,1,0,53,8,1
2013,4,3,4,1,0,54,9,1
2013,5,4,5,1,0,55,10,1
2013,6,5,5.025,0.025,0,56,11,1
2014,1,0,1,1,0,32,0,1
2014,2,1,1.471,0.471,0,33,1,1
2015,1,0,1,1,0,39,12,1
2015,2,1,1.692,0.692,0,40,13,1
2016,1,0,1,1,0,64,3,1
2016,2,1,1.844,0.844,0,65,4,1
2017,1,0,1,1,0,54,7,1
2017,2,1,2,1,0,55,8,1
2017,3,2,2.931,0.931,0,56,9,1
2018,1,0,1,1,1,67,14,1
2018,2,1,2,1,0,68,15,1
2018,3,2,3,1,0,69,16,1
2018,4,3,4,1,0,70,17,1
2018,5,4,5,1,0,71,18,1
2018,6,5,6,1,0,72,19,1
2018,7,6,7,1,1,73,20,1
2018,8,7,7.897,0.897,0,74,21,1
2019,1,0,1,1,0,40,11,1
2019,2,1,2,1,0,41,12,1
2019,3,2,3,1,0,42,13,1
2019,4,3,4,1,1,43,14,1
2019,5,4,5,1,0,44,15,1
2019,6,5,5.713,0.713,0,45,16,1
2020,1,0,1,1,0,34,7,1
2020,2,1,2,1,0,35,8,1
2020,3,2,3,1,0,36,9,1
2020,4,3,4,1,0,37,10,1
2020,5,4,5,1,0,38,11,1
2020,6,5,5.009,0.009,0,39,12,1
2021,1,0,1,1,0,18,0,1
2021,2,1,2,1,0,19,1,1
2021,3,2,2.29,0.29,0,20,2,1
2022,1,0,1,1,0,20,10,1
2022,2,1,2,1,0,21,11,1
2022,3,2,3,1,0,22,12,1
2022,4,3,3.294,0.294,0,23,13,1
2023,1,0,1,1,1,33,9,1
2023,2,1,2,1,0,34,10,1
2023,3,2,3,1,0,35,11,1
2023,4,3,4,1,0,36,12,1
2023,5,4,5,1,0,37,13,1
2023,6,5,5.036,0.036,0,38,14,1
2024,1,0,1,1,0,56,8,1
2024,2,1,2,1,0,57,9,1
2024,3,2,3,1,0,58,10,1
2024,4,3,4,1,0,59,11,1
2024,5,4,4.596,0.596,0,60,12,1
2025,1,0,1,1,1,54,15,1
2025,2,1,1.211,0.211,0,55,16,1
2026,1,0,1,1,0,41,7,1
2026,2,1,2,1,0,42,8,1
2026,3,2,3,1,0,43,9,1
2026,4,3,4,1,0,44,10,1
2026,5,4,5,1,0,45,11,1
2026,6,5,6,1,0,46,12,1
2026,7,6,7,1,0,47,13,1
2026,8,7,8,1,0,48,14,1
2026,9,8,9,1,0,49,15,1
2026,10,9,9.82,0.82,0,50,16,1
2027,1,0,1,1,0,62,2,1
2027,2,1,2,1,0,63,3,1
2027,3,2,2.194,0.194,0,64,4,1
2028,1,0,1,1,0,38,11,1
2028,2,1,2,1,0,39,12,1
2028,3,2,3,1,0,40,13,1
2028,4,3,4,1,0,41,14,1
2028,5,4,4.923,0.923,0,42,15,1
2029,1,0,1,1,0,19,5,1
2029,2,1,2,1,0,20,6,1
2029,3,2,3,1,0,21,7,1
2029,4,3,4,1,0,22,8,1
2029,5,4,5,1,0,23,9,1
2029,6,5,5.818,0.818,0,24,10,1
2030,1,0,1,1,0,47,6,1
2030,2,1,2,1,0,48,7,1
2030,3,2,3,1,0,49,8,1
2030,4,3,4,1,0,50,9,1
2030,5,4,5,1,0,51,10,1
2030,6,5,6,1,0,52,11,1
2030,7,6,7,1,0,53,12,1
2030,8,7,8,1,0,54,13,1
2030,9,8,9,1,0,55,14,1
2030,10,9,9.385,0.385,0,56,15,1
2031,1,0,0.401,0.401,0,37,9,1
2032,1,0,1,1,0,44,5,1
2032,2,1,2,1,0,45,6,1
2032,3,2,3,1,0,46,7,1
2032,4,3,4,1,0,47,8,1
2032,5,4,5,1,0,48,9,1
2032,6,5,6,1,0,49,10,1
2032,7,6,6.909,0.909,0,50,11,1
2033,1,0,1,1,0,68,2,1
2033,2,1,2,1,0,69,3,1
2033,3,2,3,1,0,70,4,1
2033,4,3,4,1,0,71,5,1
2033,5,4,5,1,0,72,6,1
2033,6,5,6,1,0,73,7,1
2033,7,6,6.212,0.212,0,74,8,1
2034,1,0,1,1,0,27,9,1
2034,2,1,2,1,0,28,10,1
2034,3,2,3,1,1,29,11,1
2034,4,3,4,1,0,30,12,1
2034,5,4,5,1,0,31,13,1
2034,6,5,5.068,0.068,0,32,14,1
2035,1,0,1,1,0,27,8,1
2035,2,1,2,1,0,28,9,1
2035,3,2,3,1,0,29,10,1
2035,4,3,4,1,0,30,11,1
2035,5,4,4.641,0.641,0,31,12,1
2036,1,0,1,1,0,42,9,1
2036,2,1,2,1,0,43,10,1
2036,3,2,3,1,0,44,11,1
2036,4,3,4,1,0,45,12,1
2036,5,4,5,1,0,46,13,1
2036,6,5,6,1,0,47,14,1
2036,7,6,7,1,0,48,15,1
2036,8,7,7.557,0.557,0,49,16,1
2037,1,0,1,1,0,52,5,1
2037,2,1,2,1,0,53,6,1
2037,3,2,3,1,0,54,7,1
2037,4,3,4,1,0,55,8,1
2037,5,4,5,1,0,56,9,1
2037,6,5,6,1,0,57,10,1
2037,7,6,7,1,0,58,11,1
2037,8,7,7.408,0.408,0,59,12,1
2038,1,0,1,1,2,32,8,1
2038,2,1,2,1,0,33,9,1
2038,3,2,3,1,0,34,10,1
2038,4,3,4,1,0,35,11,1
2038,5,4,5,1,0,36,12,1
2038,6,5,5.504,0.504,0,37,13,1
2039,1,0,1,1,0,24,11,1
2039,2,1,2,1,0,25,12,1
2039,3,2,3,1,0,26,13,1
2039,4,3,3.909,0.909,0,27,14,1
2040,1,0,1,1,0,45,11,1
2040,2,1,2,1,0,46,12,1
2040,3,2,3,1,0,47,13,1
2040,4,3,4,1,1,48,14,1
2040,5,4,5,1,0,49,15,1
2040,6,5,5.127,0.127,0,50,16,1
2041,1,0,1,1,0,45,15,1
2041,2,1,2,1,0,46,16,1
2041,3,2,3,1,0,47,17,1
2041,4,3,4,1,0,48,18,1
2041,5,4,5,1,0,49,19,1
2041,6,5,5.803,0.803,0,50,20,1
2042,1,0,1,1,0,54,13,1
2042,2,1,1.968,0.968,0,55,14,1
2043,1,0,1,1,4,23,4,1
2043,2,1,1.065,0.065,0,24,5,1
2044,1,0,1,1,0,18,7,1
2044,2,1,2,1,0,19,8,1
2044,3,2,3,1,0,20,9,1
2044,4,3,4,1,1,21,10,1
2044,5,4,4.434,0.434,0,22,11,1
2045,1,0,1,1,0,61,8,1
2045,2,1,2,1,0,62,9,1
2045,3,2,3,1,0,63,10,1
2045,4,3,4,1,0,64,11,1
2045,5,4,4.746,0.746,0,65,12,1
2046,1,0,1,1,0,45,13,1
2046,2,1,1.398,0.398,0,46,14,1
2047,1,0,1,1,0,37,7,1
2047,2,1,2,1,0,38,8,1
2047,3,2,3,1,0,39,9,1
2047,4,3,3.766,0.766,0,40,10,1
2048,1,0,0.141,0.141,0,43,7,1
2049,1,0,1,1,0,28,1,1
2049,2,1,1.555,0.555,0,29,2,1
2050,1,0,1,1,0,57,7,1
2050,2,1,2,1,0,58,8,1
2050,3,2,3,1,0,59,9,1
2050,4,3,4,1,0,60,10,1
2050,5,4,5,1,0,61,11,1
2050,6,5,6,1,0,62,12,1
2050,7,6,6.395,0.395,0,63,13,1
2051,1,0,1,1,0,38,13,1
2051,2,1,2,1,0,39,14,1
2051,3,2,3,1,0,40,15,1
2051,4,3,4,1,0,41,16,1
2051,5,4,5,1,0,42,17,1
2051,6,5,6,1,0,43,18,1
2051,7,6,7,1,0,44,19,1
2051,8,7,7.238,0.238,0,45,20,1
2052,1,0,1,1,0,56,7,1
2052,2,1,2,1,0,57,8,1
2052,3,2,3,1,0,58,9,1
2052,4,3,4,1,0,59,10,1
2052,5,4,5,1,0,60,11,1
2052,6,5,6,1,0,61,12,1
2052,7,6,6.407,0.407,0,62,13,1
2053,1,0,1,1,1,25,7,1
2053,2,1,2,1,0,26,8,1
2053,3,2,3,1,0,27,9,1
2053,4,3,4,1,0,28,10,1
2053,5,4,5,1,0,29,11,1
2053,6,5,6,1,1,30,12,1
2053,7,6,7,1,0,31,13,1
2053,8,7,7.045,0.045,0,32,14,1
2054,1,0,1,1,0,23,8,1
2054,2,1,2,1,0,24,9,1
2054,3,2,2.071,0.071,0,25,10,1
2055,1,0,1,1,0,47,1,1
2055,2,1,2,1,0,48,2,1
2055,3,2,3,1,0,49,3,1
2055,4,3,4,1,0,50,4,1
2055,5,4,5,1,0,51,5,1
2055,6,5,6,1,0,52,6,1
2055,7,6,6.986,0.986,0,53,7,1
2056,1,0,1,1,0,44,15,1
2056,2,1,1.007,0.007,0,45,16,1
2057,1,0,1,1,1,82,24,1
2057,2,1,2,1,1,83,25,1
2057,3,2,3,1,0,84,26,1
2057,4,3,4,1,1,85,27,1
2057,5,4,5,1,1,86,28,1
2057,6,5,5.282,0.282,0,87,29,1
2058,1,0,1,1,0,49,10,1
2058,2,1,2,1,0,50,11,1
2058,3,2,3,1,0,51,12,1
2058,4,3,3.097,0.097,0,52,13,1
2059,1,0,1,1,0,74,0,1
2059,2,1,2,1,0,75,1,1
2059,3,2,3,1,1,76,2,1
2059,4,3,4,1,0,77,3,1
2059,5,4,5,1,0,78,4,1
2059,6,5,6,1,0,79,5,1
2059,7,6,7,1,0,80,6,1
2059,8,7,8,1,0,81,7,1
2059,9,8,9,1,0,82,8,1
2059,10,9,9.797,0.797,0,83,9,1
2060,1,0,1,1,0,35,10,1
2060,2,1,2,1,0,36,11,1
2060,3,2,3,1,0,37,12,1
2060,4,3,3.519,0.519,0,38,13,1
2061,1,0,1,1,0,37,10,1
2061,2,1,2,1,0,38,11,1
2061,3,2,2.661,0.661,0,39,12,1
2062,1,0,0.965,0.965,0,67,6,1
2063,1,0,1,1,0,48,10,1
2063,2,1,2,1,0,49,11,1
2063,3,2,3,1,0,50,12,1
2063,4,3,3.577,0.577,0,51,13,1
2064,1,0,1,1,0,61,4,1
2064,2,1,2,1,0,62,5,1
2064,3,2,3,1,0,63,6,1
2064,4,3,4,1,0,64,7,1
2064,5,4,5,1,0,65,8,1
2064,6,5,6,1,0,66,9,1
2064,7,6,7,1,0,67,10,1
2064,8,7,8,1,0,68,11,1
2064,9,8,8.415,0.415,0,69,12,1
2065,1,0,1,1,0,39,7,1
2065,2,1,2,1,0,40,8,1
2065,3,2,3,1,0,41,9,1
2065,4,3,4,1,0,42,10,1
2065,5,4,4.031,0.031,0,43,11,1
2066,1,0,1,1,0,52,3,1
2066,2,1,2,1,0,53,4,1
2066,3,2,3,1,0,54,5,1
2066,4,3,4,1,0,55,6,1
2066,5,4,4.567,0.567,0,56,7,1
2067,1,0,0.982,0.982,0,65,14,1
2068,1,0,1,1,0,57,19,1
2068,2,1,2,1,0,58,20,1
2068,3,2,3,1,0,59,21,1
2068,4,3,4,1,0,60,22,1
2068,5,4,4.317,0.317,0,61,23,1
2069,1,0,0.64,0.64,0,37,4,1
2070,1,0,1,1,0,35,10,1
2070,2,1,2,1,0,36,11,1
2070,3,2,3,1,0,37,12,1
2070,4,3,4,1,0,38,13,1
2070,5,4,5,1,0,39,14,1
2070,6,5,5.492,0.492,0,40,15,1
2071,1,0,1,1,0,56,7,1
2071,2,1,2,1,0,57,8,1
2071,3,2,3,1,2,58,9,1
2071,4,3,4,1,0,59,10,1
2071,5,4,5,1,0,60,11,1
2071,6,5,5.739,0.739,1,61,12,1
2072,1,0,1,1,0,33,13,1
2072,2,1,2,1,0,34,14,1
2072,3,2,2.48,0.48,0,35,15,1
2073,1,0,1,1,0,75,8,1
2073,2,1,1.148,0.148,0,76,9,1
2074,1,0,1,1,0,32,6,1
2074,2,1,2,1,0,33,7,1
2074,3,2,3,1,0,34,8,1
2074,4,3,4,1,0,35,9,1
2074,5,4,5,1,0,36,10,1
2074,6,5,6,1,0,37,11,1
2074,7,6,6.673,0.673,1,38,12,1
2075,1,0,1,1,0,33,9,1
2075,2,1,2,1,1,34,10,1
2075,3,2,3,1,0,35,11,1
2075,4,3,4,1,0,36,12,1
2075,5,4,5,1,0,37,13,1
2075,6,5,6,1,0,38,14,1
2075,7,6,7,1,0,39,15,1
2075,8,7,8,1,0,40,16,1
2075,9,8,9,1,0,41,17,1
2075,10,9,9.564,0.564,1,42,18,1
2076,1,0,1,1,0,42,17,1
2076,2,1,2,1,0,43,18,1
2076,3,2,2.894,0.894,0,44,19,1
2077,1,0,1,1,0,51,0,1
2077,2,1,2,1,0,52,1,1
2077,3,2,3,1,0,53,2,1
2077,4,3,4,1,0,54,3,1
2077,5,4,5,1,0,55,4,1
2077,6,5,6,1,0,56,5,1
2077,7,6,7,1,0,57,6,1
2077,8,7,7.897,0.897,0,58,7,1
2078,1,0,1,1,0,62,11,1
2078,2,1,2,1,0,63,12,1
2078,3,2,3,1,0,64,13,1
2078,4,3,4,1,0,65,14,1
2078,5,4,5,1,0,66,15,1
2078,6,5,6,1,0,67,16,1
2078,7,6,7,1,0,68,17,1
2078,8,7,7.978,0.978,0,69,18,1
2079,1,0,0.37,0.37,0,33,12,1
2080,1,0,1,1,0,55,8,1
2080,2,1,1.191,0.191,0,56,9,1
2081,1,0,1,1,0,53,13,1
2081,2,1,2,1,0,54,14,1
2081,3,2,3,1,0,55,15,1
2081,4,3,4,1,0,56,16,1
2081,5,4,5,1,0,57,17,1
2081,6,5,6,1,0,58,18,1
2081,7,6,7,1,0,59,19,1
2081,8,7,7.291,0.291,0,60,20,1
2082,1,0,1,1,0,42,11,1
2082,2,1,2,1,0,43,12,1
2082,3,2,3,1,0,44,13,1
2082,4,3,4,1,2,45,14,1
2082,5,4,4.794,0.794,0,46,15,1
2083,1,0,1,1,0,47,8,1
2083,2,1,2,1,1,48,9,1
2083,3,2,3,1,1,49,10,1
2083,4,3,4,1,0,50,11,1
2083,5,4,4.451,0.451,0,51,12,1
2084,1,0,1,1,0,28,15,1
2084,2,1,2,1,0,29,16,1
2084,3,2,2.668,0.668,0,30,17,1
2085,1,0,1,1,1,23,10,1
2085,2,1,1.006,0.006,0,24,11,1
2086,1,0,1,1,0,57,7,1
2086,2,1,1.528,0.528,0,58,8,1
2087,1,0,0.711,0.711,1,23,9,1
2088,1,0,1,1,0,72,7,1
2088,2,1,2,1,0,73,8,1
2088,3,2,2.445,0.445,0,74,9,1
2089,1,0,1,1,4,48,4,1
2089,2,1,2,1,6,49,5,1
2089,3,2,3,1,2,50,6,1
2089,4,3,3.369,0.369,2,51,7,1
2090,1,0,1,1,0,40,2,1
2090,2,1,2,1,0,41,3,1
2090,3,2,3,1,0,42,4,1
2090,4,3,3.252,0.252,0,43,5,1
2091,1,0,1,1,0,46,5,1
2091,2,1,2,1,0,47,6,1
2091,3,2,2.483,0.483,0,48,7,1
2092,1,0,1,1,0,50,4,1
2092,2,1,2,1,0,51,5,1
2092,3,2,3,1,0,52,6,1
2092,4,3,4,1,0,53,7,1
2092,5,4,5,1,0,54,8,1
2092,6,5,6,1,0,55,9,1
2092,7,6,7,1,0,56,10,1
2092,8,7,7.528,0.528,0,57,11,1
2093,1,0,1,1,0,39,10,1
2093,2,1,2,1,0,40,11,1
2093,3,2,3,1,0,41,12,1
2093,4,3,4,1,0,42,13,1
2093,5,4,5,1,0,43,14,1
2093,6,5,6,1,0,44,15,1
2093,7,6,7,1,0,45,16,1
2093,8,7,8,1,0,46,17,1
2093,9,8,8.479,0.479,0,47,18,1
2094,1,0,1,1,0,53,8,1
2094,2,1,1.68,0.68,0,54,9,1
2095,1,0,1,1,0,32,12,1
2095,2,1,2,1,0,33,13,1
2095,3,2,3,1,0,34,14,1
2095,4,3,4,1,1,35,15,1
2095,5,4,5,1,0,36,16,1
2095,6,5,6,1,0,37,17,1
2095,7,6,7,1,1,38,18,1
2095,8,7,8,1,0,39,19,1
2095,9,8,8.502,0.502,0,40,20,1
2096,1,0,1,1,0,75,2,1
2096,2,1,2,1,0,76,3,1
2096,3,2,3,1,0,77,4,1
2096,4,3,3.6,0.6,0,78,5,1
2097,1,0,1,1,0,61,9,1
2097,2,1,2,1,0,62,10,1
2097,3,2,3,1,0,63,11,1
2097,4,3,4,1,0,64,12,1
2097,5,4,4.707,0.707,0,65,13,1
2098,1,0,1,1,0,61,10,1
2098,2,1,1.072,0.072,0,62,11,1
2099,1,0,1,1,1,56,10,1
2099,2,1,2,1,0,57,11,1
2099,3,2,3,1,0,58,12,1
2099,4,3,4,1,1,59,13,1
2099,5,4,5,1,0,60,14,1
2099,6,5,5.086,0.086,0,61,15,1
2100,1,0,1,1,0,31,9,1
2100,2,1,2,1,0,32,10,1
2100,3,2,3,1,0,33,11,1
2100,4,3,4,1,0,34,12,1
2100,5,4,4.677,0.677,0,35,13,1
2101,1,0,1,1,1,67,5,1
2101,2,1,2,1,0,68,6,1
2101,3,2,3,1,0,69,7,1
2101,4,3,4,1,0,70,8,1
2101,5,4,5,1,0,71,9,1
2101,6,5,6,1,0,72,10,1
2101,7,6,6.564,0.564,0,73,11,1
2102,1,0,1,1,1,61,2,1
2102,2,1,2,1,0,62,3,1
2102,3,2,3,1,0,63,4,1
2102,4,3,4,1,0,64,5,1
2102,5,4,5,1,0,65,6,1
2102,6,5,5.134,0.134,0,66,7,1
2103,1,0,1,1,0,28,7,1
2103,2,1,2,1,0,29,8,1
2103,3,2,3,1,0,30,9,1
2103,4,3,4,1,0,31,10,1
2103,5,4,5,1,0,32,11,1
2103,6,5,6,1,0,33,12,1
2103,7,6,7,1,0,34,13,1
2103,8,7,7.376,0.376,0,35,14,1
2104,1,0,1,1,1,58,2,1
2104,2,1,2,1,0,59,3,1
2104,3,2,2.22,0.22,1,60,4,1
2105,1,0,1,1,1,30,7,1
2105,2,1,2,1,0,31,8,1
2105,3,2,3,1,0,32,9,1
2105,4,3,4,1,0,33,10,1
2105,5,4,4.53,0.53,0,34,11,1
2106,1,0,1,1,0,18,9,1
2106,2,1,1.371,0.371,0,19,10,1
2107,1,0,1,1,0,63,7,1
2107,2,1,2,1,0,64,8,1
2107,3,2,3,1,1,65,9,1
2107,4,3,4,1,2,66,10,1
2107,5,4,5,1,0,67,11,1
2107,6,5,6,1,0,68,12,1
2107,7,6,7,1,0,69,13,1
2107,8,7,7.405,0.405,0,70,14,1
2108,1,0,1,1,0,51,16,1
2108,2,1,1.293,0.293,0,52,17,1
2109,1,0,1,1,0,67,7,1
2109,2,1,2,1,0,68,8,1
2109,3,2,3,1,0,69,9,1
2109,4,3,4,1,0,70,10,1
2109,5,4,5,1,0,71,11,1
2109,6,5,6,1,0,72,12,1
2109,7,6,6.007,0.007,0,73,13,1
2110,1,0,1,1,0,42,7,1
2110,2,1,2,1,0,43,8,1
2110,3,2,3,1,0,44,9,1
2110,4,3,4,1,0,45,10,1
2110,5,4,5,1,0,46,11,1
2110,6,5,6,1,0,47,12,1
2110,7,6,7,1,0,48,13,1
2110,8,7,7.577,0.577,0,49,14,1
2111,1,0,1,1,0,50,16,1
2111,2,1,2,1,0,51,17,1
2111,3,2,3,1,0,52,18,1
2111,4,3,4,1,0,53,19,1
2111,5,4,5,1,0,54,20,1
2111,6,5,6,1,0,55,21,1
2111,7,6,7,1,0,56,22,1
2111,8,7,7.927,0.927,0,57,23,1
2112,1,0,1,1,0,68,2,1
2112,2,1,2,1,0,69,3,1
2112,3,2,3,1,0,70,4,1
2112,4,3,3.18,0.18,0,71,5,1
2113,1,0,1,1,0,32,13,1
2113,2,1,2,1,0,33,14,1
2113,3,2,3,1,1,34,15,1
2113,4,3,4,1,1,35,16,1
2113,5,4,5,1,0,36,17,1
2113,6,5,6,1,3,37,18,1
2113,7,6,6.502,0.502,0,38,19,1
2114,1,0,1,1,0,39,3,1
2114,2,1,1.42,0.42,0,40,4,1
2115,1,0,1,1,0,19,3,1
2115,2,1,2,1,0,20,4,1
2115,3,2,3,1,0,21,5,1
2115,4,3,4,1,0,22,6,1
2115,5,4,5,1,0,23,7,1
2115,6,5,5.91,0.91,0,24,8,1
2116,1,0,1,1,0,45,6,1
2116,2,1,2,1,2,46,7,1
2116,3,2,3,1,0,47,8,1
2116,4,3,4,1,0,48,9,1
2116,5,4,5,1,0,49,10,1
2116,6,5,6,1,0,50,11,1
2116,7,6,7,1,0,51,12,1
2116,8,7,8,1,0,52,13,1
2116,9,8,9,1,0,53,14,1
2116,10,9,9.044,0.044,0,54,15,1
2117,1,0,1,1,0,68,5,1
2117,2,1,1.443,0.443,0,69,6,1
2118,1,0,1,1,0,25,11,1
2118,2,1,2,1,0,26,12,1
2118,3,2,2.817,0.817,0,27,13,1
2119,1,0,1,1,0,18,10,1
2119,2,1,2,1,0,19,11,1
2119,3,2,3,1,0,20,12,1
2119,4,3,4,1,0,21,13,1
2119,5,4,5,1,0,22,14,1
2119,6,5,6,1,0,23,15,1
2119,7,6,7,1,0,24,16,1
2119,8,7,8,1,0,25,17,1
2119,9,8,9,1,0,26,18,1
2119,10,9,9.051,0.051,0,27,19,1
2120,1,0,1,1,0,66,8,1
2120,2,1,1.333,0.333,1,67,9,1
2121,1,0,1,1,0,52,18,1
2121,2,1,2,1,0,53,19,1
2121,3,2,2.258,0.258,0,54,20,1
2122,1,0,1,1,0,57,5,1
2122,2,1,2,1,0,58,6,1
2122,3,2,3,1,0,59,7,1
2122,4,3,4,1,0,60,8,1
2122,5,4,5,1,0,61,9,1
2122,6,5,6,1,0,62,10,1
2122,7,6,7,1,0,63,11,1
2122,8,7,8,1,0,64,12,1
2122,9,8,9,1,0,65,13,1
2122,10,9,9.951,0.951,0,66,14,1
2123,1,0,0.953,0.953,0,40,12,1
2124,1,0,0.161,0.161,0,38,5,1
2125,1,0,1,1,0,63,6,1
2125,2,1,2,1,0,64,7,1
2125,3,2,3,1,0,65,8,1
2125,4,3,4,1,0,66,9,1
2125,5,4,5,1,1,67,10,1
2125,6,5,6,1,0,68,11,1
2125,7,6,7,1,1,69,12,1
2125,8,7,7.626,0.626,1,70,13,1
2126,1,0,1,1,2,18,3,1
2126,2,1,2,1,1,19,4,1
2126,3,2,3,1,0,20,5,1
2126,4,3,4,1,1,21,6,1
2126,5,4,4.208,0.208,0,22,7,1
2127,1,0,1,1,1,47,15,1
2127,2,1,2,1,0,48,16,1
2127,3,2,2.724,0.724,0,49,17,1
2128,1,0,1,1,0,61,15,1
2128,2,1,2,1,0,62,16,1
2128,3,2,3,1,1,63,17,1
2128,4,3,4,1,0,64,18,1
2128,5,4,5,1,0,65,19,1
2128,6,5,6,1,0,66,20,1
2128,7,6,6.728,0.728,0,67,21,1
2129,1,0,1,1,0,40,14,1
2129,2,1,2,1,0,41,15,1
2129,3,2,2.321,0.321,0,42,16,1
2130,1,0,1,1,0,40,8,1
2130,2,1,2,1,0,41,9,1
2130,3,2,3,1,0,42,10,1
2130,4,3,4,1,0,43,11,1
2130,5,4,5,1,0,44,12,1
2130,6,5,5.665,0.665,0,45,13,1
2131,1,0,1,1,0,34,12,1
2131,2,1,1.98,0.98,0,35,13,1
2132,1,0,1,1,0,18,12,1
2132,2,1,2,1,0,19,13,1
2132,3,2,3,1,0,20,14,1
2132,4,3,4,1,0,21,15,1
2132,5,4,5,1,0,22,16,1
2132,6,5,5.707,0.707,0,23,17,1
2133,1,0,1,1,0,45,4,1
2133,2,1,2,1,0,46,5,1
2133,3,2,2.982,0.982,1,47,6,1
2134,1,0,1,1,0,32,3,1
2134,2,1,2,1,0,33,4,1
2134,3,2,3,1,0,34,5,1
2134,4,3,4,1,0,35,6,1
2134,5,4,4.098,0.098,0,36,7,1
2135,1,0,1,1,1,32,12,1
2135,2,1,2,1,0,33,13,1
2135,3,2,3,1,0,34,14,1
2135,4,3,4,1,0,35,15,1
2135,5,4,5,1,0,36,16,1
2135,6,5,5.577,0.577,0,37,17,1
2136,1,0,1,1,0,59,3,1
2136,2,1,2,1,0,60,4,1
2136,3,2,2.095,0.095,0,61,5,1
2137,1,0,1,1,0,37,0,1
2137,2,1,2,1,0,38,1,1
2137,3,2,3,1,0,39,2,1
2137,4,3,4,1,0,40,3,1
2137,5,4,5,1,0,41,4,1
2137,6,5,6,1,0,42,5,1
2137,7,6,7,1,0,43,6,1
2137,8,7,8,1,0,44,7,1
2137,9,8,8.266,0.266,0,45,8,1
2138,1,0,1,1,0,48,12,1
2138,2,1,2,1,1,49,13,1
2138,3,2,3,1,0,50,14,1
2138,4,3,4,1,0,51,15,1
2138,5,4,5,1,0,52,16,1
2138,6,5,6,1,0,53,17,1
2138,7,6,7,1,1,54,18,1
2138,8,7,8,1,0,55,19,1
2138,9,8,8.886,0.886,0,56,20,1
2139,1,0,1,1,0,46,0,1
2139,2,1,2,1,0,47,1,1
2139,3,2,2.606,0.606,0,48,2,1
2140,1,0,1,1,1,25,15,1
2140,2,1,2,1,0,26,16,1
2140,3,2,2.201,0.201,0,27,17,1
2141,1,0,1,1,0,38,6,1
2141,2,1,1.804,0.804,0,39,7,1
2142,1,0,1,1,0,70,12,1
2142,2,1,1.701,0.701,0,71,13,1
2143,1,0,1,1,0,48,0,1
2143,2,1,2,1,0,49,1,1
2143,3,2,3,1,0,50,2,1
2143,4,3,4,1,0,51,3,1
2143,5,4,5,1,0,52,4,1
2143,6,5,6,1,0,53,5,1
2143,7,6,7,1,0,54,6,1
2143,8,7,7.677,0.677,0,55,7,1
2144,1,0,1,1,0,56,17,1
2144,2,1,2,1,0,57,18,1
2144,3,2,3,1,0,58,19,1
2144,4,3,4,1,0,59,20,1
2144,5,4,5,1,0,60,21,1
2144,6,5,6,1,0,61,22,1
2144,7,6,7,1,0,62,23,1
2144,8,7,8,1,0,63,24,1
2144,9,8,8.062,0.062,0,64,25,1
2145,1,0,1,1,0,24,4,1
2145,2,1,2,1,0,25,5,1
2145,3,2,3,1,0,26,6,1
2145,4,3,4,1,1,27,7,1
2145,5,4,5,1,0,28,8,1
2145,6,5,6,1,0,29,9,1
2145,7,6,7,1,0,30,10,1
2145,8,7,7.303,0.303,0,31,11,1
2146,1,0,1,1,1,46,8,1
2146,2,1,2,1,1,47,9,1
2146,3,2,2.445,0.445,1,48,10,1
2147,1,0,1,1,0,48,8,1
2147,2,1,2,1,1,49,9,1
2147,3,2,3,1,0,50,10,1
2147,4,3,4,1,0,51,11,1
2147,5,4,4.91,0.91,0,52,12,1
2148,1,0,1,1,0,47,11,1
2148,2,1,1.668,0.668,0,48,12,1
2149,1,0,1,1,0,57,12,1
2149,2,1,2,1,1,58,13,1
2149,3,2,2.199,0.199,0,59,14,1
2150,1,0,1,1,0,58,7,1
2150,2,1,1.932,0.932,0,59,8,1
2151,1,0,1,1,0,69,7,1
2151,2,1,1.27,0.27,0,70,8,1
2152,1,0,1,1,0,33,3,1
2152,2,1,2,1,0,34,4,1
2152,3,2,2.216,0.216,0,35,5,1
2153,1,0,1,1,0,42,9,1
2153,2,1,2,1,0,43,10,1
2153,3,2,3,1,0,44,11,1
2153,4,3,4,1,0,45,12,1
2153,5,4,4.86,0.86,0,46,13,1
2154,1,0,1,1,0,63,9,1
2154,2,1,2,1,0,64,10,1
2154,3,2,3,1,0,65,11,1
2154,4,3,4,1,0,66,12,1
2154,5,4,5,1,0,67,13,1
2154,6,5,6,1,2,68,14,1
2154,7,6,7,1,0,69,15,1
2154,8,7,7.294,0.294,0,70,16,1
2155,1,0,1,1,0,46,14,1
2155,2,1,2,1,0,47,15,1
2155,3,2,2.309,0.309,0,48,16,1
2156,1,0,1,1,0,40,13,1
2156,2,1,2,1,0,41,14,1
2156,3,2,2.307,0.307,0,42,15,1
2157,1,0,1,1,0,36,1,1
2157,2,1,2,1,0,37,2,1
2157,3,2,3,1,0,38,3,1
2157,4,3,4,1,0,39,4,1
2157,5,4,5,1,0,40,5,1
2157,6,5,6,1,0,41,6,1
2157,7,6,7,1,0,42,7,1
2157,8,7,8,1,0,43,8,1
2157,9,8,8.398,0.398,0,44,9,1
2158,1,0,1,1,0,27,17,1
2158,2,1,2,1,1,28,18,1
2158,3,2,3,1,0,29,19,1
2158,4,3,4,1,0,30,20,1
2158,5,4,5,1,0,31,21,1
2158,6,5,6,1,0,32,22,1
2158,7,6,7,1,1,33,23,1
2158,8,7,8,1,0,34,24,1
2158,9,8,9,1,0,35,25,1
2158,10,9,9.049,0.049,0,36,26,1
2159,1,0,1,1,0,18,16,1
2159,2,1,2,1,1,19,17,1
2159,3,2,2.995,0.995,1,20,18,1
2160,1,0,1,1,0,44,12,1
2160,2,1,2,1,0,45,13,1
2160,3,2,3,1,0,46,14,1
2160,4,3,4,1,0,47,15,1
2160,5,4,4.783,0.783,0,48,16,1
2161,1,0,1,1,0,75,3,1
2161,2,1,2,1,0,76,4,1
2161,3,2,2.363,0.363,0,77,5,1
2162,1,0,1,1,0,49,10,1
2162,2,1,1.693,0.693,0,50,11,1
2163,1,0,1,1,0,52,6,1
2163,2,1,2,1,0,53,7,1
2163,3,2,3,1,0,54,8,1
2163,4,3,3.828,0.828,0,55,9,1
2164,1,0,1,1,0,30,18,1
2164,2,1,2,1,0,31,19,1
2164,3,2,3,1,0,32,20,1
2164,4,3,4,1,0,33,21,1
2164,5,4,4.763,0.763,0,34,22,1
2165,1,0,1,1,4,18,7,1
2165,2,1,1.337,0.337,0,19,8,1
2166,1,0,1,1,0,57,11,1
2166,2,1,1.182,0.182,0,58,12,1
2167,1,0,1,1,1,35,0,1
2167,2,1,1.743,0.743,0,36,1,1
2168,1,0,1,1,0,40,12,1
2168,2,1,2,1,0,41,13,1
2168,3,2,2.998,0.998,0,42,14,1
2169,1,0,1,1,1,71,0,1
2169,2,1,2,1,0,72,1,1
2169,3,2,3,1,1,73,2,1
2169,4,3,4,1,0,74,3,1
2169,5,4,5,1,1,75,4,1
2169,6,5,6,1,0,76,5,1
2169,7,6,7,1,0,77,6,1
2169,8,7,7.47,0.47,0,78,7,1
2170,1,0,1,1,0,53,10,1
2170,2,1,2,1,0,54,11,1
2170,3,2,3,1,1,55,12,1
2170,4,3,4,1,0,56,13,1
2170,5,4,5,1,0,57,14,1
2170,6,5,6,1,0,58,15,1
2170,7,6,7,1,0,59,16,1
2170,8,7,8,1,0,60,17,1
2170,9,8,8.418,0.418,1,61,18,1
2171,1,0,1,1,0,52,7,1
2171,2,1,1.189,0.189,0,53,8,1
2172,1,0,1,1,0,23,11,1
2172,2,1,2,1,0,24,12,1
2172,3,2,3,1,0,25,13,1
2172,4,3,4,1,0,26,14,1
2172,5,4,4.431,0.431,0,27,15,1
2173,1,0,1,1,1,30,2,1
2173,2,1,2,1,0,31,3,1
2173,3,2,3,1,0,32,4,1
2173,4,3,4,1,0,33,5,1
2173,5,4,5,1,0,34,6,1
2173,6,5,6,1,0,35,7,1
2173,7,6,7,1,0,36,8,1
2173,8,7,7.577,0.577,0,37,9,1
2174,1,0,1,1,0,46,11,1
2174,2,1,2,1,0,47,12,1
2174,3,2,3,1,0,48,13,1
2174,4,3,4,1,0,49,14,1
2174,5,4,5,1,0,50,15,1
2174,6,5,6,1,0,51,16,1
2174,7,6,6.456,0.456,0,52,17,1
2175,1,0,1,1,0,62,11,1
2175,2,1,2,1,0,63,12,1
2175,3,2,3,1,0,64,13,1
2175,4,3,4,1,0,65,14,1
2175,5,4,5,1,0,66,15,1
2175,6,5,6,1,0,67,16,1
2175,7,6,7,1,0,68,17,1
2175,8,7,7.342,0.342,0,69,18,1
2176,1,0,1,1,1,68,8,1
2176,2,1,2,1,0,69,9,1
2176,3,2,3,1,0,70,10,1
2176,4,3,4,1,0,71,11,1
2176,5,4,5,1,0,72,12,1
2176,6,5,6,1,1,73,13,1
2176,7,6,6.665,0.665,0,74,14,1
2177,1,0,1,1,0,29,12,1
2177,2,1,2,1,0,30,13,1
2177,3,2,3,1,0,31,14,1
2177,4,3,4,1,0,32,15,1
2177,5,4,5,1,0,33,16,1
2177,6,5,5.718,0.718,0,34,17,1
2178,1,0,1,1,0,40,2,1
2178,2,1,2,1,0,41,3,1
2178,3,2,3,1,0,42,4,1
2178,4,3,3.525,0.525,0,43,5,1
2179,1,0,1,1,0,35,14,1
2179,2,1,2,1,0,36,15,1
2179,3,2,3,1,0,37,16,1
2179,4,3,4,1,0,38,17,1
2179,5,4,5,1,0,39,18,1
2179,6,5,6,1,0,40,19,1
2179,7,6,6.684,0.684,0,41,20,1
2180,1,0,1,1,0,18,5,1
2180,2,1,2,1,0,19,6,1
2180,3,2,3,1,0,20,7,1
2180,4,3,4,1,0,21,8,1
2180,5,4,5,1,0,22,9,1
2180,6,5,6,1,0,23,10,1
2180,7,6,6.946,0.946,0,24,11,1
2181,1,0,1,1,0,43,13,1
2181,2,1,2,1,0,44,14,1
2181,3,2,3,1,0,45,15,1
2181,4,3,3.327,0.327,0,46,16,1
2182,1,0,1,1,0,35,7,1
2182,2,1,2,1,0,36,8,1
2182,3,2,3,1,0,37,9,1
2182,4,3,3.865,0.865,0,38,10,1
2183,1,0,1,1,0,51,15,1
2183,2,1,1.701,0.701,0,52,16,1
2184,1,0,1,1,0,45,7,1
2184,2,1,1.036,0.036,0,46,8,1
2185,1,0,1,1,2,36,16,1
2185,2,1,1.868,0.868,1,37,17,1
2186,1,0,1,1,0,34,6,1
2186,2,1,2,1,0,35,7,1
2186,3,2,3,1,0,36,8,1
2186,4,3,4,1,0,37,9,1
2186,5,4,4.986,0.986,0,38,10,1
2187,1,0,1,1,1,32,13,1
2187,2,1,2,1,1,33,14,1
2187,3,2,3,1,2,34,15,1
2187,4,3,4,1,1,35,16,1
2187,5,4,5,1,0,36,17,1
2187,6,5,6,1,0,37,18,1
2187,7,6,6.307,0.307,0,38,19,1
2188,1,0,1,1,0,51,14,1
2188,2,1,2,1,0,52,15,1
2188,3,2,3,1,0,53,16,1
2188,4,3,4,1,0,54,17,1
2188,5,4,5,1,0,55,18,1
2188,6,5,6,1,0,56,19,1
2188,7,6,7,1,0,57,20,1
2188,8,7,8,1,0,58,21,1
2188,9,8,8.686,0.686,0,59,22,1
2189,1,0,1,1,0,55,8,1
2189,2,1,1.724,0.724,0,56,9,1
2190,1,0,1,1,0,38,8,1
2190,2,1,2,1,0,39,9,1
2190,3,2,3,1,0,40,10,1
2190,4,3,3.359,0.359,0,41,11,1
2191,1,0,1,1,0,33,14,1
2191,2,1,2,1,1,34,15,1
2191,3,2,3,1,0,35,16,1
2191,4,3,4,1,0,36,17,1
2191,5,4,4.402,0.402,0,37,18,1
2192,1,0,1,1,1,19,22,1
2192,2,1,1.11,0.11,0,20,23,1
2193,1,0,1,1,0,52,1,1
2193,2,1,2,1,0,53,2,1
2193,3,2,3,1,0,54,3,1
2193,4,3,4,1,0,55,4,1
2193,5,4,5,1,0,56,5,1
2193,6,5,6,1,1,57,6,1
2193,7,6,7,1,1,58,7,1
2193,8,7,7.968,0.968,0,59,8,1
2194,1,0,1,1,1,31,9,1
2194,2,1,2,1,0,32,10,1
2194,3,2,2.287,0.287,0,33,11,1
2195,1,0,1,1,0,18,7,1
2195,2,1,2,1,0,19,8,1
2195,3,2,3,1,0,20,9,1
2195,4,3,3.179,0.179,0,21,10,1
2196,1,0,1,1,0,33,0,1
2196,2,1,1.644,0.644,0,34,1,1
2197,1,0,1,1,0,41,12,1
2197,2,1,2,1,0,42,13,1
2197,3,2,2.44,0.44,0,43,14,1
2198,1,0,1,1,0,35,14,1
2198,2,1,2,1,0,36,15,1
2198,3,2,3,1,0,37,16,1
2198,4,3,3.963,0.963,1,38,17,1
2199,1,0,1,1,0,41,8,1
2199,2,1,2,1,0,42,9,1
2199,3,2,3,1,0,43,10,1
2199,4,3,4,1,0,44,11,1
2199,5,4,5,1,0,45,12,1
2199,6,5,6,1,0,46,13,1
2199,7,6,7,1,0,47,14,1
2199,8,7,8,1,0,48,15,1
2199,9,8,8.818,0.818,0,49,16,1
2200,1,0,1,1,0,84,7,1
2200,2,1,2,1,0,85,8,1
2200,3,2,3,1,0,86,9,1
2200,4,3,3.398,0.398,0,87,10,1
2201,1,0,1,1,0,49,4,1
2201,2,1,2,1,0,50,5,1
2201,3,2,3,1,1,51,6,1
2201,4,3,3.82,0.82,0,52,7,1
2202,1,0,1,1,1,27,7,1
2202,2,1,2,1,0,28,8,1
2202,3,2,3,1,0,29,9,1
2202,4,3,4,1,0,30,10,1
2202,5,4,5,1,0,31,11,1
2202,6,5,5.27,0.27,0,32,12,1
2203,1,0,1,1,1,33,7,1
2203,2,1,1.322,0.322,0,34,8,1
2204,1,0,1,1,0,34,10,1
2204,2,1,1.438,0.438,0,35,11,1
2205,1,0,1,1,0,39,8,1
2205,2,1,2,1,0,40,9,1
2205,3,2,2.787,0.787,0,41,10,1
2206,1,0,1,1,0,36,6,1
2206,2,1,2,1,0,37,7,1
2206,3,2,3,1,0,38,8,1
2206,4,3,4,1,0,39,9,1
2206,5,4,5,1,0,40,10,1
2206,6,5,5.03,0.03,0,41,11,1
2207,1,0,1,1,0,66,10,1
2207,2,1,1.012,0.012,0,67,11,1
2208,1,0,1,1,0,37,9,1
2208,2,1,1.476,0.476,0,38,10,1
2209,1,0,1,1,0,56,15,1
2209,2,1,2,1,0,57,16,1
2209,3,2,3,1,0,58,17,1
2209,4,3,3.116,0.116,1,59,18,1
2210,1,0,1,1,0,43,12,1
2210,2,1,2,1,0,44,13,1
2210,3,2,3,1,0,45,14,1
2210,4,3,4,1,0,46,15,1
2210,5,4,5,1,0,47,16,1
2210,6,5,6,1,0,48,17,1
2210,7,6,7,1,0,49,18,1
2210,8,7,8,1,0,50,19,1
2210,9,8,8.871,0.871,0,51,20,1
2211,1,0,1,1,0,38,12,1
2211,2,1,1.133,0.133,0,39,13,1
2212,1,0,1,1,0,20,6,1
2212,2,1,2,1,0,21,7,1
2212,3,2,3,1,0,22,8,1
2212,4,3,3.527,0.527,1,23,9,1
2213,1,0,1,1,0,59,4,1
2213,2,1,2,1,0,60,5,1
2213,3,2,3,1,0,61,6,1
2213,4,3,3.336,0.336,0,62,7,1
2214,1,0,1,1,0,48,10,1
2214,2,1,2,1,1,49,11,1
2214,3,2,3,1,3,50,12,1
2214,4,3,3.093,0.093,0,51,13,1
2215,1,0,1,1,0,55,0,1
2215,2,1,1.607,0.607,0,56,1,1
2216,1,0,1,1,0,58,10,1
2216,2,1,2,1,0,59,11,1
2216,3,2,3,1,0,60,12,1
2216,4,3,4,1,1,61,13,1
2216,5,4,5,1,0,62,14,1
2216,6,5,6,1,0,63,15,1
2216,7,6,7,1,0,64,16,1
2216,8,7,8,1,0,65,17,1
2216,9,8,9,1,0,66,18,1
2216,10,9,9.632,0.632,0,67,19,1
2217,1,0,1,1,0,62,8,1
2217,2,1,2,1,0,63,9,1
2217,3,2,3,1,0,64,10,1
2217,4,3,4,1,0,65,11,1
2217,5,4,5,1,0,66,12,1
2217,6,5,6,1,1,67,13,1
2217,7,6,7,1,0,68,14,1
2217,8,7,7.264,0.264,0,69,15,1
2218,1,0,1,1,0,66,3,1
2218,2,1,2,1,0,67,4,1
2218,3,2,3,1,0,68,5,1
2218,4,3,4,1,0,69,6,1
2218,5,4,5,1,0,70,7,1
2218,6,5,5.175,0.175,0,71,8,1
2219,1,0,0.855,0.855,0,67,5,1
2220,1,0,1,1,1,77,6,1
2220,2,1,2,1,0,78,7,1
2220,3,2,3,1,0,79,8,1
2220,4,3,4,1,0,80,9,1
2220,5,4,4.318,0.318,1,81,10,1
2221,1,0,1,1,0,32,6,1
2221,2,1,2,1,0,33,7,1
2221,3,2,3,1,0,34,8,1
2221,4,3,4,1,0,35,9,1
2221,5,4,5,1,0,36,10,1
2221,6,5,5.854,0.854,0,37,11,1
2222,1,0,1,1,0,42,9,1
2222,2,1,2,1,0,43,10,1
2222,3,2,3,1,0,44,11,1
2222,4,3,4,1,0,45,12,1
2222,5,4,5,1,0,46,13,1
2222,6,5,5.106,0.106,0,47,14,1
2223,1,0,1,1,0,69,14,1
2223,2,1,2,1,0,70,15,1
2223,3,2,2.7,0.7,0,71,16,1
2224,1,0,1,1,1,38,10,1
2224,2,1,2,1,0,39,11,1
2224,3,2,3,1,0,40,12,1
2224,4,3,4,1,0,41,13,1
2224,5,4,5,1,0,42,14,1
2224,6,5,6,1,0,43,15,1
2224,7,6,7,1,0,44,16,1
2224,8,7,7.744,0.744,0,45,17,1
2225,1,0,1,1,0,45,10,1
2225,2,1,1.625,0.625,0,46,11,1
2226,1,0,1,1,0,52,6,1
2226,2,1,2,1,0,53,7,1
2226,3,2,2.935,0.935,0,54,8,1
2227,1,0,1,1,0,21,6,1
2227,2,1,1.251,0.251,0,22,7,1
2228,1,0,1,1,0,55,12,1
2228,2,1,2,1,0,56,13,1
2228,3,2,3,1,0,57,14,1
2228,4,3,3.337,0.337,0,58,15,1
2229,1,0,1,1,0,31,10,1
2229,2,1,2,1,0,32,11,1
2229,3,2,3,1,0,33,12,1
2229,4,3,4,1,0,34,13,1
2229,5,4,5,1,0,35,14,1
2229,6,5,6,1,0,36,15,1
2229,7,6,7,1,0,37,16,1
2229,8,7,7.14,0.14,0,38,17,1
2230,1,0,1,1,0,38,12,1
2230,2,1,2,1,0,39,13,1
2230,3,2,3,1,0,40,14,1
2230,4,3,4,1,0,41,15,1
2230,5,4,5,1,0,42,16,1
2230,6,5,6,1,0,43,17,1
2230,7,6,7,1,0,44,18,1
2230,8,7,8,1,0,45,19,1
2230,9,8,8.24,0.24,0,46,20,1
2231,1,0,0.677,0.677,0,35,12,1
2232,1,0,1,1,0,57,9,1
2232,2,1,1.303,0.303,0,58,10,1
2233,1,0,1,1,0,52,7,1
2233,2,1,2,1,0,53,8,1
2233,3,2,3,1,0,54,9,1
2233,4,3,3.398,0.398,0,55,10,1
2234,1,0,1,1,0,32,10,1
2234,2,1,2,1,0,33,11,1
2234,3,2,3,1,1,34,12,1
2234,4,3,4,1,0,35,13,1
2234,5,4,5,1,1,36,14,1
2234,6,5,6,1,1,37,15,1
2234,7,6,7,1,0,38,16,1
2234,8,7,7.274,0.274,0,39,17,1
2235,1,0,1,1,0,67,4,1
2235,2,1,2,1,0,68,5,1
2235,3,2,3,1,0,69,6,1
2235,4,3,4,1,0,70,7,1
2235,5,4,4.193,0.193,0,71,8,1
2236,1,0,1,1,0,58,4,1
2236,2,1,2,1,0,59,5,1
2236,3,2,2.221,0.221,0,60,6,1
2237,1,0,1,1,0,44,7,1
2237,2,1,2,1,0,45,8,1
2237,3,2,3,1,0,46,9,1
2237,4,3,4,1,0,47,10,1
2237,5,4,4.802,0.802,0,48,11,1
2238,1,0,1,1,0,52,11,1
2238,2,1,2,1,0,53,12,1
2238,3,2,3,1,0,54,13,1
2238,4,3,3.107,0.107,0,55,14,1
2239,1,0,1,1,0,55,16,1
2239,2,1,2,1,1,56,17,1
2239,3,2,3,1,0,57,18,1
2239,4,3,4,1,0,58,19,1
2239,5,4,5,1,0,59,20,1
2239,6,5,5.312,0.312,0,60,21,1
2240,1,0,1,1,0,48,7,1
2240,2,1,2,1,0,49,8,1
2240,3,2,3,1,0,50,9,1
2240,4,3,4,1,0,51,10,1
2240,5,4,4.518,0.518,0,52,11,1
2241,1,0,1,1,0,45,6,1
2241,2,1,2,1,0,46,7,1
2241,3,2,2.629,0.629,0,47,8,1
2242,1,0,1,1,0,22,0,1
2242,2,1,1.351,0.351,0,23,1,1
2243,1,0,1,1,0,38,15,1
2243,2,1,2,1,0,39,16,1
2243,3,2,3,1,1,40,17,1
2243,4,3,4,1,1,41,18,1
2243,5,4,5,1,1,42,19,1
2243,6,5,6,1,0,43,20,1
2243,7,6,7,1,0,44,21,1
2243,8,7,8,1,0,45,22,1
2243,9,8,9,1,0,46,23,1
2243,10,9,9.063,0.063,0,47,24,1
2244,1,0,1,1,0,37,8,1
2244,2,1,2,1,0,38,9,1
2244,3,2,3,1,0,39,10,1
2244,4,3,4,1,0,40,11,1
2244,5,4,5,1,0,41,12,1
2244,6,5,6,1,0,42,13,1
2244,7,6,7,1,0,43,14,1
2244,8,7,8,1,0,44,15,1
2244,9,8,8.081,0.081,0,45,16,1
2245,1,0,1,1,0,45,10,1
2245,2,1,1.522,0.522,0,46,11,1
2246,1,0,1,1,0,19,0,1
2246,2,1,2,1,0,20,1,1
2246,3,2,2.05,0.05,0,21,2,1
2247,1,0,1,1,0,36,11,1
2247,2,1,2,1,0,37,12,1
2247,3,2,3,1,0,38,13,1
2247,4,3,3.301,0.301,0,39,14,1
2248,1,0,1,1,0,27,0,1
2248,2,1,2,1,0,28,1,1
2248,3,2,2.672,0.672,0,29,2,1
2249,1,0,1,1,2,28,0,1
2249,2,1,1.057,0.057,0,29,1,1
2250,1,0,1,1,0,47,15,1
2250,2,1,1.616,0.616,0,48,16,1
2251,1,0,1,1,0,59,7,1
2251,2,1,2,1,0,60,8,1
2251,3,2,3,1,0,61,9,1
2251,4,3,4,1,0,62,10,1
2251,5,4,5,1,0,63,11,1
2251,6,5,6,1,0,64,12,1
2251,7,6,6.353,0.353,0,65,13,1
2252,1,0,1,1,0,45,12,1
2252,2,1,1.132,0.132,0,46,13,1
2253,1,0,1,1,1,23,0,1
2253,2,1,2,1,0,24,1,1
2253,3,2,2.742,0.742,0,25,2,1
2254,1,0,1,1,0,30,0,1
2254,2,1,2,1,1,31,1,1
2254,3,2,3,1,0,32,2,1
2254,4,3,4,1,0,33,3,1
2254,5,4,5,1,0,34,4,1
2254,6,5,6,1,0,35,5,1
2254,7,6,7,1,1,36,6,1
2254,8,7,8,1,0,37,7,1
2254,9,8,8.669,0.669,1,38,8,1
2255,1,0,1,1,1,49,12,1
2255,2,1,2,1,0,50,13,1
2255,3,2,3,1,0,51,14,1
2255,4,3,4,1,0,52,15,1
2255,5,4,5,1,0,53,16,1
2255,6,5,6,1,0,54,17,1
2255,7,6,6.981,0.981,0,55,18,1
2256,1,0,1,1,0,29,9,1
2256,2,1,2,1,0,30,10,1
2256,3,2,3,1,0,31,11,1
2256,4,3,4,1,0,32,12,1
2256,5,4,5,1,0,33,13,1
2256,6,5,6,1,0,34,14,1
2256,7,6,6.66,0.66,0,35,15,1
2257,1,0,1,1,0,48,10,1
2257,2,1,2,1,1,49,11,1
2257,3,2,2.588,0.588,0,50,12,1
2258,1,0,1,1,0,56,1,1
2258,2,1,1.557,0.557,0,57,2,1
2259,1,0,1,1,0,44,13,1
2259,2,1,2,1,0,45,14,1
2259,3,2,3,1,0,46,15,1
2259,4,3,3.545,0.545,0,47,16,1
2260,1,0,1,1,0,57,4,1
2260,2,1,2,1,0,58,5,1
2260,3,2,3,1,0,59,6,1
2260,4,3,4,1,0,60,7,1
2260,5,4,5,1,0,61,8,1
2260,6,5,6,1,0,62,9,1
2260,7,6,6.589,0.589,0,63,10,1
2261,1,0,1,1,0,55,12,1
2261,2,1,2,1,0,56,13,1
2261,3,2,2.294,0.294,0,57,14,1
2262,1,0,1,1,0,48,14,1
2262,2,1,2,1,0,49,15,1
2262,3,2,2.97,0.97,0,50,16,1
2263,1,0,0.607,0.607,0,22,6,1
2264,1,0,1,1,0,50,13,1
2264,2,1,2,1,0,51,14,1
2264,3,2,3,1,0,52,15,1
2264,4,3,3.583,0.583,0,53,16,1
2265,1,0,1,1,0,18,12,1
2265,2,1,2,1,1,19,13,1
2265,3,2,3,1,1,20,14,1
2265,4,3,4,1,0,21,15,1
2265,5,4,5,1,0,22,16,1
2265,6,5,6,1,0,23,17,1
2265,7,6,7,1,0,24,18,1
2265,8,7,8,1,1,25,19,1
2265,9,8,8.556,0.556,0,26,20,1
2266,1,0,1,1,0,36,5,1
2266,2,1,2,1,0,37,6,1
2266,3,2,3,1,0,38,7,1
2266,4,3,4,1,0,39,8,1
2266,5,4,5,1,0,40,9,1
2266,6,5,6,1,0,41,10,1
2266,7,6,6.51,0.51,0,42,11,1
2267,1,0,1,1,0,28,10,1
2267,2,1,2,1,1,29,11,1
2267,3,2,2.923,0.923,2,30,12,1
2268,1,0,1,1,0,61,5,1
2268,2,1,1.493,0.493,0,62,6,1
2269,1,0,1,1,0,28,3,1
2269,2,1,2,1,0,29,4,1
2269,3,2,3,1,0,30,5,1
2269,4,3,4,1,0,31,6,1
2269,5,4,5,1,0,32,7,1
2269,6,5,5.665,0.665,0,33,8,1
2270,1,0,1,1,0,60,8,1
2270,2,1,2,1,0,61,9,1
2270,3,2,3,1,0,62,10,1
2270,4,3,4,1,0,63,11,1
2270,5,4,5,1,0,64,12,1
2270,6,5,6,1,0,65,13,1
2270,7,6,7,1,1,66,14,1
2270,8,7,8,1,0,67,15,1
2270,9,8,9,1,0,68,16,1
2270,10,9,9.486,0.486,0,69,17,1
2271,1,0,1,1,0,51,15,1
2271,2,1,2,1,0,52,16,1
2271,3,2,2.657,0.657,0,53,17,1
2272,1,0,1,1,0,50,3,1
2272,2,1,2,1,0,51,4,1
2272,3,2,3,1,0,52,5,1
2272,4,3,4,1,0,53,6,1
2272,5,4,4.217,0.217,0,54,7,1
2273,1,0,1,1,0,25,6,1
2273,2,1,2,1,0,26,7,1
2273,3,2,3,1,0,27,8,1
2273,4,3,4,1,0,28,9,1
2273,5,4,5,1,0,29,10,1
2273,6,5,6,1,0,30,11,1
2273,7,6,6.9,0.9,0,31,12,1
2274,1,0,1,1,0,36,8,1
2274,2,1,2,1,0,37,9,1
2274,3,2,2.616,0.616,0,38,10,1
2275,1,0,0.862,0.862,0,41,2,1
2276,1,0,1,1,0,49,1,1
2276,2,1,2,1,0,50,2,1
2276,3,2,3,1,0,51,3,1
2276,4,3,4,1,1,52,4,1
2276,5,4,5,1,0,53,5,1
2276,6,5,6,1,0,54,6,1
2276,7,6,7,1,0,55,7,1
2276,8,7,8,1,0,56,8,1
2276,9,8,9,1,0,57,9,1
2276,10,9,9.762,0.762,0,58,10,1
2277,1,0,1,1,0,34,7,1
2277,2,1,2,1,0,35,8,1
2277,3,2,3,1,0,36,9,1
2277,4,3,4,1,0,37,10,1
2277,5,4,4.848,0.848,0,38,11,1
2278,1,0,1,1,0,74,3,1
2278,2,1,2,1,0,75,4,1
2278,3,2,3,1,0,76,5,1
2278,4,3,3.114,0.114,0,77,6,1
2279,1,0,1,1,0,47,16,1
2279,2,1,2,1,0,48,17,1
2279,3,2,3,1,0,49,18,1
2279,4,3,4,1,0,50,19,1
2279,5,4,4.25,0.25,0,51,20,1
2280,1,0,1,1,0,18,4,1
2280,2,1,2,1,0,19,5,1
2280,3,2,3,1,0,20,6,1
2280,4,3,4,1,0,21,7,1
2280,5,4,5,1,0,22,8,1
2280,6,5,5.903,0.903,0,23,9,1
2281,1,0,1,1,0,64,3,1
2281,2,1,2,1,0,65,4,1
2281,3,2,3,1,2,66,5,1
2281,4,3,4,1,0,67,6,1
2281,5,4,5,1,0,68,7,1
2281,6,5,6,1,0,69,8,1
2281,7,6,7,1,0,70,9,1
2281,8,7,7.651,0.651,0,71,10,1
2282,1,0,1,1,0,47,13,1
2282,2,1,2,1,0,48,14,1
2282,3,2,2.981,0.981,0,49,15,1
2283,1,0,1,1,0,53,10,1
2283,2,1,2,1,0,54,11,1
2283,3,2,2.668,0.668,0,55,12,1
2284,1,0,1,1,0,63,10,1
2284,2,1,1.064,0.064,0,64,11,1
2285,1,0,1,1,0,43,4,1
2285,2,1,2,1,0,44,5,1
2285,3,2,3,1,1,45,6,1
2285,4,3,4,1,0,46,7,1
2285,5,4,5,1,0,47,8,1
2285,6,5,6,1,0,48,9,1
2285,7,6,7,1,0,49,10,1
2285,8,7,8,1,0,50,11,1
2285,9,8,8.11,0.11,0,51,12,1
2286,1,0,1,1,0,61,6,1
2286,2,1,2,1,0,62,7,1
2286,3,2,3,1,0,63,8,1
2286,4,3,4,1,0,64,9,1
2286,5,4,4.769,0.769,0,65,10,1
2287,1,0,1,1,0,39,19,1
2287,2,1,2,1,1,40,20,1
2287,3,2,3,1,0,41,21,1
2287,4,3,3.252,0.252,0,42,22,1
2288,1,0,0.517,0.517,0,51,0,1
2289,1,0,1,1,0,51,9,1
2289,2,1,2,1,0,52,10,1
2289,3,2,3,1,0,53,11,1
2289,4,3,4,1,0,54,12,1
2289,5,4,4.344,0.344,0,55,13,1
2290,1,0,1,1,0,53,8,1
2290,2,1,2,1,0,54,9,1
2290,3,2,3,1,0,55,10,1
2290,4,3,3.9,0.9,1,56,11,1
2291,1,0,1,1,0,48,2,1
2291,2,1,2,1,0,49,3,1
2291,3,2,3,1,0,50,4,1
2291,4,3,4,1,0,51,5,1
2291,5,4,5,1,0,52,6,1
2291,6,5,6,1,0,53,7,1
2291,7,6,7,1,0,54,8,1
2291,8,7,8,1,0,55,9,1
2291,9,8,9,1,0,56,10,1
2291,10,9,9.12,0.12,0,57,11,1
2292,1,0,1,1,0,45,9,1
2292,2,1,2,1,0,46,10,1
2292,3,2,3,1,0,47,11,1
2292,4,3,3.258,0.258,0,48,12,1
2293,1,0,1,1,0,61,5,1
2293,2,1,2,1,0,62,6,1
2293,3,2,3,1,0,63,7,1
2293,4,3,3.415,0.415,0,64,8,1
2294,1,0,1,1,0,61,11,1
2294,2,1,1.484,0.484,0,62,12,1
2295,1,0,1,1,0,60,6,1
2295,2,1,2,1,0,61,7,1
2295,3,2,3,1,0,62,8,1
2295,4,3,4,1,0,63,9,1
2295,5,4,5,1,0,64,10,1
2295,6,5,5.235,0.235,0,65,11,1
2296,1,0,0.909,0.909,0,49,3,1
2297,1,0,1,1,0,65,4,1
2297,2,1,1.097,0.097,0,66,5,1
2298,1,0,1,1,0,18,11,1
2298,2,1,2,1,0,19,12,1
2298,3,2,3,1,0,20,13,1
2298,4,3,4,1,0,21,14,1
2298,5,4,5,1,0,22,15,1
2298,6,5,6,1,0,23,16,1
2298,7,6,7,1,0,24,17,1
2298,8,7,7.28,0.28,0,25,18,1
2299,1,0,1,1,0,56,15,1
2299,2,1,2,1,0,57,16,1
2299,3,2,3,1,0,58,17,1
2299,4,3,4,1,0,59,18,1
2299,5,4,5,1,0,60,19,1
2299,6,5,5.602,0.602,0,61,20,1
2300,1,0,1,1,0,44,19,1
2300,2,1,2,1,0,45,20,1
2300,3,2,3,1,0,46,21,1
2300,4,3,4,1,0,47,22,1
2300,5,4,5,1,0,48,23,1
2300,6,5,6,1,0,49,24,1
2300,7,6,7,1,0,50,25,1
2300,8,7,8,1,0,51,26,1
2300,9,8,8.365,0.365,0,52,27,1
2301,1,0,1,1,0,56,5,1
2301,2,1,2,1,1,57,6,1
2301,3,2,3,1,0,58,7,1
2301,4,3,4,1,0,59,8,1
2301,5,4,5,1,0,60,9,1
2301,6,5,6,1,0,61,10,1
2301,7,6,6.098,0.098,0,62,11,1
2302,1,0,1,1,0,39,2,1
2302,2,1,2,1,0,40,3,1
2302,3,2,3,1,0,41,4,1
2302,4,3,4,1,0,42,5,1
2302,5,4,5,1,0,43,6,1
2302,6,5,6,1,0,44,7,1
2302,7,6,7,1,0,45,8,1
2302,8,7,7.726,0.726,0,46,9,1
2303,1,0,1,1,0,44,3,1
2303,2,1,2,1,0,45,4,1
2303,3,2,3,1,0,46,5,1
2303,4,3,4,1,0,47,6,1
2303,5,4,5,1,0,48,7,1
2303,6,5,6,1,0,49,8,1
2303,7,6,7,1,0,50,9,1
2303,8,7,8,1,0,51,10,1
2303,9,8,9,1,0,52,11,1
2303,10,9,9.43,0.43,0,53,12,1
2304,1,0,1,1,0,71,9,1
2304,2,1,1.803,0.803,0,72,10,1
2305,1,0,1,1,0,32,23,1
2305,2,1,2,1,0,33,24,1
2305,3,2,3,1,0,34,25,1
2305,4,3,4,1,0,35,26,1
2305,5,4,5,1,0,36,27,1
2305,6,5,5.259,0.259,0,37,28,1
2306,1,0,1,1,0,41,1,1
2306,2,1,2,1,0,42,2,1
2306,3,2,2.708,0.708,0,43,3,1
2307,1,0,1,1,0,27,12,1
2307,2,1,2,1,0,28,13,1
2307,3,2,3,1,0,29,14,1
2307,4,3,4,1,1,30,15,1
2307,5,4,5,1,0,31,16,1
2307,6,5,6,1,0,32,17,1
2307,7,6,6.656,0.656,1,33,18,1
2308,1,0,1,1,0,41,8,1
2308,2,1,1.506,0.506,0,42,9,1
2309,1,0,1,1,0,62,6,1
2309,2,1,2,1,0,63,7,1
2309,3,2,2.41,0.41,0,64,8,1
2310,1,0,1,1,1,28,15,1
2310,2,1,2,1,0,29,16,1
2310,3,2,3,1,0,30,17,1
2310,4,3,4,1,0,31,18,1
2310,5,4,5,1,0,32,19,1
2310,6,5,6,1,0,33,20,1
2310,7,6,7,1,0,34,21,1
2310,8,7,7.634,0.634,1,35,22,1
2311,1,0,1,1,0,40,4,1
2311,2,1,2,1,0,41,5,1
2311,3,2,3,1,0,42,6,1
2311,4,3,4,1,0,43,7,1
2311,5,4,5,1,0,44,8,1
2311,6,5,6,1,0,45,9,1
2311,7,6,7,1,0,46,10,1
2311,8,7,8,1,0,47,11,1
2311,9,8,9,1,0,48,12,1
2311,10,9,9.122,0.122,0,49,13,1
2312,1,0,1,1,1,21,13,1
2312,2,1,2,1,0,22,14,1
2312,3,2,3,1,0,23,15,1
2312,4,3,4,1,0,24,16,1
2312,5,4,5,1,1,25,17,1
2312,6,5,6,1,1,26,18,1
2312,7,6,7,1,0,27,19,1
2312,8,7,8,1,1,28,20,1
2312,9,8,9,1,0,29,21,1
2312,10,9,9.866,0.866,0,30,22,1
2313,1,0,1,1,0,54,0,1
2313,2,1,2,1,0,55,1,1
2313,3,2,3,1,0,56,2,1
2313,4,3,4,1,0,57,3,1
2313,5,4,5,1,0,58,4,1
2313,6,5,6,1,0,59,5,1
2313,7,6,6.324,0.324,0,60,6,1
2314,1,0,1,1,0,32,13,1
2314,2,1,2,1,0,33,14,1
2314,3,2,3,1,0,34,15,1
2314,4,3,4,1,0,35,16,1
2314,5,4,4.572,0.572,0,36,17,1
2315,1,0,1,1,0,45,10,1
2315,2,1,2,1,0,46,11,1
2315,3,2,3,1,1,47,12,1
2315,4,3,4,1,0,48,13,1
2315,5,4,4.079,0.079,0,49,14,1
2316,1,0,1,1,0,31,9,1
2316,2,1,2,1,0,32,10,1
2316,3,2,3,1,0,33,11,1
2316,4,3,4,1,0,34,12,1
2316,5,4,5,1,1,35,13,1
2316,6,5,5.133,0.133,0,36,14,1
2317,1,0,1,1,0,61,11,1
2317,2,1,2,1,0,62,12,1
2317,3,2,3,1,0,63,13,1
2317,4,3,4,1,0,64,14,1
2317,5,4,4.992,0.992,0,65,15,1
2318,1,0,1,1,0,46,1,1
2318,2,1,2,1,0,47,2,1
2318,3,2,2.021,0.021,0,48,3,1
2319,1,0,1,1,0,49,15,1
2319,2,1,2,1,0,50,16,1
2319,3,2,2.366,0.366,0,51,17,1
2320,1,0,1,1,0,52,7,1
2320,2,1,2,1,0,53,8,1
2320,3,2,3,1,0,54,9,1
2320,4,3,4,1,0,55,10,1
2320,5,4,5,1,0,56,11,1
2320,6,5,5.759,0.759,0,57,12,1
2321,1,0,1,1,0,48,17,1
2321,2,1,2,1,0,49,18,1
2321,3,2,3,1,0,50,19,1
2321,4,3,4,1,0,51,20,1
2321,5,4,5,1,0,52,21,1
2321,6,5,5.355,0.355,0,53,22,1
2322,1,0,1,1,0,33,11,1
2322,2,1,2,1,0,34,12,1
2322,3,2,3,1,0,35,13,1
2322,4,3,4,1,0,36,14,1
2322,5,4,5,1,0,37,15,1
2322,6,5,6,1,0,38,16,1
2322,7,6,6.072,0.072,0,39,17,1
2323,1,0,1,1,0,31,7,1
2323,2,1,2,1,0,32,8,1
2323,3,2,3,1,0,33,9,1
2323,4,3,4,1,0,34,10,1
2323,5,4,5,1,0,35,11,1
2323,6,5,6,1,0,36,12,1
2323,7,6,7,1,0,37,13,1
2323,8,7,8,1,0,38,14,1
2323,9,8,8.938,0.938,0,39,15,1
2324,1,0,1,1,1,39,5,1
2324,2,1,2,1,0,40,6,1
2324,3,2,3,1,0,41,7,1
2324,4,3,4,1,0,42,8,1
2324,5,4,5,1,0,43,9,1
2324,6,5,6,1,0,44,10,1
2324,7,6,7,1,0,45,11,1
2324,8,7,7.102,0.102,0,46,12,1
2325,1,0,1,1,0,57,0,1
2325,2,1,2,1,0,58,1,1
2325,3,2,3,1,0,59,2,1
2325,4,3,4,1,0,60,3,1
2325,5,4,5,1,0,61,4,1
2325,6,5,6,1,0,62,5,1
2325,7,6,7,1,0,63,6,1
2325,8,7,7.136,0.136,0,64,7,1
2326,1,0,1,1,0,59,14,1
2326,2,1,2,1,0,60,15,1
2326,3,2,2.934,0.934,0,61,16,1
2327,1,0,1,1,0,55,7,1
2327,2,1,2,1,0,56,8,1
2327,3,2,2.039,0.039,0,57,9,1
2328,1,0,1,1,0,44,5,1
2328,2,1,2,1,0,45,6,1
2328,3,2,3,1,0,46,7,1
2328,4,3,3.543,0.543,0,47,8,1
2329,1,0,1,1,0,47,13,1
2329,2,1,2,1,0,48,14,1
2329,3,2,3,1,0,49,15,1
2329,4,3,4,1,0,50,16,1
2329,5,4,5,1,0,51,17,1
2329,6,5,5.993,0.993,0,52,18,1
2330,1,0,1,1,0,39,3,1
2330,2,1,2,1,0,40,4,1
2330,3,2,3,1,0,41,5,1
2330,4,3,4,1,0,42,6,1
2330,5,4,4.681,0.681,0,43,7,1
2331,1,0,1,1,1,33,7,1
2331,2,1,2,1,0,34,8,1
2331,3,2,3,1,0,35,9,1
2331,4,3,4,1,0,36,10,1
2331,5,4,5,1,0,37,11,1
2331,6,5,5.27,0.27,0,38,12,1
2332,1,0,1,1,0,43,2,1
2332,2,1,1.221,0.221,0,44,3,1
2333,1,0,1,1,0,44,6,1
2333,2,1,2,1,0,45,7,1
2333,3,2,3,1,0,46,8,1
2333,4,3,4,1,0,47,9,1
2333,5,4,4.765,0.765,0,48,10,1
2334,1,0,1,1,0,47,3,1
2334,2,1,2,1,0,48,4,1
2334,3,2,3,1,0,49,5,1
2334,4,3,4,1,0,50,6,1
2334,5,4,5,1,0,51,7,1
2334,6,5,6,1,0,52,8,1
2334,7,6,6.937,0.937,0,53,9,1
2335,1,0,1,1,0,51,14,1
2335,2,1,2,1,0,52,15,1
2335,3,2,3,1,0,53,16,1
2335,4,3,4,1,0,54,17,1
2335,5,4,5,1,0,55,18,1
2335,6,5,6,1,0,56,19,1
2335,7,6,7,1,0,57,20,1
2335,8,7,7.846,0.846,0,58,21,1
2336,1,0,1,1,0,44,9,1
2336,2,1,2,1,0,45,10,1
2336,3,2,3,1,0,46,11,1
2336,4,3,4,1,0,47,12,1
2336,5,4,5,1,0,48,13,1
2336,6,5,6,1,0,49,14,1
2336,7,6,7,1,0,50,15,1
2336,8,7,8,1,0,51,16,1
2336,9,8,8.948,0.948,0,52,17,1
2337,1,0,1,1,0,41,4,1
2337,2,1,2,1,0,42,5,1
2337,3,2,2.818,0.818,0,43,6,1
2338,1,0,1,1,0,29,1,1
2338,2,1,2,1,0,30,2,1
2338,3,2,3,1,0,31,3,1
2338,4,3,3.925,0.925,0,32,4,1
2339,1,0,1,1,0,30,1,1
2339,2,1,2,1,0,31,2,1
2339,3,2,3,1,0,32,3,1
2339,4,3,4,1,0,33,4,1
2339,5,4,5,1,0,34,5,1
2339,6,5,6,1,0,35,6,1
2339,7,6,7,1,0,36,7,1
2339,8,7,8,1,0,37,8,1
2339,9,8,8.831,0.831,0,38,9,1
2340,1,0,1,1,0,44,8,1
2340,2,1,2,1,0,45,9,1
2340,3,2,3,1,0,46,10,1
2340,4,3,4,1,0,47,11,1
2340,5,4,5,1,0,48,12,1
2340,6,5,6,1,0,49,13,1
2340,7,6,7,1,0,50,14,1
2340,8,7,7.175,0.175,0,51,15,1
2341,1,0,1,1,0,32,8,1
2341,2,1,2,1,0,33,9,1
2341,3,2,3,1,2,34,10,1
2341,4,3,3.121,0.121,0,35,11,1
2342,1,0,1,1,0,73,9,1
2342,2,1,2,1,0,74,10,1
2342,3,2,3,1,0,75,11,1
2342,4,3,3.126,0.126,0,76,12,1
2343,1,0,1,1,0,57,5,1
2343,2,1,2,1,0,58,6,1
2343,3,2,3,1,0,59,7,1
2343,4,3,4,1,0,60,8,1
2343,5,4,5,1,0,61,9,1
2343,6,5,5.87,0.87,0,62,10,1
2344,1,0,1,1,1,68,9,1
2344,2,1,2,1,0,69,10,1
2344,3,2,2.508,0.508,0,70,11,1
2345,1,0,1,1,0,56,2,1
2345,2,1,2,1,0,57,3,1
2345,3,2,3,1,0,58,4,1
2345,4,3,4,1,0,59,5,1
2345,5,4,5,1,0,60,6,1
2345,6,5,5.359,0.359,0,61,7,1
2346,1,0,1,1,0,18,13,1
2346,2,1,1.936,0.936,2,19,14,1
2347,1,0,1,1,0,50,11,1
2347,2,1,2,1,0,51,12,1
2347,3,2,3,1,0,52,13,1
2347,4,3,3.303,0.303,0,53,14,1
2348,1,0,1,1,0,48,14,1
2348,2,1,2,1,0,49,15,1
2348,3,2,3,1,0,50,16,1
2348,4,3,3.271,0.271,0,51,17,1
2349,1,0,1,1,0,59,10,1
2349,2,1,2,1,0,60,11,1
2349,3,2,3,1,0,61,12,1
2349,4,3,4,1,0,62,13,1
2349,5,4,5,1,0,63,14,1
2349,6,5,6,1,0,64,15,1
2349,7,6,6.604,0.604,0,65,16,1
2350,1,0,1,1,0,22,0,1
2350,2,1,2,1,0,23,1,1
2350,3,2,3,1,0,24,2,1
2350,4,3,3.127,0.127,0,25,3,1
2351,1,0,1,1,2,30,21,1
2351,2,1,2,1,1,31,22,1
2351,3,2,3,1,0,32,23,1
2351,4,3,4,1,1,33,24,1
2351,5,4,5,1,0,34,25,1
2351,6,5,6,1,4,35,26,1
2351,7,6,7,1,0,36,27,1
2351,8,7,7.251,0.251,3,37,28,1
2352,1,0,1,1,0,62,0,1
2352,2,1,2,1,0,63,1,1
2352,3,2,3,1,0,64,2,1
2352,4,3,4,1,0,65,3,1
2352,5,4,4.132,0.132,0,66,4,1
2353,1,0,1,1,0,32,6,1
2353,2,1,1.078,0.078,0,33,7,1
2354,1,0,1,1,0,64,7,1
2354,2,1,2,1,0,65,8,1
2354,3,2,2.312,0.312,0,66,9,1
2355,1,0,1,1,0,45,16,1
2355,2,1,2,1,0,46,17,1
2355,3,2,3,1,0,47,18,1
2355,4,3,3.126,0.126,0,48,19,1
2356,1,0,1,1,0,21,7,1
2356,2,1,2,1,0,22,8,1
2356,3,2,3,1,0,23,9,1
2356,4,3,3.885,0.885,0,24,10,1
2357,1,0,1,1,0,87,5,1
2357,2,1,2,1,0,88,6,1
2357,3,2,3,1,0,89,7,1
2357,4,3,4,1,0,90,8,1
2357,5,4,5,1,0,91,9,1
2357,6,5,5.354,0.354,0,92,10,1
2358,1,0,1,1,0,23,8,1
2358,2,1,2,1,0,24,9,1
2358,3,2,3,1,0,25,10,1
2358,4,3,4,1,0,26,11,1
2358,5,4,5,1,0,27,12,1
2358,6,5,6,1,0,28,13,1
2358,7,6,6.445,0.445,0,29,14,1
2359,1,0,1,1,0,48,9,1
2359,2,1,1.089,0.089,0,49,10,1
2360,1,0,1,1,0,44,9,1
2360,2,1,2,1,0,45,10,1
2360,3,2,3,1,0,46,11,1
2360,4,3,3.967,0.967,0,47,12,1
2361,1,0,1,1,0,51,12,1
2361,2,1,2,1,0,52,13,1
2361,3,2,2.183,0.183,0,53,14,1
2362,1,0,1,1,0,44,5,1
2362,2,1,2,1,0,45,6,1
2362,3,2,3,1,0,46,7,1
2362,4,3,4,1,0,47,8,1
2362,5,4,5,1,0,48,9,1
2362,6,5,5.565,0.565,0,49,10,1
2363,1,0,1,1,0,33,1,1
2363,2,1,2,1,0,34,2,1
2363,3,2,2.785,0.785,0,35,3,1
2364,1,0,1,1,0,42,3,1
2364,2,1,2,1,0,43,4,1
2364,3,2,2.313,0.313,0,44,5,1
2365,1,0,1,1,0,30,25,1
2365,2,1,2,1,0,31,26,1
2365,3,2,3,1,0,32,27,1
2365,4,3,3.29,0.29,0,33,28,1
2366,1,0,1,1,0,63,7,1
2366,2,1,2,1,0,64,8,1
2366,3,2,3,1,0,65,9,1
2366,4,3,3.709,0.709,0,66,10,1
2367,1,0,1,1,0,49,4,1
2367,2,1,2,1,0,50,5,1
2367,3,2,3,1,0,51,6,1
2367,4,3,3.368,0.368,0,52,7,1
2368,1,0,1,1,0,75,12,1
2368,2,1,2,1,0,76,13,1
2368,3,2,3,1,0,77,14,1
2368,4,3,4,1,0,78,15,1
2368,5,4,5,1,0,79,16,1
2368,6,5,6,1,0,80,17,1
2368,7,6,6.284,0.284,0,81,18,1
2369,1,0,1,1,0,35,11,1
2369,2,1,2,1,0,36,12,1
2369,3,2,3,1,0,37,13,1
2369,4,3,4,1,0,38,14,1
2369,5,4,5,1,0,39,15,1
2369,6,5,6,1,0,40,16,1
2369,7,6,7,1,0,41,17,1
2369,8,7,8,1,0,42,18,1
2369,9,8,8.503,0.503,0,43,19,1
2370,1,0,1,1,0,65,12,1
2370,2,1,1.971,0.971,0,66,13,1
2371,1,0,1,1,0,45,15,1
2371,2,1,2,1,0,46,16,1
2371,3,2,3,1,0,47,17,1
2371,4,3,4,1,0,48,18,1
2371,5,4,4.775,0.775,0,49,19,1
2372,1,0,1,1,0,44,8,1
2372,2,1,2,1,0,45,9,1
2372,3,2,3,1,0,46,10,1
2372,4,3,4,1,0,47,11,1
2372,5,4,5,1,0,48,12,1
2372,6,5,5.45,0.45,0,49,13,1
2373,1,0,1,1,0,18,9,1
2373,2,1,1.115,0.115,0,19,10,1
2374,1,0,1,1,0,36,8,1
2374,2,1,2,1,0,37,9,1
2374,3,2,3,1,0,38,10,1
2374,4,3,4,1,0,39,11,1
2374,5,4,5,1,0,40,12,1
2374,6,5,6,1,0,41,13,1
2374,7,6,7,1,0,42,14,1
2374,8,7,8,1,0,43,15,1
2374,9,8,8.007,0.007,0,44,16,1
2375,1,0,1,1,0,38,4,1
2375,2,1,2,1,0,39,5,1
2375,3,2,2.658,0.658,0,40,6,1
2376,1,0,1,1,1,49,10,1
2376,2,1,2,1,0,50,11,1
2376,3,2,2.107,0.107,0,51,12,1
2377,1,0,1,1,0,48,14,1
2377,2,1,2,1,0,49,15,1
2377,3,2,2.844,0.844,0,50,16,1
2378,1,0,0.521,0.521,0,35,10,1
2379,1,0,1,1,0,50,7,1
2379,2,1,2,1,0,51,8,1
2379,3,2,3,1,0,52,9,1
2379,4,3,3.079,0.079,0,53,10,1
2380,1,0,1,1,0,44,20,1
2380,2,1,2,1,0,45,21,1
2380,3,2,3,1,0,46,22,1
2380,4,3,4,1,0,47,23,1
2380,5,4,5,1,0,48,24,1
2380,6,5,6,1,0,49,25,1
2380,7,6,7,1,0,50,26,1
2380,8,7,8,1,1,51,27,1
2380,9,8,9,1,0,52,28,1
2380,10,9,9.014,0.014,0,53,29,1
2381,1,0,1,1,0,28,5,1
2381,2,1,2,1,0,29,6,1
2381,3,2,3,1,0,30,7,1
2381,4,3,4,1,0,31,8,1
2381,5,4,4.631,0.631,0,32,9,1
2382,1,0,1,1,0,43,6,1
2382,2,1,2,1,0,44,7,1
2382,3,2,2.644,0.644,0,45,8,1
2383,1,0,0.933,0.933,0,39,12,1
2384,1,0,1,1,0,55,11,1
2384,2,1,2,1,0,56,12,1
2384,3,2,3,1,0,57,13,1
2384,4,3,4,1,0,58,14,1
2384,5,4,5,1,3,59,15,1
2384,6,5,6,1,0,60,16,1
2384,7,6,6.552,0.552,0,61,17,1
2385,1,0,1,1,0,54,4,1
2385,2,1,2,1,0,55,5,1
2385,3,2,3,1,0,56,6,1
2385,4,3,4,1,0,57,7,1
2385,5,4,4.95,0.95,0,58,8,1
2386,1,0,1,1,0,54,0,1
2386,2,1,2,1,1,55,1,1
2386,3,2,3,1,1,56,2,1
2386,4,3,4,1,0,57,3,1
2386,5,4,5,1,0,58,4,1
2386,6,5,6,1,0,59,5,1
2386,7,6,7,1,0,60,6,1
2386,8,7,7.319,0.319,0,61,7,1
2387,1,0,1,1,0,36,7,1
2387,2,1,2,1,0,37,8,1
2387,3,2,2.158,0.158,0,38,9,1
2388,1,0,1,1,0,45,7,1
2388,2,1,2,1,0,46,8,1
2388,3,2,3,1,0,47,9,1
2388,4,3,4,1,0,48,10,1
2388,5,4,5,1,0,49,11,1
2388,6,5,6,1,0,50,12,1
2388,7,6,7,1,0,51,13,1
2388,8,7,7.76,0.76,0,52,14,1
2389,1,0,1,1,0,31,10,1
2389,2,1,2,1,0,32,11,1
2389,3,2,3,1,1,33,12,1
2389,4,3,4,1,0,34,13,1
2389,5,4,5,1,1,35,14,1
2389,6,5,6,1,0,36,15,1
2389,7,6,7,1,0,37,16,1
2389,8,7,8,1,0,38,17,1
2389,9,8,9,1,0,39,18,1
2389,10,9,9.44,0.44,0,40,19,1
2390,1,0,1,1,0,29,9,1
2390,2,1,2,1,0,30,10,1
2390,3,2,3,1,0,31,11,1
2390,4,3,4,1,0,32,12,1
2390,5,4,5,1,0,33,13,1
2390,6,5,6,1,0,34,14,1
2390,7,6,6.579,0.579,0,35,15,1
2391,1,0,1,1,0,50,4,1
2391,2,1,1.496,0.496,0,51,5,1
2392,1,0,1,1,0,38,13,1
2392,2,1,2,1,0,39,14,1
2392,3,2,3,1,1,40,15,1
2392,4,3,4,1,0,41,16,1
2392,5,4,4.735,0.735,0,42,17,1
2393,1,0,1,1,0,30,10,1
2393,2,1,2,1,0,31,11,1
2393,3,2,3,1,0,32,12,1
2393,4,3,4,1,0,33,13,1
2393,5,4,5,1,0,34,14,1
2393,6,5,6,1,0,35,15,1
2393,7,6,6.292,0.292,0,36,16,1
2394,1,0,1,1,0,37,5,1
2394,2,1,2,1,0,38,6,1
2394,3,2,3,1,0,39,7,1
2394,4,3,4,1,0,40,8,1
2394,5,4,5,1,0,41,9,1
2394,6,5,6,1,0,42,10,1
2394,7,6,6.693,0.693,0,43,11,1
2395,1,0,1,1,0,38,0,1
2395,2,1,2,1,0,39,1,1
2395,3,2,2.146,0.146,0,40,2,1
2396,1,0,1,1,0,56,6,1
2396,2,1,1.201,0.201,0,57,7,1
2397,1,0,1,1,0,55,12,1
2397,2,1,2,1,0,56,13,1
2397,3,2,3,1,0,57,14,1
2397,4,3,3.343,0.343,0,58,15,1
2398,1,0,1,1,0,23,3,1
2398,2,1,2,1,1,24,4,1
2398,3,2,3,1,0,25,5,1
2398,4,3,3.831,0.831,0,26,6,1
2399,1,0,1,1,0,47,8,1
2399,2,1,2,1,0,48,9,1
2399,3,2,3,1,0,49,10,1
2399,4,3,4,1,0,50,11,1
2399,5,4,5,1,0,51,12,1
2399,6,5,6,1,0,52,13,1
2399,7,6,6.722,0.722,0,53,14,1
2400,1,0,1,1,0,54,9,1
2400,2,1,2,1,0,55,10,1
2400,3,2,3,1,0,56,11,1
2400,4,3,4,1,0,57,12,1
2400,5,4,5,1,0,58,13,1
2400,6,5,6,1,0,59,14,1
2400,7,6,6.623,0.623,0,60,15,1
2401,1,0,1,1,0,30,2,1
2401,2,1,2,1,0,31,3,1
2401,3,2,2.405,0.405,0,32,4,1
2402,1,0,1,1,1,26,0,1
2402,2,1,2,1,1,27,1,1
2402,3,2,2.726,0.726,0,28,2,1
2403,1,0,1,1,0,49,2,1
2403,2,1,2,1,0,50,3,1
2403,3,2,2.95,0.95,0,51,4,1
2404,1,0,1,1,0,62,10,1
2404,2,1,2,1,1,63,11,1
2404,3,2,3,1,0,64,12,1
2404,4,3,4,1,0,65,13,1
2404,5,4,5,1,0,66,14,1
2404,6,5,6,1,0,67,15,1
2404,7,6,6.003,0.003,0,68,16,1
2405,1,0,1,1,0,39,0,1
2405,2,1,2,1,0,40,1,1
2405,3,2,3,1,0,41,2,1
2405,4,3,4,1,0,42,3,1
2405,5,4,5,1,0,43,4,1
2405,6,5,6,1,0,44,5,1
2405,7,6,7,1,0,45,6,1
2405,8,7,8,1,0,46,7,1
2405,9,8,8.448,0.448,0,47,8,1
2406,1,0,1,1,0,49,13,1
2406,2,1,2,1,0,50,14,1
2406,3,2,3,1,0,51,15,1
2406,4,3,4,1,0,52,16,1
2406,5,4,5,1,0,53,17,1
2406,6,5,5.276,0.276,0,54,18,1
2407,1,0,1,1,1,46,5,1
2407,2,1,1.776,0.776,0,47,6,1
2408,1,0,0.917,0.917,0,59,6,1
2409,1,0,1,1,0,47,13,1
2409,2,1,2,1,0,48,14,1
2409,3,2,3,1,0,49,15,1
2409,4,3,4,1,0,50,16,1
2409,5,4,5,1,0,51,17,1
2409,6,5,6,1,0,52,18,1
2409,7,6,6.276,0.276,0,53,19,1
2410,1,0,1,1,0,41,9,1
2410,2,1,2,1,0,42,10,1
2410,3,2,2.818,0.818,0,43,11,1
2411,1,0,1,1,0,61,13,1
2411,2,1,2,1,0,62,14,1
2411,3,2,3,1,0,63,15,1
2411,4,3,4,1,0,64,16,1
2411,5,4,5,1,1,65,17,1
2411,6,5,6,1,0,66,18,1
2411,7,6,7,1,1,67,19,1
2411,8,7,8,1,0,68,20,1
2411,9,8,9,1,1,69,21,1
2411,10,9,9.621,0.621,0,70,22,1
2412,1,0,1,1,0,40,6,1
2412,2,1,2,1,1,41,7,1
2412,3,2,3,1,0,42,8,1
2412,4,3,4,1,0,43,9,1
2412,5,4,5,1,0,44,10,1
2412,6,5,5.165,0.165,0,45,11,1
2413,1,0,1,1,1,48,3,1
2413,2,1,2,1,2,49,4,1
2413,3,2,3,1,0,50,5,1
2413,4,3,4,1,0,51,6,1
2413,5,4,4.016,0.016,0,52,7,1
2414,1,0,1,1,0,44,5,1
2414,2,1,2,1,0,45,6,1
2414,3,2,3,1,0,46,7,1
2414,4,3,4,1,0,47,8,1
2414,5,4,5,1,0,48,9,1
2414,6,5,6,1,0,49,10,1
2414,7,6,7,1,0,50,11,1
2414,8,7,8,1,0,51,12,1
2414,9,8,9,1,0,52,13,1
2414,10,9,9.825,0.825,0,53,14,1
2415,1,0,1,1,0,50,3,1
2415,2,1,2,1,0,51,4,1
2415,3,2,2.055,0.055,0,52,5,1
2416,1,0,1,1,0,71,6,1
2416,2,1,2,1,0,72,7,1
2416,3,2,2.669,0.669,0,73,8,1
2417,1,0,1,1,0,51,1,1
2417,2,1,2,1,0,52,2,1
2417,3,2,3,1,0,53,3,1
2417,4,3,4,1,0,54,4,1
2417,5,4,5,1,0,55,5,1
2417,6,5,6,1,0,56,6,1
2417,7,6,6.022,0.022,0,57,7,1
2418,1,0,0.642,0.642,0,53,10,1
2419,1,0,1,1,0,18,10,1
2419,2,1,1.988,0.988,1,19,11,1
2420,1,0,1,1,0,39,0,1
2420,2,1,2,1,0,40,1,1
2420,3,2,3,1,0,41,2,1
2420,4,3,4,1,0,42,3,1
2420,5,4,5,1,0,43,4,1
2420,6,5,5.724,0.724,0,44,5,1
2421,1,0,1,1,1,41,12,1
2421,2,1,2,1,0,42,13,1
2421,3,2,3,1,0,43,14,1
2421,4,3,4,1,0,44,15,1
2421,5,4,5,1,0,45,16,1
2421,6,5,6,1,0,46,17,1
2421,7,6,6.396,0.396,0,47,18,1
2422,1,0,1,1,1,18,6,1
2422,2,1,1.588,0.588,0,19,7,1
2423,1,0,1,1,2,25,21,1
2423,2,1,2,1,1,26,22,1
2423,3,2,2.511,0.511,0,27,23,1
2424,1,0,1,1,0,43,11,1
2424,2,1,2,1,0,44,12,1
2424,3,2,3,1,0,45,13,1
2424,4,3,4,1,0,46,14,1
2424,5,4,5,1,0,47,15,1
2424,6,5,6,1,0,48,16,1
2424,7,6,7,1,1,49,17,1
2424,8,7,8,1,1,50,18,1
2424,9,8,9,1,0,51,19,1
2424,10,9,9.679,0.679,0,52,20,1
2425,1,0,1,1,0,33,0,1
2425,2,1,2,1,0,34,1,1
2425,3,2,3,1,0,35,2,1
2425,4,3,4,1,0,36,3,1
2425,5,4,4.136,0.136,0,37,4,1
2426,1,0,0.854,0.854,0,35,4,1
2427,1,0,1,1,0,29,14,1
2427,2,1,1.278,0.278,0,30,15,1
2428,1,0,1,1,0,46,10,1
2428,2,1,2,1,0,47,11,1
2428,3,2,3,1,0,48,12,1
2428,4,3,4,1,0,49,13,1
2428,5,4,4.184,0.184,0,50,14,1
2429,1,0,1,1,1,26,14,1
2429,2,1,2,1,0,27,15,1
2429,3,2,3,1,0,28,16,1
2429,4,3,3.895,0.895,0,29,17,1
2430,1,0,1,1,0,39,6,1
2430,2,1,2,1,0,40,7,1
2430,3,2,3,1,0,41,8,1
2430,4,3,4,1,0,42,9,1
2430,5,4,5,1,0,43,10,1
2430,6,5,6,1,0,44,11,1
2430,7,6,7,1,0,45,12,1
2430,8,7,7.203,0.203,0,46,13,1
2431,1,0,1,1,1,48,0,1
2431,2,1,2,1,0,49,1,1
2431,3,2,3,1,1,50,2,1
2431,4,3,3.609,0.609,1,51,3,1
2432,1,0,1,1,0,33,8,1
2432,2,1,2,1,0,34,9,1
2432,3,2,3,1,0,35,10,1
2432,4,3,4,1,0,36,11,1
2432,5,4,5,1,0,37,12,1
2432,6,5,5.067,0.067,0,38,13,1
2433,1,0,1,1,0,35,8,1
2433,2,1,2,1,0,36,9,1
2433,3,2,3,1,0,37,10,1
2433,4,3,4,1,0,38,11,1
2433,5,4,5,1,0,39,12,1
2433,6,5,6,1,0,40,13,1
2433,7,6,7,1,0,41,14,1
2433,8,7,8,1,0,42,15,1
2433,9,8,9,1,0,43,16,1
2433,10,9,9.538,0.538,0,44,17,1
2434,1,0,1,1,0,37,13,1
2434,2,1,2,1,0,38,14,1
2434,3,2,3,1,0,39,15,1
2434,4,3,4,1,0,40,16,1
2434,5,4,5,1,0,41,17,1
2434,6,5,6,1,0,42,18,1
2434,7,6,7,1,0,43,19,1
2434,8,7,8,1,0,44,20,1
2434,9,8,8.451,0.451,0,45,21,1
2435,1,0,1,1,0,42,10,1
2435,2,1,2,1,0,43,11,1
2435,3,2,2.248,0.248,0,44,12,1
2436,1,0,1,1,0,49,0,1
2436,2,1,1.542,0.542,0,50,1,1
2437,1,0,1,1,0,64,0,1
2437,2,1,2,1,0,65,1,1
2437,3,2,3,1,0,66,2,1
2437,4,3,3.331,0.331,0,67,3,1
2438,1,0,1,1,0,60,3,1
2438,2,1,2,1,1,61,4,1
2438,3,2,2.933,0.933,0,62,5,1
2439,1,0,1,1,0,47,6,1
2439,2,1,2,1,0,48,7,1
2439,3,2,3,1,0,49,8,1
2439,4,3,4,1,0,50,9,1
2439,5,4,5,1,0,51,10,1
2439,6,5,5.351,0.351,0,52,11,1
2440,1,0,1,1,0,68,20,1
2440,2,1,2,1,0,69,21,1
2440,3,2,2.498,0.498,0,70,22,1
2441,1,0,1,1,0,35,0,1
2441,2,1,2,1,0,36,1,1
2441,3,2,3,1,0,37,2,1
2441,4,3,4,1,0,38,3,1
2441,5,4,5,1,0,39,4,1
2441,6,5,6,1,0,40,5,1
2441,7,6,7,1,0,41,6,1
2441,8,7,8,1,0,42,7,1
2441,9,8,8.493,0.493,0,43,8,1
2442,1,0,1,1,0,28,7,1
2442,2,1,2,1,0,29,8,1
2442,3,2,3,1,0,30,9,1
2442,4,3,4,1,0,31,10,1
2442,5,4,5,1,0,32,11,1
2442,6,5,5.083,0.083,0,33,12,1
2443,1,0,1,1,0,70,7,1
2443,2,1,2,1,1,71,8,1
2443,3,2,3,1,2,72,9,1
2443,4,3,4,1,1,73,10,1
2443,5,4,4.244,0.244,0,74,11,1
2444,1,0,1,1,0,57,11,1
2444,2,1,2,1,0,58,12,1
2444,3,2,3,1,0,59,13,1
2444,4,3,3.756,0.756,0,60,14,1
2445,1,0,1,1,0,34,10,1
2445,2,1,2,1,0,35,11,1
2445,3,2,3,1,0,36,12,1
2445,4,3,4,1,0,37,13,1
2445,5,4,5,1,0,38,14,1
2445,6,5,6,1,0,39,15,1
2445,7,6,7,1,0,40,16,1
2445,8,7,8,1,0,41,17,1
2445,9,8,8.045,0.045,0,42,18,1
2446,1,0,1,1,0,48,1,1
2446,2,1,2,1,0,49,2,1
2446,3,2,3,1,0,50,3,1
2446,4,3,4,1,0,51,4,1
2446,5,4,5,1,0,52,5,1
2446,6,5,6,1,0,53,6,1
2446,7,6,7,1,0,54,7,1
2446,8,7,7.555,0.555,0,55,8,1
2447,1,0,1,1,0,48,9,1
2447,2,1,2,1,0,49,10,1
2447,3,2,3,1,0,50,11,1
2447,4,3,3.552,0.552,0,51,12,1
2448,1,0,1,1,0,54,12,1
2448,2,1,1.027,0.027,0,55,13,1
2449,1,0,1,1,0,54,10,1
2449,2,1,2,1,0,55,11,1
2449,3,2,3,1,0,56,12,1
2449,4,3,4,1,1,57,13,1
2449,5,4,5,1,0,58,14,1
2449,6,5,6,1,0,59,15,1
2449,7,6,7,1,0,60,16,1
2449,8,7,7.442,0.442,0,61,17,1
2450,1,0,1,1,0,21,3,1
2450,2,1,1.215,0.215,0,22,4,1
2451,1,0,1,1,0,51,7,1
2451,2,1,2,1,0,52,8,1
2451,3,2,2.035,0.035,0,53,9,1
2452,1,0,1,1,0,35,10,1
2452,2,1,2,1,0,36,11,1
2452,3,2,2.299,0.299,0,37,12,1
2453,1,0,1,1,0,38,10,1
2453,2,1,2,1,0,39,11,1
2453,3,2,3,1,0,40,12,1
2453,4,3,4,1,1,41,13,1
2453,5,4,5,1,0,42,14,1
2453,6,5,5.747,0.747,0,43,15,1
2454,1,0,1,1,0,23,0,1
2454,2,1,2,1,0,24,1,1
2454,3,2,2.117,0.117,0,25,2,1
2455,1,0,1,1,0,58,9,1
2455,2,1,2,1,0,59,10,1
2455,3,2,3,1,0,60,11,1
2455,4,3,4,1,1,61,12,1
2455,5,4,5,1,0,62,13,1
2455,6,5,6,1,0,63,14,1
2455,7,6,6.433,0.433,0,64,15,1
2456,1,0,1,1,0,39,18,1
2456,2,1,2,1,0,40,19,1
2456,3,2,3,1,0,41,20,1
2456,4,3,3.751,0.751,0,42,21,1
2457,1,0,1,1,0,31,4,1
2457,2,1,2,1,1,32,5,1
2457,3,2,2.764,0.764,4,33,6,1
2458,1,0,1,1,1,18,11,1
2458,2,1,2,1,2,19,12,1
2458,3,2,3,1,2,20,13,1
2458,4,3,4,1,0,21,14,1
2458,5,4,5,1,0,22,15,1
2458,6,5,6,1,1,23,16,1
2458,7,6,7,1,0,24,17,1
2458,8,7,8,1,0,25,18,1
2458,9,8,8.461,0.461,1,26,19,1
2459,1,0,1,1,0,66,6,1
2459,2,1,2,1,0,67,7,1
2459,3,2,3,1,0,68,8,1
2459,4,3,3.496,0.496,0,69,9,1
2460,1,0,1,1,0,61,6,1
2460,2,1,2,1,0,62,7,1
2460,3,2,3,1,0,63,8,1
2460,4,3,4,1,0,64,9,1
2460,5,4,5,1,0,65,10,1
2460,6,5,6,1,0,66,11,1
2460,7,6,7,1,0,67,12,1
2460,8,7,7.555,0.555,0,68,13,1
2461,1,0,1,1,1,57,10,1
2461,2,1,1.406,0.406,0,58,11,1
2462,1,0,1,1,0,44,13,1
2462,2,1,2,1,0,45,14,1
2462,3,2,3,1,0,46,15,1
2462,4,3,4,1,0,47,16,1
2462,5,4,5,1,0,48,17,1
2462,6,5,5.651,0.651,0,49,18,1
2463,1,0,1,1,0,20,10,1
2463,2,1,2,1,0,21,11,1
2463,3,2,2.607,0.607,0,22,12,1
2464,1,0,1,1,0,28,9,1
2464,2,1,2,1,0,29,10,1
2464,3,2,3,1,0,30,11,1
2464,4,3,4,1,0,31,12,1
2464,5,4,5,1,0,32,13,1
2464,6,5,6,1,0,33,14,1
2464,7,6,7,1,0,34,15,1
2464,8,7,8,1,0,35,16,1
2464,9,8,8.05,0.05,0,36,17,1
2465,1,0,1,1,0,23,1,1
2465,2,1,2,1,0,24,2,1
2465,3,2,3,1,0,25,3,1
2465,4,3,4,1,0,26,4,1
2465,5,4,5,1,0,27,5,1
2465,6,5,6,1,0,28,6,1
2465,7,6,7,1,0,29,7,1
2465,8,7,7.454,0.454,0,30,8,1
2466,1,0,1,1,0,42,2,1
2466,2,1,1.131,0.131,0,43,3,1
2467,1,0,1,1,0,62,13,1
2467,2,1,2,1,0,63,14,1
2467,3,2,3,1,0,64,15,1
2467,4,3,3.697,0.697,0,65,16,1
2468,1,0,1,1,1,29,1,1
2468,2,1,2,1,1,30,2,1
2468,3,2,3,1,0,31,3,1
2468,4,3,4,1,1,32,4,1
2468,5,4,5,1,0,33,5,1
2468,6,5,6,1,1,34,6,1
2468,7,6,6.142,0.142,0,35,7,1
2469,1,0,1,1,0,35,9,1
2469,2,1,2,1,0,36,10,1
2469,3,2,3,1,0,37,11,1
2469,4,3,4,1,0,38,12,1
2469,5,4,5,1,0,39,13,1
2469,6,5,5.013,0.013,0,40,14,1
2470,1,0,1,1,0,18,21,1
2470,2,1,1.097,0.097,0,19,22,1
2471,1,0,1,1,0,54,11,1
2471,2,1,2,1,0,55,12,1
2471,3,2,3,1,0,56,13,1
2471,4,3,4,1,0,57,14,1
2471,5,4,5,1,0,58,15,1
2471,6,5,5.435,0.435,0,59,16,1
2472,1,0,1,1,0,68,9,1
2472,2,1,2,1,0,69,10,1
2472,3,2,3,1,0,70,11,1
2472,4,3,4,1,0,71,12,1
2472,5,4,5,1,0,72,13,1
2472,6,5,5.169,0.169,0,73,14,1
2473,1,0,1,1,0,53,0,1
2473,2,1,2,1,0,54,1,1
2473,3,2,3,1,1,55,2,1
2473,4,3,3.345,0.345,1,56,3,1
2474,1,0,0.116,0.116,0,44,5,1
2475,1,0,1,1,0,53,4,1
2475,2,1,1.062,0.062,0,54,5,1
2476,1,0,1,1,0,60,0,1
2476,2,1,2,1,0,61,1,1
2476,3,2,3,1,0,62,2,1
2476,4,3,4,1,1,63,3,1
2476,5,4,5,1,0,64,4,1
2476,6,5,6,1,2,65,5,1
2476,7,6,6.501,0.501,0,66,6,1
2477,1,0,1,1,0,57,4,1
2477,2,1,2,1,0,58,5,1
2477,3,2,3,1,0,59,6,1
2477,4,3,4,1,0,60,7,1
2477,5,4,5,1,0,61,8,1
2477,6,5,6,1,0,62,9,1
2477,7,6,7,1,0,63,10,1
2477,8,7,8,1,2,64,11,1
2477,9,8,9,1,0,65,12,1
2477,10,9,9.307,0.307,0,66,13,1
2478,1,0,1,1,0,50,2,1
2478,2,1,2,1,0,51,3,1
2478,3,2,2.834,0.834,0,52,4,1
2479,1,0,1,1,1,21,16,1
2479,2,1,2,1,0,22,17,1
2479,3,2,2.334,0.334,0,23,18,1
2480,1,0,1,1,0,36,7,1
2480,2,1,2,1,0,37,8,1
2480,3,2,3,1,0,38,9,1
2480,4,3,4,1,0,39,10,1
2480,5,4,4.208,0.208,0,40,11,1
2481,1,0,1,1,0,66,8,1
2481,2,1,2,1,0,67,9,1
2481,3,2,2.343,0.343,0,68,10,1
2482,1,0,1,1,0,32,3,1
2482,2,1,2,1,0,33,4,1
2482,3,2,3,1,0,34,5,1
2482,4,3,3.427,0.427,1,35,6,1
2483,1,0,1,1,0,54,13,1
2483,2,1,1.133,0.133,0,55,14,1
2484,1,0,1,1,0,25,11,1
2484,2,1,2,1,0,26,12,1
2484,3,2,3,1,0,27,13,1
2484,4,3,3.22,0.22,0,28,14,1
2485,1,0,1,1,0,28,14,1
2485,2,1,2,1,1,29,15,1
2485,3,2,2.668,0.668,0,30,16,1
2486,1,0,1,1,1,47,3,1
2486,2,1,1.427,0.427,0,48,4,1
2487,1,0,1,1,0,30,3,1
2487,2,1,2,1,0,31,4,1
2487,3,2,2.986,0.986,0,32,5,1
2488,1,0,1,1,0,63,9,1
2488,2,1,2,1,0,64,10,1
2488,3,2,2.541,0.541,1,65,11,1
2489,1,0,1,1,0,33,0,1
2489,2,1,2,1,0,34,1,1
2489,3,2,2.236,0.236,0,35,2,1
2490,1,0,1,1,1,60,8,1
2490,2,1,2,1,0,61,9,1
2490,3,2,3,1,0,62,10,1
2490,4,3,4,1,1,63,11,1
2490,5,4,5,1,0,64,12,1
2490,6,5,5.907,0.907,0,65,13,1
2491,1,0,1,1,0,18,14,1
2491,2,1,2,1,0,19,15,1
2491,3,2,3,1,0,20,16,1
2491,4,3,4,1,0,21,17,1
2491,5,4,5,1,0,22,18,1
2491,6,5,5.602,0.602,0,23,19,1
2492,1,0,1,1,0,38,10,1
2492,2,1,2,1,0,39,11,1
2492,3,2,3,1,0,40,12,1
2492,4,3,3.244,0.244,0,41,13,1
2493,1,0,1,1,0,19,3,1
2493,2,1,2,1,0,20,4,1
2493,3,2,3,1,1,21,5,1
2493,4,3,3.202,0.202,0,22,6,1
2494,1,0,1,1,0,62,11,1
2494,2,1,2,1,0,63,12,1
2494,3,2,3,1,0,64,13,1
2494,4,3,3.02,0.02,0,65,14,1
2495,1,0,1,1,0,38,5,1
2495,2,1,1.88,0.88,0,39,6,1
2496,1,0,1,1,0,39,10,1
2496,2,1,2,1,0,40,11,1
2496,3,2,3,1,1,41,12,1
2496,4,3,3.769,0.769,1,42,13,1
2497,1,0,1,1,0,22,16,1
2497,2,1,2,1,0,23,17,1
2497,3,2,3,1,0,24,18,1
2497,4,3,3.776,0.776,0,25,19,1
2498,1,0,1,1,0,52,1,1
2498,2,1,2,1,0,53,2,1
2498,3,2,3,1,0,54,3,1
2498,4,3,4,1,0,55,4,1
2498,5,4,4.694,0.694,0,56,5,1
2499,1,0,1,1,0,49,7,1
2499,2,1,2,1,0,50,8,1
2499,3,2,3,1,0,51,9,1
2499,4,3,4,1,0,52,10,1
2499,5,4,5,1,0,53,11,1
2499,6,5,6,1,0,54,12,1
2499,7,6,6.551,0.551,0,55,13,1
2500,1,0,1,1,0,35,15,1
2500,2,1,2,1,0,36,16,1
2500,3,2,3,1,0,37,17,1
2500,4,3,4,1,0,38,18,1
2500,5,4,5,1,0,39,19,1
2500,6,5,5.908,0.908,0,40,20,1
2501,1,0,1,1,0,57,10,1
2501,2,1,1.359,0.359,0,58,11,1
2502,1,0,1,1,0,58,8,1
2502,2,1,1.722,0.722,0,59,9,1
2503,1,0,1,1,0,59,13,1
2503,2,1,2,1,0,60,14,1
2503,3,2,3,1,0,61,15,1
2503,4,3,3.515,0.515,0,62,16,1
2504,1,0,1,1,0,45,4,1
2504,2,1,1.471,0.471,0,46,5,1
2505,1,0,1,1,0,33,16,1
2505,2,1,2,1,0,34,17,1
2505,3,2,3,1,0,35,18,1
2505,4,3,4,1,0,36,19,1
2505,5,4,5,1,0,37,20,1
2505,6,5,6,1,0,38,21,1
2505,7,6,7,1,0,39,22,1
2505,8,7,8,1,0,40,23,1
2505,9,8,8.015,0.015,0,41,24,1
2506,1,0,1,1,0,44,6,1
2506,2,1,2,1,0,45,7,1
2506,3,2,3,1,0,46,8,1
2506,4,3,4,1,0,47,9,1
2506,5,4,5,1,0,48,10,1
2506,6,5,5.239,0.239,0,49,11,1
2507,1,0,1,1,0,37,2,1
2507,2,1,2,1,0,38,3,1
2507,3,2,2.593,0.593,0,39,4,1
2508,1,0,1,1,0,42,0,1
2508,2,1,2,1,0,43,1,1
2508,3,2,3,1,0,44,2,1
2508,4,3,4,1,0,45,3,1
2508,5,4,4.014,0.014,0,46,4,1
2509,1,0,1,1,0,38,20,1
2509,2,1,2,1,0,39,21,1
2509,3,2,3,1,0,40,22,1
2509,4,3,4,1,0,41,23,1
2509,5,4,5,1,0,42,24,1
2509,6,5,6,1,1,43,25,1
2509,7,6,7,1,0,44,26,1
2509,8,7,8,1,0,45,27,1
2509,9,8,8.587,0.587,0,46,28,1
2510,1,0,1,1,1,22,8,1
2510,2,1,2,1,0,23,9,1
2510,3,2,3,1,0,24,10,1
2510,4,3,4,1,0,25,11,1
2510,5,4,5,1,0,26,12,1
2510,6,5,6,1,0,27,13,1
2510,7,6,7,1,0,28,14,1
2510,8,7,7.562,0.562,0,29,15,1
2511,1,0,1,1,1,22,11,1
2511,2,1,2,1,2,23,12,1
2511,3,2,3,1,2,24,13,1
2511,4,3,4,1,1,25,14,1
2511,5,4,5,1,3,26,15,1
2511,6,5,6,1,1,27,16,1
2511,7,6,6.449,0.449,0,28,17,1
2512,1,0,1,1,1,51,8,1
2512,2,1,1.726,0.726,0,52,9,1
2513,1,0,1,1,0,37,4,1
2513,2,1,2,1,0,38,5,1
2513,3,2,3,1,0,39,6,1
2513,4,3,3.14,0.14,0,40,7,1
2514,1,0,1,1,0,35,15,1
2514,2,1,2,1,0,36,16,1
2514,3,2,2.26,0.26,0,37,17,1
2515,1,0,1,1,0,49,4,1
2515,2,1,2,1,0,50,5,1
2515,3,2,3,1,0,51,6,1
2515,4,3,4,1,0,52,7,1
2515,5,4,5,1,0,53,8,1
2515,6,5,6,1,0,54,9,1
2515,7,6,6.336,0.336,0,55,10,1
2516,1,0,1,1,0,41,6,1
2516,2,1,2,1,0,42,7,1
2516,3,2,3,1,0,43,8,1
2516,4,3,3.789,0.789,0,44,9,1
2517,1,0,1,1,0,47,9,1
2517,2,1,2,1,0,48,10,1
2517,3,2,3,1,0,49,11,1
2517,4,3,4,1,0,50,12,1
2517,5,4,5,1,0,51,13,1
2517,6,5,6,1,0,52,14,1
2517,7,6,6.3,0.3,0,53,15,1
2518,1,0,1,1,0,37,2,1
2518,2,1,2,1,0,38,3,1
2518,3,2,3,1,0,39,4,1
2518,4,3,4,1,0,40,5,1
2518,5,4,5,1,0,41,6,1
2518,6,5,6,1,0,42,7,1
2518,7,6,6.295,0.295,0,43,8,1
2519,1,0,1,1,0,44,8,1
2519,2,1,2,1,0,45,9,1
2519,3,2,3,1,1,46,10,1
2519,4,3,4,1,0,47,11,1
2519,5,4,5,1,0,48,12,1
2519,6,5,6,1,0,49,13,1
2519,7,6,7,1,0,50,14,1
2519,8,7,7.048,0.048,0,51,15,1
2520,1,0,1,1,1,35,6,1
2520,2,1,2,1,0,36,7,1
2520,3,2,3,1,0,37,8,1
2520,4,3,4,1,0,38,9,1
2520,5,4,5,1,1,39,10,1
2520,6,5,6,1,0,40,11,1
2520,7,6,6.658,0.658,0,41,12,1
2521,1,0,1,1,0,48,18,1
2521,2,1,2,1,0,49,19,1
2521,3,2,2.436,0.436,0,50,20,1
2522,1,0,1,1,0,65,5,1
2522,2,1,1.084,0.084,0,66,6,1
2523,1,0,1,1,0,39,2,1
2523,2,1,2,1,0,40,3,1
2523,3,2,3,1,0,41,4,1
2523,4,3,4,1,0,42,5,1
2523,5,4,5,1,0,43,6,1
2523,6,5,6,1,1,44,7,1
2523,7,6,7,1,0,45,8,1
2523,8,7,7.926,0.926,0,46,9,1
2524,1,0,1,1,0,18,19,1
2524,2,1,2,1,0,19,20,1
2524,3,2,3,1,0,20,21,1
2524,4,3,4,1,0,21,22,1
2524,5,4,4.926,0.926,0,22,23,1
2525,1,0,1,1,0,48,16,1
2525,2,1,1.585,0.585,0,49,17,1
2526,1,0,1,1,0,62,2,1
2526,2,1,2,1,0,63,3,1
2526,3,2,3,1,0,64,4,1
2526,4,3,4,1,0,65,5,1
2526,5,4,5,1,0,66,6,1
2526,6,5,6,1,0,67,7,1
2526,7,6,7,1,0,68,8,1
2526,8,7,7.683,0.683,0,69,9,1
2527,1,0,1,1,0,50,5,1
2527,2,1,2,1,0,51,6,1
2527,3,2,2.906,0.906,0,52,7,1
2528,1,0,1,1,0,29,7,1
2528,2,1,1.498,0.498,0,30,8,1
2529,1,0,1,1,0,33,17,1
2529,2,1,2,1,0,34,18,1
2529,3,2,3,1,0,35,19,1
2529,4,3,3.109,0.109,0,36,20,1
2530,1,0,1,1,1,18,13,1
2530,2,1,2,1,0,19,14,1
2530,3,2,3,1,0,20,15,1
2530,4,3,3.979,0.979,0,21,16,1
2531,1,0,1,1,0,18,10,1
2531,2,1,2,1,0,19,11,1
2531,3,2,2.372,0.372,0,20,12,1
2532,1,0,1,1,0,49,9,1
2532,2,1,2,1,0,50,10,1
2532,3,2,3,1,0,51,11,1
2532,4,3,3.637,0.637,0,52,12,1
2533,1,0,0.812,0.812,0,26,2,1
2534,1,0,1,1,0,47,3,1
2534,2,1,2,1,0,48,4,1
2534,3,2,2.337,0.337,0,49,5,1
2535,1,0,1,1,0,43,2,1
2535,2,1,1.633,0.633,1,44,3,1
2536,1,0,1,1,0,60,9,1
2536,2,1,2,1,1,61,10,1
2536,3,2,3,1,0,62,11,1
2536,4,3,4,1,0,63,12,1
2536,5,4,4.291,0.291,0,64,13,1
2537,1,0,1,1,0,35,0,1
2537,2,1,1.793,0.793,0,36,1,1
2538,1,0,1,1,0,63,11,1
2538,2,1,2,1,0,64,12,1
2538,3,2,3,1,0,65,13,1
2538,4,3,4,1,0,66,14,1
2538,5,4,5,1,0,67,15,1
2538,6,5,6,1,0,68,16,1
2538,7,6,6.467,0.467,0,69,17,1
2539,1,0,1,1,0,37,6,1
2539,2,1,2,1,0,38,7,1
2539,3,2,3,1,0,39,8,1
2539,4,3,4,1,0,40,9,1
2539,5,4,4.853,0.853,0,41,10,1
2540,1,0,1,1,1,28,14,1
2540,2,1,2,1,0,29,15,1
2540,3,2,3,1,0,30,16,1
2540,4,3,4,1,0,31,17,1
2540,5,4,5,1,0,32,18,1
2540,6,5,6,1,0,33,19,1
2540,7,6,6.683,0.683,0,34,20,1
2541,1,0,1,1,0,53,12,1
2541,2,1,2,1,0,54,13,1
2541,3,2,2.25,0.25,0,55,14,1
2542,1,0,1,1,1,30,8,1
2542,2,1,2,1,0,31,9,1
2542,3,2,2.483,0.483,0,32,10,1
2543,1,0,1,1,0,62,7,1
2543,2,1,2,1,0,63,8,1
2543,3,2,2.342,0.342,0,64,9,1
2544,1,0,1,1,0,53,0,1
2544,2,1,1.326,0.326,0,54,1,1
2545,1,0,1,1,0,39,6,1
2545,2,1,2,1,0,40,7,1
2545,3,2,3,1,0,41,8,1
2545,4,3,4,1,0,42,9,1
2545,5,4,4.675,0.675,0,43,10,1
2546,1,0,1,1,0,23,5,1
2546,2,1,2,1,0,24,6,1
2546,3,2,2.242,0.242,0,25,7,1
2547,1,0,1,1,0,79,12,1
2547,2,1,2,1,0,80,13,1
2547,3,2,3,1,0,81,14,1
2547,4,3,4,1,0,82,15,1
2547,5,4,5,1,0,83,16,1
2547,6,5,5.932,0.932,1,84,17,1
2548,1,0,1,1,0,45,6,1
2548,2,1,2,1,0,46,7,1
2548,3,2,3,1,0,47,8,1
2548,4,3,4,1,0,48,9,1
2548,5,4,5,1,0,49,10,1
2548,6,5,6,1,0,50,11,1
2548,7,6,7,1,0,51,12,1
2548,8,7,7.252,0.252,0,52,13,1
2549,1,0,1,1,0,46,9,1
2549,2,1,2,1,0,47,10,1
2549,3,2,3,1,1,48,11,1
2549,4,3,3.39,0.39,0,49,12,1
2550,1,0,1,1,0,29,0,1
2550,2,1,1.964,0.964,0,30,1,1
2551,1,0,1,1,1,33,13,1
2551,2,1,2,1,0,34,14,1
2551,3,2,3,1,0,35,15,1
2551,4,3,4,1,0,36,16,1
2551,5,4,4.638,0.638,0,37,17,1
2552,1,0,1,1,3,37,5,1
2552,2,1,2,1,2,38,6,1
2552,3,2,3,1,2,39,7,1
2552,4,3,4,1,1,40,8,1
2552,5,4,5,1,2,41,9,1
2552,6,5,5.934,0.934,1,42,10,1
2553,1,0,1,1,0,55,10,1
2553,2,1,2,1,0,56,11,1
2553,3,2,3,1,0,57,12,1
2553,4,3,4,1,0,58,13,1
2553,5,4,5,1,0,59,14,1
2553,6,5,5.928,0.928,0,60,15,1
2554,1,0,1,1,0,43,15,1
2554,2,1,2,1,0,44,16,1
2554,3,2,3,1,0,45,17,1
2554,4,3,4,1,0,46,18,1
2554,5,4,5,1,0,47,19,1
2554,6,5,6,1,0,48,20,1
2554,7,6,7,1,0,49,21,1
2554,8,7,8,1,0,50,22,1
2554,9,8,8.291,0.291,0,51,23,1
2555,1,0,1,1,0,47,7,1
2555,2,1,2,1,0,48,8,1
2555,3,2,3,1,0,49,9,1
2555,4,3,4,1,0,50,10,1
2555,5,4,5,1,0,51,11,1
2555,6,5,6,1,0,52,12,1
2555,7,6,6.885,0.885,0,53,13,1
2556,1,0,1,1,0,29,3,1
2556,2,1,2,1,0,30,4,1
2556,3,2,3,1,0,31,5,1
2556,4,3,3.842,0.842,0,32,6,1
2557,1,0,1,1,0,68,10,1
2557,2,1,2,1,0,69,11,1
2557,3,2,3,1,0,70,12,1
2557,4,3,3.063,0.063,0,71,13,1
2558,1,0,1,1,0,39,4,1
2558,2,1,1.449,0.449,0,40,5,1
2559,1,0,1,1,0,49,1,1
2559,2,1,2,1,0,50,2,1
2559,3,2,3,1,0,51,3,1
2559,4,3,3.652,0.652,0,52,4,1
2560,1,0,1,1,0,33,5,1
2560,2,1,2,1,1,34,6,1
2560,3,2,3,1,0,35,7,1
2560,4,3,4,1,0,36,8,1
2560,5,4,5,1,0,37,9,1
2560,6,5,6,1,0,38,10,1
2560,7,6,7,1,0,39,11,1
2560,8,7,8,1,0,40,12,1
2560,9,8,8.28,0.28,0,41,13,1
2561,1,0,1,1,0,47,10,1
2561,2,1,2,1,1,48,11,1
2561,3,2,3,1,0,49,12,1
2561,4,3,4,1,0,50,13,1
2561,5,4,5,1,0,51,14,1
2561,6,5,5.635,0.635,0,52,15,1
2562,1,0,1,1,0,55,7,1
2562,2,1,2,1,0,56,8,1
2562,3,2,3,1,0,57,9,1
2562,4,3,4,1,0,58,10,1
2562,5,4,4.386,0.386,0,59,11,1
2563,1,0,1,1,0,45,8,1
2563,2,1,2,1,0,46,9,1
2563,3,2,2.849,0.849,0,47,10,1
2564,1,0,1,1,0,34,0,1
2564,2,1,2,1,0,35,1,1
2564,3,2,3,1,0,36,2,1
2564,4,3,4,1,1,37,3,1
2564,5,4,4.924,0.924,0,38,4,1
2565,1,0,1,1,0,32,12,1
2565,2,1,1.619,0.619,0,33,13,1
2566,1,0,1,1,0,43,18,1
2566,2,1,2,1,0,44,19,1
2566,3,2,3,1,0,45,20,1
2566,4,3,3.444,0.444,0,46,21,1
2567,1,0,1,1,0,38,7,1
2567,2,1,2,1,0,39,8,1
2567,3,2,2.038,0.038,0,40,9,1
2568,1,0,1,1,0,47,6,1
2568,2,1,2,1,0,48,7,1
2568,3,2,3,1,0,49,8,1
2568,4,3,4,1,0,50,9,1
2568,5,4,5,1,0,51,10,1
2568,6,5,6,1,0,52,11,1
2568,7,6,6.763,0.763,0,53,12,1
2569,1,0,1,1,0,51,13,1
2569,2,1,2,1,0,52,14,1
2569,3,2,3,1,0,53,15,1
2569,4,3,3.928,0.928,0,54,16,1
2570,1,0,1,1,0,63,13,1
2570,2,1,2,1,0,64,14,1
2570,3,2,3,1,0,65,15,1
2570,4,3,4,1,0,66,16,1
2570,5,4,5,1,0,67,17,1
2570,6,5,6,1,0,68,18,1
2570,7,6,7,1,1,69,19,1
2570,8,7,8,1,0,70,20,1
2570,9,8,8.393,0.393,0,71,21,1
2571,1,0,1,1,0,59,13,1
2571,2,1,2,1,0,60,14,1
2571,3,2,3,1,0,61,15,1
2571,4,3,4,1,0,62,16,1
2571,5,4,4.159,0.159,0,63,17,1
2572,1,0,1,1,0,52,7,1
2572,2,1,2,1,0,53,8,1
2572,3,2,3,1,0,54,9,1
2572,4,3,3.104,0.104,0,55,10,1
2573,1,0,1,1,2,55,10,1
2573,2,1,2,1,0,56,11,1
2573,3,2,3,1,1,57,12,1
2573,4,3,4,1,1,58,13,1
2573,5,4,4.024,0.024,0,59,14,1
2574,1,0,1,1,0,41,9,1
2574,2,1,2,1,0,42,10,1
2574,3,2,3,1,0,43,11,1
2574,4,3,4,1,0,44,12,1
2574,5,4,5,1,0,45,13,1
2574,6,5,6,1,1,46,14,1
2574,7,6,7,1,0,47,15,1
2574,8,7,7.243,0.243,0,48,16,1
2575,1,0,1,1,0,18,9,1
2575,2,1,1.416,0.416,0,19,10,1
2576,1,0,1,1,0,39,10,1
2576,2,1,2,1,0,40,11,1
2576,3,2,3,1,0,41,12,1
2576,4,3,4,1,0,42,13,1
2576,5,4,5,1,0,43,14,1
2576,6,5,6,1,0,44,15,1
2576,7,6,7,1,0,45,16,1
2576,8,7,8,1,0,46,17,1
2576,9,8,8.249,0.249,0,47,18,1
2577,1,0,1,1,0,56,10,1
2577,2,1,2,1,0,57,11,1
2577,3,2,3,1,0,58,12,1
2577,4,3,4,1,0,59,13,1
2577,5,4,5,1,0,60,14,1
2577,6,5,6,1,0,61,15,1
2577,7,6,6.465,0.465,0,62,16,1
2578,1,0,1,1,0,35,3,1
2578,2,1,2,1,0,36,4,1
2578,3,2,3,1,0,37,5,1
2578,4,3,3.094,0.094,0,38,6,1
2579,1,0,1,1,0,22,12,1
2579,2,1,2,1,0,23,13,1
2579,3,2,3,1,0,24,14,1
2579,4,3,4,1,1,25,15,1
2579,5,4,5,1,0,26,16,1
2579,6,5,5.982,0.982,0,27,17,1
2580,1,0,1,1,0,40,2,1
2580,2,1,2,1,0,41,3,1
2580,3,2,3,1,0,42,4,1
2580,4,3,4,1,0,43,5,1
2580,5,4,5,1,0,44,6,1
2580,6,5,6,1,0,45,7,1
2580,7,6,7,1,0,46,8,1
2580,8,7,8,1,0,47,9,1
2580,9,8,8.117,0.117,0,48,10,1
2581,1,0,1,1,0,54,9,1
2581,2,1,2,1,0,55,10,1
2581,3,2,3,1,0,56,11,1
2581,4,3,3.286,0.286,0,57,12,1
2582,1,0,1,1,0,39,1,1
2582,2,1,2,1,0,40,2,1
2582,3,2,3,1,0,41,3,1
2582,4,3,4,1,0,42,4,1
2582,5,4,5,1,0,43,5,1
2582,6,5,5.712,0.712,0,44,6,1
2583,1,0,1,1,0,18,5,1
2583,2,1,2,1,0,19,6,1
2583,3,2,3,1,0,20,7,1
2583,4,3,4,1,0,21,8,1
2583,5,4,5,1,0,22,9,1
2583,6,5,6,1,0,23,10,1
2583,7,6,6.751,0.751,0,24,11,1
2584,1,0,1,1,0,20,14,1
2584,2,1,2,1,0,21,15,1
2584,3,2,3,1,0,22,16,1
2584,4,3,4,1,0,23,17,1
2584,5,4,5,1,0,24,18,1
2584,6,5,6,1,0,25,19,1
2584,7,6,7,1,0,26,20,1
2584,8,7,7.03,0.03,0,27,21,1
2585,1,0,1,1,0,39,4,1
2585,2,1,2,1,0,40,5,1
2585,3,2,3,1,0,41,6,1
2585,4,3,4,1,0,42,7,1
2585,5,4,4.99,0.99,0,43,8,1
2586,1,0,1,1,0,42,23,1
2586,2,1,2,1,0,43,24,1
2586,3,2,3,1,0,44,25,1
2586,4,3,4,1,0,45,26,1
2586,5,4,4.808,0.808,0,46,27,1
2587,1,0,1,1,1,37,9,1
2587,2,1,1.435,0.435,0,38,10,1
2588,1,0,1,1,0,54,12,1
2588,2,1,2,1,1,55,13,1
2588,3,2,3,1,1,56,14,1
2588,4,3,3.237,0.237,0,57,15,1
2589,1,0,1,1,0,18,4,1
2589,2,1,1.749,0.749,0,19,5,1
2590,1,0,1,1,0,51,2,1
2590,2,1,2,1,0,52,3,1
2590,3,2,3,1,0,53,4,1
2590,4,3,3.912,0.912,0,54,5,1
2591,1,0,1,1,0,46,6,1
2591,2,1,2,1,0,47,7,1
2591,3,2,2.677,0.677,0,48,8,1
2592,1,0,1,1,0,18,9,1
2592,2,1,2,1,0,19,10,1
2592,3,2,2.281,0.281,0,20,11,1
2593,1,0,1,1,0,55,14,1
2593,2,1,2,1,0,56,15,1
2593,3,2,3,1,0,57,16,1
2593,4,3,3.541,0.541,0,58,17,1
2594,1,0,1,1,0,45,7,1
2594,2,1,1.806,0.806,0,46,8,1
2595,1,0,1,1,0,39,9,1
2595,2,1,2,1,0,40,10,1
2595,3,2,2.601,0.601,0,41,11,1
2596,1,0,1,1,0,35,6,1
2596,2,1,2,1,0,36,7,1
2596,3,2,3,1,0,37,8,1
2596,4,3,4,1,0,38,9,1
2596,5,4,5,1,0,39,10,1
2596,6,5,6,1,0,40,11,1
2596,7,6,7,1,1,41,12,1
2596,8,7,7.215,0.215,0,42,13,1
2597,1,0,1,1,0,64,4,1
2597,2,1,2,1,0,65,5,1
2597,3,2,3,1,0,66,6,1
2597,4,3,4,1,0,67,7,1
2597,5,4,4.163,0.163,0,68,8,1
2598,1,0,1,1,0,59,5,1
2598,2,1,2,1,0,60,6,1
2598,3,2,3,1,0,61,7,1
2598,4,3,4,1,0,62,8,1
2598,5,4,5,1,0,63,9,1
2598,6,5,5.839,0.839,0,64,10,1
2599,1,0,1,1,0,45,1,1
2599,2,1,2,1,0,46,2,1
2599,3,2,3,1,0,47,3,1
2599,4,3,4,1,0,48,4,1
2599,5,4,5,1,0,49,5,1
2599,6,5,6,1,0,50,6,1
2599,7,6,7,1,0,51,7,1
2599,8,7,8,1,0,52,8,1
2599,9,8,8.568,0.568,0,53,9,1
2600,1,0,1,1,1,49,4,1
2600,2,1,1.395,0.395,1,50,5,1
2601,1,0,1,1,0,50,10,1
2601,2,1,2,1,0,51,11,1
2601,3,2,3,1,0,52,12,1
2601,4,3,3.184,0.184,0,53,13,1
2602,1,0,1,1,1,48,0,1
2602,2,1,1.734,0.734,0,49,1,1
2603,1,0,1,1,0,51,4,1
2603,2,1,1.734,0.734,0,52,5,1
2604,1,0,1,1,1,24,3,1
2604,2,1,2,1,0,25,4,1
2604,3,2,3,1,0,26,5,1
2604,4,3,3.532,0.532,0,27,6,1
2605,1,0,1,1,0,46,2,1
2605,2,1,2,1,0,47,3,1
2605,3,2,3,1,0,48,4,1
2605,4,3,4,1,0,49,5,1
2605,5,4,5,1,0,50,6,1
2605,6,5,5.322,0.322,0,51,7,1
2606,1,0,1,1,0,24,10,1
2606,2,1,2,1,0,25,11,1
2606,3,2,3,1,0,26,12,1
2606,4,3,3.038,0.038,0,27,13,1
2607,1,0,1,1,0,25,9,1
2607,2,1,2,1,0,26,10,1
2607,3,2,3,1,0,27,11,1
2607,4,3,4,1,0,28,12,1
2607,5,4,4.554,0.554,0,29,13,1
2608,1,0,1,1,0,41,3,1
2608,2,1,2,1,0,42,4,1
2608,3,2,3,1,0,43,5,1
2608,4,3,3.209,0.209,0,44,6,1
2609,1,0,1,1,1,43,8,1
2609,2,1,2,1,1,44,9,1
2609,3,2,3,1,0,45,10,1
2609,4,3,4,1,1,46,11,1
2609,5,4,4.29,0.29,1,47,12,1
2610,1,0,1,1,0,33,8,1
2610,2,1,2,1,0,34,9,1
2610,3,2,3,1,0,35,10,1
2610,4,3,4,1,0,36,11,1
2610,5,4,5,1,0,37,12,1
2610,6,5,5.732,0.732,0,38,13,1
2611,1,0,0.188,0.188,0,42,12,1
2612,1,0,1,1,0,18,0,1
2612,2,1,2,1,0,19,1,1
2612,3,2,3,1,0,20,2,1
2612,4,3,4,1,0,21,3,1
2612,5,4,5,1,0,22,4,1
2612,6,5,6,1,0,23,5,1
2612,7,6,7,1,0,24,6,1
2612,8,7,7.915,0.915,0,25,7,1
2613,1,0,1,1,0,56,0,1
2613,2,1,1.653,0.653,0,57,1,1
2614,1,0,1,1,0,29,11,1
2614,2,1,2,1,0,30,12,1
2614,3,2,3,1,0,31,13,1
2614,4,3,4,1,0,32,14,1
2614,5,4,5,1,0,33,15,1
2614,6,5,5.891,0.891,0,34,16,1
2615,1,0,1,1,0,33,7,1
2615,2,1,2,1,3,34,8,1
2615,3,2,3,1,1,35,9,1
2615,4,3,4,1,0,36,10,1
2615,5,4,5,1,4,37,11,1
2615,6,5,6,1,0,38,12,1
2615,7,6,7,1,1,39,13,1
2615,8,7,8,1,2,40,14,1
2615,9,8,8.007,0.007,0,41,15,1
2616,1,0,1,1,0,66,12,1
2616,2,1,2,1,0,67,13,1
2616,3,2,3,1,0,68,14,1
2616,4,3,4,1,0,69,15,1
2616,5,4,5,1,0,70,16,1
2616,6,5,5.178,0.178,0,71,17,1
2617,1,0,1,1,0,62,11,1
2617,2,1,2,1,0,63,12,1
2617,3,2,3,1,0,64,13,1
2617,4,3,4,1,0,65,14,1
2617,5,4,5,1,0,66,15,1
2617,6,5,6,1,0,67,16,1
2617,7,6,6.381,0.381,0,68,17,1
2618,1,0,1,1,0,31,12,1
2618,2,1,1.364,0.364,0,32,13,1
2619,1,0,1,1,0,62,3,1
2619,2,1,2,1,0,63,4,1
2619,3,2,3,1,0,64,5,1
2619,4,3,4,1,0,65,6,1
2619,5,4,5,1,1,66,7,1
2619,6,5,6,1,0,67,8,1
2619,7,6,7,1,0,68,9,1
2619,8,7,8,1,0,69,10,1
2619,9,8,8.241,0.241,0,70,11,1
2620,1,0,1,1,0,37,12,1
2620,2,1,2,1,0,38,13,1
2620,3,2,3,1,0,39,14,1
2620,4,3,3.227,0.227,0,40,15,1
2621,1,0,0.7,0.7,0,46,8,1
2622,1,0,1,1,0,41,3,1
2622,2,1,1.62,0.62,0,42,4,1
2623,1,0,1,1,0,42,2,1
2623,2,1,2,1,0,43,3,1
2623,3,2,3,1,0,44,4,1
2623,4,3,4,1,0,45,5,1
2623,5,4,5,1,0,46,6,1
2623,6,5,6,1,0,47,7,1
2623,7,6,7,1,0,48,8,1
2623,8,7,8,1,0,49,9,1
2623,9,8,8.299,0.299,0,50,10,1
2624,1,0,1,1,0,55,10,1
2624,2,1,1.454,0.454,0,56,11,1
2625,1,0,0.756,0.756,0,54,10,1
2626,1,0,1,1,0,87,10,1
2626,2,1,2,1,0,88,11,1
2626,3,2,3,1,0,89,12,1
2626,4,3,4,1,0,90,13,1
2626,5,4,5,1,0,91,14,1
2626,6,5,6,1,0,92,15,1
2626,7,6,7,1,0,93,16,1
2626,8,7,8,1,0,94,17,1
2626,9,8,8.624,0.624,0,95,18,1
2627,1,0,1,1,0,71,10,1
2627,2,1,2,1,0,72,11,1
2627,3,2,3,1,0,73,12,1
2627,4,3,4,1,0,74,13,1
2627,5,4,5,1,0,75,14,1
2627,6,5,6,1,0,76,15,1
2627,7,6,6.709,0.709,0,77,16,1
2628,1,0,1,1,1,29,15,1
2628,2,1,2,1,0,30,16,1
2628,3,2,3,1,0,31,17,1
2628,4,3,4,1,0,32,18,1
2628,5,4,5,1,0,33,19,1
2628,6,5,6,1,0,34,20,1
2628,7,6,7,1,1,35,21,1
2628,8,7,7.615,0.615,0,36,22,1
2629,1,0,1,1,0,36,15,1
2629,2,1,2,1,0,37,16,1
2629,3,2,3,1,1,38,17,1
2629,4,3,3.636,0.636,0,39,18,1
2630,1,0,1,1,0,62,0,1
2630,2,1,2,1,0,63,1,1
2630,3,2,3,1,0,64,2,1
2630,4,3,4,1,1,65,3,1
2630,5,4,5,1,0,66,4,1
2630,6,5,6,1,0,67,5,1
2630,7,6,7,1,0,68,6,1
2630,8,7,8,1,0,69,7,1
2630,9,8,9,1,0,70,8,1
2630,10,9,9.324,0.324,0,71,9,1
2631,1,0,1,1,1,67,14,1
2631,2,1,2,1,3,68,15,1
2631,3,2,3,1,1,69,16,1
2631,4,3,4,1,1,70,17,1
2631,5,4,4.784,0.784,0,71,18,1
2632,1,0,1,1,0,45,4,1
2632,2,1,2,1,0,46,5,1
2632,3,2,3,1,0,47,6,1
2632,4,3,3.151,0.151,0,48,7,1
2633,1,0,1,1,0,48,10,1
2633,2,1,2,1,0,49,11,1
2633,3,2,3,1,0,50,12,1
2633,4,3,4,1,0,51,13,1
2633,5,4,5,1,0,52,14,1
2633,6,5,6,1,0,53,15,1
2633,7,6,6.458,0.458,0,54,16,1
2634,1,0,1,1,0,56,10,1
2634,2,1,2,1,0,57,11,1
2634,3,2,3,1,0,58,12,1
2634,4,3,4,1,0,59,13,1
2634,5,4,5,1,0,60,14,1
2634,6,5,5.114,0.114,0,61,15,1
2635,1,0,1,1,0,30,5,1
2635,2,1,2,1,1,31,6,1
2635,3,2,2.251,0.251,0,32,7,1
2636,1,0,1,1,0,56,3,1
2636,2,1,2,1,0,57,4,1
2636,3,2,3,1,0,58,5,1
2636,4,3,4,1,0,59,6,1
2636,5,4,5,1,0,60,7,1
2636,6,5,6,1,0,61,8,1
2636,7,6,6.774,0.774,0,62,9,1
2637,1,0,1,1,0,42,7,1
2637,2,1,2,1,0,43,8,1
2637,3,2,3,1,0,44,9,1
2637,4,3,4,1,0,45,10,1
2637,5,4,4.113,0.113,0,46,11,1
2638,1,0,1,1,1,51,15,1
2638,2,1,2,1,0,52,16,1
2638,3,2,3,1,0,53,17,1
2638,4,3,4,1,0,54,18,1
2638,5,4,4.968,0.968,0,55,19,1
2639,1,0,1,1,0,34,6,1
2639,2,1,2,1,0,35,7,1
2639,3,2,3,1,0,36,8,1
2639,4,3,4,1,0,37,9,1
2639,5,4,5,1,0,38,10,1
2639,6,5,6,1,0,39,11,1
2639,7,6,6.939,0.939,0,40,12,1
2640,1,0,1,1,0,54,5,1
2640,2,1,2,1,0,55,6,1
2640,3,2,3,1,1,56,7,1
2640,4,3,4,1,1,57,8,1
2640,5,4,5,1,0,58,9,1
2640,6,5,6,1,0,59,10,1
2640,7,6,6.72,0.72,0,60,11,1
2641,1,0,1,1,0,45,7,1
2641,2,1,2,1,0,46,8,1
2641,3,2,2.839,0.839,0,47,9,1
2642,1,0,1,1,0,47,0,1
2642,2,1,2,1,0,48,1,1
2642,3,2,3,1,0,49,2,1
2642,4,3,4,1,0,50,3,1
2642,5,4,5,1,0,51,4,1
2642,6,5,6,1,0,52,5,1
2642,7,6,7,1,0,53,6,1
2642,8,7,8,1,0,54,7,1
2642,9,8,8.306,0.306,0,55,8,1
2643,1,0,1,1,0,54,0,1
2643,2,1,2,1,0,55,1,1
2643,3,2,3,1,0,56,2,1
2643,4,3,4,1,0,57,3,1
2643,5,4,5,1,0,58,4,1
2643,6,5,6,1,1,59,5,1
2643,7,6,6.295,0.295,0,60,6,1
2644,1,0,1,1,0,47,7,1
2644,2,1,1.199,0.199,0,48,8,1
2645,1,0,1,1,0,59,6,1
2645,2,1,1.386,0.386,0,60,7,1
2646,1,0,1,1,0,44,15,1
2646,2,1,2,1,1,45,16,1
2646,3,2,3,1,0,46,17,1
2646,4,3,4,1,0,47,18,1
2646,5,4,5,1,0,48,19,1
2646,6,5,6,1,0,49,20,1
2646,7,6,6.303,0.303,0,50,21,1
2647,1,0,1,1,0,47,11,1
2647,2,1,1.765,0.765,0,48,12,1
2648,1,0,1,1,0,39,12,1
2648,2,1,2,1,0,40,13,1
2648,3,2,3,1,0,41,14,1
2648,4,3,3.484,0.484,0,42,15,1
2649,1,0,1,1,0,51,8,1
2649,2,1,2,1,2,52,9,1
2649,3,2,3,1,0,53,10,1
2649,4,3,3.84,0.84,1,54,11,1
2650,1,0,1,1,0,24,3,1
2650,2,1,1.322,0.322,0,25,4,1
2651,1,0,1,1,0,46,5,1
2651,2,1,2,1,0,47,6,1
2651,3,2,3,1,0,48,7,1
2651,4,3,3.781,0.781,0,49,8,1
2652,1,0,1,1,0,60,3,1
2652,2,1,1.126,0.126,0,61,4,1
2653,1,0,1,1,0,31,5,1
2653,2,1,2,1,0,32,6,1
2653,3,2,3,1,0,33,7,1
2653,4,3,4,1,0,34,8,1
2653,5,4,4.366,0.366,0,35,9,1
2654,1,0,1,1,0,23,9,1
2654,2,1,2,1,1,24,10,1
2654,3,2,3,1,0,25,11,1
2654,4,3,4,1,0,26,12,1
2654,5,4,5,1,0,27,13,1
2654,6,5,5.433,0.433,0,28,14,1
2655,1,0,1,1,0,44,6,1
2655,2,1,2,1,1,45,7,1
2655,3,2,3,1,1,46,8,1
2655,4,3,3.087,0.087,0,47,9,1
2656,1,0,1,1,0,76,4,1
2656,2,1,2,1,0,77,5,1
2656,3,2,3,1,1,78,6,1
2656,4,3,4,1,0,79,7,1
2656,5,4,5,1,0,80,8,1
2656,6,5,5.022,0.022,0,81,9,1
2657,1,0,1,1,0,76,0,1
2657,2,1,2,1,0,77,1,1
2657,3,2,2.213,0.213,0,78,2,1
2658,1,0,1,1,2,22,6,1
2658,2,1,1.013,0.013,0,23,7,1
2659,1,0,1,1,0,41,0,1
2659,2,1,1.192,0.192,0,42,1,1
2660,1,0,1,1,0,32,9,1
2660,2,1,1.271,0.271,0,33,10,1
2661,1,0,1,1,1,56,6,1
2661,2,1,2,1,2,57,7,1
2661,3,2,3,1,1,58,8,1
2661,4,3,4,1,0,59,9,1
2661,5,4,4.477,0.477,1,60,10,1
2662,1,0,1,1,0,56,10,1
2662,2,1,2,1,0,57,11,1
2662,3,2,3,1,0,58,12,1
2662,4,3,4,1,0,59,13,1
2662,5,4,4.362,0.362,0,60,14,1
2663,1,0,1,1,1,36,9,1
2663,2,1,2,1,0,37,10,1
2663,3,2,2.768,0.768,3,38,11,1
2664,1,0,1,1,0,35,10,1
2664,2,1,2,1,0,36,11,1
2664,3,2,3,1,0,37,12,1
2664,4,3,3.642,0.642,0,38,13,1
2665,1,0,1,1,0,28,12,1
2665,2,1,2,1,0,29,13,1
2665,3,2,3,1,0,30,14,1
2665,4,3,3.012,0.012,0,31,15,1
2666,1,0,1,1,0,43,7,1
2666,2,1,2,1,0,44,8,1
2666,3,2,2.703,0.703,0,45,9,1
2667,1,0,1,1,0,24,9,1
2667,2,1,1.347,0.347,0,25,10,1
2668,1,0,1,1,0,59,1,1
2668,2,1,2,1,0,60,2,1
2668,3,2,3,1,0,61,3,1
2668,4,3,4,1,1,62,4,1
2668,5,4,5,1,0,63,5,1
2668,6,5,5.145,0.145,0,64,6,1
2669,1,0,1,1,0,57,10,1
2669,2,1,2,1,0,58,11,1
2669,3,2,3,1,0,59,12,1
2669,4,3,4,1,2,60,13,1
2669,5,4,5,1,0,61,14,1
2669,6,5,6,1,0,62,15,1
2669,7,6,7,1,0,63,16,1
2669,8,7,8,1,0,64,17,1
2669,9,8,8.023,0.023,0,65,18,1
2670,1,0,1,1,0,33,5,1
2670,2,1,1.948,0.948,0,34,6,1
2671,1,0,1,1,0,18,12,1
2671,2,1,2,1,0,19,13,1
2671,3,2,3,1,0,20,14,1
2671,4,3,4,1,2,21,15,1
2671,5,4,5,1,0,22,16,1
2671,6,5,5.652,0.652,0,23,17,1
2672,1,0,1,1,0,58,14,1
2672,2,1,2,1,0,59,15,1
2672,3,2,3,1,1,60,16,1
2672,4,3,3.531,0.531,0,61,17,1
2673,1,0,1,1,0,32,2,1
2673,2,1,2,1,0,33,3,1
2673,3,2,2.491,0.491,0,34,4,1
2674,1,0,1,1,0,45,13,1
2674,2,1,2,1,1,46,14,1
2674,3,2,3,1,0,47,15,1
2674,4,3,4,1,0,48,16,1
2674,5,4,5,1,0,49,17,1
2674,6,5,5.792,0.792,0,50,18,1
2675,1,0,1,1,0,35,4,1
2675,2,1,2,1,0,36,5,1
2675,3,2,2.35,0.35,0,37,6,1
2676,1,0,1,1,0,63,11,1
2676,2,1,2,1,0,64,12,1
2676,3,2,2.768,0.768,0,65,13,1
2677,1,0,1,1,0,42,11,1
2677,2,1,1.749,0.749,0,43,12,1
2678,1,0,1,1,0,64,10,1
2678,2,1,2,1,0,65,11,1
2678,3,2,3,1,0,66,12,1
2678,4,3,4,1,0,67,13,1
2678,5,4,5,1,0,68,14,1
2678,6,5,6,1,0,69,15,1
2678,7,6,7,1,0,70,16,1
2678,8,7,7.681,0.681,0,71,17,1
2679,1,0,1,1,0,67,0,1
2679,2,1,2,1,0,68,1,1
2679,3,2,2.825,0.825,1,69,2,1
2680,1,0,1,1,0,18,1,1
2680,2,1,2,1,2,19,2,1
2680,3,2,3,1,0,20,3,1
2680,4,3,4,1,0,21,4,1
2680,5,4,4.108,0.108,0,22,5,1
2681,1,0,1,1,0,71,11,1
2681,2,1,1.25,0.25,0,72,12,1
2682,1,0,1,1,0,21,2,1
2682,2,1,2,1,0,22,3,1
2682,3,2,2.589,0.589,0,23,4,1
2683,1,0,1,1,0,78,6,1
2683,2,1,2,1,0,79,7,1
2683,3,2,3,1,0,80,8,1
2683,4,3,4,1,0,81,9,1
2683,5,4,4.577,0.577,0,82,10,1
2684,1,0,1,1,0,47,8,1
2684,2,1,2,1,0,48,9,1
2684,3,2,2.566,0.566,0,49,10,1
2685,1,0,1,1,0,63,6,1
2685,2,1,2,1,0,64,7,1
2685,3,2,2.524,0.524,0,65,8,1
2686,1,0,1,1,0,52,9,1
2686,2,1,2,1,0,53,10,1
2686,3,2,3,1,1,54,11,1
2686,4,3,4,1,0,55,12,1
2686,5,4,5,1,0,56,13,1
2686,6,5,6,1,0,57,14,1
2686,7,6,7,1,0,58,15,1
2686,8,7,7.626,0.626,0,59,16,1
2687,1,0,1,1,0,50,8,1
2687,2,1,2,1,1,51,9,1
2687,3,2,3,1,0,52,10,1
2687,4,3,4,1,0,53,11,1
2687,5,4,4.103,0.103,0,54,12,1
2688,1,0,1,1,0,52,15,1
2688,2,1,2,1,0,53,16,1
2688,3,2,3,1,0,54,17,1
2688,4,3,4,1,0,55,18,1
2688,5,4,5,1,0,56,19,1
2688,6,5,6,1,1,57,20,1
2688,7,6,7,1,0,58,21,1
2688,8,7,7.681,0.681,0,59,22,1
2689,1,0,1,1,0,42,3,1
2689,2,1,2,1,0,43,4,1
2689,3,2,3,1,0,44,5,1
2689,4,3,3.256,0.256,0,45,6,1
2690,1,0,1,1,1,39,2,1
2690,2,1,1.93,0.93,0,40,3,1
2691,1,0,1,1,0,44,14,1
2691,2,1,1.953,0.953,0,45,15,1
2692,1,0,1,1,0,27,2,1
2692,2,1,2,1,0,28,3,1
2692,3,2,3,1,0,29,4,1
2692,4,3,4,1,0,30,5,1
2692,5,4,5,1,0,31,6,1
2692,6,5,6,1,0,32,7,1
2692,7,6,7,1,0,33,8,1
2692,8,7,8,1,0,34,9,1
2692,9,8,8.319,0.319,0,35,10,1
2693,1,0,1,1,0,47,0,1
2693,2,1,2,1,0,48,1,1
2693,3,2,3,1,0,49,2,1
2693,4,3,4,1,0,50,3,1
2693,5,4,5,1,0,51,4,1
2693,6,5,6,1,0,52,5,1
2693,7,6,7,1,0,53,6,1
2693,8,7,7.648,0.648,0,54,7,1
2694,1,0,1,1,2,33,5,1
2694,2,1,2,1,0,34,6,1
2694,3,2,3,1,2,35,7,1
2694,4,3,4,1,1,36,8,1
2694,5,4,4.056,0.056,0,37,9,1
2695,1,0,1,1,0,37,11,1
2695,2,1,2,1,0,38,12,1
2695,3,2,2.497,0.497,0,39,13,1
2696,1,0,1,1,0,34,2,1
2696,2,1,1.605,0.605,0,35,3,1
2697,1,0,1,1,0,18,12,1
2697,2,1,1.872,0.872,1,19,13,1
2698,1,0,1,1,0,55,20,1
2698,2,1,2,1,0,56,21,1
2698,3,2,3,1,0,57,22,1
2698,4,3,4,1,0,58,23,1
2698,5,4,5,1,0,59,24,1
2698,6,5,6,1,0,60,25,1
2698,7,6,7,1,0,61,26,1
2698,8,7,7.678,0.678,0,62,27,1
2699,1,0,1,1,0,39,19,1
2699,2,1,2,1,0,40,20,1
2699,3,2,3,1,0,41,21,1
2699,4,3,4,1,0,42,22,1
2699,5,4,5,1,0,43,23,1
2699,6,5,5.072,0.072,0,44,24,1
2700,1,0,1,1,0,21,3,1
2700,2,1,2,1,0,22,4,1
2700,3,2,2.238,0.238,0,23,5,1
2701,1,0,1,1,1,47,4,1
2701,2,1,2,1,0,48,5,1
2701,3,2,3,1,1,49,6,1
2701,4,3,3.716,0.716,0,50,7,1
2702,1,0,1,1,0,20,10,1
2702,2,1,1.692,0.692,0,21,11,1
2703,1,0,1,1,0,23,11,1
2703,2,1,1.254,0.254,0,24,12,1
2704,1,0,1,1,0,39,5,1
2704,2,1,2,1,0,40,6,1
2704,3,2,3,1,0,41,7,1
2704,4,3,4,1,0,42,8,1
2704,5,4,5,1,0,43,9,1
2704,6,5,6,1,0,44,10,1
2704,7,6,6.988,0.988,0,45,11,1
2705,1,0,1,1,0,21,0,1
2705,2,1,2,1,0,22,1,1
2705,3,2,3,1,0,23,2,1
2705,4,3,4,1,0,24,3,1
2705,5,4,5,1,0,25,4,1
2705,6,5,5.176,0.176,0,26,5,1
2706,1,0,1,1,0,38,5,1
2706,2,1,1.27,0.27,0,39,6,1
2707,1,0,1,1,0,33,10,1
2707,2,1,2,1,0,34,11,1
2707,3,2,3,1,0,35,12,1
2707,4,3,4,1,1,36,13,1
2707,5,4,5,1,1,37,14,1
2707,6,5,6,1,0,38,15,1
2707,7,6,7,1,1,39,16,1
2707,8,7,8,1,1,40,17,1
2707,9,8,9,1,0,41,18,1
2707,10,9,9.031,0.031,0,42,19,1
2708,1,0,1,1,1,52,15,1
2708,2,1,2,1,0,53,16,1
2708,3,2,2.625,0.625,0,54,17,1
2709,1,0,1,1,0,66,6,1
2709,2,1,1.257,0.257,0,67,7,1
2710,1,0,1,1,0,56,6,1
2710,2,1,2,1,0,57,7,1
2710,3,2,2.78,0.78,0,58,8,1
2711,1,0,1,1,1,18,0,1
2711,2,1,2,1,0,19,1,1
2711,3,2,3,1,2,20,2,1
2711,4,3,4,1,2,21,3,1
2711,5,4,4.558,0.558,0,22,4,1
2712,1,0,1,1,0,39,14,1
2712,2,1,1.358,0.358,1,40,15,1
2713,1,0,1,1,0,40,13,1
2713,2,1,2,1,0,41,14,1
2713,3,2,3,1,0,42,15,1
2713,4,3,4,1,0,43,16,1
2713,5,4,5,1,0,44,17,1
2713,6,5,6,1,0,45,18,1
2713,7,6,7,1,0,46,19,1
2713,8,7,7.58,0.58,0,47,20,1
2714,1,0,1,1,1,71,10,1
2714,2,1,2,1,0,72,11,1
2714,3,2,2.591,0.591,0,73,12,1
2715,1,0,1,1,0,57,0,1
2715,2,1,2,1,0,58,1,1
2715,3,2,3,1,0,59,2,1
2715,4,3,3.409,0.409,0,60,3,1
2716,1,0,1,1,0,49,4,1
2716,2,1,2,1,0,50,5,1
2716,3,2,3,1,0,51,6,1
2716,4,3,4,1,0,52,7,1
2716,5,4,5,1,0,53,8,1
2716,6,5,5.601,0.601,0,54,9,1
2717,1,0,1,1,0,26,5,1
2717,2,1,2,1,0,27,6,1
2717,3,2,3,1,1,28,7,1
2717,4,3,3.638,0.638,0,29,8,1
2718,1,0,1,1,0,57,14,1
2718,2,1,1.236,0.236,0,58,15,1
2719,1,0,1,1,0,39,9,1
2719,2,1,2,1,0,40,10,1
2719,3,2,3,1,1,41,11,1
2719,4,3,4,1,0,42,12,1
2719,5,4,5,1,0,43,13,1
2719,6,5,5.699,0.699,0,44,14,1
2720,1,0,1,1,0,37,10,1
2720,2,1,1.384,0.384,0,38,11,1
2721,1,0,1,1,0,42,13,1
2721,2,1,2,1,0,43,14,1
2721,3,2,3,1,0,44,15,1
2721,4,3,4,1,0,45,16,1
2721,5,4,5,1,0,46,17,1
2721,6,5,6,1,0,47,18,1
2721,7,6,6.741,0.741,0,48,19,1
2722,1,0,1,1,0,27,0,1
2722,2,1,2,1,0,28,1,1
2722,3,2,2.212,0.212,0,29,2,1
2723,1,0,1,1,0,38,1,1
2723,2,1,2,1,0,39,2,1
2723,3,2,3,1,0,40,3,1
2723,4,3,4,1,0,41,4,1
2723,5,4,5,1,0,42,5,1
2723,6,5,6,1,0,43,6,1
2723,7,6,6.682,0.682,0,44,7,1
2724,1,0,1,1,0,43,7,1
2724,2,1,2,1,0,44,8,1
2724,3,2,3,1,0,45,9,1
2724,4,3,4,1,0,46,10,1
2724,5,4,5,1,0,47,11,1
2724,6,5,6,1,0,48,12,1
2724,7,6,7,1,0,49,13,1
2724,8,7,7.581,0.581,0,50,14,1
2725,1,0,1,1,0,60,4,1
2725,2,1,2,1,0,61,5,1
2725,3,2,2.093,0.093,0,62,6,1
2726,1,0,1,1,0,67,8,1
2726,2,1,2,1,0,68,9,1
2726,3,2,2.617,0.617,0,69,10,1
2727,1,0,1,1,0,76,12,1
2727,2,1,2,1,0,77,13,1
2727,3,2,2.269,0.269,0,78,14,1
2728,1,0,1,1,0,31,8,1
2728,2,1,2,1,1,32,9,1
2728,3,2,3,1,0,33,10,1
2728,4,3,4,1,0,34,11,1
2728,5,4,4.535,0.535,1,35,12,1
2729,1,0,1,1,0,18,0,1
2729,2,1,1.3,0.3,0,19,1,1
2730,1,0,0.982,0.982,0,71,8,1
2731,1,0,1,1,0,63,5,1
2731,2,1,1.822,0.822,0,64,6,1
2732,1,0,1,1,0,58,9,1
2732,2,1,2,1,0,59,10,1
2732,3,2,2.083,0.083,0,60,11,1
2733,1,0,1,1,0,65,8,1
2733,2,1,2,1,0,66,9,1
2733,3,2,2.466,0.466,1,67,10,1
2734,1,0,1,1,0,58,13,1
2734,2,1,2,1,2,59,14,1
2734,3,2,3,1,0,60,15,1
2734,4,3,4,1,0,61,16,1
2734,5,4,5,1,0,62,17,1
2734,6,5,6,1,0,63,18,1
2734,7,6,6.687,0.687,1,64,19,1
2735,1,0,1,1,0,50,15,1
2735,2,1,2,1,0,51,16,1
2735,3,2,3,1,0,52,17,1
2735,4,3,4,1,0,53,18,1
2735,5,4,4.7,0.7,0,54,19,1
2736,1,0,1,1,0,46,10,1
2736,2,1,2,1,0,47,11,1
2736,3,2,3,1,0,48,12,1
2736,4,3,4,1,0,49,13,1
2736,5,4,5,1,0,50,14,1
2736,6,5,6,1,0,51,15,1
2736,7,6,6.006,0.006,0,52,16,1
2737,1,0,1,1,0,35,9,1
2737,2,1,2,1,0,36,10,1
2737,3,2,3,1,0,37,11,1
2737,4,3,4,1,0,38,12,1
2737,5,4,5,1,0,39,13,1
2737,6,5,6,1,0,40,14,1
2737,7,6,7,1,0,41,15,1
2737,8,7,8,1,0,42,16,1
2737,9,8,8.049,0.049,0,43,17,1
2738,1,0,1,1,0,45,0,1
2738,2,1,2,1,0,46,1,1
2738,3,2,3,1,0,47,2,1
2738,4,3,4,1,0,48,3,1
2738,5,4,5,1,0,49,4,1
2738,6,5,6,1,0,50,5,1
2738,7,6,7,1,0,51,6,1
2738,8,7,8,1,0,52,7,1
2738,9,8,8.016,0.016,0,53,8,1
2739,1,0,1,1,1,36,3,1
2739,2,1,2,1,0,37,4,1
2739,3,2,3,1,0,38,5,1
2739,4,3,4,1,0,39,6,1
2739,5,4,4.124,0.124,0,40,7,1
2740,1,0,1,1,0,46,7,1
2740,2,1,2,1,0,47,8,1
2740,3,2,3,1,0,48,9,1
2740,4,3,3.134,0.134,0,49,10,1
2741,1,0,1,1,0,18,14,1
2741,2,1,2,1,0,19,15,1
2741,3,2,3,1,0,20,16,1
2741,4,3,3.723,0.723,0,21,17,1
2742,1,0,1,1,0,42,14,1
2742,2,1,2,1,1,43,15,1
2742,3,2,3,1,1,44,16,1
2742,4,3,4,1,0,45,17,1
2742,5,4,4.346,0.346,0,46,18,1
2743,1,0,1,1,0,55,11,1
2743,2,1,1.247,0.247,0,56,12,1
2744,1,0,1,1,0,39,9,1
2744,2,1,2,1,1,40,10,1
2744,3,2,2.929,0.929,1,41,11,1
2745,1,0,1,1,0,32,3,1
2745,2,1,2,1,1,33,4,1
2745,3,2,3,1,0,34,5,1
2745,4,3,4,1,0,35,6,1
2745,5,4,5,1,0,36,7,1
2745,6,5,6,1,0,37,8,1
2745,7,6,6.356,0.356,0,38,9,1
2746,1,0,1,1,0,33,5,1
2746,2,1,2,1,0,34,6,1
2746,3,2,3,1,0,35,7,1
2746,4,3,4,1,0,36,8,1
2746,5,4,5,1,0,37,9,1
2746,6,5,5.406,0.406,0,38,10,1
2747,1,0,1,1,0,32,7,1
2747,2,1,1.331,0.331,0,33,8,1
2748,1,0,1,1,0,28,3,1
2748,2,1,2,1,0,29,4,1
2748,3,2,3,1,0,30,5,1
2748,4,3,4,1,0,31,6,1
2748,5,4,4.637,0.637,0,32,7,1
2749,1,0,1,1,1,67,10,1
2749,2,1,2,1,0,68,11,1
2749,3,2,3,1,0,69,12,1
2749,4,3,3.8,0.8,0,70,13,1
2750,1,0,1,1,0,65,12,1
2750,2,1,2,1,0,66,13,1
2750,3,2,3,1,0,67,14,1
2750,4,3,4,1,0,68,15,1
2750,5,4,5,1,0,69,16,1
2750,6,5,6,1,0,70,17,1
2750,7,6,7,1,0,71,18,1
2750,8,7,8,1,0,72,19,1
2750,9,8,8.204,0.204,0,73,20,1
2751,1,0,0.1,0.1,0,31,6,1
2752,1,0,1,1,0,54,4,1
2752,2,1,2,1,0,55,5,1
2752,3,2,3,1,1,56,6,1
2752,4,3,4,1,0,57,7,1
2752,5,4,5,1,0,58,8,1
2752,6,5,5.641,0.641,0,59,9,1
2753,1,0,1,1,0,61,5,1
2753,2,1,2,1,0,62,6,1
2753,3,2,3,1,1,63,7,1
2753,4,3,4,1,0,64,8,1
2753,5,4,5,1,0,65,9,1
2753,6,5,6,1,0,66,10,1
2753,7,6,6.821,0.821,0,67,11,1
2754,1,0,1,1,0,51,8,1
2754,2,1,2,1,0,52,9,1
2754,3,2,3,1,0,53,10,1
2754,4,3,4,1,0,54,11,1
2754,5,4,4.759,0.759,0,55,12,1
2755,1,0,1,1,0,80,2,1
2755,2,1,2,1,0,81,3,1
2755,3,2,3,1,0,82,4,1
2755,4,3,3.334,0.334,0,83,5,1
2756,1,0,1,1,0,20,5,1
2756,2,1,2,1,0,21,6,1
2756,3,2,3,1,0,22,7,1
2756,4,3,4,1,0,23,8,1
2756,5,4,5,1,0,24,9,1
2756,6,5,5.343,0.343,0,25,10,1
2757,1,0,1,1,0,51,7,1
2757,2,1,1.027,0.027,0,52,8,1
2758,1,0,1,1,0,53,11,1
2758,2,1,2,1,0,54,12,1
2758,3,2,3,1,0,55,13,1
2758,4,3,4,1,0,56,14,1
2758,5,4,4.626,0.626,0,57,15,1
2759,1,0,1,1,0,76,11,1
2759,2,1,2,1,0,77,12,1
2759,3,2,3,1,0,78,13,1
2759,4,3,4,1,0,79,14,1
2759,5,4,5,1,0,80,15,1
2759,6,5,5.48,0.48,0,81,16,1
2760,1,0,1,1,0,48,11,1
2760,2,1,2,1,0,49,12,1
2760,3,2,3,1,1,50,13,1
2760,4,3,4,1,0,51,14,1
2760,5,4,5,1,0,52,15,1
2760,6,5,5.251,0.251,0,53,16,1
2761,1,0,1,1,0,18,6,1
2761,2,1,1.029,0.029,0,19,7,1
2762,1,0,1,1,0,50,12,1
2762,2,1,2,1,1,51,13,1
2762,3,2,3,1,0,52,14,1
2762,4,3,4,1,0,53,15,1
2762,5,4,5,1,1,54,16,1
2762,6,5,6,1,0,55,17,1
2762,7,6,6.354,0.354,0,56,18,1
2763,1,0,1,1,0,78,14,1
2763,2,1,2,1,0,79,15,1
2763,3,2,3,1,0,80,16,1
2763,4,3,4,1,0,81,17,1
2763,5,4,4.67,0.67,0,82,18,1
2764,1,0,0.892,0.892,0,49,13,1
2765,1,0,1,1,1,62,7,1
2765,2,1,2,1,0,63,8,1
2765,3,2,3,1,0,64,9,1
2765,4,3,4,1,0,65,10,1
2765,5,4,5,1,0,66,11,1
2765,6,5,6,1,0,67,12,1
2765,7,6,7,1,1,68,13,1
2765,8,7,8,1,0,69,14,1
2765,9,8,8.58,0.58,0,70,15,1
2766,1,0,1,1,0,65,7,1
2766,2,1,2,1,0,66,8,1
2766,3,2,3,1,0,67,9,1
2766,4,3,4,1,0,68,10,1
2766,5,4,5,1,0,69,11,1
2766,6,5,5.603,0.603,0,70,12,1
2767,1,0,1,1,0,66,7,1
2767,2,1,1.082,0.082,0,67,8,1
2768,1,0,1,1,0,59,8,1
2768,2,1,2,1,0,60,9,1
2768,3,2,3,1,0,61,10,1
2768,4,3,3.454,0.454,0,62,11,1
2769,1,0,1,1,0,66,13,1
2769,2,1,2,1,0,67,14,1
2769,3,2,3,1,0,68,15,1
2769,4,3,4,1,0,69,16,1
2769,5,4,5,1,1,70,17,1
2769,6,5,6,1,1,71,18,1
2769,7,6,7,1,0,72,19,1
2769,8,7,8,1,0,73,20,1
2769,9,8,8.336,0.336,0,74,21,1
2770,1,0,1,1,1,87,4,1
2770,2,1,2,1,3,88,5,1
2770,3,2,3,1,0,89,6,1
2770,4,3,4,1,0,90,7,1
2770,5,4,5,1,0,91,8,1
2770,6,5,5.719,0.719,0,92,9,1
2771,1,0,1,1,0,45,11,1
2771,2,1,2,1,0,46,12,1
2771,3,2,3,1,0,47,13,1
2771,4,3,4,1,0,48,14,1
2771,5,4,5,1,0,49,15,1
2771,6,5,5.156,0.156,0,50,16,1
2772,1,0,1,1,3,22,16,1
2772,2,1,1.554,0.554,2,23,17,1
2773,1,0,1,1,0,38,8,1
2773,2,1,2,1,0,39,9,1
2773,3,2,3,1,0,40,10,1
2773,4,3,3.183,0.183,0,41,11,1
2774,1,0,1,1,1,18,5,1
2774,2,1,2,1,0,19,6,1
2774,3,2,3,1,0,20,7,1
2774,4,3,4,1,0,21,8,1
2774,5,4,5,1,0,22,9,1
2774,6,5,6,1,1,23,10,1
2774,7,6,7,1,3,24,11,1
2774,8,7,8,1,1,25,12,1
2774,9,8,9,1,0,26,13,1
2774,10,9,9.065,0.065,0,27,14,1
2775,1,0,1,1,0,49,7,1
2775,2,1,2,1,0,50,8,1
2775,3,2,2.948,0.948,0,51,9,1
2776,1,0,1,1,0,42,12,1
2776,2,1,2,1,0,43,13,1
2776,3,2,3,1,0,44,14,1
2776,4,3,3.878,0.878,0,45,15,1
2777,1,0,1,1,0,64,6,1
2777,2,1,2,1,1,65,7,1
2777,3,2,3,1,0,66,8,1
2777,4,3,3.806,0.806,0,67,9,1
2778,1,0,1,1,0,70,6,1
2778,2,1,2,1,0,71,7,1
2778,3,2,3,1,0,72,8,1
2778,4,3,4,1,0,73,9,1
2778,5,4,5,1,0,74,10,1
2778,6,5,6,1,0,75,11,1
2778,7,6,7,1,0,76,12,1
2778,8,7,8,1,0,77,13,1
2778,9,8,8.501,0.501,1,78,14,1
2779,1,0,1,1,0,58,12,1
2779,2,1,2,1,0,59,13,1
2779,3,2,3,1,0,60,14,1
2779,4,3,4,1,0,61,15,1
2779,5,4,5,1,0,62,16,1
2779,6,5,6,1,0,63,17,1
2779,7,6,6.061,0.061,0,64,18,1
2780,1,0,1,1,0,29,14,1
2780,2,1,2,1,0,30,15,1
2780,3,2,3,1,0,31,16,1
2780,4,3,4,1,0,32,17,1
2780,5,4,5,1,0,33,18,1
2780,6,5,6,1,1,34,19,1
2780,7,6,6.735,0.735,0,35,20,1
2781,1,0,1,1,0,68,8,1
2781,2,1,2,1,0,69,9,1
2781,3,2,3,1,0,70,10,1
2781,4,3,4,1,0,71,11,1
2781,5,4,5,1,0,72,12,1
2781,6,5,6,1,0,73,13,1
2781,7,6,7,1,0,74,14,1
2781,8,7,7.965,0.965,0,75,15,1
2782,1,0,1,1,0,30,8,1
2782,2,1,2,1,0,31,9,1
2782,3,2,3,1,0,32,10,1
2782,4,3,4,1,0,33,11,1
2782,5,4,4.242,0.242,0,34,12,1
2783,1,0,1,1,0,29,0,1
2783,2,1,2,1,0,30,1,1
2783,3,2,2.303,0.303,0,31,2,1
2784,1,0,1,1,0,37,9,1
2784,2,1,2,1,0,38,10,1
2784,3,2,3,1,0,39,11,1
2784,4,3,4,1,0,40,12,1
2784,5,4,5,1,0,41,13,1
2784,6,5,6,1,0,42,14,1
2784,7,6,7,1,0,43,15,1
2784,8,7,8,1,0,44,16,1
2784,9,8,8.682,0.682,0,45,17,1
2785,1,0,1,1,0,40,0,1
2785,2,1,2,1,1,41,1,1
2785,3,2,3,1,0,42,2,1
2785,4,3,3.14,0.14,0,43,3,1
2786,1,0,1,1,0,67,7,1
2786,2,1,1.241,0.241,0,68,8,1
2787,1,0,1,1,0,53,0,1
2787,2,1,2,1,0,54,1,1
2787,3,2,2.093,0.093,0,55,2,1
2788,1,0,1,1,0,42,4,1
2788,2,1,2,1,0,43,5,1
2788,3,2,3,1,0,44,6,1
2788,4,3,4,1,0,45,7,1
2788,5,4,4.555,0.555,0,46,8,1
2789,1,0,1,1,0,47,5,1
2789,2,1,2,1,1,48,6,1
2789,3,2,3,1,2,49,7,1
2789,4,3,4,1,0,50,8,1
2789,5,4,4.253,0.253,0,51,9,1
2790,1,0,1,1,0,29,15,1
2790,2,1,2,1,0,30,16,1
2790,3,2,2.193,0.193,0,31,17,1
2791,1,0,1,1,0,42,8,1
2791,2,1,2,1,0,43,9,1
2791,3,2,3,1,0,44,10,1
2791,4,3,4,1,0,45,11,1
2791,5,4,4.067,0.067,0,46,12,1
2792,1,0,1,1,0,35,1,1
2792,2,1,2,1,1,36,2,1
2792,3,2,3,1,1,37,3,1
2792,4,3,4,1,0,38,4,1
2792,5,4,5,1,0,39,5,1
2792,6,5,5.439,0.439,0,40,6,1
2793,1,0,1,1,1,63,12,1
2793,2,1,2,1,0,64,13,1
2793,3,2,3,1,0,65,14,1
2793,4,3,4,1,0,66,15,1
2793,5,4,4.349,0.349,0,67,16,1
2794,1,0,1,1,0,29,7,1
2794,2,1,2,1,0,30,8,1
2794,3,2,3,1,0,31,9,1
2794,4,3,3.228,0.228,0,32,10,1
2795,1,0,1,1,0,62,3,1
2795,2,1,2,1,0,63,4,1
2795,3,2,3,1,0,64,5,1
2795,4,3,4,1,0,65,6,1
2795,5,4,5,1,0,66,7,1
2795,6,5,6,1,0,67,8,1
2795,7,6,6.083,0.083,0,68,9,1
2796,1,0,1,1,0,65,4,1
2796,2,1,2,1,0,66,5,1
2796,3,2,3,1,0,67,6,1
2796,4,3,4,1,0,68,7,1
2796,5,4,5,1,0,69,8,1
2796,6,5,6,1,0,70,9,1
2796,7,6,7,1,0,71,10,1
2796,8,7,8,1,0,72,11,1
2796,9,8,8.43,0.43,0,73,12,1
2797,1,0,1,1,0,61,10,1
2797,2,1,2,1,0,62,11,1
2797,3,2,3,1,0,63,12,1
2797,4,3,3.516,0.516,0,64,13,1
2798,1,0,1,1,0,63,5,1
2798,2,1,2,1,0,64,6,1
2798,3,2,3,1,0,65,7,1
2798,4,3,4,1,0,66,8,1
2798,5,4,5,1,0,67,9,1
2798,6,5,6,1,0,68,10,1
2798,7,6,6.596,0.596,0,69,11,1
2799,1,0,1,1,0,63,0,1
2799,2,1,1.845,0.845,0,64,1,1
2800,1,0,1,1,0,67,2,1
2800,2,1,1.334,0.334,0,68,3,1
2801,1,0,1,1,0,51,9,1
2801,2,1,2,1,0,52,10,1
2801,3,2,2.757,0.757,0,53,11,1
2802,1,0,1,1,0,35,13,1
2802,2,1,2,1,0,36,14,1
2802,3,2,3,1,0,37,15,1
2802,4,3,3.177,0.177,0,38,16,1
2803,1,0,1,1,0,37,9,1
2803,2,1,2,1,0,38,10,1
2803,3,2,3,1,0,39,11,1
2803,4,3,4,1,0,40,12,1
2803,5,4,4.492,0.492,1,41,13,1
2804,1,0,1,1,0,41,16,1
2804,2,1,2,1,0,42,17,1
2804,3,2,3,1,0,43,18,1
2804,4,3,4,1,0,44,19,1
2804,5,4,5,1,0,45,20,1
2804,6,5,5.621,0.621,0,46,21,1
2805,1,0,1,1,0,44,0,1
2805,2,1,2,1,0,45,1,1
2805,3,2,3,1,0,46,2,1
2805,4,3,4,1,0,47,3,1
2805,5,4,5,1,0,48,4,1
2805,6,5,6,1,0,49,5,1
2805,7,6,7,1,0,50,6,1
2805,8,7,7.428,0.428,0,51,7,1
2806,1,0,1,1,0,42,5,1
2806,2,1,2,1,0,43,6,1
2806,3,2,3,1,0,44,7,1
2806,4,3,3.261,0.261,0,45,8,1
2807,1,0,1,1,0,43,8,1
2807,2,1,2,1,0,44,9,1
2807,3,2,3,1,0,45,10,1
2807,4,3,4,1,0,46,11,1
2807,5,4,5,1,0,47,12,1
2807,6,5,6,1,0,48,13,1
2807,7,6,7,1,0,49,14,1
2807,8,7,7.393,0.393,0,50,15,1
2808,1,0,1,1,0,50,2,1
2808,2,1,2,1,0,51,3,1
2808,3,2,3,1,0,52,4,1
2808,4,3,4,1,0,53,5,1
2808,5,4,5,1,0,54,6,1
2808,6,5,6,1,0,55,7,1
2808,7,6,7,1,0,56,8,1
2808,8,7,7.678,0.678,0,57,9,1
2809,1,0,1,1,0,60,13,1
2809,2,1,2,1,0,61,14,1
2809,3,2,3,1,0,62,15,1
2809,4,3,3.299,0.299,0,63,16,1
2810,1,0,1,1,0,60,10,1
2810,2,1,2,1,0,61,11,1
2810,3,2,2.504,0.504,0,62,12,1
2811,1,0,1,1,0,46,3,1
2811,2,1,2,1,1,47,4,1
2811,3,2,3,1,0,48,5,1
2811,4,3,4,1,0,49,6,1
2811,5,4,5,1,0,50,7,1
2811,6,5,5.749,0.749,0,51,8,1
2812,1,0,1,1,0,50,3,1
2812,2,1,1.211,0.211,0,51,4,1
2813,1,0,1,1,0,42,0,1
2813,2,1,2,1,0,43,1,1
2813,3,2,3,1,0,44,2,1
2813,4,3,4,1,0,45,3,1
2813,5,4,5,1,0,46,4,1
2813,6,5,6,1,0,47,5,1
2813,7,6,6.754,0.754,0,48,6,1
2814,1,0,1,1,0,40,11,1
2814,2,1,2,1,0,41,12,1
2814,3,2,3,1,0,42,13,1
2814,4,3,3.55,0.55,1,43,14,1
2815,1,0,1,1,0,59,17,1
2815,2,1,2,1,0,60,18,1
2815,3,2,3,1,0,61,19,1
2815,4,3,4,1,0,62,20,1
2815,5,4,5,1,0,63,21,1
2815,6,5,6,1,0,64,22,1
2815,7,6,7,1,0,65,23,1
2815,8,7,7.15,0.15,0,66,24,1
2816,1,0,1,1,0,60,4,1
2816,2,1,2,1,0,61,5,1
2816,3,2,3,1,0,62,6,1
2816,4,3,3.944,0.944,0,63,7,1
2817,1,0,1,1,0,58,4,1
2817,2,1,2,1,0,59,5,1
2817,3,2,3,1,0,60,6,1
2817,4,3,4,1,0,61,7,1
2817,5,4,5,1,0,62,8,1
2817,6,5,6,1,0,63,9,1
2817,7,6,7,1,0,64,10,1
2817,8,7,7.715,0.715,0,65,11,1
2818,1,0,1,1,0,37,9,1
2818,2,1,2,1,0,38,10,1
2818,3,2,3,1,0,39,11,1
2818,4,3,4,1,0,40,12,1
2818,5,4,5,1,0,41,13,1
2818,6,5,6,1,0,42,14,1
2818,7,6,7,1,0,43,15,1
2818,8,7,7.102,0.102,0,44,16,1
2819,1,0,1,1,0,61,3,1
2819,2,1,2,1,0,62,4,1
2819,3,2,3,1,0,63,5,1
2819,4,3,4,1,0,64,6,1
2819,5,4,4.475,0.475,0,65,7,1
2820,1,0,1,1,0,76,9,1
2820,2,1,2,1,0,77,10,1
2820,3,2,3,1,0,78,11,1
2820,4,3,4,1,0,79,12,1
2820,5,4,5,1,0,80,13,1
2820,6,5,6,1,0,81,14,1
2820,7,6,7,1,0,82,15,1
2820,8,7,7.724,0.724,1,83,16,1
2821,1,0,1,1,0,49,4,1
2821,2,1,2,1,1,50,5,1
2821,3,2,3,1,1,51,6,1
2821,4,3,4,1,0,52,7,1
2821,5,4,5,1,0,53,8,1
2821,6,5,5.985,0.985,0,54,9,1
2822,1,0,1,1,0,56,7,1
2822,2,1,2,1,0,57,8,1
2822,3,2,3,1,0,58,9,1
2822,4,3,3.456,0.456,0,59,10,1
2823,1,0,1,1,0,66,3,1
2823,2,1,2,1,0,67,4,1
2823,3,2,3,1,0,68,5,1
2823,4,3,4,1,0,69,6,1
2823,5,4,5,1,0,70,7,1
2823,6,5,6,1,0,71,8,1
2823,7,6,7,1,0,72,9,1
2823,8,7,8,1,1,73,10,1
2823,9,8,9,1,0,74,11,1
2823,10,9,9.524,0.524,0,75,12,1
2824,1,0,0.775,0.775,0,43,14,1
2825,1,0,1,1,0,42,12,1
2825,2,1,2,1,0,43,13,1
2825,3,2,3,1,0,44,14,1
2825,4,3,4,1,0,45,15,1
2825,5,4,5,1,0,46,16,1
2825,6,5,6,1,0,47,17,1
2825,7,6,7,1,0,48,18,1
2825,8,7,7.131,0.131,0,49,19,1
2826,1,0,1,1,0,50,2,1
2826,2,1,2,1,0,51,3,1
2826,3,2,3,1,0,52,4,1
2826,4,3,4,1,0,53,5,1
2826,5,4,5,1,0,54,6,1
2826,6,5,5.035,0.035,0,55,7,1
2827,1,0,1,1,0,51,0,1
2827,2,1,2,1,0,52,1,1
2827,3,2,2.106,0.106,0,53,2,1
2828,1,0,1,1,0,53,6,1
2828,2,1,2,1,0,54,7,1
2828,3,2,3,1,0,55,8,1
2828,4,3,4,1,0,56,9,1
2828,5,4,5,1,1,57,10,1
2828,6,5,5.63,0.63,0,58,11,1
2829,1,0,1,1,0,42,9,1
2829,2,1,2,1,0,43,10,1
2829,3,2,3,1,0,44,11,1
2829,4,3,4,1,0,45,12,1
2829,5,4,4.586,0.586,0,46,13,1
2830,1,0,1,1,0,43,6,1
2830,2,1,1.728,0.728,0,44,7,1
2831,1,0,0.689,0.689,0,35,18,1
2832,1,0,1,1,1,33,6,1
2832,2,1,2,1,1,34,7,1
2832,3,2,3,1,0,35,8,1
2832,4,3,4,1,1,36,9,1
2832,5,4,5,1,1,37,10,1
2832,6,5,6,1,1,38,11,1
2832,7,6,6.85,0.85,0,39,12,1
2833,1,0,1,1,0,48,6,1
2833,2,1,2,1,1,49,7,1
2833,3,2,3,1,0,50,8,1
2833,4,3,4,1,1,51,9,1
2833,5,4,5,1,1,52,10,1
2833,6,5,6,1,0,53,11,1
2833,7,6,6.599,0.599,0,54,12,1
2834,1,0,1,1,0,48,5,1
2834,2,1,2,1,0,49,6,1
2834,3,2,3,1,1,50,7,1
2834,4,3,4,1,0,51,8,1
2834,5,4,5,1,0,52,9,1
2834,6,5,6,1,0,53,10,1
2834,7,6,7,1,0,54,11,1
2834,8,7,8,1,1,55,12,1
2834,9,8,8.957,0.957,0,56,13,1
2835,1,0,1,1,0,36,5,1
2835,2,1,2,1,0,37,6,1
2835,3,2,3,1,0,38,7,1
2835,4,3,3.587,0.587,0,39,8,1
2836,1,0,1,1,0,18,16,1
2836,2,1,2,1,0,19,17,1
2836,3,2,3,1,1,20,18,1
2836,4,3,3.151,0.151,0,21,19,1
2837,1,0,1,1,0,48,12,1
2837,2,1,2,1,0,49,13,1
2837,3,2,3,1,0,50,14,1
2837,4,3,4,1,1,51,15,1
2837,5,4,5,1,1,52,16,1
2837,6,5,5.15,0.15,0,53,17,1
2838,1,0,1,1,0,31,9,1
2838,2,1,2,1,0,32,10,1
2838,3,2,3,1,0,33,11,1
2838,4,3,4,1,0,34,12,1
2838,5,4,5,1,0,35,13,1
2838,6,5,5.876,0.876,1,36,14,1
2839,1,0,1,1,0,44,9,1
2839,2,1,2,1,0,45,10,1
2839,3,2,3,1,0,46,11,1
2839,4,3,4,1,0,47,12,1
2839,5,4,5,1,0,48,13,1
2839,6,5,6,1,0,49,14,1
2839,7,6,7,1,0,50,15,1
2839,8,7,7.293,0.293,0,51,16,1
2840,1,0,1,1,0,63,4,1
2840,2,1,2,1,0,64,5,1
2840,3,2,2.743,0.743,0,65,6,1
2841,1,0,1,1,0,23,7,1
2841,2,1,2,1,2,24,8,1
2841,3,2,2.731,0.731,1,25,9,1
2842,1,0,1,1,0,48,12,1
2842,2,1,2,1,0,49,13,1
2842,3,2,3,1,0,50,14,1
2842,4,3,3.104,0.104,0,51,15,1
2843,1,0,1,1,0,56,8,1
2843,2,1,2,1,0,57,9,1
2843,3,2,3,1,0,58,10,1
2843,4,3,3.256,0.256,0,59,11,1
2844,1,0,1,1,0,24,7,1
2844,2,1,2,1,0,25,8,1
2844,3,2,2.132,0.132,0,26,9,1
2845,1,0,1,1,0,30,6,1
2845,2,1,2,1,0,31,7,1
2845,3,2,3,1,0,32,8,1
2845,4,3,4,1,0,33,9,1
2845,5,4,5,1,0,34,10,1
2845,6,5,6,1,0,35,11,1
2845,7,6,6.691,0.691,0,36,12,1
2846,1,0,1,1,0,47,6,1
2846,2,1,2,1,0,48,7,1
2846,3,2,3,1,1,49,8,1
2846,4,3,3.115,0.115,0,50,9,1
2847,1,0,1,1,0,18,6,1
2847,2,1,2,1,0,19,7,1
2847,3,2,3,1,0,20,8,1
2847,4,3,4,1,1,21,9,1
2847,5,4,5,1,0,22,10,1
2847,6,5,6,1,0,23,11,1
2847,7,6,7,1,0,24,12,1
2847,8,7,7.259,0.259,0,25,13,1
2848,1,0,1,1,0,57,8,1
2848,2,1,1.354,0.354,0,58,9,1
2849,1,0,1,1,0,51,10,1
2849,2,1,2,1,0,52,11,1
2849,3,2,3,1,0,53,12,1
2849,4,3,4,1,0,54,13,1
2849,5,4,5,1,0,55,14,1
2849,6,5,6,1,0,56,15,1
2849,7,6,6.729,0.729,0,57,16,1
2850,1,0,1,1,0,54,7,1
2850,2,1,2,1,1,55,8,1
2850,3,2,3,1,0,56,9,1
2850,4,3,4,1,0,57,10,1
2850,5,4,5,1,0,58,11,1
2850,6,5,6,1,0,59,12,1
2850,7,6,7,1,1,60,13,1
2850,8,7,7.196,0.196,0,61,14,1
2851,1,0,1,1,1,45,12,1
2851,2,1,2,1,0,46,13,1
2851,3,2,3,1,0,47,14,1
2851,4,3,4,1,0,48,15,1
2851,5,4,5,1,0,49,16,1
2851,6,5,6,1,0,50,17,1
2851,7,6,7,1,0,51,18,1
2851,8,7,8,1,0,52,19,1
2851,9,8,9,1,0,53,20,1
2851,10,9,9.415,0.415,0,54,21,1
2852,1,0,1,1,0,32,7,1
2852,2,1,2,1,0,33,8,1
2852,3,2,3,1,0,34,9,1
2852,4,3,4,1,0,35,10,1
2852,5,4,5,1,1,36,11,1
2852,6,5,6,1,0,37,12,1
2852,7,6,7,1,0,38,13,1
2852,8,7,7.195,0.195,0,39,14,1
2853,1,0,1,1,0,50,8,1
2853,2,1,2,1,0,51,9,1
2853,3,2,3,1,0,52,10,1
2853,4,3,4,1,0,53,11,1
2853,5,4,5,1,0,54,12,1
2853,6,5,6,1,0,55,13,1
2853,7,6,7,1,0,56,14,1
2853,8,7,8,1,0,57,15,1
2853,9,8,8.757,0.757,0,58,16,1
2854,1,0,1,1,1,18,7,1
2854,2,1,2,1,1,19,8,1
2854,3,2,3,1,1,20,9,1
2854,4,3,4,1,0,21,10,1
2854,5,4,5,1,0,22,11,1
2854,6,5,6,1,1,23,12,1
2854,7,6,6.422,0.422,0,24,13,1
2855,1,0,1,1,0,42,9,1
2855,2,1,2,1,0,43,10,1
2855,3,2,3,1,0,44,11,1
2855,4,3,4,1,0,45,12,1
2855,5,4,4.724,0.724,0,46,13,1
2856,1,0,1,1,0,58,8,1
2856,2,1,1.288,0.288,0,59,9,1
2857,1,0,1,1,1,51,6,1
2857,2,1,2,1,0,52,7,1
2857,3,2,3,1,0,53,8,1
2857,4,3,4,1,0,54,9,1
2857,5,4,5,1,0,55,10,1
2857,6,5,6,1,0,56,11,1
2857,7,6,6.25,0.25,0,57,12,1
2858,1,0,1,1,0,31,10,1
2858,2,1,2,1,0,32,11,1
2858,3,2,2.692,0.692,0,33,12,1
2859,1,0,1,1,1,70,14,1
2859,2,1,2,1,1,71,15,1
2859,3,2,3,1,0,72,16,1
2859,4,3,4,1,1,73,17,1
2859,5,4,4.253,0.253,0,74,18,1
2860,1,0,1,1,0,28,14,1
2860,2,1,2,1,0,29,15,1
2860,3,2,3,1,0,30,16,1
2860,4,3,4,1,0,31,17,1
2860,5,4,4.114,0.114,0,32,18,1
2861,1,0,1,1,0,54,11,1
2861,2,1,2,1,0,55,12,1
2861,3,2,3,1,0,56,13,1
2861,4,3,3.333,0.333,0,57,14,1
2862,1,0,1,1,0,62,9,1
2862,2,1,1.836,0.836,0,63,10,1
2863,1,0,1,1,0,32,7,1
2863,2,1,2,1,0,33,8,1
2863,3,2,3,1,0,34,9,1
2863,4,3,3.011,0.011,0,35,10,1
2864,1,0,0.946,0.946,0,29,2,1
2865,1,0,1,1,0,39,9,1
2865,2,1,2,1,0,40,10,1
2865,3,2,3,1,0,41,11,1
2865,4,3,4,1,0,42,12,1
2865,5,4,5,1,1,43,13,1
2865,6,5,6,1,0,44,14,1
2865,7,6,6.53,0.53,0,45,15,1
2866,1,0,1,1,0,54,9,1
2866,2,1,1.472,0.472,0,55,10,1
2867,1,0,1,1,0,37,0,1
2867,2,1,2,1,0,38,1,1
2867,3,2,3,1,0,39,2,1
2867,4,3,4,1,0,40,3,1
2867,5,4,5,1,0,41,4,1
2867,6,5,6,1,0,42,5,1
2867,7,6,7,1,0,43,6,1
2867,8,7,7.173,0.173,0,44,7,1
2868,1,0,1,1,0,31,14,1
2868,2,1,1.53,0.53,0,32,15,1
2869,1,0,1,1,0,55,6,1
2869,2,1,2,1,0,56,7,1
2869,3,2,3,1,0,57,8,1
2869,4,3,4,1,0,58,9,1
2869,5,4,4.142,0.142,0,59,10,1
2870,1,0,1,1,0,32,20,1
2870,2,1,1.636,0.636,0,33,21,1
2871,1,0,1,1,0,55,13,1
2871,2,1,2,1,0,56,14,1
2871,3,2,3,1,0,57,15,1
2871,4,3,4,1,1,58,16,1
2871,5,4,5,1,0,59,17,1
2871,6,5,5.028,0.028,0,60,18,1
2872,1,0,1,1,0,44,7,1
2872,2,1,2,1,0,45,8,1
2872,3,2,3,1,0,46,9,1
2872,4,3,4,1,0,47,10,1
2872,5,4,5,1,0,48,11,1
2872,6,5,6,1,0,49,12,1
2872,7,6,7,1,0,50,13,1
2872,8,7,7.222,0.222,0,51,14,1
2873,1,0,1,1,0,32,12,1
2873,2,1,2,1,0,33,13,1
2873,3,2,3,1,0,34,14,1
2873,4,3,4,1,0,35,15,1
2873,5,4,5,1,0,36,16,1
2873,6,5,5.631,0.631,0,37,17,1
2874,1,0,1,1,1,44,10,1
2874,2,1,2,1,0,45,11,1
2874,3,2,3,1,0,46,12,1
2874,4,3,4,1,0,47,13,1
2874,5,4,5,1,0,48,14,1
2874,6,5,6,1,0,49,15,1
2874,7,6,7,1,1,50,16,1
2874,8,7,8,1,0,51,17,1
2874,9,8,9,1,0,52,18,1
2874,10,9,9.427,0.427,0,53,19,1
2875,1,0,1,1,0,63,11,1
2875,2,1,1.231,0.231,0,64,12,1
2876,1,0,1,1,0,44,6,1
2876,2,1,2,1,2,45,7,1
2876,3,2,3,1,0,46,8,1
2876,4,3,4,1,1,47,9,1
2876,5,4,5,1,0,48,10,1
2876,6,5,6,1,1,49,11,1
2876,7,6,7,1,1,50,12,1
2876,8,7,8,1,2,51,13,1
2876,9,8,9,1,1,52,14,1
2876,10,9,9.4,0.4,0,53,15,1
2877,1,0,1,1,0,43,0,1
2877,2,1,2,1,0,44,1,1
2877,3,2,3,1,1,45,2,1
2877,4,3,4,1,0,46,3,1
2877,5,4,5,1,0,47,4,1
2877,6,5,5.222,0.222,0,48,5,1
2878,1,0,1,1,0,37,5,1
2878,2,1,2,1,0,38,6,1
2878,3,2,2.546,0.546,0,39,7,1
2879,1,0,1,1,0,39,8,1
2879,2,1,2,1,0,40,9,1
2879,3,2,3,1,0,41,10,1
2879,4,3,4,1,0,42,11,1
2879,5,4,5,1,0,43,12,1
2879,6,5,5.512,0.512,1,44,13,1
2880,1,0,1,1,0,55,11,1
2880,2,1,1.298,0.298,0,56,12,1
2881,1,0,1,1,1,59,11,1
2881,2,1,2,1,0,60,12,1
2881,3,2,3,1,0,61,13,1
2881,4,3,4,1,3,62,14,1
2881,5,4,5,1,1,63,15,1
2881,6,5,6,1,0,64,16,1
2881,7,6,7,1,0,65,17,1
2881,8,7,7.536,0.536,0,66,18,1
2882,1,0,1,1,0,43,10,1
2882,2,1,2,1,0,44,11,1
2882,3,2,3,1,0,45,12,1
2882,4,3,3.247,0.247,0,46,13,1
2883,1,0,1,1,0,48,13,1
2883,2,1,2,1,0,49,14,1
2883,3,2,2.723,0.723,0,50,15,1
2884,1,0,1,1,1,59,3,1
2884,2,1,2,1,0,60,4,1
2884,3,2,3,1,0,61,5,1
2884,4,3,4,1,0,62,6,1
2884,5,4,5,1,0,63,7,1
2884,6,5,6,1,0,64,8,1
2884,7,6,7,1,0,65,9,1
2884,8,7,8,1,0,66,10,1
2884,9,8,8.619,0.619,0,67,11,1
2885,1,0,1,1,0,48,1,1
2885,2,1,2,1,0,49,2,1
2885,3,2,3,1,0,50,3,1
2885,4,3,3.601,0.601,0,51,4,1
2886,1,0,1,1,0,18,4,1
2886,2,1,1.063,0.063,0,19,5,1
2887,1,0,1,1,0,44,15,1
2887,2,1,2,1,0,45,16,1
2887,3,2,2.766,0.766,0,46,17,1
2888,1,0,1,1,0,31,4,1
2888,2,1,2,1,0,32,5,1
2888,3,2,3,1,1,33,6,1
2888,4,3,4,1,0,34,7,1
2888,5,4,5,1,0,35,8,1
2888,6,5,6,1,0,36,9,1
2888,7,6,7,1,0,37,10,1
2888,8,7,8,1,0,38,11,1
2888,9,8,8.836,0.836,0,39,12,1
2889,1,0,1,1,1,61,17,1
2889,2,1,2,1,1,62,18,1
2889,3,2,3,1,0,63,19,1
2889,4,3,4,1,0,64,20,1
2889,5,4,4.814,0.814,0,65,21,1
2890,1,0,1,1,0,30,10,1
2890,2,1,2,1,0,31,11,1
2890,3,2,3,1,0,32,12,1
2890,4,3,4,1,0,33,13,1
2890,5,4,5,1,0,34,14,1
2890,6,5,5.177,0.177,0,35,15,1
2891,1,0,1,1,0,30,14,1
2891,2,1,2,1,0,31,15,1
2891,3,2,2.1,0.1,0,32,16,1
2892,1,0,1,1,0,69,14,1
2892,2,1,2,1,0,70,15,1
2892,3,2,3,1,0,71,16,1
2892,4,3,4,1,0,72,17,1
2892,5,4,5,1,0,73,18,1
2892,6,5,5.183,0.183,0,74,19,1
2893,1,0,0.957,0.957,0,63,12,1
2894,1,0,1,1,0,48,14,1
2894,2,1,2,1,0,49,15,1
2894,3,2,3,1,0,50,16,1
2894,4,3,4,1,0,51,17,1
2894,5,4,4.499,0.499,0,52,18,1
2895,1,0,1,1,0,48,12,1
2895,2,1,2,1,1,49,13,1
2895,3,2,3,1,1,50,14,1
2895,4,3,4,1,0,51,15,1
2895,5,4,4.492,0.492,0,52,16,1
2896,1,0,1,1,0,60,15,1
2896,2,1,2,1,0,61,16,1
2896,3,2,2.061,0.061,0,62,17,1
2897,1,0,1,1,0,77,14,1
2897,2,1,2,1,0,78,15,1
2897,3,2,3,1,0,79,16,1
2897,4,3,4,1,0,80,17,1
2897,5,4,5,1,0,81,18,1
2897,6,5,6,1,0,82,19,1
2897,7,6,6.158,0.158,0,83,20,1
2898,1,0,1,1,0,52,5,1
2898,2,1,2,1,0,53,6,1
2898,3,2,3,1,0,54,7,1
2898,4,3,4,1,0,55,8,1
2898,5,4,5,1,0,56,9,1
2898,6,5,6,1,0,57,10,1
2898,7,6,7,1,0,58,11,1
2898,8,7,8,1,0,59,12,1
2898,9,8,8.291,0.291,0,60,13,1
2899,1,0,1,1,0,18,10,1
2899,2,1,2,1,1,19,11,1
2899,3,2,3,1,0,20,12,1
2899,4,3,3.774,0.774,1,21,13,1
2900,1,0,1,1,0,37,5,1
2900,2,1,2,1,0,38,6,1
2900,3,2,3,1,0,39,7,1
2900,4,3,4,1,0,40,8,1
2900,5,4,5,1,0,41,9,1
2900,6,5,6,1,0,42,10,1
2900,7,6,7,1,0,43,11,1
2900,8,7,7.475,0.475,0,44,12,1
2901,1,0,1,1,0,49,11,1
2901,2,1,2,1,0,50,12,1
2901,3,2,3,1,0,51,13,1
2901,4,3,4,1,0,52,14,1
2901,5,4,4.1,0.1,0,53,15,1
2902,1,0,1,1,0,55,6,1
2902,2,1,2,1,0,56,7,1
2902,3,2,3,1,0,57,8,1
2902,4,3,3.034,0.034,0,58,9,1
2903,1,0,1,1,1,57,11,1
2903,2,1,2,1,0,58,12,1
2903,3,2,3,1,0,59,13,1
2903,4,3,4,1,0,60,14,1
2903,5,4,5,1,0,61,15,1
2903,6,5,6,1,0,62,16,1
2903,7,6,7,1,1,63,17,1
2903,8,7,7.439,0.439,0,64,18,1
2904,1,0,1,1,0,19,18,1
2904,2,1,2,1,0,20,19,1
2904,3,2,3,1,0,21,20,1
2904,4,3,4,1,0,22,21,1
2904,5,4,5,1,0,23,22,1
2904,6,5,5.818,0.818,0,24,23,1
2905,1,0,1,1,0,57,10,1
2905,2,1,2,1,0,58,11,1
2905,3,2,3,1,0,59,12,1
2905,4,3,4,1,0,60,13,1
2905,5,4,5,1,0,61,14,1
2905,6,5,6,1,0,62,15,1
2905,7,6,7,1,0,63,16,1
2905,8,7,8,1,0,64,17,1
2905,9,8,9,1,0,65,18,1
2905,10,9,9.272,0.272,0,66,19,1
2906,1,0,1,1,0,55,8,1
2906,2,1,2,1,0,56,9,1
2906,3,2,3,1,0,57,10,1
2906,4,3,4,1,1,58,11,1
2906,5,4,5,1,0,59,12,1
2906,6,5,6,1,0,60,13,1
2906,7,6,7,1,0,61,14,1
2906,8,7,7.273,0.273,0,62,15,1
2907,1,0,1,1,0,25,6,1
2907,2,1,2,1,0,26,7,1
2907,3,2,3,1,0,27,8,1
2907,4,3,4,1,2,28,9,1
2907,5,4,4.601,0.601,0,29,10,1
2908,1,0,1,1,0,42,18,1
2908,2,1,2,1,1,43,19,1
2908,3,2,3,1,0,44,20,1
2908,4,3,4,1,0,45,21,1
2908,5,4,5,1,0,46,22,1
2908,6,5,6,1,0,47,23,1
2908,7,6,6.266,0.266,0,48,24,1
2909,1,0,1,1,0,51,6,1
2909,2,1,2,1,0,52,7,1
2909,3,2,3,1,0,53,8,1
2909,4,3,4,1,0,54,9,1
2909,5,4,5,1,0,55,10,1
2909,6,5,5.28,0.28,0,56,11,1
2910,1,0,1,1,0,71,11,1
2910,2,1,2,1,1,72,12,1
2910,3,2,3,1,0,73,13,1
2910,4,3,3.386,0.386,0,74,14,1
2911,1,0,1,1,0,49,6,1
2911,2,1,2,1,0,50,7,1
2911,3,2,3,1,0,51,8,1
2911,4,3,3.618,0.618,1,52,9,1
2912,1,0,1,1,0,49,5,1
2912,2,1,2,1,1,50,6,1
2912,3,2,3,1,0,51,7,1
2912,4,3,4,1,0,52,8,1
2912,5,4,5,1,0,53,9,1
2912,6,5,5.207,0.207,0,54,10,1
2913,1,0,1,1,0,18,17,1
2913,2,1,2,1,0,19,18,1
2913,3,2,3,1,1,20,19,1
2913,4,3,4,1,0,21,20,1
2913,5,4,5,1,0,22,21,1
2913,6,5,6,1,0,23,22,1
2913,7,6,7,1,1,24,23,1
2913,8,7,7.477,0.477,0,25,24,1
2914,1,0,1,1,0,37,16,1
2914,2,1,2,1,0,38,17,1
2914,3,2,3,1,0,39,18,1
2914,4,3,4,1,0,40,19,1
2914,5,4,5,1,0,41,20,1
2914,6,5,5.166,0.166,0,42,21,1
2915,1,0,1,1,0,59,8,1
2915,2,1,2,1,0,60,9,1
2915,3,2,3,1,0,61,10,1
2915,4,3,4,1,0,62,11,1
2915,5,4,4.775,0.775,0,63,12,1
2916,1,0,1,1,0,63,7,1
2916,2,1,2,1,0,64,8,1
2916,3,2,3,1,0,65,9,1
2916,4,3,4,1,0,66,10,1
2916,5,4,5,1,0,67,11,1
2916,6,5,6,1,0,68,12,1
2916,7,6,7,1,0,69,13,1
2916,8,7,7.122,0.122,0,70,14,1
2917,1,0,1,1,0,64,9,1
2917,2,1,2,1,0,65,10,1
2917,3,2,3,1,0,66,11,1
2917,4,3,4,1,0,67,12,1
2917,5,4,5,1,0,68,13,1
2917,6,5,6,1,0,69,14,1
2917,7,6,7,1,0,70,15,1
2917,8,7,7.795,0.795,0,71,16,1
2918,1,0,1,1,1,39,3,1
2918,2,1,2,1,0,40,4,1
2918,3,2,2.395,0.395,0,41,5,1
2919,1,0,1,1,0,55,5,1
2919,2,1,2,1,0,56,6,1
2919,3,2,3,1,0,57,7,1
2919,4,3,4,1,0,58,8,1
2919,5,4,5,1,0,59,9,1
2919,6,5,6,1,0,60,10,1
2919,7,6,6.179,0.179,0,61,11,1
2920,1,0,1,1,0,31,10,1
2920,2,1,2,1,1,32,11,1
2920,3,2,2.754,0.754,1,33,12,1
2921,1,0,1,1,0,20,7,1
2921,2,1,2,1,0,21,8,1
2921,3,2,3,1,0,22,9,1
2921,4,3,3.833,0.833,0,23,10,1
2922,1,0,1,1,0,45,7,1
2922,2,1,2,1,1,46,8,1
2922,3,2,3,1,2,47,9,1
2922,4,3,4,1,0,48,10,1
2922,5,4,4.526,0.526,0,49,11,1
2923,1,0,1,1,0,43,3,1
2923,2,1,2,1,0,44,4,1
2923,3,2,2.496,0.496,0,45,5,1
2924,1,0,1,1,0,45,11,1
2924,2,1,1.907,0.907,0,46,12,1
2925,1,0,1,1,0,54,5,1
2925,2,1,2,1,0,55,6,1
2925,3,2,3,1,0,56,7,1
2925,4,3,4,1,0,57,8,1
2925,5,4,5,1,0,58,9,1
2925,6,5,6,1,0,59,10,1
2925,7,6,7,1,0,60,11,1
2925,8,7,8,1,0,61,12,1
2925,9,8,9,1,0,62,13,1
2925,10,9,9.873,0.873,0,63,14,1
2926,1,0,0.973,0.973,0,54,16,1
2927,1,0,1,1,1,31,9,1
2927,2,1,2,1,0,32,10,1
2927,3,2,3,1,0,33,11,1
2927,4,3,3.792,0.792,0,34,12,1
2928,1,0,1,1,0,63,7,1
2928,2,1,2,1,1,64,8,1
2928,3,2,3,1,1,65,9,1
2928,4,3,4,1,0,66,10,1
2928,5,4,5,1,0,67,11,1
2928,6,5,6,1,0,68,12,1
2928,7,6,7,1,0,69,13,1
2928,8,7,8,1,0,70,14,1
2928,9,8,8.822,0.822,0,71,15,1
2929,1,0,1,1,0,44,7,1
2929,2,1,2,1,0,45,8,1
2929,3,2,2.78,0.78,0,46,9,1
2930,1,0,1,1,0,63,5,1
2930,2,1,2,1,0,64,6,1
2930,3,2,3,1,0,65,7,1
2930,4,3,4,1,1,66,8,1
2930,5,4,5,1,0,67,9,1
2930,6,5,5.959,0.959,0,68,10,1
2931,1,0,1,1,0,50,5,1
2931,2,1,2,1,0,51,6,1
2931,3,2,2.06,0.06,0,52,7,1
2932,1,0,1,1,0,49,7,1
2932,2,1,2,1,0,50,8,1
2932,3,2,3,1,0,51,9,1
2932,4,3,3.624,0.624,0,52,10,1
2933,1,0,1,1,0,22,5,1
2933,2,1,2,1,1,23,6,1
2933,3,2,3,1,0,24,7,1
2933,4,3,4,1,0,25,8,1
2933,5,4,4.401,0.401,1,26,9,1
2934,1,0,0.622,0.622,0,67,10,1
2935,1,0,1,1,0,44,7,1
2935,2,1,2,1,0,45,8,1
2935,3,2,3,1,0,46,9,1
2935,4,3,4,1,0,47,10,1
2935,5,4,4.122,0.122,0,48,11,1
2936,1,0,1,1,0,43,11,1
2936,2,1,2,1,0,44,12,1
2936,3,2,3,1,0,45,13,1
2936,4,3,4,1,0,46,14,1
2936,5,4,5,1,0,47,15,1
2936,6,5,6,1,0,48,16,1
2936,7,6,7,1,0,49,17,1
2936,8,7,7.968,0.968,0,50,18,1
2937,1,0,1,1,0,36,6,1
2937,2,1,1.716,0.716,0,37,7,1
2938,1,0,1,1,0,35,5,1
2938,2,1,2,1,0,36,6,1
2938,3,2,3,1,1,37,7,1
2938,4,3,4,1,0,38,8,1
2938,5,4,5,1,0,39,9,1
2938,6,5,6,1,0,40,10,1
2938,7,6,7,1,0,41,11,1
2938,8,7,7.685,0.685,0,42,12,1
2939,1,0,1,1,0,45,10,1
2939,2,1,2,1,0,46,11,1
2939,3,2,3,1,0,47,12,1
2939,4,3,4,1,1,48,13,1
2939,5,4,4.308,0.308,0,49,14,1
2940,1,0,1,1,0,32,8,1
2940,2,1,2,1,0,33,9,1
2940,3,2,2.01,0.01,0,34,10,1
2941,1,0,1,1,0,36,13,1
2941,2,1,2,1,0,37,14,1
2941,3,2,3,1,0,38,15,1
2941,4,3,4,1,0,39,16,1
2941,5,4,5,1,0,40,17,1
2941,6,5,6,1,1,41,18,1
2941,7,6,7,1,2,42,19,1
2941,8,7,7.14,0.14,0,43,20,1
2942,1,0,1,1,0,56,9,1
2942,2,1,2,1,0,57,10,1
2942,3,2,3,1,0,58,11,1
2942,4,3,4,1,0,59,12,1
2942,5,4,5,1,0,60,13,1
2942,6,5,6,1,0,61,14,1
2942,7,6,7,1,0,62,15,1
2942,8,7,8,1,0,63,16,1
2942,9,8,9,1,0,64,17,1
2942,10,9,9.075,0.075,0,65,18,1
2943,1,0,1,1,0,64,7,1
2943,2,1,2,1,0,65,8,1
2943,3,2,2.96,0.96,0,66,9,1
2944,1,0,1,1,0,18,12,1
2944,2,1,2,1,0,19,13,1
2944,3,2,3,1,0,20,14,1
2944,4,3,4,1,0,21,15,1
2944,5,4,5,1,0,22,16,1
2944,6,5,6,1,0,23,17,1
2944,7,6,6.481,0.481,1,24,18,1
2945,1,0,1,1,0,72,8,1
2945,2,1,1.259,0.259,1,73,9,1
2946,1,0,1,1,0,42,6,1
2946,2,1,2,1,0,43,7,1
2946,3,2,3,1,0,44,8,1
2946,4,3,3.736,0.736,0,45,9,1
2947,1,0,1,1,1,43,5,1
2947,2,1,2,1,1,44,6,1
2947,3,2,3,1,0,45,7,1
2947,4,3,3.287,0.287,0,46,8,1
2948,1,0,1,1,2,63,12,1
2948,2,1,2,1,0,64,13,1
2948,3,2,2.302,0.302,0,65,14,1
2949,1,0,1,1,0,56,4,1
2949,2,1,2,1,0,57,5,1
2949,3,2,2.797,0.797,0,58,6,1
2950,1,0,1,1,0,55,10,1
2950,2,1,2,1,0,56,11,1
2950,3,2,3,1,0,57,12,1
2950,4,3,4,1,0,58,13,1
2950,5,4,4.57,0.57,0,59,14,1
2951,1,0,1,1,0,51,7,1
2951,2,1,2,1,0,52,8,1
2951,3,2,2.885,0.885,0,53,9,1
2952,1,0,1,1,0,44,11,1
2952,2,1,1.488,0.488,0,45,12,1
2953,1,0,1,1,0,47,9,1
2953,2,1,2,1,0,48,10,1
2953,3,2,3,1,0,49,11,1
2953,4,3,3.31,0.31,0,50,12,1
2954,1,0,1,1,0,38,16,1
2954,2,1,2,1,0,39,17,1
2954,3,2,3,1,0,40,18,1
2954,4,3,3.906,0.906,0,41,19,1
2955,1,0,1,1,1,35,6,1
2955,2,1,2,1,0,36,7,1
2955,3,2,3,1,0,37,8,1
2955,4,3,4,1,1,38,9,1
2955,5,4,4.544,0.544,0,39,10,1
2956,1,0,1,1,0,67,14,1
2956,2,1,2,1,0,68,15,1
2956,3,2,2.183,0.183,0,69,16,1
2957,1,0,1,1,0,79,5,1
2957,2,1,2,1,0,80,6,1
2957,3,2,3,1,0,81,7,1
2957,4,3,4,1,1,82,8,1
2957,5,4,4.46,0.46,0,83,9,1
2958,1,0,1,1,0,55,9,1
2958,2,1,2,1,0,56,10,1
2958,3,2,3,1,0,57,11,1
2958,4,3,4,1,0,58,12,1
2958,5,4,4.576,0.576,0,59,13,1
2959,1,0,1,1,0,35,9,1
2959,2,1,2,1,0,36,10,1
2959,3,2,3,1,0,37,11,1
2959,4,3,4,1,0,38,12,1
2959,5,4,5,1,0,39,13,1
2959,6,5,6,1,0,40,14,1
2959,7,6,6.373,0.373,0,41,15,1
