"id_poliza","anio","tstart","tstop","expo_anual","n_partes_anual","edad_t","antig_veh_t","en_riesgo"
1,1,0,1,1,0,33,6,1
1,2,1,2,1,0,34,7,1
1,3,2,2.277,0.277,0,35,8,1
2,1,0,1,1,3,59,15,1
2,2,1,2,1,0,60,16,1
2,3,2,3,1,0,61,17,1
2,4,3,4,1,0,62,18,1
2,5,4,5,1,0,63,19,1
2,6,5,6,1,1,64,20,1
2,7,6,6.409,0.409,1,65,21,1
3,1,0,1,1,0,64,4,1
3,2,1,2,1,0,65,5,1
4,1,0,1,1,0,18,10,1
4,2,1,2,1,0,19,11,1
4,3,2,3,1,0,20,12,1
4,4,3,4,1,0,21,13,1
4,5,4,5,1,0,22,14,1
4,6,5,6,1,0,23,15,1
4,7,6,6.174,0.174,0,24,16,1
5,1,0,1,1,0,39,5,1
5,2,1,2,1,0,40,6,1
5,3,2,3,1,0,41,7,1
5,4,3,4,1,0,42,8,1
5,5,4,4.638,0.638,0,43,9,1
6,1,0,1,1,0,39,11,1
6,2,1,2,1,0,40,12,1
6,3,2,3,1,0,41,13,1
6,4,3,4,1,0,42,14,1
6,5,4,5,1,0,43,15,1
6,6,5,6,1,0,44,16,1
6,7,6,7,1,0,45,17,1
6,8,7,7.81,0.81,0,46,18,1
7,1,0,1,1,2,20,3,1
7,2,1,2,1,1,21,4,1
7,3,2,3,1,2,22,5,1
7,4,3,4,1,1,23,6,1
7,5,4,5,1,0,24,7,1
7,6,5,6,1,0,25,8,1
7,7,6,7,1,1,26,9,1
7,8,7,8,1,0,27,10,1
7,9,8,9,1,0,28,11,1
7,10,9,9.103,0.103,0,29,12,1
8,1,0,1,1,0,38,7,1
8,2,1,2,1,1,39,8,1
8,3,2,2.756,0.756,0,40,9,1
9,1,0,1,1,0,67,9,1
9,2,1,1.01,0.01,0,68,10,1
10,1,0,1,1,0,39,5,1
10,2,1,2,1,0,40,6,1
10,3,2,2.758,0.758,1,41,7,1
11,1,0,1,1,3,18,6,1
11,2,1,2,1,0,19,7,1
11,3,2,3,1,0,20,8,1
11,4,3,3.464,0.464,0,21,9,1
12,1,0,1,1,0,50,4,1
12,2,1,2,1,0,51,5,1
12,3,2,2.296,0.296,0,52,6,1
13,1,0,0.572,0.572,0,42,2,1
14,1,0,1,1,0,38,10,1
14,2,1,2,1,0,39,11,1
14,3,2,3,1,0,40,12,1
14,4,3,4,1,0,41,13,1
14,5,4,5,1,0,42,14,1
14,6,5,5.376,0.376,1,43,15,1
15,1,0,1,1,1,74,10,1
15,2,1,2,1,1,75,11,1
15,3,2,2.603,0.603,0,76,12,1
16,1,0,1,1,0,18,12,1
16,2,1,2,1,0,19,13,1
16,3,2,3,1,1,20,14,1
16,4,3,4,1,1,21,15,1
16,5,4,5,1,0,22,16,1
16,6,5,5.747,0.747,0,23,17,1
17,1,0,1,1,1,48,7,1
17,2,1,2,1,0,49,8,1
17,3,2,3,1,0,50,9,1
17,4,3,3.302,0.302,0,51,10,1
18,1,0,0.541,0.541,0,28,8,1
19,1,0,1,1,0,43,10,1
19,2,1,2,1,0,44,11,1
19,3,2,3,1,0,45,12,1
19,4,3,4,1,1,46,13,1
19,5,4,5,1,0,47,14,1
19,6,5,5.522,0.522,0,48,15,1
20,1,0,1,1,1,23,11,1
20,2,1,2,1,1,24,12,1
20,3,2,3,1,0,25,13,1
20,4,3,4,1,0,26,14,1
20,5,4,5,1,1,27,15,1
20,6,5,5.263,0.263,0,28,16,1
21,1,0,1,1,0,55,17,1
21,2,1,2,1,0,56,18,1
21,3,2,3,1,0,57,19,1
21,4,3,3.17,0.17,0,58,20,1
22,1,0,1,1,0,32,12,1
22,2,1,2,1,0,33,13,1
22,3,2,2.483,0.483,0,34,14,1
23,1,0,1,1,0,24,5,1
23,2,1,2,1,0,25,6,1
23,3,2,3,1,1,26,7,1
23,4,3,3.513,0.513,0,27,8,1
24,1,0,1,1,0,59,20,1
24,2,1,2,1,0,60,21,1
24,3,2,3,1,0,61,22,1
24,4,3,4,1,0,62,23,1
24,5,4,5,1,0,63,24,1
24,6,5,5.597,0.597,1,64,25,1
25,1,0,1,1,0,38,0,1
25,2,1,2,1,1,39,1,1
25,3,2,3,1,0,40,2,1
25,4,3,3.719,0.719,0,41,3,1
26,1,0,1,1,0,39,10,1
26,2,1,2,1,1,40,11,1
26,3,2,3,1,0,41,12,1
26,4,3,3.019,0.019,0,42,13,1
27,1,0,0.747,0.747,1,47,13,1
28,1,0,1,1,0,62,4,1
28,2,1,1.413,0.413,0,63,5,1
29,1,0,1,1,0,24,21,1
29,2,1,2,1,0,25,22,1
29,3,2,3,1,0,26,23,1
29,4,3,4,1,0,27,24,1
29,5,4,4.914,0.914,0,28,25,1
30,1,0,1,1,1,57,2,1
30,2,1,2,1,1,58,3,1
30,3,2,2.173,0.173,0,59,4,1
31,1,0,1,1,0,53,5,1
31,2,1,2,1,0,54,6,1
31,3,2,3,1,0,55,7,1
31,4,3,4,1,0,56,8,1
31,5,4,4.803,0.803,0,57,9,1
32,1,0,1,1,0,51,11,1
32,2,1,2,1,0,52,12,1
32,3,2,3,1,0,53,13,1
32,4,3,3.869,0.869,0,54,14,1
33,1,0,1,1,0,56,10,1
33,2,1,2,1,0,57,11,1
33,3,2,3,1,0,58,12,1
33,4,3,4,1,0,59,13,1
33,5,4,4.552,0.552,0,60,14,1
34,1,0,0.539,0.539,0,41,6,1
35,1,0,1,1,0,23,17,1
35,2,1,2,1,0,24,18,1
35,3,2,3,1,0,25,19,1
35,4,3,3.765,0.765,0,26,20,1
36,1,0,1,1,1,20,13,1
36,2,1,2,1,0,21,14,1
36,3,2,2.666,0.666,0,22,15,1
37,1,0,1,1,0,46,6,1
37,2,1,2,1,1,47,7,1
37,3,2,3,1,0,48,8,1
37,4,3,4,1,0,49,9,1
37,5,4,4.192,0.192,0,50,10,1
38,1,0,1,1,0,45,18,1
38,2,1,2,1,0,46,19,1
38,3,2,3,1,0,47,20,1
38,4,3,4,1,0,48,21,1
38,5,4,5,1,0,49,22,1
38,6,5,6,1,0,50,23,1
38,7,6,7,1,0,51,24,1
38,8,7,7.233,0.233,0,52,25,1
39,1,0,1,1,0,64,4,1
39,2,1,2,1,0,65,5,1
39,3,2,3,1,0,66,6,1
39,4,3,4,1,0,67,7,1
39,5,4,5,1,0,68,8,1
39,6,5,6,1,0,69,9,1
39,7,6,7,1,0,70,10,1
39,8,7,8,1,0,71,11,1
39,9,8,8.262,0.262,0,72,12,1
40,1,0,1,1,0,57,5,1
40,2,1,2,1,0,58,6,1
40,3,2,3,1,0,59,7,1
40,4,3,4,1,0,60,8,1
40,5,4,5,1,0,61,9,1
40,6,5,6,1,0,62,10,1
40,7,6,6.09,0.09,0,63,11,1
41,1,0,1,1,0,62,4,1
41,2,1,2,1,0,63,5,1
41,3,2,3,1,0,64,6,1
41,4,3,4,1,0,65,7,1
41,5,4,5,1,0,66,8,1
41,6,5,6,1,0,67,9,1
41,7,6,6.385,0.385,0,68,10,1
42,1,0,1,1,0,41,17,1
42,2,1,2,1,2,42,18,1
42,3,2,2.058,0.058,0,43,19,1
43,1,0,1,1,0,50,7,1
43,2,1,1.022,0.022,0,51,8,1
44,1,0,1,1,0,48,5,1
44,2,1,2,1,0,49,6,1
44,3,2,3,1,0,50,7,1
44,4,3,4,1,0,51,8,1
44,5,4,5,1,0,52,9,1
44,6,5,6,1,0,53,10,1
44,7,6,7,1,0,54,11,1
44,8,7,7.627,0.627,0,55,12,1
45,1,0,1,1,0,52,0,1
45,2,1,2,1,0,53,1,1
45,3,2,3,1,0,54,2,1
45,4,3,4,1,0,55,3,1
45,5,4,4.185,0.185,0,56,4,1
46,1,0,1,1,0,42,4,1
46,2,1,1.445,0.445,1,43,5,1
47,1,0,1,1,0,74,1,1
47,2,1,1.347,0.347,0,75,2,1
48,1,0,1,1,1,54,12,1
48,2,1,2,1,0,55,13,1
48,3,2,3,1,0,56,14,1
48,4,3,4,1,0,57,15,1
48,5,4,5,1,0,58,16,1
48,6,5,6,1,0,59,17,1
48,7,6,7,1,0,60,18,1
48,8,7,7.534,0.534,0,61,19,1
49,1,0,1,1,0,50,12,1
49,2,1,2,1,0,51,13,1
49,3,2,2.088,0.088,0,52,14,1
50,1,0,1,1,0,32,14,1
50,2,1,1.692,0.692,0,33,15,1
51,1,0,0.499,0.499,0,60,13,1
52,1,0,1,1,0,43,12,1
52,2,1,2,1,0,44,13,1
52,3,2,3,1,0,45,14,1
52,4,3,4,1,0,46,15,1
52,5,4,5,1,0,47,16,1
52,6,5,6,1,0,48,17,1
52,7,6,6.815,0.815,0,49,18,1
53,1,0,1,1,1,52,7,1
53,2,1,2,1,0,53,8,1
53,3,2,3,1,0,54,9,1
53,4,3,4,1,0,55,10,1
53,5,4,5,1,0,56,11,1
53,6,5,5.135,0.135,0,57,12,1
54,1,0,1,1,0,58,7,1
54,2,1,1.23,0.23,0,59,8,1
55,1,0,1,1,0,51,9,1
55,2,1,1.152,0.152,0,52,10,1
56,1,0,0.262,0.262,0,51,4,1
57,1,0,1,1,0,44,7,1
57,2,1,2,1,0,45,8,1
57,3,2,2.727,0.727,0,46,9,1
58,1,0,1,1,1,33,13,1
58,2,1,2,1,0,34,14,1
58,3,2,2.529,0.529,0,35,15,1
59,1,0,1,1,0,18,7,1
59,2,1,1.5,0.5,1,19,8,1
60,1,0,1,1,0,39,6,1
60,2,1,2,1,0,40,7,1
60,3,2,3,1,0,41,8,1
60,4,3,3.226,0.226,0,42,9,1
61,1,0,1,1,0,33,4,1
61,2,1,1.91,0.91,0,34,5,1
62,1,0,0.673,0.673,0,46,5,1
63,1,0,1,1,0,46,8,1
63,2,1,2,1,0,47,9,1
63,3,2,3,1,0,48,10,1
63,4,3,4,1,0,49,11,1
63,5,4,5,1,0,50,12,1
63,6,5,6,1,0,51,13,1
63,7,6,7,1,0,52,14,1
63,8,7,8,1,0,53,15,1
63,9,8,9,1,0,54,16,1
63,10,9,9.373,0.373,0,55,17,1
64,1,0,1,1,1,18,11,1
64,2,1,1.762,0.762,0,19,12,1
65,1,0,1,1,0,70,0,1
65,2,1,1.962,0.962,1,71,1,1
66,1,0,1,1,0,65,11,1
66,2,1,2,1,0,66,12,1
66,3,2,2.944,0.944,1,67,13,1
67,1,0,1,1,0,62,8,1
67,2,1,2,1,0,63,9,1
67,3,2,3,1,0,64,10,1
67,4,3,4,1,0,65,11,1
67,5,4,5,1,0,66,12,1
67,6,5,6,1,0,67,13,1
67,7,6,7,1,0,68,14,1
67,8,7,8,1,0,69,15,1
67,9,8,8.105,0.105,0,70,16,1
68,1,0,1,1,0,28,12,1
68,2,1,2,1,0,29,13,1
68,3,2,3,1,0,30,14,1
68,4,3,4,1,0,31,15,1
68,5,4,5,1,1,32,16,1
68,6,5,6,1,0,33,17,1
68,7,6,6.206,0.206,0,34,18,1
69,1,0,1,1,0,29,6,1
69,2,1,2,1,0,30,7,1
69,3,2,2.799,0.799,2,31,8,1
70,1,0,1,1,0,42,6,1
70,2,1,1.016,0.016,0,43,7,1
71,1,0,1,1,0,36,3,1
71,2,1,2,1,0,37,4,1
71,3,2,2.917,0.917,0,38,5,1
72,1,0,1,1,0,42,11,1
72,2,1,2,1,0,43,12,1
72,3,2,3,1,0,44,13,1
72,4,3,4,1,0,45,14,1
72,5,4,4.225,0.225,0,46,15,1
73,1,0,1,1,0,48,0,1
73,2,1,2,1,0,49,1,1
73,3,2,3,1,0,50,2,1
73,4,3,3.367,0.367,0,51,3,1
74,1,0,1,1,0,38,6,1
74,2,1,1.45,0.45,0,39,7,1
75,1,0,1,1,0,53,0,1
75,2,1,2,1,0,54,1,1
75,3,2,3,1,0,55,2,1
75,4,3,4,1,0,56,3,1
75,5,4,4.535,0.535,0,57,4,1
76,1,0,1,1,0,32,8,1
76,2,1,2,1,0,33,9,1
76,3,2,3,1,0,34,10,1
76,4,3,4,1,0,35,11,1
76,5,4,5,1,0,36,12,1
76,6,5,6,1,0,37,13,1
76,7,6,7,1,0,38,14,1
76,8,7,7.69,0.69,0,39,15,1
77,1,0,1,1,0,52,1,1
77,2,1,2,1,0,53,2,1
77,3,2,2.418,0.418,0,54,3,1
78,1,0,1,1,0,49,14,1
78,2,1,2,1,0,50,15,1
78,3,2,3,1,1,51,16,1
78,4,3,3.222,0.222,0,52,17,1
79,1,0,1,1,0,46,5,1
79,2,1,2,1,0,47,6,1
79,3,2,3,1,0,48,7,1
79,4,3,4,1,0,49,8,1
79,5,4,5,1,0,50,9,1
79,6,5,5.942,0.942,0,51,10,1
80,1,0,1,1,0,44,4,1
80,2,1,2,1,0,45,5,1
80,3,2,3,1,0,46,6,1
80,4,3,4,1,0,47,7,1
80,5,4,5,1,0,48,8,1
80,6,5,6,1,1,49,9,1
80,7,6,7,1,0,50,10,1
80,8,7,8,1,0,51,11,1
80,9,8,8.804,0.804,0,52,12,1
81,1,0,1,1,0,43,11,1
81,2,1,2,1,0,44,12,1
81,3,2,3,1,0,45,13,1
81,4,3,4,1,1,46,14,1
81,5,4,5,1,0,47,15,1
81,6,5,5.312,0.312,0,48,16,1
82,1,0,1,1,0,46,11,1
82,2,1,2,1,0,47,12,1
82,3,2,3,1,0,48,13,1
82,4,3,3.528,0.528,0,49,14,1
83,1,0,1,1,0,47,1,1
83,2,1,2,1,0,48,2,1
83,3,2,2.206,0.206,0,49,3,1
84,1,0,1,1,1,18,13,1
84,2,1,2,1,0,19,14,1
84,3,2,3,1,0,20,15,1
84,4,3,3.17,0.17,0,21,16,1
85,1,0,1,1,0,45,9,1
85,2,1,2,1,0,46,10,1
85,3,2,2.764,0.764,0,47,11,1
86,1,0,1,1,0,37,18,1
86,2,1,2,1,0,38,19,1
86,3,2,3,1,0,39,20,1
86,4,3,4,1,0,40,21,1
86,5,4,5,1,0,41,22,1
86,6,5,5.477,0.477,0,42,23,1
87,1,0,1,1,0,49,19,1
87,2,1,2,1,0,50,20,1
87,3,2,3,1,0,51,21,1
87,4,3,4,1,0,52,22,1
87,5,4,5,1,0,53,23,1
87,6,5,5.132,0.132,0,54,24,1
88,1,0,1,1,0,62,13,1
88,2,1,2,1,0,63,14,1
88,3,2,3,1,0,64,15,1
88,4,3,4,1,0,65,16,1
88,5,4,5,1,0,66,17,1
88,6,5,6,1,0,67,18,1
88,7,6,7,1,0,68,19,1
88,8,7,7.224,0.224,0,69,20,1
89,1,0,1,1,0,46,4,1
89,2,1,2,1,0,47,5,1
89,3,2,3,1,1,48,6,1
89,4,3,3.033,0.033,0,49,7,1
90,1,0,1,1,1,74,0,1
90,2,1,2,1,0,75,1,1
90,3,2,3,1,0,76,2,1
90,4,3,3.272,0.272,0,77,3,1
91,1,0,1,1,0,58,0,1
91,2,1,1.176,0.176,0,59,1,1
92,1,0,1,1,0,30,4,1
92,2,1,2,1,0,31,5,1
92,3,2,3,1,0,32,6,1
92,4,3,4,1,1,33,7,1
92,5,4,5,1,0,34,8,1
92,6,5,6,1,0,35,9,1
92,7,6,6.578,0.578,1,36,10,1
93,1,0,1,1,1,36,4,1
93,2,1,2,1,0,37,5,1
93,3,2,3,1,0,38,6,1
93,4,3,4,1,0,39,7,1
93,5,4,4.779,0.779,0,40,8,1
94,1,0,1,1,0,46,13,1
94,2,1,2,1,0,47,14,1
94,3,2,3,1,2,48,15,1
94,4,3,4,1,1,49,16,1
94,5,4,4.37,0.37,0,50,17,1
95,1,0,1,1,0,56,20,1
95,2,1,2,1,0,57,21,1
95,3,2,3,1,0,58,22,1
95,4,3,4,1,0,59,23,1
95,5,4,5,1,0,60,24,1
95,6,5,6,1,0,61,25,1
95,7,6,7,1,0,62,26,1
95,8,7,8,1,0,63,27,1
95,9,8,8.167,0.167,0,64,28,1
96,1,0,1,1,2,64,11,1
96,2,1,1.226,0.226,0,65,12,1
97,1,0,1,1,0,25,10,1
97,2,1,2,1,0,26,11,1
97,3,2,3,1,0,27,12,1
97,4,3,3.376,0.376,0,28,13,1
98,1,0,1,1,0,39,6,1
98,2,1,2,1,0,40,7,1
98,3,2,3,1,0,41,8,1
98,4,3,4,1,0,42,9,1
98,5,4,4.977,0.977,0,43,10,1
99,1,0,1,1,0,38,13,1
99,2,1,2,1,0,39,14,1
99,3,2,3,1,1,40,15,1
99,4,3,4,1,0,41,16,1
99,5,4,5,1,0,42,17,1
99,6,5,6,1,0,43,18,1
99,7,6,6.244,0.244,0,44,19,1
100,1,0,1,1,0,60,9,1
100,2,1,1.887,0.887,0,61,10,1
101,1,0,1,1,0,22,7,1
101,2,1,2,1,1,23,8,1
101,3,2,3,1,0,24,9,1
101,4,3,4,1,0,25,10,1
101,5,4,5,1,1,26,11,1
101,6,5,6,1,0,27,12,1
101,7,6,7,1,0,28,13,1
101,8,7,7.358,0.358,0,29,14,1
102,1,0,1,1,0,18,14,1
102,2,1,2,1,0,19,15,1
102,3,2,3,1,0,20,16,1
102,4,3,3.217,0.217,0,21,17,1
103,1,0,1,1,1,43,14,1
103,2,1,2,1,1,44,15,1
103,3,2,3,1,0,45,16,1
103,4,3,3.524,0.524,0,46,17,1
104,1,0,1,1,0,75,8,1
104,2,1,2,1,0,76,9,1
104,3,2,3,1,0,77,10,1
104,4,3,3.126,0.126,0,78,11,1
105,1,0,1,1,0,46,7,1
105,2,1,2,1,0,47,8,1
105,3,2,2.071,0.071,0,48,9,1
106,1,0,1,1,0,52,0,1
106,2,1,2,1,1,53,1,1
106,3,2,3,1,0,54,2,1
106,4,3,3.511,0.511,1,55,3,1
107,1,0,1,1,2,52,10,1
107,2,1,2,1,1,53,11,1
107,3,2,2.323,0.323,0,54,12,1
108,1,0,1,1,0,18,8,1
108,2,1,1.099,0.099,0,19,9,1
109,1,0,1,1,1,54,9,1
109,2,1,2,1,1,55,10,1
109,3,2,2.074,0.074,0,56,11,1
110,1,0,1,1,0,59,0,1
110,2,1,2,1,0,60,1,1
110,3,2,3,1,0,61,2,1
110,4,3,3.676,0.676,0,62,3,1
111,1,0,0.1,0.1,0,75,8,1
112,1,0,1,1,0,43,13,1
112,2,1,2,1,1,44,14,1
112,3,2,3,1,1,45,15,1
112,4,3,4,1,0,46,16,1
112,5,4,5,1,0,47,17,1
112,6,5,5.499,0.499,0,48,18,1
113,1,0,1,1,1,18,9,1
113,2,1,2,1,1,19,10,1
113,3,2,3,1,0,20,11,1
113,4,3,4,1,2,21,12,1
113,5,4,5,1,0,22,13,1
113,6,5,5.208,0.208,0,23,14,1
114,1,0,1,1,0,31,9,1
114,2,1,2,1,0,32,10,1
114,3,2,3,1,0,33,11,1
114,4,3,4,1,0,34,12,1
114,5,4,5,1,0,35,13,1
114,6,5,6,1,0,36,14,1
114,7,6,7,1,0,37,15,1
114,8,7,8,1,0,38,16,1
114,9,8,8.431,0.431,0,39,17,1
115,1,0,1,1,0,44,8,1
115,2,1,2,1,1,45,9,1
115,3,2,3,1,0,46,10,1
115,4,3,4,1,1,47,11,1
115,5,4,5,1,0,48,12,1
115,6,5,6,1,1,49,13,1
115,7,6,6.172,0.172,0,50,14,1
116,1,0,1,1,0,35,11,1
116,2,1,1.815,0.815,0,36,12,1
117,1,0,1,1,0,56,6,1
117,2,1,2,1,0,57,7,1
117,3,2,2.442,0.442,0,58,8,1
118,1,0,1,1,0,61,6,1
118,2,1,1.685,0.685,0,62,7,1
119,1,0,1,1,0,64,1,1
119,2,1,2,1,0,65,2,1
119,3,2,3,1,0,66,3,1
119,4,3,4,1,2,67,4,1
119,5,4,4.338,0.338,0,68,5,1
120,1,0,1,1,0,18,9,1
120,2,1,1.358,0.358,0,19,10,1
121,1,0,1,1,0,37,0,1
121,2,1,2,1,0,38,1,1
121,3,2,2.026,0.026,0,39,2,1
122,1,0,1,1,0,54,17,1
122,2,1,1.684,0.684,0,55,18,1
123,1,0,1,1,0,52,5,1
123,2,1,1.833,0.833,0,53,6,1
124,1,0,1,1,0,41,11,1
124,2,1,2,1,0,42,12,1
124,3,2,3,1,0,43,13,1
124,4,3,4,1,0,44,14,1
124,5,4,4.474,0.474,0,45,15,1
125,1,0,1,1,0,49,7,1
125,2,1,2,1,0,50,8,1
125,3,2,3,1,0,51,9,1
125,4,3,4,1,0,52,10,1
125,5,4,5,1,0,53,11,1
125,6,5,6,1,0,54,12,1
125,7,6,6.34,0.34,0,55,13,1
126,1,0,1,1,0,74,13,1
126,2,1,2,1,2,75,14,1
126,3,2,3,1,0,76,15,1
126,4,3,4,1,0,77,16,1
126,5,4,5,1,1,78,17,1
126,6,5,6,1,0,79,18,1
126,7,6,6.923,0.923,1,80,19,1
127,1,0,1,1,0,37,0,1
127,2,1,2,1,0,38,1,1
127,3,2,3,1,1,39,2,1
127,4,3,3.214,0.214,0,40,3,1
128,1,0,0.867,0.867,0,53,6,1
129,1,0,1,1,0,42,8,1
129,2,1,2,1,0,43,9,1
129,3,2,3,1,0,44,10,1
129,4,3,4,1,0,45,11,1
129,5,4,5,1,0,46,12,1
129,6,5,6,1,0,47,13,1
129,7,6,6.248,0.248,0,48,14,1
130,1,0,1,1,0,46,6,1
130,2,1,2,1,0,47,7,1
130,3,2,3,1,0,48,8,1
130,4,3,4,1,0,49,9,1
130,5,4,4.555,0.555,0,50,10,1
131,1,0,1,1,0,60,0,1
131,2,1,2,1,0,61,1,1
131,3,2,3,1,0,62,2,1
131,4,3,3.009,0.009,0,63,3,1
132,1,0,1,1,0,53,10,1
132,2,1,2,1,1,54,11,1
132,3,2,2.706,0.706,0,55,12,1
133,1,0,1,1,0,45,7,1
133,2,1,2,1,0,46,8,1
133,3,2,3,1,0,47,9,1
133,4,3,3.544,0.544,0,48,10,1
134,1,0,1,1,0,43,11,1
134,2,1,2,1,0,44,12,1
134,3,2,2.284,0.284,1,45,13,1
135,1,0,1,1,0,60,0,1
135,2,1,2,1,0,61,1,1
135,3,2,3,1,0,62,2,1
135,4,3,4,1,0,63,3,1
135,5,4,5,1,0,64,4,1
135,6,5,6,1,0,65,5,1
135,7,6,6.168,0.168,0,66,6,1
136,1,0,1,1,0,20,13,1
136,2,1,2,1,0,21,14,1
136,3,2,3,1,0,22,15,1
136,4,3,4,1,1,23,16,1
136,5,4,5,1,0,24,17,1
136,6,5,6,1,1,25,18,1
136,7,6,7,1,0,26,19,1
136,8,7,8,1,0,27,20,1
136,9,8,8.452,0.452,0,28,21,1
137,1,0,1,1,0,55,2,1
137,2,1,2,1,0,56,3,1
137,3,2,3,1,0,57,4,1
137,4,3,4,1,0,58,5,1
137,5,4,5,1,0,59,6,1
137,6,5,5.813,0.813,0,60,7,1
138,1,0,1,1,0,61,7,1
138,2,1,2,1,0,62,8,1
138,3,2,3,1,0,63,9,1
138,4,3,4,1,0,64,10,1
138,5,4,5,1,0,65,11,1
138,6,5,6,1,0,66,12,1
138,7,6,6.641,0.641,0,67,13,1
139,1,0,1,1,0,53,10,1
139,2,1,2,1,0,54,11,1
139,3,2,3,1,0,55,12,1
139,4,3,4,1,0,56,13,1
139,5,4,5,1,0,57,14,1
139,6,5,6,1,0,58,15,1
139,7,6,7,1,0,59,16,1
139,8,7,7.425,0.425,0,60,17,1
140,1,0,1,1,0,28,0,1
140,2,1,2,1,0,29,1,1
140,3,2,3,1,0,30,2,1
140,4,3,3.002,0.002,0,31,3,1
141,1,0,1,1,4,23,8,1
141,2,1,2,1,1,24,9,1
141,3,2,2.488,0.488,0,25,10,1
142,1,0,1,1,0,39,5,1
142,2,1,2,1,1,40,6,1
142,3,2,2.125,0.125,0,41,7,1
143,1,0,1,1,0,20,11,1
143,2,1,1.16,0.16,0,21,12,1
144,1,0,1,1,0,48,11,1
144,2,1,2,1,0,49,12,1
144,3,2,3,1,0,50,13,1
144,4,3,4,1,0,51,14,1
144,5,4,5,1,0,52,15,1
144,6,5,6,1,0,53,16,1
144,7,6,7,1,0,54,17,1
144,8,7,8,1,0,55,18,1
144,9,8,8.142,0.142,0,56,19,1
145,1,0,1,1,0,37,9,1
145,2,1,2,1,0,38,10,1
145,3,2,3,1,0,39,11,1
145,4,3,4,1,0,40,12,1
145,5,4,5,1,0,41,13,1
145,6,5,6,1,0,42,14,1
145,7,6,6.274,0.274,0,43,15,1
146,1,0,1,1,0,43,5,1
146,2,1,1.236,0.236,0,44,6,1
147,1,0,1,1,0,38,10,1
147,2,1,2,1,0,39,11,1
147,3,2,3,1,0,40,12,1
147,4,3,4,1,0,41,13,1
147,5,4,5,1,1,42,14,1
147,6,5,5.932,0.932,1,43,15,1
148,1,0,1,1,0,40,5,1
148,2,1,1.543,0.543,0,41,6,1
149,1,0,1,1,0,61,3,1
149,2,1,2,1,0,62,4,1
149,3,2,3,1,0,63,5,1
149,4,3,3.156,0.156,0,64,6,1
150,1,0,1,1,0,43,14,1
150,2,1,2,1,0,44,15,1
150,3,2,3,1,0,45,16,1
150,4,3,4,1,1,46,17,1
150,5,4,5,1,0,47,18,1
150,6,5,5.193,0.193,0,48,19,1
151,1,0,1,1,0,42,10,1
151,2,1,2,1,0,43,11,1
151,3,2,3,1,0,44,12,1
151,4,3,4,1,0,45,13,1
151,5,4,4.541,0.541,0,46,14,1
152,1,0,1,1,0,51,2,1
152,2,1,2,1,0,52,3,1
152,3,2,3,1,0,53,4,1
152,4,3,4,1,0,54,5,1
152,5,4,4.34,0.34,0,55,6,1
153,1,0,1,1,0,71,17,1
153,2,1,1.033,0.033,0,72,18,1
154,1,0,1,1,0,41,3,1
154,2,1,2,1,0,42,4,1
154,3,2,2.761,0.761,0,43,5,1
155,1,0,1,1,0,43,3,1
155,2,1,1.538,0.538,0,44,4,1
156,1,0,1,1,0,73,14,1
156,2,1,2,1,0,74,15,1
156,3,2,3,1,0,75,16,1
156,4,3,3.994,0.994,2,76,17,1
157,1,0,1,1,0,85,9,1
157,2,1,2,1,0,86,10,1
157,3,2,3,1,0,87,11,1
157,4,3,4,1,0,88,12,1
157,5,4,5,1,0,89,13,1
157,6,5,5.676,0.676,0,90,14,1
158,1,0,1,1,0,62,6,1
158,2,1,2,1,0,63,7,1
158,3,2,2.885,0.885,0,64,8,1
159,1,0,1,1,0,63,8,1
159,2,1,2,1,0,64,9,1
159,3,2,3,1,0,65,10,1
159,4,3,3.448,0.448,0,66,11,1
160,1,0,1,1,0,30,7,1
160,2,1,1.424,0.424,0,31,8,1
161,1,0,1,1,0,71,6,1
161,2,1,2,1,0,72,7,1
161,3,2,3,1,0,73,8,1
161,4,3,4,1,0,74,9,1
161,5,4,5,1,0,75,10,1
161,6,5,6,1,0,76,11,1
161,7,6,7,1,0,77,12,1
161,8,7,8,1,0,78,13,1
161,9,8,8.49,0.49,0,79,14,1
162,1,0,1,1,0,56,0,1
162,2,1,2,1,0,57,1,1
162,3,2,3,1,0,58,2,1
162,4,3,4,1,0,59,3,1
162,5,4,5,1,0,60,4,1
162,6,5,6,1,0,61,5,1
162,7,6,6.921,0.921,0,62,6,1
163,1,0,1,1,1,56,3,1
163,2,1,2,1,0,57,4,1
163,3,2,3,1,1,58,5,1
163,4,3,4,1,0,59,6,1
163,5,4,5,1,0,60,7,1
163,6,5,6,1,0,61,8,1
163,7,6,7,1,1,62,9,1
163,8,7,7.262,0.262,0,63,10,1
164,1,0,1,1,0,51,11,1
164,2,1,2,1,0,52,12,1
164,3,2,3,1,0,53,13,1
164,4,3,4,1,0,54,14,1
164,5,4,5,1,0,55,15,1
164,6,5,5.451,0.451,0,56,16,1
165,1,0,1,1,0,74,13,1
165,2,1,2,1,0,75,14,1
165,3,2,3,1,0,76,15,1
165,4,3,4,1,0,77,16,1
165,5,4,5,1,0,78,17,1
165,6,5,5.256,0.256,0,79,18,1
166,1,0,1,1,0,59,11,1
166,2,1,2,1,0,60,12,1
166,3,2,3,1,0,61,13,1
166,4,3,4,1,0,62,14,1
166,5,4,4.141,0.141,1,63,15,1
167,1,0,1,1,0,45,5,1
167,2,1,2,1,0,46,6,1
167,3,2,2.725,0.725,0,47,7,1
168,1,0,1,1,0,68,8,1
168,2,1,2,1,0,69,9,1
168,3,2,3,1,1,70,10,1
168,4,3,4,1,0,71,11,1
168,5,4,5,1,0,72,12,1
168,6,5,6,1,0,73,13,1
168,7,6,7,1,0,74,14,1
168,8,7,8,1,0,75,15,1
168,9,8,9,1,0,76,16,1
168,10,9,9.342,0.342,0,77,17,1
169,1,0,1,1,0,62,9,1
169,2,1,2,1,1,63,10,1
169,3,2,3,1,0,64,11,1
169,4,3,4,1,0,65,12,1
169,5,4,4.265,0.265,0,66,13,1
170,1,0,1,1,1,20,0,1
170,2,1,2,1,0,21,1,1
170,3,2,2.523,0.523,1,22,2,1
171,1,0,1,1,0,43,8,1
171,2,1,2,1,0,44,9,1
171,3,2,3,1,0,45,10,1
171,4,3,3.256,0.256,0,46,11,1
172,1,0,1,1,1,40,9,1
172,2,1,1.799,0.799,0,41,10,1
173,1,0,1,1,0,52,9,1
173,2,1,2,1,0,53,10,1
173,3,2,3,1,0,54,11,1
173,4,3,4,1,0,55,12,1
173,5,4,5,1,0,56,13,1
173,6,5,5.016,0.016,0,57,14,1
174,1,0,1,1,0,40,7,1
174,2,1,2,1,1,41,8,1
174,3,2,3,1,0,42,9,1
174,4,3,4,1,0,43,10,1
174,5,4,5,1,0,44,11,1
174,6,5,5.331,0.331,0,45,12,1
175,1,0,1,1,0,48,16,1
175,2,1,2,1,0,49,17,1
175,3,2,3,1,0,50,18,1
175,4,3,4,1,0,51,19,1
175,5,4,5,1,0,52,20,1
175,6,5,6,1,1,53,21,1
175,7,6,7,1,0,54,22,1
175,8,7,7.161,0.161,0,55,23,1
176,1,0,1,1,0,38,11,1
176,2,1,2,1,0,39,12,1
176,3,2,3,1,0,40,13,1
176,4,3,4,1,0,41,14,1
176,5,4,5,1,0,42,15,1
176,6,5,5.753,0.753,0,43,16,1
177,1,0,1,1,0,31,19,1
177,2,1,2,1,0,32,20,1
177,3,2,3,1,0,33,21,1
177,4,3,3.348,0.348,0,34,22,1
178,1,0,1,1,0,49,13,1
178,2,1,1.644,0.644,0,50,14,1
179,1,0,1,1,0,64,10,1
179,2,1,2,1,0,65,11,1
179,3,2,3,1,0,66,12,1
179,4,3,4,1,0,67,13,1
179,5,4,5,1,0,68,14,1
179,6,5,6,1,0,69,15,1
179,7,6,7,1,0,70,16,1
179,8,7,7.64,0.64,0,71,17,1
180,1,0,1,1,0,35,17,1
180,2,1,2,1,1,36,18,1
180,3,2,3,1,0,37,19,1
180,4,3,3.653,0.653,1,38,20,1
181,1,0,1,1,0,50,9,1
181,2,1,2,1,0,51,10,1
181,3,2,3,1,0,52,11,1
181,4,3,3.478,0.478,0,53,12,1
182,1,0,1,1,0,36,0,1
182,2,1,2,1,0,37,1,1
182,3,2,3,1,0,38,2,1
182,4,3,3.247,0.247,0,39,3,1
183,1,0,1,1,0,31,7,1
183,2,1,1.468,0.468,0,32,8,1
184,1,0,1,1,0,43,18,1
184,2,1,2,1,0,44,19,1
184,3,2,3,1,0,45,20,1
184,4,3,4,1,0,46,21,1
184,5,4,5,1,0,47,22,1
184,6,5,6,1,0,48,23,1
184,7,6,6.217,0.217,0,49,24,1
185,1,0,1,1,0,44,11,1
185,2,1,2,1,0,45,12,1
185,3,2,2.768,0.768,0,46,13,1
186,1,0,1,1,0,49,6,1
186,2,1,2,1,0,50,7,1
186,3,2,2.506,0.506,0,51,8,1
187,1,0,1,1,0,37,4,1
187,2,1,2,1,0,38,5,1
187,3,2,2.863,0.863,0,39,6,1
188,1,0,1,1,0,51,9,1
188,2,1,2,1,1,52,10,1
188,3,2,3,1,0,53,11,1
188,4,3,4,1,0,54,12,1
188,5,4,4.969,0.969,0,55,13,1
189,1,0,1,1,0,36,0,1
189,2,1,1.943,0.943,0,37,1,1
190,1,0,1,1,0,66,11,1
190,2,1,2,1,0,67,12,1
190,3,2,3,1,0,68,13,1
190,4,3,3.118,0.118,0,69,14,1
191,1,0,1,1,1,18,15,1
191,2,1,2,1,1,19,16,1
191,3,2,3,1,1,20,17,1
191,4,3,4,1,0,21,18,1
191,5,4,5,1,0,22,19,1
191,6,5,6,1,3,23,20,1
191,7,6,7,1,3,24,21,1
191,8,7,7.59,0.59,0,25,22,1
192,1,0,1,1,0,54,5,1
192,2,1,2,1,0,55,6,1
192,3,2,3,1,0,56,7,1
192,4,3,4,1,0,57,8,1
192,5,4,5,1,0,58,9,1
192,6,5,5.854,0.854,0,59,10,1
193,1,0,1,1,0,42,0,1
193,2,1,2,1,0,43,1,1
193,3,2,3,1,0,44,2,1
193,4,3,3.276,0.276,0,45,3,1
194,1,0,1,1,0,40,10,1
194,2,1,2,1,0,41,11,1
194,3,2,2.836,0.836,0,42,12,1
195,1,0,1,1,0,48,10,1
195,2,1,1.214,0.214,0,49,11,1
196,1,0,1,1,0,25,4,1
196,2,1,2,1,0,26,5,1
196,3,2,3,1,0,27,6,1
196,4,3,4,1,0,28,7,1
196,5,4,5,1,0,29,8,1
196,6,5,6,1,0,30,9,1
196,7,6,7,1,0,31,10,1
196,8,7,8,1,0,32,11,1
196,9,8,8.593,0.593,0,33,12,1
197,1,0,1,1,0,38,5,1
197,2,1,2,1,0,39,6,1
197,3,2,3,1,0,40,7,1
197,4,3,3.946,0.946,0,41,8,1
198,1,0,1,1,0,49,11,1
198,2,1,1.334,0.334,0,50,12,1
199,1,0,1,1,0,49,9,1
199,2,1,2,1,0,50,10,1
199,3,2,3,1,0,51,11,1
199,4,3,3.485,0.485,0,52,12,1
200,1,0,1,1,0,35,12,1
200,2,1,2,1,0,36,13,1
200,3,2,3,1,0,37,14,1
200,4,3,3.154,0.154,0,38,15,1
201,1,0,1,1,0,40,8,1
201,2,1,2,1,0,41,9,1
201,3,2,3,1,0,42,10,1
201,4,3,3.365,0.365,0,43,11,1
202,1,0,1,1,0,33,9,1
202,2,1,1.401,0.401,0,34,10,1
203,1,0,1,1,0,46,11,1
203,2,1,2,1,0,47,12,1
203,3,2,3,1,0,48,13,1
203,4,3,4,1,0,49,14,1
203,5,4,4.667,0.667,0,50,15,1
204,1,0,1,1,0,56,18,1
204,2,1,2,1,0,57,19,1
204,3,2,2.648,0.648,0,58,20,1
205,1,0,1,1,0,65,4,1
205,2,1,2,1,0,66,5,1
205,3,2,3,1,0,67,6,1
205,4,3,4,1,0,68,7,1
205,5,4,5,1,0,69,8,1
205,6,5,5.865,0.865,0,70,9,1
206,1,0,1,1,0,57,12,1
206,2,1,1.622,0.622,0,58,13,1
207,1,0,1,1,0,55,17,1
207,2,1,2,1,0,56,18,1
207,3,2,2.379,0.379,0,57,19,1
208,1,0,1,1,0,69,0,1
208,2,1,2,1,0,70,1,1
208,3,2,3,1,0,71,2,1
208,4,3,3.413,0.413,0,72,3,1
209,1,0,1,1,0,63,9,1
209,2,1,2,1,0,64,10,1
209,3,2,3,1,0,65,11,1
209,4,3,4,1,0,66,12,1
209,5,4,5,1,0,67,13,1
209,6,5,6,1,0,68,14,1
209,7,6,6.742,0.742,0,69,15,1
210,1,0,1,1,0,45,9,1
210,2,1,2,1,0,46,10,1
210,3,2,3,1,0,47,11,1
210,4,3,3.248,0.248,0,48,12,1
211,1,0,1,1,0,60,9,1
211,2,1,1.974,0.974,0,61,10,1
212,1,0,1,1,0,77,18,1
212,2,1,2,1,0,78,19,1
212,3,2,3,1,0,79,20,1
212,4,3,4,1,0,80,21,1
212,5,4,5,1,0,81,22,1
212,6,5,6,1,0,82,23,1
212,7,6,7,1,0,83,24,1
212,8,7,7.814,0.814,0,84,25,1
213,1,0,1,1,0,65,2,1
213,2,1,2,1,0,66,3,1
213,3,2,2.841,0.841,0,67,4,1
214,1,0,1,1,0,42,10,1
214,2,1,2,1,0,43,11,1
214,3,2,3,1,0,44,12,1
214,4,3,4,1,0,45,13,1
214,5,4,5,1,0,46,14,1
214,6,5,6,1,0,47,15,1
214,7,6,6.656,0.656,0,48,16,1
215,1,0,1,1,0,54,11,1
215,2,1,2,1,0,55,12,1
215,3,2,3,1,1,56,13,1
215,4,3,4,1,0,57,14,1
215,5,4,4.822,0.822,0,58,15,1
216,1,0,1,1,0,52,5,1
216,2,1,1.236,0.236,0,53,6,1
217,1,0,1,1,1,29,3,1
217,2,1,2,1,1,30,4,1
217,3,2,3,1,0,31,5,1
217,4,3,3.215,0.215,0,32,6,1
218,1,0,1,1,0,47,9,1
218,2,1,2,1,0,48,10,1
218,3,2,3,1,0,49,11,1
218,4,3,4,1,0,50,12,1
218,5,4,5,1,0,51,13,1
218,6,5,5.268,0.268,0,52,14,1
219,1,0,1,1,0,40,5,1
219,2,1,1.254,0.254,0,41,6,1
220,1,0,1,1,0,48,3,1
220,2,1,2,1,0,49,4,1
220,3,2,3,1,0,50,5,1
220,4,3,4,1,0,51,6,1
220,5,4,5,1,0,52,7,1
220,6,5,6,1,0,53,8,1
220,7,6,6.573,0.573,0,54,9,1
221,1,0,1,1,0,51,13,1
221,2,1,2,1,0,52,14,1
221,3,2,3,1,0,53,15,1
221,4,3,4,1,0,54,16,1
221,5,4,5,1,0,55,17,1
221,6,5,6,1,0,56,18,1
221,7,6,6.63,0.63,0,57,19,1
222,1,0,1,1,0,54,6,1
222,2,1,2,1,1,55,7,1
222,3,2,3,1,0,56,8,1
222,4,3,4,1,1,57,9,1
222,5,4,5,1,0,58,10,1
222,6,5,5.696,0.696,0,59,11,1
223,1,0,1,1,0,48,7,1
223,2,1,1.889,0.889,0,49,8,1
224,1,0,1,1,0,61,11,1
224,2,1,2,1,0,62,12,1
224,3,2,3,1,0,63,13,1
224,4,3,4,1,0,64,14,1
224,5,4,4.978,0.978,0,65,15,1
225,1,0,1,1,1,46,10,1
225,2,1,2,1,1,47,11,1
225,3,2,3,1,0,48,12,1
225,4,3,4,1,0,49,13,1
225,5,4,5,1,0,50,14,1
225,6,5,6,1,0,51,15,1
225,7,6,6.628,0.628,0,52,16,1
226,1,0,1,1,0,37,10,1
226,2,1,2,1,0,38,11,1
226,3,2,3,1,0,39,12,1
226,4,3,4,1,0,40,13,1
226,5,4,4.209,0.209,0,41,14,1
227,1,0,1,1,0,52,10,1
227,2,1,2,1,0,53,11,1
227,3,2,2.1,0.1,0,54,12,1
228,1,0,1,1,0,53,5,1
228,2,1,2,1,0,54,6,1
228,3,2,3,1,0,55,7,1
228,4,3,4,1,0,56,8,1
228,5,4,5,1,0,57,9,1
228,6,5,6,1,0,58,10,1
228,7,6,6.981,0.981,0,59,11,1
229,1,0,1,1,0,52,9,1
229,2,1,2,1,0,53,10,1
229,3,2,3,1,0,54,11,1
229,4,3,4,1,0,55,12,1
229,5,4,4.708,0.708,0,56,13,1
230,1,0,0.49,0.49,0,23,4,1
231,1,0,1,1,0,25,13,1
231,2,1,2,1,0,26,14,1
231,3,2,3,1,1,27,15,1
231,4,3,3.375,0.375,0,28,16,1
232,1,0,1,1,1,44,4,1
232,2,1,2,1,0,45,5,1
232,3,2,3,1,0,46,6,1
232,4,3,3.773,0.773,0,47,7,1
233,1,0,1,1,0,18,7,1
233,2,1,1.393,0.393,0,19,8,1
234,1,0,1,1,0,43,5,1
234,2,1,2,1,0,44,6,1
234,3,2,3,1,0,45,7,1
234,4,3,3.207,0.207,0,46,8,1
235,1,0,1,1,0,24,5,1
235,2,1,2,1,0,25,6,1
235,3,2,3,1,0,26,7,1
235,4,3,3.789,0.789,1,27,8,1
236,1,0,1,1,0,77,9,1
236,2,1,2,1,0,78,10,1
236,3,2,2.799,0.799,0,79,11,1
237,1,0,1,1,0,55,3,1
237,2,1,1.078,0.078,0,56,4,1
238,1,0,1,1,0,63,11,1
238,2,1,2,1,0,64,12,1
238,3,2,3,1,0,65,13,1
238,4,3,4,1,1,66,14,1
238,5,4,5,1,0,67,15,1
238,6,5,6,1,0,68,16,1
238,7,6,7,1,0,69,17,1
238,8,7,7.082,0.082,0,70,18,1
239,1,0,1,1,0,75,9,1
239,2,1,2,1,0,76,10,1
239,3,2,3,1,0,77,11,1
239,4,3,4,1,0,78,12,1
239,5,4,4.176,0.176,0,79,13,1
240,1,0,1,1,0,56,6,1
240,2,1,2,1,0,57,7,1
240,3,2,3,1,0,58,8,1
240,4,3,4,1,0,59,9,1
240,5,4,4.095,0.095,0,60,10,1
241,1,0,1,1,0,56,12,1
241,2,1,1.924,0.924,0,57,13,1
242,1,0,0.213,0.213,0,57,1,1
243,1,0,1,1,0,22,8,1
243,2,1,2,1,0,23,9,1
243,3,2,3,1,0,24,10,1
243,4,3,3.052,0.052,0,25,11,1
244,1,0,1,1,0,32,12,1
244,2,1,1.319,0.319,1,33,13,1
245,1,0,1,1,0,26,7,1
245,2,1,2,1,0,27,8,1
245,3,2,3,1,0,28,9,1
245,4,3,4,1,0,29,10,1
245,5,4,5,1,0,30,11,1
245,6,5,6,1,0,31,12,1
245,7,6,7,1,1,32,13,1
245,8,7,8,1,1,33,14,1
245,9,8,9,1,0,34,15,1
245,10,9,9.909,0.909,1,35,16,1
246,1,0,1,1,0,18,15,1
246,2,1,2,1,0,19,16,1
246,3,2,3,1,0,20,17,1
246,4,3,4,1,1,21,18,1
246,5,4,5,1,0,22,19,1
246,6,5,6,1,0,23,20,1
246,7,6,6.765,0.765,0,24,21,1
247,1,0,1,1,0,55,1,1
247,2,1,2,1,0,56,2,1
247,3,2,3,1,0,57,3,1
247,4,3,4,1,0,58,4,1
247,5,4,5,1,0,59,5,1
247,6,5,5.809,0.809,0,60,6,1
248,1,0,1,1,1,37,7,1
248,2,1,2,1,0,38,8,1
248,3,2,3,1,0,39,9,1
248,4,3,4,1,0,40,10,1
248,5,4,5,1,0,41,11,1
248,6,5,5.372,0.372,0,42,12,1
249,1,0,1,1,0,71,10,1
249,2,1,1.388,0.388,0,72,11,1
250,1,0,1,1,0,32,7,1
250,2,1,2,1,0,33,8,1
250,3,2,3,1,0,34,9,1
250,4,3,4,1,0,35,10,1
250,5,4,4.267,0.267,0,36,11,1
251,1,0,1,1,1,44,4,1
251,2,1,2,1,0,45,5,1
251,3,2,3,1,0,46,6,1
251,4,3,4,1,0,47,7,1
251,5,4,5,1,1,48,8,1
251,6,5,6,1,0,49,9,1
251,7,6,7,1,0,50,10,1
251,8,7,7.189,0.189,0,51,11,1
252,1,0,1,1,0,30,11,1
252,2,1,2,1,0,31,12,1
252,3,2,3,1,0,32,13,1
252,4,3,4,1,0,33,14,1
252,5,4,4.52,0.52,0,34,15,1
253,1,0,1,1,0,41,15,1
253,2,1,1.033,0.033,0,42,16,1
254,1,0,1,1,0,60,6,1
254,2,1,2,1,0,61,7,1
254,3,2,3,1,0,62,8,1
254,4,3,4,1,0,63,9,1
254,5,4,5,1,0,64,10,1
254,6,5,6,1,0,65,11,1
254,7,6,7,1,0,66,12,1
254,8,7,8,1,0,67,13,1
254,9,8,8.927,0.927,0,68,14,1
255,1,0,1,1,1,30,16,1
255,2,1,2,1,1,31,17,1
255,3,2,2.29,0.29,0,32,18,1
256,1,0,1,1,0,29,14,1
256,2,1,2,1,3,30,15,1
256,3,2,3,1,0,31,16,1
256,4,3,3.196,0.196,0,32,17,1
257,1,0,1,1,0,37,10,1
257,2,1,1.184,0.184,0,38,11,1
258,1,0,1,1,0,69,7,1
258,2,1,2,1,0,70,8,1
258,3,2,2.293,0.293,0,71,9,1
259,1,0,1,1,0,48,12,1
259,2,1,2,1,0,49,13,1
259,3,2,3,1,1,50,14,1
259,4,3,4,1,0,51,15,1
259,5,4,4.812,0.812,0,52,16,1
260,1,0,1,1,0,57,12,1
260,2,1,2,1,0,58,13,1
260,3,2,3,1,0,59,14,1
260,4,3,4,1,0,60,15,1
260,5,4,4.634,0.634,0,61,16,1
261,1,0,1,1,0,38,14,1
261,2,1,1.78,0.78,0,39,15,1
262,1,0,1,1,0,37,18,1
262,2,1,1.193,0.193,0,38,19,1
263,1,0,1,1,1,29,8,1
263,2,1,2,1,1,30,9,1
263,3,2,2.625,0.625,0,31,10,1
264,1,0,0.387,0.387,0,40,8,1
265,1,0,0.708,0.708,0,55,7,1
266,1,0,1,1,1,55,12,1
266,2,1,1.14,0.14,0,56,13,1
267,1,0,1,1,0,42,7,1
267,2,1,2,1,0,43,8,1
267,3,2,3,1,0,44,9,1
267,4,3,4,1,0,45,10,1
267,5,4,5,1,0,46,11,1
267,6,5,5.399,0.399,0,47,12,1
268,1,0,1,1,0,18,11,1
268,2,1,2,1,0,19,12,1
268,3,2,3,1,0,20,13,1
268,4,3,4,1,1,21,14,1
268,5,4,5,1,0,22,15,1
268,6,5,5.076,0.076,0,23,16,1
269,1,0,1,1,2,40,6,1
269,2,1,2,1,0,41,7,1
269,3,2,3,1,0,42,8,1
269,4,3,4,1,0,43,9,1
269,5,4,5,1,0,44,10,1
269,6,5,6,1,1,45,11,1
269,7,6,7,1,1,46,12,1
269,8,7,8,1,0,47,13,1
269,9,8,9,1,0,48,14,1
269,10,9,9.319,0.319,0,49,15,1
270,1,0,1,1,0,43,11,1
270,2,1,2,1,0,44,12,1
270,3,2,3,1,0,45,13,1
270,4,3,4,1,0,46,14,1
270,5,4,5,1,0,47,15,1
270,6,5,6,1,0,48,16,1
270,7,6,6.803,0.803,0,49,17,1
271,1,0,1,1,0,41,8,1
271,2,1,2,1,0,42,9,1
271,3,2,3,1,0,43,10,1
271,4,3,4,1,0,44,11,1
271,5,4,5,1,0,45,12,1
271,6,5,6,1,0,46,13,1
271,7,6,6.671,0.671,0,47,14,1
272,1,0,1,1,0,39,6,1
272,2,1,2,1,0,40,7,1
272,3,2,3,1,0,41,8,1
272,4,3,3.118,0.118,0,42,9,1
273,1,0,1,1,0,55,8,1
273,2,1,2,1,0,56,9,1
273,3,2,2.008,0.008,0,57,10,1
274,1,0,0.751,0.751,0,66,7,1
275,1,0,1,1,1,35,9,1
275,2,1,2,1,0,36,10,1
275,3,2,3,1,0,37,11,1
275,4,3,4,1,0,38,12,1
275,5,4,5,1,0,39,13,1
275,6,5,6,1,0,40,14,1
275,7,6,6.656,0.656,1,41,15,1
276,1,0,1,1,0,63,9,1
276,2,1,1.394,0.394,0,64,10,1
277,1,0,0.222,0.222,0,38,4,1
278,1,0,1,1,1,54,9,1
278,2,1,2,1,0,55,10,1
278,3,2,3,1,0,56,11,1
278,4,3,4,1,0,57,12,1
278,5,4,4.478,0.478,0,58,13,1
279,1,0,1,1,0,43,15,1
279,2,1,2,1,0,44,16,1
279,3,2,3,1,1,45,17,1
279,4,3,3.046,0.046,0,46,18,1
280,1,0,1,1,1,26,3,1
280,2,1,2,1,0,27,4,1
280,3,2,3,1,1,28,5,1
280,4,3,4,1,0,29,6,1
280,5,4,5,1,0,30,7,1
280,6,5,6,1,0,31,8,1
280,7,6,7,1,0,32,9,1
280,8,7,7.453,0.453,0,33,10,1
281,1,0,0.663,0.663,0,39,5,1
282,1,0,0.395,0.395,0,46,6,1
283,1,0,0.774,0.774,0,47,2,1
284,1,0,1,1,0,30,8,1
284,2,1,2,1,0,31,9,1
284,3,2,2.839,0.839,0,32,10,1
285,1,0,1,1,0,29,8,1
285,2,1,2,1,0,30,9,1
285,3,2,2.429,0.429,0,31,10,1
286,1,0,1,1,0,32,12,1
286,2,1,2,1,0,33,13,1
286,3,2,3,1,0,34,14,1
286,4,3,3.577,0.577,0,35,15,1
287,1,0,1,1,0,39,10,1
287,2,1,2,1,0,40,11,1
287,3,2,3,1,0,41,12,1
287,4,3,4,1,0,42,13,1
287,5,4,5,1,0,43,14,1
287,6,5,6,1,0,44,15,1
287,7,6,7,1,0,45,16,1
287,8,7,8,1,0,46,17,1
287,9,8,8.248,0.248,0,47,18,1
288,1,0,1,1,0,46,1,1
288,2,1,2,1,0,47,2,1
288,3,2,3,1,0,48,3,1
288,4,3,3.349,0.349,0,49,4,1
289,1,0,1,1,1,33,6,1
289,2,1,1.611,0.611,0,34,7,1
290,1,0,1,1,0,19,4,1
290,2,1,2,1,0,20,5,1
290,3,2,3,1,2,21,6,1
290,4,3,4,1,1,22,7,1
290,5,4,5,1,1,23,8,1
290,6,5,5.831,0.831,0,24,9,1
291,1,0,1,1,0,50,12,1
291,2,1,2,1,0,51,13,1
291,3,2,2.396,0.396,0,52,14,1
292,1,0,1,1,0,45,16,1
292,2,1,2,1,0,46,17,1
292,3,2,2.198,0.198,0,47,18,1
293,1,0,1,1,0,48,11,1
293,2,1,2,1,0,49,12,1
293,3,2,3,1,0,50,13,1
293,4,3,4,1,0,51,14,1
293,5,4,5,1,0,52,15,1
293,6,5,6,1,0,53,16,1
293,7,6,7,1,1,54,17,1
293,8,7,8,1,0,55,18,1
293,9,8,9,1,0,56,19,1
293,10,9,9.55,0.55,0,57,20,1
294,1,0,1,1,0,51,12,1
294,2,1,1.61,0.61,0,52,13,1
295,1,0,1,1,0,42,16,1
295,2,1,2,1,0,43,17,1
295,3,2,2.437,0.437,0,44,18,1
296,1,0,0.836,0.836,0,38,1,1
297,1,0,1,1,0,40,1,1
297,2,1,1.272,0.272,0,41,2,1
298,1,0,1,1,0,64,11,1
298,2,1,2,1,0,65,12,1
298,3,2,3,1,0,66,13,1
298,4,3,4,1,0,67,14,1
298,5,4,4.58,0.58,1,68,15,1
299,1,0,0.576,0.576,0,49,13,1
300,1,0,1,1,0,60,5,1
300,2,1,1.832,0.832,0,61,6,1
301,1,0,1,1,0,68,6,1
301,2,1,1.613,0.613,0,69,7,1
302,1,0,1,1,0,64,16,1
302,2,1,2,1,0,65,17,1
302,3,2,3,1,0,66,18,1
302,4,3,3.609,0.609,0,67,19,1
303,1,0,0.448,0.448,0,42,8,1
304,1,0,1,1,0,18,2,1
304,2,1,2,1,0,19,3,1
304,3,2,2.821,0.821,0,20,4,1
305,1,0,0.888,0.888,0,28,6,1
306,1,0,1,1,0,23,14,1
306,2,1,2,1,0,24,15,1
306,3,2,3,1,0,25,16,1
306,4,3,4,1,0,26,17,1
306,5,4,5,1,0,27,18,1
306,6,5,6,1,0,28,19,1
306,7,6,7,1,1,29,20,1
306,8,7,8,1,0,30,21,1
306,9,8,8.095,0.095,0,31,22,1
307,1,0,1,1,0,52,5,1
307,2,1,2,1,0,53,6,1
307,3,2,3,1,0,54,7,1
307,4,3,4,1,0,55,8,1
307,5,4,5,1,0,56,9,1
307,6,5,5.47,0.47,0,57,10,1
308,1,0,1,1,0,34,13,1
308,2,1,1.094,0.094,0,35,14,1
309,1,0,1,1,0,47,4,1
309,2,1,2,1,1,48,5,1
309,3,2,3,1,0,49,6,1
309,4,3,4,1,0,50,7,1
309,5,4,4.134,0.134,0,51,8,1
310,1,0,1,1,0,54,5,1
310,2,1,1.607,0.607,0,55,6,1
311,1,0,1,1,1,60,8,1
311,2,1,1.93,0.93,0,61,9,1
312,1,0,1,1,0,42,7,1
312,2,1,2,1,0,43,8,1
312,3,2,3,1,0,44,9,1
312,4,3,4,1,0,45,10,1
312,5,4,5,1,0,46,11,1
312,6,5,6,1,1,47,12,1
312,7,6,7,1,0,48,13,1
312,8,7,8,1,0,49,14,1
312,9,8,9,1,0,50,15,1
312,10,9,9.714,0.714,0,51,16,1
313,1,0,1,1,0,48,13,1
313,2,1,2,1,0,49,14,1
313,3,2,3,1,0,50,15,1
313,4,3,4,1,0,51,16,1
313,5,4,4.852,0.852,0,52,17,1
314,1,0,1,1,0,47,14,1
314,2,1,2,1,0,48,15,1
314,3,2,3,1,1,49,16,1
314,4,3,4,1,0,50,17,1
314,5,4,5,1,0,51,18,1
314,6,5,6,1,0,52,19,1
314,7,6,7,1,0,53,20,1
314,8,7,8,1,0,54,21,1
314,9,8,8.9,0.9,0,55,22,1
315,1,0,1,1,0,21,0,1
315,2,1,2,1,0,22,1,1
315,3,2,3,1,1,23,2,1
315,4,3,4,1,0,24,3,1
315,5,4,4.09,0.09,0,25,4,1
316,1,0,1,1,0,18,1,1
316,2,1,1.282,0.282,0,19,2,1
317,1,0,1,1,0,53,9,1
317,2,1,2,1,0,54,10,1
317,3,2,3,1,0,55,11,1
317,4,3,3.198,0.198,0,56,12,1
318,1,0,1,1,0,60,10,1
318,2,1,1.814,0.814,0,61,11,1
319,1,0,1,1,0,40,12,1
319,2,1,2,1,0,41,13,1
319,3,2,3,1,0,42,14,1
319,4,3,4,1,0,43,15,1
319,5,4,4.312,0.312,0,44,16,1
320,1,0,1,1,0,38,1,1
320,2,1,2,1,0,39,2,1
320,3,2,3,1,0,40,3,1
320,4,3,3.074,0.074,0,41,4,1
321,1,0,1,1,0,38,10,1
321,2,1,2,1,0,39,11,1
321,3,2,3,1,0,40,12,1
321,4,3,3.914,0.914,0,41,13,1
322,1,0,1,1,0,38,9,1
322,2,1,2,1,0,39,10,1
322,3,2,3,1,0,40,11,1
322,4,3,4,1,0,41,12,1
322,5,4,5,1,0,42,13,1
322,6,5,6,1,0,43,14,1
322,7,6,7,1,0,44,15,1
322,8,7,8,1,0,45,16,1
322,9,8,9,1,1,46,17,1
322,10,9,9.952,0.952,0,47,18,1
323,1,0,1,1,0,21,4,1
323,2,1,1.914,0.914,0,22,5,1
324,1,0,1,1,0,68,12,1
324,2,1,2,1,0,69,13,1
324,3,2,3,1,0,70,14,1
324,4,3,4,1,0,71,15,1
324,5,4,4.561,0.561,0,72,16,1
325,1,0,1,1,0,47,12,1
325,2,1,2,1,0,48,13,1
325,3,2,3,1,0,49,14,1
325,4,3,3.314,0.314,0,50,15,1
326,1,0,1,1,3,69,8,1
326,2,1,2,1,0,70,9,1
326,3,2,3,1,0,71,10,1
326,4,3,4,1,0,72,11,1
326,5,4,5,1,0,73,12,1
326,6,5,5.104,0.104,0,74,13,1
327,1,0,1,1,0,45,11,1
327,2,1,2,1,0,46,12,1
327,3,2,3,1,0,47,13,1
327,4,3,4,1,0,48,14,1
327,5,4,5,1,0,49,15,1
327,6,5,6,1,0,50,16,1
327,7,6,7,1,0,51,17,1
327,8,7,7.781,0.781,0,52,18,1
328,1,0,1,1,0,83,4,1
328,2,1,2,1,0,84,5,1
328,3,2,3,1,1,85,6,1
328,4,3,4,1,0,86,7,1
328,5,4,5,1,2,87,8,1
328,6,5,5.844,0.844,0,88,9,1
329,1,0,1,1,0,60,3,1
329,2,1,1.478,0.478,0,61,4,1
330,1,0,1,1,0,71,13,1
330,2,1,2,1,1,72,14,1
330,3,2,3,1,1,73,15,1
330,4,3,4,1,1,74,16,1
330,5,4,4.111,0.111,0,75,17,1
331,1,0,1,1,0,48,9,1
331,2,1,2,1,0,49,10,1
331,3,2,3,1,0,50,11,1
331,4,3,4,1,0,51,12,1
331,5,4,5,1,0,52,13,1
331,6,5,6,1,0,53,14,1
331,7,6,7,1,0,54,15,1
331,8,7,8,1,0,55,16,1
331,9,8,8.698,0.698,1,56,17,1
332,1,0,1,1,0,71,2,1
332,2,1,2,1,1,72,3,1
332,3,2,2.568,0.568,1,73,4,1
333,1,0,1,1,0,56,13,1
333,2,1,2,1,0,57,14,1
333,3,2,3,1,0,58,15,1
333,4,3,3.893,0.893,0,59,16,1
334,1,0,1,1,0,60,11,1
334,2,1,2,1,0,61,12,1
334,3,2,3,1,0,62,13,1
334,4,3,3.627,0.627,0,63,14,1
335,1,0,1,1,0,36,11,1
335,2,1,2,1,1,37,12,1
335,3,2,3,1,0,38,13,1
335,4,3,4,1,0,39,14,1
335,5,4,5,1,0,40,15,1
335,6,5,5.591,0.591,0,41,16,1
336,1,0,1,1,1,49,7,1
336,2,1,1.24,0.24,1,50,8,1
337,1,0,1,1,0,50,11,1
337,2,1,1.071,0.071,0,51,12,1
338,1,0,1,1,0,45,11,1
338,2,1,2,1,0,46,12,1
338,3,2,3,1,0,47,13,1
338,4,3,4,1,0,48,14,1
338,5,4,4.156,0.156,0,49,15,1
339,1,0,1,1,0,37,6,1
339,2,1,1.387,0.387,0,38,7,1
340,1,0,1,1,0,53,4,1
340,2,1,2,1,0,54,5,1
340,3,2,3,1,0,55,6,1
340,4,3,3.121,0.121,0,56,7,1
341,1,0,1,1,0,48,7,1
341,2,1,2,1,0,49,8,1
341,3,2,3,1,0,50,9,1
341,4,3,4,1,0,51,10,1
341,5,4,5,1,0,52,11,1
341,6,5,6,1,1,53,12,1
341,7,6,7,1,0,54,13,1
341,8,7,8,1,0,55,14,1
341,9,8,8.044,0.044,0,56,15,1
342,1,0,1,1,0,56,11,1
342,2,1,2,1,0,57,12,1
342,3,2,3,1,0,58,13,1
342,4,3,4,1,0,59,14,1
342,5,4,5,1,0,60,15,1
342,6,5,6,1,0,61,16,1
342,7,6,7,1,1,62,17,1
342,8,7,7.651,0.651,0,63,18,1
343,1,0,1,1,0,33,8,1
343,2,1,2,1,1,34,9,1
343,3,2,2.637,0.637,0,35,10,1
344,1,0,1,1,0,26,12,1
344,2,1,2,1,0,27,13,1
344,3,2,3,1,0,28,14,1
344,4,3,3.092,0.092,0,29,15,1
345,1,0,1,1,0,65,12,1
345,2,1,2,1,0,66,13,1
345,3,2,3,1,0,67,14,1
345,4,3,4,1,0,68,15,1
345,5,4,5,1,0,69,16,1
345,6,5,6,1,0,70,17,1
345,7,6,7,1,0,71,18,1
345,8,7,8,1,0,72,19,1
345,9,8,9,1,0,73,20,1
345,10,9,9.059,0.059,0,74,21,1
346,1,0,1,1,0,39,6,1
346,2,1,2,1,0,40,7,1
346,3,2,3,1,0,41,8,1
346,4,3,4,1,0,42,9,1
346,5,4,5,1,0,43,10,1
346,6,5,6,1,0,44,11,1
346,7,6,7,1,0,45,12,1
346,8,7,8,1,0,46,13,1
346,9,8,9,1,0,47,14,1
346,10,9,9.139,0.139,0,48,15,1
347,1,0,1,1,1,53,9,1
347,2,1,2,1,0,54,10,1
347,3,2,3,1,0,55,11,1
347,4,3,4,1,0,56,12,1
347,5,4,5,1,1,57,13,1
347,6,5,6,1,0,58,14,1
347,7,6,7,1,0,59,15,1
347,8,7,8,1,1,60,16,1
347,9,8,9,1,2,61,17,1
347,10,9,9.387,0.387,0,62,18,1
348,1,0,1,1,0,29,15,1
348,2,1,2,1,0,30,16,1
348,3,2,2.997,0.997,2,31,17,1
349,1,0,1,1,1,32,9,1
349,2,1,2,1,0,33,10,1
349,3,2,3,1,1,34,11,1
349,4,3,4,1,0,35,12,1
349,5,4,5,1,0,36,13,1
349,6,5,6,1,0,37,14,1
349,7,6,6.924,0.924,0,38,15,1
350,1,0,1,1,0,40,7,1
350,2,1,2,1,0,41,8,1
350,3,2,3,1,0,42,9,1
350,4,3,3.369,0.369,0,43,10,1
351,1,0,1,1,1,36,8,1
351,2,1,1.124,0.124,0,37,9,1
352,1,0,1,1,0,42,4,1
352,2,1,2,1,0,43,5,1
352,3,2,3,1,0,44,6,1
352,4,3,4,1,0,45,7,1
352,5,4,5,1,0,46,8,1
352,6,5,6,1,0,47,9,1
352,7,6,7,1,0,48,10,1
352,8,7,8,1,0,49,11,1
352,9,8,8.076,0.076,0,50,12,1
353,1,0,1,1,1,58,9,1
353,2,1,2,1,0,59,10,1
353,3,2,2.779,0.779,0,60,11,1
354,1,0,1,1,0,46,13,1
354,2,1,2,1,0,47,14,1
354,3,2,3,1,0,48,15,1
354,4,3,4,1,0,49,16,1
354,5,4,5,1,0,50,17,1
354,6,5,6,1,0,51,18,1
354,7,6,7,1,0,52,19,1
354,8,7,8,1,1,53,20,1
354,9,8,9,1,0,54,21,1
354,10,9,9.243,0.243,0,55,22,1
355,1,0,0.33,0.33,0,62,2,1
356,1,0,1,1,0,42,10,1
356,2,1,2,1,1,43,11,1
356,3,2,3,1,0,44,12,1
356,4,3,4,1,0,45,13,1
356,5,4,5,1,0,46,14,1
356,6,5,6,1,0,47,15,1
356,7,6,7,1,0,48,16,1
356,8,7,8,1,1,49,17,1
356,9,8,8.254,0.254,1,50,18,1
357,1,0,1,1,0,24,10,1
357,2,1,2,1,0,25,11,1
357,3,2,2.542,0.542,0,26,12,1
358,1,0,1,1,0,48,0,1
358,2,1,1.399,0.399,0,49,1,1
359,1,0,1,1,0,33,18,1
359,2,1,2,1,0,34,19,1
359,3,2,3,1,0,35,20,1
359,4,3,4,1,0,36,21,1
359,5,4,5,1,0,37,22,1
359,6,5,5.133,0.133,0,38,23,1
360,1,0,1,1,0,40,2,1
360,2,1,2,1,0,41,3,1
360,3,2,3,1,0,42,4,1
360,4,3,4,1,0,43,5,1
360,5,4,5,1,0,44,6,1
360,6,5,6,1,0,45,7,1
360,7,6,7,1,0,46,8,1
360,8,7,8,1,1,47,9,1
360,9,8,9,1,0,48,10,1
360,10,9,9.665,0.665,0,49,11,1
361,1,0,1,1,0,29,0,1
361,2,1,2,1,0,30,1,1
361,3,2,2.202,0.202,0,31,2,1
362,1,0,1,1,0,39,9,1
362,2,1,1.578,0.578,0,40,10,1
363,1,0,1,1,0,62,10,1
363,2,1,2,1,0,63,11,1
363,3,2,3,1,0,64,12,1
363,4,3,4,1,0,65,13,1
363,5,4,5,1,0,66,14,1
363,6,5,5.036,0.036,0,67,15,1
364,1,0,1,1,0,55,9,1
364,2,1,2,1,0,56,10,1
364,3,2,3,1,0,57,11,1
364,4,3,4,1,0,58,12,1
364,5,4,5,1,0,59,13,1
364,6,5,6,1,0,60,14,1
364,7,6,7,1,0,61,15,1
364,8,7,8,1,0,62,16,1
364,9,8,9,1,0,63,17,1
364,10,9,9.047,0.047,0,64,18,1
365,1,0,1,1,1,48,5,1
365,2,1,2,1,0,49,6,1
365,3,2,3,1,0,50,7,1
365,4,3,4,1,1,51,8,1
365,5,4,4.338,0.338,0,52,9,1
366,1,0,1,1,1,41,11,1
366,2,1,2,1,0,42,12,1
366,3,2,2.458,0.458,0,43,13,1
367,1,0,1,1,0,48,10,1
367,2,1,2,1,0,49,11,1
367,3,2,3,1,0,50,12,1
367,4,3,3.008,0.008,0,51,13,1
368,1,0,1,1,0,27,0,1
368,2,1,2,1,0,28,1,1
368,3,2,3,1,0,29,2,1
368,4,3,4,1,0,30,3,1
368,5,4,5,1,0,31,4,1
368,6,5,5.481,0.481,0,32,5,1
369,1,0,1,1,0,68,9,1
369,2,1,2,1,0,69,10,1
369,3,2,3,1,1,70,11,1
369,4,3,4,1,0,71,12,1
369,5,4,5,1,0,72,13,1
369,6,5,6,1,0,73,14,1
369,7,6,6.748,0.748,0,74,15,1
370,1,0,1,1,0,48,5,1
370,2,1,2,1,0,49,6,1
370,3,2,3,1,0,50,7,1
370,4,3,4,1,0,51,8,1
370,5,4,5,1,0,52,9,1
370,6,5,6,1,0,53,10,1
370,7,6,6.399,0.399,0,54,11,1
371,1,0,1,1,0,45,7,1
371,2,1,2,1,0,46,8,1
371,3,2,3,1,3,47,9,1
371,4,3,4,1,1,48,10,1
371,5,4,4.085,0.085,0,49,11,1
372,1,0,1,1,0,31,0,1
372,2,1,1.428,0.428,0,32,1,1
373,1,0,1,1,0,64,12,1
373,2,1,1.713,0.713,0,65,13,1
374,1,0,1,1,0,74,9,1
374,2,1,2,1,0,75,10,1
374,3,2,3,1,0,76,11,1
374,4,3,4,1,0,77,12,1
374,5,4,5,1,0,78,13,1
374,6,5,6,1,0,79,14,1
374,7,6,7,1,1,80,15,1
374,8,7,7.704,0.704,0,81,16,1
375,1,0,1,1,0,67,12,1
375,2,1,2,1,0,68,13,1
375,3,2,2.304,0.304,0,69,14,1
376,1,0,1,1,0,18,7,1
376,2,1,2,1,0,19,8,1
376,3,2,2.574,0.574,0,20,9,1
377,1,0,1,1,0,49,7,1
377,2,1,2,1,0,50,8,1
377,3,2,3,1,0,51,9,1
377,4,3,4,1,0,52,10,1
377,5,4,5,1,0,53,11,1
377,6,5,5.179,0.179,0,54,12,1
378,1,0,1,1,1,53,6,1
378,2,1,2,1,0,54,7,1
378,3,2,2.739,0.739,0,55,8,1
379,1,0,1,1,0,35,4,1
379,2,1,1.462,0.462,0,36,5,1
380,1,0,1,1,0,53,10,1
380,2,1,1.2,0.2,0,54,11,1
381,1,0,1,1,1,33,0,1
381,2,1,2,1,0,34,1,1
381,3,2,3,1,1,35,2,1
381,4,3,3.316,0.316,1,36,3,1
382,1,0,1,1,0,30,13,1
382,2,1,2,1,1,31,14,1
382,3,2,3,1,0,32,15,1
382,4,3,4,1,0,33,16,1
382,5,4,4.523,0.523,0,34,17,1
383,1,0,1,1,0,26,6,1
383,2,1,2,1,0,27,7,1
383,3,2,2.437,0.437,0,28,8,1
384,1,0,0.912,0.912,0,49,12,1
385,1,0,1,1,0,18,7,1
385,2,1,2,1,0,19,8,1
385,3,2,3,1,0,20,9,1
385,4,3,4,1,0,21,10,1
385,5,4,5,1,1,22,11,1
385,6,5,6,1,0,23,12,1
385,7,6,7,1,0,24,13,1
385,8,7,7.42,0.42,0,25,14,1
386,1,0,1,1,0,74,11,1
386,2,1,2,1,0,75,12,1
386,3,2,3,1,0,76,13,1
386,4,3,4,1,0,77,14,1
386,5,4,4.299,0.299,0,78,15,1
387,1,0,1,1,0,43,8,1
387,2,1,2,1,0,44,9,1
387,3,2,2.764,0.764,0,45,10,1
388,1,0,1,1,0,60,8,1
388,2,1,2,1,0,61,9,1
388,3,2,3,1,0,62,10,1
388,4,3,3.961,0.961,1,63,11,1
389,1,0,1,1,1,23,4,1
389,2,1,2,1,0,24,5,1
389,3,2,3,1,0,25,6,1
389,4,3,4,1,0,26,7,1
389,5,4,5,1,0,27,8,1
389,6,5,6,1,1,28,9,1
389,7,6,7,1,0,29,10,1
389,8,7,7.867,0.867,0,30,11,1
390,1,0,1,1,0,20,16,1
390,2,1,2,1,0,21,17,1
390,3,2,3,1,0,22,18,1
390,4,3,3.381,0.381,0,23,19,1
391,1,0,1,1,0,73,15,1
391,2,1,2,1,0,74,16,1
391,3,2,3,1,0,75,17,1
391,4,3,4,1,0,76,18,1
391,5,4,5,1,2,77,19,1
391,6,5,6,1,0,78,20,1
391,7,6,7,1,0,79,21,1
391,8,7,8,1,0,80,22,1
391,9,8,9,1,0,81,23,1
391,10,9,9.53,0.53,0,82,24,1
392,1,0,1,1,0,58,6,1
392,2,1,1.776,0.776,0,59,7,1
393,1,0,1,1,0,44,7,1
393,2,1,2,1,0,45,8,1
393,3,2,3,1,0,46,9,1
393,4,3,4,1,0,47,10,1
393,5,4,5,1,0,48,11,1
393,6,5,6,1,0,49,12,1
393,7,6,7,1,0,50,13,1
393,8,7,8,1,0,51,14,1
393,9,8,8.79,0.79,0,52,15,1
394,1,0,1,1,0,46,0,1
394,2,1,2,1,0,47,1,1
394,3,2,3,1,0,48,2,1
394,4,3,3.92,0.92,0,49,3,1
395,1,0,1,1,0,79,0,1
395,2,1,2,1,0,80,1,1
395,3,2,2.035,0.035,0,81,2,1
396,1,0,1,1,0,34,2,1
396,2,1,2,1,0,35,3,1
396,3,2,2.878,0.878,0,36,4,1
397,1,0,1,1,0,20,4,1
397,2,1,1.599,0.599,1,21,5,1
398,1,0,1,1,0,45,18,1
398,2,1,2,1,0,46,19,1
398,3,2,2.193,0.193,0,47,20,1
399,1,0,1,1,0,23,4,1
399,2,1,2,1,0,24,5,1
399,3,2,2.909,0.909,0,25,6,1
400,1,0,1,1,0,40,6,1
400,2,1,2,1,0,41,7,1
400,3,2,3,1,0,42,8,1
400,4,3,4,1,0,43,9,1
400,5,4,5,1,0,44,10,1
400,6,5,6,1,0,45,11,1
400,7,6,7,1,0,46,12,1
400,8,7,8,1,0,47,13,1
400,9,8,8.383,0.383,0,48,14,1
401,1,0,1,1,0,35,9,1
401,2,1,2,1,0,36,10,1
401,3,2,3,1,0,37,11,1
401,4,3,3.023,0.023,0,38,12,1
402,1,0,1,1,0,44,14,1
402,2,1,1.991,0.991,0,45,15,1
403,1,0,1,1,0,39,0,1
403,2,1,1.981,0.981,0,40,1,1
404,1,0,1,1,2,18,7,1
404,2,1,2,1,0,19,8,1
404,3,2,3,1,1,20,9,1
404,4,3,4,1,0,21,10,1
404,5,4,4.44,0.44,0,22,11,1
405,1,0,1,1,2,18,3,1
405,2,1,1.235,0.235,0,19,4,1
406,1,0,1,1,0,34,5,1
406,2,1,2,1,0,35,6,1
406,3,2,2.415,0.415,0,36,7,1
407,1,0,1,1,0,65,8,1
407,2,1,2,1,0,66,9,1
407,3,2,3,1,0,67,10,1
407,4,3,4,1,0,68,11,1
407,5,4,5,1,0,69,12,1
407,6,5,5.328,0.328,0,70,13,1
408,1,0,1,1,0,39,0,1
408,2,1,2,1,0,40,1,1
408,3,2,2.638,0.638,1,41,2,1
409,1,0,1,1,0,45,1,1
409,2,1,2,1,0,46,2,1
409,3,2,3,1,0,47,3,1
409,4,3,4,1,0,48,4,1
409,5,4,4.211,0.211,0,49,5,1
410,1,0,1,1,0,66,0,1
410,2,1,1.963,0.963,0,67,1,1
411,1,0,1,1,0,74,3,1
411,2,1,1.43,0.43,0,75,4,1
412,1,0,1,1,0,33,10,1
412,2,1,2,1,0,34,11,1
412,3,2,3,1,0,35,12,1
412,4,3,4,1,0,36,13,1
412,5,4,5,1,0,37,14,1
412,6,5,5.212,0.212,0,38,15,1
413,1,0,1,1,0,34,0,1
413,2,1,2,1,0,35,1,1
413,3,2,3,1,0,36,2,1
413,4,3,4,1,0,37,3,1
413,5,4,4.138,0.138,0,38,4,1
414,1,0,1,1,0,56,9,1
414,2,1,2,1,0,57,10,1
414,3,2,3,1,0,58,11,1
414,4,3,4,1,0,59,12,1
414,5,4,5,1,0,60,13,1
414,6,5,6,1,0,61,14,1
414,7,6,7,1,0,62,15,1
414,8,7,8,1,0,63,16,1
414,9,8,9,1,0,64,17,1
414,10,9,9.902,0.902,0,65,18,1
415,1,0,1,1,4,47,5,1
415,2,1,2,1,1,48,6,1
415,3,2,3,1,1,49,7,1
415,4,3,4,1,1,50,8,1
415,5,4,4.238,0.238,0,51,9,1
416,1,0,1,1,0,20,14,1
416,2,1,2,1,0,21,15,1
416,3,2,2.116,0.116,0,22,16,1
417,1,0,1,1,0,66,12,1
417,2,1,2,1,0,67,13,1
417,3,2,3,1,0,68,14,1
417,4,3,4,1,0,69,15,1
417,5,4,5,1,0,70,16,1
417,6,5,6,1,0,71,17,1
417,7,6,6.635,0.635,0,72,18,1
418,1,0,1,1,0,58,11,1
418,2,1,2,1,0,59,12,1
418,3,2,3,1,0,60,13,1
418,4,3,4,1,0,61,14,1
418,5,4,5,1,1,62,15,1
418,6,5,6,1,0,63,16,1
418,7,6,7,1,0,64,17,1
418,8,7,8,1,0,65,18,1
418,9,8,8.613,0.613,0,66,19,1
419,1,0,1,1,0,48,20,1
419,2,1,2,1,0,49,21,1
419,3,2,3,1,0,50,22,1
419,4,3,4,1,0,51,23,1
419,5,4,4.839,0.839,0,52,24,1
420,1,0,1,1,1,51,19,1
420,2,1,2,1,0,52,20,1
420,3,2,3,1,0,53,21,1
420,4,3,3.063,0.063,0,54,22,1
421,1,0,1,1,0,48,4,1
421,2,1,2,1,0,49,5,1
421,3,2,3,1,0,50,6,1
421,4,3,3.109,0.109,0,51,7,1
422,1,0,1,1,0,41,11,1
422,2,1,2,1,0,42,12,1
422,3,2,2.14,0.14,0,43,13,1
423,1,0,1,1,0,27,9,1
423,2,1,1.255,0.255,0,28,10,1
424,1,0,1,1,0,48,4,1
424,2,1,2,1,0,49,5,1
424,3,2,3,1,0,50,6,1
424,4,3,3.824,0.824,0,51,7,1
425,1,0,1,1,0,50,18,1
425,2,1,2,1,0,51,19,1
425,3,2,3,1,0,52,20,1
425,4,3,4,1,0,53,21,1
425,5,4,4.182,0.182,0,54,22,1
426,1,0,1,1,0,49,11,1
426,2,1,2,1,0,50,12,1
426,3,2,3,1,0,51,13,1
426,4,3,4,1,0,52,14,1
426,5,4,5,1,0,53,15,1
426,6,5,6,1,1,54,16,1
426,7,6,7,1,0,55,17,1
426,8,7,8,1,0,56,18,1
426,9,8,8.675,0.675,0,57,19,1
427,1,0,1,1,0,60,9,1
427,2,1,2,1,0,61,10,1
427,3,2,3,1,0,62,11,1
427,4,3,3.519,0.519,0,63,12,1
428,1,0,1,1,0,34,9,1
428,2,1,1.473,0.473,0,35,10,1
429,1,0,1,1,0,35,9,1
429,2,1,2,1,0,36,10,1
429,3,2,2.555,0.555,0,37,11,1
430,1,0,1,1,0,40,3,1
430,2,1,2,1,1,41,4,1
430,3,2,3,1,0,42,5,1
430,4,3,4,1,0,43,6,1
430,5,4,5,1,0,44,7,1
430,6,5,6,1,0,45,8,1
430,7,6,7,1,0,46,9,1
430,8,7,8,1,0,47,10,1
430,9,8,9,1,0,48,11,1
430,10,9,9.379,0.379,0,49,12,1
431,1,0,1,1,0,43,12,1
431,2,1,2,1,0,44,13,1
431,3,2,3,1,0,45,14,1
431,4,3,3.117,0.117,0,46,15,1
432,1,0,1,1,0,51,8,1
432,2,1,1.105,0.105,0,52,9,1
433,1,0,1,1,0,18,4,1
433,2,1,2,1,0,19,5,1
433,3,2,3,1,0,20,6,1
433,4,3,3.222,0.222,0,21,7,1
434,1,0,1,1,0,37,8,1
434,2,1,2,1,0,38,9,1
434,3,2,3,1,0,39,10,1
434,4,3,3.503,0.503,0,40,11,1
435,1,0,1,1,1,18,12,1
435,2,1,2,1,1,19,13,1
435,3,2,3,1,2,20,14,1
435,4,3,4,1,2,21,15,1
435,5,4,4.02,0.02,0,22,16,1
436,1,0,1,1,0,42,2,1
436,2,1,2,1,0,43,3,1
436,3,2,3,1,0,44,4,1
436,4,3,4,1,0,45,5,1
436,5,4,4.65,0.65,0,46,6,1
437,1,0,1,1,0,36,6,1
437,2,1,2,1,0,37,7,1
437,3,2,3,1,0,38,8,1
437,4,3,4,1,0,39,9,1
437,5,4,5,1,0,40,10,1
437,6,5,6,1,0,41,11,1
437,7,6,7,1,0,42,12,1
437,8,7,8,1,0,43,13,1
437,9,8,8.665,0.665,0,44,14,1
438,1,0,1,1,0,33,7,1
438,2,1,2,1,0,34,8,1
438,3,2,3,1,1,35,9,1
438,4,3,4,1,0,36,10,1
438,5,4,5,1,1,37,11,1
438,6,5,5.404,0.404,1,38,12,1
439,1,0,1,1,0,73,16,1
439,2,1,2,1,0,74,17,1
439,3,2,3,1,0,75,18,1
439,4,3,4,1,0,76,19,1
439,5,4,5,1,0,77,20,1
439,6,5,5.351,0.351,1,78,21,1
440,1,0,1,1,0,48,3,1
440,2,1,2,1,0,49,4,1
440,3,2,3,1,0,50,5,1
440,4,3,4,1,0,51,6,1
440,5,4,5,1,0,52,7,1
440,6,5,6,1,1,53,8,1
440,7,6,7,1,0,54,9,1
440,8,7,8,1,0,55,10,1
440,9,8,9,1,0,56,11,1
440,10,9,9.188,0.188,0,57,12,1
441,1,0,1,1,0,53,7,1
441,2,1,2,1,0,54,8,1
441,3,2,3,1,0,55,9,1
441,4,3,3.627,0.627,0,56,10,1
442,1,0,1,1,0,50,9,1
442,2,1,2,1,0,51,10,1
442,3,2,3,1,0,52,11,1
442,4,3,4,1,0,53,12,1
442,5,4,5,1,0,54,13,1
442,6,5,6,1,0,55,14,1
442,7,6,6.27,0.27,0,56,15,1
443,1,0,1,1,0,37,15,1
443,2,1,2,1,0,38,16,1
443,3,2,3,1,0,39,17,1
443,4,3,4,1,0,40,18,1
443,5,4,5,1,0,41,19,1
443,6,5,6,1,0,42,20,1
443,7,6,6.056,0.056,0,43,21,1
444,1,0,0.278,0.278,0,42,7,1
445,1,0,1,1,0,31,13,1
445,2,1,2,1,1,32,14,1
445,3,2,3,1,0,33,15,1
445,4,3,4,1,0,34,16,1
445,5,4,5,1,0,35,17,1
445,6,5,6,1,0,36,18,1
445,7,6,6.072,0.072,0,37,19,1
446,1,0,1,1,0,47,3,1
446,2,1,2,1,0,48,4,1
446,3,2,3,1,0,49,5,1
446,4,3,4,1,0,50,6,1
446,5,4,5,1,1,51,7,1
446,6,5,5.047,0.047,0,52,8,1
447,1,0,1,1,0,33,2,1
447,2,1,2,1,0,34,3,1
447,3,2,3,1,0,35,4,1
447,4,3,4,1,0,36,5,1
447,5,4,5,1,0,37,6,1
447,6,5,6,1,0,38,7,1
447,7,6,6.146,0.146,0,39,8,1
448,1,0,1,1,1,58,2,1
448,2,1,1.5,0.5,0,59,3,1
449,1,0,1,1,0,29,6,1
449,2,1,1.838,0.838,1,30,7,1
450,1,0,1,1,0,59,7,1
450,2,1,2,1,0,60,8,1
450,3,2,3,1,0,61,9,1
450,4,3,4,1,0,62,10,1
450,5,4,4.277,0.277,0,63,11,1
451,1,0,1,1,1,19,13,1
451,2,1,2,1,0,20,14,1
451,3,2,2.359,0.359,0,21,15,1
452,1,0,1,1,0,37,9,1
452,2,1,2,1,0,38,10,1
452,3,2,3,1,0,39,11,1
452,4,3,4,1,0,40,12,1
452,5,4,5,1,0,41,13,1
452,6,5,6,1,0,42,14,1
452,7,6,7,1,2,43,15,1
452,8,7,8,1,0,44,16,1
452,9,8,9,1,0,45,17,1
452,10,9,9.915,0.915,0,46,18,1
453,1,0,1,1,0,65,12,1
453,2,1,2,1,0,66,13,1
453,3,2,2.537,0.537,0,67,14,1
454,1,0,1,1,0,45,6,1
454,2,1,1.56,0.56,0,46,7,1
455,1,0,1,1,0,49,8,1
455,2,1,1.299,0.299,1,50,9,1
456,1,0,1,1,0,50,12,1
456,2,1,2,1,0,51,13,1
456,3,2,3,1,0,52,14,1
456,4,3,4,1,0,53,15,1
456,5,4,5,1,0,54,16,1
456,6,5,5.608,0.608,0,55,17,1
457,1,0,0.875,0.875,0,33,13,1
458,1,0,1,1,0,46,1,1
458,2,1,1.165,0.165,0,47,2,1
459,1,0,1,1,0,52,10,1
459,2,1,2,1,0,53,11,1
459,3,2,3,1,0,54,12,1
459,4,3,3.369,0.369,0,55,13,1
460,1,0,1,1,0,31,10,1
460,2,1,2,1,0,32,11,1
460,3,2,2.613,0.613,0,33,12,1
461,1,0,0.827,0.827,0,44,6,1
462,1,0,1,1,0,33,16,1
462,2,1,2,1,0,34,17,1
462,3,2,2.773,0.773,0,35,18,1
463,1,0,1,1,0,40,18,1
463,2,1,2,1,0,41,19,1
463,3,2,3,1,0,42,20,1
463,4,3,4,1,0,43,21,1
463,5,4,5,1,0,44,22,1
463,6,5,6,1,0,45,23,1
463,7,6,6.889,0.889,0,46,24,1
464,1,0,1,1,0,18,4,1
464,2,1,1.564,0.564,0,19,5,1
465,1,0,1,1,0,41,10,1
465,2,1,2,1,0,42,11,1
465,3,2,2.389,0.389,0,43,12,1
466,1,0,1,1,0,46,8,1
466,2,1,2,1,0,47,9,1
466,3,2,3,1,0,48,10,1
466,4,3,4,1,0,49,11,1
466,5,4,5,1,0,50,12,1
466,6,5,6,1,0,51,13,1
466,7,6,7,1,0,52,14,1
466,8,7,8,1,0,53,15,1
466,9,8,8.524,0.524,0,54,16,1
467,1,0,1,1,0,52,7,1
467,2,1,2,1,1,53,8,1
467,3,2,3,1,0,54,9,1
467,4,3,4,1,1,55,10,1
467,5,4,5,1,1,56,11,1
467,6,5,6,1,0,57,12,1
467,7,6,7,1,0,58,13,1
467,8,7,8,1,0,59,14,1
467,9,8,9,1,2,60,15,1
467,10,9,9.532,0.532,1,61,16,1
468,1,0,1,1,0,52,10,1
468,2,1,2,1,0,53,11,1
468,3,2,3,1,1,54,12,1
468,4,3,3.534,0.534,0,55,13,1
469,1,0,1,1,0,30,14,1
469,2,1,2,1,0,31,15,1
469,3,2,3,1,0,32,16,1
469,4,3,3.298,0.298,0,33,17,1
470,1,0,1,1,0,28,11,1
470,2,1,2,1,0,29,12,1
470,3,2,3,1,0,30,13,1
470,4,3,4,1,0,31,14,1
470,5,4,4.425,0.425,0,32,15,1
471,1,0,1,1,0,54,3,1
471,2,1,2,1,0,55,4,1
471,3,2,2.065,0.065,0,56,5,1
472,1,0,1,1,0,47,4,1
472,2,1,2,1,0,48,5,1
472,3,2,3,1,0,49,6,1
472,4,3,4,1,0,50,7,1
472,5,4,5,1,0,51,8,1
472,6,5,6,1,0,52,9,1
472,7,6,7,1,1,53,10,1
472,8,7,7.416,0.416,0,54,11,1
473,1,0,1,1,0,49,8,1
473,2,1,1.992,0.992,0,50,9,1
474,1,0,1,1,0,41,13,1
474,2,1,2,1,0,42,14,1
474,3,2,3,1,1,43,15,1
474,4,3,4,1,2,44,16,1
474,5,4,5,1,0,45,17,1
474,6,5,6,1,0,46,18,1
474,7,6,7,1,0,47,19,1
474,8,7,7.991,0.991,0,48,20,1
475,1,0,1,1,0,27,1,1
475,2,1,2,1,0,28,2,1
475,3,2,2.059,0.059,0,29,3,1
476,1,0,1,1,0,35,7,1
476,2,1,1.027,0.027,0,36,8,1
477,1,0,1,1,0,52,3,1
477,2,1,2,1,0,53,4,1
477,3,2,3,1,0,54,5,1
477,4,3,4,1,0,55,6,1
477,5,4,5,1,0,56,7,1
477,6,5,5.559,0.559,0,57,8,1
478,1,0,1,1,0,36,1,1
478,2,1,2,1,0,37,2,1
478,3,2,3,1,0,38,3,1
478,4,3,4,1,0,39,4,1
478,5,4,5,1,0,40,5,1
478,6,5,6,1,0,41,6,1
478,7,6,7,1,0,42,7,1
478,8,7,8,1,0,43,8,1
478,9,8,8.162,0.162,0,44,9,1
479,1,0,1,1,0,61,1,1
479,2,1,1.554,0.554,0,62,2,1
480,1,0,1,1,1,28,4,1
480,2,1,2,1,0,29,5,1
480,3,2,3,1,0,30,6,1
480,4,3,4,1,1,31,7,1
480,5,4,4.343,0.343,0,32,8,1
481,1,0,1,1,0,34,6,1
481,2,1,1.826,0.826,0,35,7,1
482,1,0,1,1,0,34,14,1
482,2,1,1.948,0.948,0,35,15,1
483,1,0,1,1,0,63,13,1
483,2,1,2,1,0,64,14,1
483,3,2,3,1,0,65,15,1
483,4,3,3.736,0.736,0,66,16,1
484,1,0,1,1,0,58,2,1
484,2,1,1.636,0.636,0,59,3,1
485,1,0,1,1,0,81,20,1
485,2,1,1.847,0.847,1,82,21,1
486,1,0,1,1,0,22,8,1
486,2,1,2,1,0,23,9,1
486,3,2,2.489,0.489,0,24,10,1
487,1,0,1,1,0,18,0,1
487,2,1,2,1,1,19,1,1
487,3,2,2.551,0.551,0,20,2,1
488,1,0,1,1,1,61,9,1
488,2,1,1.097,0.097,0,62,10,1
489,1,0,1,1,0,48,7,1
489,2,1,2,1,0,49,8,1
489,3,2,3,1,0,50,9,1
489,4,3,4,1,0,51,10,1
489,5,4,5,1,1,52,11,1
489,6,5,6,1,0,53,12,1
489,7,6,7,1,0,54,13,1
489,8,7,8,1,0,55,14,1
489,9,8,9,1,0,56,15,1
489,10,9,9.563,0.563,0,57,16,1
490,1,0,1,1,0,43,11,1
490,2,1,1.125,0.125,0,44,12,1
491,1,0,1,1,0,50,10,1
491,2,1,2,1,0,51,11,1
491,3,2,2.532,0.532,0,52,12,1
492,1,0,1,1,0,18,15,1
492,2,1,2,1,1,19,16,1
492,3,2,3,1,0,20,17,1
492,4,3,4,1,0,21,18,1
492,5,4,5,1,0,22,19,1
492,6,5,6,1,1,23,20,1
492,7,6,7,1,0,24,21,1
492,8,7,7.814,0.814,1,25,22,1
493,1,0,1,1,0,70,7,1
493,2,1,1.252,0.252,0,71,8,1
494,1,0,1,1,0,50,13,1
494,2,1,2,1,0,51,14,1
494,3,2,2.283,0.283,0,52,15,1
495,1,0,1,1,0,39,4,1
495,2,1,2,1,0,40,5,1
495,3,2,2.412,0.412,0,41,6,1
496,1,0,1,1,0,37,8,1
496,2,1,2,1,0,38,9,1
496,3,2,2.197,0.197,0,39,10,1
497,1,0,1,1,0,67,21,1
497,2,1,2,1,0,68,22,1
497,3,2,3,1,0,69,23,1
497,4,3,4,1,0,70,24,1
497,5,4,5,1,0,71,25,1
497,6,5,6,1,0,72,26,1
497,7,6,6.865,0.865,0,73,27,1
498,1,0,1,1,0,62,10,1
498,2,1,2,1,0,63,11,1
498,3,2,3,1,0,64,12,1
498,4,3,4,1,1,65,13,1
498,5,4,4.253,0.253,0,66,14,1
499,1,0,1,1,0,53,0,1
499,2,1,1.105,0.105,0,54,1,1
500,1,0,1,1,0,52,16,1
500,2,1,2,1,0,53,17,1
500,3,2,3,1,0,54,18,1
500,4,3,4,1,0,55,19,1
500,5,4,5,1,0,56,20,1
500,6,5,5.261,0.261,0,57,21,1
501,1,0,1,1,0,57,4,1
501,2,1,2,1,0,58,5,1
501,3,2,3,1,1,59,6,1
501,4,3,4,1,0,60,7,1
501,5,4,5,1,0,61,8,1
501,6,5,5.1,0.1,0,62,9,1
502,1,0,1,1,0,18,7,1
502,2,1,2,1,0,19,8,1
502,3,2,2.716,0.716,0,20,9,1
503,1,0,1,1,0,35,18,1
503,2,1,2,1,0,36,19,1
503,3,2,3,1,0,37,20,1
503,4,3,3.029,0.029,0,38,21,1
504,1,0,1,1,2,55,9,1
504,2,1,2,1,1,56,10,1
504,3,2,3,1,0,57,11,1
504,4,3,4,1,0,58,12,1
504,5,4,5,1,1,59,13,1
504,6,5,6,1,1,60,14,1
504,7,6,6.321,0.321,0,61,15,1
505,1,0,1,1,0,63,7,1
505,2,1,2,1,0,64,8,1
505,3,2,3,1,0,65,9,1
505,4,3,4,1,0,66,10,1
505,5,4,4.998,0.998,0,67,11,1
506,1,0,1,1,0,24,15,1
506,2,1,2,1,0,25,16,1
506,3,2,2.13,0.13,0,26,17,1
507,1,0,1,1,0,54,10,1
507,2,1,2,1,0,55,11,1
507,3,2,3,1,0,56,12,1
507,4,3,4,1,0,57,13,1
507,5,4,5,1,0,58,14,1
507,6,5,6,1,0,59,15,1
507,7,6,7,1,0,60,16,1
507,8,7,8,1,0,61,17,1
507,9,8,9,1,0,62,18,1
507,10,9,9.152,0.152,0,63,19,1
508,1,0,1,1,0,69,13,1
508,2,1,2,1,0,70,14,1
508,3,2,3,1,0,71,15,1
508,4,3,4,1,0,72,16,1
508,5,4,5,1,1,73,17,1
508,6,5,6,1,0,74,18,1
508,7,6,7,1,0,75,19,1
508,8,7,8,1,0,76,20,1
508,9,8,9,1,0,77,21,1
508,10,9,9.926,0.926,0,78,22,1
509,1,0,1,1,0,48,5,1
509,2,1,2,1,0,49,6,1
509,3,2,3,1,0,50,7,1
509,4,3,4,1,1,51,8,1
509,5,4,4.23,0.23,0,52,9,1
510,1,0,1,1,0,41,13,1
510,2,1,2,1,0,42,14,1
510,3,2,3,1,0,43,15,1
510,4,3,4,1,1,44,16,1
510,5,4,4.747,0.747,0,45,17,1
511,1,0,1,1,0,68,21,1
511,2,1,1.228,0.228,0,69,22,1
512,1,0,1,1,0,70,9,1
512,2,1,2,1,0,71,10,1
512,3,2,3,1,0,72,11,1
512,4,3,4,1,0,73,12,1
512,5,4,5,1,1,74,13,1
512,6,5,5.011,0.011,0,75,14,1
513,1,0,0.587,0.587,0,67,7,1
514,1,0,1,1,0,40,10,1
514,2,1,1.233,0.233,0,41,11,1
515,1,0,1,1,0,42,3,1
515,2,1,2,1,0,43,4,1
515,3,2,3,1,0,44,5,1
515,4,3,4,1,0,45,6,1
515,5,4,5,1,0,46,7,1
515,6,5,5.98,0.98,1,47,8,1
516,1,0,1,1,0,48,0,1
516,2,1,2,1,0,49,1,1
516,3,2,3,1,0,50,2,1
516,4,3,4,1,0,51,3,1
516,5,4,5,1,0,52,4,1
516,6,5,6,1,0,53,5,1
516,7,6,7,1,0,54,6,1
516,8,7,8,1,0,55,7,1
516,9,8,8.754,0.754,0,56,8,1
517,1,0,1,1,2,18,13,1
517,2,1,2,1,1,19,14,1
517,3,2,3,1,0,20,15,1
517,4,3,4,1,0,21,16,1
517,5,4,5,1,1,22,17,1
517,6,5,6,1,1,23,18,1
517,7,6,7,1,0,24,19,1
517,8,7,7.933,0.933,0,25,20,1
518,1,0,1,1,0,29,9,1
518,2,1,2,1,0,30,10,1
518,3,2,3,1,0,31,11,1
518,4,3,4,1,0,32,12,1
518,5,4,5,1,0,33,13,1
518,6,5,6,1,0,34,14,1
518,7,6,6.931,0.931,0,35,15,1
519,1,0,1,1,0,18,0,1
519,2,1,2,1,0,19,1,1
519,3,2,2.769,0.769,0,20,2,1
520,1,0,1,1,0,22,14,1
520,2,1,2,1,0,23,15,1
520,3,2,3,1,0,24,16,1
520,4,3,3.36,0.36,0,25,17,1
521,1,0,1,1,0,83,0,1
521,2,1,2,1,0,84,1,1
521,3,2,3,1,0,85,2,1
521,4,3,3.28,0.28,0,86,3,1
522,1,0,1,1,0,18,7,1
522,2,1,2,1,0,19,8,1
522,3,2,3,1,0,20,9,1
522,4,3,3.917,0.917,0,21,10,1
523,1,0,1,1,2,61,6,1
523,2,1,1.479,0.479,0,62,7,1
524,1,0,1,1,0,72,8,1
524,2,1,2,1,0,73,9,1
524,3,2,2.148,0.148,0,74,10,1
525,1,0,1,1,0,58,12,1
525,2,1,2,1,0,59,13,1
525,3,2,3,1,0,60,14,1
525,4,3,4,1,0,61,15,1
525,5,4,5,1,0,62,16,1
525,6,5,6,1,0,63,17,1
525,7,6,7,1,0,64,18,1
525,8,7,8,1,0,65,19,1
525,9,8,9,1,0,66,20,1
525,10,9,9.192,0.192,0,67,21,1
526,1,0,1,1,0,51,2,1
526,2,1,2,1,0,52,3,1
526,3,2,2.795,0.795,0,53,4,1
527,1,0,1,1,0,52,7,1
527,2,1,2,1,0,53,8,1
527,3,2,2.463,0.463,0,54,9,1
528,1,0,1,1,0,53,14,1
528,2,1,2,1,0,54,15,1
528,3,2,3,1,0,55,16,1
528,4,3,4,1,1,56,17,1
528,5,4,5,1,1,57,18,1
528,6,5,5.21,0.21,0,58,19,1
529,1,0,1,1,0,22,9,1
529,2,1,2,1,0,23,10,1
529,3,2,3,1,0,24,11,1
529,4,3,4,1,0,25,12,1
529,5,4,5,1,0,26,13,1
529,6,5,6,1,0,27,14,1
529,7,6,6.486,0.486,0,28,15,1
530,1,0,1,1,2,64,12,1
530,2,1,2,1,1,65,13,1
530,3,2,3,1,0,66,14,1
530,4,3,4,1,0,67,15,1
530,5,4,5,1,0,68,16,1
530,6,5,5.209,0.209,0,69,17,1
531,1,0,1,1,0,38,13,1
531,2,1,2,1,0,39,14,1
531,3,2,2.333,0.333,0,40,15,1
532,1,0,1,1,0,53,9,1
532,2,1,2,1,0,54,10,1
532,3,2,3,1,0,55,11,1
532,4,3,4,1,0,56,12,1
532,5,4,5,1,0,57,13,1
532,6,5,6,1,1,58,14,1
532,7,6,7,1,0,59,15,1
532,8,7,7.237,0.237,0,60,16,1
533,1,0,0.888,0.888,0,48,4,1
534,1,0,0.959,0.959,0,33,4,1
535,1,0,1,1,0,55,2,1
535,2,1,2,1,0,56,3,1
535,3,2,2.99,0.99,0,57,4,1
536,1,0,1,1,0,38,16,1
536,2,1,2,1,0,39,17,1
536,3,2,3,1,0,40,18,1
536,4,3,4,1,0,41,19,1
536,5,4,5,1,0,42,20,1
536,6,5,5.094,0.094,0,43,21,1
537,1,0,1,1,1,50,8,1
537,2,1,2,1,0,51,9,1
537,3,2,3,1,0,52,10,1
537,4,3,4,1,0,53,11,1
537,5,4,5,1,0,54,12,1
537,6,5,6,1,0,55,13,1
537,7,6,7,1,1,56,14,1
537,8,7,8,1,0,57,15,1
537,9,8,9,1,0,58,16,1
537,10,9,9.989,0.989,0,59,17,1
538,1,0,1,1,0,35,7,1
538,2,1,2,1,0,36,8,1
538,3,2,2.261,0.261,0,37,9,1
539,1,0,1,1,0,53,1,1
539,2,1,2,1,0,54,2,1
539,3,2,3,1,0,55,3,1
539,4,3,4,1,0,56,4,1
539,5,4,5,1,0,57,5,1
539,6,5,6,1,0,58,6,1
539,7,6,6.608,0.608,0,59,7,1
540,1,0,0.971,0.971,0,37,11,1
541,1,0,1,1,0,49,8,1
541,2,1,2,1,0,50,9,1
541,3,2,3,1,0,51,10,1
541,4,3,4,1,0,52,11,1
541,5,4,5,1,1,53,12,1
541,6,5,6,1,1,54,13,1
541,7,6,7,1,1,55,14,1
541,8,7,8,1,0,56,15,1
541,9,8,8.067,0.067,0,57,16,1
542,1,0,1,1,0,36,16,1
542,2,1,2,1,0,37,17,1
542,3,2,2.422,0.422,0,38,18,1
543,1,0,1,1,0,31,4,1
543,2,1,2,1,1,32,5,1
543,3,2,3,1,0,33,6,1
543,4,3,4,1,0,34,7,1
543,5,4,4.419,0.419,0,35,8,1
544,1,0,1,1,0,33,2,1
544,2,1,2,1,0,34,3,1
544,3,2,3,1,0,35,4,1
544,4,3,4,1,0,36,5,1
544,5,4,5,1,0,37,6,1
544,6,5,6,1,0,38,7,1
544,7,6,7,1,0,39,8,1
544,8,7,7.911,0.911,0,40,9,1
545,1,0,1,1,0,39,5,1
545,2,1,2,1,0,40,6,1
545,3,2,3,1,0,41,7,1
545,4,3,4,1,0,42,8,1
545,5,4,4.786,0.786,0,43,9,1
546,1,0,1,1,0,66,2,1
546,2,1,2,1,0,67,3,1
546,3,2,3,1,0,68,4,1
546,4,3,4,1,0,69,5,1
546,5,4,4.452,0.452,0,70,6,1
547,1,0,1,1,0,68,8,1
547,2,1,2,1,0,69,9,1
547,3,2,3,1,0,70,10,1
547,4,3,4,1,0,71,11,1
547,5,4,5,1,0,72,12,1
547,6,5,6,1,0,73,13,1
547,7,6,6.948,0.948,0,74,14,1
548,1,0,1,1,0,29,8,1
548,2,1,2,1,0,30,9,1
548,3,2,3,1,0,31,10,1
548,4,3,4,1,0,32,11,1
548,5,4,5,1,0,33,12,1
548,6,5,5.382,0.382,0,34,13,1
549,1,0,1,1,0,60,2,1
549,2,1,1.78,0.78,0,61,3,1
550,1,0,1,1,0,49,6,1
550,2,1,2,1,0,50,7,1
550,3,2,3,1,0,51,8,1
550,4,3,4,1,0,52,9,1
550,5,4,4.912,0.912,0,53,10,1
551,1,0,1,1,0,52,14,1
551,2,1,2,1,0,53,15,1
551,3,2,2.412,0.412,0,54,16,1
552,1,0,0.32,0.32,0,44,3,1
553,1,0,1,1,0,59,11,1
553,2,1,2,1,0,60,12,1
553,3,2,3,1,0,61,13,1
553,4,3,4,1,0,62,14,1
553,5,4,5,1,0,63,15,1
553,6,5,6,1,0,64,16,1
553,7,6,6.25,0.25,0,65,17,1
554,1,0,1,1,0,39,15,1
554,2,1,2,1,0,40,16,1
554,3,2,3,1,0,41,17,1
554,4,3,4,1,0,42,18,1
554,5,4,5,1,0,43,19,1
554,6,5,5.31,0.31,0,44,20,1
555,1,0,1,1,1,34,6,1
555,2,1,1.762,0.762,0,35,7,1
556,1,0,1,1,0,43,13,1
556,2,1,2,1,0,44,14,1
556,3,2,3,1,0,45,15,1
556,4,3,3.328,0.328,0,46,16,1
557,1,0,1,1,0,31,9,1
557,2,1,2,1,0,32,10,1
557,3,2,2.091,0.091,0,33,11,1
558,1,0,1,1,1,26,9,1
558,2,1,1.838,0.838,0,27,10,1
559,1,0,1,1,0,63,10,1
559,2,1,2,1,0,64,11,1
559,3,2,3,1,0,65,12,1
559,4,3,4,1,0,66,13,1
559,5,4,4.144,0.144,0,67,14,1
560,1,0,1,1,0,60,7,1
560,2,1,2,1,2,61,8,1
560,3,2,3,1,0,62,9,1
560,4,3,4,1,0,63,10,1
560,5,4,5,1,1,64,11,1
560,6,5,6,1,1,65,12,1
560,7,6,7,1,0,66,13,1
560,8,7,7.394,0.394,1,67,14,1
561,1,0,1,1,0,61,10,1
561,2,1,2,1,0,62,11,1
561,3,2,2.721,0.721,0,63,12,1
562,1,0,1,1,0,34,3,1
562,2,1,2,1,0,35,4,1
562,3,2,2.718,0.718,0,36,5,1
563,1,0,1,1,0,57,7,1
563,2,1,1.909,0.909,0,58,8,1
564,1,0,1,1,0,34,7,1
564,2,1,2,1,0,35,8,1
564,3,2,3,1,0,36,9,1
564,4,3,4,1,0,37,10,1
564,5,4,5,1,0,38,11,1
564,6,5,6,1,0,39,12,1
564,7,6,6.063,0.063,0,40,13,1
565,1,0,1,1,0,74,9,1
565,2,1,2,1,0,75,10,1
565,3,2,2.896,0.896,0,76,11,1
566,1,0,1,1,0,57,5,1
566,2,1,2,1,0,58,6,1
566,3,2,3,1,0,59,7,1
566,4,3,4,1,0,60,8,1
566,5,4,5,1,1,61,9,1
566,6,5,6,1,0,62,10,1
566,7,6,6.322,0.322,0,63,11,1
567,1,0,1,1,0,54,6,1
567,2,1,1.808,0.808,0,55,7,1
568,1,0,0.561,0.561,0,56,7,1
569,1,0,1,1,0,45,15,1
569,2,1,2,1,0,46,16,1
569,3,2,3,1,1,47,17,1
569,4,3,3.317,0.317,0,48,18,1
570,1,0,1,1,0,31,4,1
570,2,1,2,1,0,32,5,1
570,3,2,3,1,0,33,6,1
570,4,3,3.256,0.256,0,34,7,1
571,1,0,1,1,0,36,0,1
571,2,1,2,1,0,37,1,1
571,3,2,3,1,0,38,2,1
571,4,3,4,1,0,39,3,1
571,5,4,5,1,0,40,4,1
571,6,5,6,1,0,41,5,1
571,7,6,7,1,0,42,6,1
571,8,7,7.414,0.414,0,43,7,1
572,1,0,1,1,0,51,6,1
572,2,1,2,1,0,52,7,1
572,3,2,3,1,0,53,8,1
572,4,3,4,1,0,54,9,1
572,5,4,4.551,0.551,0,55,10,1
573,1,0,1,1,0,39,13,1
573,2,1,2,1,0,40,14,1
573,3,2,2.988,0.988,1,41,15,1
574,1,0,0.643,0.643,0,36,2,1
575,1,0,1,1,0,32,5,1
575,2,1,2,1,0,33,6,1
575,3,2,2.829,0.829,0,34,7,1
576,1,0,1,1,0,53,12,1
576,2,1,2,1,0,54,13,1
576,3,2,3,1,0,55,14,1
576,4,3,4,1,0,56,15,1
576,5,4,5,1,0,57,16,1
576,6,5,6,1,0,58,17,1
576,7,6,7,1,0,59,18,1
576,8,7,8,1,0,60,19,1
576,9,8,9,1,0,61,20,1
576,10,9,9.933,0.933,0,62,21,1
577,1,0,1,1,0,49,3,1
577,2,1,2,1,0,50,4,1
577,3,2,3,1,0,51,5,1
577,4,3,4,1,0,52,6,1
577,5,4,5,1,0,53,7,1
577,6,5,6,1,0,54,8,1
577,7,6,6.204,0.204,0,55,9,1
578,1,0,1,1,0,39,4,1
578,2,1,2,1,0,40,5,1
578,3,2,3,1,0,41,6,1
578,4,3,4,1,0,42,7,1
578,5,4,5,1,0,43,8,1
578,6,5,6,1,0,44,9,1
578,7,6,7,1,0,45,10,1
578,8,7,7.105,0.105,0,46,11,1
579,1,0,1,1,0,32,5,1
579,2,1,1.04,0.04,0,33,6,1
580,1,0,1,1,0,57,1,1
580,2,1,2,1,0,58,2,1
580,3,2,3,1,0,59,3,1
580,4,3,4,1,0,60,4,1
580,5,4,5,1,0,61,5,1
580,6,5,6,1,0,62,6,1
580,7,6,7,1,0,63,7,1
580,8,7,7.294,0.294,0,64,8,1
581,1,0,1,1,0,45,17,1
581,2,1,2,1,0,46,18,1
581,3,2,3,1,0,47,19,1
581,4,3,4,1,0,48,20,1
581,5,4,4.401,0.401,0,49,21,1
582,1,0,1,1,0,18,11,1
582,2,1,2,1,0,19,12,1
582,3,2,3,1,0,20,13,1
582,4,3,4,1,0,21,14,1
582,5,4,5,1,0,22,15,1
582,6,5,6,1,0,23,16,1
582,7,6,7,1,0,24,17,1
582,8,7,8,1,0,25,18,1
582,9,8,9,1,0,26,19,1
582,10,9,9.735,0.735,0,27,20,1
583,1,0,1,1,0,62,3,1
583,2,1,1.173,0.173,0,63,4,1
584,1,0,1,1,0,46,3,1
584,2,1,2,1,0,47,4,1
584,3,2,3,1,0,48,5,1
584,4,3,4,1,0,49,6,1
584,5,4,4.62,0.62,0,50,7,1
585,1,0,1,1,0,59,4,1
585,2,1,1.94,0.94,0,60,5,1
586,1,0,1,1,0,80,13,1
586,2,1,1.146,0.146,0,81,14,1
587,1,0,1,1,0,79,11,1
587,2,1,2,1,0,80,12,1
587,3,2,3,1,0,81,13,1
587,4,3,4,1,0,82,14,1
587,5,4,5,1,0,83,15,1
587,6,5,6,1,0,84,16,1
587,7,6,7,1,0,85,17,1
587,8,7,7.247,0.247,0,86,18,1
588,1,0,1,1,0,57,5,1
588,2,1,2,1,0,58,6,1
588,3,2,3,1,0,59,7,1
588,4,3,4,1,0,60,8,1
588,5,4,4.364,0.364,0,61,9,1
589,1,0,1,1,0,62,4,1
589,2,1,2,1,0,63,5,1
589,3,2,3,1,0,64,6,1
589,4,3,4,1,0,65,7,1
589,5,4,5,1,0,66,8,1
589,6,5,5.448,0.448,0,67,9,1
590,1,0,1,1,0,62,9,1
590,2,1,1.722,0.722,0,63,10,1
591,1,0,1,1,0,52,5,1
591,2,1,2,1,0,53,6,1
591,3,2,3,1,0,54,7,1
591,4,3,4,1,0,55,8,1
591,5,4,5,1,0,56,9,1
591,6,5,6,1,0,57,10,1
591,7,6,7,1,0,58,11,1
591,8,7,8,1,0,59,12,1
591,9,8,8.107,0.107,0,60,13,1
592,1,0,1,1,0,35,0,1
592,2,1,1.506,0.506,0,36,1,1
593,1,0,1,1,0,67,8,1
593,2,1,2,1,0,68,9,1
593,3,2,3,1,0,69,10,1
593,4,3,3.658,0.658,0,70,11,1
594,1,0,1,1,0,39,8,1
594,2,1,2,1,0,40,9,1
594,3,2,3,1,1,41,10,1
594,4,3,4,1,0,42,11,1
594,5,4,4.881,0.881,1,43,12,1
595,1,0,1,1,0,36,8,1
595,2,1,1.131,0.131,0,37,9,1
596,1,0,1,1,0,40,4,1
596,2,1,2,1,0,41,5,1
596,3,2,3,1,0,42,6,1
596,4,3,4,1,0,43,7,1
596,5,4,4.559,0.559,0,44,8,1
597,1,0,1,1,0,57,11,1
597,2,1,2,1,0,58,12,1
597,3,2,3,1,0,59,13,1
597,4,3,3.163,0.163,0,60,14,1
598,1,0,1,1,0,45,9,1
598,2,1,2,1,0,46,10,1
598,3,2,3,1,0,47,11,1
598,4,3,4,1,0,48,12,1
598,5,4,5,1,0,49,13,1
598,6,5,6,1,0,50,14,1
598,7,6,6.378,0.378,0,51,15,1
599,1,0,1,1,0,57,10,1
599,2,1,2,1,0,58,11,1
599,3,2,3,1,0,59,12,1
599,4,3,4,1,0,60,13,1
599,5,4,4.947,0.947,0,61,14,1
600,1,0,1,1,0,36,6,1
600,2,1,1.666,0.666,0,37,7,1
601,1,0,1,1,0,18,0,1
601,2,1,2,1,0,19,1,1
601,3,2,3,1,0,20,2,1
601,4,3,4,1,0,21,3,1
601,5,4,4.016,0.016,0,22,4,1
602,1,0,1,1,0,52,18,1
602,2,1,2,1,1,53,19,1
602,3,2,3,1,0,54,20,1
602,4,3,3.719,0.719,0,55,21,1
603,1,0,1,1,0,71,7,1
603,2,1,2,1,0,72,8,1
603,3,2,2.742,0.742,0,73,9,1
604,1,0,1,1,0,35,11,1
604,2,1,2,1,0,36,12,1
604,3,2,3,1,0,37,13,1
604,4,3,4,1,0,38,14,1
604,5,4,4.682,0.682,0,39,15,1
605,1,0,1,1,0,42,9,1
605,2,1,2,1,0,43,10,1
605,3,2,3,1,0,44,11,1
605,4,3,4,1,0,45,12,1
605,5,4,5,1,0,46,13,1
605,6,5,6,1,0,47,14,1
605,7,6,6.938,0.938,0,48,15,1
606,1,0,1,1,0,49,10,1
606,2,1,2,1,0,50,11,1
606,3,2,3,1,0,51,12,1
606,4,3,4,1,0,52,13,1
606,5,4,5,1,0,53,14,1
606,6,5,6,1,0,54,15,1
606,7,6,6.868,0.868,0,55,16,1
607,1,0,1,1,0,58,10,1
607,2,1,1.989,0.989,0,59,11,1
608,1,0,1,1,0,40,8,1
608,2,1,2,1,0,41,9,1
608,3,2,2.985,0.985,0,42,10,1
609,1,0,1,1,0,36,18,1
609,2,1,2,1,0,37,19,1
609,3,2,2.07,0.07,0,38,20,1
610,1,0,1,1,0,34,8,1
610,2,1,2,1,0,35,9,1
610,3,2,3,1,0,36,10,1
610,4,3,4,1,0,37,11,1
610,5,4,5,1,0,38,12,1
610,6,5,6,1,0,39,13,1
610,7,6,7,1,0,40,14,1
610,8,7,8,1,0,41,15,1
610,9,8,9,1,0,42,16,1
610,10,9,9.369,0.369,0,43,17,1
611,1,0,1,1,0,61,9,1
611,2,1,2,1,0,62,10,1
611,3,2,3,1,0,63,11,1
611,4,3,4,1,1,64,12,1
611,5,4,5,1,0,65,13,1
611,6,5,6,1,0,66,14,1
611,7,6,7,1,0,67,15,1
611,8,7,8,1,0,68,16,1
611,9,8,8.677,0.677,0,69,17,1
612,1,0,1,1,0,55,0,1
612,2,1,2,1,0,56,1,1
612,3,2,3,1,0,57,2,1
612,4,3,4,1,0,58,3,1
612,5,4,5,1,1,59,4,1
612,6,5,6,1,0,60,5,1
612,7,6,7,1,0,61,6,1
612,8,7,8,1,0,62,7,1
612,9,8,9,1,0,63,8,1
612,10,9,9.78,0.78,1,64,9,1
613,1,0,1,1,0,21,8,1
613,2,1,2,1,0,22,9,1
613,3,2,3,1,0,23,10,1
613,4,3,4,1,0,24,11,1
613,5,4,4.682,0.682,1,25,12,1
614,1,0,1,1,0,50,6,1
614,2,1,2,1,0,51,7,1
614,3,2,3,1,1,52,8,1
614,4,3,4,1,0,53,9,1
614,5,4,5,1,0,54,10,1
614,6,5,6,1,0,55,11,1
614,7,6,6.172,0.172,0,56,12,1
615,1,0,1,1,0,43,2,1
615,2,1,2,1,0,44,3,1
615,3,2,3,1,0,45,4,1
615,4,3,4,1,0,46,5,1
615,5,4,4.61,0.61,0,47,6,1
616,1,0,1,1,0,72,4,1
616,2,1,2,1,0,73,5,1
616,3,2,3,1,0,74,6,1
616,4,3,4,1,0,75,7,1
616,5,4,5,1,0,76,8,1
616,6,5,5.61,0.61,0,77,9,1
617,1,0,1,1,0,33,13,1
617,2,1,2,1,0,34,14,1
617,3,2,3,1,0,35,15,1
617,4,3,4,1,0,36,16,1
617,5,4,5,1,0,37,17,1
617,6,5,6,1,0,38,18,1
617,7,6,6.178,0.178,0,39,19,1
618,1,0,1,1,0,53,0,1
618,2,1,2,1,0,54,1,1
618,3,2,3,1,0,55,2,1
618,4,3,3.661,0.661,0,56,3,1
619,1,0,1,1,0,46,7,1
619,2,1,1.698,0.698,0,47,8,1
620,1,0,1,1,0,50,1,1
620,2,1,2,1,0,51,2,1
620,3,2,3,1,1,52,3,1
620,4,3,4,1,0,53,4,1
620,5,4,5,1,0,54,5,1
620,6,5,6,1,1,55,6,1
620,7,6,7,1,0,56,7,1
620,8,7,8,1,0,57,8,1
620,9,8,9,1,0,58,9,1
620,10,9,9.383,0.383,1,59,10,1
621,1,0,1,1,0,47,0,1
621,2,1,2,1,0,48,1,1
621,3,2,3,1,0,49,2,1
621,4,3,3.972,0.972,0,50,3,1
622,1,0,1,1,0,48,8,1
622,2,1,2,1,0,49,9,1
622,3,2,3,1,0,50,10,1
622,4,3,4,1,0,51,11,1
622,5,4,5,1,0,52,12,1
622,6,5,6,1,0,53,13,1
622,7,6,7,1,0,54,14,1
622,8,7,8,1,0,55,15,1
622,9,8,8.594,0.594,0,56,16,1
623,1,0,1,1,0,45,7,1
623,2,1,1.434,0.434,0,46,8,1
624,1,0,1,1,0,44,7,1
624,2,1,1.249,0.249,0,45,8,1
625,1,0,1,1,0,46,10,1
625,2,1,2,1,0,47,11,1
625,3,2,3,1,0,48,12,1
625,4,3,3.939,0.939,0,49,13,1
626,1,0,1,1,0,26,6,1
626,2,1,1.063,0.063,0,27,7,1
627,1,0,1,1,0,32,14,1
627,2,1,1.901,0.901,0,33,15,1
628,1,0,1,1,0,44,11,1
628,2,1,1.923,0.923,0,45,12,1
629,1,0,1,1,0,42,4,1
629,2,1,2,1,0,43,5,1
629,3,2,3,1,0,44,6,1
629,4,3,3.287,0.287,0,45,7,1
630,1,0,1,1,0,59,11,1
630,2,1,2,1,0,60,12,1
630,3,2,3,1,0,61,13,1
630,4,3,3.311,0.311,0,62,14,1
631,1,0,1,1,0,31,8,1
631,2,1,1.808,0.808,1,32,9,1
632,1,0,1,1,0,53,17,1
632,2,1,2,1,0,54,18,1
632,3,2,2.008,0.008,0,55,19,1
633,1,0,1,1,0,52,4,1
633,2,1,1.531,0.531,0,53,5,1
634,1,0,1,1,0,77,9,1
634,2,1,2,1,0,78,10,1
634,3,2,3,1,0,79,11,1
634,4,3,4,1,0,80,12,1
634,5,4,5,1,0,81,13,1
634,6,5,5.393,0.393,0,82,14,1
635,1,0,1,1,0,74,4,1
635,2,1,2,1,0,75,5,1
635,3,2,3,1,0,76,6,1
635,4,3,4,1,0,77,7,1
635,5,4,4.35,0.35,0,78,8,1
636,1,0,1,1,0,50,7,1
636,2,1,2,1,0,51,8,1
636,3,2,3,1,0,52,9,1
636,4,3,4,1,1,53,10,1
636,5,4,5,1,1,54,11,1
636,6,5,6,1,0,55,12,1
636,7,6,7,1,1,56,13,1
636,8,7,8,1,1,57,14,1
636,9,8,8.828,0.828,0,58,15,1
637,1,0,1,1,0,55,8,1
637,2,1,2,1,0,56,9,1
637,3,2,3,1,0,57,10,1
637,4,3,4,1,0,58,11,1
637,5,4,4.514,0.514,0,59,12,1
638,1,0,1,1,0,63,12,1
638,2,1,2,1,0,64,13,1
638,3,2,3,1,0,65,14,1
638,4,3,4,1,0,66,15,1
638,5,4,4.136,0.136,0,67,16,1
639,1,0,1,1,0,29,3,1
639,2,1,2,1,0,30,4,1
639,3,2,2.418,0.418,0,31,5,1
640,1,0,1,1,0,68,3,1
640,2,1,2,1,0,69,4,1
640,3,2,3,1,0,70,5,1
640,4,3,3.431,0.431,0,71,6,1
641,1,0,1,1,0,54,14,1
641,2,1,1.626,0.626,0,55,15,1
642,1,0,1,1,0,61,8,1
642,2,1,2,1,1,62,9,1
642,3,2,3,1,0,63,10,1
642,4,3,4,1,0,64,11,1
642,5,4,4.574,0.574,0,65,12,1
643,1,0,1,1,0,54,13,1
643,2,1,2,1,1,55,14,1
643,3,2,2.004,0.004,0,56,15,1
644,1,0,1,1,0,45,13,1
644,2,1,2,1,0,46,14,1
644,3,2,3,1,0,47,15,1
644,4,3,3.598,0.598,0,48,16,1
645,1,0,1,1,0,65,4,1
645,2,1,2,1,0,66,5,1
645,3,2,3,1,0,67,6,1
645,4,3,4,1,0,68,7,1
645,5,4,4.08,0.08,0,69,8,1
646,1,0,1,1,0,18,12,1
646,2,1,2,1,0,19,13,1
646,3,2,3,1,1,20,14,1
646,4,3,4,1,0,21,15,1
646,5,4,5,1,0,22,16,1
646,6,5,6,1,0,23,17,1
646,7,6,7,1,0,24,18,1
646,8,7,8,1,0,25,19,1
646,9,8,8.887,0.887,0,26,20,1
647,1,0,1,1,1,33,9,1
647,2,1,2,1,0,34,10,1
647,3,2,3,1,0,35,11,1
647,4,3,4,1,0,36,12,1
647,5,4,5,1,0,37,13,1
647,6,5,6,1,0,38,14,1
647,7,6,7,1,0,39,15,1
647,8,7,8,1,0,40,16,1
647,9,8,9,1,0,41,17,1
647,10,9,9.94,0.94,1,42,18,1
648,1,0,0.391,0.391,0,23,8,1
649,1,0,1,1,0,52,14,1
649,2,1,1.378,0.378,0,53,15,1
650,1,0,1,1,1,54,9,1
650,2,1,1.766,0.766,0,55,10,1
651,1,0,1,1,0,37,6,1
651,2,1,1.886,0.886,0,38,7,1
652,1,0,1,1,0,47,0,1
652,2,1,2,1,0,48,1,1
652,3,2,2.94,0.94,0,49,2,1
653,1,0,1,1,2,21,10,1
653,2,1,2,1,2,22,11,1
653,3,2,3,1,3,23,12,1
653,4,3,4,1,1,24,13,1
653,5,4,5,1,3,25,14,1
653,6,5,6,1,0,26,15,1
653,7,6,6.463,0.463,2,27,16,1
654,1,0,1,1,0,50,16,1
654,2,1,2,1,0,51,17,1
654,3,2,2.721,0.721,0,52,18,1
655,1,0,1,1,0,18,13,1
655,2,1,2,1,0,19,14,1
655,3,2,3,1,1,20,15,1
655,4,3,4,1,0,21,16,1
655,5,4,5,1,0,22,17,1
655,6,5,6,1,0,23,18,1
655,7,6,7,1,0,24,19,1
655,8,7,8,1,0,25,20,1
655,9,8,9,1,0,26,21,1
655,10,9,9.829,0.829,0,27,22,1
656,1,0,1,1,0,61,9,1
656,2,1,1.67,0.67,0,62,10,1
657,1,0,1,1,0,53,5,1
657,2,1,2,1,1,54,6,1
657,3,2,3,1,0,55,7,1
657,4,3,3.482,0.482,0,56,8,1
658,1,0,1,1,0,52,2,1
658,2,1,2,1,0,53,3,1
658,3,2,3,1,0,54,4,1
658,4,3,4,1,0,55,5,1
658,5,4,5,1,0,56,6,1
658,6,5,5.061,0.061,0,57,7,1
659,1,0,1,1,0,40,12,1
659,2,1,2,1,0,41,13,1
659,3,2,3,1,1,42,14,1
659,4,3,4,1,0,43,15,1
659,5,4,5,1,1,44,16,1
659,6,5,6,1,0,45,17,1
659,7,6,7,1,0,46,18,1
659,8,7,7.815,0.815,0,47,19,1
660,1,0,1,1,0,55,11,1
660,2,1,2,1,0,56,12,1
660,3,2,3,1,0,57,13,1
660,4,3,3.75,0.75,0,58,14,1
661,1,0,1,1,0,28,14,1
661,2,1,2,1,0,29,15,1
661,3,2,3,1,1,30,16,1
661,4,3,3.065,0.065,0,31,17,1
662,1,0,1,1,0,63,1,1
662,2,1,2,1,0,64,2,1
662,3,2,2.868,0.868,0,65,3,1
663,1,0,0.536,0.536,0,68,7,1
664,1,0,1,1,0,48,16,1
664,2,1,2,1,0,49,17,1
664,3,2,2.499,0.499,0,50,18,1
665,1,0,1,1,0,33,10,1
665,2,1,2,1,1,34,11,1
665,3,2,3,1,0,35,12,1
665,4,3,3.253,0.253,0,36,13,1
666,1,0,1,1,0,18,7,1
666,2,1,2,1,0,19,8,1
666,3,2,3,1,0,20,9,1
666,4,3,4,1,0,21,10,1
666,5,4,5,1,0,22,11,1
666,6,5,6,1,0,23,12,1
666,7,6,7,1,0,24,13,1
666,8,7,7.124,0.124,0,25,14,1
667,1,0,1,1,1,22,5,1
667,2,1,1.822,0.822,0,23,6,1
668,1,0,1,1,0,36,10,1
668,2,1,2,1,0,37,11,1
668,3,2,2.803,0.803,0,38,12,1
669,1,0,1,1,0,41,4,1
669,2,1,2,1,0,42,5,1
669,3,2,3,1,0,43,6,1
669,4,3,4,1,1,44,7,1
669,5,4,4.025,0.025,0,45,8,1
670,1,0,1,1,0,24,6,1
670,2,1,2,1,1,25,7,1
670,3,2,3,1,1,26,8,1
670,4,3,4,1,1,27,9,1
670,5,4,5,1,1,28,10,1
670,6,5,6,1,2,29,11,1
670,7,6,7,1,1,30,12,1
670,8,7,8,1,2,31,13,1
670,9,8,8.336,0.336,1,32,14,1
671,1,0,1,1,0,27,5,1
671,2,1,2,1,0,28,6,1
671,3,2,2.542,0.542,0,29,7,1
672,1,0,1,1,0,47,1,1
672,2,1,2,1,0,48,2,1
672,3,2,3,1,0,49,3,1
672,4,3,4,1,0,50,4,1
672,5,4,5,1,0,51,5,1
672,6,5,6,1,0,52,6,1
672,7,6,7,1,0,53,7,1
672,8,7,7.322,0.322,0,54,8,1
673,1,0,1,1,0,46,9,1
673,2,1,2,1,0,47,10,1
673,3,2,3,1,0,48,11,1
673,4,3,4,1,0,49,12,1
673,5,4,5,1,0,50,13,1
673,6,5,6,1,0,51,14,1
673,7,6,7,1,1,52,15,1
673,8,7,8,1,1,53,16,1
673,9,8,8.168,0.168,0,54,17,1
674,1,0,1,1,0,55,6,1
674,2,1,1.378,0.378,0,56,7,1
675,1,0,1,1,0,53,0,1
675,2,1,2,1,0,54,1,1
675,3,2,3,1,0,55,2,1
675,4,3,4,1,1,56,3,1
675,5,4,4.964,0.964,0,57,4,1
676,1,0,1,1,0,27,5,1
676,2,1,2,1,0,28,6,1
676,3,2,3,1,0,29,7,1
676,4,3,4,1,0,30,8,1
676,5,4,4.138,0.138,0,31,9,1
677,1,0,1,1,0,25,13,1
677,2,1,2,1,0,26,14,1
677,3,2,3,1,1,27,15,1
677,4,3,4,1,2,28,16,1
677,5,4,5,1,1,29,17,1
677,6,5,5.331,0.331,0,30,18,1
678,1,0,1,1,0,48,10,1
678,2,1,2,1,0,49,11,1
678,3,2,3,1,0,50,12,1
678,4,3,3.841,0.841,0,51,13,1
679,1,0,1,1,0,36,3,1
679,2,1,2,1,0,37,4,1
679,3,2,3,1,1,38,5,1
679,4,3,3.231,0.231,0,39,6,1
680,1,0,1,1,0,64,10,1
680,2,1,2,1,0,65,11,1
680,3,2,3,1,1,66,12,1
680,4,3,3.904,0.904,0,67,13,1
681,1,0,1,1,0,45,7,1
681,2,1,2,1,0,46,8,1
681,3,2,2.459,0.459,0,47,9,1
682,1,0,1,1,0,63,4,1
682,2,1,2,1,0,64,5,1
682,3,2,3,1,0,65,6,1
682,4,3,3.746,0.746,0,66,7,1
683,1,0,1,1,0,52,10,1
683,2,1,2,1,0,53,11,1
683,3,2,3,1,0,54,12,1
683,4,3,3.927,0.927,1,55,13,1
684,1,0,1,1,0,37,3,1
684,2,1,2,1,0,38,4,1
684,3,2,3,1,0,39,5,1
684,4,3,4,1,1,40,6,1
684,5,4,4.317,0.317,0,41,7,1
685,1,0,1,1,0,49,4,1
685,2,1,2,1,0,50,5,1
685,3,2,3,1,0,51,6,1
685,4,3,4,1,0,52,7,1
685,5,4,5,1,0,53,8,1
685,6,5,6,1,0,54,9,1
685,7,6,7,1,0,55,10,1
685,8,7,8,1,0,56,11,1
685,9,8,8.145,0.145,0,57,12,1
686,1,0,1,1,1,52,8,1
686,2,1,1.987,0.987,0,53,9,1
687,1,0,1,1,0,52,7,1
687,2,1,2,1,0,53,8,1
687,3,2,3,1,0,54,9,1
687,4,3,4,1,0,55,10,1
687,5,4,4.463,0.463,0,56,11,1
688,1,0,0.843,0.843,1,25,0,1
689,1,0,1,1,0,55,16,1
689,2,1,2,1,1,56,17,1
689,3,2,3,1,0,57,18,1
689,4,3,3.885,0.885,0,58,19,1
690,1,0,1,1,0,44,7,1
690,2,1,2,1,0,45,8,1
690,3,2,3,1,1,46,9,1
690,4,3,4,1,0,47,10,1
690,5,4,5,1,0,48,11,1
690,6,5,6,1,0,49,12,1
690,7,6,7,1,0,50,13,1
690,8,7,7.817,0.817,0,51,14,1
691,1,0,1,1,0,28,9,1
691,2,1,2,1,0,29,10,1
691,3,2,3,1,0,30,11,1
691,4,3,4,1,2,31,12,1
691,5,4,4.032,0.032,0,32,13,1
692,1,0,1,1,0,36,5,1
692,2,1,2,1,0,37,6,1
692,3,2,2.982,0.982,0,38,7,1
693,1,0,1,1,0,62,13,1
693,2,1,1.726,0.726,0,63,14,1
694,1,0,1,1,2,44,10,1
694,2,1,2,1,1,45,11,1
694,3,2,3,1,0,46,12,1
694,4,3,4,1,0,47,13,1
694,5,4,5,1,0,48,14,1
694,6,5,6,1,0,49,15,1
694,7,6,6.846,0.846,0,50,16,1
695,1,0,1,1,0,56,4,1
695,2,1,2,1,0,57,5,1
695,3,2,3,1,1,58,6,1
695,4,3,3.231,0.231,1,59,7,1
696,1,0,1,1,0,46,11,1
696,2,1,2,1,0,47,12,1
696,3,2,3,1,0,48,13,1
696,4,3,3.494,0.494,0,49,14,1
697,1,0,1,1,0,26,0,1
697,2,1,2,1,0,27,1,1
697,3,2,3,1,0,28,2,1
697,4,3,4,1,0,29,3,1
697,5,4,5,1,0,30,4,1
697,6,5,6,1,1,31,5,1
697,7,6,6.413,0.413,0,32,6,1
698,1,0,1,1,0,53,11,1
698,2,1,2,1,1,54,12,1
698,3,2,2.88,0.88,0,55,13,1
699,1,0,1,1,0,18,7,1
699,2,1,2,1,0,19,8,1
699,3,2,3,1,0,20,9,1
699,4,3,4,1,0,21,10,1
699,5,4,5,1,0,22,11,1
699,6,5,5.578,0.578,0,23,12,1
700,1,0,1,1,0,37,6,1
700,2,1,2,1,0,38,7,1
700,3,2,3,1,0,39,8,1
700,4,3,4,1,0,40,9,1
700,5,4,5,1,0,41,10,1
700,6,5,5.265,0.265,0,42,11,1
701,1,0,1,1,0,61,18,1
701,2,1,2,1,0,62,19,1
701,3,2,3,1,0,63,20,1
701,4,3,4,1,0,64,21,1
701,5,4,5,1,1,65,22,1
701,6,5,5.705,0.705,0,66,23,1
702,1,0,1,1,0,45,4,1
702,2,1,2,1,0,46,5,1
702,3,2,3,1,1,47,6,1
702,4,3,3.771,0.771,0,48,7,1
703,1,0,1,1,0,56,17,1
703,2,1,2,1,0,57,18,1
703,3,2,2.498,0.498,1,58,19,1
704,1,0,1,1,0,51,5,1
704,2,1,2,1,0,52,6,1
704,3,2,3,1,0,53,7,1
704,4,3,4,1,0,54,8,1
704,5,4,5,1,0,55,9,1
704,6,5,5.252,0.252,0,56,10,1
705,1,0,1,1,0,18,1,1
705,2,1,2,1,0,19,2,1
705,3,2,3,1,0,20,3,1
705,4,3,4,1,0,21,4,1
705,5,4,5,1,0,22,5,1
705,6,5,6,1,0,23,6,1
705,7,6,7,1,0,24,7,1
705,8,7,8,1,0,25,8,1
705,9,8,8.975,0.975,0,26,9,1
706,1,0,1,1,0,70,7,1
706,2,1,2,1,0,71,8,1
706,3,2,3,1,0,72,9,1
706,4,3,4,1,1,73,10,1
706,5,4,5,1,0,74,11,1
706,6,5,6,1,0,75,12,1
706,7,6,7,1,0,76,13,1
706,8,7,7.17,0.17,0,77,14,1
707,1,0,1,1,0,47,0,1
707,2,1,2,1,0,48,1,1
707,3,2,3,1,0,49,2,1
707,4,3,3.217,0.217,0,50,3,1
708,1,0,1,1,0,37,14,1
708,2,1,2,1,0,38,15,1
708,3,2,3,1,0,39,16,1
708,4,3,3.945,0.945,1,40,17,1
709,1,0,1,1,0,39,12,1
709,2,1,2,1,0,40,13,1
709,3,2,2.145,0.145,0,41,14,1
710,1,0,1,1,0,44,5,1
710,2,1,2,1,0,45,6,1
710,3,2,3,1,0,46,7,1
710,4,3,4,1,0,47,8,1
710,5,4,5,1,0,48,9,1
710,6,5,5.685,0.685,0,49,10,1
711,1,0,0.886,0.886,0,30,13,1
712,1,0,1,1,0,25,10,1
712,2,1,2,1,0,26,11,1
712,3,2,3,1,0,27,12,1
712,4,3,4,1,0,28,13,1
712,5,4,5,1,0,29,14,1
712,6,5,5.45,0.45,0,30,15,1
713,1,0,1,1,0,27,11,1
713,2,1,2,1,0,28,12,1
713,3,2,3,1,0,29,13,1
713,4,3,4,1,0,30,14,1
713,5,4,4.155,0.155,0,31,15,1
714,1,0,1,1,0,52,12,1
714,2,1,2,1,0,53,13,1
714,3,2,2.759,0.759,0,54,14,1
715,1,0,1,1,0,59,5,1
715,2,1,2,1,0,60,6,1
715,3,2,3,1,0,61,7,1
715,4,3,4,1,0,62,8,1
715,5,4,5,1,0,63,9,1
715,6,5,6,1,0,64,10,1
715,7,6,7,1,0,65,11,1
715,8,7,7.425,0.425,0,66,12,1
716,1,0,1,1,0,57,0,1
716,2,1,2,1,0,58,1,1
716,3,2,3,1,0,59,2,1
716,4,3,4,1,0,60,3,1
716,5,4,4.883,0.883,0,61,4,1
717,1,0,1,1,1,46,11,1
717,2,1,2,1,0,47,12,1
717,3,2,3,1,0,48,13,1
717,4,3,3.13,0.13,0,49,14,1
718,1,0,1,1,0,52,22,1
718,2,1,1.247,0.247,0,53,23,1
719,1,0,1,1,0,36,3,1
719,2,1,1.612,0.612,0,37,4,1
720,1,0,1,1,0,53,9,1
720,2,1,2,1,1,54,10,1
720,3,2,3,1,0,55,11,1
720,4,3,4,1,0,56,12,1
720,5,4,5,1,1,57,13,1
720,6,5,5.603,0.603,0,58,14,1
721,1,0,1,1,0,57,12,1
721,2,1,2,1,0,58,13,1
721,3,2,2.993,0.993,0,59,14,1
722,1,0,1,1,0,43,2,1
722,2,1,2,1,0,44,3,1
722,3,2,3,1,0,45,4,1
722,4,3,4,1,0,46,5,1
722,5,4,4.334,0.334,0,47,6,1
723,1,0,1,1,0,24,9,1
723,2,1,2,1,0,25,10,1
723,3,2,2.568,0.568,0,26,11,1
724,1,0,1,1,0,18,4,1
724,2,1,2,1,0,19,5,1
724,3,2,2.684,0.684,0,20,6,1
725,1,0,1,1,0,58,11,1
725,2,1,2,1,0,59,12,1
725,3,2,3,1,0,60,13,1
725,4,3,4,1,0,61,14,1
725,5,4,5,1,0,62,15,1
725,6,5,6,1,0,63,16,1
725,7,6,7,1,0,64,17,1
725,8,7,8,1,0,65,18,1
725,9,8,9,1,0,66,19,1
725,10,9,9.103,0.103,0,67,20,1
726,1,0,1,1,0,25,9,1
726,2,1,2,1,2,26,10,1
726,3,2,3,1,0,27,11,1
726,4,3,4,1,1,28,12,1
726,5,4,5,1,1,29,13,1
726,6,5,6,1,0,30,14,1
726,7,6,7,1,0,31,15,1
726,8,7,7.363,0.363,0,32,16,1
727,1,0,1,1,0,54,10,1
727,2,1,1.582,0.582,0,55,11,1
728,1,0,1,1,0,29,9,1
728,2,1,1.363,0.363,0,30,10,1
729,1,0,1,1,0,82,7,1
729,2,1,2,1,0,83,8,1
729,3,2,3,1,0,84,9,1
729,4,3,4,1,0,85,10,1
729,5,4,4.606,0.606,0,86,11,1
730,1,0,1,1,0,21,14,1
730,2,1,2,1,0,22,15,1
730,3,2,3,1,0,23,16,1
730,4,3,4,1,0,24,17,1
730,5,4,5,1,1,25,18,1
730,6,5,6,1,1,26,19,1
730,7,6,6.807,0.807,0,27,20,1
731,1,0,1,1,1,57,3,1
731,2,1,2,1,0,58,4,1
731,3,2,3,1,0,59,5,1
731,4,3,3.513,0.513,1,60,6,1
732,1,0,1,1,0,36,4,1
732,2,1,2,1,1,37,5,1
732,3,2,2.2,0.2,0,38,6,1
733,1,0,0.49,0.49,0,51,14,1
734,1,0,1,1,0,50,2,1
734,2,1,2,1,0,51,3,1
734,3,2,3,1,0,52,4,1
734,4,3,4,1,0,53,5,1
734,5,4,5,1,0,54,6,1
734,6,5,6,1,0,55,7,1
734,7,6,7,1,0,56,8,1
734,8,7,7.519,0.519,0,57,9,1
735,1,0,1,1,0,55,0,1
735,2,1,1.853,0.853,0,56,1,1
736,1,0,1,1,0,53,13,1
736,2,1,2,1,0,54,14,1
736,3,2,3,1,0,55,15,1
736,4,3,3.432,0.432,0,56,16,1
737,1,0,1,1,0,25,4,1
737,2,1,2,1,0,26,5,1
737,3,2,3,1,0,27,6,1
737,4,3,4,1,0,28,7,1
737,5,4,5,1,0,29,8,1
737,6,5,5.178,0.178,0,30,9,1
738,1,0,1,1,0,69,1,1
738,2,1,2,1,0,70,2,1
738,3,2,3,1,0,71,3,1
738,4,3,3.245,0.245,0,72,4,1
739,1,0,1,1,0,43,11,1
739,2,1,2,1,0,44,12,1
739,3,2,3,1,0,45,13,1
739,4,3,3.289,0.289,0,46,14,1
740,1,0,1,1,0,46,0,1
740,2,1,1.369,0.369,0,47,1,1
741,1,0,1,1,0,30,12,1
741,2,1,2,1,0,31,13,1
741,3,2,2.79,0.79,0,32,14,1
742,1,0,1,1,0,18,8,1
742,2,1,2,1,0,19,9,1
742,3,2,3,1,0,20,10,1
742,4,3,4,1,0,21,11,1
742,5,4,5,1,0,22,12,1
742,6,5,6,1,0,23,13,1
742,7,6,7,1,0,24,14,1
742,8,7,7.764,0.764,0,25,15,1
743,1,0,1,1,0,38,4,1
743,2,1,2,1,0,39,5,1
743,3,2,3,1,0,40,6,1
743,4,3,4,1,0,41,7,1
743,5,4,5,1,0,42,8,1
743,6,5,6,1,0,43,9,1
743,7,6,7,1,0,44,10,1
743,8,7,7.029,0.029,0,45,11,1
744,1,0,1,1,0,84,13,1
744,2,1,2,1,0,85,14,1
744,3,2,3,1,0,86,15,1
744,4,3,3.474,0.474,0,87,16,1
745,1,0,1,1,0,48,5,1
745,2,1,2,1,0,49,6,1
745,3,2,3,1,0,50,7,1
745,4,3,4,1,2,51,8,1
745,5,4,4.133,0.133,0,52,9,1
746,1,0,1,1,0,47,5,1
746,2,1,2,1,0,48,6,1
746,3,2,3,1,0,49,7,1
746,4,3,4,1,0,50,8,1
746,5,4,5,1,0,51,9,1
746,6,5,6,1,0,52,10,1
746,7,6,7,1,0,53,11,1
746,8,7,7.327,0.327,0,54,12,1
747,1,0,1,1,1,40,14,1
747,2,1,2,1,0,41,15,1
747,3,2,3,1,0,42,16,1
747,4,3,4,1,0,43,17,1
747,5,4,5,1,0,44,18,1
747,6,5,6,1,0,45,19,1
747,7,6,7,1,0,46,20,1
747,8,7,8,1,0,47,21,1
747,9,8,9,1,0,48,22,1
747,10,9,9.841,0.841,0,49,23,1
748,1,0,1,1,0,39,11,1
748,2,1,2,1,0,40,12,1
748,3,2,3,1,0,41,13,1
748,4,3,4,1,0,42,14,1
748,5,4,4.306,0.306,0,43,15,1
749,1,0,1,1,0,62,9,1
749,2,1,1.746,0.746,0,63,10,1
750,1,0,0.888,0.888,0,18,10,1
751,1,0,1,1,0,63,1,1
751,2,1,1.073,0.073,0,64,2,1
752,1,0,1,1,0,40,15,1
752,2,1,2,1,0,41,16,1
752,3,2,3,1,0,42,17,1
752,4,3,4,1,0,43,18,1
752,5,4,5,1,0,44,19,1
752,6,5,6,1,0,45,20,1
752,7,6,6.542,0.542,0,46,21,1
753,1,0,1,1,0,26,2,1
753,2,1,2,1,0,27,3,1
753,3,2,3,1,1,28,4,1
753,4,3,4,1,0,29,5,1
753,5,4,5,1,0,30,6,1
753,6,5,6,1,0,31,7,1
753,7,6,7,1,2,32,8,1
753,8,7,7.284,0.284,0,33,9,1
754,1,0,1,1,0,62,5,1
754,2,1,2,1,0,63,6,1
754,3,2,3,1,0,64,7,1
754,4,3,4,1,0,65,8,1
754,5,4,4.496,0.496,0,66,9,1
755,1,0,1,1,0,55,5,1
755,2,1,1.011,0.011,0,56,6,1
756,1,0,1,1,0,35,12,1
756,2,1,2,1,1,36,13,1
756,3,2,3,1,0,37,14,1
756,4,3,4,1,0,38,15,1
756,5,4,5,1,0,39,16,1
756,6,5,6,1,0,40,17,1
756,7,6,6.139,0.139,0,41,18,1
757,1,0,1,1,0,33,10,1
757,2,1,2,1,0,34,11,1
757,3,2,2.529,0.529,0,35,12,1
758,1,0,1,1,0,45,5,1
758,2,1,2,1,0,46,6,1
758,3,2,3,1,0,47,7,1
758,4,3,4,1,0,48,8,1
758,5,4,4.77,0.77,0,49,9,1
759,1,0,1,1,1,42,8,1
759,2,1,2,1,0,43,9,1
759,3,2,3,1,0,44,10,1
759,4,3,3.924,0.924,0,45,11,1
760,1,0,1,1,0,54,11,1
760,2,1,2,1,0,55,12,1
760,3,2,2.994,0.994,0,56,13,1
761,1,0,1,1,0,53,8,1
761,2,1,2,1,0,54,9,1
761,3,2,3,1,1,55,10,1
761,4,3,4,1,1,56,11,1
761,5,4,5,1,0,57,12,1
761,6,5,6,1,1,58,13,1
761,7,6,7,1,1,59,14,1
761,8,7,8,1,0,60,15,1
761,9,8,8.235,0.235,0,61,16,1
762,1,0,1,1,1,40,9,1
762,2,1,2,1,0,41,10,1
762,3,2,2.006,0.006,0,42,11,1
763,1,0,1,1,0,35,5,1
763,2,1,2,1,0,36,6,1
763,3,2,2.443,0.443,0,37,7,1
764,1,0,1,1,1,29,8,1
764,2,1,2,1,0,30,9,1
764,3,2,3,1,0,31,10,1
764,4,3,3.368,0.368,0,32,11,1
765,1,0,1,1,0,62,8,1
765,2,1,1.551,0.551,0,63,9,1
766,1,0,1,1,0,30,1,1
766,2,1,2,1,0,31,2,1
766,3,2,3,1,0,32,3,1
766,4,3,4,1,0,33,4,1
766,5,4,4.836,0.836,0,34,5,1
767,1,0,1,1,2,56,10,1
767,2,1,2,1,1,57,11,1
767,3,2,2.939,0.939,1,58,12,1
768,1,0,1,1,0,49,6,1
768,2,1,2,1,0,50,7,1
768,3,2,3,1,0,51,8,1
768,4,3,4,1,0,52,9,1
768,5,4,4.132,0.132,0,53,10,1
769,1,0,1,1,0,52,9,1
769,2,1,2,1,0,53,10,1
769,3,2,2.156,0.156,0,54,11,1
770,1,0,1,1,0,44,4,1
770,2,1,2,1,0,45,5,1
770,3,2,3,1,0,46,6,1
770,4,3,4,1,0,47,7,1
770,5,4,5,1,1,48,8,1
770,6,5,6,1,0,49,9,1
770,7,6,6.445,0.445,0,50,10,1
771,1,0,1,1,0,20,1,1
771,2,1,2,1,1,21,2,1
771,3,2,3,1,1,22,3,1
771,4,3,4,1,0,23,4,1
771,5,4,5,1,1,24,5,1
771,6,5,6,1,0,25,6,1
771,7,6,7,1,0,26,7,1
771,8,7,8,1,4,27,8,1
771,9,8,8.961,0.961,1,28,9,1
772,1,0,1,1,0,30,4,1
772,2,1,2,1,0,31,5,1
772,3,2,3,1,0,32,6,1
772,4,3,4,1,0,33,7,1
772,5,4,5,1,0,34,8,1
772,6,5,5.73,0.73,0,35,9,1
773,1,0,1,1,0,48,4,1
773,2,1,1.035,0.035,0,49,5,1
774,1,0,1,1,0,42,7,1
774,2,1,2,1,0,43,8,1
774,3,2,2.249,0.249,0,44,9,1
775,1,0,1,1,0,62,8,1
775,2,1,2,1,0,63,9,1
775,3,2,3,1,0,64,10,1
775,4,3,3.003,0.003,0,65,11,1
776,1,0,1,1,0,40,6,1
776,2,1,2,1,1,41,7,1
776,3,2,3,1,1,42,8,1
776,4,3,4,1,2,43,9,1
776,5,4,5,1,0,44,10,1
776,6,5,6,1,0,45,11,1
776,7,6,7,1,0,46,12,1
776,8,7,8,1,1,47,13,1
776,9,8,8.149,0.149,0,48,14,1
777,1,0,1,1,0,60,15,1
777,2,1,2,1,0,61,16,1
777,3,2,3,1,0,62,17,1
777,4,3,4,1,0,63,18,1
777,5,4,5,1,0,64,19,1
777,6,5,6,1,0,65,20,1
777,7,6,6.157,0.157,0,66,21,1
778,1,0,1,1,0,34,11,1
778,2,1,2,1,0,35,12,1
778,3,2,3,1,2,36,13,1
778,4,3,4,1,0,37,14,1
778,5,4,4.68,0.68,0,38,15,1
779,1,0,1,1,0,45,3,1
779,2,1,2,1,0,46,4,1
779,3,2,2.084,0.084,0,47,5,1
780,1,0,1,1,0,41,13,1
780,2,1,2,1,1,42,14,1
780,3,2,3,1,1,43,15,1
780,4,3,4,1,0,44,16,1
780,5,4,5,1,0,45,17,1
780,6,5,6,1,0,46,18,1
780,7,6,7,1,1,47,19,1
780,8,7,8,1,0,48,20,1
780,9,8,8.573,0.573,0,49,21,1
781,1,0,1,1,0,32,11,1
781,2,1,2,1,0,33,12,1
781,3,2,3,1,0,34,13,1
781,4,3,4,1,0,35,14,1
781,5,4,5,1,0,36,15,1
781,6,5,6,1,0,37,16,1
781,7,6,6.472,0.472,0,38,17,1
782,1,0,1,1,0,49,7,1
782,2,1,1.8,0.8,1,50,8,1
783,1,0,1,1,0,25,14,1
783,2,1,2,1,0,26,15,1
783,3,2,2.583,0.583,0,27,16,1
784,1,0,1,1,0,80,5,1
784,2,1,2,1,0,81,6,1
784,3,2,3,1,0,82,7,1
784,4,3,4,1,1,83,8,1
784,5,4,4.074,0.074,0,84,9,1
785,1,0,1,1,0,50,0,1
785,2,1,2,1,0,51,1,1
785,3,2,3,1,0,52,2,1
785,4,3,4,1,0,53,3,1
785,5,4,5,1,0,54,4,1
785,6,5,5.752,0.752,0,55,5,1
786,1,0,1,1,1,40,14,1
786,2,1,2,1,1,41,15,1
786,3,2,3,1,0,42,16,1
786,4,3,4,1,0,43,17,1
786,5,4,5,1,0,44,18,1
786,6,5,6,1,1,45,19,1
786,7,6,6.504,0.504,0,46,20,1
787,1,0,1,1,0,48,5,1
787,2,1,2,1,0,49,6,1
787,3,2,2.149,0.149,0,50,7,1
788,1,0,1,1,0,46,9,1
788,2,1,1.597,0.597,0,47,10,1
789,1,0,1,1,0,50,8,1
789,2,1,2,1,1,51,9,1
789,3,2,3,1,0,52,10,1
789,4,3,4,1,0,53,11,1
789,5,4,5,1,0,54,12,1
789,6,5,6,1,0,55,13,1
789,7,6,7,1,0,56,14,1
789,8,7,8,1,0,57,15,1
789,9,8,8.459,0.459,0,58,16,1
790,1,0,1,1,0,56,16,1
790,2,1,2,1,0,57,17,1
790,3,2,3,1,0,58,18,1
790,4,3,3.863,0.863,0,59,19,1
791,1,0,1,1,0,43,9,1
791,2,1,2,1,0,44,10,1
791,3,2,2.942,0.942,0,45,11,1
792,1,0,1,1,0,67,3,1
792,2,1,2,1,0,68,4,1
792,3,2,2.921,0.921,0,69,5,1
793,1,0,1,1,0,21,6,1
793,2,1,1.447,0.447,0,22,7,1
794,1,0,1,1,1,36,8,1
794,2,1,1.43,0.43,0,37,9,1
795,1,0,0.706,0.706,0,48,9,1
796,1,0,1,1,0,62,3,1
796,2,1,2,1,0,63,4,1
796,3,2,2.101,0.101,0,64,5,1
797,1,0,1,1,0,41,11,1
797,2,1,1.223,0.223,0,42,12,1
798,1,0,1,1,0,68,7,1
798,2,1,2,1,0,69,8,1
798,3,2,3,1,0,70,9,1
798,4,3,4,1,0,71,10,1
798,5,4,4.348,0.348,0,72,11,1
799,1,0,1,1,0,72,4,1
799,2,1,2,1,0,73,5,1
799,3,2,3,1,1,74,6,1
799,4,3,4,1,0,75,7,1
799,5,4,4.594,0.594,0,76,8,1
800,1,0,1,1,0,37,3,1
800,2,1,2,1,0,38,4,1
800,3,2,3,1,0,39,5,1
800,4,3,4,1,0,40,6,1
800,5,4,5,1,0,41,7,1
800,6,5,6,1,0,42,8,1
800,7,6,6.767,0.767,0,43,9,1
801,1,0,1,1,0,64,17,1
801,2,1,2,1,0,65,18,1
801,3,2,3,1,0,66,19,1
801,4,3,4,1,0,67,20,1
801,5,4,4.197,0.197,0,68,21,1
802,1,0,1,1,0,46,11,1
802,2,1,2,1,0,47,12,1
802,3,2,2.637,0.637,0,48,13,1
803,1,0,1,1,0,54,15,1
803,2,1,2,1,0,55,16,1
803,3,2,2.691,0.691,0,56,17,1
804,1,0,1,1,0,32,6,1
804,2,1,1.024,0.024,0,33,7,1
805,1,0,1,1,0,73,7,1
805,2,1,1.098,0.098,0,74,8,1
806,1,0,1,1,0,30,1,1
806,2,1,2,1,0,31,2,1
806,3,2,2.013,0.013,0,32,3,1
807,1,0,1,1,0,62,8,1
807,2,1,2,1,0,63,9,1
807,3,2,3,1,0,64,10,1
807,4,3,4,1,1,65,11,1
807,5,4,4.011,0.011,0,66,12,1
808,1,0,1,1,0,59,5,1
808,2,1,2,1,1,60,6,1
808,3,2,3,1,0,61,7,1
808,4,3,4,1,0,62,8,1
808,5,4,4.829,0.829,1,63,9,1
809,1,0,1,1,0,39,4,1
809,2,1,2,1,0,40,5,1
809,3,2,2.698,0.698,0,41,6,1
810,1,0,1,1,2,21,0,1
810,2,1,2,1,0,22,1,1
810,3,2,2.573,0.573,0,23,2,1
811,1,0,1,1,0,26,4,1
811,2,1,2,1,0,27,5,1
811,3,2,2.45,0.45,0,28,6,1
812,1,0,1,1,1,43,6,1
812,2,1,2,1,0,44,7,1
812,3,2,3,1,0,45,8,1
812,4,3,3.644,0.644,0,46,9,1
813,1,0,1,1,0,18,13,1
813,2,1,2,1,0,19,14,1
813,3,2,3,1,0,20,15,1
813,4,3,4,1,1,21,16,1
813,5,4,5,1,0,22,17,1
813,6,5,5.038,0.038,0,23,18,1
814,1,0,1,1,0,56,12,1
814,2,1,2,1,0,57,13,1
814,3,2,3,1,0,58,14,1
814,4,3,4,1,0,59,15,1
814,5,4,5,1,0,60,16,1
814,6,5,6,1,0,61,17,1
814,7,6,7,1,0,62,18,1
814,8,7,8,1,0,63,19,1
814,9,8,8.101,0.101,0,64,20,1
815,1,0,1,1,0,49,12,1
815,2,1,2,1,0,50,13,1
815,3,2,3,1,0,51,14,1
815,4,3,4,1,1,52,15,1
815,5,4,4.939,0.939,1,53,16,1
816,1,0,1,1,0,46,3,1
816,2,1,2,1,0,47,4,1
816,3,2,3,1,0,48,5,1
816,4,3,4,1,0,49,6,1
816,5,4,5,1,0,50,7,1
816,6,5,6,1,0,51,8,1
816,7,6,7,1,0,52,9,1
816,8,7,8,1,0,53,10,1
816,9,8,8.66,0.66,0,54,11,1
817,1,0,1,1,0,62,0,1
817,2,1,2,1,0,63,1,1
817,3,2,3,1,1,64,2,1
817,4,3,4,1,1,65,3,1
817,5,4,5,1,1,66,4,1
817,6,5,6,1,0,67,5,1
817,7,6,7,1,0,68,6,1
817,8,7,7.075,0.075,0,69,7,1
818,1,0,1,1,0,49,0,1
818,2,1,2,1,1,50,1,1
818,3,2,3,1,0,51,2,1
818,4,3,4,1,0,52,3,1
818,5,4,5,1,0,53,4,1
818,6,5,5.751,0.751,0,54,5,1
819,1,0,1,1,0,21,11,1
819,2,1,2,1,0,22,12,1
819,3,2,3,1,0,23,13,1
819,4,3,4,1,0,24,14,1
819,5,4,4.325,0.325,1,25,15,1
820,1,0,1,1,0,47,8,1
820,2,1,2,1,0,48,9,1
820,3,2,3,1,0,49,10,1
820,4,3,3.476,0.476,0,50,11,1
821,1,0,1,1,0,41,13,1
821,2,1,2,1,0,42,14,1
821,3,2,3,1,0,43,15,1
821,4,3,3.423,0.423,1,44,16,1
822,1,0,1,1,0,53,8,1
822,2,1,2,1,0,54,9,1
822,3,2,3,1,0,55,10,1
822,4,3,3.056,0.056,0,56,11,1
823,1,0,1,1,1,30,14,1
823,2,1,2,1,0,31,15,1
823,3,2,3,1,0,32,16,1
823,4,3,4,1,0,33,17,1
823,5,4,5,1,0,34,18,1
823,6,5,5.428,0.428,0,35,19,1
824,1,0,0.402,0.402,0,46,1,1
825,1,0,1,1,0,36,5,1
825,2,1,2,1,0,37,6,1
825,3,2,3,1,0,38,7,1
825,4,3,4,1,0,39,8,1
825,5,4,5,1,0,40,9,1
825,6,5,6,1,0,41,10,1
825,7,6,7,1,0,42,11,1
825,8,7,7.76,0.76,0,43,12,1
826,1,0,0.789,0.789,0,40,2,1
827,1,0,1,1,0,44,12,1
827,2,1,2,1,0,45,13,1
827,3,2,2.845,0.845,0,46,14,1
828,1,0,1,1,0,42,14,1
828,2,1,2,1,0,43,15,1
828,3,2,3,1,0,44,16,1
828,4,3,4,1,0,45,17,1
828,5,4,4.964,0.964,0,46,18,1
829,1,0,1,1,0,22,9,1
829,2,1,1.083,0.083,0,23,10,1
830,1,0,1,1,0,58,5,1
830,2,1,2,1,0,59,6,1
830,3,2,3,1,0,60,7,1
830,4,3,4,1,0,61,8,1
830,5,4,4.038,0.038,0,62,9,1
831,1,0,1,1,0,55,5,1
831,2,1,2,1,1,56,6,1
831,3,2,3,1,0,57,7,1
831,4,3,4,1,0,58,8,1
831,5,4,4.715,0.715,0,59,9,1
832,1,0,1,1,0,68,5,1
832,2,1,2,1,0,69,6,1
832,3,2,2.283,0.283,0,70,7,1
833,1,0,1,1,0,30,13,1
833,2,1,2,1,0,31,14,1
833,3,2,3,1,0,32,15,1
833,4,3,4,1,0,33,16,1
833,5,4,5,1,0,34,17,1
833,6,5,6,1,0,35,18,1
833,7,6,6.124,0.124,0,36,19,1
834,1,0,1,1,1,22,15,1
834,2,1,2,1,0,23,16,1
834,3,2,3,1,2,24,17,1
834,4,3,3.233,0.233,1,25,18,1
835,1,0,1,1,0,33,11,1
835,2,1,2,1,0,34,12,1
835,3,2,2.304,0.304,0,35,13,1
836,1,0,1,1,0,67,7,1
836,2,1,2,1,0,68,8,1
836,3,2,3,1,1,69,9,1
836,4,3,4,1,0,70,10,1
836,5,4,4.061,0.061,0,71,11,1
837,1,0,1,1,0,72,3,1
837,2,1,2,1,0,73,4,1
837,3,2,2.631,0.631,0,74,5,1
838,1,0,1,1,0,46,7,1
838,2,1,1.237,0.237,0,47,8,1
839,1,0,1,1,0,54,2,1
839,2,1,2,1,0,55,3,1
839,3,2,2.498,0.498,0,56,4,1
840,1,0,1,1,0,59,5,1
840,2,1,2,1,0,60,6,1
840,3,2,3,1,0,61,7,1
840,4,3,4,1,0,62,8,1
840,5,4,4.461,0.461,0,63,9,1
841,1,0,1,1,0,34,7,1
841,2,1,2,1,0,35,8,1
841,3,2,3,1,0,36,9,1
841,4,3,4,1,1,37,10,1
841,5,4,5,1,0,38,11,1
841,6,5,5.301,0.301,0,39,12,1
842,1,0,1,1,0,39,6,1
842,2,1,1.073,0.073,0,40,7,1
843,1,0,1,1,0,69,21,1
843,2,1,2,1,0,70,22,1
843,3,2,3,1,0,71,23,1
843,4,3,3.482,0.482,0,72,24,1
844,1,0,1,1,0,29,5,1
844,2,1,2,1,0,30,6,1
844,3,2,3,1,1,31,7,1
844,4,3,3.503,0.503,0,32,8,1
845,1,0,1,1,0,68,19,1
845,2,1,1.223,0.223,0,69,20,1
846,1,0,1,1,0,57,3,1
846,2,1,2,1,0,58,4,1
846,3,2,3,1,0,59,5,1
846,4,3,3.288,0.288,0,60,6,1
847,1,0,1,1,0,35,10,1
847,2,1,1.163,0.163,0,36,11,1
848,1,0,0.637,0.637,0,45,1,1
849,1,0,1,1,0,25,3,1
849,2,1,2,1,0,26,4,1
849,3,2,2.408,0.408,0,27,5,1
850,1,0,1,1,0,60,10,1
850,2,1,2,1,0,61,11,1
850,3,2,3,1,0,62,12,1
850,4,3,4,1,0,63,13,1
850,5,4,5,1,0,64,14,1
850,6,5,6,1,0,65,15,1
850,7,6,7,1,0,66,16,1
850,8,7,8,1,0,67,17,1
850,9,8,9,1,0,68,18,1
850,10,9,9.661,0.661,0,69,19,1
851,1,0,1,1,0,64,9,1
851,2,1,2,1,0,65,10,1
851,3,2,3,1,0,66,11,1
851,4,3,4,1,0,67,12,1
851,5,4,5,1,0,68,13,1
851,6,5,6,1,0,69,14,1
851,7,6,6.794,0.794,0,70,15,1
852,1,0,1,1,0,38,9,1
852,2,1,1.989,0.989,0,39,10,1
853,1,0,1,1,1,62,7,1
853,2,1,2,1,1,63,8,1
853,3,2,3,1,0,64,9,1
853,4,3,4,1,0,65,10,1
853,5,4,5,1,0,66,11,1
853,6,5,5.514,0.514,0,67,12,1
854,1,0,1,1,0,72,4,1
854,2,1,2,1,0,73,5,1
854,3,2,3,1,0,74,6,1
854,4,3,4,1,0,75,7,1
854,5,4,5,1,0,76,8,1
854,6,5,6,1,0,77,9,1
854,7,6,7,1,0,78,10,1
854,8,7,8,1,0,79,11,1
854,9,8,8.31,0.31,0,80,12,1
855,1,0,1,1,1,32,11,1
855,2,1,2,1,1,33,12,1
855,3,2,3,1,2,34,13,1
855,4,3,4,1,2,35,14,1
855,5,4,4.791,0.791,0,36,15,1
856,1,0,1,1,0,30,4,1
856,2,1,2,1,0,31,5,1
856,3,2,3,1,0,32,6,1
856,4,3,4,1,0,33,7,1
856,5,4,5,1,0,34,8,1
856,6,5,6,1,0,35,9,1
856,7,6,7,1,0,36,10,1
856,8,7,8,1,0,37,11,1
856,9,8,9,1,0,38,12,1
856,10,9,9.099,0.099,0,39,13,1
857,1,0,1,1,0,49,7,1
857,2,1,2,1,0,50,8,1
857,3,2,3,1,0,51,9,1
857,4,3,4,1,0,52,10,1
857,5,4,5,1,0,53,11,1
857,6,5,6,1,0,54,12,1
857,7,6,7,1,0,55,13,1
857,8,7,7.194,0.194,0,56,14,1
858,1,0,1,1,0,43,12,1
858,2,1,2,1,0,44,13,1
858,3,2,3,1,0,45,14,1
858,4,3,4,1,0,46,15,1
858,5,4,5,1,0,47,16,1
858,6,5,6,1,0,48,17,1
858,7,6,6.466,0.466,0,49,18,1
859,1,0,1,1,0,48,8,1
859,2,1,2,1,0,49,9,1
859,3,2,3,1,0,50,10,1
859,4,3,4,1,0,51,11,1
859,5,4,5,1,1,52,12,1
859,6,5,5.882,0.882,0,53,13,1
860,1,0,1,1,0,68,1,1
860,2,1,2,1,0,69,2,1
860,3,2,3,1,1,70,3,1
860,4,3,4,1,0,71,4,1
860,5,4,5,1,0,72,5,1
860,6,5,6,1,0,73,6,1
860,7,6,6.954,0.954,0,74,7,1
861,1,0,1,1,0,42,20,1
861,2,1,2,1,0,43,21,1
861,3,2,3,1,0,44,22,1
861,4,3,3.67,0.67,0,45,23,1
862,1,0,1,1,0,48,7,1
862,2,1,2,1,0,49,8,1
862,3,2,3,1,0,50,9,1
862,4,3,4,1,1,51,10,1
862,5,4,5,1,0,52,11,1
862,6,5,5.377,0.377,0,53,12,1
863,1,0,1,1,0,58,7,1
863,2,1,2,1,0,59,8,1
863,3,2,3,1,0,60,9,1
863,4,3,4,1,0,61,10,1
863,5,4,5,1,0,62,11,1
863,6,5,6,1,0,63,12,1
863,7,6,6.056,0.056,0,64,13,1
864,1,0,1,1,0,39,9,1
864,2,1,2,1,0,40,10,1
864,3,2,3,1,0,41,11,1
864,4,3,4,1,0,42,12,1
864,5,4,5,1,0,43,13,1
864,6,5,6,1,0,44,14,1
864,7,6,6.362,0.362,0,45,15,1
865,1,0,1,1,0,18,13,1
865,2,1,2,1,0,19,14,1
865,3,2,3,1,0,20,15,1
865,4,3,4,1,0,21,16,1
865,5,4,5,1,0,22,17,1
865,6,5,6,1,0,23,18,1
865,7,6,6.916,0.916,0,24,19,1
866,1,0,1,1,1,46,10,1
866,2,1,2,1,0,47,11,1
866,3,2,3,1,1,48,12,1
866,4,3,4,1,1,49,13,1
866,5,4,5,1,0,50,14,1
866,6,5,6,1,0,51,15,1
866,7,6,7,1,0,52,16,1
866,8,7,8,1,0,53,17,1
866,9,8,8.572,0.572,0,54,18,1
867,1,0,1,1,0,40,7,1
867,2,1,2,1,0,41,8,1
867,3,2,3,1,0,42,9,1
867,4,3,4,1,0,43,10,1
867,5,4,5,1,0,44,11,1
867,6,5,5.247,0.247,0,45,12,1
868,1,0,1,1,0,67,11,1
868,2,1,2,1,0,68,12,1
868,3,2,3,1,0,69,13,1
868,4,3,3.032,0.032,0,70,14,1
869,1,0,1,1,0,42,7,1
869,2,1,2,1,0,43,8,1
869,3,2,3,1,0,44,9,1
869,4,3,4,1,0,45,10,1
869,5,4,5,1,0,46,11,1
869,6,5,5.208,0.208,0,47,12,1
870,1,0,1,1,0,55,7,1
870,2,1,2,1,0,56,8,1
870,3,2,2.394,0.394,0,57,9,1
871,1,0,1,1,0,44,8,1
871,2,1,2,1,0,45,9,1
871,3,2,2.715,0.715,0,46,10,1
872,1,0,1,1,1,75,4,1
872,2,1,2,1,0,76,5,1
872,3,2,3,1,0,77,6,1
872,4,3,4,1,0,78,7,1
872,5,4,5,1,0,79,8,1
872,6,5,5.487,0.487,0,80,9,1
873,1,0,1,1,0,54,0,1
873,2,1,1.035,0.035,0,55,1,1
874,1,0,1,1,0,55,20,1
874,2,1,2,1,0,56,21,1
874,3,2,3,1,0,57,22,1
874,4,3,4,1,0,58,23,1
874,5,4,5,1,0,59,24,1
874,6,5,6,1,1,60,25,1
874,7,6,6.204,0.204,0,61,26,1
875,1,0,1,1,0,60,13,1
875,2,1,1.103,0.103,0,61,14,1
876,1,0,1,1,0,42,4,1
876,2,1,1.32,0.32,0,43,5,1
877,1,0,1,1,0,20,6,1
877,2,1,2,1,0,21,7,1
877,3,2,3,1,0,22,8,1
877,4,3,4,1,0,23,9,1
877,5,4,5,1,0,24,10,1
877,6,5,6,1,0,25,11,1
877,7,6,7,1,0,26,12,1
877,8,7,8,1,0,27,13,1
877,9,8,8.859,0.859,0,28,14,1
878,1,0,1,1,0,41,12,1
878,2,1,1.137,0.137,0,42,13,1
879,1,0,1,1,0,27,4,1
879,2,1,1.979,0.979,0,28,5,1
880,1,0,1,1,0,54,12,1
880,2,1,2,1,0,55,13,1
880,3,2,2.313,0.313,0,56,14,1
881,1,0,1,1,0,50,13,1
881,2,1,2,1,0,51,14,1
881,3,2,3,1,1,52,15,1
881,4,3,4,1,0,53,16,1
881,5,4,4.447,0.447,0,54,17,1
882,1,0,1,1,0,52,13,1
882,2,1,2,1,0,53,14,1
882,3,2,2.225,0.225,1,54,15,1
883,1,0,1,1,0,59,8,1
883,2,1,2,1,0,60,9,1
883,3,2,3,1,0,61,10,1
883,4,3,4,1,0,62,11,1
883,5,4,5,1,0,63,12,1
883,6,5,6,1,0,64,13,1
883,7,6,6.941,0.941,0,65,14,1
884,1,0,1,1,0,50,2,1
884,2,1,2,1,0,51,3,1
884,3,2,3,1,0,52,4,1
884,4,3,3.854,0.854,0,53,5,1
885,1,0,1,1,0,45,5,1
885,2,1,2,1,0,46,6,1
885,3,2,3,1,0,47,7,1
885,4,3,4,1,0,48,8,1
885,5,4,5,1,0,49,9,1
885,6,5,6,1,0,50,10,1
885,7,6,7,1,0,51,11,1
885,8,7,7.741,0.741,0,52,12,1
886,1,0,1,1,0,45,8,1
886,2,1,2,1,0,46,9,1
886,3,2,3,1,0,47,10,1
886,4,3,3.839,0.839,0,48,11,1
887,1,0,1,1,1,71,5,1
887,2,1,2,1,1,72,6,1
887,3,2,3,1,1,73,7,1
887,4,3,4,1,1,74,8,1
887,5,4,5,1,2,75,9,1
887,6,5,5.444,0.444,1,76,10,1
888,1,0,1,1,0,18,14,1
888,2,1,2,1,0,19,15,1
888,3,2,3,1,0,20,16,1
888,4,3,3.4,0.4,0,21,17,1
889,1,0,1,1,1,44,5,1
889,2,1,2,1,0,45,6,1
889,3,2,3,1,0,46,7,1
889,4,3,4,1,0,47,8,1
889,5,4,5,1,0,48,9,1
889,6,5,6,1,0,49,10,1
889,7,6,6.943,0.943,0,50,11,1
890,1,0,1,1,0,72,5,1
890,2,1,2,1,0,73,6,1
890,3,2,3,1,0,74,7,1
890,4,3,4,1,1,75,8,1
890,5,4,5,1,0,76,9,1
890,6,5,6,1,0,77,10,1
890,7,6,6.585,0.585,0,78,11,1
891,1,0,1,1,0,48,14,1
891,2,1,1.816,0.816,1,49,15,1
892,1,0,1,1,0,31,9,1
892,2,1,2,1,0,32,10,1
892,3,2,3,1,0,33,11,1
892,4,3,4,1,0,34,12,1
892,5,4,5,1,0,35,13,1
892,6,5,5.043,0.043,0,36,14,1
893,1,0,1,1,0,63,1,1
893,2,1,2,1,0,64,2,1
893,3,2,3,1,0,65,3,1
893,4,3,4,1,0,66,4,1
893,5,4,5,1,0,67,5,1
893,6,5,6,1,0,68,6,1
893,7,6,7,1,1,69,7,1
893,8,7,8,1,0,70,8,1
893,9,8,8.834,0.834,0,71,9,1
894,1,0,0.914,0.914,1,31,10,1
895,1,0,0.661,0.661,0,18,12,1
896,1,0,1,1,0,18,8,1
896,2,1,2,1,0,19,9,1
896,3,2,3,1,0,20,10,1
896,4,3,4,1,0,21,11,1
896,5,4,5,1,0,22,12,1
896,6,5,5.665,0.665,0,23,13,1
897,1,0,1,1,0,68,2,1
897,2,1,2,1,0,69,3,1
897,3,2,3,1,0,70,4,1
897,4,3,4,1,0,71,5,1
897,5,4,5,1,0,72,6,1
897,6,5,6,1,0,73,7,1
897,7,6,7,1,0,74,8,1
897,8,7,8,1,0,75,9,1
897,9,8,9,1,0,76,10,1
897,10,9,9.37,0.37,0,77,11,1
898,1,0,0.485,0.485,0,39,6,1
899,1,0,1,1,0,53,9,1
899,2,1,1.578,0.578,0,54,10,1
900,1,0,0.899,0.899,0,36,0,1
901,1,0,1,1,0,64,11,1
901,2,1,2,1,0,65,12,1
901,3,2,3,1,0,66,13,1
901,4,3,4,1,0,67,14,1
901,5,4,5,1,0,68,15,1
901,6,5,5.014,0.014,0,69,16,1
902,1,0,1,1,0,29,5,1
902,2,1,2,1,1,30,6,1
902,3,2,3,1,0,31,7,1
902,4,3,4,1,0,32,8,1
902,5,4,5,1,0,33,9,1
902,6,5,6,1,1,34,10,1
902,7,6,7,1,0,35,11,1
902,8,7,7.695,0.695,0,36,12,1
903,1,0,1,1,0,67,11,1
903,2,1,2,1,0,68,12,1
903,3,2,2.379,0.379,0,69,13,1
904,1,0,1,1,0,34,8,1
904,2,1,1.744,0.744,0,35,9,1
905,1,0,1,1,0,69,12,1
905,2,1,2,1,0,70,13,1
905,3,2,3,1,0,71,14,1
905,4,3,4,1,0,72,15,1
905,5,4,5,1,0,73,16,1
905,6,5,6,1,0,74,17,1
905,7,6,7,1,0,75,18,1
905,8,7,7.286,0.286,0,76,19,1
906,1,0,1,1,0,65,10,1
906,2,1,2,1,0,66,11,1
906,3,2,3,1,0,67,12,1
906,4,3,4,1,0,68,13,1
906,5,4,5,1,0,69,14,1
906,6,5,6,1,0,70,15,1
906,7,6,6.78,0.78,0,71,16,1
907,1,0,1,1,0,35,2,1
907,2,1,2,1,0,36,3,1
907,3,2,3,1,1,37,4,1
907,4,3,4,1,0,38,5,1
907,5,4,5,1,0,39,6,1
907,6,5,6,1,0,40,7,1
907,7,6,7,1,0,41,8,1
907,8,7,8,1,0,42,9,1
907,9,8,9,1,1,43,10,1
907,10,9,9.344,0.344,0,44,11,1
908,1,0,1,1,1,27,15,1
908,2,1,2,1,2,28,16,1
908,3,2,3,1,2,29,17,1
908,4,3,4,1,2,30,18,1
908,5,4,5,1,0,31,19,1
908,6,5,6,1,0,32,20,1
908,7,6,7,1,1,33,21,1
908,8,7,8,1,3,34,22,1
908,9,8,8.577,0.577,0,35,23,1
909,1,0,1,1,0,63,8,1
909,2,1,2,1,0,64,9,1
909,3,2,3,1,1,65,10,1
909,4,3,4,1,0,66,11,1
909,5,4,5,1,0,67,12,1
909,6,5,6,1,0,68,13,1
909,7,6,6.806,0.806,0,69,14,1
910,1,0,1,1,2,41,0,1
910,2,1,1.557,0.557,0,42,1,1
911,1,0,1,1,0,39,5,1
911,2,1,2,1,0,40,6,1
911,3,2,3,1,0,41,7,1
911,4,3,4,1,0,42,8,1
911,5,4,5,1,1,43,9,1
911,6,5,6,1,0,44,10,1
911,7,6,6.774,0.774,0,45,11,1
912,1,0,0.993,0.993,0,33,2,1
913,1,0,1,1,0,63,11,1
913,2,1,2,1,0,64,12,1
913,3,2,3,1,0,65,13,1
913,4,3,4,1,0,66,14,1
913,5,4,4.774,0.774,0,67,15,1
914,1,0,1,1,0,55,6,1
914,2,1,2,1,0,56,7,1
914,3,2,3,1,0,57,8,1
914,4,3,4,1,0,58,9,1
914,5,4,5,1,0,59,10,1
914,6,5,6,1,0,60,11,1
914,7,6,7,1,0,61,12,1
914,8,7,8,1,1,62,13,1
914,9,8,9,1,0,63,14,1
914,10,9,9.747,0.747,1,64,15,1
915,1,0,1,1,0,58,4,1
915,2,1,2,1,0,59,5,1
915,3,2,3,1,0,60,6,1
915,4,3,4,1,0,61,7,1
915,5,4,5,1,0,62,8,1
915,6,5,5.219,0.219,0,63,9,1
916,1,0,1,1,0,45,8,1
916,2,1,2,1,0,46,9,1
916,3,2,3,1,0,47,10,1
916,4,3,4,1,0,48,11,1
916,5,4,5,1,0,49,12,1
916,6,5,6,1,0,50,13,1
916,7,6,7,1,0,51,14,1
916,8,7,7.92,0.92,0,52,15,1
917,1,0,1,1,0,44,24,1
917,2,1,2,1,0,45,25,1
917,3,2,3,1,0,46,26,1
917,4,3,3.724,0.724,0,47,27,1
918,1,0,1,1,0,64,6,1
918,2,1,2,1,0,65,7,1
918,3,2,3,1,0,66,8,1
918,4,3,4,1,0,67,9,1
918,5,4,5,1,0,68,10,1
918,6,5,5.789,0.789,0,69,11,1
919,1,0,0.722,0.722,0,73,15,1
920,1,0,1,1,0,45,10,1
920,2,1,2,1,0,46,11,1
920,3,2,3,1,0,47,12,1
920,4,3,4,1,0,48,13,1
920,5,4,5,1,1,49,14,1
920,6,5,6,1,0,50,15,1
920,7,6,6.977,0.977,0,51,16,1
921,1,0,1,1,0,51,13,1
921,2,1,2,1,0,52,14,1
921,3,2,2.415,0.415,0,53,15,1
922,1,0,1,1,0,20,16,1
922,2,1,2,1,0,21,17,1
922,3,2,3,1,0,22,18,1
922,4,3,3.667,0.667,0,23,19,1
923,1,0,1,1,0,34,14,1
923,2,1,2,1,0,35,15,1
923,3,2,3,1,0,36,16,1
923,4,3,4,1,0,37,17,1
923,5,4,4.791,0.791,0,38,18,1
924,1,0,1,1,0,53,17,1
924,2,1,2,1,0,54,18,1
924,3,2,2.972,0.972,0,55,19,1
925,1,0,1,1,0,53,16,1
925,2,1,2,1,0,54,17,1
925,3,2,2.106,0.106,0,55,18,1
926,1,0,1,1,0,34,14,1
926,2,1,2,1,0,35,15,1
926,3,2,3,1,0,36,16,1
926,4,3,4,1,0,37,17,1
926,5,4,5,1,0,38,18,1
926,6,5,6,1,0,39,19,1
926,7,6,7,1,0,40,20,1
926,8,7,8,1,1,41,21,1
926,9,8,9,1,0,42,22,1
926,10,9,9.958,0.958,0,43,23,1
927,1,0,1,1,0,66,6,1
927,2,1,2,1,0,67,7,1
927,3,2,3,1,0,68,8,1
927,4,3,4,1,0,69,9,1
927,5,4,5,1,0,70,10,1
927,6,5,6,1,0,71,11,1
927,7,6,7,1,0,72,12,1
927,8,7,7.173,0.173,0,73,13,1
928,1,0,1,1,0,45,5,1
928,2,1,2,1,0,46,6,1
928,3,2,2.519,0.519,0,47,7,1
929,1,0,1,1,0,57,0,1
929,2,1,2,1,0,58,1,1
929,3,2,2.183,0.183,0,59,2,1
930,1,0,1,1,0,77,16,1
930,2,1,1.09,0.09,0,78,17,1
931,1,0,1,1,1,28,14,1
931,2,1,2,1,1,29,15,1
931,3,2,3,1,0,30,16,1
931,4,3,4,1,0,31,17,1
931,5,4,5,1,0,32,18,1
931,6,5,5.009,0.009,0,33,19,1
932,1,0,1,1,0,32,8,1
932,2,1,2,1,0,33,9,1
932,3,2,3,1,0,34,10,1
932,4,3,4,1,0,35,11,1
932,5,4,5,1,0,36,12,1
932,6,5,6,1,0,37,13,1
932,7,6,6.653,0.653,0,38,14,1
933,1,0,1,1,0,47,13,1
933,2,1,2,1,0,48,14,1
933,3,2,3,1,0,49,15,1
933,4,3,3.578,0.578,0,50,16,1
934,1,0,1,1,0,39,4,1
934,2,1,2,1,0,40,5,1
934,3,2,3,1,0,41,6,1
934,4,3,4,1,0,42,7,1
934,5,4,5,1,0,43,8,1
934,6,5,5.776,0.776,0,44,9,1
935,1,0,1,1,0,39,17,1
935,2,1,2,1,0,40,18,1
935,3,2,3,1,0,41,19,1
935,4,3,4,1,0,42,20,1
935,5,4,5,1,0,43,21,1
935,6,5,5.968,0.968,0,44,22,1
936,1,0,1,1,0,19,10,1
936,2,1,2,1,0,20,11,1
936,3,2,2.134,0.134,0,21,12,1
937,1,0,1,1,0,39,0,1
937,2,1,2,1,0,40,1,1
937,3,2,3,1,0,41,2,1
937,4,3,4,1,0,42,3,1
937,5,4,5,1,0,43,4,1
937,6,5,6,1,0,44,5,1
937,7,6,7,1,0,45,6,1
937,8,7,8,1,0,46,7,1
937,9,8,9,1,0,47,8,1
937,10,9,9.992,0.992,0,48,9,1
938,1,0,1,1,0,34,5,1
938,2,1,2,1,1,35,6,1
938,3,2,3,1,1,36,7,1
938,4,3,4,1,1,37,8,1
938,5,4,5,1,0,38,9,1
938,6,5,5.546,0.546,0,39,10,1
939,1,0,1,1,0,51,9,1
939,2,1,2,1,0,52,10,1
939,3,2,2.193,0.193,0,53,11,1
940,1,0,1,1,0,50,8,1
940,2,1,1.875,0.875,0,51,9,1
941,1,0,1,1,0,57,3,1
941,2,1,1.449,0.449,0,58,4,1
942,1,0,1,1,1,18,6,1
942,2,1,2,1,2,19,7,1
942,3,2,3,1,0,20,8,1
942,4,3,3.935,0.935,0,21,9,1
943,1,0,1,1,0,66,12,1
943,2,1,2,1,0,67,13,1
943,3,2,3,1,0,68,14,1
943,4,3,4,1,2,69,15,1
943,5,4,5,1,2,70,16,1
943,6,5,6,1,0,71,17,1
943,7,6,7,1,0,72,18,1
943,8,7,7.127,0.127,0,73,19,1
944,1,0,1,1,0,56,6,1
944,2,1,2,1,0,57,7,1
944,3,2,2.789,0.789,0,58,8,1
945,1,0,1,1,1,52,14,1
945,2,1,2,1,1,53,15,1
945,3,2,3,1,1,54,16,1
945,4,3,4,1,0,55,17,1
945,5,4,4.667,0.667,0,56,18,1
946,1,0,1,1,0,77,14,1
946,2,1,2,1,0,78,15,1
946,3,2,3,1,0,79,16,1
946,4,3,4,1,0,80,17,1
946,5,4,5,1,0,81,18,1
946,6,5,5.363,0.363,0,82,19,1
947,1,0,1,1,0,55,10,1
947,2,1,2,1,0,56,11,1
947,3,2,2.662,0.662,0,57,12,1
948,1,0,1,1,0,52,10,1
948,2,1,2,1,0,53,11,1
948,3,2,3,1,0,54,12,1
948,4,3,4,1,0,55,13,1
948,5,4,4.271,0.271,0,56,14,1
949,1,0,1,1,0,18,13,1
949,2,1,1.483,0.483,0,19,14,1
950,1,0,1,1,0,32,15,1
950,2,1,2,1,0,33,16,1
950,3,2,3,1,0,34,17,1
950,4,3,4,1,0,35,18,1
950,5,4,5,1,0,36,19,1
950,6,5,6,1,0,37,20,1
950,7,6,7,1,0,38,21,1
950,8,7,7.755,0.755,0,39,22,1
951,1,0,1,1,0,57,5,1
951,2,1,1.583,0.583,0,58,6,1
952,1,0,1,1,0,58,4,1
952,2,1,2,1,0,59,5,1
952,3,2,3,1,0,60,6,1
952,4,3,4,1,0,61,7,1
952,5,4,5,1,0,62,8,1
952,6,5,6,1,0,63,9,1
952,7,6,6.571,0.571,0,64,10,1
953,1,0,1,1,0,47,1,1
953,2,1,2,1,0,48,2,1
953,3,2,2.097,0.097,0,49,3,1
954,1,0,1,1,0,37,15,1
954,2,1,2,1,0,38,16,1
954,3,2,3,1,0,39,17,1
954,4,3,4,1,0,40,18,1
954,5,4,4.065,0.065,0,41,19,1
955,1,0,1,1,0,36,4,1
955,2,1,2,1,0,37,5,1
955,3,2,3,1,0,38,6,1
955,4,3,3.032,0.032,0,39,7,1
956,1,0,1,1,0,57,5,1
956,2,1,2,1,0,58,6,1
956,3,2,3,1,0,59,7,1
956,4,3,4,1,0,60,8,1
956,5,4,5,1,0,61,9,1
956,6,5,6,1,0,62,10,1
956,7,6,7,1,0,63,11,1
956,8,7,7.707,0.707,0,64,12,1
957,1,0,1,1,0,56,7,1
957,2,1,2,1,0,57,8,1
957,3,2,3,1,0,58,9,1
957,4,3,4,1,2,59,10,1
957,5,4,4.815,0.815,0,60,11,1
958,1,0,1,1,0,37,8,1
958,2,1,1.262,0.262,0,38,9,1
959,1,0,1,1,0,46,3,1
959,2,1,1.11,0.11,0,47,4,1
960,1,0,1,1,0,27,1,1
960,2,1,2,1,0,28,2,1
960,3,2,3,1,0,29,3,1
960,4,3,4,1,0,30,4,1
960,5,4,5,1,1,31,5,1
960,6,5,6,1,0,32,6,1
960,7,6,6.363,0.363,1,33,7,1
961,1,0,1,1,0,55,5,1
961,2,1,1.963,0.963,0,56,6,1
962,1,0,1,1,0,43,6,1
962,2,1,2,1,0,44,7,1
962,3,2,3,1,0,45,8,1
962,4,3,4,1,0,46,9,1
962,5,4,4.993,0.993,0,47,10,1
963,1,0,0.826,0.826,0,54,10,1
964,1,0,1,1,0,56,10,1
964,2,1,2,1,0,57,11,1
964,3,2,2.157,0.157,0,58,12,1
965,1,0,1,1,0,57,8,1
965,2,1,2,1,0,58,9,1
965,3,2,2.304,0.304,0,59,10,1
966,1,0,1,1,0,60,3,1
966,2,1,2,1,0,61,4,1
966,3,2,3,1,0,62,5,1
966,4,3,4,1,0,63,6,1
966,5,4,4.628,0.628,0,64,7,1
967,1,0,1,1,0,19,19,1
967,2,1,2,1,0,20,20,1
967,3,2,3,1,0,21,21,1
967,4,3,3.283,0.283,0,22,22,1
968,1,0,1,1,0,39,14,1
968,2,1,2,1,0,40,15,1
968,3,2,3,1,0,41,16,1
968,4,3,4,1,0,42,17,1
968,5,4,5,1,0,43,18,1
968,6,5,5.439,0.439,0,44,19,1
969,1,0,1,1,0,31,17,1
969,2,1,1.721,0.721,0,32,18,1
970,1,0,1,1,0,52,9,1
970,2,1,2,1,0,53,10,1
970,3,2,2.251,0.251,0,54,11,1
971,1,0,1,1,0,37,12,1
971,2,1,2,1,0,38,13,1
971,3,2,3,1,1,39,14,1
971,4,3,4,1,0,40,15,1
971,5,4,5,1,0,41,16,1
971,6,5,6,1,1,42,17,1
971,7,6,7,1,0,43,18,1
971,8,7,8,1,0,44,19,1
971,9,8,8.236,0.236,0,45,20,1
972,1,0,1,1,0,37,2,1
972,2,1,2,1,0,38,3,1
972,3,2,3,1,0,39,4,1
972,4,3,4,1,0,40,5,1
972,5,4,4.614,0.614,0,41,6,1
973,1,0,1,1,0,38,12,1
973,2,1,2,1,0,39,13,1
973,3,2,3,1,0,40,14,1
973,4,3,3.389,0.389,0,41,15,1
974,1,0,1,1,1,46,0,1
974,2,1,2,1,0,47,1,1
974,3,2,3,1,0,48,2,1
974,4,3,3.121,0.121,0,49,3,1
975,1,0,1,1,0,36,8,1
975,2,1,2,1,0,37,9,1
975,3,2,3,1,0,38,10,1
975,4,3,4,1,0,39,11,1
975,5,4,5,1,0,40,12,1
975,6,5,6,1,0,41,13,1
975,7,6,6.167,0.167,0,42,14,1
976,1,0,1,1,0,47,7,1
976,2,1,1.77,0.77,0,48,8,1
977,1,0,1,1,0,66,11,1
977,2,1,2,1,0,67,12,1
977,3,2,3,1,0,68,13,1
977,4,3,3.51,0.51,0,69,14,1
978,1,0,1,1,0,36,7,1
978,2,1,2,1,1,37,8,1
978,3,2,2.558,0.558,0,38,9,1
979,1,0,1,1,0,44,10,1
979,2,1,2,1,0,45,11,1
979,3,2,3,1,0,46,12,1
979,4,3,4,1,0,47,13,1
979,5,4,5,1,0,48,14,1
979,6,5,5.078,0.078,0,49,15,1
980,1,0,1,1,0,48,7,1
980,2,1,2,1,0,49,8,1
980,3,2,3,1,0,50,9,1
980,4,3,4,1,0,51,10,1
980,5,4,5,1,0,52,11,1
980,6,5,6,1,0,53,12,1
980,7,6,6.104,0.104,0,54,13,1
981,1,0,1,1,0,43,12,1
981,2,1,2,1,0,44,13,1
981,3,2,3,1,0,45,14,1
981,4,3,4,1,0,46,15,1
981,5,4,5,1,0,47,16,1
981,6,5,6,1,0,48,17,1
981,7,6,7,1,0,49,18,1
981,8,7,7.034,0.034,0,50,19,1
982,1,0,1,1,0,55,10,1
982,2,1,2,1,0,56,11,1
982,3,2,3,1,0,57,12,1
982,4,3,4,1,0,58,13,1
982,5,4,5,1,0,59,14,1
982,6,5,6,1,0,60,15,1
982,7,6,6.268,0.268,0,61,16,1
983,1,0,1,1,0,31,5,1
983,2,1,2,1,0,32,6,1
983,3,2,2.46,0.46,0,33,7,1
984,1,0,1,1,0,52,11,1
984,2,1,2,1,0,53,12,1
984,3,2,3,1,0,54,13,1
984,4,3,4,1,0,55,14,1
984,5,4,4.227,0.227,0,56,15,1
985,1,0,1,1,0,43,13,1
985,2,1,2,1,0,44,14,1
985,3,2,3,1,0,45,15,1
985,4,3,4,1,0,46,16,1
985,5,4,5,1,0,47,17,1
985,6,5,5.998,0.998,0,48,18,1
986,1,0,1,1,0,60,3,1
986,2,1,2,1,0,61,4,1
986,3,2,3,1,1,62,5,1
986,4,3,4,1,0,63,6,1
986,5,4,4.911,0.911,0,64,7,1
987,1,0,1,1,0,58,0,1
987,2,1,2,1,0,59,1,1
987,3,2,3,1,0,60,2,1
987,4,3,4,1,0,61,3,1
987,5,4,5,1,0,62,4,1
987,6,5,6,1,0,63,5,1
987,7,6,6.318,0.318,0,64,6,1
988,1,0,1,1,1,32,10,1
988,2,1,2,1,0,33,11,1
988,3,2,2.406,0.406,0,34,12,1
989,1,0,1,1,0,44,16,1
989,2,1,2,1,0,45,17,1
989,3,2,3,1,0,46,18,1
989,4,3,4,1,0,47,19,1
989,5,4,5,1,1,48,20,1
989,6,5,6,1,0,49,21,1
989,7,6,6.944,0.944,0,50,22,1
990,1,0,1,1,0,29,8,1
990,2,1,2,1,0,30,9,1
990,3,2,3,1,0,31,10,1
990,4,3,4,1,1,32,11,1
990,5,4,5,1,0,33,12,1
990,6,5,6,1,0,34,13,1
990,7,6,7,1,0,35,14,1
990,8,7,7.245,0.245,0,36,15,1
991,1,0,1,1,0,64,5,1
991,2,1,2,1,0,65,6,1
991,3,2,3,1,0,66,7,1
991,4,3,4,1,0,67,8,1
991,5,4,5,1,0,68,9,1
991,6,5,6,1,0,69,10,1
991,7,6,7,1,0,70,11,1
991,8,7,8,1,0,71,12,1
991,9,8,9,1,0,72,13,1
991,10,9,9.995,0.995,0,73,14,1
992,1,0,1,1,0,58,1,1
992,2,1,2,1,0,59,2,1
992,3,2,2.127,0.127,0,60,3,1
993,1,0,1,1,0,68,10,1
993,2,1,1.504,0.504,0,69,11,1
994,1,0,1,1,0,19,4,1
994,2,1,2,1,0,20,5,1
994,3,2,2.741,0.741,0,21,6,1
995,1,0,1,1,0,20,4,1
995,2,1,2,1,0,21,5,1
995,3,2,3,1,0,22,6,1
995,4,3,4,1,0,23,7,1
995,5,4,5,1,0,24,8,1
995,6,5,6,1,0,25,9,1
995,7,6,6.152,0.152,0,26,10,1
996,1,0,1,1,0,63,16,1
996,2,1,2,1,0,64,17,1
996,3,2,2.57,0.57,0,65,18,1
997,1,0,1,1,0,18,5,1
997,2,1,1.45,0.45,0,19,6,1
998,1,0,1,1,0,32,4,1
998,2,1,2,1,0,33,5,1
998,3,2,3,1,0,34,6,1
998,4,3,4,1,0,35,7,1
998,5,4,5,1,0,36,8,1
998,6,5,6,1,0,37,9,1
998,7,6,7,1,1,38,10,1
998,8,7,7.68,0.68,0,39,11,1
999,1,0,1,1,0,45,10,1
999,2,1,2,1,1,46,11,1
999,3,2,3,1,0,47,12,1
999,4,3,4,1,1,48,13,1
999,5,4,5,1,0,49,14,1
999,6,5,6,1,0,50,15,1
999,7,6,6.104,0.104,0,51,16,1
1000,1,0,1,1,0,40,13,1
1000,2,1,2,1,0,41,14,1
1000,3,2,2.904,0.904,0,42,15,1
1001,1,0,1,1,0,37,6,1
1001,2,1,1.465,0.465,0,38,7,1
1002,1,0,1,1,0,63,5,1
1002,2,1,2,1,0,64,6,1
1002,3,2,2.238,0.238,0,65,7,1
1003,1,0,0.722,0.722,0,67,10,1
1004,1,0,1,1,0,39,17,1
1004,2,1,2,1,1,40,18,1
1004,3,2,3,1,0,41,19,1
1004,4,3,3.263,0.263,0,42,20,1
1005,1,0,1,1,0,34,7,1
1005,2,1,2,1,1,35,8,1
1005,3,2,3,1,0,36,9,1
1005,4,3,4,1,0,37,10,1
1005,5,4,5,1,0,38,11,1
1005,6,5,6,1,0,39,12,1
1005,7,6,6.197,0.197,0,40,13,1
1006,1,0,1,1,0,31,1,1
1006,2,1,2,1,0,32,2,1
1006,3,2,3,1,0,33,3,1
1006,4,3,4,1,0,34,4,1
1006,5,4,5,1,0,35,5,1
1006,6,5,6,1,0,36,6,1
1006,7,6,7,1,0,37,7,1
1006,8,7,8,1,0,38,8,1
1006,9,8,8.196,0.196,0,39,9,1
1007,1,0,1,1,0,42,4,1
1007,2,1,2,1,0,43,5,1
1007,3,2,3,1,0,44,6,1
1007,4,3,4,1,0,45,7,1
1007,5,4,5,1,0,46,8,1
1007,6,5,5.322,0.322,0,47,9,1
1008,1,0,1,1,0,24,9,1
1008,2,1,2,1,0,25,10,1
1008,3,2,3,1,0,26,11,1
1008,4,3,4,1,0,27,12,1
1008,5,4,5,1,0,28,13,1
1008,6,5,5.097,0.097,0,29,14,1
1009,1,0,1,1,0,65,11,1
1009,2,1,2,1,0,66,12,1
1009,3,2,3,1,0,67,13,1
1009,4,3,3.264,0.264,0,68,14,1
1010,1,0,1,1,0,53,0,1
1010,2,1,2,1,0,54,1,1
1010,3,2,3,1,0,55,2,1
1010,4,3,4,1,0,56,3,1
1010,5,4,5,1,0,57,4,1
1010,6,5,6,1,0,58,5,1
1010,7,6,7,1,0,59,6,1
1010,8,7,8,1,0,60,7,1
1010,9,8,9,1,0,61,8,1
1010,10,9,9.196,0.196,0,62,9,1
1011,1,0,1,1,0,63,2,1
1011,2,1,2,1,1,64,3,1
1011,3,2,3,1,0,65,4,1
1011,4,3,3.11,0.11,0,66,5,1
1012,1,0,0.635,0.635,0,47,8,1
1013,1,0,1,1,0,47,4,1
1013,2,1,2,1,0,48,5,1
1013,3,2,3,1,0,49,6,1
1013,4,3,4,1,0,50,7,1
1013,5,4,4.913,0.913,0,51,8,1
1014,1,0,1,1,0,59,6,1
1014,2,1,1.639,0.639,0,60,7,1
1015,1,0,1,1,0,44,12,1
1015,2,1,2,1,0,45,13,1
1015,3,2,3,1,0,46,14,1
1015,4,3,4,1,0,47,15,1
1015,5,4,4.492,0.492,0,48,16,1
1016,1,0,1,1,0,66,15,1
1016,2,1,2,1,0,67,16,1
1016,3,2,2.624,0.624,0,68,17,1
1017,1,0,1,1,0,48,8,1
1017,2,1,2,1,0,49,9,1
1017,3,2,3,1,1,50,10,1
1017,4,3,4,1,0,51,11,1
1017,5,4,4.56,0.56,0,52,12,1
1018,1,0,1,1,0,41,4,1
1018,2,1,2,1,0,42,5,1
1018,3,2,3,1,0,43,6,1
1018,4,3,4,1,0,44,7,1
1018,5,4,5,1,0,45,8,1
1018,6,5,5.276,0.276,0,46,9,1
1019,1,0,1,1,0,37,2,1
1019,2,1,2,1,0,38,3,1
1019,3,2,2.63,0.63,0,39,4,1
1020,1,0,1,1,0,45,5,1
1020,2,1,2,1,0,46,6,1
1020,3,2,3,1,0,47,7,1
1020,4,3,4,1,1,48,8,1
1020,5,4,5,1,0,49,9,1
1020,6,5,6,1,0,50,10,1
1020,7,6,6.55,0.55,0,51,11,1
1021,1,0,1,1,0,23,2,1
1021,2,1,2,1,0,24,3,1
1021,3,2,2.572,0.572,2,25,4,1
1022,1,0,1,1,0,51,9,1
1022,2,1,1.583,0.583,0,52,10,1
1023,1,0,1,1,0,49,17,1
1023,2,1,2,1,0,50,18,1
1023,3,2,3,1,0,51,19,1
1023,4,3,4,1,0,52,20,1
1023,5,4,5,1,0,53,21,1
1023,6,5,6,1,0,54,22,1
1023,7,6,6.741,0.741,0,55,23,1
1024,1,0,0.109,0.109,0,33,7,1
1025,1,0,1,1,0,57,4,1
1025,2,1,2,1,0,58,5,1
1025,3,2,3,1,0,59,6,1
1025,4,3,4,1,0,60,7,1
1025,5,4,4.76,0.76,0,61,8,1
1026,1,0,1,1,0,71,7,1
1026,2,1,2,1,0,72,8,1
1026,3,2,3,1,0,73,9,1
1026,4,3,4,1,0,74,10,1
1026,5,4,4.282,0.282,0,75,11,1
1027,1,0,1,1,1,39,13,1
1027,2,1,2,1,0,40,14,1
1027,3,2,3,1,0,41,15,1
1027,4,3,3.396,0.396,0,42,16,1
1028,1,0,1,1,0,34,0,1
1028,2,1,2,1,0,35,1,1
1028,3,2,2.423,0.423,0,36,2,1
1029,1,0,0.761,0.761,0,44,6,1
1030,1,0,1,1,0,50,7,1
1030,2,1,1.739,0.739,0,51,8,1
1031,1,0,1,1,0,49,13,1
1031,2,1,2,1,0,50,14,1
1031,3,2,3,1,0,51,15,1
1031,4,3,4,1,1,52,16,1
1031,5,4,4.154,0.154,0,53,17,1
1032,1,0,1,1,0,50,11,1
1032,2,1,1.953,0.953,0,51,12,1
1033,1,0,1,1,0,61,17,1
1033,2,1,2,1,0,62,18,1
1033,3,2,3,1,0,63,19,1
1033,4,3,3.339,0.339,0,64,20,1
1034,1,0,1,1,0,70,12,1
1034,2,1,2,1,0,71,13,1
1034,3,2,3,1,0,72,14,1
1034,4,3,4,1,1,73,15,1
1034,5,4,5,1,0,74,16,1
1034,6,5,6,1,0,75,17,1
1034,7,6,7,1,0,76,18,1
1034,8,7,7.933,0.933,0,77,19,1
1035,1,0,1,1,0,57,13,1
1035,2,1,2,1,0,58,14,1
1035,3,2,3,1,0,59,15,1
1035,4,3,4,1,0,60,16,1
1035,5,4,4.859,0.859,0,61,17,1
1036,1,0,1,1,0,40,6,1
1036,2,1,2,1,0,41,7,1
1036,3,2,3,1,0,42,8,1
1036,4,3,4,1,0,43,9,1
1036,5,4,5,1,0,44,10,1
1036,6,5,6,1,0,45,11,1
1036,7,6,7,1,0,46,12,1
1036,8,7,8,1,0,47,13,1
1036,9,8,9,1,0,48,14,1
1036,10,9,9.536,0.536,0,49,15,1
1037,1,0,1,1,0,62,1,1
1037,2,1,2,1,1,63,2,1
1037,3,2,3,1,0,64,3,1
1037,4,3,4,1,0,65,4,1
1037,5,4,4.623,0.623,0,66,5,1
1038,1,0,1,1,0,55,11,1
1038,2,1,2,1,0,56,12,1
1038,3,2,2.876,0.876,0,57,13,1
1039,1,0,1,1,0,18,5,1
1039,2,1,2,1,0,19,6,1
1039,3,2,3,1,1,20,7,1
1039,4,3,4,1,2,21,8,1
1039,5,4,4.996,0.996,1,22,9,1
1040,1,0,1,1,0,41,1,1
1040,2,1,2,1,0,42,2,1
1040,3,2,2.437,0.437,0,43,3,1
1041,1,0,1,1,0,58,4,1
1041,2,1,2,1,0,59,5,1
1041,3,2,3,1,0,60,6,1
1041,4,3,3.945,0.945,0,61,7,1
1042,1,0,1,1,1,37,11,1
1042,2,1,2,1,0,38,12,1
1042,3,2,2.657,0.657,0,39,13,1
1043,1,0,1,1,0,63,4,1
1043,2,1,2,1,0,64,5,1
1043,3,2,3,1,0,65,6,1
1043,4,3,4,1,0,66,7,1
1043,5,4,5,1,0,67,8,1
1043,6,5,5.763,0.763,0,68,9,1
1044,1,0,1,1,0,71,11,1
1044,2,1,2,1,0,72,12,1
1044,3,2,3,1,0,73,13,1
1044,4,3,4,1,0,74,14,1
1044,5,4,4.252,0.252,0,75,15,1
1045,1,0,1,1,0,38,9,1
1045,2,1,2,1,0,39,10,1
1045,3,2,3,1,0,40,11,1
1045,4,3,4,1,0,41,12,1
1045,5,4,4.242,0.242,0,42,13,1
1046,1,0,1,1,0,38,1,1
1046,2,1,2,1,0,39,2,1
1046,3,2,3,1,0,40,3,1
1046,4,3,4,1,0,41,4,1
1046,5,4,4.272,0.272,0,42,5,1
1047,1,0,1,1,0,52,8,1
1047,2,1,2,1,0,53,9,1
1047,3,2,3,1,0,54,10,1
1047,4,3,4,1,0,55,11,1
1047,5,4,4.179,0.179,0,56,12,1
1048,1,0,1,1,0,34,3,1
1048,2,1,2,1,0,35,4,1
1048,3,2,3,1,1,36,5,1
1048,4,3,3.934,0.934,0,37,6,1
1049,1,0,1,1,0,53,11,1
1049,2,1,2,1,0,54,12,1
1049,3,2,3,1,0,55,13,1
1049,4,3,4,1,0,56,14,1
1049,5,4,5,1,0,57,15,1
1049,6,5,5.696,0.696,0,58,16,1
1050,1,0,1,1,0,44,11,1
1050,2,1,2,1,0,45,12,1
1050,3,2,2.764,0.764,0,46,13,1
1051,1,0,1,1,1,67,11,1
1051,2,1,1.81,0.81,0,68,12,1
1052,1,0,1,1,2,57,9,1
1052,2,1,1.503,0.503,0,58,10,1
1053,1,0,1,1,0,53,2,1
1053,2,1,1.864,0.864,0,54,3,1
1054,1,0,1,1,0,56,7,1
1054,2,1,1.237,0.237,0,57,8,1
1055,1,0,1,1,1,55,13,1
1055,2,1,2,1,0,56,14,1
1055,3,2,3,1,0,57,15,1
1055,4,3,4,1,1,58,16,1
1055,5,4,5,1,0,59,17,1
1055,6,5,6,1,0,60,18,1
1055,7,6,7,1,0,61,19,1
1055,8,7,8,1,0,62,20,1
1055,9,8,8.722,0.722,0,63,21,1
1056,1,0,1,1,0,21,12,1
1056,2,1,1.992,0.992,1,22,13,1
1057,1,0,1,1,0,37,7,1
1057,2,1,1.476,0.476,0,38,8,1
1058,1,0,1,1,0,30,11,1
1058,2,1,2,1,0,31,12,1
1058,3,2,2.596,0.596,0,32,13,1
1059,1,0,0.761,0.761,1,34,4,1
1060,1,0,1,1,0,57,12,1
1060,2,1,2,1,1,58,13,1
1060,3,2,2.092,0.092,0,59,14,1
1061,1,0,1,1,0,49,12,1
1061,2,1,2,1,1,50,13,1
1061,3,2,3,1,0,51,14,1
1061,4,3,3.373,0.373,1,52,15,1
1062,1,0,1,1,0,75,13,1
1062,2,1,2,1,0,76,14,1
1062,3,2,3,1,0,77,15,1
1062,4,3,4,1,0,78,16,1
1062,5,4,5,1,0,79,17,1
1062,6,5,5.074,0.074,0,80,18,1
1063,1,0,1,1,0,27,10,1
1063,2,1,1.157,0.157,0,28,11,1
1064,1,0,1,1,0,53,11,1
1064,2,1,2,1,0,54,12,1
1064,3,2,2.511,0.511,0,55,13,1
1065,1,0,1,1,0,40,8,1
1065,2,1,2,1,0,41,9,1
1065,3,2,3,1,0,42,10,1
1065,4,3,3.07,0.07,0,43,11,1
1066,1,0,1,1,0,53,9,1
1066,2,1,2,1,0,54,10,1
1066,3,2,3,1,0,55,11,1
1066,4,3,4,1,0,56,12,1
1066,5,4,5,1,1,57,13,1
1066,6,5,5.072,0.072,0,58,14,1
1067,1,0,1,1,0,52,4,1
1067,2,1,1.212,0.212,0,53,5,1
1068,1,0,1,1,0,31,4,1
1068,2,1,2,1,0,32,5,1
1068,3,2,3,1,0,33,6,1
1068,4,3,3.073,0.073,0,34,7,1
1069,1,0,1,1,0,65,6,1
1069,2,1,2,1,0,66,7,1
1069,3,2,3,1,0,67,8,1
1069,4,3,4,1,0,68,9,1
1069,5,4,5,1,0,69,10,1
1069,6,5,6,1,0,70,11,1
1069,7,6,7,1,0,71,12,1
1069,8,7,7.921,0.921,0,72,13,1
1070,1,0,1,1,0,63,14,1
1070,2,1,1.576,0.576,0,64,15,1
1071,1,0,1,1,0,59,10,1
1071,2,1,2,1,1,60,11,1
1071,3,2,3,1,0,61,12,1
1071,4,3,4,1,0,62,13,1
1071,5,4,5,1,0,63,14,1
1071,6,5,6,1,0,64,15,1
1071,7,6,7,1,0,65,16,1
1071,8,7,8,1,1,66,17,1
1071,9,8,8.05,0.05,0,67,18,1
1072,1,0,1,1,0,50,2,1
1072,2,1,2,1,0,51,3,1
1072,3,2,3,1,0,52,4,1
1072,4,3,4,1,0,53,5,1
1072,5,4,4.594,0.594,0,54,6,1
1073,1,0,1,1,0,62,11,1
1073,2,1,2,1,0,63,12,1
1073,3,2,3,1,0,64,13,1
1073,4,3,4,1,0,65,14,1
1073,5,4,5,1,0,66,15,1
1073,6,5,6,1,0,67,16,1
1073,7,6,7,1,0,68,17,1
1073,8,7,8,1,0,69,18,1
1073,9,8,9,1,0,70,19,1
1073,10,9,9.913,0.913,0,71,20,1
1074,1,0,1,1,0,44,6,1
1074,2,1,2,1,0,45,7,1
1074,3,2,3,1,1,46,8,1
1074,4,3,4,1,0,47,9,1
1074,5,4,5,1,0,48,10,1
1074,6,5,6,1,0,49,11,1
1074,7,6,7,1,0,50,12,1
1074,8,7,7.04,0.04,0,51,13,1
1075,1,0,1,1,1,26,12,1
1075,2,1,2,1,0,27,13,1
1075,3,2,3,1,0,28,14,1
1075,4,3,4,1,0,29,15,1
1075,5,4,5,1,0,30,16,1
1075,6,5,5.185,0.185,0,31,17,1
1076,1,0,1,1,0,55,7,1
1076,2,1,1.491,0.491,0,56,8,1
1077,1,0,1,1,0,27,18,1
1077,2,1,1.255,0.255,0,28,19,1
1078,1,0,1,1,0,28,13,1
1078,2,1,2,1,0,29,14,1
1078,3,2,3,1,0,30,15,1
1078,4,3,4,1,1,31,16,1
1078,5,4,5,1,0,32,17,1
1078,6,5,5.552,0.552,0,33,18,1
1079,1,0,1,1,0,18,1,1
1079,2,1,2,1,1,19,2,1
1079,3,2,2.185,0.185,0,20,3,1
1080,1,0,1,1,0,49,6,1
1080,2,1,2,1,1,50,7,1
1080,3,2,3,1,0,51,8,1
1080,4,3,4,1,0,52,9,1
1080,5,4,5,1,0,53,10,1
1080,6,5,6,1,0,54,11,1
1080,7,6,7,1,0,55,12,1
1080,8,7,8,1,0,56,13,1
1080,9,8,8.184,0.184,0,57,14,1
1081,1,0,1,1,0,28,12,1
1081,2,1,1.101,0.101,0,29,13,1
1082,1,0,0.345,0.345,0,24,6,1
1083,1,0,1,1,0,63,9,1
1083,2,1,1.383,0.383,0,64,10,1
1084,1,0,1,1,0,29,2,1
1084,2,1,2,1,0,30,3,1
1084,3,2,2.828,0.828,1,31,4,1
1085,1,0,1,1,0,48,8,1
1085,2,1,2,1,0,49,9,1
1085,3,2,3,1,1,50,10,1
1085,4,3,4,1,0,51,11,1
1085,5,4,4.662,0.662,0,52,12,1
1086,1,0,1,1,0,64,8,1
1086,2,1,2,1,0,65,9,1
1086,3,2,3,1,0,66,10,1
1086,4,3,4,1,0,67,11,1
1086,5,4,5,1,0,68,12,1
1086,6,5,6,1,0,69,13,1
1086,7,6,7,1,0,70,14,1
1086,8,7,8,1,0,71,15,1
1086,9,8,9,1,0,72,16,1
1086,10,9,9.887,0.887,0,73,17,1
1087,1,0,1,1,0,53,9,1
1087,2,1,2,1,0,54,10,1
1087,3,2,3,1,0,55,11,1
1087,4,3,4,1,0,56,12,1
1087,5,4,5,1,0,57,13,1
1087,6,5,6,1,0,58,14,1
1087,7,6,7,1,1,59,15,1
1087,8,7,7.977,0.977,0,60,16,1
1088,1,0,1,1,0,48,8,1
1088,2,1,2,1,0,49,9,1
1088,3,2,3,1,0,50,10,1
1088,4,3,4,1,0,51,11,1
1088,5,4,5,1,0,52,12,1
1088,6,5,6,1,0,53,13,1
1088,7,6,6.909,0.909,0,54,14,1
1089,1,0,1,1,0,46,12,1
1089,2,1,2,1,0,47,13,1
1089,3,2,3,1,0,48,14,1
1089,4,3,4,1,0,49,15,1
1089,5,4,5,1,0,50,16,1
1089,6,5,6,1,0,51,17,1
1089,7,6,7,1,0,52,18,1
1089,8,7,8,1,1,53,19,1
1089,9,8,8.052,0.052,0,54,20,1
1090,1,0,1,1,0,32,1,1
1090,2,1,2,1,1,33,2,1
1090,3,2,3,1,0,34,3,1
1090,4,3,4,1,0,35,4,1
1090,5,4,4.214,0.214,0,36,5,1
1091,1,0,1,1,0,51,17,1
1091,2,1,2,1,0,52,18,1
1091,3,2,2.79,0.79,0,53,19,1
1092,1,0,1,1,0,54,11,1
1092,2,1,2,1,0,55,12,1
1092,3,2,3,1,0,56,13,1
1092,4,3,4,1,0,57,14,1
1092,5,4,5,1,0,58,15,1
1092,6,5,6,1,0,59,16,1
1092,7,6,6.78,0.78,0,60,17,1
1093,1,0,1,1,0,62,6,1
1093,2,1,1.018,0.018,0,63,7,1
1094,1,0,1,1,0,35,7,1
1094,2,1,2,1,0,36,8,1
1094,3,2,3,1,0,37,9,1
1094,4,3,3.063,0.063,0,38,10,1
1095,1,0,1,1,0,61,7,1
1095,2,1,1.017,0.017,0,62,8,1
1096,1,0,1,1,0,39,10,1
1096,2,1,2,1,0,40,11,1
1096,3,2,3,1,0,41,12,1
1096,4,3,4,1,0,42,13,1
1096,5,4,5,1,0,43,14,1
1096,6,5,6,1,0,44,15,1
1096,7,6,6.314,0.314,0,45,16,1
1097,1,0,1,1,0,51,5,1
1097,2,1,2,1,0,52,6,1
1097,3,2,3,1,0,53,7,1
1097,4,3,3.808,0.808,0,54,8,1
1098,1,0,1,1,0,43,9,1
1098,2,1,2,1,1,44,10,1
1098,3,2,2.808,0.808,0,45,11,1
1099,1,0,1,1,1,33,4,1
1099,2,1,2,1,0,34,5,1
1099,3,2,3,1,1,35,6,1
1099,4,3,4,1,1,36,7,1
1099,5,4,4.712,0.712,1,37,8,1
1100,1,0,1,1,0,53,2,1
1100,2,1,1.671,0.671,0,54,3,1
1101,1,0,1,1,0,32,15,1
1101,2,1,2,1,0,33,16,1
1101,3,2,3,1,0,34,17,1
1101,4,3,3.41,0.41,0,35,18,1
1102,1,0,1,1,0,49,11,1
1102,2,1,2,1,0,50,12,1
1102,3,2,2.64,0.64,0,51,13,1
1103,1,0,1,1,0,47,4,1
1103,2,1,2,1,0,48,5,1
1103,3,2,2.094,0.094,0,49,6,1
1104,1,0,1,1,0,47,7,1
1104,2,1,2,1,1,48,8,1
1104,3,2,3,1,0,49,9,1
1104,4,3,4,1,0,50,10,1
1104,5,4,5,1,0,51,11,1
1104,6,5,5.386,0.386,0,52,12,1
1105,1,0,0.883,0.883,0,33,3,1
1106,1,0,1,1,0,75,9,1
1106,2,1,2,1,0,76,10,1
1106,3,2,3,1,0,77,11,1
1106,4,3,4,1,0,78,12,1
1106,5,4,5,1,0,79,13,1
1106,6,5,5.374,0.374,0,80,14,1
1107,1,0,1,1,0,37,18,1
1107,2,1,2,1,0,38,19,1
1107,3,2,3,1,0,39,20,1
1107,4,3,4,1,0,40,21,1
1107,5,4,4.385,0.385,0,41,22,1
1108,1,0,1,1,0,68,14,1
1108,2,1,2,1,0,69,15,1
1108,3,2,3,1,0,70,16,1
1108,4,3,3.923,0.923,0,71,17,1
1109,1,0,1,1,0,63,4,1
1109,2,1,2,1,0,64,5,1
1109,3,2,3,1,0,65,6,1
1109,4,3,4,1,0,66,7,1
1109,5,4,4.394,0.394,0,67,8,1
1110,1,0,1,1,0,57,3,1
1110,2,1,2,1,0,58,4,1
1110,3,2,3,1,0,59,5,1
1110,4,3,4,1,1,60,6,1
1110,5,4,5,1,0,61,7,1
1110,6,5,6,1,0,62,8,1
1110,7,6,7,1,0,63,9,1
1110,8,7,8,1,0,64,10,1
1110,9,8,8.461,0.461,0,65,11,1
1111,1,0,1,1,0,46,14,1
1111,2,1,2,1,0,47,15,1
1111,3,2,3,1,0,48,16,1
1111,4,3,4,1,0,49,17,1
1111,5,4,5,1,0,50,18,1
1111,6,5,6,1,0,51,19,1
1111,7,6,6.628,0.628,0,52,20,1
1112,1,0,1,1,0,53,15,1
1112,2,1,2,1,0,54,16,1
1112,3,2,3,1,0,55,17,1
1112,4,3,4,1,0,56,18,1
1112,5,4,4.131,0.131,0,57,19,1
1113,1,0,1,1,0,31,11,1
1113,2,1,1.771,0.771,0,32,12,1
1114,1,0,1,1,1,56,13,1
1114,2,1,2,1,0,57,14,1
1114,3,2,3,1,0,58,15,1
1114,4,3,4,1,0,59,16,1
1114,5,4,5,1,0,60,17,1
1114,6,5,6,1,0,61,18,1
1114,7,6,7,1,0,62,19,1
1114,8,7,7.3,0.3,0,63,20,1
1115,1,0,1,1,0,56,13,1
1115,2,1,2,1,0,57,14,1
1115,3,2,3,1,1,58,15,1
1115,4,3,4,1,0,59,16,1
1115,5,4,5,1,0,60,17,1
1115,6,5,6,1,0,61,18,1
1115,7,6,6.458,0.458,0,62,19,1
1116,1,0,1,1,1,21,3,1
1116,2,1,2,1,0,22,4,1
1116,3,2,3,1,1,23,5,1
1116,4,3,3.726,0.726,0,24,6,1
1117,1,0,1,1,0,36,2,1
1117,2,1,2,1,0,37,3,1
1117,3,2,3,1,0,38,4,1
1117,4,3,4,1,0,39,5,1
1117,5,4,4.208,0.208,0,40,6,1
1118,1,0,1,1,0,41,12,1
1118,2,1,2,1,0,42,13,1
1118,3,2,3,1,0,43,14,1
1118,4,3,4,1,0,44,15,1
1118,5,4,5,1,0,45,16,1
1118,6,5,5.3,0.3,0,46,17,1
1119,1,0,1,1,1,18,5,1
1119,2,1,1.465,0.465,0,19,6,1
1120,1,0,1,1,0,48,8,1
1120,2,1,2,1,0,49,9,1
1120,3,2,3,1,1,50,10,1
1120,4,3,4,1,0,51,11,1
1120,5,4,5,1,0,52,12,1
1120,6,5,5.358,0.358,0,53,13,1
1121,1,0,1,1,0,54,12,1
1121,2,1,2,1,0,55,13,1
1121,3,2,2.183,0.183,0,56,14,1
1122,1,0,0.467,0.467,0,20,7,1
1123,1,0,0.867,0.867,0,44,7,1
1124,1,0,1,1,0,71,6,1
1124,2,1,2,1,0,72,7,1
1124,3,2,2.571,0.571,0,73,8,1
1125,1,0,1,1,0,52,13,1
1125,2,1,1.818,0.818,0,53,14,1
1126,1,0,1,1,0,52,9,1
1126,2,1,2,1,0,53,10,1
1126,3,2,3,1,0,54,11,1
1126,4,3,4,1,0,55,12,1
1126,5,4,5,1,0,56,13,1
1126,6,5,6,1,0,57,14,1
1126,7,6,7,1,0,58,15,1
1126,8,7,7.347,0.347,0,59,16,1
1127,1,0,1,1,0,63,12,1
1127,2,1,2,1,0,64,13,1
1127,3,2,3,1,0,65,14,1
1127,4,3,4,1,0,66,15,1
1127,5,4,5,1,0,67,16,1
1127,6,5,6,1,0,68,17,1
1127,7,6,7,1,0,69,18,1
1127,8,7,7.067,0.067,0,70,19,1
1128,1,0,1,1,0,48,0,1
1128,2,1,2,1,0,49,1,1
1128,3,2,3,1,0,50,2,1
1128,4,3,4,1,0,51,3,1
1128,5,4,5,1,0,52,4,1
1128,6,5,6,1,0,53,5,1
1128,7,6,6.226,0.226,0,54,6,1
1129,1,0,1,1,1,18,3,1
1129,2,1,2,1,0,19,4,1
1129,3,2,2.72,0.72,0,20,5,1
1130,1,0,1,1,0,51,9,1
1130,2,1,2,1,3,52,10,1
1130,3,2,2.007,0.007,0,53,11,1
1131,1,0,1,1,0,65,9,1
1131,2,1,2,1,0,66,10,1
1131,3,2,3,1,0,67,11,1
1131,4,3,4,1,0,68,12,1
1131,5,4,5,1,0,69,13,1
1131,6,5,5.528,0.528,0,70,14,1
1132,1,0,1,1,0,44,7,1
1132,2,1,1.883,0.883,0,45,8,1
1133,1,0,1,1,1,51,3,1
1133,2,1,2,1,0,52,4,1
1133,3,2,3,1,0,53,5,1
1133,4,3,4,1,1,54,6,1
1133,5,4,4.668,0.668,0,55,7,1
1134,1,0,1,1,0,67,11,1
1134,2,1,2,1,0,68,12,1
1134,3,2,3,1,0,69,13,1
1134,4,3,3.7,0.7,0,70,14,1
1135,1,0,1,1,1,48,8,1
1135,2,1,2,1,0,49,9,1
1135,3,2,2.149,0.149,0,50,10,1
1136,1,0,1,1,1,45,2,1
1136,2,1,1.051,0.051,0,46,3,1
1137,1,0,1,1,0,41,6,1
1137,2,1,2,1,0,42,7,1
1137,3,2,3,1,0,43,8,1
1137,4,3,3.649,0.649,0,44,9,1
1138,1,0,1,1,0,33,0,1
1138,2,1,2,1,1,34,1,1
1138,3,2,3,1,0,35,2,1
1138,4,3,4,1,1,36,3,1
1138,5,4,5,1,1,37,4,1
1138,6,5,5.91,0.91,0,38,5,1
1139,1,0,1,1,1,47,5,1
1139,2,1,1.536,0.536,0,48,6,1
1140,1,0,0.92,0.92,0,38,11,1
1141,1,0,1,1,0,54,21,1
1141,2,1,2,1,0,55,22,1
1141,3,2,3,1,1,56,23,1
1141,4,3,3.925,0.925,0,57,24,1
1142,1,0,1,1,0,39,15,1
1142,2,1,2,1,0,40,16,1
1142,3,2,3,1,0,41,17,1
1142,4,3,4,1,0,42,18,1
1142,5,4,5,1,1,43,19,1
1142,6,5,6,1,1,44,20,1
1142,7,6,7,1,0,45,21,1
1142,8,7,8,1,0,46,22,1
1142,9,8,9,1,0,47,23,1
1142,10,9,9.748,0.748,0,48,24,1
1143,1,0,1,1,0,50,14,1
1143,2,1,1.489,0.489,0,51,15,1
1144,1,0,1,1,1,41,5,1
1144,2,1,2,1,0,42,6,1
1144,3,2,3,1,0,43,7,1
1144,4,3,4,1,0,44,8,1
1144,5,4,5,1,1,45,9,1
1144,6,5,6,1,0,46,10,1
1144,7,6,7,1,0,47,11,1
1144,8,7,8,1,0,48,12,1
1144,9,8,9,1,1,49,13,1
1144,10,9,9.304,0.304,0,50,14,1
1145,1,0,1,1,0,48,13,1
1145,2,1,2,1,0,49,14,1
1145,3,2,3,1,0,50,15,1
1145,4,3,4,1,0,51,16,1
1145,5,4,4.308,0.308,0,52,17,1
1146,1,0,1,1,0,28,14,1
1146,2,1,2,1,0,29,15,1
1146,3,2,3,1,0,30,16,1
1146,4,3,4,1,0,31,17,1
1146,5,4,5,1,0,32,18,1
1146,6,5,5.447,0.447,0,33,19,1
1147,1,0,1,1,0,44,16,1
1147,2,1,2,1,0,45,17,1
1147,3,2,3,1,0,46,18,1
1147,4,3,4,1,0,47,19,1
1147,5,4,4.986,0.986,0,48,20,1
1148,1,0,1,1,0,28,2,1
1148,2,1,1.975,0.975,1,29,3,1
1149,1,0,1,1,0,35,8,1
1149,2,1,2,1,1,36,9,1
1149,3,2,3,1,0,37,10,1
1149,4,3,4,1,0,38,11,1
1149,5,4,4.193,0.193,0,39,12,1
1150,1,0,1,1,0,54,14,1
1150,2,1,2,1,0,55,15,1
1150,3,2,3,1,0,56,16,1
1150,4,3,4,1,0,57,17,1
1150,5,4,4.778,0.778,0,58,18,1
1151,1,0,1,1,0,41,9,1
1151,2,1,2,1,0,42,10,1
1151,3,2,3,1,0,43,11,1
1151,4,3,4,1,0,44,12,1
1151,5,4,5,1,0,45,13,1
1151,6,5,5.554,0.554,0,46,14,1
1152,1,0,1,1,0,48,5,1
1152,2,1,2,1,0,49,6,1
1152,3,2,3,1,0,50,7,1
1152,4,3,4,1,0,51,8,1
1152,5,4,4.345,0.345,0,52,9,1
1153,1,0,1,1,1,19,13,1
1153,2,1,2,1,0,20,14,1
1153,3,2,2.463,0.463,0,21,15,1
1154,1,0,1,1,0,27,3,1
1154,2,1,2,1,1,28,4,1
1154,3,2,3,1,0,29,5,1
1154,4,3,4,1,0,30,6,1
1154,5,4,5,1,0,31,7,1
1154,6,5,5.572,0.572,0,32,8,1
1155,1,0,1,1,1,38,6,1
1155,2,1,1.167,0.167,0,39,7,1
1156,1,0,1,1,0,40,2,1
1156,2,1,2,1,0,41,3,1
1156,3,2,3,1,0,42,4,1
1156,4,3,3.948,0.948,0,43,5,1
1157,1,0,1,1,0,49,10,1
1157,2,1,2,1,2,50,11,1
1157,3,2,3,1,2,51,12,1
1157,4,3,3.044,0.044,0,52,13,1
1158,1,0,1,1,0,47,5,1
1158,2,1,2,1,0,48,6,1
1158,3,2,2.854,0.854,0,49,7,1
1159,1,0,1,1,0,37,1,1
1159,2,1,2,1,0,38,2,1
1159,3,2,3,1,0,39,3,1
1159,4,3,3.632,0.632,0,40,4,1
1160,1,0,1,1,0,64,10,1
1160,2,1,2,1,0,65,11,1
1160,3,2,3,1,0,66,12,1
1160,4,3,4,1,0,67,13,1
1160,5,4,5,1,0,68,14,1
1160,6,5,5.972,0.972,1,69,15,1
1161,1,0,1,1,0,70,4,1
1161,2,1,2,1,0,71,5,1
1161,3,2,2.908,0.908,0,72,6,1
1162,1,0,1,1,1,54,11,1
1162,2,1,2,1,1,55,12,1
1162,3,2,3,1,0,56,13,1
1162,4,3,4,1,0,57,14,1
1162,5,4,5,1,0,58,15,1
1162,6,5,5.82,0.82,0,59,16,1
1163,1,0,1,1,0,32,0,1
1163,2,1,2,1,0,33,1,1
1163,3,2,3,1,0,34,2,1
1163,4,3,4,1,0,35,3,1
1163,5,4,4.617,0.617,0,36,4,1
1164,1,0,1,1,0,37,8,1
1164,2,1,2,1,0,38,9,1
1164,3,2,3,1,0,39,10,1
1164,4,3,4,1,0,40,11,1
1164,5,4,5,1,0,41,12,1
1164,6,5,5.004,0.004,0,42,13,1
1165,1,0,1,1,0,21,13,1
1165,2,1,1.037,0.037,0,22,14,1
1166,1,0,0.697,0.697,0,39,1,1
1167,1,0,1,1,0,40,0,1
1167,2,1,1.857,0.857,0,41,1,1
1168,1,0,1,1,0,48,17,1
1168,2,1,1.371,0.371,0,49,18,1
1169,1,0,1,1,0,58,4,1
1169,2,1,1.053,0.053,0,59,5,1
1170,1,0,1,1,0,62,8,1
1170,2,1,1.154,0.154,0,63,9,1
1171,1,0,1,1,0,49,13,1
1171,2,1,2,1,0,50,14,1
1171,3,2,3,1,0,51,15,1
1171,4,3,4,1,0,52,16,1
1171,5,4,5,1,0,53,17,1
1171,6,5,5.556,0.556,0,54,18,1
1172,1,0,1,1,0,61,9,1
1172,2,1,2,1,0,62,10,1
1172,3,2,3,1,0,63,11,1
1172,4,3,4,1,0,64,12,1
1172,5,4,4.951,0.951,0,65,13,1
1173,1,0,1,1,0,63,13,1
1173,2,1,2,1,1,64,14,1
1173,3,2,3,1,0,65,15,1
1173,4,3,4,1,0,66,16,1
1173,5,4,5,1,0,67,17,1
1173,6,5,6,1,0,68,18,1
1173,7,6,7,1,0,69,19,1
1173,8,7,8,1,1,70,20,1
1173,9,8,8.209,0.209,0,71,21,1
1174,1,0,1,1,1,23,1,1
1174,2,1,2,1,0,24,2,1
1174,3,2,2.284,0.284,0,25,3,1
1175,1,0,1,1,0,33,21,1
1175,2,1,1.419,0.419,0,34,22,1
1176,1,0,1,1,0,33,14,1
1176,2,1,1.115,0.115,0,34,15,1
1177,1,0,1,1,0,24,10,1
1177,2,1,1.786,0.786,0,25,11,1
1178,1,0,1,1,0,48,13,1
1178,2,1,2,1,0,49,14,1
1178,3,2,3,1,0,50,15,1
1178,4,3,4,1,0,51,16,1
1178,5,4,5,1,0,52,17,1
1178,6,5,6,1,0,53,18,1
1178,7,6,7,1,0,54,19,1
1178,8,7,7.515,0.515,0,55,20,1
1179,1,0,1,1,0,62,10,1
1179,2,1,2,1,0,63,11,1
1179,3,2,3,1,0,64,12,1
1179,4,3,3.699,0.699,0,65,13,1
1180,1,0,1,1,0,53,12,1
1180,2,1,2,1,0,54,13,1
1180,3,2,2.078,0.078,0,55,14,1
1181,1,0,1,1,0,30,8,1
1181,2,1,2,1,0,31,9,1
1181,3,2,3,1,0,32,10,1
1181,4,3,3.129,0.129,0,33,11,1
1182,1,0,1,1,0,52,7,1
1182,2,1,2,1,0,53,8,1
1182,3,2,2.227,0.227,0,54,9,1
1183,1,0,1,1,0,70,1,1
1183,2,1,2,1,0,71,2,1
1183,3,2,2.952,0.952,0,72,3,1
1184,1,0,1,1,0,64,19,1
1184,2,1,1.884,0.884,0,65,20,1
1185,1,0,1,1,0,45,7,1
1185,2,1,1.553,0.553,0,46,8,1
1186,1,0,1,1,0,58,15,1
1186,2,1,2,1,0,59,16,1
1186,3,2,3,1,0,60,17,1
1186,4,3,3.575,0.575,0,61,18,1
1187,1,0,1,1,0,46,11,1
1187,2,1,2,1,0,47,12,1
1187,3,2,3,1,0,48,13,1
1187,4,3,4,1,0,49,14,1
1187,5,4,5,1,0,50,15,1
1187,6,5,5.142,0.142,0,51,16,1
1188,1,0,1,1,0,41,12,1
1188,2,1,2,1,0,42,13,1
1188,3,2,3,1,0,43,14,1
1188,4,3,3.92,0.92,0,44,15,1
1189,1,0,1,1,0,25,13,1
1189,2,1,2,1,0,26,14,1
1189,3,2,2.724,0.724,0,27,15,1
1190,1,0,1,1,0,74,11,1
1190,2,1,2,1,0,75,12,1
1190,3,2,2.981,0.981,0,76,13,1
1191,1,0,1,1,0,43,4,1
1191,2,1,2,1,0,44,5,1
1191,3,2,3,1,0,45,6,1
1191,4,3,4,1,0,46,7,1
1191,5,4,5,1,0,47,8,1
1191,6,5,6,1,0,48,9,1
1191,7,6,6.959,0.959,0,49,10,1
1192,1,0,1,1,0,40,14,1
1192,2,1,1.945,0.945,0,41,15,1
1193,1,0,1,1,0,62,12,1
1193,2,1,2,1,0,63,13,1
1193,3,2,3,1,0,64,14,1
1193,4,3,3.721,0.721,0,65,15,1
1194,1,0,1,1,0,37,5,1
1194,2,1,1.384,0.384,0,38,6,1
1195,1,0,1,1,0,40,4,1
1195,2,1,1.814,0.814,0,41,5,1
1196,1,0,1,1,0,43,6,1
1196,2,1,1.89,0.89,0,44,7,1
1197,1,0,1,1,0,18,10,1
1197,2,1,2,1,0,19,11,1
1197,3,2,3,1,0,20,12,1
1197,4,3,4,1,0,21,13,1
1197,5,4,4.671,0.671,0,22,14,1
1198,1,0,1,1,0,53,1,1
1198,2,1,1.333,0.333,0,54,2,1
1199,1,0,1,1,0,77,13,1
1199,2,1,1.389,0.389,0,78,14,1
1200,1,0,1,1,0,36,10,1
1200,2,1,2,1,0,37,11,1
1200,3,2,3,1,0,38,12,1
1200,4,3,3.725,0.725,1,39,13,1
1201,1,0,1,1,1,52,16,1
1201,2,1,2,1,0,53,17,1
1201,3,2,3,1,0,54,18,1
1201,4,3,3.135,0.135,0,55,19,1
1202,1,0,1,1,0,44,6,1
1202,2,1,2,1,0,45,7,1
1202,3,2,3,1,0,46,8,1
1202,4,3,4,1,0,47,9,1
1202,5,4,5,1,0,48,10,1
1202,6,5,5.162,0.162,0,49,11,1
1203,1,0,1,1,0,33,5,1
1203,2,1,2,1,0,34,6,1
1203,3,2,3,1,1,35,7,1
1203,4,3,4,1,0,36,8,1
1203,5,4,5,1,0,37,9,1
1203,6,5,6,1,1,38,10,1
1203,7,6,6.247,0.247,0,39,11,1
1204,1,0,1,1,0,36,10,1
1204,2,1,2,1,0,37,11,1
1204,3,2,3,1,0,38,12,1
1204,4,3,3.867,0.867,0,39,13,1
1205,1,0,1,1,0,46,1,1
1205,2,1,1.308,0.308,0,47,2,1
1206,1,0,1,1,0,46,6,1
1206,2,1,2,1,0,47,7,1
1206,3,2,2.481,0.481,0,48,8,1
1207,1,0,0.755,0.755,0,47,14,1
1208,1,0,1,1,0,61,9,1
1208,2,1,1.058,0.058,0,62,10,1
1209,1,0,1,1,1,20,8,1
1209,2,1,1.217,0.217,1,21,9,1
1210,1,0,0.126,0.126,0,18,2,1
1211,1,0,0.615,0.615,0,52,8,1
1212,1,0,1,1,1,40,10,1
1212,2,1,2,1,0,41,11,1
1212,3,2,3,1,3,42,12,1
1212,4,3,3.93,0.93,1,43,13,1
1213,1,0,1,1,0,40,9,1
1213,2,1,2,1,0,41,10,1
1213,3,2,3,1,2,42,11,1
1213,4,3,4,1,0,43,12,1
1213,5,4,4.436,0.436,0,44,13,1
1214,1,0,1,1,0,50,10,1
1214,2,1,2,1,0,51,11,1
1214,3,2,2.43,0.43,0,52,12,1
1215,1,0,1,1,0,36,7,1
1215,2,1,2,1,0,37,8,1
1215,3,2,3,1,0,38,9,1
1215,4,3,3.758,0.758,0,39,10,1
1216,1,0,1,1,0,69,6,1
1216,2,1,2,1,0,70,7,1
1216,3,2,3,1,0,71,8,1
1216,4,3,4,1,0,72,9,1
1216,5,4,5,1,0,73,10,1
1216,6,5,6,1,0,74,11,1
1216,7,6,7,1,0,75,12,1
1216,8,7,7.529,0.529,0,76,13,1
1217,1,0,1,1,0,40,2,1
1217,2,1,2,1,0,41,3,1
1217,3,2,3,1,0,42,4,1
1217,4,3,4,1,0,43,5,1
1217,5,4,5,1,0,44,6,1
1217,6,5,5.736,0.736,0,45,7,1
1218,1,0,1,1,0,65,4,1
1218,2,1,2,1,0,66,5,1
1218,3,2,3,1,0,67,6,1
1218,4,3,3.694,0.694,0,68,7,1
1219,1,0,1,1,0,61,12,1
1219,2,1,2,1,1,62,13,1
1219,3,2,3,1,0,63,14,1
1219,4,3,4,1,0,64,15,1
1219,5,4,4.622,0.622,0,65,16,1
1220,1,0,1,1,0,49,5,1
1220,2,1,2,1,0,50,6,1
1220,3,2,2.591,0.591,0,51,7,1
1221,1,0,1,1,0,23,13,1
1221,2,1,2,1,0,24,14,1
1221,3,2,3,1,0,25,15,1
1221,4,3,4,1,0,26,16,1
1221,5,4,5,1,0,27,17,1
1221,6,5,5.092,0.092,0,28,18,1
1222,1,0,1,1,0,28,11,1
1222,2,1,2,1,1,29,12,1
1222,3,2,3,1,0,30,13,1
1222,4,3,3.929,0.929,0,31,14,1
1223,1,0,1,1,0,44,10,1
1223,2,1,2,1,0,45,11,1
1223,3,2,3,1,0,46,12,1
1223,4,3,3.801,0.801,0,47,13,1
1224,1,0,1,1,0,18,16,1
1224,2,1,2,1,0,19,17,1
1224,3,2,3,1,0,20,18,1
1224,4,3,4,1,0,21,19,1
1224,5,4,4.411,0.411,0,22,20,1
1225,1,0,0.652,0.652,1,47,9,1
1226,1,0,1,1,0,49,16,1
1226,2,1,2,1,0,50,17,1
1226,3,2,3,1,0,51,18,1
1226,4,3,4,1,0,52,19,1
1226,5,4,5,1,0,53,20,1
1226,6,5,5.482,0.482,0,54,21,1
1227,1,0,1,1,0,30,3,1
1227,2,1,2,1,0,31,4,1
1227,3,2,3,1,0,32,5,1
1227,4,3,4,1,0,33,6,1
1227,5,4,5,1,0,34,7,1
1227,6,5,6,1,0,35,8,1
1227,7,6,7,1,0,36,9,1
1227,8,7,8,1,0,37,10,1
1227,9,8,8.496,0.496,0,38,11,1
1228,1,0,1,1,0,18,5,1
1228,2,1,1.228,0.228,0,19,6,1
1229,1,0,1,1,0,51,11,1
1229,2,1,1.985,0.985,0,52,12,1
1230,1,0,1,1,1,40,7,1
1230,2,1,2,1,0,41,8,1
1230,3,2,2.826,0.826,0,42,9,1
1231,1,0,1,1,0,47,11,1
1231,2,1,2,1,0,48,12,1
1231,3,2,3,1,1,49,13,1
1231,4,3,4,1,3,50,14,1
1231,5,4,5,1,0,51,15,1
1231,6,5,6,1,0,52,16,1
1231,7,6,6.169,0.169,0,53,17,1
1232,1,0,1,1,0,55,6,1
1232,2,1,2,1,0,56,7,1
1232,3,2,2.813,0.813,0,57,8,1
1233,1,0,1,1,0,46,13,1
1233,2,1,2,1,0,47,14,1
1233,3,2,3,1,0,48,15,1
1233,4,3,3.374,0.374,0,49,16,1
1234,1,0,1,1,0,50,4,1
1234,2,1,2,1,0,51,5,1
1234,3,2,3,1,0,52,6,1
1234,4,3,4,1,0,53,7,1
1234,5,4,5,1,0,54,8,1
1234,6,5,6,1,0,55,9,1
1234,7,6,7,1,0,56,10,1
1234,8,7,8,1,0,57,11,1
1234,9,8,9,1,0,58,12,1
1234,10,9,9.708,0.708,0,59,13,1
1235,1,0,1,1,0,66,11,1
1235,2,1,1.466,0.466,0,67,12,1
1236,1,0,0.298,0.298,0,46,5,1
1237,1,0,1,1,1,57,4,1
1237,2,1,2,1,0,58,5,1
1237,3,2,3,1,0,59,6,1
1237,4,3,4,1,0,60,7,1
1237,5,4,5,1,0,61,8,1
1237,6,5,6,1,0,62,9,1
1237,7,6,7,1,0,63,10,1
1237,8,7,8,1,0,64,11,1
1237,9,8,9,1,0,65,12,1
1237,10,9,9.941,0.941,0,66,13,1
1238,1,0,1,1,0,43,8,1
1238,2,1,2,1,0,44,9,1
1238,3,2,2.806,0.806,0,45,10,1
1239,1,0,1,1,1,29,11,1
1239,2,1,2,1,1,30,12,1
1239,3,2,2.348,0.348,0,31,13,1
1240,1,0,1,1,0,51,14,1
1240,2,1,2,1,0,52,15,1
1240,3,2,3,1,0,53,16,1
1240,4,3,3.564,0.564,0,54,17,1
1241,1,0,1,1,0,44,9,1
1241,2,1,2,1,0,45,10,1
1241,3,2,3,1,0,46,11,1
1241,4,3,4,1,0,47,12,1
1241,5,4,4.165,0.165,0,48,13,1
1242,1,0,1,1,0,57,1,1
1242,2,1,2,1,0,58,2,1
1242,3,2,3,1,1,59,3,1
1242,4,3,3.668,0.668,0,60,4,1
1243,1,0,1,1,0,50,10,1
1243,2,1,2,1,0,51,11,1
1243,3,2,2.848,0.848,0,52,12,1
1244,1,0,1,1,0,47,0,1
1244,2,1,2,1,0,48,1,1
1244,3,2,2.564,0.564,0,49,2,1
1245,1,0,1,1,0,32,13,1
1245,2,1,2,1,0,33,14,1
1245,3,2,2.825,0.825,2,34,15,1
1246,1,0,0.271,0.271,0,62,13,1
1247,1,0,1,1,0,44,2,1
1247,2,1,2,1,1,45,3,1
1247,3,2,3,1,2,46,4,1
1247,4,3,3.367,0.367,0,47,5,1
1248,1,0,1,1,1,45,9,1
1248,2,1,2,1,0,46,10,1
1248,3,2,3,1,1,47,11,1
1248,4,3,3.834,0.834,0,48,12,1
1249,1,0,1,1,0,59,8,1
1249,2,1,2,1,0,60,9,1
1249,3,2,3,1,0,61,10,1
1249,4,3,4,1,1,62,11,1
1249,5,4,5,1,0,63,12,1
1249,6,5,6,1,1,64,13,1
1249,7,6,6.76,0.76,0,65,14,1
1250,1,0,1,1,0,44,7,1
1250,2,1,1.467,0.467,0,45,8,1
1251,1,0,1,1,0,59,5,1
1251,2,1,2,1,0,60,6,1
1251,3,2,3,1,0,61,7,1
1251,4,3,3.493,0.493,0,62,8,1
1252,1,0,1,1,0,41,3,1
1252,2,1,2,1,0,42,4,1
1252,3,2,3,1,0,43,5,1
1252,4,3,4,1,1,44,6,1
1252,5,4,5,1,0,45,7,1
1252,6,5,6,1,1,46,8,1
1252,7,6,7,1,1,47,9,1
1252,8,7,8,1,0,48,10,1
1252,9,8,8.307,0.307,0,49,11,1
1253,1,0,0.752,0.752,0,68,12,1
1254,1,0,0.739,0.739,0,18,11,1
1255,1,0,1,1,0,83,11,1
1255,2,1,1.861,0.861,0,84,12,1
1256,1,0,0.667,0.667,0,58,5,1
1257,1,0,1,1,0,56,8,1
1257,2,1,2,1,0,57,9,1
1257,3,2,3,1,2,58,10,1
1257,4,3,4,1,0,59,11,1
1257,5,4,4.261,0.261,0,60,12,1
1258,1,0,1,1,0,36,11,1
1258,2,1,2,1,1,37,12,1
1258,3,2,3,1,0,38,13,1
1258,4,3,4,1,0,39,14,1
1258,5,4,4.036,0.036,0,40,15,1
1259,1,0,1,1,0,18,3,1
1259,2,1,2,1,0,19,4,1
1259,3,2,3,1,0,20,5,1
1259,4,3,4,1,0,21,6,1
1259,5,4,5,1,0,22,7,1
1259,6,5,5.81,0.81,0,23,8,1
1260,1,0,1,1,0,29,17,1
1260,2,1,2,1,0,30,18,1
1260,3,2,3,1,0,31,19,1
1260,4,3,4,1,0,32,20,1
1260,5,4,5,1,0,33,21,1
1260,6,5,6,1,0,34,22,1
1260,7,6,6.287,0.287,0,35,23,1
1261,1,0,1,1,0,41,11,1
1261,2,1,2,1,0,42,12,1
1261,3,2,3,1,0,43,13,1
1261,4,3,4,1,0,44,14,1
1261,5,4,4.404,0.404,0,45,15,1
1262,1,0,1,1,0,45,4,1
1262,2,1,2,1,0,46,5,1
1262,3,2,2.21,0.21,0,47,6,1
1263,1,0,1,1,0,55,13,1
1263,2,1,2,1,0,56,14,1
1263,3,2,2.668,0.668,0,57,15,1
1264,1,0,1,1,0,76,9,1
1264,2,1,2,1,0,77,10,1
1264,3,2,3,1,0,78,11,1
1264,4,3,3.18,0.18,0,79,12,1
1265,1,0,1,1,0,45,7,1
1265,2,1,1.669,0.669,0,46,8,1
1266,1,0,1,1,0,53,4,1
1266,2,1,1.92,0.92,0,54,5,1
1267,1,0,1,1,0,61,9,1
1267,2,1,2,1,0,62,10,1
1267,3,2,3,1,0,63,11,1
1267,4,3,4,1,0,64,12,1
1267,5,4,5,1,1,65,13,1
1267,6,5,6,1,0,66,14,1
1267,7,6,7,1,0,67,15,1
1267,8,7,8,1,0,68,16,1
1267,9,8,8.289,0.289,0,69,17,1
1268,1,0,1,1,0,46,0,1
1268,2,1,2,1,0,47,1,1
1268,3,2,2.295,0.295,0,48,2,1
1269,1,0,1,1,0,45,0,1
1269,2,1,2,1,0,46,1,1
1269,3,2,3,1,0,47,2,1
1269,4,3,4,1,0,48,3,1
1269,5,4,4.334,0.334,0,49,4,1
1270,1,0,1,1,0,26,16,1
1270,2,1,2,1,0,27,17,1
1270,3,2,3,1,0,28,18,1
1270,4,3,4,1,1,29,19,1
1270,5,4,4.594,0.594,0,30,20,1
1271,1,0,1,1,0,84,5,1
1271,2,1,2,1,0,85,6,1
1271,3,2,3,1,0,86,7,1
1271,4,3,3.579,0.579,2,87,8,1
1272,1,0,1,1,0,18,6,1
1272,2,1,2,1,1,19,7,1
1272,3,2,2.486,0.486,0,20,8,1
1273,1,0,1,1,0,18,6,1
1273,2,1,2,1,0,19,7,1
1273,3,2,2.13,0.13,0,20,8,1
1274,1,0,1,1,0,53,2,1
1274,2,1,2,1,0,54,3,1
1274,3,2,3,1,0,55,4,1
1274,4,3,3.112,0.112,0,56,5,1
1275,1,0,1,1,0,51,8,1
1275,2,1,2,1,0,52,9,1
1275,3,2,3,1,0,53,10,1
1275,4,3,4,1,1,54,11,1
1275,5,4,4.126,0.126,0,55,12,1
1276,1,0,1,1,0,54,14,1
1276,2,1,2,1,0,55,15,1
1276,3,2,2.853,0.853,0,56,16,1
1277,1,0,1,1,0,84,7,1
1277,2,1,1.638,0.638,0,85,8,1
1278,1,0,1,1,0,39,7,1
1278,2,1,2,1,0,40,8,1
1278,3,2,3,1,0,41,9,1
1278,4,3,3.868,0.868,0,42,10,1
1279,1,0,1,1,1,28,11,1
1279,2,1,2,1,1,29,12,1
1279,3,2,3,1,0,30,13,1
1279,4,3,4,1,0,31,14,1
1279,5,4,4.701,0.701,0,32,15,1
1280,1,0,1,1,0,61,8,1
1280,2,1,2,1,1,62,9,1
1280,3,2,3,1,0,63,10,1
1280,4,3,4,1,0,64,11,1
1280,5,4,5,1,0,65,12,1
1280,6,5,5.68,0.68,0,66,13,1
1281,1,0,1,1,0,67,8,1
1281,2,1,2,1,0,68,9,1
1281,3,2,3,1,0,69,10,1
1281,4,3,4,1,0,70,11,1
1281,5,4,5,1,0,71,12,1
1281,6,5,6,1,0,72,13,1
1281,7,6,6.661,0.661,0,73,14,1
1282,1,0,1,1,0,22,10,1
1282,2,1,2,1,0,23,11,1
1282,3,2,2.177,0.177,0,24,12,1
1283,1,0,1,1,1,42,4,1
1283,2,1,2,1,1,43,5,1
1283,3,2,2.175,0.175,0,44,6,1
1284,1,0,1,1,0,41,15,1
1284,2,1,1.34,0.34,0,42,16,1
1285,1,0,1,1,0,30,13,1
1285,2,1,2,1,0,31,14,1
1285,3,2,3,1,0,32,15,1
1285,4,3,4,1,0,33,16,1
1285,5,4,5,1,0,34,17,1
1285,6,5,6,1,2,35,18,1
1285,7,6,7,1,0,36,19,1
1285,8,7,8,1,1,37,20,1
1285,9,8,9,1,0,38,21,1
1285,10,9,9.43,0.43,1,39,22,1
1286,1,0,1,1,0,51,2,1
1286,2,1,2,1,0,52,3,1
1286,3,2,3,1,0,53,4,1
1286,4,3,4,1,0,54,5,1
1286,5,4,5,1,0,55,6,1
1286,6,5,5.719,0.719,0,56,7,1
1287,1,0,1,1,1,62,18,1
1287,2,1,2,1,0,63,19,1
1287,3,2,3,1,0,64,20,1
1287,4,3,4,1,0,65,21,1
1287,5,4,5,1,0,66,22,1
1287,6,5,6,1,0,67,23,1
1287,7,6,7,1,0,68,24,1
1287,8,7,8,1,0,69,25,1
1287,9,8,8.123,0.123,0,70,26,1
1288,1,0,1,1,0,27,13,1
1288,2,1,2,1,0,28,14,1
1288,3,2,3,1,0,29,15,1
1288,4,3,3.984,0.984,0,30,16,1
1289,1,0,1,1,0,49,1,1
1289,2,1,2,1,0,50,2,1
1289,3,2,3,1,0,51,3,1
1289,4,3,4,1,1,52,4,1
1289,5,4,5,1,0,53,5,1
1289,6,5,5.511,0.511,0,54,6,1
1290,1,0,0.482,0.482,0,58,6,1
1291,1,0,0.565,0.565,0,33,7,1
1292,1,0,1,1,0,34,1,1
1292,2,1,2,1,0,35,2,1
1292,3,2,2.137,0.137,0,36,3,1
1293,1,0,1,1,0,61,13,1
1293,2,1,2,1,0,62,14,1
1293,3,2,2.265,0.265,0,63,15,1
1294,1,0,1,1,0,85,5,1
1294,2,1,2,1,0,86,6,1
1294,3,2,2.65,0.65,0,87,7,1
1295,1,0,1,1,0,34,6,1
1295,2,1,2,1,0,35,7,1
1295,3,2,3,1,0,36,8,1
1295,4,3,3.723,0.723,0,37,9,1
1296,1,0,1,1,1,38,15,1
1296,2,1,2,1,1,39,16,1
1296,3,2,3,1,1,40,17,1
1296,4,3,4,1,1,41,18,1
1296,5,4,5,1,1,42,19,1
1296,6,5,5.488,0.488,0,43,20,1
1297,1,0,1,1,0,53,8,1
1297,2,1,2,1,0,54,9,1
1297,3,2,3,1,0,55,10,1
1297,4,3,4,1,0,56,11,1
1297,5,4,4.059,0.059,0,57,12,1
1298,1,0,1,1,0,59,12,1
1298,2,1,2,1,0,60,13,1
1298,3,2,3,1,1,61,14,1
1298,4,3,4,1,0,62,15,1
1298,5,4,4.03,0.03,0,63,16,1
1299,1,0,1,1,1,32,5,1
1299,2,1,2,1,0,33,6,1
1299,3,2,3,1,3,34,7,1
1299,4,3,4,1,1,35,8,1
1299,5,4,5,1,2,36,9,1
1299,6,5,5.192,0.192,0,37,10,1
1300,1,0,1,1,0,32,5,1
1300,2,1,1.189,0.189,0,33,6,1
1301,1,0,1,1,0,34,10,1
1301,2,1,2,1,1,35,11,1
1301,3,2,3,1,0,36,12,1
1301,4,3,3.533,0.533,0,37,13,1
1302,1,0,1,1,0,40,8,1
1302,2,1,1.301,0.301,0,41,9,1
1303,1,0,1,1,0,40,12,1
1303,2,1,1.541,0.541,0,41,13,1
1304,1,0,1,1,0,78,5,1
1304,2,1,2,1,1,79,6,1
1304,3,2,3,1,0,80,7,1
1304,4,3,4,1,0,81,8,1
1304,5,4,4.669,0.669,0,82,9,1
1305,1,0,1,1,0,53,12,1
1305,2,1,2,1,0,54,13,1
1305,3,2,3,1,0,55,14,1
1305,4,3,4,1,0,56,15,1
1305,5,4,5,1,0,57,16,1
1305,6,5,5.975,0.975,0,58,17,1
1306,1,0,1,1,0,27,9,1
1306,2,1,2,1,0,28,10,1
1306,3,2,2.288,0.288,0,29,11,1
1307,1,0,1,1,0,44,7,1
1307,2,1,2,1,0,45,8,1
1307,3,2,2.251,0.251,0,46,9,1
1308,1,0,1,1,0,43,11,1
1308,2,1,2,1,0,44,12,1
1308,3,2,2.833,0.833,0,45,13,1
1309,1,0,1,1,0,69,17,1
1309,2,1,2,1,0,70,18,1
1309,3,2,2.188,0.188,0,71,19,1
1310,1,0,1,1,0,63,13,1
1310,2,1,2,1,0,64,14,1
1310,3,2,2.787,0.787,1,65,15,1
1311,1,0,1,1,0,42,10,1
1311,2,1,2,1,0,43,11,1
1311,3,2,3,1,0,44,12,1
1311,4,3,3.803,0.803,0,45,13,1
1312,1,0,1,1,0,51,13,1
1312,2,1,2,1,0,52,14,1
1312,3,2,3,1,0,53,15,1
1312,4,3,4,1,0,54,16,1
1312,5,4,5,1,0,55,17,1
1312,6,5,6,1,0,56,18,1
1312,7,6,7,1,0,57,19,1
1312,8,7,8,1,0,58,20,1
1312,9,8,9,1,0,59,21,1
1312,10,9,9.431,0.431,0,60,22,1
1313,1,0,1,1,0,18,11,1
1313,2,1,2,1,0,19,12,1
1313,3,2,3,1,0,20,13,1
1313,4,3,4,1,1,21,14,1
1313,5,4,5,1,0,22,15,1
1313,6,5,5.208,0.208,0,23,16,1
1314,1,0,1,1,0,61,13,1
1314,2,1,2,1,0,62,14,1
1314,3,2,3,1,0,63,15,1
1314,4,3,4,1,0,64,16,1
1314,5,4,5,1,0,65,17,1
1314,6,5,6,1,0,66,18,1
1314,7,6,7,1,0,67,19,1
1314,8,7,8,1,0,68,20,1
1314,9,8,8.327,0.327,0,69,21,1
1315,1,0,1,1,0,18,7,1
1315,2,1,2,1,0,19,8,1
1315,3,2,3,1,0,20,9,1
1315,4,3,4,1,0,21,10,1
1315,5,4,5,1,0,22,11,1
1315,6,5,5.565,0.565,0,23,12,1
1316,1,0,1,1,1,35,7,1
1316,2,1,1.759,0.759,0,36,8,1
1317,1,0,1,1,1,50,9,1
1317,2,1,2,1,0,51,10,1
1317,3,2,3,1,1,52,11,1
1317,4,3,4,1,0,53,12,1
1317,5,4,5,1,0,54,13,1
1317,6,5,5.249,0.249,0,55,14,1
1318,1,0,1,1,0,39,12,1
1318,2,1,2,1,0,40,13,1
1318,3,2,3,1,0,41,14,1
1318,4,3,4,1,0,42,15,1
1318,5,4,5,1,0,43,16,1
1318,6,5,5.483,0.483,0,44,17,1
1319,1,0,1,1,1,65,10,1
1319,2,1,2,1,1,66,11,1
1319,3,2,3,1,0,67,12,1
1319,4,3,4,1,0,68,13,1
1319,5,4,5,1,1,69,14,1
1319,6,5,6,1,0,70,15,1
1319,7,6,7,1,0,71,16,1
1319,8,7,8,1,0,72,17,1
1319,9,8,9,1,1,73,18,1
1319,10,9,9.249,0.249,0,74,19,1
1320,1,0,1,1,0,18,9,1
1320,2,1,2,1,0,19,10,1
1320,3,2,3,1,0,20,11,1
1320,4,3,4,1,0,21,12,1
1320,5,4,5,1,1,22,13,1
1320,6,5,6,1,0,23,14,1
1320,7,6,6.071,0.071,0,24,15,1
1321,1,0,1,1,0,39,6,1
1321,2,1,2,1,0,40,7,1
1321,3,2,3,1,1,41,8,1
1321,4,3,3.961,0.961,0,42,9,1
1322,1,0,1,1,0,23,1,1
1322,2,1,2,1,0,24,2,1
1322,3,2,2.382,0.382,0,25,3,1
1323,1,0,1,1,0,53,8,1
1323,2,1,1.557,0.557,0,54,9,1
1324,1,0,1,1,0,69,2,1
1324,2,1,1.815,0.815,0,70,3,1
1325,1,0,1,1,0,35,9,1
1325,2,1,2,1,0,36,10,1
1325,3,2,3,1,0,37,11,1
1325,4,3,4,1,0,38,12,1
1325,5,4,5,1,0,39,13,1
1325,6,5,5.885,0.885,0,40,14,1
1326,1,0,1,1,0,53,3,1
1326,2,1,2,1,0,54,4,1
1326,3,2,3,1,0,55,5,1
1326,4,3,3.988,0.988,0,56,6,1
1327,1,0,1,1,0,41,10,1
1327,2,1,2,1,0,42,11,1
1327,3,2,3,1,0,43,12,1
1327,4,3,4,1,0,44,13,1
1327,5,4,5,1,0,45,14,1
1327,6,5,6,1,0,46,15,1
1327,7,6,7,1,0,47,16,1
1327,8,7,7.844,0.844,0,48,17,1
1328,1,0,1,1,0,58,2,1
1328,2,1,2,1,0,59,3,1
1328,3,2,2.472,0.472,0,60,4,1
1329,1,0,1,1,0,33,13,1
1329,2,1,2,1,0,34,14,1
1329,3,2,3,1,0,35,15,1
1329,4,3,3.834,0.834,0,36,16,1
1330,1,0,1,1,0,53,14,1
1330,2,1,1.376,0.376,0,54,15,1
1331,1,0,1,1,0,64,11,1
1331,2,1,2,1,0,65,12,1
1331,3,2,3,1,1,66,13,1
1331,4,3,4,1,0,67,14,1
1331,5,4,4.539,0.539,0,68,15,1
1332,1,0,1,1,2,18,4,1
1332,2,1,2,1,0,19,5,1
1332,3,2,3,1,1,20,6,1
1332,4,3,4,1,1,21,7,1
1332,5,4,5,1,0,22,8,1
1332,6,5,5.587,0.587,0,23,9,1
1333,1,0,1,1,0,42,7,1
1333,2,1,2,1,0,43,8,1
1333,3,2,3,1,2,44,9,1
1333,4,3,4,1,0,45,10,1
1333,5,4,5,1,0,46,11,1
1333,6,5,6,1,0,47,12,1
1333,7,6,6.38,0.38,0,48,13,1
1334,1,0,1,1,0,28,17,1
1334,2,1,2,1,0,29,18,1
1334,3,2,3,1,0,30,19,1
1334,4,3,4,1,0,31,20,1
1334,5,4,4.146,0.146,0,32,21,1
1335,1,0,1,1,0,45,0,1
1335,2,1,2,1,0,46,1,1
1335,3,2,3,1,0,47,2,1
1335,4,3,4,1,0,48,3,1
1335,5,4,5,1,0,49,4,1
1335,6,5,6,1,0,50,5,1
1335,7,6,7,1,0,51,6,1
1335,8,7,8,1,0,52,7,1
1335,9,8,9,1,0,53,8,1
1335,10,9,9.54,0.54,0,54,9,1
1336,1,0,1,1,0,43,9,1
1336,2,1,2,1,0,44,10,1
1336,3,2,3,1,0,45,11,1
1336,4,3,4,1,0,46,12,1
1336,5,4,5,1,0,47,13,1
1336,6,5,6,1,0,48,14,1
1336,7,6,7,1,0,49,15,1
1336,8,7,8,1,0,50,16,1
1336,9,8,8.5,0.5,0,51,17,1
1337,1,0,1,1,0,32,11,1
1337,2,1,2,1,0,33,12,1
1337,3,2,3,1,0,34,13,1
1337,4,3,4,1,0,35,14,1
1337,5,4,4.056,0.056,0,36,15,1
1338,1,0,1,1,1,40,0,1
1338,2,1,1.951,0.951,1,41,1,1
1339,1,0,1,1,0,46,11,1
1339,2,1,1.42,0.42,0,47,12,1
1340,1,0,1,1,0,38,3,1
1340,2,1,1.469,0.469,0,39,4,1
1341,1,0,1,1,1,22,8,1
1341,2,1,2,1,0,23,9,1
1341,3,2,3,1,1,24,10,1
1341,4,3,4,1,1,25,11,1
1341,5,4,5,1,0,26,12,1
1341,6,5,5.001,0.001,0,27,13,1
1342,1,0,1,1,0,65,8,1
1342,2,1,2,1,0,66,9,1
1342,3,2,3,1,0,67,10,1
1342,4,3,4,1,0,68,11,1
1342,5,4,5,1,0,69,12,1
1342,6,5,6,1,0,70,13,1
1342,7,6,6.645,0.645,0,71,14,1
1343,1,0,0.35,0.35,0,42,12,1
1344,1,0,1,1,0,27,2,1
1344,2,1,2,1,0,28,3,1
1344,3,2,3,1,0,29,4,1
1344,4,3,4,1,0,30,5,1
1344,5,4,4.484,0.484,0,31,6,1
1345,1,0,1,1,1,24,8,1
1345,2,1,1.83,0.83,0,25,9,1
1346,1,0,1,1,0,40,6,1
1346,2,1,2,1,0,41,7,1
1346,3,2,3,1,0,42,8,1
1346,4,3,4,1,0,43,9,1
1346,5,4,5,1,1,44,10,1
1346,6,5,5.379,0.379,0,45,11,1
1347,1,0,1,1,0,64,8,1
1347,2,1,2,1,0,65,9,1
1347,3,2,3,1,0,66,10,1
1347,4,3,4,1,0,67,11,1
1347,5,4,5,1,0,68,12,1
1347,6,5,6,1,0,69,13,1
1347,7,6,7,1,0,70,14,1
1347,8,7,8,1,0,71,15,1
1347,9,8,9,1,0,72,16,1
1347,10,9,9.363,0.363,0,73,17,1
1348,1,0,1,1,0,27,8,1
1348,2,1,1.232,0.232,0,28,9,1
1349,1,0,1,1,0,44,8,1
1349,2,1,2,1,0,45,9,1
1349,3,2,3,1,1,46,10,1
1349,4,3,4,1,0,47,11,1
1349,5,4,4.216,0.216,0,48,12,1
1350,1,0,1,1,0,34,15,1
1350,2,1,2,1,0,35,16,1
1350,3,2,3,1,1,36,17,1
1350,4,3,4,1,0,37,18,1
1350,5,4,5,1,0,38,19,1
1350,6,5,6,1,0,39,20,1
1350,7,6,7,1,1,40,21,1
1350,8,7,7.256,0.256,0,41,22,1
1351,1,0,1,1,0,55,6,1
1351,2,1,2,1,0,56,7,1
1351,3,2,3,1,0,57,8,1
1351,4,3,4,1,0,58,9,1
1351,5,4,5,1,0,59,10,1
1351,6,5,5.552,0.552,0,60,11,1
1352,1,0,1,1,0,49,6,1
1352,2,1,1.002,0.002,0,50,7,1
1353,1,0,1,1,0,55,6,1
1353,2,1,2,1,0,56,7,1
1353,3,2,2.246,0.246,0,57,8,1
1354,1,0,1,1,0,51,8,1
1354,2,1,2,1,0,52,9,1
1354,3,2,2.222,0.222,0,53,10,1
1355,1,0,1,1,0,53,3,1
1355,2,1,2,1,0,54,4,1
1355,3,2,3,1,0,55,5,1
1355,4,3,4,1,0,56,6,1
1355,5,4,5,1,0,57,7,1
1355,6,5,6,1,0,58,8,1
1355,7,6,7,1,0,59,9,1
1355,8,7,8,1,1,60,10,1
1355,9,8,8.617,0.617,0,61,11,1
1356,1,0,1,1,0,20,14,1
1356,2,1,2,1,0,21,15,1
1356,3,2,3,1,0,22,16,1
1356,4,3,4,1,0,23,17,1
1356,5,4,5,1,0,24,18,1
1356,6,5,6,1,0,25,19,1
1356,7,6,7,1,0,26,20,1
1356,8,7,8,1,0,27,21,1
1356,9,8,9,1,2,28,22,1
1356,10,9,9.433,0.433,0,29,23,1
1357,1,0,1,1,1,62,4,1
1357,2,1,1.422,0.422,0,63,5,1
1358,1,0,1,1,0,71,11,1
1358,2,1,2,1,0,72,12,1
1358,3,2,2.522,0.522,0,73,13,1
1359,1,0,1,1,0,36,16,1
1359,2,1,2,1,0,37,17,1
1359,3,2,3,1,0,38,18,1
1359,4,3,4,1,1,39,19,1
1359,5,4,4.106,0.106,0,40,20,1
1360,1,0,1,1,0,36,3,1
1360,2,1,2,1,0,37,4,1
1360,3,2,3,1,0,38,5,1
1360,4,3,3.46,0.46,0,39,6,1
1361,1,0,1,1,1,47,10,1
1361,2,1,2,1,0,48,11,1
1361,3,2,3,1,0,49,12,1
1361,4,3,4,1,0,50,13,1
1361,5,4,5,1,0,51,14,1
1361,6,5,5.967,0.967,0,52,15,1
1362,1,0,1,1,0,60,11,1
1362,2,1,2,1,0,61,12,1
1362,3,2,3,1,0,62,13,1
1362,4,3,3.471,0.471,0,63,14,1
1363,1,0,1,1,0,52,6,1
1363,2,1,2,1,0,53,7,1
1363,3,2,3,1,0,54,8,1
1363,4,3,4,1,0,55,9,1
1363,5,4,5,1,0,56,10,1
1363,6,5,6,1,0,57,11,1
1363,7,6,7,1,0,58,12,1
1363,8,7,8,1,0,59,13,1
1363,9,8,8.485,0.485,0,60,14,1
1364,1,0,1,1,0,58,13,1
1364,2,1,2,1,0,59,14,1
1364,3,2,3,1,0,60,15,1
1364,4,3,4,1,0,61,16,1
1364,5,4,4.073,0.073,0,62,17,1
1365,1,0,1,1,0,74,4,1
1365,2,1,2,1,0,75,5,1
1365,3,2,3,1,0,76,6,1
1365,4,3,4,1,0,77,7,1
1365,5,4,5,1,0,78,8,1
1365,6,5,6,1,0,79,9,1
1365,7,6,6.957,0.957,0,80,10,1
1366,1,0,1,1,0,47,0,1
1366,2,1,2,1,0,48,1,1
1366,3,2,3,1,2,49,2,1
1366,4,3,4,1,0,50,3,1
1366,5,4,5,1,0,51,4,1
1366,6,5,6,1,2,52,5,1
1366,7,6,7,1,0,53,6,1
1366,8,7,7.91,0.91,2,54,7,1
1367,1,0,1,1,0,58,16,1
1367,2,1,2,1,0,59,17,1
1367,3,2,3,1,0,60,18,1
1367,4,3,4,1,0,61,19,1
1367,5,4,5,1,0,62,20,1
1367,6,5,6,1,1,63,21,1
1367,7,6,7,1,0,64,22,1
1367,8,7,8,1,0,65,23,1
1367,9,8,8.995,0.995,0,66,24,1
1368,1,0,1,1,0,56,4,1
1368,2,1,1.666,0.666,0,57,5,1
1369,1,0,1,1,0,37,2,1
1369,2,1,2,1,0,38,3,1
1369,3,2,3,1,0,39,4,1
1369,4,3,4,1,0,40,5,1
1369,5,4,5,1,0,41,6,1
1369,6,5,6,1,0,42,7,1
1369,7,6,6.827,0.827,0,43,8,1
1370,1,0,1,1,0,46,6,1
1370,2,1,2,1,0,47,7,1
1370,3,2,3,1,0,48,8,1
1370,4,3,3.103,0.103,0,49,9,1
1371,1,0,0.897,0.897,0,44,7,1
1372,1,0,1,1,0,46,9,1
1372,2,1,2,1,0,47,10,1
1372,3,2,3,1,0,48,11,1
1372,4,3,4,1,0,49,12,1
1372,5,4,5,1,0,50,13,1
1372,6,5,5.206,0.206,0,51,14,1
1373,1,0,1,1,0,18,7,1
1373,2,1,2,1,1,19,8,1
1373,3,2,3,1,1,20,9,1
1373,4,3,4,1,0,21,10,1
1373,5,4,5,1,0,22,11,1
1373,6,5,5.869,0.869,0,23,12,1
1374,1,0,1,1,0,19,0,1
1374,2,1,2,1,0,20,1,1
1374,3,2,3,1,1,21,2,1
1374,4,3,3.862,0.862,1,22,3,1
1375,1,0,1,1,0,23,4,1
1375,2,1,2,1,0,24,5,1
1375,3,2,2.392,0.392,0,25,6,1
1376,1,0,1,1,0,46,7,1
1376,2,1,2,1,0,47,8,1
1376,3,2,3,1,0,48,9,1
1376,4,3,3.022,0.022,0,49,10,1
1377,1,0,1,1,0,46,7,1
1377,2,1,2,1,0,47,8,1
1377,3,2,3,1,0,48,9,1
1377,4,3,4,1,1,49,10,1
1377,5,4,5,1,1,50,11,1
1377,6,5,5.967,0.967,0,51,12,1
1378,1,0,1,1,1,58,11,1
1378,2,1,2,1,0,59,12,1
1378,3,2,3,1,0,60,13,1
1378,4,3,4,1,0,61,14,1
1378,5,4,5,1,1,62,15,1
1378,6,5,6,1,0,63,16,1
1378,7,6,7,1,0,64,17,1
1378,8,7,7.432,0.432,0,65,18,1
1379,1,0,1,1,0,40,10,1
1379,2,1,2,1,0,41,11,1
1379,3,2,2.909,0.909,0,42,12,1
1380,1,0,1,1,0,58,1,1
1380,2,1,2,1,0,59,2,1
1380,3,2,3,1,0,60,3,1
1380,4,3,4,1,1,61,4,1
1380,5,4,5,1,0,62,5,1
1380,6,5,5.84,0.84,1,63,6,1
1381,1,0,1,1,0,42,4,1
1381,2,1,2,1,1,43,5,1
1381,3,2,2.966,0.966,0,44,6,1
1382,1,0,1,1,0,51,2,1
1382,2,1,1.646,0.646,0,52,3,1
1383,1,0,1,1,0,32,11,1
1383,2,1,2,1,0,33,12,1
1383,3,2,2.389,0.389,0,34,13,1
1384,1,0,1,1,0,18,9,1
1384,2,1,2,1,0,19,10,1
1384,3,2,2.638,0.638,1,20,11,1
1385,1,0,1,1,0,44,5,1
1385,2,1,2,1,0,45,6,1
1385,3,2,2.087,0.087,0,46,7,1
1386,1,0,1,1,0,46,19,1
1386,2,1,2,1,0,47,20,1
1386,3,2,3,1,0,48,21,1
1386,4,3,3.378,0.378,0,49,22,1
1387,1,0,1,1,0,33,6,1
1387,2,1,1.893,0.893,0,34,7,1
1388,1,0,1,1,0,44,11,1
1388,2,1,2,1,0,45,12,1
1388,3,2,3,1,0,46,13,1
1388,4,3,4,1,0,47,14,1
1388,5,4,5,1,0,48,15,1
1388,6,5,6,1,0,49,16,1
1388,7,6,7,1,0,50,17,1
1388,8,7,7.337,0.337,0,51,18,1
1389,1,0,1,1,0,62,14,1
1389,2,1,2,1,1,63,15,1
1389,3,2,3,1,0,64,16,1
1389,4,3,4,1,0,65,17,1
1389,5,4,5,1,0,66,18,1
1389,6,5,5.418,0.418,0,67,19,1
1390,1,0,1,1,0,52,14,1
1390,2,1,1.91,0.91,0,53,15,1
1391,1,0,1,1,0,43,4,1
1391,2,1,2,1,0,44,5,1
1391,3,2,3,1,0,45,6,1
1391,4,3,4,1,0,46,7,1
1391,5,4,5,1,0,47,8,1
1391,6,5,6,1,1,48,9,1
1391,7,6,6.633,0.633,0,49,10,1
1392,1,0,1,1,0,65,16,1
1392,2,1,2,1,0,66,17,1
1392,3,2,3,1,0,67,18,1
1392,4,3,4,1,0,68,19,1
1392,5,4,4.933,0.933,0,69,20,1
1393,1,0,1,1,0,26,7,1
1393,2,1,2,1,0,27,8,1
1393,3,2,3,1,0,28,9,1
1393,4,3,3.258,0.258,0,29,10,1
1394,1,0,1,1,0,37,4,1
1394,2,1,2,1,1,38,5,1
1394,3,2,3,1,0,39,6,1
1394,4,3,4,1,0,40,7,1
1394,5,4,5,1,0,41,8,1
1394,6,5,6,1,0,42,9,1
1394,7,6,7,1,0,43,10,1
1394,8,7,7.218,0.218,0,44,11,1
1395,1,0,1,1,0,54,2,1
1395,2,1,1.37,0.37,0,55,3,1
1396,1,0,1,1,0,56,5,1
1396,2,1,2,1,0,57,6,1
1396,3,2,3,1,0,58,7,1
1396,4,3,4,1,0,59,8,1
1396,5,4,4.75,0.75,0,60,9,1
1397,1,0,1,1,0,51,11,1
1397,2,1,2,1,0,52,12,1
1397,3,2,2.789,0.789,0,53,13,1
1398,1,0,1,1,0,23,12,1
1398,2,1,1.515,0.515,0,24,13,1
1399,1,0,1,1,0,64,10,1
1399,2,1,2,1,0,65,11,1
1399,3,2,3,1,0,66,12,1
1399,4,3,4,1,0,67,13,1
1399,5,4,5,1,0,68,14,1
1399,6,5,6,1,0,69,15,1
1399,7,6,7,1,0,70,16,1
1399,8,7,7.805,0.805,0,71,17,1
1400,1,0,1,1,0,33,13,1
1400,2,1,2,1,2,34,14,1
1400,3,2,3,1,0,35,15,1
1400,4,3,4,1,1,36,16,1
1400,5,4,5,1,0,37,17,1
1400,6,5,5.188,0.188,0,38,18,1
1401,1,0,1,1,2,74,6,1
1401,2,1,2,1,0,75,7,1
1401,3,2,3,1,0,76,8,1
1401,4,3,4,1,3,77,9,1
1401,5,4,5,1,1,78,10,1
1401,6,5,6,1,1,79,11,1
1401,7,6,6.078,0.078,0,80,12,1
1402,1,0,1,1,0,63,5,1
1402,2,1,2,1,0,64,6,1
1402,3,2,2.928,0.928,0,65,7,1
1403,1,0,0.947,0.947,1,42,5,1
1404,1,0,1,1,0,41,13,1
1404,2,1,2,1,0,42,14,1
1404,3,2,3,1,0,43,15,1
1404,4,3,4,1,0,44,16,1
1404,5,4,5,1,0,45,17,1
1404,6,5,5.549,0.549,0,46,18,1
1405,1,0,1,1,0,36,13,1
1405,2,1,2,1,0,37,14,1
1405,3,2,3,1,0,38,15,1
1405,4,3,3.05,0.05,0,39,16,1
1406,1,0,1,1,0,59,14,1
1406,2,1,1.1,0.1,0,60,15,1
1407,1,0,1,1,0,40,12,1
1407,2,1,1.084,0.084,0,41,13,1
1408,1,0,1,1,0,42,4,1
1408,2,1,2,1,0,43,5,1
1408,3,2,2.216,0.216,0,44,6,1
1409,1,0,1,1,0,19,6,1
1409,2,1,2,1,0,20,7,1
1409,3,2,3,1,0,21,8,1
1409,4,3,4,1,0,22,9,1
1409,5,4,5,1,0,23,10,1
1409,6,5,6,1,0,24,11,1
1409,7,6,6.035,0.035,0,25,12,1
1410,1,0,1,1,1,70,8,1
1410,2,1,2,1,0,71,9,1
1410,3,2,3,1,0,72,10,1
1410,4,3,4,1,0,73,11,1
1410,5,4,5,1,0,74,12,1
1410,6,5,6,1,0,75,13,1
1410,7,6,7,1,0,76,14,1
1410,8,7,7.997,0.997,0,77,15,1
1411,1,0,1,1,0,23,5,1
1411,2,1,2,1,1,24,6,1
1411,3,2,3,1,1,25,7,1
1411,4,3,4,1,1,26,8,1
1411,5,4,5,1,1,27,9,1
1411,6,5,6,1,0,28,10,1
1411,7,6,6.74,0.74,0,29,11,1
1412,1,0,1,1,0,78,8,1
1412,2,1,2,1,0,79,9,1
1412,3,2,3,1,1,80,10,1
1412,4,3,3.364,0.364,0,81,11,1
1413,1,0,1,1,0,30,9,1
1413,2,1,2,1,0,31,10,1
1413,3,2,3,1,0,32,11,1
1413,4,3,4,1,0,33,12,1
1413,5,4,5,1,0,34,13,1
1413,6,5,6,1,1,35,14,1
1413,7,6,6.938,0.938,0,36,15,1
1414,1,0,1,1,0,37,7,1
1414,2,1,2,1,1,38,8,1
1414,3,2,2.42,0.42,0,39,9,1
1415,1,0,1,1,0,42,12,1
1415,2,1,2,1,0,43,13,1
1415,3,2,3,1,0,44,14,1
1415,4,3,4,1,1,45,15,1
1415,5,4,5,1,0,46,16,1
1415,6,5,6,1,1,47,17,1
1415,7,6,7,1,0,48,18,1
1415,8,7,7.326,0.326,0,49,19,1
1416,1,0,1,1,0,62,11,1
1416,2,1,2,1,0,63,12,1
1416,3,2,3,1,0,64,13,1
1416,4,3,3.172,0.172,0,65,14,1
1417,1,0,1,1,0,51,11,1
1417,2,1,2,1,0,52,12,1
1417,3,2,2.724,0.724,0,53,13,1
1418,1,0,1,1,0,55,4,1
1418,2,1,1.014,0.014,0,56,5,1
1419,1,0,1,1,1,35,6,1
1419,2,1,2,1,0,36,7,1
1419,3,2,3,1,0,37,8,1
1419,4,3,4,1,1,38,9,1
1419,5,4,5,1,0,39,10,1
1419,6,5,5.599,0.599,0,40,11,1
1420,1,0,1,1,0,52,12,1
1420,2,1,2,1,0,53,13,1
1420,3,2,2.003,0.003,0,54,14,1
1421,1,0,1,1,0,34,0,1
1421,2,1,2,1,0,35,1,1
1421,3,2,3,1,0,36,2,1
1421,4,3,4,1,0,37,3,1
1421,5,4,5,1,0,38,4,1
1421,6,5,5.426,0.426,0,39,5,1
1422,1,0,1,1,0,31,7,1
1422,2,1,2,1,1,32,8,1
1422,3,2,3,1,1,33,9,1
1422,4,3,4,1,1,34,10,1
1422,5,4,4.434,0.434,0,35,11,1
1423,1,0,1,1,0,59,5,1
1423,2,1,2,1,1,60,6,1
1423,3,2,3,1,0,61,7,1
1423,4,3,4,1,0,62,8,1
1423,5,4,5,1,1,63,9,1
1423,6,5,6,1,1,64,10,1
1423,7,6,7,1,0,65,11,1
1423,8,7,8,1,1,66,12,1
1423,9,8,8.124,0.124,1,67,13,1
1424,1,0,1,1,0,72,15,1
1424,2,1,1.415,0.415,0,73,16,1
1425,1,0,1,1,0,45,3,1
1425,2,1,2,1,0,46,4,1
1425,3,2,3,1,0,47,5,1
1425,4,3,4,1,0,48,6,1
1425,5,4,5,1,0,49,7,1
1425,6,5,5.6,0.6,0,50,8,1
1426,1,0,1,1,0,63,3,1
1426,2,1,2,1,0,64,4,1
1426,3,2,3,1,0,65,5,1
1426,4,3,4,1,0,66,6,1
1426,5,4,5,1,0,67,7,1
1426,6,5,6,1,0,68,8,1
1426,7,6,7,1,0,69,9,1
1426,8,7,7.54,0.54,0,70,10,1
1427,1,0,1,1,0,42,9,1
1427,2,1,2,1,0,43,10,1
1427,3,2,2.016,0.016,0,44,11,1
1428,1,0,1,1,0,38,12,1
1428,2,1,2,1,0,39,13,1
1428,3,2,3,1,0,40,14,1
1428,4,3,4,1,0,41,15,1
1428,5,4,5,1,0,42,16,1
1428,6,5,5.702,0.702,0,43,17,1
1429,1,0,1,1,0,32,4,1
1429,2,1,2,1,0,33,5,1
1429,3,2,2.907,0.907,0,34,6,1
1430,1,0,0.84,0.84,0,39,7,1
1431,1,0,1,1,2,18,16,1
1431,2,1,2,1,0,19,17,1
1431,3,2,2.682,0.682,0,20,18,1
1432,1,0,1,1,0,51,6,1
1432,2,1,2,1,0,52,7,1
1432,3,2,3,1,0,53,8,1
1432,4,3,4,1,1,54,9,1
1432,5,4,5,1,0,55,10,1
1432,6,5,6,1,0,56,11,1
1432,7,6,7,1,0,57,12,1
1432,8,7,7.616,0.616,0,58,13,1
1433,1,0,1,1,1,45,11,1
1433,2,1,2,1,1,46,12,1
1433,3,2,2.388,0.388,0,47,13,1
1434,1,0,1,1,0,41,6,1
1434,2,1,1.158,0.158,0,42,7,1
1435,1,0,1,1,0,54,2,1
1435,2,1,2,1,0,55,3,1
1435,3,2,3,1,0,56,4,1
1435,4,3,4,1,0,57,5,1
1435,5,4,5,1,0,58,6,1
1435,6,5,6,1,0,59,7,1
1435,7,6,6.101,0.101,0,60,8,1
1436,1,0,1,1,0,59,6,1
1436,2,1,2,1,0,60,7,1
1436,3,2,3,1,0,61,8,1
1436,4,3,4,1,0,62,9,1
1436,5,4,4.965,0.965,0,63,10,1
1437,1,0,1,1,0,62,16,1
1437,2,1,2,1,0,63,17,1
1437,3,2,3,1,0,64,18,1
1437,4,3,3.801,0.801,0,65,19,1
1438,1,0,1,1,0,62,12,1
1438,2,1,2,1,0,63,13,1
1438,3,2,3,1,0,64,14,1
1438,4,3,4,1,0,65,15,1
1438,5,4,5,1,0,66,16,1
1438,6,5,6,1,0,67,17,1
1438,7,6,7,1,0,68,18,1
1438,8,7,8,1,0,69,19,1
1438,9,8,9,1,0,70,20,1
1438,10,9,9.176,0.176,0,71,21,1
1439,1,0,1,1,0,18,13,1
1439,2,1,2,1,0,19,14,1
1439,3,2,3,1,1,20,15,1
1439,4,3,4,1,0,21,16,1
1439,5,4,5,1,0,22,17,1
1439,6,5,5.19,0.19,1,23,18,1
1440,1,0,1,1,0,20,14,1
1440,2,1,2,1,0,21,15,1
1440,3,2,3,1,1,22,16,1
1440,4,3,4,1,1,23,17,1
1440,5,4,5,1,0,24,18,1
1440,6,5,6,1,1,25,19,1
1440,7,6,7,1,0,26,20,1
1440,8,7,8,1,1,27,21,1
1440,9,8,8.429,0.429,1,28,22,1
1441,1,0,1,1,0,30,17,1
1441,2,1,2,1,0,31,18,1
1441,3,2,3,1,0,32,19,1
1441,4,3,4,1,0,33,20,1
1441,5,4,5,1,0,34,21,1
1441,6,5,5.047,0.047,0,35,22,1
1442,1,0,1,1,0,60,8,1
1442,2,1,2,1,0,61,9,1
1442,3,2,3,1,0,62,10,1
1442,4,3,4,1,0,63,11,1
1442,5,4,5,1,0,64,12,1
1442,6,5,6,1,0,65,13,1
1442,7,6,7,1,0,66,14,1
1442,8,7,7.361,0.361,0,67,15,1
1443,1,0,1,1,0,36,0,1
1443,2,1,2,1,1,37,1,1
1443,3,2,3,1,0,38,2,1
1443,4,3,4,1,0,39,3,1
1443,5,4,5,1,0,40,4,1
1443,6,5,6,1,0,41,5,1
1443,7,6,7,1,0,42,6,1
1443,8,7,8,1,0,43,7,1
1443,9,8,8.293,0.293,0,44,8,1
1444,1,0,1,1,1,56,4,1
1444,2,1,1.927,0.927,0,57,5,1
1445,1,0,1,1,0,33,8,1
1445,2,1,2,1,2,34,9,1
1445,3,2,3,1,0,35,10,1
1445,4,3,4,1,0,36,11,1
1445,5,4,5,1,0,37,12,1
1445,6,5,6,1,1,38,13,1
1445,7,6,7,1,0,39,14,1
1445,8,7,7.704,0.704,0,40,15,1
1446,1,0,1,1,0,43,17,1
1446,2,1,2,1,0,44,18,1
1446,3,2,3,1,0,45,19,1
1446,4,3,3.273,0.273,0,46,20,1
1447,1,0,1,1,0,66,7,1
1447,2,1,2,1,0,67,8,1
1447,3,2,3,1,0,68,9,1
1447,4,3,3.901,0.901,0,69,10,1
1448,1,0,1,1,0,54,10,1
1448,2,1,2,1,0,55,11,1
1448,3,2,3,1,0,56,12,1
1448,4,3,4,1,0,57,13,1
1448,5,4,5,1,0,58,14,1
1448,6,5,5.322,0.322,0,59,15,1
1449,1,0,1,1,0,40,10,1
1449,2,1,1.624,0.624,0,41,11,1
1450,1,0,1,1,0,44,3,1
1450,2,1,2,1,0,45,4,1
1450,3,2,3,1,0,46,5,1
1450,4,3,4,1,0,47,6,1
1450,5,4,5,1,1,48,7,1
1450,6,5,6,1,1,49,8,1
1450,7,6,7,1,0,50,9,1
1450,8,7,7.837,0.837,0,51,10,1
1451,1,0,1,1,0,37,9,1
1451,2,1,2,1,0,38,10,1
1451,3,2,3,1,0,39,11,1
1451,4,3,4,1,0,40,12,1
1451,5,4,5,1,0,41,13,1
1451,6,5,6,1,0,42,14,1
1451,7,6,7,1,1,43,15,1
1451,8,7,7.129,0.129,0,44,16,1
1452,1,0,1,1,0,66,6,1
1452,2,1,2,1,0,67,7,1
1452,3,2,3,1,0,68,8,1
1452,4,3,4,1,0,69,9,1
1452,5,4,4.766,0.766,0,70,10,1
1453,1,0,1,1,0,71,4,1
1453,2,1,2,1,0,72,5,1
1453,3,2,3,1,0,73,6,1
1453,4,3,4,1,0,74,7,1
1453,5,4,5,1,0,75,8,1
1453,6,5,5.623,0.623,1,76,9,1
1454,1,0,1,1,0,35,16,1
1454,2,1,2,1,0,36,17,1
1454,3,2,2.723,0.723,0,37,18,1
1455,1,0,1,1,0,51,16,1
1455,2,1,2,1,1,52,17,1
1455,3,2,3,1,0,53,18,1
1455,4,3,4,1,0,54,19,1
1455,5,4,5,1,0,55,20,1
1455,6,5,6,1,0,56,21,1
1455,7,6,7,1,0,57,22,1
1455,8,7,8,1,0,58,23,1
1455,9,8,8.638,0.638,0,59,24,1
1456,1,0,1,1,0,37,4,1
1456,2,1,2,1,0,38,5,1
1456,3,2,2.522,0.522,0,39,6,1
1457,1,0,1,1,0,74,16,1
1457,2,1,1.487,0.487,0,75,17,1
1458,1,0,1,1,0,69,10,1
1458,2,1,2,1,0,70,11,1
1458,3,2,3,1,0,71,12,1
1458,4,3,4,1,0,72,13,1
1458,5,4,5,1,0,73,14,1
1458,6,5,6,1,0,74,15,1
1458,7,6,7,1,0,75,16,1
1458,8,7,8,1,0,76,17,1
1458,9,8,8.948,0.948,0,77,18,1
1459,1,0,1,1,0,52,7,1
1459,2,1,2,1,1,53,8,1
1459,3,2,3,1,1,54,9,1
1459,4,3,4,1,1,55,10,1
1459,5,4,4.191,0.191,0,56,11,1
1460,1,0,1,1,0,23,6,1
1460,2,1,2,1,1,24,7,1
1460,3,2,3,1,0,25,8,1
1460,4,3,3.787,0.787,1,26,9,1
1461,1,0,1,1,0,54,3,1
1461,2,1,2,1,0,55,4,1
1461,3,2,3,1,1,56,5,1
1461,4,3,4,1,0,57,6,1
1461,5,4,4.814,0.814,0,58,7,1
1462,1,0,1,1,0,63,7,1
1462,2,1,2,1,0,64,8,1
1462,3,2,3,1,0,65,9,1
1462,4,3,3.584,0.584,0,66,10,1
1463,1,0,1,1,0,54,12,1
1463,2,1,2,1,0,55,13,1
1463,3,2,3,1,0,56,14,1
1463,4,3,4,1,0,57,15,1
1463,5,4,4.471,0.471,0,58,16,1
1464,1,0,1,1,0,52,6,1
1464,2,1,2,1,0,53,7,1
1464,3,2,3,1,1,54,8,1
1464,4,3,4,1,1,55,9,1
1464,5,4,4.261,0.261,0,56,10,1
1465,1,0,1,1,0,52,14,1
1465,2,1,2,1,0,53,15,1
1465,3,2,3,1,0,54,16,1
1465,4,3,4,1,0,55,17,1
1465,5,4,4.576,0.576,0,56,18,1
1466,1,0,1,1,0,31,10,1
1466,2,1,2,1,0,32,11,1
1466,3,2,3,1,0,33,12,1
1466,4,3,4,1,0,34,13,1
1466,5,4,5,1,1,35,14,1
1466,6,5,5.002,0.002,0,36,15,1
1467,1,0,1,1,0,54,7,1
1467,2,1,2,1,0,55,8,1
1467,3,2,2.731,0.731,0,56,9,1
1468,1,0,1,1,0,52,0,1
1468,2,1,2,1,0,53,1,1
1468,3,2,3,1,0,54,2,1
1468,4,3,4,1,0,55,3,1
1468,5,4,4.388,0.388,0,56,4,1
1469,1,0,1,1,1,64,14,1
1469,2,1,2,1,1,65,15,1
1469,3,2,3,1,0,66,16,1
1469,4,3,4,1,0,67,17,1
1469,5,4,4.866,0.866,1,68,18,1
1470,1,0,1,1,0,34,2,1
1470,2,1,2,1,1,35,3,1
1470,3,2,3,1,1,36,4,1
1470,4,3,3.491,0.491,0,37,5,1
1471,1,0,1,1,1,30,7,1
1471,2,1,2,1,0,31,8,1
1471,3,2,3,1,0,32,9,1
1471,4,3,4,1,0,33,10,1
1471,5,4,5,1,0,34,11,1
1471,6,5,6,1,0,35,12,1
1471,7,6,7,1,0,36,13,1
1471,8,7,8,1,0,37,14,1
1471,9,8,9,1,0,38,15,1
1471,10,9,9.99,0.99,0,39,16,1
1472,1,0,1,1,0,44,12,1
1472,2,1,1.78,0.78,0,45,13,1
1473,1,0,0.776,0.776,0,41,10,1
1474,1,0,1,1,1,44,7,1
1474,2,1,1.334,0.334,0,45,8,1
1475,1,0,1,1,0,59,15,1
1475,2,1,2,1,0,60,16,1
1475,3,2,3,1,0,61,17,1
1475,4,3,4,1,1,62,18,1
1475,5,4,5,1,0,63,19,1
1475,6,5,6,1,0,64,20,1
1475,7,6,7,1,0,65,21,1
1475,8,7,8,1,0,66,22,1
1475,9,8,9,1,0,67,23,1
1475,10,9,9.341,0.341,0,68,24,1
1476,1,0,1,1,0,56,11,1
1476,2,1,2,1,0,57,12,1
1476,3,2,3,1,0,58,13,1
1476,4,3,4,1,0,59,14,1
1476,5,4,5,1,0,60,15,1
1476,6,5,6,1,0,61,16,1
1476,7,6,6.647,0.647,0,62,17,1
1477,1,0,1,1,0,33,9,1
1477,2,1,2,1,0,34,10,1
1477,3,2,2.881,0.881,0,35,11,1
1478,1,0,1,1,0,51,5,1
1478,2,1,2,1,0,52,6,1
1478,3,2,2.421,0.421,0,53,7,1
1479,1,0,1,1,0,39,13,1
1479,2,1,2,1,0,40,14,1
1479,3,2,3,1,0,41,15,1
1479,4,3,3.647,0.647,0,42,16,1
1480,1,0,1,1,0,40,15,1
1480,2,1,2,1,0,41,16,1
1480,3,2,3,1,0,42,17,1
1480,4,3,4,1,0,43,18,1
1480,5,4,5,1,0,44,19,1
1480,6,5,6,1,0,45,20,1
1480,7,6,6.69,0.69,0,46,21,1
1481,1,0,0.859,0.859,0,61,8,1
1482,1,0,1,1,0,39,4,1
1482,2,1,1.043,0.043,0,40,5,1
1483,1,0,1,1,0,18,10,1
1483,2,1,2,1,0,19,11,1
1483,3,2,3,1,0,20,12,1
1483,4,3,3.903,0.903,0,21,13,1
1484,1,0,1,1,0,18,0,1
1484,2,1,2,1,0,19,1,1
1484,3,2,3,1,0,20,2,1
1484,4,3,4,1,0,21,3,1
1484,5,4,5,1,0,22,4,1
1484,6,5,6,1,0,23,5,1
1484,7,6,6.073,0.073,0,24,6,1
1485,1,0,1,1,0,35,8,1
1485,2,1,2,1,0,36,9,1
1485,3,2,3,1,0,37,10,1
1485,4,3,4,1,0,38,11,1
1485,5,4,5,1,0,39,12,1
1485,6,5,6,1,0,40,13,1
1485,7,6,7,1,0,41,14,1
1485,8,7,8,1,0,42,15,1
1485,9,8,8.257,0.257,0,43,16,1
1486,1,0,1,1,0,35,11,1
1486,2,1,2,1,1,36,12,1
1486,3,2,3,1,0,37,13,1
1486,4,3,4,1,0,38,14,1
1486,5,4,5,1,0,39,15,1
1486,6,5,6,1,0,40,16,1
1486,7,6,7,1,0,41,17,1
1486,8,7,7.452,0.452,0,42,18,1
1487,1,0,1,1,0,43,11,1
1487,2,1,2,1,0,44,12,1
1487,3,2,3,1,0,45,13,1
1487,4,3,4,1,0,46,14,1
1487,5,4,5,1,0,47,15,1
1487,6,5,5.244,0.244,0,48,16,1
1488,1,0,0.692,0.692,0,51,11,1
1489,1,0,1,1,0,52,8,1
1489,2,1,2,1,0,53,9,1
1489,3,2,3,1,0,54,10,1
1489,4,3,3.291,0.291,0,55,11,1
1490,1,0,1,1,0,65,5,1
1490,2,1,2,1,0,66,6,1
1490,3,2,3,1,1,67,7,1
1490,4,3,4,1,0,68,8,1
1490,5,4,5,1,0,69,9,1
1490,6,5,5.093,0.093,0,70,10,1
1491,1,0,1,1,0,41,14,1
1491,2,1,2,1,0,42,15,1
1491,3,2,3,1,0,43,16,1
1491,4,3,4,1,0,44,17,1
1491,5,4,5,1,0,45,18,1
1491,6,5,5.495,0.495,0,46,19,1
1492,1,0,1,1,0,36,9,1
1492,2,1,2,1,0,37,10,1
1492,3,2,3,1,1,38,11,1
1492,4,3,4,1,1,39,12,1
1492,5,4,5,1,0,40,13,1
1492,6,5,6,1,1,41,14,1
1492,7,6,7,1,0,42,15,1
1492,8,7,7.677,0.677,0,43,16,1
1493,1,0,1,1,0,38,11,1
1493,2,1,2,1,0,39,12,1
1493,3,2,3,1,0,40,13,1
1493,4,3,4,1,1,41,14,1
1493,5,4,5,1,0,42,15,1
1493,6,5,6,1,0,43,16,1
1493,7,6,7,1,0,44,17,1
1493,8,7,7.558,0.558,0,45,18,1
1494,1,0,1,1,0,37,3,1
1494,2,1,2,1,0,38,4,1
1494,3,2,3,1,0,39,5,1
1494,4,3,3.74,0.74,0,40,6,1
1495,1,0,1,1,0,81,9,1
1495,2,1,2,1,0,82,10,1
1495,3,2,3,1,0,83,11,1
1495,4,3,4,1,1,84,12,1
1495,5,4,5,1,0,85,13,1
1495,6,5,6,1,0,86,14,1
1495,7,6,7,1,0,87,15,1
1495,8,7,8,1,0,88,16,1
1495,9,8,8.393,0.393,0,89,17,1
1496,1,0,1,1,0,55,18,1
1496,2,1,2,1,1,56,19,1
1496,3,2,3,1,0,57,20,1
1496,4,3,4,1,1,58,21,1
1496,5,4,5,1,0,59,22,1
1496,6,5,5.278,0.278,0,60,23,1
1497,1,0,1,1,0,71,7,1
1497,2,1,2,1,1,72,8,1
1497,3,2,3,1,0,73,9,1
1497,4,3,4,1,1,74,10,1
1497,5,4,4.122,0.122,0,75,11,1
1498,1,0,1,1,0,55,4,1
1498,2,1,2,1,0,56,5,1
1498,3,2,2.57,0.57,0,57,6,1
1499,1,0,1,1,0,27,12,1
1499,2,1,2,1,0,28,13,1
1499,3,2,3,1,1,29,14,1
1499,4,3,4,1,1,30,15,1
1499,5,4,5,1,1,31,16,1
1499,6,5,5.651,0.651,0,32,17,1
1500,1,0,1,1,0,51,5,1
1500,2,1,2,1,0,52,6,1
1500,3,2,3,1,0,53,7,1
1500,4,3,4,1,0,54,8,1
1500,5,4,5,1,1,55,9,1
1500,6,5,6,1,0,56,10,1
1500,7,6,6.499,0.499,0,57,11,1
1501,1,0,1,1,0,41,8,1
1501,2,1,2,1,0,42,9,1
1501,3,2,3,1,0,43,10,1
1501,4,3,4,1,0,44,11,1
1501,5,4,5,1,0,45,12,1
1501,6,5,6,1,0,46,13,1
1501,7,6,7,1,0,47,14,1
1501,8,7,8,1,0,48,15,1
1501,9,8,8.548,0.548,0,49,16,1
1502,1,0,1,1,0,60,7,1
1502,2,1,2,1,0,61,8,1
1502,3,2,3,1,1,62,9,1
1502,4,3,3.612,0.612,1,63,10,1
1503,1,0,0.533,0.533,0,34,14,1
1504,1,0,1,1,2,41,6,1
1504,2,1,1.903,0.903,0,42,7,1
1505,1,0,1,1,0,29,8,1
1505,2,1,2,1,0,30,9,1
1505,3,2,3,1,0,31,10,1
1505,4,3,4,1,1,32,11,1
1505,5,4,5,1,0,33,12,1
1505,6,5,6,1,0,34,13,1
1505,7,6,7,1,0,35,14,1
1505,8,7,8,1,1,36,15,1
1505,9,8,9,1,0,37,16,1
1505,10,9,9.25,0.25,0,38,17,1
1506,1,0,1,1,0,66,6,1
1506,2,1,2,1,0,67,7,1
1506,3,2,2.736,0.736,0,68,8,1
1507,1,0,1,1,0,18,4,1
1507,2,1,1.164,0.164,0,19,5,1
1508,1,0,1,1,0,49,4,1
1508,2,1,1.608,0.608,0,50,5,1
1509,1,0,1,1,0,36,11,1
1509,2,1,2,1,0,37,12,1
1509,3,2,2.299,0.299,0,38,13,1
1510,1,0,1,1,0,40,5,1
1510,2,1,2,1,0,41,6,1
1510,3,2,2.64,0.64,0,42,7,1
1511,1,0,1,1,0,18,15,1
1511,2,1,2,1,0,19,16,1
1511,3,2,3,1,0,20,17,1
1511,4,3,4,1,0,21,18,1
1511,5,4,5,1,0,22,19,1
1511,6,5,6,1,0,23,20,1
1511,7,6,7,1,0,24,21,1
1511,8,7,8,1,0,25,22,1
1511,9,8,9,1,0,26,23,1
1511,10,9,9.912,0.912,0,27,24,1
1512,1,0,1,1,0,34,1,1
1512,2,1,1.288,0.288,0,35,2,1
1513,1,0,1,1,0,48,0,1
1513,2,1,2,1,0,49,1,1
1513,3,2,3,1,0,50,2,1
1513,4,3,4,1,0,51,3,1
1513,5,4,4.572,0.572,0,52,4,1
1514,1,0,1,1,0,35,6,1
1514,2,1,2,1,0,36,7,1
1514,3,2,3,1,0,37,8,1
1514,4,3,4,1,0,38,9,1
1514,5,4,5,1,0,39,10,1
1514,6,5,5.041,0.041,0,40,11,1
1515,1,0,1,1,0,36,12,1
1515,2,1,2,1,0,37,13,1
1515,3,2,2.642,0.642,0,38,14,1
1516,1,0,1,1,0,27,9,1
1516,2,1,1.675,0.675,0,28,10,1
1517,1,0,1,1,0,36,3,1
1517,2,1,2,1,0,37,4,1
1517,3,2,2.905,0.905,0,38,5,1
1518,1,0,1,1,0,57,2,1
1518,2,1,2,1,0,58,3,1
1518,3,2,2.345,0.345,0,59,4,1
1519,1,0,1,1,0,43,8,1
1519,2,1,2,1,0,44,9,1
1519,3,2,3,1,0,45,10,1
1519,4,3,4,1,0,46,11,1
1519,5,4,5,1,0,47,12,1
1519,6,5,6,1,0,48,13,1
1519,7,6,6.055,0.055,0,49,14,1
1520,1,0,1,1,0,66,11,1
1520,2,1,2,1,0,67,12,1
1520,3,2,3,1,0,68,13,1
1520,4,3,4,1,0,69,14,1
1520,5,4,4.12,0.12,0,70,15,1
1521,1,0,1,1,0,43,4,1
1521,2,1,2,1,0,44,5,1
1521,3,2,3,1,0,45,6,1
1521,4,3,3.954,0.954,0,46,7,1
1522,1,0,1,1,0,37,1,1
1522,2,1,2,1,0,38,2,1
1522,3,2,3,1,0,39,3,1
1522,4,3,4,1,0,40,4,1
1522,5,4,5,1,0,41,5,1
1522,6,5,6,1,0,42,6,1
1522,7,6,7,1,0,43,7,1
1522,8,7,7.616,0.616,0,44,8,1
1523,1,0,1,1,0,48,13,1
1523,2,1,2,1,0,49,14,1
1523,3,2,3,1,0,50,15,1
1523,4,3,4,1,0,51,16,1
1523,5,4,5,1,0,52,17,1
1523,6,5,6,1,0,53,18,1
1523,7,6,6.609,0.609,0,54,19,1
1524,1,0,1,1,0,47,1,1
1524,2,1,2,1,0,48,2,1
1524,3,2,3,1,0,49,3,1
1524,4,3,4,1,0,50,4,1
1524,5,4,5,1,0,51,5,1
1524,6,5,6,1,0,52,6,1
1524,7,6,6.537,0.537,0,53,7,1
1525,1,0,1,1,0,24,8,1
1525,2,1,2,1,0,25,9,1
1525,3,2,3,1,0,26,10,1
1525,4,3,3.632,0.632,0,27,11,1
1526,1,0,1,1,0,24,11,1
1526,2,1,1.103,0.103,0,25,12,1
1527,1,0,1,1,1,59,10,1
1527,2,1,2,1,0,60,11,1
1527,3,2,2.423,0.423,0,61,12,1
1528,1,0,1,1,1,37,13,1
1528,2,1,2,1,1,38,14,1
1528,3,2,3,1,2,39,15,1
1528,4,3,4,1,2,40,16,1
1528,5,4,5,1,1,41,17,1
1528,6,5,6,1,1,42,18,1
1528,7,6,6.268,0.268,0,43,19,1
1529,1,0,1,1,0,57,12,1
1529,2,1,1.22,0.22,0,58,13,1
1530,1,0,1,1,0,33,3,1
1530,2,1,1.187,0.187,0,34,4,1
1531,1,0,0.874,0.874,1,43,0,1
1532,1,0,1,1,1,58,13,1
1532,2,1,2,1,0,59,14,1
1532,3,2,3,1,0,60,15,1
1532,4,3,4,1,0,61,16,1
1532,5,4,4.461,0.461,0,62,17,1
1533,1,0,1,1,0,50,7,1
1533,2,1,2,1,0,51,8,1
1533,3,2,3,1,0,52,9,1
1533,4,3,4,1,0,53,10,1
1533,5,4,4.868,0.868,0,54,11,1
1534,1,0,1,1,0,35,8,1
1534,2,1,1.482,0.482,0,36,9,1
1535,1,0,1,1,0,21,8,1
1535,2,1,2,1,0,22,9,1
1535,3,2,3,1,0,23,10,1
1535,4,3,4,1,0,24,11,1
1535,5,4,5,1,0,25,12,1
1535,6,5,6,1,0,26,13,1
1535,7,6,7,1,0,27,14,1
1535,8,7,7.193,0.193,0,28,15,1
1536,1,0,1,1,0,50,19,1
1536,2,1,2,1,0,51,20,1
1536,3,2,3,1,0,52,21,1
1536,4,3,4,1,0,53,22,1
1536,5,4,4.799,0.799,1,54,23,1
1537,1,0,1,1,0,52,13,1
1537,2,1,1.177,0.177,0,53,14,1
1538,1,0,1,1,0,56,2,1
1538,2,1,2,1,0,57,3,1
1538,3,2,2.179,0.179,0,58,4,1
1539,1,0,1,1,0,73,11,1
1539,2,1,2,1,0,74,12,1
1539,3,2,3,1,0,75,13,1
1539,4,3,3.314,0.314,0,76,14,1
1540,1,0,1,1,0,35,12,1
1540,2,1,2,1,2,36,13,1
1540,3,2,2.926,0.926,0,37,14,1
1541,1,0,1,1,0,51,0,1
1541,2,1,2,1,0,52,1,1
1541,3,2,2.798,0.798,0,53,2,1
1542,1,0,1,1,0,49,9,1
1542,2,1,2,1,0,50,10,1
1542,3,2,3,1,0,51,11,1
1542,4,3,4,1,0,52,12,1
1542,5,4,5,1,0,53,13,1
1542,6,5,6,1,0,54,14,1
1542,7,6,6.36,0.36,0,55,15,1
1543,1,0,1,1,0,67,17,1
1543,2,1,1.553,0.553,0,68,18,1
1544,1,0,1,1,0,65,17,1
1544,2,1,2,1,0,66,18,1
1544,3,2,3,1,0,67,19,1
1544,4,3,4,1,0,68,20,1
1544,5,4,5,1,0,69,21,1
1544,6,5,5.185,0.185,0,70,22,1
1545,1,0,1,1,0,49,3,1
1545,2,1,2,1,0,50,4,1
1545,3,2,2.787,0.787,0,51,5,1
1546,1,0,1,1,0,33,18,1
1546,2,1,2,1,0,34,19,1
1546,3,2,2.824,0.824,0,35,20,1
1547,1,0,1,1,0,32,10,1
1547,2,1,2,1,0,33,11,1
1547,3,2,3,1,0,34,12,1
1547,4,3,4,1,1,35,13,1
1547,5,4,4.945,0.945,0,36,14,1
1548,1,0,1,1,0,27,0,1
1548,2,1,2,1,0,28,1,1
1548,3,2,2.905,0.905,0,29,2,1
1549,1,0,1,1,0,31,4,1
1549,2,1,2,1,0,32,5,1
1549,3,2,3,1,0,33,6,1
1549,4,3,4,1,1,34,7,1
1549,5,4,5,1,0,35,8,1
1549,6,5,6,1,0,36,9,1
1549,7,6,6.032,0.032,0,37,10,1
1550,1,0,1,1,1,34,16,1
1550,2,1,1.182,0.182,0,35,17,1
1551,1,0,1,1,0,42,8,1
1551,2,1,1.509,0.509,0,43,9,1
1552,1,0,1,1,0,55,9,1
1552,2,1,1.683,0.683,0,56,10,1
1553,1,0,1,1,1,60,6,1
1553,2,1,2,1,0,61,7,1
1553,3,2,3,1,0,62,8,1
1553,4,3,4,1,0,63,9,1
1553,5,4,4.596,0.596,0,64,10,1
1554,1,0,1,1,0,34,14,1
1554,2,1,2,1,0,35,15,1
1554,3,2,2.547,0.547,1,36,16,1
1555,1,0,1,1,0,46,12,1
1555,2,1,2,1,0,47,13,1
1555,3,2,3,1,0,48,14,1
1555,4,3,4,1,0,49,15,1
1555,5,4,5,1,0,50,16,1
1555,6,5,6,1,1,51,17,1
1555,7,6,6.192,0.192,0,52,18,1
1556,1,0,1,1,0,53,7,1
1556,2,1,2,1,0,54,8,1
1556,3,2,2.574,0.574,0,55,9,1
1557,1,0,1,1,0,36,7,1
1557,2,1,2,1,0,37,8,1
1557,3,2,3,1,0,38,9,1
1557,4,3,4,1,0,39,10,1
1557,5,4,5,1,0,40,11,1
1557,6,5,5.991,0.991,0,41,12,1
1558,1,0,1,1,0,63,8,1
1558,2,1,2,1,0,64,9,1
1558,3,2,3,1,0,65,10,1
1558,4,3,3.312,0.312,0,66,11,1
1559,1,0,1,1,1,37,7,1
1559,2,1,1.851,0.851,1,38,8,1
1560,1,0,1,1,0,54,2,1
1560,2,1,2,1,1,55,3,1
1560,3,2,2.124,0.124,0,56,4,1
1561,1,0,1,1,0,44,3,1
1561,2,1,2,1,0,45,4,1
1561,3,2,2.48,0.48,0,46,5,1
1562,1,0,1,1,0,52,10,1
1562,2,1,2,1,0,53,11,1
1562,3,2,2.156,0.156,0,54,12,1
1563,1,0,1,1,0,60,10,1
1563,2,1,1.429,0.429,0,61,11,1
1564,1,0,1,1,0,38,14,1
1564,2,1,2,1,0,39,15,1
1564,3,2,3,1,0,40,16,1
1564,4,3,3.654,0.654,0,41,17,1
1565,1,0,1,1,0,67,3,1
1565,2,1,2,1,0,68,4,1
1565,3,2,3,1,1,69,5,1
1565,4,3,4,1,0,70,6,1
1565,5,4,5,1,0,71,7,1
1565,6,5,5.601,0.601,0,72,8,1
1566,1,0,1,1,0,37,20,1
1566,2,1,2,1,0,38,21,1
1566,3,2,2.386,0.386,0,39,22,1
1567,1,0,1,1,0,48,12,1
1567,2,1,2,1,0,49,13,1
1567,3,2,3,1,0,50,14,1
1567,4,3,3.499,0.499,0,51,15,1
1568,1,0,1,1,1,62,5,1
1568,2,1,2,1,0,63,6,1
1568,3,2,3,1,0,64,7,1
1568,4,3,4,1,0,65,8,1
1568,5,4,5,1,0,66,9,1
1568,6,5,5.452,0.452,0,67,10,1
1569,1,0,1,1,0,24,19,1
1569,2,1,2,1,0,25,20,1
1569,3,2,3,1,0,26,21,1
1569,4,3,4,1,0,27,22,1
1569,5,4,5,1,0,28,23,1
1569,6,5,6,1,0,29,24,1
1569,7,6,7,1,0,30,25,1
1569,8,7,7.334,0.334,0,31,26,1
1570,1,0,1,1,0,26,6,1
1570,2,1,2,1,0,27,7,1
1570,3,2,2.548,0.548,0,28,8,1
1571,1,0,1,1,0,40,1,1
1571,2,1,2,1,0,41,2,1
1571,3,2,3,1,0,42,3,1
1571,4,3,4,1,0,43,4,1
1571,5,4,4.793,0.793,0,44,5,1
1572,1,0,1,1,0,39,0,1
1572,2,1,2,1,0,40,1,1
1572,3,2,2.865,0.865,0,41,2,1
1573,1,0,1,1,0,56,0,1
1573,2,1,2,1,0,57,1,1
1573,3,2,2.142,0.142,0,58,2,1
1574,1,0,1,1,0,40,6,1
1574,2,1,2,1,0,41,7,1
1574,3,2,2.639,0.639,0,42,8,1
1575,1,0,1,1,0,69,14,1
1575,2,1,2,1,0,70,15,1
1575,3,2,3,1,0,71,16,1
1575,4,3,4,1,0,72,17,1
1575,5,4,5,1,1,73,18,1
1575,6,5,6,1,0,74,19,1
1575,7,6,7,1,0,75,20,1
1575,8,7,8,1,1,76,21,1
1575,9,8,9,1,0,77,22,1
1575,10,9,9.759,0.759,0,78,23,1
1576,1,0,1,1,0,40,0,1
1576,2,1,2,1,0,41,1,1
1576,3,2,3,1,0,42,2,1
1576,4,3,4,1,1,43,3,1
1576,5,4,5,1,0,44,4,1
1576,6,5,6,1,0,45,5,1
1576,7,6,6.168,0.168,0,46,6,1
1577,1,0,1,1,0,52,9,1
1577,2,1,2,1,0,53,10,1
1577,3,2,3,1,0,54,11,1
1577,4,3,3.723,0.723,0,55,12,1
1578,1,0,1,1,2,37,4,1
1578,2,1,2,1,0,38,5,1
1578,3,2,3,1,1,39,6,1
1578,4,3,4,1,0,40,7,1
1578,5,4,5,1,0,41,8,1
1578,6,5,6,1,1,42,9,1
1578,7,6,7,1,0,43,10,1
1578,8,7,8,1,0,44,11,1
1578,9,8,8.41,0.41,1,45,12,1
1579,1,0,0.954,0.954,0,37,4,1
1580,1,0,1,1,0,18,0,1
1580,2,1,2,1,0,19,1,1
1580,3,2,2.592,0.592,0,20,2,1
1581,1,0,1,1,0,50,7,1
1581,2,1,2,1,0,51,8,1
1581,3,2,3,1,0,52,9,1
1581,4,3,3.488,0.488,0,53,10,1
1582,1,0,1,1,0,24,0,1
1582,2,1,2,1,0,25,1,1
1582,3,2,2.907,0.907,0,26,2,1
1583,1,0,1,1,0,53,2,1
1583,2,1,2,1,1,54,3,1
1583,3,2,2.382,0.382,0,55,4,1
1584,1,0,1,1,0,56,0,1
1584,2,1,2,1,0,57,1,1
1584,3,2,3,1,0,58,2,1
1584,4,3,4,1,0,59,3,1
1584,5,4,5,1,0,60,4,1
1584,6,5,6,1,0,61,5,1
1584,7,6,7,1,0,62,6,1
1584,8,7,8,1,0,63,7,1
1584,9,8,8.91,0.91,1,64,8,1
1585,1,0,1,1,0,23,13,1
1585,2,1,2,1,0,24,14,1
1585,3,2,3,1,0,25,15,1
1585,4,3,4,1,0,26,16,1
1585,5,4,4.15,0.15,0,27,17,1
1586,1,0,1,1,0,47,11,1
1586,2,1,2,1,0,48,12,1
1586,3,2,3,1,0,49,13,1
1586,4,3,4,1,0,50,14,1
1586,5,4,5,1,0,51,15,1
1586,6,5,6,1,0,52,16,1
1586,7,6,7,1,0,53,17,1
1586,8,7,7.008,0.008,0,54,18,1
1587,1,0,1,1,0,27,9,1
1587,2,1,1.195,0.195,0,28,10,1
1588,1,0,1,1,0,59,0,1
1588,2,1,2,1,0,60,1,1
1588,3,2,3,1,0,61,2,1
1588,4,3,4,1,0,62,3,1
1588,5,4,5,1,0,63,4,1
1588,6,5,5.421,0.421,0,64,5,1
1589,1,0,1,1,0,65,7,1
1589,2,1,1.073,0.073,0,66,8,1
1590,1,0,1,1,0,23,13,1
1590,2,1,2,1,0,24,14,1
1590,3,2,2.416,0.416,0,25,15,1
1591,1,0,1,1,0,29,7,1
1591,2,1,2,1,0,30,8,1
1591,3,2,3,1,0,31,9,1
1591,4,3,4,1,1,32,10,1
1591,5,4,5,1,0,33,11,1
1591,6,5,6,1,0,34,12,1
1591,7,6,7,1,0,35,13,1
1591,8,7,7.125,0.125,0,36,14,1
1592,1,0,1,1,0,36,6,1
1592,2,1,2,1,0,37,7,1
1592,3,2,2.999,0.999,0,38,8,1
1593,1,0,1,1,1,69,5,1
1593,2,1,1.992,0.992,0,70,6,1
1594,1,0,1,1,0,47,6,1
1594,2,1,2,1,0,48,7,1
1594,3,2,2.843,0.843,0,49,8,1
1595,1,0,1,1,0,34,11,1
1595,2,1,2,1,0,35,12,1
1595,3,2,3,1,0,36,13,1
1595,4,3,4,1,0,37,14,1
1595,5,4,5,1,0,38,15,1
1595,6,5,5.886,0.886,0,39,16,1
1596,1,0,1,1,0,29,5,1
1596,2,1,2,1,0,30,6,1
1596,3,2,3,1,0,31,7,1
1596,4,3,3.078,0.078,0,32,8,1
1597,1,0,1,1,0,39,6,1
1597,2,1,2,1,0,40,7,1
1597,3,2,3,1,0,41,8,1
1597,4,3,4,1,0,42,9,1
1597,5,4,4.633,0.633,0,43,10,1
1598,1,0,1,1,0,23,12,1
1598,2,1,2,1,0,24,13,1
1598,3,2,3,1,0,25,14,1
1598,4,3,4,1,0,26,15,1
1598,5,4,5,1,0,27,16,1
1598,6,5,6,1,0,28,17,1
1598,7,6,7,1,0,29,18,1
1598,8,7,8,1,0,30,19,1
1598,9,8,9,1,0,31,20,1
1598,10,9,9.663,0.663,0,32,21,1
1599,1,0,1,1,0,68,6,1
1599,2,1,2,1,0,69,7,1
1599,3,2,3,1,1,70,8,1
1599,4,3,3.577,0.577,1,71,9,1
1600,1,0,1,1,1,64,5,1
1600,2,1,2,1,0,65,6,1
1600,3,2,3,1,0,66,7,1
1600,4,3,4,1,0,67,8,1
1600,5,4,4.797,0.797,0,68,9,1
1601,1,0,1,1,0,62,12,1
1601,2,1,2,1,0,63,13,1
1601,3,2,3,1,0,64,14,1
1601,4,3,3.471,0.471,0,65,15,1
1602,1,0,1,1,0,63,6,1
1602,2,1,2,1,0,64,7,1
1602,3,2,3,1,0,65,8,1
1602,4,3,4,1,1,66,9,1
1602,5,4,5,1,1,67,10,1
1602,6,5,5.07,0.07,0,68,11,1
1603,1,0,1,1,0,42,1,1
1603,2,1,2,1,0,43,2,1
1603,3,2,3,1,0,44,3,1
1603,4,3,4,1,0,45,4,1
1603,5,4,5,1,0,46,5,1
1603,6,5,6,1,0,47,6,1
1603,7,6,7,1,0,48,7,1
1603,8,7,7.376,0.376,0,49,8,1
1604,1,0,1,1,0,41,8,1
1604,2,1,2,1,0,42,9,1
1604,3,2,3,1,0,43,10,1
1604,4,3,4,1,0,44,11,1
1604,5,4,5,1,0,45,12,1
1604,6,5,6,1,0,46,13,1
1604,7,6,7,1,0,47,14,1
1604,8,7,8,1,0,48,15,1
1604,9,8,9,1,0,49,16,1
1604,10,9,9.592,0.592,0,50,17,1
1605,1,0,1,1,0,48,7,1
1605,2,1,2,1,1,49,8,1
1605,3,2,3,1,0,50,9,1
1605,4,3,4,1,0,51,10,1
1605,5,4,5,1,0,52,11,1
1605,6,5,6,1,0,53,12,1
1605,7,6,7,1,0,54,13,1
1605,8,7,8,1,0,55,14,1
1605,9,8,9,1,0,56,15,1
1605,10,9,9.387,0.387,0,57,16,1
1606,1,0,1,1,0,35,12,1
1606,2,1,1.211,0.211,0,36,13,1
1607,1,0,1,1,0,31,14,1
1607,2,1,2,1,0,32,15,1
1607,3,2,3,1,1,33,16,1
1607,4,3,4,1,0,34,17,1
1607,5,4,5,1,0,35,18,1
1607,6,5,6,1,0,36,19,1
1607,7,6,6.007,0.007,0,37,20,1
1608,1,0,1,1,0,70,8,1
1608,2,1,2,1,0,71,9,1
1608,3,2,3,1,1,72,10,1
1608,4,3,3.392,0.392,0,73,11,1
1609,1,0,1,1,1,84,0,1
1609,2,1,2,1,0,85,1,1
1609,3,2,3,1,0,86,2,1
1609,4,3,3.886,0.886,0,87,3,1
1610,1,0,1,1,0,57,6,1
1610,2,1,2,1,0,58,7,1
1610,3,2,2.213,0.213,0,59,8,1
1611,1,0,1,1,1,18,16,1
1611,2,1,1.889,0.889,2,19,17,1
1612,1,0,1,1,1,35,3,1
1612,2,1,2,1,1,36,4,1
1612,3,2,3,1,0,37,5,1
1612,4,3,4,1,2,38,6,1
1612,5,4,5,1,1,39,7,1
1612,6,5,5.11,0.11,0,40,8,1
1613,1,0,1,1,0,41,13,1
1613,2,1,2,1,0,42,14,1
1613,3,2,3,1,0,43,15,1
1613,4,3,4,1,0,44,16,1
1613,5,4,5,1,0,45,17,1
1613,6,5,5.338,0.338,0,46,18,1
1614,1,0,1,1,0,46,16,1
1614,2,1,1.237,0.237,0,47,17,1
1615,1,0,1,1,1,50,12,1
1615,2,1,2,1,0,51,13,1
1615,3,2,3,1,0,52,14,1
1615,4,3,3.283,0.283,0,53,15,1
1616,1,0,1,1,0,52,13,1
1616,2,1,2,1,0,53,14,1
1616,3,2,2.626,0.626,0,54,15,1
1617,1,0,1,1,0,18,6,1
1617,2,1,2,1,0,19,7,1
1617,3,2,3,1,0,20,8,1
1617,4,3,4,1,1,21,9,1
1617,5,4,4.087,0.087,0,22,10,1
1618,1,0,1,1,1,52,11,1
1618,2,1,2,1,0,53,12,1
1618,3,2,3,1,0,54,13,1
1618,4,3,4,1,0,55,14,1
1618,5,4,5,1,0,56,15,1
1618,6,5,6,1,0,57,16,1
1618,7,6,7,1,0,58,17,1
1618,8,7,7.139,0.139,0,59,18,1
1619,1,0,1,1,0,53,9,1
1619,2,1,2,1,0,54,10,1
1619,3,2,3,1,0,55,11,1
1619,4,3,4,1,0,56,12,1
1619,5,4,5,1,0,57,13,1
1619,6,5,6,1,0,58,14,1
1619,7,6,7,1,0,59,15,1
1619,8,7,8,1,0,60,16,1
1619,9,8,9,1,0,61,17,1
1619,10,9,9.929,0.929,0,62,18,1
1620,1,0,1,1,0,21,5,1
1620,2,1,2,1,0,22,6,1
1620,3,2,2.218,0.218,0,23,7,1
1621,1,0,0.346,0.346,0,60,7,1
1622,1,0,1,1,0,40,3,1
1622,2,1,1.829,0.829,1,41,4,1
1623,1,0,1,1,0,26,5,1
1623,2,1,1.596,0.596,0,27,6,1
1624,1,0,1,1,0,34,5,1
1624,2,1,2,1,0,35,6,1
1624,3,2,3,1,0,36,7,1
1624,4,3,4,1,0,37,8,1
1624,5,4,5,1,0,38,9,1
1624,6,5,6,1,0,39,10,1
1624,7,6,7,1,0,40,11,1
1624,8,7,7.471,0.471,0,41,12,1
1625,1,0,1,1,0,45,13,1
1625,2,1,2,1,0,46,14,1
1625,3,2,3,1,0,47,15,1
1625,4,3,4,1,0,48,16,1
1625,5,4,5,1,0,49,17,1
1625,6,5,6,1,0,50,18,1
1625,7,6,7,1,0,51,19,1
1625,8,7,8,1,0,52,20,1
1625,9,8,9,1,0,53,21,1
1625,10,9,9.946,0.946,0,54,22,1
1626,1,0,1,1,0,63,12,1
1626,2,1,2,1,0,64,13,1
1626,3,2,3,1,0,65,14,1
1626,4,3,4,1,1,66,15,1
1626,5,4,5,1,0,67,16,1
1626,6,5,5.144,0.144,0,68,17,1
1627,1,0,1,1,0,37,13,1
1627,2,1,2,1,0,38,14,1
1627,3,2,3,1,0,39,15,1
1627,4,3,3.093,0.093,0,40,16,1
1628,1,0,1,1,0,46,18,1
1628,2,1,2,1,0,47,19,1
1628,3,2,2.354,0.354,0,48,20,1
1629,1,0,1,1,0,58,11,1
1629,2,1,2,1,0,59,12,1
1629,3,2,3,1,0,60,13,1
1629,4,3,4,1,0,61,14,1
1629,5,4,5,1,0,62,15,1
1629,6,5,5.264,0.264,0,63,16,1
1630,1,0,1,1,0,36,0,1
1630,2,1,1.643,0.643,0,37,1,1
1631,1,0,1,1,0,35,7,1
1631,2,1,2,1,0,36,8,1
1631,3,2,3,1,0,37,9,1
1631,4,3,3.814,0.814,0,38,10,1
1632,1,0,1,1,0,56,8,1
1632,2,1,2,1,0,57,9,1
1632,3,2,3,1,0,58,10,1
1632,4,3,3.521,0.521,0,59,11,1
1633,1,0,1,1,0,36,15,1
1633,2,1,2,1,0,37,16,1
1633,3,2,2.902,0.902,0,38,17,1
1634,1,0,1,1,0,38,10,1
1634,2,1,2,1,0,39,11,1
1634,3,2,3,1,0,40,12,1
1634,4,3,4,1,0,41,13,1
1634,5,4,5,1,0,42,14,1
1634,6,5,6,1,0,43,15,1
1634,7,6,7,1,0,44,16,1
1634,8,7,8,1,0,45,17,1
1634,9,8,9,1,0,46,18,1
1634,10,9,9.012,0.012,0,47,19,1
1635,1,0,1,1,0,62,7,1
1635,2,1,2,1,0,63,8,1
1635,3,2,3,1,0,64,9,1
1635,4,3,4,1,1,65,10,1
1635,5,4,4.043,0.043,0,66,11,1
1636,1,0,1,1,0,68,11,1
1636,2,1,2,1,0,69,12,1
1636,3,2,3,1,0,70,13,1
1636,4,3,3.66,0.66,0,71,14,1
1637,1,0,1,1,0,39,13,1
1637,2,1,2,1,0,40,14,1
1637,3,2,3,1,0,41,15,1
1637,4,3,4,1,0,42,16,1
1637,5,4,4.954,0.954,0,43,17,1
1638,1,0,1,1,0,30,4,1
1638,2,1,2,1,1,31,5,1
1638,3,2,3,1,0,32,6,1
1638,4,3,3.565,0.565,0,33,7,1
1639,1,0,1,1,0,35,10,1
1639,2,1,1.801,0.801,0,36,11,1
1640,1,0,1,1,0,18,15,1
1640,2,1,2,1,0,19,16,1
1640,3,2,3,1,0,20,17,1
1640,4,3,3.059,0.059,0,21,18,1
1641,1,0,1,1,0,39,13,1
1641,2,1,2,1,0,40,14,1
1641,3,2,2.259,0.259,0,41,15,1
1642,1,0,1,1,0,26,4,1
1642,2,1,2,1,0,27,5,1
1642,3,2,3,1,0,28,6,1
1642,4,3,4,1,0,29,7,1
1642,5,4,4.643,0.643,0,30,8,1
1643,1,0,1,1,0,51,9,1
1643,2,1,1.778,0.778,0,52,10,1
1644,1,0,1,1,0,52,8,1
1644,2,1,2,1,0,53,9,1
1644,3,2,3,1,0,54,10,1
1644,4,3,4,1,0,55,11,1
1644,5,4,5,1,0,56,12,1
1644,6,5,5.687,0.687,0,57,13,1
1645,1,0,1,1,0,21,8,1
1645,2,1,2,1,0,22,9,1
1645,3,2,2.232,0.232,1,23,10,1
1646,1,0,1,1,0,18,1,1
1646,2,1,1.762,0.762,0,19,2,1
1647,1,0,1,1,0,29,3,1
1647,2,1,2,1,1,30,4,1
1647,3,2,3,1,0,31,5,1
1647,4,3,3.376,0.376,0,32,6,1
1648,1,0,1,1,0,57,7,1
1648,2,1,2,1,0,58,8,1
1648,3,2,3,1,0,59,9,1
1648,4,3,4,1,0,60,10,1
1648,5,4,5,1,0,61,11,1
1648,6,5,6,1,0,62,12,1
1648,7,6,7,1,0,63,13,1
1648,8,7,8,1,0,64,14,1
1648,9,8,8.993,0.993,0,65,15,1
1649,1,0,1,1,0,52,0,1
1649,2,1,1.649,0.649,0,53,1,1
1650,1,0,1,1,0,20,0,1
1650,2,1,1.242,0.242,0,21,1,1
1651,1,0,1,1,0,67,4,1
1651,2,1,2,1,0,68,5,1
1651,3,2,3,1,0,69,6,1
1651,4,3,4,1,0,70,7,1
1651,5,4,5,1,0,71,8,1
1651,6,5,6,1,0,72,9,1
1651,7,6,6.406,0.406,1,73,10,1
1652,1,0,1,1,0,57,0,1
1652,2,1,2,1,0,58,1,1
1652,3,2,3,1,0,59,2,1
1652,4,3,4,1,0,60,3,1
1652,5,4,5,1,0,61,4,1
1652,6,5,6,1,0,62,5,1
1652,7,6,7,1,0,63,6,1
1652,8,7,8,1,0,64,7,1
1652,9,8,8.863,0.863,0,65,8,1
1653,1,0,1,1,0,38,10,1
1653,2,1,2,1,1,39,11,1
1653,3,2,3,1,0,40,12,1
1653,4,3,4,1,0,41,13,1
1653,5,4,5,1,0,42,14,1
1653,6,5,6,1,0,43,15,1
1653,7,6,7,1,0,44,16,1
1653,8,7,8,1,0,45,17,1
1653,9,8,9,1,0,46,18,1
1653,10,9,9.399,0.399,0,47,19,1
1654,1,0,1,1,0,46,2,1
1654,2,1,2,1,0,47,3,1
1654,3,2,2.016,0.016,0,48,4,1
1655,1,0,1,1,1,53,2,1
1655,2,1,2,1,1,54,3,1
1655,3,2,3,1,1,55,4,1
1655,4,3,4,1,0,56,5,1
1655,5,4,5,1,2,57,6,1
1655,6,5,6,1,0,58,7,1
1655,7,6,7,1,1,59,8,1
1655,8,7,8,1,0,60,9,1
1655,9,8,8.844,0.844,1,61,10,1
1656,1,0,1,1,0,49,8,1
1656,2,1,2,1,0,50,9,1
1656,3,2,3,1,0,51,10,1
1656,4,3,4,1,0,52,11,1
1656,5,4,5,1,0,53,12,1
1656,6,5,6,1,0,54,13,1
1656,7,6,6.757,0.757,0,55,14,1
1657,1,0,1,1,0,67,10,1
1657,2,1,2,1,1,68,11,1
1657,3,2,3,1,0,69,12,1
1657,4,3,4,1,0,70,13,1
1657,5,4,5,1,0,71,14,1
1657,6,5,6,1,0,72,15,1
1657,7,6,6.198,0.198,0,73,16,1
1658,1,0,1,1,0,47,7,1
1658,2,1,2,1,0,48,8,1
1658,3,2,2.86,0.86,0,49,9,1
1659,1,0,1,1,0,23,0,1
1659,2,1,2,1,0,24,1,1
1659,3,2,3,1,0,25,2,1
1659,4,3,4,1,0,26,3,1
1659,5,4,4.621,0.621,0,27,4,1
1660,1,0,1,1,0,49,3,1
1660,2,1,2,1,0,50,4,1
1660,3,2,3,1,0,51,5,1
1660,4,3,4,1,0,52,6,1
1660,5,4,5,1,0,53,7,1
1660,6,5,6,1,0,54,8,1
1660,7,6,6.528,0.528,0,55,9,1
1661,1,0,1,1,2,18,6,1
1661,2,1,2,1,0,19,7,1
1661,3,2,3,1,1,20,8,1
1661,4,3,4,1,1,21,9,1
1661,5,4,4.024,0.024,0,22,10,1
1662,1,0,1,1,0,62,0,1
1662,2,1,1.209,0.209,0,63,1,1
1663,1,0,1,1,0,27,12,1
1663,2,1,2,1,0,28,13,1
1663,3,2,3,1,0,29,14,1
1663,4,3,4,1,0,30,15,1
1663,5,4,5,1,0,31,16,1
1663,6,5,5.799,0.799,0,32,17,1
1664,1,0,1,1,0,46,10,1
1664,2,1,2,1,0,47,11,1
1664,3,2,3,1,0,48,12,1
1664,4,3,4,1,0,49,13,1
1664,5,4,5,1,0,50,14,1
1664,6,5,5.337,0.337,0,51,15,1
1665,1,0,1,1,0,52,13,1
1665,2,1,2,1,0,53,14,1
1665,3,2,3,1,0,54,15,1
1665,4,3,4,1,1,55,16,1
1665,5,4,4.244,0.244,0,56,17,1
1666,1,0,1,1,2,44,2,1
1666,2,1,1.856,0.856,0,45,3,1
1667,1,0,1,1,0,30,2,1
1667,2,1,2,1,0,31,3,1
1667,3,2,3,1,1,32,4,1
1667,4,3,3.536,0.536,0,33,5,1
1668,1,0,1,1,0,43,6,1
1668,2,1,2,1,0,44,7,1
1668,3,2,3,1,0,45,8,1
1668,4,3,4,1,0,46,9,1
1668,5,4,5,1,0,47,10,1
1668,6,5,6,1,0,48,11,1
1668,7,6,7,1,0,49,12,1
1668,8,7,7.125,0.125,0,50,13,1
1669,1,0,1,1,0,39,11,1
1669,2,1,2,1,0,40,12,1
1669,3,2,3,1,0,41,13,1
1669,4,3,4,1,0,42,14,1
1669,5,4,5,1,0,43,15,1
1669,6,5,6,1,0,44,16,1
1669,7,6,7,1,0,45,17,1
1669,8,7,7.845,0.845,0,46,18,1
1670,1,0,1,1,0,21,7,1
1670,2,1,2,1,0,22,8,1
1670,3,2,3,1,0,23,9,1
1670,4,3,4,1,0,24,10,1
1670,5,4,5,1,0,25,11,1
1670,6,5,6,1,0,26,12,1
1670,7,6,7,1,0,27,13,1
1670,8,7,7.041,0.041,0,28,14,1
1671,1,0,1,1,0,64,11,1
1671,2,1,2,1,0,65,12,1
1671,3,2,3,1,0,66,13,1
1671,4,3,4,1,0,67,14,1
1671,5,4,5,1,0,68,15,1
1671,6,5,6,1,0,69,16,1
1671,7,6,7,1,1,70,17,1
1671,8,7,8,1,0,71,18,1
1671,9,8,9,1,0,72,19,1
1671,10,9,9.827,0.827,0,73,20,1
1672,1,0,1,1,0,48,14,1
1672,2,1,2,1,1,49,15,1
1672,3,2,3,1,0,50,16,1
1672,4,3,4,1,0,51,17,1
1672,5,4,4.707,0.707,0,52,18,1
1673,1,0,1,1,0,60,9,1
1673,2,1,2,1,1,61,10,1
1673,3,2,3,1,0,62,11,1
1673,4,3,4,1,1,63,12,1
1673,5,4,5,1,1,64,13,1
1673,6,5,6,1,1,65,14,1
1673,7,6,7,1,0,66,15,1
1673,8,7,7.307,0.307,0,67,16,1
1674,1,0,1,1,0,44,5,1
1674,2,1,1.786,0.786,0,45,6,1
1675,1,0,1,1,0,39,23,1
1675,2,1,2,1,0,40,24,1
1675,3,2,2.223,0.223,0,41,25,1
1676,1,0,1,1,0,46,8,1
1676,2,1,2,1,0,47,9,1
1676,3,2,3,1,0,48,10,1
1676,4,3,4,1,0,49,11,1
1676,5,4,5,1,0,50,12,1
1676,6,5,5.231,0.231,0,51,13,1
1677,1,0,1,1,0,35,6,1
1677,2,1,1.577,0.577,0,36,7,1
1678,1,0,1,1,0,35,15,1
1678,2,1,2,1,0,36,16,1
1678,3,2,2.543,0.543,0,37,17,1
1679,1,0,1,1,0,34,6,1
1679,2,1,2,1,1,35,7,1
1679,3,2,3,1,0,36,8,1
1679,4,3,4,1,0,37,9,1
1679,5,4,4.233,0.233,0,38,10,1
1680,1,0,1,1,1,56,12,1
1680,2,1,2,1,1,57,13,1
1680,3,2,3,1,0,58,14,1
1680,4,3,4,1,0,59,15,1
1680,5,4,4.501,0.501,0,60,16,1
1681,1,0,1,1,0,33,6,1
1681,2,1,2,1,0,34,7,1
1681,3,2,2.031,0.031,0,35,8,1
1682,1,0,1,1,0,18,15,1
1682,2,1,2,1,0,19,16,1
1682,3,2,3,1,0,20,17,1
1682,4,3,3.457,0.457,0,21,18,1
1683,1,0,1,1,0,27,11,1
1683,2,1,1.815,0.815,0,28,12,1
1684,1,0,1,1,0,47,7,1
1684,2,1,1.248,0.248,0,48,8,1
1685,1,0,1,1,0,68,10,1
1685,2,1,2,1,0,69,11,1
1685,3,2,3,1,0,70,12,1
1685,4,3,4,1,0,71,13,1
1685,5,4,5,1,0,72,14,1
1685,6,5,6,1,0,73,15,1
1685,7,6,6.989,0.989,0,74,16,1
1686,1,0,1,1,0,18,8,1
1686,2,1,2,1,1,19,9,1
1686,3,2,3,1,1,20,10,1
1686,4,3,3.668,0.668,1,21,11,1
1687,1,0,1,1,2,75,5,1
1687,2,1,2,1,0,76,6,1
1687,3,2,3,1,1,77,7,1
1687,4,3,4,1,2,78,8,1
1687,5,4,4.601,0.601,0,79,9,1
1688,1,0,1,1,0,36,7,1
1688,2,1,2,1,0,37,8,1
1688,3,2,3,1,0,38,9,1
1688,4,3,4,1,0,39,10,1
1688,5,4,4.893,0.893,0,40,11,1
1689,1,0,1,1,0,63,8,1
1689,2,1,1.746,0.746,0,64,9,1
1690,1,0,1,1,0,38,10,1
1690,2,1,2,1,0,39,11,1
1690,3,2,3,1,0,40,12,1
1690,4,3,4,1,0,41,13,1
1690,5,4,5,1,0,42,14,1
1690,6,5,5.051,0.051,0,43,15,1
1691,1,0,1,1,0,59,0,1
1691,2,1,1.912,0.912,0,60,1,1
1692,1,0,1,1,0,41,7,1
1692,2,1,1.048,0.048,0,42,8,1
1693,1,0,1,1,0,35,11,1
1693,2,1,2,1,0,36,12,1
1693,3,2,2.668,0.668,1,37,13,1
1694,1,0,1,1,0,43,7,1
1694,2,1,1.552,0.552,0,44,8,1
1695,1,0,1,1,0,76,18,1
1695,2,1,2,1,0,77,19,1
1695,3,2,3,1,0,78,20,1
1695,4,3,4,1,0,79,21,1
1695,5,4,5,1,1,80,22,1
1695,6,5,6,1,0,81,23,1
1695,7,6,7,1,0,82,24,1
1695,8,7,7.023,0.023,0,83,25,1
1696,1,0,1,1,0,36,13,1
1696,2,1,2,1,0,37,14,1
1696,3,2,3,1,0,38,15,1
1696,4,3,4,1,0,39,16,1
1696,5,4,5,1,0,40,17,1
1696,6,5,5.794,0.794,0,41,18,1
1697,1,0,1,1,0,53,0,1
1697,2,1,1.501,0.501,0,54,1,1
1698,1,0,1,1,0,45,11,1
1698,2,1,2,1,0,46,12,1
1698,3,2,3,1,0,47,13,1
1698,4,3,3.609,0.609,0,48,14,1
1699,1,0,1,1,0,46,4,1
1699,2,1,1.891,0.891,1,47,5,1
1700,1,0,1,1,0,68,7,1
1700,2,1,2,1,0,69,8,1
1700,3,2,3,1,0,70,9,1
1700,4,3,4,1,0,71,10,1
1700,5,4,5,1,0,72,11,1
1700,6,5,6,1,0,73,12,1
1700,7,6,6.973,0.973,0,74,13,1
1701,1,0,1,1,0,29,15,1
1701,2,1,1.828,0.828,0,30,16,1
1702,1,0,1,1,3,21,7,1
1702,2,1,2,1,1,22,8,1
1702,3,2,3,1,0,23,9,1
1702,4,3,3.962,0.962,0,24,10,1
1703,1,0,1,1,0,47,5,1
1703,2,1,2,1,1,48,6,1
1703,3,2,3,1,1,49,7,1
1703,4,3,4,1,0,50,8,1
1703,5,4,4.001,0.001,0,51,9,1
1704,1,0,1,1,0,74,4,1
1704,2,1,2,1,0,75,5,1
1704,3,2,2.419,0.419,0,76,6,1
1705,1,0,1,1,0,38,6,1
1705,2,1,1.522,0.522,0,39,7,1
1706,1,0,1,1,0,51,5,1
1706,2,1,1.857,0.857,0,52,6,1
1707,1,0,1,1,0,41,3,1
1707,2,1,2,1,0,42,4,1
1707,3,2,3,1,0,43,5,1
1707,4,3,4,1,0,44,6,1
1707,5,4,5,1,0,45,7,1
1707,6,5,6,1,0,46,8,1
1707,7,6,7,1,0,47,9,1
1707,8,7,7.775,0.775,0,48,10,1
1708,1,0,1,1,0,56,2,1
1708,2,1,2,1,0,57,3,1
1708,3,2,2.347,0.347,0,58,4,1
1709,1,0,1,1,0,59,3,1
1709,2,1,2,1,0,60,4,1
1709,3,2,3,1,0,61,5,1
1709,4,3,4,1,0,62,6,1
1709,5,4,5,1,0,63,7,1
1709,6,5,5.096,0.096,0,64,8,1
1710,1,0,1,1,0,55,12,1
1710,2,1,2,1,0,56,13,1
1710,3,2,3,1,0,57,14,1
1710,4,3,4,1,0,58,15,1
1710,5,4,5,1,0,59,16,1
1710,6,5,6,1,0,60,17,1
1710,7,6,6.555,0.555,0,61,18,1
1711,1,0,1,1,0,47,5,1
1711,2,1,2,1,0,48,6,1
1711,3,2,3,1,0,49,7,1
1711,4,3,4,1,0,50,8,1
1711,5,4,5,1,0,51,9,1
1711,6,5,5.946,0.946,0,52,10,1
1712,1,0,1,1,0,49,8,1
1712,2,1,2,1,0,50,9,1
1712,3,2,3,1,0,51,10,1
1712,4,3,4,1,0,52,11,1
1712,5,4,5,1,0,53,12,1
1712,6,5,6,1,0,54,13,1
1712,7,6,7,1,0,55,14,1
1712,8,7,7.706,0.706,0,56,15,1
1713,1,0,1,1,0,68,3,1
1713,2,1,2,1,0,69,4,1
1713,3,2,3,1,0,70,5,1
1713,4,3,4,1,0,71,6,1
1713,5,4,5,1,0,72,7,1
1713,6,5,6,1,0,73,8,1
1713,7,6,7,1,0,74,9,1
1713,8,7,7.591,0.591,0,75,10,1
1714,1,0,1,1,0,34,6,1
1714,2,1,2,1,0,35,7,1
1714,3,2,3,1,0,36,8,1
1714,4,3,4,1,0,37,9,1
1714,5,4,5,1,0,38,10,1
1714,6,5,6,1,0,39,11,1
1714,7,6,7,1,1,40,12,1
1714,8,7,8,1,1,41,13,1
1714,9,8,8.476,0.476,0,42,14,1
1715,1,0,1,1,1,43,7,1
1715,2,1,2,1,0,44,8,1
1715,3,2,2.706,0.706,0,45,9,1
1716,1,0,0.409,0.409,0,38,10,1
1717,1,0,1,1,0,45,0,1
1717,2,1,2,1,0,46,1,1
1717,3,2,3,1,0,47,2,1
1717,4,3,3.09,0.09,0,48,3,1
1718,1,0,1,1,0,29,4,1
1718,2,1,2,1,0,30,5,1
1718,3,2,2.06,0.06,0,31,6,1
1719,1,0,0.985,0.985,0,49,8,1
1720,1,0,0.572,0.572,0,42,8,1
1721,1,0,1,1,0,46,7,1
1721,2,1,2,1,1,47,8,1
1721,3,2,3,1,0,48,9,1
1721,4,3,4,1,0,49,10,1
1721,5,4,5,1,1,50,11,1
1721,6,5,6,1,1,51,12,1
1721,7,6,6.515,0.515,0,52,13,1
1722,1,0,1,1,0,67,9,1
1722,2,1,1.616,0.616,0,68,10,1
1723,1,0,1,1,0,34,10,1
1723,2,1,2,1,0,35,11,1
1723,3,2,3,1,0,36,12,1
1723,4,3,4,1,1,37,13,1
1723,5,4,5,1,0,38,14,1
1723,6,5,6,1,0,39,15,1
1723,7,6,7,1,0,40,16,1
1723,8,7,8,1,0,41,17,1
1723,9,8,9,1,0,42,18,1
1723,10,9,9.697,0.697,0,43,19,1
1724,1,0,1,1,0,57,7,1
1724,2,1,2,1,0,58,8,1
1724,3,2,3,1,0,59,9,1
1724,4,3,4,1,0,60,10,1
1724,5,4,5,1,0,61,11,1
1724,6,5,5.694,0.694,0,62,12,1
1725,1,0,1,1,0,75,2,1
1725,2,1,2,1,0,76,3,1
1725,3,2,3,1,0,77,4,1
1725,4,3,4,1,0,78,5,1
1725,5,4,4.363,0.363,0,79,6,1
1726,1,0,1,1,0,57,14,1
1726,2,1,2,1,0,58,15,1
1726,3,2,2.512,0.512,1,59,16,1
1727,1,0,1,1,0,27,4,1
1727,2,1,2,1,0,28,5,1
1727,3,2,2.52,0.52,0,29,6,1
1728,1,0,1,1,0,28,5,1
1728,2,1,2,1,0,29,6,1
1728,3,2,3,1,0,30,7,1
1728,4,3,4,1,0,31,8,1
1728,5,4,5,1,0,32,9,1
1728,6,5,6,1,0,33,10,1
1728,7,6,7,1,0,34,11,1
1728,8,7,8,1,0,35,12,1
1728,9,8,8.442,0.442,0,36,13,1
1729,1,0,1,1,0,55,5,1
1729,2,1,2,1,0,56,6,1
1729,3,2,3,1,1,57,7,1
1729,4,3,4,1,0,58,8,1
1729,5,4,5,1,0,59,9,1
1729,6,5,6,1,0,60,10,1
1729,7,6,7,1,0,61,11,1
1729,8,7,8,1,0,62,12,1
1729,9,8,8.394,0.394,0,63,13,1
1730,1,0,1,1,0,74,13,1
1730,2,1,2,1,0,75,14,1
1730,3,2,3,1,0,76,15,1
1730,4,3,3.551,0.551,0,77,16,1
1731,1,0,1,1,0,43,18,1
1731,2,1,2,1,0,44,19,1
1731,3,2,2.739,0.739,0,45,20,1
1732,1,0,1,1,0,37,7,1
1732,2,1,2,1,0,38,8,1
1732,3,2,3,1,1,39,9,1
1732,4,3,4,1,2,40,10,1
1732,5,4,5,1,0,41,11,1
1732,6,5,6,1,0,42,12,1
1732,7,6,6.598,0.598,1,43,13,1
1733,1,0,1,1,0,62,8,1
1733,2,1,1.725,0.725,0,63,9,1
1734,1,0,1,1,0,43,9,1
1734,2,1,2,1,0,44,10,1
1734,3,2,3,1,0,45,11,1
1734,4,3,4,1,0,46,12,1
1734,5,4,4.596,0.596,0,47,13,1
1735,1,0,1,1,0,23,4,1
1735,2,1,2,1,0,24,5,1
1735,3,2,3,1,0,25,6,1
1735,4,3,3.04,0.04,0,26,7,1
1736,1,0,1,1,0,33,8,1
1736,2,1,2,1,0,34,9,1
1736,3,2,3,1,0,35,10,1
1736,4,3,4,1,0,36,11,1
1736,5,4,5,1,1,37,12,1
1736,6,5,6,1,0,38,13,1
1736,7,6,6.324,0.324,0,39,14,1
1737,1,0,1,1,0,56,4,1
1737,2,1,2,1,0,57,5,1
1737,3,2,3,1,0,58,6,1
1737,4,3,4,1,0,59,7,1
1737,5,4,4.133,0.133,0,60,8,1
1738,1,0,1,1,0,55,4,1
1738,2,1,2,1,2,56,5,1
1738,3,2,2.557,0.557,2,57,6,1
1739,1,0,1,1,1,48,11,1
1739,2,1,2,1,0,49,12,1
1739,3,2,3,1,0,50,13,1
1739,4,3,3.194,0.194,0,51,14,1
1740,1,0,1,1,0,59,10,1
1740,2,1,2,1,0,60,11,1
1740,3,2,3,1,0,61,12,1
1740,4,3,4,1,0,62,13,1
1740,5,4,5,1,0,63,14,1
1740,6,5,6,1,0,64,15,1
1740,7,6,7,1,0,65,16,1
1740,8,7,8,1,0,66,17,1
1740,9,8,9,1,0,67,18,1
1740,10,9,9.642,0.642,0,68,19,1
1741,1,0,1,1,0,18,13,1
1741,2,1,2,1,0,19,14,1
1741,3,2,3,1,0,20,15,1
1741,4,3,3.046,0.046,0,21,16,1
1742,1,0,1,1,0,33,1,1
1742,2,1,2,1,0,34,2,1
1742,3,2,3,1,0,35,3,1
1742,4,3,3.325,0.325,0,36,4,1
1743,1,0,1,1,0,43,12,1
1743,2,1,2,1,0,44,13,1
1743,3,2,2.322,0.322,0,45,14,1
1744,1,0,1,1,0,72,3,1
1744,2,1,1.761,0.761,0,73,4,1
1745,1,0,1,1,0,36,5,1
1745,2,1,1.044,0.044,0,37,6,1
1746,1,0,1,1,0,71,6,1
1746,2,1,2,1,0,72,7,1
1746,3,2,3,1,0,73,8,1
1746,4,3,3.783,0.783,0,74,9,1
1747,1,0,1,1,0,39,6,1
1747,2,1,2,1,1,40,7,1
1747,3,2,3,1,0,41,8,1
1747,4,3,4,1,0,42,9,1
1747,5,4,4.664,0.664,0,43,10,1
1748,1,0,1,1,0,40,17,1
1748,2,1,2,1,0,41,18,1
1748,3,2,3,1,0,42,19,1
1748,4,3,4,1,0,43,20,1
1748,5,4,5,1,0,44,21,1
1748,6,5,5.552,0.552,0,45,22,1
1749,1,0,1,1,0,84,10,1
1749,2,1,2,1,0,85,11,1
1749,3,2,3,1,0,86,12,1
1749,4,3,3.522,0.522,0,87,13,1
1750,1,0,1,1,0,58,10,1
1750,2,1,2,1,0,59,11,1
1750,3,2,2.538,0.538,0,60,12,1
1751,1,0,1,1,0,24,11,1
1751,2,1,2,1,0,25,12,1
1751,3,2,2.856,0.856,1,26,13,1
1752,1,0,1,1,0,41,6,1
1752,2,1,1.318,0.318,0,42,7,1
1753,1,0,1,1,0,28,16,1
1753,2,1,2,1,0,29,17,1
1753,3,2,3,1,0,30,18,1
1753,4,3,4,1,0,31,19,1
1753,5,4,5,1,0,32,20,1
1753,6,5,6,1,0,33,21,1
1753,7,6,7,1,0,34,22,1
1753,8,7,8,1,0,35,23,1
1753,9,8,8.012,0.012,0,36,24,1
1754,1,0,1,1,0,55,2,1
1754,2,1,1.439,0.439,0,56,3,1
1755,1,0,1,1,0,37,10,1
1755,2,1,2,1,0,38,11,1
1755,3,2,3,1,0,39,12,1
1755,4,3,4,1,0,40,13,1
1755,5,4,5,1,0,41,14,1
1755,6,5,6,1,0,42,15,1
1755,7,6,7,1,0,43,16,1
1755,8,7,7.976,0.976,0,44,17,1
1756,1,0,1,1,0,38,7,1
1756,2,1,2,1,0,39,8,1
1756,3,2,3,1,0,40,9,1
1756,4,3,4,1,0,41,10,1
1756,5,4,5,1,0,42,11,1
1756,6,5,6,1,0,43,12,1
1756,7,6,7,1,0,44,13,1
1756,8,7,7.34,0.34,0,45,14,1
1757,1,0,1,1,3,42,5,1
1757,2,1,2,1,1,43,6,1
1757,3,2,3,1,0,44,7,1
1757,4,3,4,1,0,45,8,1
1757,5,4,5,1,0,46,9,1
1757,6,5,5.02,0.02,0,47,10,1
1758,1,0,1,1,1,27,4,1
1758,2,1,2,1,1,28,5,1
1758,3,2,2.254,0.254,0,29,6,1
1759,1,0,1,1,0,55,1,1
1759,2,1,2,1,0,56,2,1
1759,3,2,3,1,0,57,3,1
1759,4,3,3.016,0.016,0,58,4,1
1760,1,0,1,1,0,25,4,1
1760,2,1,2,1,0,26,5,1
1760,3,2,2.791,0.791,0,27,6,1
1761,1,0,1,1,0,42,17,1
1761,2,1,1.107,0.107,0,43,18,1
1762,1,0,1,1,2,46,11,1
1762,2,1,2,1,0,47,12,1
1762,3,2,2.904,0.904,0,48,13,1
1763,1,0,1,1,0,78,7,1
1763,2,1,2,1,0,79,8,1
1763,3,2,3,1,0,80,9,1
1763,4,3,4,1,0,81,10,1
1763,5,4,5,1,0,82,11,1
1763,6,5,6,1,0,83,12,1
1763,7,6,7,1,0,84,13,1
1763,8,7,7.862,0.862,0,85,14,1
1764,1,0,1,1,1,25,6,1
1764,2,1,2,1,1,26,7,1
1764,3,2,3,1,2,27,8,1
1764,4,3,4,1,1,28,9,1
1764,5,4,5,1,1,29,10,1
1764,6,5,6,1,1,30,11,1
1764,7,6,6.496,0.496,0,31,12,1
1765,1,0,1,1,0,41,5,1
1765,2,1,2,1,0,42,6,1
1765,3,2,3,1,0,43,7,1
1765,4,3,4,1,0,44,8,1
1765,5,4,4.386,0.386,0,45,9,1
1766,1,0,1,1,0,40,11,1
1766,2,1,2,1,0,41,12,1
1766,3,2,3,1,0,42,13,1
1766,4,3,3.363,0.363,0,43,14,1
1767,1,0,1,1,0,31,4,1
1767,2,1,2,1,0,32,5,1
1767,3,2,3,1,0,33,6,1
1767,4,3,3.525,0.525,0,34,7,1
1768,1,0,1,1,0,49,8,1
1768,2,1,2,1,0,50,9,1
1768,3,2,2.122,0.122,0,51,10,1
1769,1,0,1,1,1,78,12,1
1769,2,1,2,1,1,79,13,1
1769,3,2,3,1,0,80,14,1
1769,4,3,3.267,0.267,0,81,15,1
1770,1,0,1,1,0,47,7,1
1770,2,1,2,1,0,48,8,1
1770,3,2,3,1,1,49,9,1
1770,4,3,4,1,0,50,10,1
1770,5,4,5,1,1,51,11,1
1770,6,5,5.105,0.105,0,52,12,1
1771,1,0,1,1,0,54,13,1
1771,2,1,2,1,0,55,14,1
1771,3,2,3,1,0,56,15,1
1771,4,3,4,1,0,57,16,1
1771,5,4,4.166,0.166,0,58,17,1
1772,1,0,1,1,0,18,14,1
1772,2,1,2,1,0,19,15,1
1772,3,2,2.328,0.328,0,20,16,1
1773,1,0,1,1,0,43,9,1
1773,2,1,2,1,0,44,10,1
1773,3,2,3,1,0,45,11,1
1773,4,3,3.904,0.904,0,46,12,1
1774,1,0,1,1,1,38,5,1
1774,2,1,1.115,0.115,0,39,6,1
1775,1,0,1,1,0,46,10,1
1775,2,1,2,1,0,47,11,1
1775,3,2,3,1,0,48,12,1
1775,4,3,4,1,0,49,13,1
1775,5,4,5,1,0,50,14,1
1775,6,5,5.988,0.988,0,51,15,1
1776,1,0,1,1,0,26,0,1
1776,2,1,2,1,1,27,1,1
1776,3,2,3,1,1,28,2,1
1776,4,3,4,1,0,29,3,1
1776,5,4,5,1,0,30,4,1
1776,6,5,6,1,1,31,5,1
1776,7,6,7,1,0,32,6,1
1776,8,7,7.878,0.878,0,33,7,1
1777,1,0,1,1,0,51,10,1
1777,2,1,2,1,0,52,11,1
1777,3,2,3,1,0,53,12,1
1777,4,3,4,1,0,54,13,1
1777,5,4,5,1,0,55,14,1
1777,6,5,5.733,0.733,0,56,15,1
1778,1,0,1,1,0,45,7,1
1778,2,1,1.03,0.03,0,46,8,1
1779,1,0,1,1,2,37,3,1
1779,2,1,2,1,2,38,4,1
1779,3,2,3,1,0,39,5,1
1779,4,3,4,1,0,40,6,1
1779,5,4,5,1,0,41,7,1
1779,6,5,6,1,1,42,8,1
1779,7,6,7,1,1,43,9,1
1779,8,7,7.983,0.983,0,44,10,1
1780,1,0,1,1,0,74,13,1
1780,2,1,2,1,0,75,14,1
1780,3,2,3,1,0,76,15,1
1780,4,3,4,1,0,77,16,1
1780,5,4,5,1,1,78,17,1
1780,6,5,6,1,0,79,18,1
1780,7,6,6.201,0.201,0,80,19,1
1781,1,0,1,1,1,32,9,1
1781,2,1,2,1,1,33,10,1
1781,3,2,2.466,0.466,0,34,11,1
1782,1,0,1,1,0,48,20,1
1782,2,1,2,1,0,49,21,1
1782,3,2,2.926,0.926,0,50,22,1
1783,1,0,1,1,0,57,4,1
1783,2,1,2,1,0,58,5,1
1783,3,2,2.485,0.485,0,59,6,1
1784,1,0,1,1,0,47,9,1
1784,2,1,2,1,0,48,10,1
1784,3,2,3,1,0,49,11,1
1784,4,3,3.304,0.304,0,50,12,1
1785,1,0,1,1,0,68,13,1
1785,2,1,1.256,0.256,0,69,14,1
1786,1,0,1,1,0,46,5,1
1786,2,1,2,1,0,47,6,1
1786,3,2,3,1,0,48,7,1
1786,4,3,4,1,0,49,8,1
1786,5,4,5,1,0,50,9,1
1786,6,5,6,1,1,51,10,1
1786,7,6,6.094,0.094,0,52,11,1
1787,1,0,0.449,0.449,0,64,14,1
1788,1,0,1,1,0,47,12,1
1788,2,1,1.448,0.448,0,48,13,1
1789,1,0,1,1,1,52,6,1
1789,2,1,2,1,0,53,7,1
1789,3,2,3,1,0,54,8,1
1789,4,3,3.422,0.422,0,55,9,1
1790,1,0,1,1,1,49,7,1
1790,2,1,2,1,0,50,8,1
1790,3,2,3,1,0,51,9,1
1790,4,3,4,1,0,52,10,1
1790,5,4,5,1,0,53,11,1
1790,6,5,5.457,0.457,0,54,12,1
1791,1,0,1,1,0,69,9,1
1791,2,1,1.003,0.003,0,70,10,1
1792,1,0,1,1,0,69,9,1
1792,2,1,2,1,0,70,10,1
1792,3,2,3,1,0,71,11,1
1792,4,3,4,1,0,72,12,1
1792,5,4,4.358,0.358,0,73,13,1
1793,1,0,1,1,0,64,4,1
1793,2,1,2,1,0,65,5,1
1793,3,2,3,1,0,66,6,1
1793,4,3,4,1,0,67,7,1
1793,5,4,5,1,0,68,8,1
1793,6,5,6,1,0,69,9,1
1793,7,6,7,1,0,70,10,1
1793,8,7,7.449,0.449,0,71,11,1
1794,1,0,1,1,0,55,12,1
1794,2,1,2,1,0,56,13,1
1794,3,2,2.122,0.122,0,57,14,1
1795,1,0,1,1,0,27,13,1
1795,2,1,2,1,1,28,14,1
1795,3,2,3,1,0,29,15,1
1795,4,3,4,1,0,30,16,1
1795,5,4,4.173,0.173,0,31,17,1
1796,1,0,1,1,0,37,4,1
1796,2,1,2,1,0,38,5,1
1796,3,2,3,1,0,39,6,1
1796,4,3,4,1,0,40,7,1
1796,5,4,5,1,0,41,8,1
1796,6,5,6,1,0,42,9,1
1796,7,6,7,1,0,43,10,1
1796,8,7,8,1,0,44,11,1
1796,9,8,8.398,0.398,0,45,12,1
1797,1,0,1,1,0,63,22,1
1797,2,1,2,1,0,64,23,1
1797,3,2,3,1,0,65,24,1
1797,4,3,4,1,0,66,25,1
1797,5,4,5,1,0,67,26,1
1797,6,5,6,1,0,68,27,1
1797,7,6,7,1,0,69,28,1
1797,8,7,8,1,0,70,29,1
1797,9,8,9,1,0,71,30,1
1797,10,9,9.727,0.727,0,72,31,1
1798,1,0,1,1,0,52,1,1
1798,2,1,2,1,0,53,2,1
1798,3,2,2.468,0.468,0,54,3,1
1799,1,0,1,1,0,47,15,1
1799,2,1,2,1,0,48,16,1
1799,3,2,2.989,0.989,1,49,17,1
1800,1,0,1,1,0,49,13,1
1800,2,1,2,1,0,50,14,1
1800,3,2,2.818,0.818,0,51,15,1
1801,1,0,1,1,1,18,11,1
1801,2,1,2,1,2,19,12,1
1801,3,2,3,1,1,20,13,1
1801,4,3,3.216,0.216,0,21,14,1
1802,1,0,1,1,0,39,8,1
1802,2,1,2,1,1,40,9,1
1802,3,2,3,1,2,41,10,1
1802,4,3,4,1,0,42,11,1
1802,5,4,4.482,0.482,0,43,12,1
1803,1,0,1,1,0,47,4,1
1803,2,1,2,1,0,48,5,1
1803,3,2,2.617,0.617,0,49,6,1
1804,1,0,1,1,0,18,11,1
1804,2,1,2,1,1,19,12,1
1804,3,2,3,1,0,20,13,1
1804,4,3,4,1,0,21,14,1
1804,5,4,5,1,0,22,15,1
1804,6,5,6,1,1,23,16,1
1804,7,6,7,1,1,24,17,1
1804,8,7,7.137,0.137,0,25,18,1
1805,1,0,1,1,0,51,10,1
1805,2,1,2,1,0,52,11,1
1805,3,2,3,1,0,53,12,1
1805,4,3,4,1,0,54,13,1
1805,5,4,5,1,0,55,14,1
1805,6,5,5.431,0.431,0,56,15,1
1806,1,0,1,1,0,73,7,1
1806,2,1,2,1,0,74,8,1
1806,3,2,3,1,0,75,9,1
1806,4,3,4,1,1,76,10,1
1806,5,4,4.28,0.28,0,77,11,1
1807,1,0,1,1,0,39,11,1
1807,2,1,2,1,0,40,12,1
1807,3,2,2.876,0.876,0,41,13,1
1808,1,0,1,1,2,52,10,1
1808,2,1,2,1,1,53,11,1
1808,3,2,3,1,1,54,12,1
1808,4,3,3.1,0.1,0,55,13,1
1809,1,0,1,1,0,40,0,1
1809,2,1,2,1,0,41,1,1
1809,3,2,3,1,0,42,2,1
1809,4,3,3.368,0.368,0,43,3,1
1810,1,0,1,1,0,57,11,1
1810,2,1,2,1,0,58,12,1
1810,3,2,3,1,0,59,13,1
1810,4,3,4,1,0,60,14,1
1810,5,4,5,1,0,61,15,1
1810,6,5,6,1,0,62,16,1
1810,7,6,7,1,0,63,17,1
1810,8,7,7.247,0.247,0,64,18,1
1811,1,0,1,1,0,55,14,1
1811,2,1,2,1,0,56,15,1
1811,3,2,3,1,1,57,16,1
1811,4,3,4,1,0,58,17,1
1811,5,4,5,1,0,59,18,1
1811,6,5,6,1,0,60,19,1
1811,7,6,7,1,0,61,20,1
1811,8,7,8,1,0,62,21,1
1811,9,8,8.456,0.456,1,63,22,1
1812,1,0,1,1,1,74,10,1
1812,2,1,2,1,0,75,11,1
1812,3,2,3,1,0,76,12,1
1812,4,3,4,1,0,77,13,1
1812,5,4,5,1,0,78,14,1
1812,6,5,5.412,0.412,0,79,15,1
1813,1,0,1,1,0,54,5,1
1813,2,1,2,1,0,55,6,1
1813,3,2,3,1,0,56,7,1
1813,4,3,4,1,0,57,8,1
1813,5,4,5,1,0,58,9,1
1813,6,5,6,1,0,59,10,1
1813,7,6,6.751,0.751,0,60,11,1
1814,1,0,1,1,0,51,12,1
1814,2,1,2,1,0,52,13,1
1814,3,2,3,1,0,53,14,1
1814,4,3,4,1,0,54,15,1
1814,5,4,5,1,0,55,16,1
1814,6,5,6,1,0,56,17,1
1814,7,6,7,1,0,57,18,1
1814,8,7,7.987,0.987,0,58,19,1
1815,1,0,1,1,0,42,0,1
1815,2,1,2,1,0,43,1,1
1815,3,2,2.685,0.685,0,44,2,1
1816,1,0,1,1,0,36,3,1
1816,2,1,2,1,0,37,4,1
1816,3,2,3,1,0,38,5,1
1816,4,3,3.602,0.602,0,39,6,1
1817,1,0,1,1,0,52,8,1
1817,2,1,2,1,0,53,9,1
1817,3,2,3,1,0,54,10,1
1817,4,3,3.763,0.763,0,55,11,1
1818,1,0,1,1,1,35,4,1
1818,2,1,1.623,0.623,0,36,5,1
1819,1,0,1,1,0,69,12,1
1819,2,1,2,1,1,70,13,1
1819,3,2,3,1,2,71,14,1
1819,4,3,4,1,0,72,15,1
1819,5,4,5,1,0,73,16,1
1819,6,5,6,1,1,74,17,1
1819,7,6,7,1,0,75,18,1
1819,8,7,8,1,0,76,19,1
1819,9,8,8.801,0.801,0,77,20,1
1820,1,0,1,1,0,51,13,1
1820,2,1,1.129,0.129,0,52,14,1
1821,1,0,1,1,0,46,3,1
1821,2,1,2,1,0,47,4,1
1821,3,2,2.238,0.238,0,48,5,1
1822,1,0,1,1,0,34,13,1
1822,2,1,2,1,1,35,14,1
1822,3,2,3,1,0,36,15,1
1822,4,3,4,1,0,37,16,1
1822,5,4,5,1,0,38,17,1
1822,6,5,6,1,0,39,18,1
1822,7,6,7,1,0,40,19,1
1822,8,7,8,1,1,41,20,1
1822,9,8,9,1,1,42,21,1
1822,10,9,9.185,0.185,0,43,22,1
1823,1,0,1,1,0,42,18,1
1823,2,1,1.433,0.433,0,43,19,1
1824,1,0,1,1,0,36,0,1
1824,2,1,2,1,0,37,1,1
1824,3,2,3,1,0,38,2,1
1824,4,3,3.57,0.57,0,39,3,1
1825,1,0,1,1,0,65,15,1
1825,2,1,2,1,0,66,16,1
1825,3,2,3,1,0,67,17,1
1825,4,3,4,1,0,68,18,1
1825,5,4,4.337,0.337,0,69,19,1
1826,1,0,1,1,1,43,15,1
1826,2,1,1.213,0.213,0,44,16,1
1827,1,0,1,1,0,45,17,1
1827,2,1,2,1,0,46,18,1
1827,3,2,3,1,0,47,19,1
1827,4,3,3.47,0.47,0,48,20,1
1828,1,0,1,1,0,64,2,1
1828,2,1,2,1,0,65,3,1
1828,3,2,2.556,0.556,0,66,4,1
1829,1,0,1,1,0,56,4,1
1829,2,1,2,1,0,57,5,1
1829,3,2,2.947,0.947,0,58,6,1
1830,1,0,1,1,0,18,4,1
1830,2,1,2,1,0,19,5,1
1830,3,2,2.649,0.649,0,20,6,1
1831,1,0,1,1,0,27,0,1
1831,2,1,1.396,0.396,0,28,1,1
1832,1,0,1,1,0,38,3,1
1832,2,1,2,1,0,39,4,1
1832,3,2,3,1,0,40,5,1
1832,4,3,4,1,0,41,6,1
1832,5,4,5,1,0,42,7,1
1832,6,5,6,1,1,43,8,1
1832,7,6,6.967,0.967,0,44,9,1
1833,1,0,1,1,0,54,3,1
1833,2,1,2,1,0,55,4,1
1833,3,2,3,1,0,56,5,1
1833,4,3,4,1,0,57,6,1
1833,5,4,4.903,0.903,0,58,7,1
1834,1,0,1,1,1,49,16,1
1834,2,1,2,1,0,50,17,1
1834,3,2,3,1,0,51,18,1
1834,4,3,4,1,0,52,19,1
1834,5,4,5,1,0,53,20,1
1834,6,5,5.016,0.016,0,54,21,1
1835,1,0,1,1,0,27,10,1
1835,2,1,2,1,0,28,11,1
1835,3,2,3,1,1,29,12,1
1835,4,3,4,1,0,30,13,1
1835,5,4,5,1,1,31,14,1
1835,6,5,6,1,0,32,15,1
1835,7,6,6.857,0.857,0,33,16,1
1836,1,0,1,1,0,46,9,1
1836,2,1,2,1,1,47,10,1
1836,3,2,3,1,0,48,11,1
1836,4,3,4,1,0,49,12,1
1836,5,4,4.814,0.814,0,50,13,1
1837,1,0,1,1,0,27,11,1
1837,2,1,2,1,1,28,12,1
1837,3,2,3,1,0,29,13,1
1837,4,3,4,1,0,30,14,1
1837,5,4,5,1,0,31,15,1
1837,6,5,6,1,0,32,16,1
1837,7,6,6.028,0.028,0,33,17,1
1838,1,0,1,1,0,46,14,1
1838,2,1,2,1,0,47,15,1
1838,3,2,2.846,0.846,0,48,16,1
1839,1,0,1,1,0,44,8,1
1839,2,1,2,1,0,45,9,1
1839,3,2,3,1,0,46,10,1
1839,4,3,4,1,0,47,11,1
1839,5,4,5,1,0,48,12,1
1839,6,5,6,1,0,49,13,1
1839,7,6,6.686,0.686,0,50,14,1
1840,1,0,1,1,0,66,0,1
1840,2,1,2,1,0,67,1,1
1840,3,2,2.365,0.365,0,68,2,1
1841,1,0,1,1,0,72,2,1
1841,2,1,2,1,0,73,3,1
1841,3,2,3,1,0,74,4,1
1841,4,3,4,1,0,75,5,1
1841,5,4,5,1,0,76,6,1
1841,6,5,6,1,0,77,7,1
1841,7,6,7,1,0,78,8,1
1841,8,7,8,1,0,79,9,1
1841,9,8,8.856,0.856,0,80,10,1
1842,1,0,1,1,0,51,1,1
1842,2,1,2,1,0,52,2,1
1842,3,2,3,1,0,53,3,1
1842,4,3,3.687,0.687,0,54,4,1
1843,1,0,1,1,0,45,3,1
1843,2,1,2,1,0,46,4,1
1843,3,2,3,1,0,47,5,1
1843,4,3,4,1,0,48,6,1
1843,5,4,5,1,0,49,7,1
1843,6,5,6,1,0,50,8,1
1843,7,6,7,1,0,51,9,1
1843,8,7,7.398,0.398,0,52,10,1
1844,1,0,1,1,0,53,4,1
1844,2,1,2,1,0,54,5,1
1844,3,2,3,1,0,55,6,1
1844,4,3,3.143,0.143,0,56,7,1
1845,1,0,1,1,0,47,14,1
1845,2,1,2,1,0,48,15,1
1845,3,2,3,1,0,49,16,1
1845,4,3,4,1,0,50,17,1
1845,5,4,5,1,0,51,18,1
1845,6,5,6,1,0,52,19,1
1845,7,6,7,1,0,53,20,1
1845,8,7,7.774,0.774,0,54,21,1
1846,1,0,1,1,0,20,9,1
1846,2,1,2,1,1,21,10,1
1846,3,2,3,1,0,22,11,1
1846,4,3,3.754,0.754,0,23,12,1
1847,1,0,1,1,0,47,9,1
1847,2,1,2,1,0,48,10,1
1847,3,2,2.508,0.508,0,49,11,1
1848,1,0,1,1,0,31,6,1
1848,2,1,2,1,0,32,7,1
1848,3,2,2.222,0.222,0,33,8,1
1849,1,0,1,1,0,39,10,1
1849,2,1,1.439,0.439,0,40,11,1
1850,1,0,1,1,0,59,6,1
1850,2,1,2,1,0,60,7,1
1850,3,2,2.222,0.222,0,61,8,1
1851,1,0,1,1,0,45,15,1
1851,2,1,2,1,0,46,16,1
1851,3,2,3,1,0,47,17,1
1851,4,3,3.871,0.871,0,48,18,1
1852,1,0,1,1,0,62,5,1
1852,2,1,2,1,0,63,6,1
1852,3,2,2.523,0.523,0,64,7,1
1853,1,0,1,1,0,45,12,1
1853,2,1,2,1,0,46,13,1
1853,3,2,3,1,0,47,14,1
1853,4,3,3.383,0.383,0,48,15,1
1854,1,0,1,1,0,35,8,1
1854,2,1,2,1,0,36,9,1
1854,3,2,2.131,0.131,0,37,10,1
1855,1,0,1,1,0,29,9,1
1855,2,1,2,1,0,30,10,1
1855,3,2,3,1,0,31,11,1
1855,4,3,4,1,0,32,12,1
1855,5,4,4.071,0.071,0,33,13,1
1856,1,0,1,1,0,46,8,1
1856,2,1,2,1,0,47,9,1
1856,3,2,3,1,0,48,10,1
1856,4,3,4,1,0,49,11,1
1856,5,4,4.451,0.451,0,50,12,1
1857,1,0,1,1,0,32,5,1
1857,2,1,2,1,0,33,6,1
1857,3,2,3,1,0,34,7,1
1857,4,3,4,1,0,35,8,1
1857,5,4,5,1,0,36,9,1
1857,6,5,5.84,0.84,0,37,10,1
1858,1,0,1,1,0,53,10,1
1858,2,1,2,1,0,54,11,1
1858,3,2,3,1,0,55,12,1
1858,4,3,4,1,0,56,13,1
1858,5,4,5,1,1,57,14,1
1858,6,5,6,1,0,58,15,1
1858,7,6,6.698,0.698,0,59,16,1
1859,1,0,1,1,0,24,18,1
1859,2,1,2,1,0,25,19,1
1859,3,2,3,1,0,26,20,1
1859,4,3,3.727,0.727,0,27,21,1
1860,1,0,1,1,0,52,14,1
1860,2,1,2,1,0,53,15,1
1860,3,2,3,1,0,54,16,1
1860,4,3,3.515,0.515,0,55,17,1
1861,1,0,1,1,0,62,7,1
1861,2,1,2,1,0,63,8,1
1861,3,2,3,1,0,64,9,1
1861,4,3,4,1,0,65,10,1
1861,5,4,4.283,0.283,0,66,11,1
1862,1,0,0.761,0.761,0,61,15,1
1863,1,0,1,1,0,44,5,1
1863,2,1,1.621,0.621,0,45,6,1
1864,1,0,1,1,0,57,7,1
1864,2,1,2,1,0,58,8,1
1864,3,2,3,1,0,59,9,1
1864,4,3,4,1,0,60,10,1
1864,5,4,4.505,0.505,0,61,11,1
1865,1,0,1,1,0,66,0,1
1865,2,1,1.815,0.815,0,67,1,1
1866,1,0,1,1,0,47,4,1
1866,2,1,2,1,0,48,5,1
1866,3,2,3,1,0,49,6,1
1866,4,3,3.506,0.506,1,50,7,1
1867,1,0,1,1,0,26,9,1
1867,2,1,2,1,0,27,10,1
1867,3,2,3,1,0,28,11,1
1867,4,3,3.739,0.739,0,29,12,1
1868,1,0,1,1,0,63,12,1
1868,2,1,2,1,0,64,13,1
1868,3,2,3,1,0,65,14,1
1868,4,3,4,1,0,66,15,1
1868,5,4,5,1,0,67,16,1
1868,6,5,6,1,0,68,17,1
1868,7,6,7,1,0,69,18,1
1868,8,7,7.405,0.405,0,70,19,1
1869,1,0,1,1,0,54,11,1
1869,2,1,2,1,0,55,12,1
1869,3,2,2.572,0.572,1,56,13,1
1870,1,0,0.894,0.894,0,44,8,1
1871,1,0,1,1,0,43,7,1
1871,2,1,1.564,0.564,0,44,8,1
1872,1,0,1,1,1,40,10,1
1872,2,1,1.916,0.916,0,41,11,1
1873,1,0,1,1,0,59,0,1
1873,2,1,2,1,0,60,1,1
1873,3,2,3,1,1,61,2,1
1873,4,3,3.28,0.28,0,62,3,1
1874,1,0,1,1,0,34,7,1
1874,2,1,1.409,0.409,0,35,8,1
1875,1,0,1,1,0,38,9,1
1875,2,1,2,1,0,39,10,1
1875,3,2,3,1,0,40,11,1
1875,4,3,3.271,0.271,0,41,12,1
1876,1,0,1,1,0,35,8,1
1876,2,1,2,1,0,36,9,1
1876,3,2,2.736,0.736,0,37,10,1
1877,1,0,1,1,0,56,12,1
1877,2,1,1.242,0.242,0,57,13,1
1878,1,0,1,1,0,23,7,1
1878,2,1,1.022,0.022,0,24,8,1
1879,1,0,1,1,0,42,9,1
1879,2,1,2,1,0,43,10,1
1879,3,2,3,1,0,44,11,1
1879,4,3,4,1,0,45,12,1
1879,5,4,5,1,0,46,13,1
1879,6,5,6,1,0,47,14,1
1879,7,6,7,1,0,48,15,1
1879,8,7,8,1,0,49,16,1
1879,9,8,8.412,0.412,0,50,17,1
1880,1,0,1,1,0,18,8,1
1880,2,1,2,1,0,19,9,1
1880,3,2,3,1,1,20,10,1
1880,4,3,3.79,0.79,0,21,11,1
1881,1,0,1,1,0,36,4,1
1881,2,1,2,1,0,37,5,1
1881,3,2,3,1,0,38,6,1
1881,4,3,4,1,0,39,7,1
1881,5,4,5,1,0,40,8,1
1881,6,5,6,1,0,41,9,1
1881,7,6,7,1,0,42,10,1
1881,8,7,8,1,0,43,11,1
1881,9,8,8.668,0.668,0,44,12,1
1882,1,0,1,1,0,41,3,1
1882,2,1,2,1,0,42,4,1
1882,3,2,2.722,0.722,0,43,5,1
1883,1,0,1,1,0,55,18,1
1883,2,1,2,1,0,56,19,1
1883,3,2,3,1,0,57,20,1
1883,4,3,3.205,0.205,0,58,21,1
1884,1,0,1,1,0,34,14,1
1884,2,1,2,1,1,35,15,1
1884,3,2,3,1,0,36,16,1
1884,4,3,4,1,0,37,17,1
1884,5,4,4.382,0.382,0,38,18,1
1885,1,0,1,1,0,39,11,1
1885,2,1,2,1,0,40,12,1
1885,3,2,3,1,0,41,13,1
1885,4,3,4,1,0,42,14,1
1885,5,4,5,1,0,43,15,1
1885,6,5,6,1,0,44,16,1
1885,7,6,6.48,0.48,0,45,17,1
1886,1,0,1,1,0,51,5,1
1886,2,1,2,1,0,52,6,1
1886,3,2,3,1,0,53,7,1
1886,4,3,4,1,0,54,8,1
1886,5,4,5,1,0,55,9,1
1886,6,5,6,1,0,56,10,1
1886,7,6,7,1,0,57,11,1
1886,8,7,8,1,0,58,12,1
1886,9,8,8.524,0.524,0,59,13,1
1887,1,0,1,1,1,20,10,1
1887,2,1,2,1,0,21,11,1
1887,3,2,3,1,0,22,12,1
1887,4,3,3.461,0.461,0,23,13,1
1888,1,0,1,1,0,54,20,1
1888,2,1,2,1,0,55,21,1
1888,3,2,3,1,0,56,22,1
1888,4,3,4,1,0,57,23,1
1888,5,4,5,1,0,58,24,1
1888,6,5,5.972,0.972,0,59,25,1
1889,1,0,1,1,1,64,10,1
1889,2,1,1.779,0.779,0,65,11,1
1890,1,0,1,1,0,43,2,1
1890,2,1,2,1,0,44,3,1
1890,3,2,3,1,0,45,4,1
1890,4,3,4,1,0,46,5,1
1890,5,4,5,1,0,47,6,1
1890,6,5,6,1,0,48,7,1
1890,7,6,6.674,0.674,0,49,8,1
1891,1,0,1,1,0,23,11,1
1891,2,1,2,1,0,24,12,1
1891,3,2,3,1,0,25,13,1
1891,4,3,4,1,0,26,14,1
1891,5,4,4.521,0.521,0,27,15,1
1892,1,0,1,1,0,39,9,1
1892,2,1,2,1,0,40,10,1
1892,3,2,3,1,0,41,11,1
1892,4,3,4,1,0,42,12,1
1892,5,4,4.031,0.031,0,43,13,1
1893,1,0,1,1,0,53,12,1
1893,2,1,1.09,0.09,0,54,13,1
1894,1,0,1,1,0,52,2,1
1894,2,1,2,1,0,53,3,1
1894,3,2,3,1,0,54,4,1
1894,4,3,4,1,0,55,5,1
1894,5,4,4.452,0.452,0,56,6,1
1895,1,0,1,1,0,26,13,1
1895,2,1,2,1,0,27,14,1
1895,3,2,3,1,0,28,15,1
1895,4,3,4,1,0,29,16,1
1895,5,4,5,1,0,30,17,1
1895,6,5,6,1,0,31,18,1
1895,7,6,7,1,0,32,19,1
1895,8,7,8,1,0,33,20,1
1895,9,8,8.732,0.732,0,34,21,1
1896,1,0,1,1,0,53,10,1
1896,2,1,2,1,0,54,11,1
1896,3,2,3,1,0,55,12,1
1896,4,3,3.34,0.34,0,56,13,1
1897,1,0,1,1,0,23,11,1
1897,2,1,2,1,0,24,12,1
1897,3,2,3,1,0,25,13,1
1897,4,3,3.699,0.699,0,26,14,1
1898,1,0,1,1,3,38,11,1
1898,2,1,1.944,0.944,1,39,12,1
1899,1,0,1,1,0,35,8,1
1899,2,1,2,1,0,36,9,1
1899,3,2,3,1,0,37,10,1
1899,4,3,4,1,0,38,11,1
1899,5,4,4.958,0.958,0,39,12,1
1900,1,0,1,1,0,44,2,1
1900,2,1,2,1,0,45,3,1
1900,3,2,3,1,1,46,4,1
1900,4,3,3.795,0.795,2,47,5,1
1901,1,0,0.612,0.612,0,25,4,1
1902,1,0,1,1,0,28,9,1
1902,2,1,2,1,0,29,10,1
1902,3,2,3,1,0,30,11,1
1902,4,3,3.71,0.71,0,31,12,1
1903,1,0,1,1,0,71,10,1
1903,2,1,2,1,0,72,11,1
1903,3,2,2.238,0.238,0,73,12,1
1904,1,0,1,1,0,28,2,1
1904,2,1,2,1,0,29,3,1
1904,3,2,3,1,0,30,4,1
1904,4,3,4,1,0,31,5,1
1904,5,4,5,1,1,32,6,1
1904,6,5,6,1,0,33,7,1
1904,7,6,7,1,0,34,8,1
1904,8,7,8,1,0,35,9,1
1904,9,8,8.466,0.466,0,36,10,1
1905,1,0,1,1,0,32,0,1
1905,2,1,2,1,0,33,1,1
1905,3,2,3,1,0,34,2,1
1905,4,3,3.524,0.524,0,35,3,1
1906,1,0,1,1,0,39,5,1
1906,2,1,2,1,0,40,6,1
1906,3,2,3,1,0,41,7,1
1906,4,3,4,1,0,42,8,1
1906,5,4,4.382,0.382,0,43,9,1
1907,1,0,1,1,0,50,4,1
1907,2,1,2,1,0,51,5,1
1907,3,2,3,1,0,52,6,1
1907,4,3,4,1,0,53,7,1
1907,5,4,5,1,0,54,8,1
1907,6,5,6,1,0,55,9,1
1907,7,6,7,1,0,56,10,1
1907,8,7,7.686,0.686,0,57,11,1
1908,1,0,1,1,0,56,17,1
1908,2,1,2,1,0,57,18,1
1908,3,2,2.614,0.614,0,58,19,1
1909,1,0,1,1,0,32,12,1
1909,2,1,2,1,1,33,13,1
1909,3,2,3,1,0,34,14,1
1909,4,3,4,1,0,35,15,1
1909,5,4,5,1,0,36,16,1
1909,6,5,6,1,0,37,17,1
1909,7,6,7,1,0,38,18,1
1909,8,7,7.735,0.735,0,39,19,1
1910,1,0,1,1,0,19,3,1
1910,2,1,2,1,0,20,4,1
1910,3,2,3,1,2,21,5,1
1910,4,3,4,1,0,22,6,1
1910,5,4,5,1,0,23,7,1
1910,6,5,6,1,0,24,8,1
1910,7,6,7,1,1,25,9,1
1910,8,7,7.111,0.111,0,26,10,1
1911,1,0,1,1,0,24,14,1
1911,2,1,2,1,0,25,15,1
1911,3,2,3,1,0,26,16,1
1911,4,3,4,1,0,27,17,1
1911,5,4,5,1,0,28,18,1
1911,6,5,5.856,0.856,0,29,19,1
1912,1,0,1,1,0,50,15,1
1912,2,1,2,1,0,51,16,1
1912,3,2,3,1,0,52,17,1
1912,4,3,4,1,0,53,18,1
1912,5,4,5,1,0,54,19,1
1912,6,5,6,1,0,55,20,1
1912,7,6,7,1,0,56,21,1
1912,8,7,8,1,0,57,22,1
1912,9,8,8.673,0.673,0,58,23,1
1913,1,0,1,1,0,44,9,1
1913,2,1,2,1,0,45,10,1
1913,3,2,3,1,0,46,11,1
1913,4,3,4,1,0,47,12,1
1913,5,4,5,1,0,48,13,1
1913,6,5,6,1,0,49,14,1
1913,7,6,7,1,0,50,15,1
1913,8,7,8,1,0,51,16,1
1913,9,8,8.806,0.806,0,52,17,1
1914,1,0,1,1,0,64,14,1
1914,2,1,2,1,0,65,15,1
1914,3,2,3,1,0,66,16,1
1914,4,3,4,1,0,67,17,1
1914,5,4,4.853,0.853,1,68,18,1
1915,1,0,1,1,0,43,4,1
1915,2,1,2,1,1,44,5,1
1915,3,2,2.056,0.056,0,45,6,1
1916,1,0,1,1,0,28,0,1
1916,2,1,2,1,0,29,1,1
1916,3,2,2.033,0.033,0,30,2,1
1917,1,0,1,1,0,47,3,1
1917,2,1,2,1,0,48,4,1
1917,3,2,3,1,0,49,5,1
1917,4,3,4,1,0,50,6,1
1917,5,4,5,1,0,51,7,1
1917,6,5,5.292,0.292,0,52,8,1
1918,1,0,1,1,0,51,10,1
1918,2,1,2,1,0,52,11,1
1918,3,2,3,1,0,53,12,1
1918,4,3,4,1,0,54,13,1
1918,5,4,5,1,0,55,14,1
1918,6,5,6,1,0,56,15,1
1918,7,6,7,1,0,57,16,1
1918,8,7,8,1,0,58,17,1
1918,9,8,8.898,0.898,0,59,18,1
1919,1,0,1,1,0,50,6,1
1919,2,1,2,1,0,51,7,1
1919,3,2,3,1,0,52,8,1
1919,4,3,4,1,0,53,9,1
1919,5,4,4.093,0.093,0,54,10,1
1920,1,0,1,1,0,41,3,1
1920,2,1,2,1,1,42,4,1
1920,3,2,2.646,0.646,0,43,5,1
1921,1,0,1,1,0,38,7,1
1921,2,1,1.066,0.066,0,39,8,1
1922,1,0,1,1,0,25,1,1
1922,2,1,2,1,0,26,2,1
1922,3,2,2.991,0.991,0,27,3,1
1923,1,0,1,1,0,32,6,1
1923,2,1,1.817,0.817,0,33,7,1
1924,1,0,1,1,0,45,13,1
1924,2,1,2,1,0,46,14,1
1924,3,2,3,1,0,47,15,1
1924,4,3,4,1,0,48,16,1
1924,5,4,5,1,0,49,17,1
1924,6,5,6,1,0,50,18,1
1924,7,6,7,1,0,51,19,1
1924,8,7,7.093,0.093,0,52,20,1
1925,1,0,1,1,0,48,5,1
1925,2,1,2,1,0,49,6,1
1925,3,2,3,1,0,50,7,1
1925,4,3,4,1,0,51,8,1
1925,5,4,4.676,0.676,0,52,9,1
1926,1,0,1,1,0,48,2,1
1926,2,1,1.947,0.947,0,49,3,1
1927,1,0,1,1,0,28,0,1
1927,2,1,2,1,0,29,1,1
1927,3,2,2.136,0.136,0,30,2,1
1928,1,0,1,1,0,83,0,1
1928,2,1,2,1,0,84,1,1
1928,3,2,3,1,0,85,2,1
1928,4,3,4,1,1,86,3,1
1928,5,4,5,1,0,87,4,1
1928,6,5,5.854,0.854,0,88,5,1
1929,1,0,1,1,0,52,6,1
1929,2,1,1.431,0.431,0,53,7,1
1930,1,0,1,1,0,76,3,1
1930,2,1,2,1,0,77,4,1
1930,3,2,3,1,0,78,5,1
1930,4,3,4,1,0,79,6,1
1930,5,4,4.723,0.723,0,80,7,1
1931,1,0,1,1,0,37,8,1
1931,2,1,2,1,0,38,9,1
1931,3,2,3,1,0,39,10,1
1931,4,3,4,1,0,40,11,1
1931,5,4,5,1,1,41,12,1
1931,6,5,5.85,0.85,1,42,13,1
1932,1,0,1,1,0,56,2,1
1932,2,1,1.246,0.246,0,57,3,1
1933,1,0,1,1,0,57,18,1
1933,2,1,2,1,0,58,19,1
1933,3,2,3,1,0,59,20,1
1933,4,3,4,1,0,60,21,1
1933,5,4,4.456,0.456,0,61,22,1
1934,1,0,1,1,0,35,7,1
1934,2,1,2,1,0,36,8,1
1934,3,2,3,1,0,37,9,1
1934,4,3,4,1,0,38,10,1
1934,5,4,5,1,0,39,11,1
1934,6,5,6,1,0,40,12,1
1934,7,6,7,1,0,41,13,1
1934,8,7,8,1,0,42,14,1
1934,9,8,9,1,0,43,15,1
1934,10,9,9.429,0.429,0,44,16,1
1935,1,0,1,1,2,22,14,1
1935,2,1,2,1,0,23,15,1
1935,3,2,3,1,0,24,16,1
1935,4,3,4,1,2,25,17,1
1935,5,4,5,1,2,26,18,1
1935,6,5,6,1,0,27,19,1
1935,7,6,7,1,2,28,20,1
1935,8,7,8,1,0,29,21,1
1935,9,8,8.638,0.638,0,30,22,1
1936,1,0,1,1,0,29,4,1
1936,2,1,2,1,0,30,5,1
1936,3,2,3,1,0,31,6,1
1936,4,3,4,1,0,32,7,1
1936,5,4,5,1,0,33,8,1
1936,6,5,5.23,0.23,0,34,9,1
1937,1,0,1,1,0,41,17,1
1937,2,1,2,1,0,42,18,1
1937,3,2,3,1,1,43,19,1
1937,4,3,4,1,0,44,20,1
1937,5,4,5,1,1,45,21,1
1937,6,5,6,1,0,46,22,1
1937,7,6,6.221,0.221,0,47,23,1
1938,1,0,0.896,0.896,0,80,7,1
1939,1,0,1,1,0,42,10,1
1939,2,1,2,1,0,43,11,1
1939,3,2,2.962,0.962,0,44,12,1
1940,1,0,1,1,0,35,4,1
1940,2,1,2,1,0,36,5,1
1940,3,2,3,1,0,37,6,1
1940,4,3,3.074,0.074,0,38,7,1
1941,1,0,1,1,0,37,4,1
1941,2,1,1.331,0.331,0,38,5,1
1942,1,0,1,1,0,50,6,1
1942,2,1,1.893,0.893,0,51,7,1
1943,1,0,1,1,0,50,15,1
1943,2,1,2,1,0,51,16,1
1943,3,2,3,1,0,52,17,1
1943,4,3,4,1,0,53,18,1
1943,5,4,5,1,1,54,19,1
1943,6,5,5.104,0.104,0,55,20,1
1944,1,0,1,1,0,28,8,1
1944,2,1,2,1,0,29,9,1
1944,3,2,3,1,0,30,10,1
1944,4,3,3.166,0.166,0,31,11,1
1945,1,0,1,1,0,30,5,1
1945,2,1,2,1,0,31,6,1
1945,3,2,3,1,0,32,7,1
1945,4,3,4,1,0,33,8,1
1945,5,4,5,1,0,34,9,1
1945,6,5,5.783,0.783,0,35,10,1
1946,1,0,1,1,0,46,11,1
1946,2,1,2,1,0,47,12,1
1946,3,2,3,1,0,48,13,1
1946,4,3,3.008,0.008,0,49,14,1
1947,1,0,1,1,0,47,10,1
1947,2,1,2,1,0,48,11,1
1947,3,2,3,1,0,49,12,1
1947,4,3,3.818,0.818,0,50,13,1
1948,1,0,1,1,0,48,13,1
1948,2,1,2,1,0,49,14,1
1948,3,2,3,1,0,50,15,1
1948,4,3,4,1,0,51,16,1
1948,5,4,5,1,1,52,17,1
1948,6,5,6,1,0,53,18,1
1948,7,6,7,1,0,54,19,1
1948,8,7,8,1,0,55,20,1
1948,9,8,8.015,0.015,0,56,21,1
1949,1,0,1,1,0,67,19,1
1949,2,1,1.066,0.066,0,68,20,1
1950,1,0,1,1,0,49,8,1
1950,2,1,1.261,0.261,0,50,9,1
1951,1,0,1,1,0,50,5,1
1951,2,1,1.444,0.444,1,51,6,1
1952,1,0,1,1,0,33,0,1
1952,2,1,2,1,0,34,1,1
1952,3,2,3,1,0,35,2,1
1952,4,3,4,1,0,36,3,1
1952,5,4,5,1,0,37,4,1
1952,6,5,6,1,0,38,5,1
1952,7,6,6.078,0.078,0,39,6,1
1953,1,0,1,1,1,62,5,1
1953,2,1,2,1,0,63,6,1
1953,3,2,3,1,0,64,7,1
1953,4,3,4,1,0,65,8,1
1953,5,4,5,1,0,66,9,1
1953,6,5,6,1,1,67,10,1
1953,7,6,6.783,0.783,0,68,11,1
1954,1,0,1,1,0,39,8,1
1954,2,1,2,1,0,40,9,1
1954,3,2,2.493,0.493,0,41,10,1
1955,1,0,1,1,1,59,9,1
1955,2,1,2,1,0,60,10,1
1955,3,2,3,1,0,61,11,1
1955,4,3,4,1,2,62,12,1
1955,5,4,5,1,0,63,13,1
1955,6,5,6,1,0,64,14,1
1955,7,6,7,1,1,65,15,1
1955,8,7,7.691,0.691,1,66,16,1
1956,1,0,1,1,0,49,13,1
1956,2,1,2,1,1,50,14,1
1956,3,2,3,1,0,51,15,1
1956,4,3,4,1,0,52,16,1
1956,5,4,5,1,0,53,17,1
1956,6,5,6,1,0,54,18,1
1956,7,6,7,1,0,55,19,1
1956,8,7,7.895,0.895,0,56,20,1
1957,1,0,1,1,0,60,7,1
1957,2,1,2,1,0,61,8,1
1957,3,2,3,1,0,62,9,1
1957,4,3,4,1,0,63,10,1
1957,5,4,5,1,0,64,11,1
1957,6,5,5.83,0.83,0,65,12,1
1958,1,0,1,1,0,30,3,1
1958,2,1,2,1,0,31,4,1
1958,3,2,3,1,0,32,5,1
1958,4,3,4,1,0,33,6,1
1958,5,4,4.118,0.118,0,34,7,1
1959,1,0,1,1,0,35,4,1
1959,2,1,2,1,0,36,5,1
1959,3,2,3,1,0,37,6,1
1959,4,3,3.203,0.203,0,38,7,1
1960,1,0,1,1,0,66,13,1
1960,2,1,2,1,0,67,14,1
1960,3,2,3,1,0,68,15,1
1960,4,3,4,1,1,69,16,1
1960,5,4,4.052,0.052,0,70,17,1
1961,1,0,1,1,0,24,4,1
1961,2,1,2,1,0,25,5,1
1961,3,2,3,1,0,26,6,1
1961,4,3,4,1,0,27,7,1
1961,5,4,5,1,0,28,8,1
1961,6,5,6,1,0,29,9,1
1961,7,6,6.777,0.777,0,30,10,1
1962,1,0,1,1,0,32,3,1
1962,2,1,2,1,0,33,4,1
1962,3,2,3,1,0,34,5,1
1962,4,3,4,1,0,35,6,1
1962,5,4,4.457,0.457,1,36,7,1
1963,1,0,1,1,0,54,4,1
1963,2,1,1.971,0.971,0,55,5,1
1964,1,0,0.204,0.204,0,21,11,1
1965,1,0,1,1,0,55,11,1
1965,2,1,2,1,0,56,12,1
1965,3,2,3,1,0,57,13,1
1965,4,3,4,1,0,58,14,1
1965,5,4,4.358,0.358,0,59,15,1
1966,1,0,1,1,0,66,5,1
1966,2,1,2,1,0,67,6,1
1966,3,2,3,1,0,68,7,1
1966,4,3,3.44,0.44,0,69,8,1
1967,1,0,1,1,0,28,10,1
1967,2,1,1.616,0.616,0,29,11,1
1968,1,0,1,1,0,32,6,1
1968,2,1,2,1,0,33,7,1
1968,3,2,3,1,0,34,8,1
1968,4,3,4,1,0,35,9,1
1968,5,4,4.419,0.419,0,36,10,1
1969,1,0,1,1,0,44,13,1
1969,2,1,2,1,0,45,14,1
1969,3,2,2.025,0.025,0,46,15,1
1970,1,0,1,1,0,46,4,1
1970,2,1,2,1,0,47,5,1
1970,3,2,2.704,0.704,0,48,6,1
1971,1,0,0.922,0.922,0,42,13,1
1972,1,0,1,1,0,78,7,1
1972,2,1,2,1,0,79,8,1
1972,3,2,2.685,0.685,0,80,9,1
1973,1,0,0.727,0.727,0,46,5,1
1974,1,0,1,1,0,41,4,1
1974,2,1,2,1,1,42,5,1
1974,3,2,3,1,0,43,6,1
1974,4,3,4,1,0,44,7,1
1974,5,4,5,1,0,45,8,1
1974,6,5,6,1,0,46,9,1
1974,7,6,6.782,0.782,0,47,10,1
1975,1,0,1,1,1,54,11,1
1975,2,1,2,1,0,55,12,1
1975,3,2,2.296,0.296,0,56,13,1
1976,1,0,1,1,0,44,8,1
1976,2,1,2,1,1,45,9,1
1976,3,2,3,1,0,46,10,1
1976,4,3,4,1,0,47,11,1
1976,5,4,5,1,0,48,12,1
1976,6,5,6,1,1,49,13,1
1976,7,6,7,1,0,50,14,1
1976,8,7,8,1,0,51,15,1
1976,9,8,9,1,0,52,16,1
1976,10,9,9.544,0.544,0,53,17,1
1977,1,0,1,1,0,44,10,1
1977,2,1,2,1,0,45,11,1
1977,3,2,3,1,0,46,12,1
1977,4,3,3.118,0.118,0,47,13,1
1978,1,0,1,1,0,38,14,1
1978,2,1,1.347,0.347,0,39,15,1
1979,1,0,1,1,0,56,10,1
1979,2,1,2,1,0,57,11,1
1979,3,2,3,1,0,58,12,1
1979,4,3,4,1,0,59,13,1
1979,5,4,5,1,0,60,14,1
1979,6,5,5.179,0.179,0,61,15,1
1980,1,0,0.933,0.933,0,51,0,1
1981,1,0,1,1,0,49,5,1
1981,2,1,2,1,0,50,6,1
1981,3,2,3,1,1,51,7,1
1981,4,3,4,1,0,52,8,1
1981,5,4,4.349,0.349,0,53,9,1
1982,1,0,1,1,0,44,13,1
1982,2,1,2,1,0,45,14,1
1982,3,2,2.446,0.446,0,46,15,1
1983,1,0,1,1,0,67,10,1
1983,2,1,2,1,0,68,11,1
1983,3,2,3,1,0,69,12,1
1983,4,3,4,1,1,70,13,1
1983,5,4,5,1,1,71,14,1
1983,6,5,5.455,0.455,0,72,15,1
1984,1,0,1,1,0,50,9,1
1984,2,1,2,1,0,51,10,1
1984,3,2,3,1,0,52,11,1
1984,4,3,4,1,0,53,12,1
1984,5,4,4.301,0.301,0,54,13,1
1985,1,0,1,1,0,18,5,1
1985,2,1,2,1,0,19,6,1
1985,3,2,3,1,0,20,7,1
1985,4,3,4,1,0,21,8,1
1985,5,4,5,1,0,22,9,1
1985,6,5,5.332,0.332,0,23,10,1
1986,1,0,1,1,0,67,1,1
1986,2,1,2,1,0,68,2,1
1986,3,2,3,1,0,69,3,1
1986,4,3,4,1,0,70,4,1
1986,5,4,4.058,0.058,0,71,5,1
1987,1,0,1,1,0,42,16,1
1987,2,1,2,1,0,43,17,1
1987,3,2,3,1,0,44,18,1
1987,4,3,4,1,0,45,19,1
1987,5,4,5,1,0,46,20,1
1987,6,5,6,1,0,47,21,1
1987,7,6,6.467,0.467,0,48,22,1
1988,1,0,1,1,1,57,4,1
1988,2,1,2,1,0,58,5,1
1988,3,2,3,1,0,59,6,1
1988,4,3,3.706,0.706,0,60,7,1
1989,1,0,1,1,0,54,0,1
1989,2,1,1.666,0.666,0,55,1,1
1990,1,0,1,1,0,70,7,1
1990,2,1,1.072,0.072,0,71,8,1
1991,1,0,1,1,0,84,14,1
1991,2,1,2,1,0,85,15,1
1991,3,2,3,1,1,86,16,1
1991,4,3,4,1,0,87,17,1
1991,5,4,4.852,0.852,0,88,18,1
1992,1,0,0.348,0.348,0,24,6,1
1993,1,0,1,1,0,25,20,1
1993,2,1,2,1,0,26,21,1
1993,3,2,3,1,0,27,22,1
1993,4,3,4,1,0,28,23,1
1993,5,4,5,1,0,29,24,1
1993,6,5,6,1,1,30,25,1
1993,7,6,6.306,0.306,0,31,26,1
1994,1,0,1,1,0,41,13,1
1994,2,1,2,1,0,42,14,1
1994,3,2,3,1,0,43,15,1
1994,4,3,4,1,0,44,16,1
1994,5,4,5,1,0,45,17,1
1994,6,5,6,1,0,46,18,1
1994,7,6,7,1,0,47,19,1
1994,8,7,8,1,0,48,20,1
1994,9,8,8.663,0.663,0,49,21,1
1995,1,0,1,1,0,65,10,1
1995,2,1,2,1,0,66,11,1
1995,3,2,3,1,0,67,12,1
1995,4,3,4,1,0,68,13,1
1995,5,4,5,1,0,69,14,1
1995,6,5,6,1,0,70,15,1
1995,7,6,6.085,0.085,0,71,16,1
1996,1,0,1,1,0,40,8,1
1996,2,1,2,1,0,41,9,1
1996,3,2,2.54,0.54,0,42,10,1
1997,1,0,1,1,0,44,4,1
1997,2,1,2,1,0,45,5,1
1997,3,2,3,1,0,46,6,1
1997,4,3,4,1,0,47,7,1
1997,5,4,5,1,0,48,8,1
1997,6,5,6,1,0,49,9,1
1997,7,6,6.553,0.553,0,50,10,1
1998,1,0,1,1,1,55,3,1
1998,2,1,1.179,0.179,0,56,4,1
1999,1,0,1,1,0,27,6,1
1999,2,1,2,1,0,28,7,1
1999,3,2,2.795,0.795,0,29,8,1
2000,1,0,1,1,0,63,8,1
2000,2,1,2,1,0,64,9,1
2000,3,2,3,1,0,65,10,1
2000,4,3,4,1,0,66,11,1
2000,5,4,5,1,1,67,12,1
2000,6,5,5.639,0.639,0,68,13,1
2001,1,0,1,1,0,43,7,1
2001,2,1,2,1,0,44,8,1
2001,3,2,3,1,0,45,9,1
2001,4,3,4,1,1,46,10,1
2001,5,4,5,1,0,47,11,1
2001,6,5,6,1,0,48,12,1
2001,7,6,7,1,0,49,13,1
2001,8,7,7.154,0.154,0,50,14,1
2002,1,0,1,1,0,38,7,1
2002,2,1,1.512,0.512,0,39,8,1
2003,1,0,1,1,0,39,9,1
2003,2,1,2,1,0,40,10,1
2003,3,2,3,1,0,41,11,1
2003,4,3,3.048,0.048,0,42,12,1
2004,1,0,1,1,0,50,7,1
2004,2,1,1.694,0.694,0,51,8,1
2005,1,0,1,1,0,50,16,1
2005,2,1,1.206,0.206,0,51,17,1
2006,1,0,1,1,0,36,5,1
2006,2,1,1.343,0.343,1,37,6,1
2007,1,0,1,1,0,27,3,1
2007,2,1,2,1,0,28,4,1
2007,3,2,3,1,0,29,5,1
2007,4,3,4,1,0,30,6,1
2007,5,4,5,1,0,31,7,1
2007,6,5,6,1,0,32,8,1
2007,7,6,7,1,0,33,9,1
2007,8,7,8,1,0,34,10,1
2007,9,8,8.756,0.756,0,35,11,1
2008,1,0,1,1,1,29,7,1
2008,2,1,2,1,0,30,8,1
2008,3,2,2.902,0.902,0,31,9,1
2009,1,0,1,1,0,46,11,1
2009,2,1,1.185,0.185,0,47,12,1
2010,1,0,1,1,0,26,6,1
2010,2,1,2,1,1,27,7,1
2010,3,2,3,1,0,28,8,1
2010,4,3,4,1,1,29,9,1
2010,5,4,4.132,0.132,0,30,10,1
2011,1,0,1,1,0,71,5,1
2011,2,1,2,1,0,72,6,1
2011,3,2,3,1,0,73,7,1
2011,4,3,4,1,0,74,8,1
2011,5,4,4.931,0.931,0,75,9,1
2012,1,0,0.781,0.781,0,37,3,1
2013,1,0,1,1,0,26,4,1
2013,2,1,1.321,0.321,0,27,5,1
2014,1,0,1,1,0,29,16,1
2014,2,1,2,1,1,30,17,1
2014,3,2,3,1,0,31,18,1
2014,4,3,4,1,0,32,19,1
2014,5,4,4.115,0.115,0,33,20,1
2015,1,0,1,1,0,31,7,1
2015,2,1,2,1,0,32,8,1
2015,3,2,3,1,0,33,9,1
2015,4,3,4,1,0,34,10,1
2015,5,4,5,1,0,35,11,1
2015,6,5,6,1,0,36,12,1
2015,7,6,7,1,0,37,13,1
2015,8,7,8,1,0,38,14,1
2015,9,8,9,1,0,39,15,1
2015,10,9,9.345,0.345,0,40,16,1
2016,1,0,1,1,0,35,10,1
2016,2,1,1.194,0.194,0,36,11,1
2017,1,0,1,1,0,36,2,1
2017,2,1,2,1,0,37,3,1
2017,3,2,3,1,0,38,4,1
2017,4,3,4,1,0,39,5,1
2017,5,4,5,1,0,40,6,1
2017,6,5,6,1,0,41,7,1
2017,7,6,6.287,0.287,0,42,8,1
2018,1,0,1,1,0,56,13,1
2018,2,1,2,1,0,57,14,1
2018,3,2,3,1,0,58,15,1
2018,4,3,4,1,0,59,16,1
2018,5,4,4.136,0.136,0,60,17,1
2019,1,0,1,1,0,43,17,1
2019,2,1,2,1,0,44,18,1
2019,3,2,2.941,0.941,0,45,19,1
2020,1,0,1,1,0,79,4,1
2020,2,1,2,1,0,80,5,1
2020,3,2,2.909,0.909,0,81,6,1
2021,1,0,1,1,0,47,9,1
2021,2,1,2,1,0,48,10,1
2021,3,2,3,1,0,49,11,1
2021,4,3,4,1,1,50,12,1
2021,5,4,5,1,0,51,13,1
2021,6,5,6,1,0,52,14,1
2021,7,6,6.68,0.68,0,53,15,1
2022,1,0,1,1,0,46,1,1
2022,2,1,2,1,0,47,2,1
2022,3,2,3,1,0,48,3,1
2022,4,3,4,1,0,49,4,1
2022,5,4,5,1,0,50,5,1
2022,6,5,5.47,0.47,0,51,6,1
2023,1,0,1,1,0,45,5,1
2023,2,1,1.795,0.795,0,46,6,1
2024,1,0,1,1,0,44,3,1
2024,2,1,2,1,0,45,4,1
2024,3,2,2.589,0.589,0,46,5,1
2025,1,0,1,1,0,41,8,1
2025,2,1,1.68,0.68,0,42,9,1
2026,1,0,1,1,0,60,11,1
2026,2,1,2,1,0,61,12,1
2026,3,2,2.512,0.512,0,62,13,1
2027,1,0,1,1,1,40,4,1
2027,2,1,2,1,0,41,5,1
2027,3,2,3,1,0,42,6,1
2027,4,3,3.6,0.6,0,43,7,1
2028,1,0,0.843,0.843,0,64,2,1
2029,1,0,1,1,0,24,11,1
2029,2,1,2,1,1,25,12,1
2029,3,2,3,1,2,26,13,1
2029,4,3,4,1,0,27,14,1
2029,5,4,4.32,0.32,0,28,15,1
2030,1,0,1,1,0,52,19,1
2030,2,1,1.728,0.728,0,53,20,1
2031,1,0,1,1,0,28,12,1
2031,2,1,2,1,0,29,13,1
2031,3,2,3,1,0,30,14,1
2031,4,3,4,1,0,31,15,1
2031,5,4,5,1,0,32,16,1
2031,6,5,6,1,0,33,17,1
2031,7,6,7,1,0,34,18,1
2031,8,7,7.054,0.054,0,35,19,1
2032,1,0,1,1,0,69,10,1
2032,2,1,2,1,1,70,11,1
2032,3,2,3,1,0,71,12,1
2032,4,3,3.582,0.582,0,72,13,1
2033,1,0,1,1,0,48,11,1
2033,2,1,2,1,0,49,12,1
2033,3,2,3,1,1,50,13,1
2033,4,3,4,1,0,51,14,1
2033,5,4,5,1,0,52,15,1
2033,6,5,6,1,0,53,16,1
2033,7,6,7,1,0,54,17,1
2033,8,7,8,1,0,55,18,1
2033,9,8,8.609,0.609,0,56,19,1
2034,1,0,0.849,0.849,0,39,20,1
2035,1,0,1,1,1,38,4,1
2035,2,1,2,1,0,39,5,1
2035,3,2,2.936,0.936,0,40,6,1
2036,1,0,1,1,0,18,11,1
2036,2,1,2,1,0,19,12,1
2036,3,2,3,1,0,20,13,1
2036,4,3,4,1,0,21,14,1
2036,5,4,5,1,1,22,15,1
2036,6,5,6,1,0,23,16,1
2036,7,6,7,1,0,24,17,1
2036,8,7,7.686,0.686,0,25,18,1
2037,1,0,1,1,0,72,6,1
2037,2,1,2,1,0,73,7,1
2037,3,2,3,1,0,74,8,1
2037,4,3,4,1,0,75,9,1
2037,5,4,4.543,0.543,0,76,10,1
2038,1,0,1,1,0,50,11,1
2038,2,1,2,1,0,51,12,1
2038,3,2,2.841,0.841,0,52,13,1
2039,1,0,1,1,0,25,4,1
2039,2,1,1.839,0.839,0,26,5,1
2040,1,0,1,1,1,67,15,1
2040,2,1,2,1,0,68,16,1
2040,3,2,3,1,0,69,17,1
2040,4,3,3.467,0.467,0,70,18,1
2041,1,0,1,1,0,47,9,1
2041,2,1,1.991,0.991,0,48,10,1
2042,1,0,1,1,0,18,3,1
2042,2,1,2,1,0,19,4,1
2042,3,2,2.981,0.981,0,20,5,1
2043,1,0,1,1,2,33,6,1
2043,2,1,2,1,0,34,7,1
2043,3,2,2.622,0.622,0,35,8,1
2044,1,0,1,1,0,81,2,1
2044,2,1,2,1,0,82,3,1
2044,3,2,3,1,0,83,4,1
2044,4,3,3.303,0.303,0,84,5,1
2045,1,0,1,1,0,47,13,1
2045,2,1,2,1,0,48,14,1
2045,3,2,2.049,0.049,0,49,15,1
2046,1,0,1,1,1,48,5,1
2046,2,1,2,1,0,49,6,1
2046,3,2,2.225,0.225,0,50,7,1
2047,1,0,1,1,0,44,7,1
2047,2,1,2,1,0,45,8,1
2047,3,2,3,1,0,46,9,1
2047,4,3,4,1,2,47,10,1
2047,5,4,5,1,1,48,11,1
2047,6,5,5.27,0.27,0,49,12,1
2048,1,0,1,1,1,70,10,1
2048,2,1,2,1,0,71,11,1
2048,3,2,3,1,0,72,12,1
2048,4,3,4,1,0,73,13,1
2048,5,4,5,1,0,74,14,1
2048,6,5,5.201,0.201,0,75,15,1
2049,1,0,1,1,0,62,6,1
2049,2,1,2,1,0,63,7,1
2049,3,2,3,1,0,64,8,1
2049,4,3,4,1,0,65,9,1
2049,5,4,5,1,0,66,10,1
2049,6,5,6,1,0,67,11,1
2049,7,6,7,1,0,68,12,1
2049,8,7,8,1,0,69,13,1
2049,9,8,9,1,0,70,14,1
2049,10,9,9.209,0.209,0,71,15,1
2050,1,0,1,1,0,32,7,1
2050,2,1,2,1,0,33,8,1
2050,3,2,3,1,0,34,9,1
2050,4,3,4,1,0,35,10,1
2050,5,4,5,1,0,36,11,1
2050,6,5,6,1,1,37,12,1
2050,7,6,6.961,0.961,0,38,13,1
2051,1,0,1,1,0,53,5,1
2051,2,1,1.772,0.772,0,54,6,1
2052,1,0,1,1,0,25,8,1
2052,2,1,2,1,0,26,9,1
2052,3,2,3,1,0,27,10,1
2052,4,3,4,1,0,28,11,1
2052,5,4,5,1,1,29,12,1
2052,6,5,5.843,0.843,0,30,13,1
2053,1,0,1,1,0,43,12,1
2053,2,1,2,1,1,44,13,1
2053,3,2,2.912,0.912,0,45,14,1
2054,1,0,1,1,1,26,14,1
2054,2,1,2,1,1,27,15,1
2054,3,2,3,1,0,28,16,1
2054,4,3,4,1,0,29,17,1
2054,5,4,5,1,0,30,18,1
2054,6,5,6,1,0,31,19,1
2054,7,6,6.71,0.71,0,32,20,1
2055,1,0,1,1,0,38,12,1
2055,2,1,1.809,0.809,1,39,13,1
2056,1,0,0.967,0.967,0,18,14,1
2057,1,0,1,1,0,30,4,1
2057,2,1,2,1,0,31,5,1
2057,3,2,3,1,0,32,6,1
2057,4,3,3.435,0.435,0,33,7,1
2058,1,0,1,1,0,34,9,1
2058,2,1,2,1,0,35,10,1
2058,3,2,3,1,0,36,11,1
2058,4,3,4,1,0,37,12,1
2058,5,4,4.531,0.531,0,38,13,1
2059,1,0,1,1,1,32,13,1
2059,2,1,2,1,0,33,14,1
2059,3,2,3,1,0,34,15,1
2059,4,3,3.747,0.747,0,35,16,1
2060,1,0,1,1,0,46,6,1
2060,2,1,2,1,0,47,7,1
2060,3,2,3,1,0,48,8,1
2060,4,3,4,1,0,49,9,1
2060,5,4,5,1,0,50,10,1
2060,6,5,6,1,0,51,11,1
2060,7,6,7,1,0,52,12,1
2060,8,7,7.706,0.706,0,53,13,1
2061,1,0,1,1,0,32,13,1
2061,2,1,2,1,0,33,14,1
2061,3,2,3,1,0,34,15,1
2061,4,3,4,1,0,35,16,1
2061,5,4,5,1,0,36,17,1
2061,6,5,6,1,0,37,18,1
2061,7,6,7,1,0,38,19,1
2061,8,7,7.019,0.019,0,39,20,1
2062,1,0,1,1,0,80,5,1
2062,2,1,2,1,0,81,6,1
2062,3,2,3,1,0,82,7,1
2062,4,3,4,1,0,83,8,1
2062,5,4,5,1,0,84,9,1
2062,6,5,6,1,0,85,10,1
2062,7,6,7,1,0,86,11,1
2062,8,7,8,1,0,87,12,1
2062,9,8,8.087,0.087,0,88,13,1
2063,1,0,1,1,0,51,0,1
2063,2,1,2,1,0,52,1,1
2063,3,2,3,1,0,53,2,1
2063,4,3,4,1,0,54,3,1
2063,5,4,4.931,0.931,0,55,4,1
2064,1,0,1,1,0,41,9,1
2064,2,1,2,1,0,42,10,1
2064,3,2,3,1,0,43,11,1
2064,4,3,4,1,0,44,12,1
2064,5,4,4.349,0.349,0,45,13,1
2065,1,0,1,1,0,39,7,1
2065,2,1,2,1,0,40,8,1
2065,3,2,3,1,0,41,9,1
2065,4,3,4,1,0,42,10,1
2065,5,4,5,1,0,43,11,1
2065,6,5,6,1,0,44,12,1
2065,7,6,6.869,0.869,1,45,13,1
2066,1,0,0.915,0.915,0,37,15,1
2067,1,0,1,1,1,39,10,1
2067,2,1,1.087,0.087,0,40,11,1
2068,1,0,1,1,0,48,6,1
2068,2,1,1.566,0.566,0,49,7,1
2069,1,0,1,1,0,69,10,1
2069,2,1,2,1,0,70,11,1
2069,3,2,3,1,0,71,12,1
2069,4,3,4,1,0,72,13,1
2069,5,4,5,1,0,73,14,1
2069,6,5,6,1,1,74,15,1
2069,7,6,7,1,0,75,16,1
2069,8,7,8,1,0,76,17,1
2069,9,8,9,1,0,77,18,1
2069,10,9,9.093,0.093,0,78,19,1
2070,1,0,1,1,0,18,21,1
2070,2,1,1.917,0.917,0,19,22,1
2071,1,0,1,1,0,68,9,1
2071,2,1,2,1,0,69,10,1
2071,3,2,2.309,0.309,1,70,11,1
2072,1,0,1,1,0,61,1,1
2072,2,1,2,1,0,62,2,1
2072,3,2,3,1,0,63,3,1
2072,4,3,3.793,0.793,0,64,4,1
2073,1,0,1,1,0,39,9,1
2073,2,1,1.668,0.668,0,40,10,1
2074,1,0,1,1,0,25,3,1
2074,2,1,1.587,0.587,0,26,4,1
2075,1,0,1,1,0,34,13,1
2075,2,1,2,1,0,35,14,1
2075,3,2,2.119,0.119,0,36,15,1
2076,1,0,1,1,0,60,3,1
2076,2,1,1.026,0.026,0,61,4,1
2077,1,0,1,1,0,60,2,1
2077,2,1,2,1,0,61,3,1
2077,3,2,3,1,1,62,4,1
2077,4,3,4,1,0,63,5,1
2077,5,4,5,1,0,64,6,1
2077,6,5,5.98,0.98,0,65,7,1
2078,1,0,1,1,0,60,9,1
2078,2,1,2,1,0,61,10,1
2078,3,2,2.038,0.038,0,62,11,1
2079,1,0,1,1,0,41,10,1
2079,2,1,1.852,0.852,1,42,11,1
2080,1,0,1,1,1,75,11,1
2080,2,1,2,1,0,76,12,1
2080,3,2,3,1,1,77,13,1
2080,4,3,3.853,0.853,2,78,14,1
2081,1,0,1,1,0,64,2,1
2081,2,1,2,1,0,65,3,1
2081,3,2,3,1,1,66,4,1
2081,4,3,4,1,0,67,5,1
2081,5,4,5,1,1,68,6,1
2081,6,5,5.946,0.946,0,69,7,1
2082,1,0,1,1,1,51,10,1
2082,2,1,2,1,0,52,11,1
2082,3,2,3,1,2,53,12,1
2082,4,3,4,1,1,54,13,1
2082,5,4,5,1,0,55,14,1
2082,6,5,6,1,0,56,15,1
2082,7,6,6.215,0.215,0,57,16,1
2083,1,0,1,1,1,64,5,1
2083,2,1,2,1,0,65,6,1
2083,3,2,3,1,0,66,7,1
2083,4,3,4,1,0,67,8,1
2083,5,4,4.629,0.629,0,68,9,1
2084,1,0,1,1,0,42,4,1
2084,2,1,2,1,0,43,5,1
2084,3,2,3,1,0,44,6,1
2084,4,3,3.973,0.973,0,45,7,1
2085,1,0,1,1,0,29,3,1
2085,2,1,2,1,1,30,4,1
2085,3,2,3,1,1,31,5,1
2085,4,3,3.057,0.057,0,32,6,1
2086,1,0,1,1,0,75,9,1
2086,2,1,2,1,0,76,10,1
2086,3,2,3,1,0,77,11,1
2086,4,3,4,1,0,78,12,1
2086,5,4,5,1,0,79,13,1
2086,6,5,5.02,0.02,0,80,14,1
2087,1,0,1,1,0,49,0,1
2087,2,1,2,1,0,50,1,1
2087,3,2,3,1,0,51,2,1
2087,4,3,4,1,0,52,3,1
2087,5,4,5,1,0,53,4,1
2087,6,5,6,1,1,54,5,1
2087,7,6,7,1,1,55,6,1
2087,8,7,8,1,0,56,7,1
2087,9,8,9,1,1,57,8,1
2087,10,9,9.673,0.673,0,58,9,1
2088,1,0,1,1,0,47,3,1
2088,2,1,2,1,0,48,4,1
2088,3,2,3,1,0,49,5,1
2088,4,3,4,1,0,50,6,1
2088,5,4,5,1,0,51,7,1
2088,6,5,6,1,0,52,8,1
2088,7,6,7,1,1,53,9,1
2088,8,7,8,1,0,54,10,1
2088,9,8,8.605,0.605,0,55,11,1
2089,1,0,1,1,0,24,7,1
2089,2,1,2,1,0,25,8,1
2089,3,2,3,1,0,26,9,1
2089,4,3,4,1,1,27,10,1
2089,5,4,4.115,0.115,0,28,11,1
2090,1,0,1,1,2,85,6,1
2090,2,1,2,1,1,86,7,1
2090,3,2,3,1,0,87,8,1
2090,4,3,3.784,0.784,1,88,9,1
2091,1,0,1,1,0,63,4,1
2091,2,1,1.693,0.693,0,64,5,1
2092,1,0,1,1,0,35,12,1
2092,2,1,2,1,0,36,13,1
2092,3,2,3,1,0,37,14,1
2092,4,3,4,1,0,38,15,1
2092,5,4,4.479,0.479,0,39,16,1
2093,1,0,1,1,0,67,5,1
2093,2,1,2,1,0,68,6,1
2093,3,2,3,1,0,69,7,1
2093,4,3,4,1,0,70,8,1
2093,5,4,5,1,0,71,9,1
2093,6,5,6,1,0,72,10,1
2093,7,6,6.902,0.902,0,73,11,1
2094,1,0,1,1,0,20,12,1
2094,2,1,2,1,0,21,13,1
2094,3,2,3,1,1,22,14,1
2094,4,3,3.251,0.251,0,23,15,1
2095,1,0,1,1,0,46,13,1
2095,2,1,2,1,0,47,14,1
2095,3,2,3,1,0,48,15,1
2095,4,3,4,1,0,49,16,1
2095,5,4,5,1,0,50,17,1
2095,6,5,5.182,0.182,0,51,18,1
2096,1,0,1,1,0,53,11,1
2096,2,1,2,1,0,54,12,1
2096,3,2,3,1,0,55,13,1
2096,4,3,3.054,0.054,0,56,14,1
2097,1,0,1,1,0,77,15,1
2097,2,1,1.232,0.232,0,78,16,1
2098,1,0,1,1,0,41,11,1
2098,2,1,2,1,0,42,12,1
2098,3,2,3,1,0,43,13,1
2098,4,3,4,1,0,44,14,1
2098,5,4,4.116,0.116,0,45,15,1
2099,1,0,1,1,0,57,15,1
2099,2,1,1.988,0.988,0,58,16,1
2100,1,0,1,1,0,68,11,1
2100,2,1,2,1,0,69,12,1
2100,3,2,3,1,0,70,13,1
2100,4,3,4,1,0,71,14,1
2100,5,4,5,1,0,72,15,1
2100,6,5,6,1,0,73,16,1
2100,7,6,7,1,0,74,17,1
2100,8,7,8,1,0,75,18,1
2100,9,8,8.977,0.977,0,76,19,1
2101,1,0,1,1,0,58,1,1
2101,2,1,2,1,0,59,2,1
2101,3,2,3,1,0,60,3,1
2101,4,3,4,1,0,61,4,1
2101,5,4,4.585,0.585,0,62,5,1
2102,1,0,0.589,0.589,0,75,11,1
2103,1,0,1,1,0,87,5,1
2103,2,1,2,1,0,88,6,1
2103,3,2,3,1,0,89,7,1
2103,4,3,3.62,0.62,0,90,8,1
2104,1,0,1,1,1,46,3,1
2104,2,1,1.218,0.218,0,47,4,1
2105,1,0,1,1,0,46,12,1
2105,2,1,2,1,0,47,13,1
2105,3,2,3,1,0,48,14,1
2105,4,3,4,1,1,49,15,1
2105,5,4,5,1,0,50,16,1
2105,6,5,6,1,0,51,17,1
2105,7,6,7,1,0,52,18,1
2105,8,7,8,1,0,53,19,1
2105,9,8,9,1,0,54,20,1
2105,10,9,9.254,0.254,0,55,21,1
2106,1,0,1,1,0,54,11,1
2106,2,1,2,1,0,55,12,1
2106,3,2,3,1,1,56,13,1
2106,4,3,4,1,2,57,14,1
2106,5,4,4.211,0.211,0,58,15,1
2107,1,0,1,1,0,37,7,1
2107,2,1,1.813,0.813,0,38,8,1
2108,1,0,1,1,0,86,4,1
2108,2,1,2,1,0,87,5,1
2108,3,2,3,1,0,88,6,1
2108,4,3,4,1,0,89,7,1
2108,5,4,5,1,0,90,8,1
2108,6,5,6,1,0,91,9,1
2108,7,6,7,1,0,92,10,1
2108,8,7,8,1,0,93,11,1
2108,9,8,9,1,0,94,12,1
2108,10,9,9.182,0.182,0,95,13,1
2109,1,0,1,1,0,60,9,1
2109,2,1,1.785,0.785,0,61,10,1
2110,1,0,1,1,0,43,9,1
2110,2,1,1.734,0.734,0,44,10,1
2111,1,0,1,1,0,18,3,1
2111,2,1,1.857,0.857,0,19,4,1
2112,1,0,1,1,2,25,11,1
2112,2,1,2,1,1,26,12,1
2112,3,2,2.076,0.076,0,27,13,1
2113,1,0,1,1,0,47,7,1
2113,2,1,2,1,0,48,8,1
2113,3,2,3,1,0,49,9,1
2113,4,3,4,1,0,50,10,1
2113,5,4,5,1,0,51,11,1
2113,6,5,6,1,0,52,12,1
2113,7,6,6.207,0.207,0,53,13,1
2114,1,0,1,1,0,49,3,1
2114,2,1,2,1,0,50,4,1
2114,3,2,2.886,0.886,0,51,5,1
2115,1,0,1,1,0,39,9,1
2115,2,1,1.349,0.349,0,40,10,1
2116,1,0,1,1,0,59,14,1
2116,2,1,2,1,0,60,15,1
2116,3,2,3,1,0,61,16,1
2116,4,3,4,1,0,62,17,1
2116,5,4,5,1,0,63,18,1
2116,6,5,6,1,0,64,19,1
2116,7,6,6.069,0.069,0,65,20,1
2117,1,0,1,1,0,18,16,1
2117,2,1,2,1,1,19,17,1
2117,3,2,3,1,1,20,18,1
2117,4,3,4,1,0,21,19,1
2117,5,4,4.054,0.054,0,22,20,1
2118,1,0,1,1,0,49,10,1
2118,2,1,1.369,0.369,0,50,11,1
2119,1,0,1,1,0,42,9,1
2119,2,1,2,1,1,43,10,1
2119,3,2,3,1,0,44,11,1
2119,4,3,4,1,0,45,12,1
2119,5,4,5,1,0,46,13,1
2119,6,5,5.722,0.722,0,47,14,1
2120,1,0,1,1,0,31,9,1
2120,2,1,2,1,0,32,10,1
2120,3,2,3,1,0,33,11,1
2120,4,3,4,1,0,34,12,1
2120,5,4,5,1,1,35,13,1
2120,6,5,5.476,0.476,0,36,14,1
2121,1,0,1,1,0,31,0,1
2121,2,1,2,1,1,32,1,1
2121,3,2,3,1,0,33,2,1
2121,4,3,4,1,0,34,3,1
2121,5,4,5,1,0,35,4,1
2121,6,5,6,1,0,36,5,1
2121,7,6,6.251,0.251,0,37,6,1
2122,1,0,1,1,0,38,9,1
2122,2,1,2,1,0,39,10,1
2122,3,2,3,1,0,40,11,1
2122,4,3,4,1,0,41,12,1
2122,5,4,4.696,0.696,0,42,13,1
2123,1,0,1,1,1,45,7,1
2123,2,1,1.158,0.158,1,46,8,1
2124,1,0,1,1,0,39,10,1
2124,2,1,2,1,0,40,11,1
2124,3,2,3,1,0,41,12,1
2124,4,3,3.534,0.534,0,42,13,1
2125,1,0,1,1,0,28,12,1
2125,2,1,1.118,0.118,0,29,13,1
2126,1,0,1,1,0,34,6,1
2126,2,1,2,1,0,35,7,1
2126,3,2,3,1,1,36,8,1
2126,4,3,3.9,0.9,0,37,9,1
2127,1,0,1,1,0,31,8,1
2127,2,1,1.521,0.521,0,32,9,1
2128,1,0,1,1,0,25,3,1
2128,2,1,1.988,0.988,0,26,4,1
2129,1,0,1,1,0,38,12,1
2129,2,1,2,1,0,39,13,1
2129,3,2,2.542,0.542,0,40,14,1
2130,1,0,1,1,0,41,11,1
2130,2,1,2,1,0,42,12,1
2130,3,2,3,1,0,43,13,1
2130,4,3,4,1,0,44,14,1
2130,5,4,5,1,0,45,15,1
2130,6,5,5.983,0.983,0,46,16,1
2131,1,0,1,1,0,29,12,1
2131,2,1,2,1,0,30,13,1
2131,3,2,2.918,0.918,0,31,14,1
2132,1,0,1,1,1,29,9,1
2132,2,1,2,1,0,30,10,1
2132,3,2,3,1,0,31,11,1
2132,4,3,4,1,0,32,12,1
2132,5,4,5,1,0,33,13,1
2132,6,5,5.944,0.944,1,34,14,1
2133,1,0,1,1,0,50,10,1
2133,2,1,1.151,0.151,0,51,11,1
2134,1,0,1,1,0,21,4,1
2134,2,1,2,1,0,22,5,1
2134,3,2,3,1,0,23,6,1
2134,4,3,4,1,1,24,7,1
2134,5,4,4.705,0.705,0,25,8,1
2135,1,0,0.909,0.909,0,42,1,1
2136,1,0,1,1,0,40,8,1
2136,2,1,2,1,0,41,9,1
2136,3,2,3,1,0,42,10,1
2136,4,3,4,1,0,43,11,1
2136,5,4,4.318,0.318,0,44,12,1
2137,1,0,1,1,1,20,10,1
2137,2,1,2,1,0,21,11,1
2137,3,2,3,1,0,22,12,1
2137,4,3,4,1,1,23,13,1
2137,5,4,5,1,0,24,14,1
2137,6,5,6,1,0,25,15,1
2137,7,6,7,1,1,26,16,1
2137,8,7,8,1,0,27,17,1
2137,9,8,9,1,0,28,18,1
2137,10,9,9.533,0.533,0,29,19,1
2138,1,0,1,1,0,60,6,1
2138,2,1,2,1,0,61,7,1
2138,3,2,2.705,0.705,0,62,8,1
2139,1,0,1,1,0,48,12,1
2139,2,1,1.59,0.59,0,49,13,1
2140,1,0,1,1,0,29,6,1
2140,2,1,2,1,0,30,7,1
2140,3,2,3,1,0,31,8,1
2140,4,3,4,1,1,32,9,1
2140,5,4,5,1,1,33,10,1
2140,6,5,5.933,0.933,1,34,11,1
2141,1,0,0.921,0.921,0,53,3,1
2142,1,0,1,1,0,46,1,1
2142,2,1,2,1,0,47,2,1
2142,3,2,3,1,0,48,3,1
2142,4,3,4,1,0,49,4,1
2142,5,4,4.641,0.641,0,50,5,1
2143,1,0,0.881,0.881,0,31,20,1
2144,1,0,0.402,0.402,0,76,8,1
2145,1,0,1,1,0,23,8,1
2145,2,1,2,1,0,24,9,1
2145,3,2,3,1,0,25,10,1
2145,4,3,3.467,0.467,0,26,11,1
2146,1,0,1,1,0,42,2,1
2146,2,1,2,1,0,43,3,1
2146,3,2,3,1,0,44,4,1
2146,4,3,4,1,0,45,5,1
2146,5,4,5,1,0,46,6,1
2146,6,5,6,1,1,47,7,1
2146,7,6,7,1,0,48,8,1
2146,8,7,8,1,0,49,9,1
2146,9,8,9,1,0,50,10,1
2146,10,9,9.493,0.493,0,51,11,1
2147,1,0,1,1,1,22,13,1
2147,2,1,2,1,0,23,14,1
2147,3,2,3,1,0,24,15,1
2147,4,3,3.168,0.168,0,25,16,1
2148,1,0,1,1,0,71,5,1
2148,2,1,1.126,0.126,0,72,6,1
2149,1,0,1,1,0,36,10,1
2149,2,1,2,1,1,37,11,1
2149,3,2,3,1,0,38,12,1
2149,4,3,3.727,0.727,0,39,13,1
2150,1,0,1,1,0,18,16,1
2150,2,1,1.153,0.153,0,19,17,1
2151,1,0,1,1,0,51,3,1
2151,2,1,2,1,0,52,4,1
2151,3,2,3,1,0,53,5,1
2151,4,3,3.412,0.412,0,54,6,1
2152,1,0,1,1,0,22,11,1
2152,2,1,2,1,0,23,12,1
2152,3,2,3,1,0,24,13,1
2152,4,3,4,1,0,25,14,1
2152,5,4,5,1,0,26,15,1
2152,6,5,5.604,0.604,0,27,16,1
2153,1,0,1,1,0,26,9,1
2153,2,1,2,1,0,27,10,1
2153,3,2,3,1,0,28,11,1
2153,4,3,4,1,0,29,12,1
2153,5,4,5,1,0,30,13,1
2153,6,5,5.01,0.01,0,31,14,1
2154,1,0,1,1,0,58,13,1
2154,2,1,2,1,0,59,14,1
2154,3,2,3,1,0,60,15,1
2154,4,3,4,1,0,61,16,1
2154,5,4,4.936,0.936,1,62,17,1
2155,1,0,1,1,0,29,8,1
2155,2,1,2,1,0,30,9,1
2155,3,2,3,1,0,31,10,1
2155,4,3,4,1,0,32,11,1
2155,5,4,4.521,0.521,0,33,12,1
2156,1,0,1,1,0,65,7,1
2156,2,1,2,1,0,66,8,1
2156,3,2,3,1,0,67,9,1
2156,4,3,3.971,0.971,0,68,10,1
2157,1,0,1,1,0,33,7,1
2157,2,1,2,1,0,34,8,1
2157,3,2,3,1,0,35,9,1
2157,4,3,4,1,0,36,10,1
2157,5,4,5,1,0,37,11,1
2157,6,5,6,1,0,38,12,1
2157,7,6,6.779,0.779,0,39,13,1
2158,1,0,1,1,0,31,6,1
2158,2,1,2,1,0,32,7,1
2158,3,2,2.089,0.089,0,33,8,1
2159,1,0,1,1,0,55,0,1
2159,2,1,2,1,0,56,1,1
2159,3,2,3,1,0,57,2,1
2159,4,3,4,1,0,58,3,1
2159,5,4,5,1,0,59,4,1
2159,6,5,5.119,0.119,0,60,5,1
2160,1,0,1,1,0,65,0,1
2160,2,1,2,1,0,66,1,1
2160,3,2,2.553,0.553,0,67,2,1
2161,1,0,1,1,0,40,3,1
2161,2,1,2,1,0,41,4,1
2161,3,2,3,1,0,42,5,1
2161,4,3,3.983,0.983,0,43,6,1
2162,1,0,1,1,0,21,1,1
2162,2,1,2,1,0,22,2,1
2162,3,2,2.948,0.948,0,23,3,1
2163,1,0,1,1,0,41,4,1
2163,2,1,2,1,0,42,5,1
2163,3,2,3,1,0,43,6,1
2163,4,3,4,1,0,44,7,1
2163,5,4,5,1,0,45,8,1
2163,6,5,6,1,0,46,9,1
2163,7,6,7,1,0,47,10,1
2163,8,7,7.555,0.555,0,48,11,1
2164,1,0,1,1,0,36,9,1
2164,2,1,2,1,0,37,10,1
2164,3,2,3,1,0,38,11,1
2164,4,3,4,1,0,39,12,1
2164,5,4,5,1,0,40,13,1
2164,6,5,5.09,0.09,0,41,14,1
2165,1,0,1,1,0,35,9,1
2165,2,1,1.299,0.299,0,36,10,1
2166,1,0,1,1,0,54,6,1
2166,2,1,2,1,0,55,7,1
2166,3,2,2.351,0.351,0,56,8,1
2167,1,0,1,1,0,47,7,1
2167,2,1,2,1,0,48,8,1
2167,3,2,3,1,0,49,9,1
2167,4,3,4,1,0,50,10,1
2167,5,4,5,1,0,51,11,1
2167,6,5,5.027,0.027,0,52,12,1
2168,1,0,1,1,0,25,13,1
2168,2,1,2,1,0,26,14,1
2168,3,2,3,1,1,27,15,1
2168,4,3,4,1,0,28,16,1
2168,5,4,5,1,1,29,17,1
2168,6,5,6,1,1,30,18,1
2168,7,6,6.817,0.817,0,31,19,1
2169,1,0,1,1,0,61,7,1
2169,2,1,2,1,0,62,8,1
2169,3,2,3,1,0,63,9,1
2169,4,3,3.179,0.179,0,64,10,1
2170,1,0,1,1,0,42,5,1
2170,2,1,2,1,0,43,6,1
2170,3,2,3,1,0,44,7,1
2170,4,3,3.156,0.156,0,45,8,1
2171,1,0,1,1,0,37,3,1
2171,2,1,2,1,0,38,4,1
2171,3,2,3,1,0,39,5,1
2171,4,3,4,1,0,40,6,1
2171,5,4,4.198,0.198,0,41,7,1
2172,1,0,1,1,0,47,5,1
2172,2,1,2,1,0,48,6,1
2172,3,2,2.565,0.565,0,49,7,1
2173,1,0,1,1,0,42,13,1
2173,2,1,2,1,0,43,14,1
2173,3,2,3,1,1,44,15,1
2173,4,3,4,1,0,45,16,1
2173,5,4,5,1,0,46,17,1
2173,6,5,6,1,0,47,18,1
2173,7,6,7,1,0,48,19,1
2173,8,7,8,1,0,49,20,1
2173,9,8,8.141,0.141,0,50,21,1
2174,1,0,1,1,0,46,6,1
2174,2,1,2,1,0,47,7,1
2174,3,2,2.296,0.296,0,48,8,1
2175,1,0,1,1,1,43,11,1
2175,2,1,2,1,1,44,12,1
2175,3,2,3,1,0,45,13,1
2175,4,3,3.783,0.783,0,46,14,1
2176,1,0,1,1,0,32,5,1
2176,2,1,2,1,0,33,6,1
2176,3,2,3,1,0,34,7,1
2176,4,3,4,1,1,35,8,1
2176,5,4,5,1,0,36,9,1
2176,6,5,6,1,0,37,10,1
2176,7,6,7,1,0,38,11,1
2176,8,7,7.608,0.608,0,39,12,1
2177,1,0,1,1,0,18,15,1
2177,2,1,2,1,2,19,16,1
2177,3,2,3,1,2,20,17,1
2177,4,3,3.039,0.039,0,21,18,1
2178,1,0,1,1,0,47,15,1
2178,2,1,2,1,0,48,16,1
2178,3,2,2.782,0.782,0,49,17,1
2179,1,0,1,1,0,25,7,1
2179,2,1,2,1,0,26,8,1
2179,3,2,3,1,0,27,9,1
2179,4,3,4,1,0,28,10,1
2179,5,4,4.153,0.153,0,29,11,1
2180,1,0,0.624,0.624,0,40,0,1
2181,1,0,1,1,0,18,13,1
2181,2,1,2,1,2,19,14,1
2181,3,2,3,1,0,20,15,1
2181,4,3,4,1,1,21,16,1
2181,5,4,4.069,0.069,0,22,17,1
2182,1,0,1,1,0,46,1,1
2182,2,1,1.616,0.616,0,47,2,1
2183,1,0,1,1,0,62,9,1
2183,2,1,2,1,0,63,10,1
2183,3,2,3,1,0,64,11,1
2183,4,3,4,1,1,65,12,1
2183,5,4,4.464,0.464,0,66,13,1
2184,1,0,1,1,0,47,3,1
2184,2,1,2,1,0,48,4,1
2184,3,2,3,1,0,49,5,1
2184,4,3,3.28,0.28,0,50,6,1
2185,1,0,1,1,0,35,8,1
2185,2,1,2,1,0,36,9,1
2185,3,2,3,1,0,37,10,1
2185,4,3,4,1,0,38,11,1
2185,5,4,5,1,0,39,12,1
2185,6,5,6,1,0,40,13,1
2185,7,6,7,1,0,41,14,1
2185,8,7,8,1,0,42,15,1
2185,9,8,9,1,1,43,16,1
2185,10,9,9.578,0.578,0,44,17,1
2186,1,0,1,1,0,42,11,1
2186,2,1,2,1,0,43,12,1
2186,3,2,3,1,0,44,13,1
2186,4,3,4,1,0,45,14,1
2186,5,4,4.771,0.771,0,46,15,1
2187,1,0,1,1,1,48,2,1
2187,2,1,2,1,0,49,3,1
2187,3,2,2.587,0.587,0,50,4,1
2188,1,0,0.904,0.904,0,28,14,1
2189,1,0,1,1,1,50,9,1
2189,2,1,1.756,0.756,1,51,10,1
2190,1,0,1,1,0,33,3,1
2190,2,1,2,1,0,34,4,1
2190,3,2,3,1,0,35,5,1
2190,4,3,4,1,1,36,6,1
2190,5,4,5,1,0,37,7,1
2190,6,5,5.156,0.156,0,38,8,1
2191,1,0,1,1,0,68,4,1
2191,2,1,2,1,0,69,5,1
2191,3,2,3,1,0,70,6,1
2191,4,3,4,1,0,71,7,1
2191,5,4,5,1,0,72,8,1
2191,6,5,6,1,0,73,9,1
2191,7,6,7,1,0,74,10,1
2191,8,7,8,1,0,75,11,1
2191,9,8,9,1,0,76,12,1
2191,10,9,9.791,0.791,0,77,13,1
2192,1,0,1,1,1,45,16,1
2192,2,1,2,1,0,46,17,1
2192,3,2,2.52,0.52,0,47,18,1
2193,1,0,1,1,0,67,10,1
2193,2,1,2,1,0,68,11,1
2193,3,2,3,1,0,69,12,1
2193,4,3,4,1,0,70,13,1
2193,5,4,5,1,0,71,14,1
2193,6,5,6,1,0,72,15,1
2193,7,6,6.652,0.652,0,73,16,1
2194,1,0,1,1,0,61,3,1
2194,2,1,2,1,0,62,4,1
2194,3,2,3,1,0,63,5,1
2194,4,3,4,1,0,64,6,1
2194,5,4,5,1,0,65,7,1
2194,6,5,5.928,0.928,0,66,8,1
2195,1,0,1,1,0,40,9,1
2195,2,1,2,1,0,41,10,1
2195,3,2,3,1,0,42,11,1
2195,4,3,4,1,0,43,12,1
2195,5,4,4.689,0.689,0,44,13,1
2196,1,0,1,1,0,45,8,1
2196,2,1,1.386,0.386,0,46,9,1
2197,1,0,1,1,0,46,8,1
2197,2,1,1.934,0.934,0,47,9,1
2198,1,0,1,1,0,35,0,1
2198,2,1,1.999,0.999,0,36,1,1
2199,1,0,1,1,1,66,11,1
2199,2,1,2,1,0,67,12,1
2199,3,2,3,1,1,68,13,1
2199,4,3,3.579,0.579,0,69,14,1
2200,1,0,1,1,0,77,10,1
2200,2,1,2,1,0,78,11,1
2200,3,2,3,1,0,79,12,1
2200,4,3,3.451,0.451,0,80,13,1
2201,1,0,1,1,0,42,12,1
2201,2,1,2,1,0,43,13,1
2201,3,2,3,1,0,44,14,1
2201,4,3,4,1,0,45,15,1
2201,5,4,4.449,0.449,0,46,16,1
2202,1,0,1,1,0,39,2,1
2202,2,1,2,1,0,40,3,1
2202,3,2,3,1,0,41,4,1
2202,4,3,4,1,0,42,5,1
2202,5,4,5,1,0,43,6,1
2202,6,5,6,1,0,44,7,1
2202,7,6,7,1,0,45,8,1
2202,8,7,8,1,0,46,9,1
2202,9,8,8.69,0.69,0,47,10,1
2203,1,0,1,1,0,44,3,1
2203,2,1,2,1,0,45,4,1
2203,3,2,3,1,0,46,5,1
2203,4,3,4,1,0,47,6,1
2203,5,4,5,1,0,48,7,1
2203,6,5,6,1,0,49,8,1
2203,7,6,6.64,0.64,0,50,9,1
2204,1,0,1,1,0,39,4,1
2204,2,1,2,1,1,40,5,1
2204,3,2,3,1,1,41,6,1
2204,4,3,3.234,0.234,0,42,7,1
2205,1,0,1,1,0,24,14,1
2205,2,1,2,1,0,25,15,1
2205,3,2,3,1,0,26,16,1
2205,4,3,4,1,0,27,17,1
2205,5,4,5,1,1,28,18,1
2205,6,5,6,1,0,29,19,1
2205,7,6,7,1,0,30,20,1
2205,8,7,8,1,1,31,21,1
2205,9,8,8.959,0.959,0,32,22,1
2206,1,0,1,1,0,49,6,1
2206,2,1,2,1,0,50,7,1
2206,3,2,3,1,0,51,8,1
2206,4,3,4,1,0,52,9,1
2206,5,4,5,1,0,53,10,1
2206,6,5,6,1,0,54,11,1
2206,7,6,7,1,0,55,12,1
2206,8,7,7.542,0.542,0,56,13,1
2207,1,0,1,1,0,36,16,1
2207,2,1,2,1,0,37,17,1
2207,3,2,3,1,0,38,18,1
2207,4,3,4,1,0,39,19,1
2207,5,4,5,1,0,40,20,1
2207,6,5,6,1,0,41,21,1
2207,7,6,7,1,0,42,22,1
2207,8,7,8,1,0,43,23,1
2207,9,8,9,1,0,44,24,1
2207,10,9,9.725,0.725,1,45,25,1
2208,1,0,1,1,0,59,8,1
2208,2,1,2,1,0,60,9,1
2208,3,2,2.221,0.221,0,61,10,1
2209,1,0,1,1,0,60,6,1
2209,2,1,2,1,0,61,7,1
2209,3,2,3,1,0,62,8,1
2209,4,3,4,1,0,63,9,1
2209,5,4,5,1,0,64,10,1
2209,6,5,6,1,0,65,11,1
2209,7,6,6.401,0.401,0,66,12,1
2210,1,0,1,1,0,45,5,1
2210,2,1,2,1,0,46,6,1
2210,3,2,2.707,0.707,0,47,7,1
2211,1,0,1,1,0,76,11,1
2211,2,1,1.936,0.936,0,77,12,1
2212,1,0,1,1,0,36,3,1
2212,2,1,2,1,0,37,4,1
2212,3,2,3,1,0,38,5,1
2212,4,3,4,1,0,39,6,1
2212,5,4,5,1,0,40,7,1
2212,6,5,5.851,0.851,0,41,8,1
2213,1,0,1,1,0,45,0,1
2213,2,1,2,1,0,46,1,1
2213,3,2,2.595,0.595,0,47,2,1
2214,1,0,1,1,0,40,6,1
2214,2,1,2,1,0,41,7,1
2214,3,2,3,1,1,42,8,1
2214,4,3,4,1,0,43,9,1
2214,5,4,5,1,0,44,10,1
2214,6,5,5.073,0.073,0,45,11,1
2215,1,0,1,1,0,52,6,1
2215,2,1,2,1,0,53,7,1
2215,3,2,3,1,0,54,8,1
2215,4,3,4,1,0,55,9,1
2215,5,4,5,1,0,56,10,1
2215,6,5,5.984,0.984,0,57,11,1
2216,1,0,1,1,0,60,5,1
2216,2,1,1.356,0.356,0,61,6,1
2217,1,0,1,1,1,37,3,1
2217,2,1,2,1,0,38,4,1
2217,3,2,3,1,0,39,5,1
2217,4,3,4,1,0,40,6,1
2217,5,4,5,1,0,41,7,1
2217,6,5,6,1,0,42,8,1
2217,7,6,7,1,0,43,9,1
2217,8,7,8,1,1,44,10,1
2217,9,8,8.683,0.683,0,45,11,1
2218,1,0,1,1,2,39,14,1
2218,2,1,2,1,0,40,15,1
2218,3,2,3,1,0,41,16,1
2218,4,3,4,1,0,42,17,1
2218,5,4,5,1,0,43,18,1
2218,6,5,5.804,0.804,0,44,19,1
2219,1,0,1,1,0,49,4,1
2219,2,1,2,1,0,50,5,1
2219,3,2,2.293,0.293,0,51,6,1
2220,1,0,1,1,0,54,10,1
2220,2,1,2,1,0,55,11,1
2220,3,2,3,1,0,56,12,1
2220,4,3,3.177,0.177,0,57,13,1
2221,1,0,1,1,0,63,9,1
2221,2,1,2,1,0,64,10,1
2221,3,2,3,1,1,65,11,1
2221,4,3,3.804,0.804,0,66,12,1
2222,1,0,1,1,0,54,9,1
2222,2,1,2,1,1,55,10,1
2222,3,2,2.158,0.158,1,56,11,1
2223,1,0,1,1,0,46,20,1
2223,2,1,2,1,0,47,21,1
2223,3,2,3,1,0,48,22,1
2223,4,3,3.76,0.76,0,49,23,1
2224,1,0,1,1,0,44,6,1
2224,2,1,2,1,0,45,7,1
2224,3,2,3,1,0,46,8,1
2224,4,3,4,1,0,47,9,1
2224,5,4,5,1,0,48,10,1
2224,6,5,5.007,0.007,0,49,11,1
2225,1,0,1,1,0,59,0,1
2225,2,1,1.351,0.351,0,60,1,1
2226,1,0,1,1,0,63,6,1
2226,2,1,2,1,0,64,7,1
2226,3,2,3,1,0,65,8,1
2226,4,3,4,1,1,66,9,1
2226,5,4,4.005,0.005,0,67,10,1
2227,1,0,1,1,1,39,2,1
2227,2,1,2,1,0,40,3,1
2227,3,2,3,1,0,41,4,1
2227,4,3,4,1,1,42,5,1
2227,5,4,4.235,0.235,0,43,6,1
2228,1,0,1,1,0,38,10,1
2228,2,1,2,1,0,39,11,1
2228,3,2,3,1,0,40,12,1
2228,4,3,3.169,0.169,0,41,13,1
2229,1,0,1,1,0,23,13,1
2229,2,1,1.335,0.335,0,24,14,1
2230,1,0,1,1,0,48,6,1
2230,2,1,2,1,0,49,7,1
2230,3,2,3,1,0,50,8,1
2230,4,3,4,1,0,51,9,1
2230,5,4,5,1,0,52,10,1
2230,6,5,6,1,0,53,11,1
2230,7,6,7,1,1,54,12,1
2230,8,7,8,1,0,55,13,1
2230,9,8,9,1,0,56,14,1
2230,10,9,9.888,0.888,0,57,15,1
2231,1,0,1,1,0,46,1,1
2231,2,1,2,1,0,47,2,1
2231,3,2,3,1,0,48,3,1
2231,4,3,4,1,0,49,4,1
2231,5,4,4.611,0.611,0,50,5,1
2232,1,0,1,1,0,65,10,1
2232,2,1,2,1,0,66,11,1
2232,3,2,2.565,0.565,0,67,12,1
2233,1,0,1,1,0,48,10,1
2233,2,1,2,1,0,49,11,1
2233,3,2,2.599,0.599,0,50,12,1
2234,1,0,1,1,0,42,7,1
2234,2,1,1.017,0.017,0,43,8,1
2235,1,0,1,1,0,41,4,1
2235,2,1,1.19,0.19,1,42,5,1
2236,1,0,1,1,0,34,13,1
2236,2,1,2,1,0,35,14,1
2236,3,2,3,1,0,36,15,1
2236,4,3,4,1,0,37,16,1
2236,5,4,5,1,0,38,17,1
2236,6,5,6,1,0,39,18,1
2236,7,6,6.525,0.525,0,40,19,1
2237,1,0,1,1,0,47,14,1
2237,2,1,2,1,0,48,15,1
2237,3,2,3,1,0,49,16,1
2237,4,3,4,1,0,50,17,1
2237,5,4,4.747,0.747,0,51,18,1
2238,1,0,1,1,0,22,5,1
2238,2,1,2,1,0,23,6,1
2238,3,2,3,1,0,24,7,1
2238,4,3,3.329,0.329,0,25,8,1
2239,1,0,1,1,0,29,10,1
2239,2,1,2,1,0,30,11,1
2239,3,2,3,1,0,31,12,1
2239,4,3,4,1,1,32,13,1
2239,5,4,4.96,0.96,2,33,14,1
2240,1,0,1,1,1,18,11,1
2240,2,1,2,1,2,19,12,1
2240,3,2,3,1,0,20,13,1
2240,4,3,3.472,0.472,0,21,14,1
2241,1,0,1,1,0,46,12,1
2241,2,1,2,1,0,47,13,1
2241,3,2,3,1,0,48,14,1
2241,4,3,3.282,0.282,0,49,15,1
2242,1,0,1,1,0,45,12,1
2242,2,1,2,1,1,46,13,1
2242,3,2,3,1,1,47,14,1
2242,4,3,4,1,1,48,15,1
2242,5,4,5,1,1,49,16,1
2242,6,5,6,1,0,50,17,1
2242,7,6,7,1,1,51,18,1
2242,8,7,8,1,3,52,19,1
2242,9,8,9,1,1,53,20,1
2242,10,9,9.733,0.733,0,54,21,1
2243,1,0,1,1,0,60,9,1
2243,2,1,2,1,0,61,10,1
2243,3,2,3,1,0,62,11,1
2243,4,3,4,1,0,63,12,1
2243,5,4,5,1,0,64,13,1
2243,6,5,6,1,0,65,14,1
2243,7,6,7,1,1,66,15,1
2243,8,7,7.251,0.251,0,67,16,1
2244,1,0,1,1,0,46,4,1
2244,2,1,1.412,0.412,0,47,5,1
2245,1,0,1,1,1,52,12,1
2245,2,1,2,1,0,53,13,1
2245,3,2,2.029,0.029,0,54,14,1
2246,1,0,1,1,0,57,4,1
2246,2,1,1.53,0.53,0,58,5,1
2247,1,0,1,1,0,65,15,1
2247,2,1,2,1,0,66,16,1
2247,3,2,3,1,0,67,17,1
2247,4,3,4,1,0,68,18,1
2247,5,4,5,1,0,69,19,1
2247,6,5,5.587,0.587,0,70,20,1
2248,1,0,1,1,0,61,4,1
2248,2,1,1.833,0.833,0,62,5,1
2249,1,0,1,1,2,76,13,1
2249,2,1,2,1,0,77,14,1
2249,3,2,2.774,0.774,0,78,15,1
2250,1,0,1,1,1,47,3,1
2250,2,1,2,1,0,48,4,1
2250,3,2,3,1,0,49,5,1
2250,4,3,4,1,1,50,6,1
2250,5,4,5,1,1,51,7,1
2250,6,5,6,1,0,52,8,1
2250,7,6,6.236,0.236,0,53,9,1
2251,1,0,1,1,1,36,19,1
2251,2,1,1.96,0.96,0,37,20,1
2252,1,0,1,1,0,22,18,1
2252,2,1,2,1,0,23,19,1
2252,3,2,3,1,0,24,20,1
2252,4,3,3.405,0.405,0,25,21,1
2253,1,0,1,1,0,41,0,1
2253,2,1,1.531,0.531,0,42,1,1
2254,1,0,1,1,0,43,15,1
2254,2,1,2,1,0,44,16,1
2254,3,2,3,1,0,45,17,1
2254,4,3,4,1,0,46,18,1
2254,5,4,4.97,0.97,0,47,19,1
2255,1,0,1,1,0,67,15,1
2255,2,1,2,1,0,68,16,1
2255,3,2,3,1,0,69,17,1
2255,4,3,3.674,0.674,0,70,18,1
2256,1,0,1,1,0,69,2,1
2256,2,1,2,1,0,70,3,1
2256,3,2,2.18,0.18,0,71,4,1
2257,1,0,1,1,0,39,14,1
2257,2,1,2,1,0,40,15,1
2257,3,2,2.044,0.044,0,41,16,1
2258,1,0,0.727,0.727,0,38,14,1
2259,1,0,1,1,0,24,10,1
2259,2,1,2,1,0,25,11,1
2259,3,2,3,1,0,26,12,1
2259,4,3,3.787,0.787,0,27,13,1
2260,1,0,1,1,0,57,6,1
2260,2,1,2,1,0,58,7,1
2260,3,2,3,1,0,59,8,1
2260,4,3,4,1,0,60,9,1
2260,5,4,4.82,0.82,0,61,10,1
2261,1,0,1,1,0,23,4,1
2261,2,1,1.335,0.335,0,24,5,1
2262,1,0,1,1,0,70,8,1
2262,2,1,2,1,0,71,9,1
2262,3,2,3,1,0,72,10,1
2262,4,3,3.431,0.431,0,73,11,1
2263,1,0,1,1,0,42,7,1
2263,2,1,2,1,0,43,8,1
2263,3,2,3,1,0,44,9,1
2263,4,3,4,1,0,45,10,1
2263,5,4,5,1,0,46,11,1
2263,6,5,5.575,0.575,0,47,12,1
2264,1,0,1,1,0,18,19,1
2264,2,1,2,1,1,19,20,1
2264,3,2,3,1,1,20,21,1
2264,4,3,4,1,2,21,22,1
2264,5,4,5,1,1,22,23,1
2264,6,5,5.063,0.063,0,23,24,1
2265,1,0,1,1,0,54,1,1
2265,2,1,2,1,0,55,2,1
2265,3,2,3,1,0,56,3,1
2265,4,3,4,1,0,57,4,1
2265,5,4,4.948,0.948,0,58,5,1
2266,1,0,1,1,0,45,9,1
2266,2,1,2,1,0,46,10,1
2266,3,2,3,1,0,47,11,1
2266,4,3,4,1,0,48,12,1
2266,5,4,5,1,0,49,13,1
2266,6,5,6,1,0,50,14,1
2266,7,6,6.769,0.769,0,51,15,1
2267,1,0,1,1,0,36,7,1
2267,2,1,2,1,0,37,8,1
2267,3,2,2.66,0.66,0,38,9,1
2268,1,0,1,1,0,49,4,1
2268,2,1,2,1,0,50,5,1
2268,3,2,3,1,0,51,6,1
2268,4,3,3.416,0.416,0,52,7,1
2269,1,0,1,1,0,31,16,1
2269,2,1,2,1,0,32,17,1
2269,3,2,3,1,0,33,18,1
2269,4,3,4,1,1,34,19,1
2269,5,4,5,1,0,35,20,1
2269,6,5,6,1,0,36,21,1
2269,7,6,6.751,0.751,0,37,22,1
2270,1,0,1,1,0,50,18,1
2270,2,1,2,1,0,51,19,1
2270,3,2,3,1,0,52,20,1
2270,4,3,4,1,0,53,21,1
2270,5,4,5,1,0,54,22,1
2270,6,5,6,1,0,55,23,1
2270,7,6,7,1,0,56,24,1
2270,8,7,7.664,0.664,0,57,25,1
2271,1,0,1,1,0,57,10,1
2271,2,1,2,1,0,58,11,1
2271,3,2,3,1,0,59,12,1
2271,4,3,4,1,0,60,13,1
2271,5,4,4.274,0.274,0,61,14,1
2272,1,0,1,1,0,33,12,1
2272,2,1,2,1,0,34,13,1
2272,3,2,3,1,1,35,14,1
2272,4,3,4,1,0,36,15,1
2272,5,4,5,1,0,37,16,1
2272,6,5,5.521,0.521,0,38,17,1
2273,1,0,1,1,0,54,13,1
2273,2,1,2,1,0,55,14,1
2273,3,2,3,1,1,56,15,1
2273,4,3,3.305,0.305,0,57,16,1
2274,1,0,1,1,0,36,13,1
2274,2,1,2,1,0,37,14,1
2274,3,2,3,1,0,38,15,1
2274,4,3,4,1,0,39,16,1
2274,5,4,5,1,0,40,17,1
2274,6,5,6,1,0,41,18,1
2274,7,6,6.224,0.224,0,42,19,1
2275,1,0,1,1,0,46,7,1
2275,2,1,2,1,0,47,8,1
2275,3,2,3,1,0,48,9,1
2275,4,3,4,1,0,49,10,1
2275,5,4,5,1,0,50,11,1
2275,6,5,6,1,0,51,12,1
2275,7,6,7,1,0,52,13,1
2275,8,7,8,1,0,53,14,1
2275,9,8,8.398,0.398,0,54,15,1
2276,1,0,1,1,0,23,4,1
2276,2,1,2,1,1,24,5,1
2276,3,2,3,1,3,25,6,1
2276,4,3,4,1,0,26,7,1
2276,5,4,4.449,0.449,0,27,8,1
2277,1,0,1,1,0,37,8,1
2277,2,1,2,1,0,38,9,1
2277,3,2,2.168,0.168,0,39,10,1
2278,1,0,1,1,0,53,3,1
2278,2,1,2,1,0,54,4,1
2278,3,2,2.853,0.853,0,55,5,1
2279,1,0,0.76,0.76,1,45,9,1
2280,1,0,1,1,0,30,7,1
2280,2,1,2,1,0,31,8,1
2280,3,2,2.801,0.801,0,32,9,1
2281,1,0,0.785,0.785,0,47,10,1
2282,1,0,1,1,0,41,13,1
2282,2,1,2,1,0,42,14,1
2282,3,2,2.95,0.95,0,43,15,1
2283,1,0,1,1,0,66,14,1
2283,2,1,1.378,0.378,0,67,15,1
2284,1,0,1,1,0,37,3,1
2284,2,1,2,1,0,38,4,1
2284,3,2,2.244,0.244,0,39,5,1
2285,1,0,0.497,0.497,0,47,9,1
2286,1,0,1,1,0,45,9,1
2286,2,1,2,1,0,46,10,1
2286,3,2,3,1,0,47,11,1
2286,4,3,3.829,0.829,0,48,12,1
2287,1,0,1,1,0,72,0,1
2287,2,1,2,1,0,73,1,1
2287,3,2,3,1,0,74,2,1
2287,4,3,4,1,0,75,3,1
2287,5,4,4.662,0.662,0,76,4,1
2288,1,0,1,1,0,59,8,1
2288,2,1,1.572,0.572,1,60,9,1
2289,1,0,1,1,0,29,18,1
2289,2,1,2,1,0,30,19,1
2289,3,2,2.699,0.699,0,31,20,1
2290,1,0,1,1,0,19,0,1
2290,2,1,2,1,0,20,1,1
2290,3,2,3,1,0,21,2,1
2290,4,3,4,1,0,22,3,1
2290,5,4,5,1,0,23,4,1
2290,6,5,6,1,0,24,5,1
2290,7,6,6.327,0.327,0,25,6,1
2291,1,0,1,1,0,46,5,1
2291,2,1,2,1,0,47,6,1
2291,3,2,2.546,0.546,0,48,7,1
2292,1,0,1,1,0,21,6,1
2292,2,1,2,1,0,22,7,1
2292,3,2,3,1,0,23,8,1
2292,4,3,4,1,0,24,9,1
2292,5,4,5,1,1,25,10,1
2292,6,5,6,1,0,26,11,1
2292,7,6,7,1,1,27,12,1
2292,8,7,8,1,0,28,13,1
2292,9,8,8.371,0.371,0,29,14,1
2293,1,0,1,1,0,18,16,1
2293,2,1,2,1,1,19,17,1
2293,3,2,3,1,0,20,18,1
2293,4,3,4,1,0,21,19,1
2293,5,4,5,1,0,22,20,1
2293,6,5,5.452,0.452,0,23,21,1
2294,1,0,1,1,0,37,12,1
2294,2,1,2,1,0,38,13,1
2294,3,2,2.263,0.263,0,39,14,1
2295,1,0,0.596,0.596,0,24,13,1
2296,1,0,1,1,0,66,4,1
2296,2,1,2,1,0,67,5,1
2296,3,2,3,1,0,68,6,1
2296,4,3,3.888,0.888,0,69,7,1
2297,1,0,1,1,0,45,8,1
2297,2,1,2,1,0,46,9,1
2297,3,2,2.029,0.029,0,47,10,1
2298,1,0,1,1,0,44,17,1
2298,2,1,2,1,0,45,18,1
2298,3,2,3,1,0,46,19,1
2298,4,3,4,1,0,47,20,1
2298,5,4,5,1,0,48,21,1
2298,6,5,5.012,0.012,0,49,22,1
2299,1,0,1,1,0,56,0,1
2299,2,1,1.253,0.253,0,57,1,1
2300,1,0,1,1,0,43,10,1
2300,2,1,2,1,1,44,11,1
2300,3,2,3,1,0,45,12,1
2300,4,3,3.368,0.368,0,46,13,1
2301,1,0,1,1,1,42,10,1
2301,2,1,2,1,0,43,11,1
2301,3,2,3,1,0,44,12,1
2301,4,3,4,1,0,45,13,1
2301,5,4,5,1,0,46,14,1
2301,6,5,5.143,0.143,0,47,15,1
2302,1,0,1,1,1,64,16,1
2302,2,1,2,1,0,65,17,1
2302,3,2,3,1,0,66,18,1
2302,4,3,4,1,1,67,19,1
2302,5,4,5,1,0,68,20,1
2302,6,5,6,1,0,69,21,1
2302,7,6,7,1,0,70,22,1
2302,8,7,8,1,0,71,23,1
2302,9,8,8.465,0.465,0,72,24,1
2303,1,0,1,1,0,61,7,1
2303,2,1,2,1,0,62,8,1
2303,3,2,3,1,0,63,9,1
2303,4,3,4,1,0,64,10,1
2303,5,4,5,1,0,65,11,1
2303,6,5,5.718,0.718,0,66,12,1
2304,1,0,1,1,0,26,8,1
2304,2,1,2,1,0,27,9,1
2304,3,2,3,1,0,28,10,1
2304,4,3,4,1,0,29,11,1
2304,5,4,4.913,0.913,0,30,12,1
2305,1,0,1,1,0,39,17,1
2305,2,1,2,1,0,40,18,1
2305,3,2,3,1,0,41,19,1
2305,4,3,4,1,0,42,20,1
2305,5,4,5,1,0,43,21,1
2305,6,5,5.796,0.796,0,44,22,1
2306,1,0,1,1,0,76,14,1
2306,2,1,2,1,0,77,15,1
2306,3,2,2.881,0.881,0,78,16,1
2307,1,0,1,1,0,31,19,1
2307,2,1,2,1,0,32,20,1
2307,3,2,3,1,0,33,21,1
2307,4,3,4,1,0,34,22,1
2307,5,4,4.554,0.554,0,35,23,1
2308,1,0,1,1,0,24,6,1
2308,2,1,2,1,0,25,7,1
2308,3,2,3,1,0,26,8,1
2308,4,3,4,1,0,27,9,1
2308,5,4,5,1,0,28,10,1
2308,6,5,5.605,0.605,0,29,11,1
2309,1,0,1,1,0,43,7,1
2309,2,1,2,1,0,44,8,1
2309,3,2,3,1,1,45,9,1
2309,4,3,4,1,1,46,10,1
2309,5,4,5,1,0,47,11,1
2309,6,5,6,1,2,48,12,1
2309,7,6,6.546,0.546,0,49,13,1
2310,1,0,1,1,0,49,6,1
2310,2,1,2,1,0,50,7,1
2310,3,2,3,1,0,51,8,1
2310,4,3,3.438,0.438,0,52,9,1
2311,1,0,1,1,0,33,2,1
2311,2,1,2,1,0,34,3,1
2311,3,2,3,1,0,35,4,1
2311,4,3,4,1,0,36,5,1
2311,5,4,5,1,0,37,6,1
2311,6,5,6,1,0,38,7,1
2311,7,6,6.801,0.801,0,39,8,1
2312,1,0,1,1,0,56,10,1
2312,2,1,2,1,0,57,11,1
2312,3,2,3,1,0,58,12,1
2312,4,3,4,1,0,59,13,1
2312,5,4,5,1,0,60,14,1
2312,6,5,6,1,0,61,15,1
2312,7,6,6.214,0.214,0,62,16,1
2313,1,0,1,1,0,49,5,1
2313,2,1,2,1,0,50,6,1
2313,3,2,2.284,0.284,0,51,7,1
2314,1,0,1,1,0,29,0,1
2314,2,1,2,1,0,30,1,1
2314,3,2,3,1,0,31,2,1
2314,4,3,4,1,0,32,3,1
2314,5,4,5,1,0,33,4,1
2314,6,5,6,1,0,34,5,1
2314,7,6,7,1,0,35,6,1
2314,8,7,8,1,0,36,7,1
2314,9,8,8.363,0.363,0,37,8,1
2315,1,0,1,1,0,45,4,1
2315,2,1,2,1,0,46,5,1
2315,3,2,3,1,0,47,6,1
2315,4,3,3.031,0.031,0,48,7,1
2316,1,0,1,1,0,31,13,1
2316,2,1,1.52,0.52,0,32,14,1
2317,1,0,1,1,0,55,5,1
2317,2,1,2,1,0,56,6,1
2317,3,2,3,1,0,57,7,1
2317,4,3,3.961,0.961,0,58,8,1
2318,1,0,1,1,0,46,6,1
2318,2,1,1.029,0.029,0,47,7,1
2319,1,0,1,1,0,56,10,1
2319,2,1,2,1,0,57,11,1
2319,3,2,2.633,0.633,0,58,12,1
2320,1,0,1,1,0,62,9,1
2320,2,1,2,1,0,63,10,1
2320,3,2,3,1,0,64,11,1
2320,4,3,3.959,0.959,0,65,12,1
2321,1,0,1,1,0,44,5,1
2321,2,1,2,1,0,45,6,1
2321,3,2,3,1,0,46,7,1
2321,4,3,4,1,0,47,8,1
2321,5,4,5,1,0,48,9,1
2321,6,5,6,1,0,49,10,1
2321,7,6,7,1,0,50,11,1
2321,8,7,8,1,0,51,12,1
2321,9,8,9,1,0,52,13,1
2321,10,9,9.257,0.257,0,53,14,1
2322,1,0,1,1,0,18,9,1
2322,2,1,2,1,0,19,10,1
2322,3,2,3,1,1,20,11,1
2322,4,3,4,1,1,21,12,1
2322,5,4,5,1,0,22,13,1
2322,6,5,6,1,0,23,14,1
2322,7,6,6.629,0.629,0,24,15,1
2323,1,0,1,1,0,31,9,1
2323,2,1,2,1,0,32,10,1
2323,3,2,3,1,0,33,11,1
2323,4,3,4,1,0,34,12,1
2323,5,4,5,1,0,35,13,1
2323,6,5,5.944,0.944,0,36,14,1
2324,1,0,1,1,0,54,9,1
2324,2,1,2,1,0,55,10,1
2324,3,2,3,1,0,56,11,1
2324,4,3,4,1,0,57,12,1
2324,5,4,5,1,0,58,13,1
2324,6,5,6,1,0,59,14,1
2324,7,6,6.287,0.287,0,60,15,1
2325,1,0,1,1,0,23,15,1
2325,2,1,2,1,0,24,16,1
2325,3,2,2.421,0.421,0,25,17,1
2326,1,0,1,1,0,47,7,1
2326,2,1,2,1,0,48,8,1
2326,3,2,3,1,0,49,9,1
2326,4,3,4,1,0,50,10,1
2326,5,4,4.526,0.526,0,51,11,1
2327,1,0,1,1,0,51,8,1
2327,2,1,2,1,0,52,9,1
2327,3,2,3,1,0,53,10,1
2327,4,3,4,1,0,54,11,1
2327,5,4,5,1,0,55,12,1
2327,6,5,6,1,0,56,13,1
2327,7,6,6.402,0.402,0,57,14,1
2328,1,0,1,1,0,76,6,1
2328,2,1,1.623,0.623,0,77,7,1
2329,1,0,1,1,0,38,8,1
2329,2,1,2,1,0,39,9,1
2329,3,2,3,1,0,40,10,1
2329,4,3,4,1,0,41,11,1
2329,5,4,4.143,0.143,0,42,12,1
2330,1,0,1,1,0,18,4,1
2330,2,1,1.689,0.689,0,19,5,1
2331,1,0,1,1,0,53,8,1
2331,2,1,2,1,0,54,9,1
2331,3,2,3,1,0,55,10,1
2331,4,3,4,1,0,56,11,1
2331,5,4,4.697,0.697,0,57,12,1
2332,1,0,1,1,0,58,13,1
2332,2,1,2,1,0,59,14,1
2332,3,2,3,1,0,60,15,1
2332,4,3,4,1,0,61,16,1
2332,5,4,4.073,0.073,0,62,17,1
2333,1,0,1,1,0,51,8,1
2333,2,1,2,1,0,52,9,1
2333,3,2,3,1,0,53,10,1
2333,4,3,4,1,0,54,11,1
2333,5,4,5,1,0,55,12,1
2333,6,5,5.591,0.591,0,56,13,1
2334,1,0,1,1,0,45,13,1
2334,2,1,2,1,0,46,14,1
2334,3,2,3,1,0,47,15,1
2334,4,3,4,1,0,48,16,1
2334,5,4,5,1,0,49,17,1
2334,6,5,6,1,0,50,18,1
2334,7,6,7,1,0,51,19,1
2334,8,7,8,1,0,52,20,1
2334,9,8,8.233,0.233,0,53,21,1
2335,1,0,1,1,0,29,18,1
2335,2,1,2,1,0,30,19,1
2335,3,2,3,1,0,31,20,1
2335,4,3,4,1,0,32,21,1
2335,5,4,4.876,0.876,0,33,22,1
2336,1,0,1,1,0,45,5,1
2336,2,1,2,1,0,46,6,1
2336,3,2,3,1,0,47,7,1
2336,4,3,3.652,0.652,0,48,8,1
2337,1,0,1,1,0,39,7,1
2337,2,1,2,1,0,40,8,1
2337,3,2,3,1,0,41,9,1
2337,4,3,4,1,0,42,10,1
2337,5,4,5,1,0,43,11,1
2337,6,5,6,1,0,44,12,1
2337,7,6,7,1,0,45,13,1
2337,8,7,8,1,0,46,14,1
2337,9,8,9,1,0,47,15,1
2337,10,9,9.328,0.328,0,48,16,1
2338,1,0,1,1,1,46,4,1
2338,2,1,2,1,0,47,5,1
2338,3,2,2.774,0.774,0,48,6,1
2339,1,0,1,1,0,42,1,1
2339,2,1,2,1,0,43,2,1
2339,3,2,2.77,0.77,0,44,3,1
2340,1,0,1,1,0,45,9,1
2340,2,1,2,1,0,46,10,1
2340,3,2,3,1,0,47,11,1
2340,4,3,4,1,0,48,12,1
2340,5,4,5,1,0,49,13,1
2340,6,5,6,1,0,50,14,1
2340,7,6,6.803,0.803,0,51,15,1
2341,1,0,1,1,0,50,14,1
2341,2,1,2,1,0,51,15,1
2341,3,2,3,1,0,52,16,1
2341,4,3,4,1,0,53,17,1
2341,5,4,5,1,0,54,18,1
2341,6,5,5.138,0.138,0,55,19,1
2342,1,0,1,1,0,39,10,1
2342,2,1,1.642,0.642,0,40,11,1
2343,1,0,1,1,0,28,10,1
2343,2,1,2,1,0,29,11,1
2343,3,2,3,1,0,30,12,1
2343,4,3,4,1,0,31,13,1
2343,5,4,5,1,1,32,14,1
2343,6,5,6,1,0,33,15,1
2343,7,6,7,1,0,34,16,1
2343,8,7,7.278,0.278,0,35,17,1
2344,1,0,0.951,0.951,0,55,10,1
2345,1,0,1,1,0,34,11,1
2345,2,1,2,1,0,35,12,1
2345,3,2,2.245,0.245,0,36,13,1
2346,1,0,1,1,0,43,18,1
2346,2,1,2,1,0,44,19,1
2346,3,2,3,1,0,45,20,1
2346,4,3,4,1,0,46,21,1
2346,5,4,5,1,1,47,22,1
2346,6,5,5.47,0.47,0,48,23,1
2347,1,0,1,1,0,19,3,1
2347,2,1,2,1,0,20,4,1
2347,3,2,3,1,0,21,5,1
2347,4,3,4,1,0,22,6,1
2347,5,4,5,1,0,23,7,1
2347,6,5,6,1,0,24,8,1
2347,7,6,6.924,0.924,0,25,9,1
2348,1,0,1,1,1,29,7,1
2348,2,1,2,1,0,30,8,1
2348,3,2,3,1,0,31,9,1
2348,4,3,3.488,0.488,0,32,10,1
2349,1,0,1,1,0,43,8,1
2349,2,1,2,1,0,44,9,1
2349,3,2,3,1,0,45,10,1
2349,4,3,4,1,0,46,11,1
2349,5,4,4.494,0.494,0,47,12,1
2350,1,0,1,1,0,56,12,1
2350,2,1,2,1,0,57,13,1
2350,3,2,3,1,0,58,14,1
2350,4,3,4,1,0,59,15,1
2350,5,4,5,1,0,60,16,1
2350,6,5,6,1,0,61,17,1
2350,7,6,6.553,0.553,0,62,18,1
2351,1,0,1,1,0,46,15,1
2351,2,1,2,1,1,47,16,1
2351,3,2,2.675,0.675,0,48,17,1
2352,1,0,1,1,0,66,12,1
2352,2,1,2,1,0,67,13,1
2352,3,2,3,1,0,68,14,1
2352,4,3,3.448,0.448,0,69,15,1
2353,1,0,1,1,0,41,22,1
2353,2,1,2,1,0,42,23,1
2353,3,2,3,1,0,43,24,1
2353,4,3,4,1,1,44,25,1
2353,5,4,5,1,0,45,26,1
2353,6,5,6,1,0,46,27,1
2353,7,6,7,1,0,47,28,1
2353,8,7,8,1,0,48,29,1
2353,9,8,8.615,0.615,0,49,30,1
2354,1,0,1,1,0,40,8,1
2354,2,1,2,1,0,41,9,1
2354,3,2,3,1,0,42,10,1
2354,4,3,4,1,0,43,11,1
2354,5,4,5,1,0,44,12,1
2354,6,5,5.887,0.887,0,45,13,1
2355,1,0,1,1,0,38,4,1
2355,2,1,2,1,0,39,5,1
2355,3,2,3,1,0,40,6,1
2355,4,3,4,1,0,41,7,1
2355,5,4,5,1,0,42,8,1
2355,6,5,6,1,0,43,9,1
2355,7,6,7,1,1,44,10,1
2355,8,7,8,1,0,45,11,1
2355,9,8,8.723,0.723,0,46,12,1
2356,1,0,1,1,0,43,0,1
2356,2,1,2,1,0,44,1,1
2356,3,2,2.515,0.515,0,45,2,1
2357,1,0,0.587,0.587,0,20,6,1
2358,1,0,1,1,0,64,0,1
2358,2,1,2,1,0,65,1,1
2358,3,2,3,1,0,66,2,1
2358,4,3,4,1,0,67,3,1
2358,5,4,5,1,0,68,4,1
2358,6,5,6,1,0,69,5,1
2358,7,6,7,1,0,70,6,1
2358,8,7,7.467,0.467,0,71,7,1
2359,1,0,1,1,0,33,5,1
2359,2,1,2,1,0,34,6,1
2359,3,2,2.554,0.554,0,35,7,1
2360,1,0,1,1,0,37,8,1
2360,2,1,2,1,0,38,9,1
2360,3,2,3,1,0,39,10,1
2360,4,3,4,1,1,40,11,1
2360,5,4,5,1,0,41,12,1
2360,6,5,5.481,0.481,0,42,13,1
2361,1,0,1,1,0,42,4,1
2361,2,1,1.818,0.818,0,43,5,1
2362,1,0,1,1,0,34,8,1
2362,2,1,1.278,0.278,0,35,9,1
2363,1,0,1,1,0,29,5,1
2363,2,1,2,1,0,30,6,1
2363,3,2,2.032,0.032,0,31,7,1
2364,1,0,1,1,0,59,6,1
2364,2,1,2,1,0,60,7,1
2364,3,2,2.05,0.05,0,61,8,1
2365,1,0,1,1,0,57,5,1
2365,2,1,2,1,0,58,6,1
2365,3,2,3,1,0,59,7,1
2365,4,3,4,1,1,60,8,1
2365,5,4,5,1,0,61,9,1
2365,6,5,5.168,0.168,0,62,10,1
2366,1,0,1,1,0,53,3,1
2366,2,1,2,1,0,54,4,1
2366,3,2,2.051,0.051,0,55,5,1
2367,1,0,1,1,0,45,12,1
2367,2,1,1.328,0.328,0,46,13,1
2368,1,0,1,1,0,54,8,1
2368,2,1,2,1,0,55,9,1
2368,3,2,3,1,0,56,10,1
2368,4,3,4,1,0,57,11,1
2368,5,4,4.64,0.64,0,58,12,1
2369,1,0,1,1,0,37,8,1
2369,2,1,2,1,0,38,9,1
2369,3,2,3,1,0,39,10,1
2369,4,3,4,1,0,40,11,1
2369,5,4,4.675,0.675,0,41,12,1
2370,1,0,1,1,0,42,15,1
2370,2,1,2,1,0,43,16,1
2370,3,2,2.641,0.641,0,44,17,1
2371,1,0,1,1,0,40,16,1
2371,2,1,2,1,0,41,17,1
2371,3,2,3,1,0,42,18,1
2371,4,3,4,1,0,43,19,1
2371,5,4,5,1,0,44,20,1
2371,6,5,6,1,0,45,21,1
2371,7,6,6.28,0.28,0,46,22,1
2372,1,0,1,1,0,19,10,1
2372,2,1,2,1,0,20,11,1
2372,3,2,3,1,0,21,12,1
2372,4,3,4,1,0,22,13,1
2372,5,4,4.817,0.817,0,23,14,1
2373,1,0,1,1,0,22,16,1
2373,2,1,2,1,1,23,17,1
2373,3,2,2.611,0.611,0,24,18,1
2374,1,0,1,1,0,52,8,1
2374,2,1,2,1,0,53,9,1
2374,3,2,3,1,0,54,10,1
2374,4,3,4,1,0,55,11,1
2374,5,4,5,1,0,56,12,1
2374,6,5,5.457,0.457,0,57,13,1
2375,1,0,1,1,0,49,4,1
2375,2,1,2,1,0,50,5,1
2375,3,2,3,1,2,51,6,1
2375,4,3,4,1,0,52,7,1
2375,5,4,5,1,0,53,8,1
2375,6,5,5.5,0.5,0,54,9,1
2376,1,0,1,1,0,70,11,1
2376,2,1,2,1,0,71,12,1
2376,3,2,3,1,0,72,13,1
2376,4,3,3.628,0.628,0,73,14,1
2377,1,0,1,1,0,41,19,1
2377,2,1,2,1,0,42,20,1
2377,3,2,2.884,0.884,0,43,21,1
2378,1,0,1,1,0,20,4,1
2378,2,1,2,1,0,21,5,1
2378,3,2,3,1,0,22,6,1
2378,4,3,4,1,0,23,7,1
2378,5,4,5,1,0,24,8,1
2378,6,5,6,1,0,25,9,1
2378,7,6,7,1,0,26,10,1
2378,8,7,7.557,0.557,0,27,11,1
2379,1,0,1,1,0,40,6,1
2379,2,1,2,1,0,41,7,1
2379,3,2,2.472,0.472,0,42,8,1
2380,1,0,1,1,0,78,3,1
2380,2,1,2,1,0,79,4,1
2380,3,2,3,1,0,80,5,1
2380,4,3,4,1,1,81,6,1
2380,5,4,4.356,0.356,1,82,7,1
2381,1,0,1,1,0,67,12,1
2381,2,1,2,1,0,68,13,1
2381,3,2,3,1,0,69,14,1
2381,4,3,4,1,0,70,15,1
2381,5,4,4.157,0.157,0,71,16,1
2382,1,0,1,1,0,56,5,1
2382,2,1,2,1,0,57,6,1
2382,3,2,3,1,0,58,7,1
2382,4,3,4,1,0,59,8,1
2382,5,4,5,1,0,60,9,1
2382,6,5,6,1,0,61,10,1
2382,7,6,6.716,0.716,0,62,11,1
2383,1,0,1,1,0,23,8,1
2383,2,1,2,1,0,24,9,1
2383,3,2,3,1,1,25,10,1
2383,4,3,4,1,0,26,11,1
2383,5,4,5,1,0,27,12,1
2383,6,5,6,1,0,28,13,1
2383,7,6,7,1,1,29,14,1
2383,8,7,8,1,0,30,15,1
2383,9,8,8.457,0.457,0,31,16,1
2384,1,0,1,1,0,85,13,1
2384,2,1,2,1,0,86,14,1
2384,3,2,3,1,0,87,15,1
2384,4,3,4,1,0,88,16,1
2384,5,4,5,1,0,89,17,1
2384,6,5,6,1,0,90,18,1
2384,7,6,7,1,0,91,19,1
2384,8,7,8,1,1,92,20,1
2384,9,8,8.012,0.012,0,93,21,1
2385,1,0,1,1,0,29,0,1
2385,2,1,2,1,0,30,1,1
2385,3,2,3,1,0,31,2,1
2385,4,3,4,1,0,32,3,1
2385,5,4,4.149,0.149,0,33,4,1
2386,1,0,1,1,0,18,4,1
2386,2,1,2,1,0,19,5,1
2386,3,2,3,1,0,20,6,1
2386,4,3,4,1,0,21,7,1
2386,5,4,5,1,0,22,8,1
2386,6,5,6,1,0,23,9,1
2386,7,6,7,1,0,24,10,1
2386,8,7,7.668,0.668,0,25,11,1
2387,1,0,1,1,0,34,9,1
2387,2,1,2,1,1,35,10,1
2387,3,2,3,1,0,36,11,1
2387,4,3,4,1,0,37,12,1
2387,5,4,5,1,0,38,13,1
2387,6,5,6,1,0,39,14,1
2387,7,6,6.068,0.068,0,40,15,1
2388,1,0,1,1,0,45,13,1
2388,2,1,2,1,0,46,14,1
2388,3,2,3,1,0,47,15,1
2388,4,3,4,1,0,48,16,1
2388,5,4,5,1,0,49,17,1
2388,6,5,6,1,0,50,18,1
2388,7,6,6.223,0.223,0,51,19,1
2389,1,0,1,1,0,45,12,1
2389,2,1,1.056,0.056,0,46,13,1
2390,1,0,1,1,0,74,14,1
2390,2,1,2,1,0,75,15,1
2390,3,2,3,1,0,76,16,1
2390,4,3,4,1,0,77,17,1
2390,5,4,5,1,0,78,18,1
2390,6,5,6,1,0,79,19,1
2390,7,6,6.7,0.7,0,80,20,1
2391,1,0,0.706,0.706,0,25,7,1
2392,1,0,1,1,0,47,10,1
2392,2,1,2,1,0,48,11,1
2392,3,2,3,1,0,49,12,1
2392,4,3,3.143,0.143,1,50,13,1
2393,1,0,1,1,0,44,12,1
2393,2,1,2,1,0,45,13,1
2393,3,2,3,1,0,46,14,1
2393,4,3,3.136,0.136,0,47,15,1
2394,1,0,1,1,0,38,10,1
2394,2,1,2,1,0,39,11,1
2394,3,2,3,1,0,40,12,1
2394,4,3,4,1,0,41,13,1
2394,5,4,4.358,0.358,0,42,14,1
2395,1,0,1,1,0,53,0,1
2395,2,1,2,1,0,54,1,1
2395,3,2,3,1,0,55,2,1
2395,4,3,4,1,0,56,3,1
2395,5,4,5,1,0,57,4,1
2395,6,5,6,1,0,58,5,1
2395,7,6,7,1,0,59,6,1
2395,8,7,8,1,0,60,7,1
2395,9,8,8.909,0.909,1,61,8,1
2396,1,0,1,1,0,36,5,1
2396,2,1,2,1,0,37,6,1
2396,3,2,3,1,0,38,7,1
2396,4,3,4,1,0,39,8,1
2396,5,4,5,1,0,40,9,1
2396,6,5,5.542,0.542,0,41,10,1
2397,1,0,1,1,0,26,3,1
2397,2,1,2,1,0,27,4,1
2397,3,2,2.893,0.893,0,28,5,1
2398,1,0,1,1,0,36,5,1
2398,2,1,2,1,0,37,6,1
2398,3,2,3,1,0,38,7,1
2398,4,3,4,1,0,39,8,1
2398,5,4,4.278,0.278,0,40,9,1
2399,1,0,0.481,0.481,0,28,4,1
2400,1,0,1,1,0,45,0,1
2400,2,1,1.701,0.701,0,46,1,1
2401,1,0,1,1,1,57,9,1
2401,2,1,2,1,0,58,10,1
2401,3,2,3,1,3,59,11,1
2401,4,3,3.399,0.399,0,60,12,1
2402,1,0,1,1,0,35,7,1
2402,2,1,2,1,0,36,8,1
2402,3,2,3,1,0,37,9,1
2402,4,3,4,1,0,38,10,1
2402,5,4,5,1,0,39,11,1
2402,6,5,6,1,0,40,12,1
2402,7,6,7,1,0,41,13,1
2402,8,7,7.382,0.382,0,42,14,1
2403,1,0,1,1,0,54,4,1
2403,2,1,2,1,0,55,5,1
2403,3,2,2.506,0.506,0,56,6,1
2404,1,0,1,1,0,44,16,1
2404,2,1,2,1,0,45,17,1
2404,3,2,2.653,0.653,0,46,18,1
2405,1,0,1,1,0,44,6,1
2405,2,1,2,1,0,45,7,1
2405,3,2,3,1,0,46,8,1
2405,4,3,4,1,0,47,9,1
2405,5,4,5,1,0,48,10,1
2405,6,5,6,1,0,49,11,1
2405,7,6,7,1,0,50,12,1
2405,8,7,7.262,0.262,0,51,13,1
2406,1,0,1,1,0,38,4,1
2406,2,1,2,1,0,39,5,1
2406,3,2,3,1,0,40,6,1
2406,4,3,4,1,0,41,7,1
2406,5,4,5,1,0,42,8,1
2406,6,5,6,1,0,43,9,1
2406,7,6,7,1,0,44,10,1
2406,8,7,7.661,0.661,0,45,11,1
2407,1,0,1,1,0,42,6,1
2407,2,1,2,1,0,43,7,1
2407,3,2,2.623,0.623,0,44,8,1
2408,1,0,1,1,0,26,11,1
2408,2,1,2,1,0,27,12,1
2408,3,2,2.573,0.573,0,28,13,1
2409,1,0,1,1,0,41,17,1
2409,2,1,1.982,0.982,0,42,18,1
2410,1,0,1,1,0,31,15,1
2410,2,1,2,1,0,32,16,1
2410,3,2,2.134,0.134,0,33,17,1
2411,1,0,1,1,0,47,5,1
2411,2,1,2,1,0,48,6,1
2411,3,2,3,1,0,49,7,1
2411,4,3,4,1,0,50,8,1
2411,5,4,5,1,0,51,9,1
2411,6,5,6,1,0,52,10,1
2411,7,6,7,1,0,53,11,1
2411,8,7,7.745,0.745,0,54,12,1
2412,1,0,1,1,0,73,13,1
2412,2,1,2,1,0,74,14,1
2412,3,2,3,1,0,75,15,1
2412,4,3,4,1,0,76,16,1
2412,5,4,4.652,0.652,1,77,17,1
2413,1,0,1,1,1,48,10,1
2413,2,1,2,1,1,49,11,1
2413,3,2,3,1,0,50,12,1
2413,4,3,4,1,0,51,13,1
2413,5,4,5,1,0,52,14,1
2413,6,5,6,1,0,53,15,1
2413,7,6,7,1,0,54,16,1
2413,8,7,8,1,0,55,17,1
2413,9,8,8.895,0.895,1,56,18,1
2414,1,0,1,1,1,72,13,1
2414,2,1,2,1,0,73,14,1
2414,3,2,3,1,0,74,15,1
2414,4,3,4,1,0,75,16,1
2414,5,4,5,1,0,76,17,1
2414,6,5,6,1,0,77,18,1
2414,7,6,7,1,0,78,19,1
2414,8,7,8,1,0,79,20,1
2414,9,8,9,1,0,80,21,1
2414,10,9,9.267,0.267,0,81,22,1
2415,1,0,1,1,0,22,7,1
2415,2,1,2,1,1,23,8,1
2415,3,2,3,1,0,24,9,1
2415,4,3,4,1,0,25,10,1
2415,5,4,5,1,0,26,11,1
2415,6,5,6,1,0,27,12,1
2415,7,6,7,1,0,28,13,1
2415,8,7,8,1,1,29,14,1
2415,9,8,8.306,0.306,0,30,15,1
2416,1,0,1,1,0,48,5,1
2416,2,1,2,1,0,49,6,1
2416,3,2,3,1,0,50,7,1
2416,4,3,3.435,0.435,0,51,8,1
2417,1,0,1,1,0,75,2,1
2417,2,1,2,1,0,76,3,1
2417,3,2,3,1,0,77,4,1
2417,4,3,4,1,0,78,5,1
2417,5,4,5,1,0,79,6,1
2417,6,5,5.792,0.792,0,80,7,1
2418,1,0,1,1,0,63,14,1
2418,2,1,2,1,0,64,15,1
2418,3,2,3,1,0,65,16,1
2418,4,3,4,1,1,66,17,1
2418,5,4,5,1,0,67,18,1
2418,6,5,5.414,0.414,0,68,19,1
2419,1,0,1,1,0,36,15,1
2419,2,1,2,1,0,37,16,1
2419,3,2,3,1,1,38,17,1
2419,4,3,4,1,0,39,18,1
2419,5,4,4.752,0.752,0,40,19,1
2420,1,0,1,1,0,46,5,1
2420,2,1,2,1,0,47,6,1
2420,3,2,3,1,0,48,7,1
2420,4,3,4,1,0,49,8,1
2420,5,4,5,1,0,50,9,1
2420,6,5,6,1,0,51,10,1
2420,7,6,6.032,0.032,0,52,11,1
2421,1,0,1,1,0,70,10,1
2421,2,1,2,1,0,71,11,1
2421,3,2,3,1,0,72,12,1
2421,4,3,4,1,0,73,13,1
2421,5,4,5,1,0,74,14,1
2421,6,5,6,1,0,75,15,1
2421,7,6,7,1,0,76,16,1
2421,8,7,8,1,0,77,17,1
2421,9,8,9,1,0,78,18,1
2421,10,9,9.756,0.756,0,79,19,1
2422,1,0,1,1,0,27,6,1
2422,2,1,2,1,0,28,7,1
2422,3,2,2.582,0.582,0,29,8,1
2423,1,0,1,1,0,42,15,1
2423,2,1,2,1,0,43,16,1
2423,3,2,3,1,0,44,17,1
2423,4,3,4,1,0,45,18,1
2423,5,4,5,1,0,46,19,1
2423,6,5,6,1,0,47,20,1
2423,7,6,7,1,0,48,21,1
2423,8,7,8,1,0,49,22,1
2423,9,8,8.352,0.352,1,50,23,1
2424,1,0,1,1,0,53,9,1
2424,2,1,2,1,0,54,10,1
2424,3,2,3,1,0,55,11,1
2424,4,3,4,1,0,56,12,1
2424,5,4,5,1,0,57,13,1
2424,6,5,6,1,0,58,14,1
2424,7,6,7,1,0,59,15,1
2424,8,7,8,1,0,60,16,1
2424,9,8,9,1,1,61,17,1
2424,10,9,9.377,0.377,0,62,18,1
2425,1,0,1,1,1,40,5,1
2425,2,1,2,1,0,41,6,1
2425,3,2,3,1,0,42,7,1
2425,4,3,4,1,0,43,8,1
2425,5,4,4.788,0.788,0,44,9,1
2426,1,0,1,1,1,27,13,1
2426,2,1,2,1,0,28,14,1
2426,3,2,3,1,0,29,15,1
2426,4,3,4,1,0,30,16,1
2426,5,4,5,1,0,31,17,1
2426,6,5,6,1,1,32,18,1
2426,7,6,7,1,0,33,19,1
2426,8,7,7.959,0.959,0,34,20,1
2427,1,0,1,1,0,44,5,1
2427,2,1,1.166,0.166,0,45,6,1
2428,1,0,1,1,0,18,9,1
2428,2,1,2,1,0,19,10,1
2428,3,2,3,1,0,20,11,1
2428,4,3,3.025,0.025,0,21,12,1
2429,1,0,1,1,0,41,8,1
2429,2,1,2,1,0,42,9,1
2429,3,2,3,1,0,43,10,1
2429,4,3,3.791,0.791,0,44,11,1
2430,1,0,1,1,0,51,6,1
2430,2,1,2,1,0,52,7,1
2430,3,2,3,1,0,53,8,1
2430,4,3,4,1,1,54,9,1
2430,5,4,5,1,0,55,10,1
2430,6,5,6,1,0,56,11,1
2430,7,6,6.436,0.436,0,57,12,1
2431,1,0,1,1,0,27,10,1
2431,2,1,2,1,1,28,11,1
2431,3,2,3,1,1,29,12,1
2431,4,3,4,1,1,30,13,1
2431,5,4,4.116,0.116,0,31,14,1
2432,1,0,1,1,0,41,8,1
2432,2,1,2,1,0,42,9,1
2432,3,2,3,1,0,43,10,1
2432,4,3,3.023,0.023,0,44,11,1
2433,1,0,1,1,0,63,15,1
2433,2,1,2,1,0,64,16,1
2433,3,2,3,1,0,65,17,1
2433,4,3,4,1,0,66,18,1
2433,5,4,5,1,0,67,19,1
2433,6,5,6,1,0,68,20,1
2433,7,6,6.374,0.374,0,69,21,1
2434,1,0,1,1,0,43,10,1
2434,2,1,2,1,2,44,11,1
2434,3,2,3,1,0,45,12,1
2434,4,3,3.356,0.356,0,46,13,1
2435,1,0,1,1,0,30,8,1
2435,2,1,2,1,0,31,9,1
2435,3,2,3,1,0,32,10,1
2435,4,3,4,1,0,33,11,1
2435,5,4,5,1,0,34,12,1
2435,6,5,5.307,0.307,0,35,13,1
2436,1,0,1,1,0,18,13,1
2436,2,1,2,1,0,19,14,1
2436,3,2,3,1,1,20,15,1
2436,4,3,4,1,0,21,16,1
2436,5,4,4.742,0.742,1,22,17,1
2437,1,0,1,1,0,63,10,1
2437,2,1,2,1,0,64,11,1
2437,3,2,3,1,0,65,12,1
2437,4,3,4,1,0,66,13,1
2437,5,4,5,1,0,67,14,1
2437,6,5,5.757,0.757,0,68,15,1
2438,1,0,1,1,0,65,5,1
2438,2,1,2,1,0,66,6,1
2438,3,2,3,1,0,67,7,1
2438,4,3,3.545,0.545,0,68,8,1
2439,1,0,1,1,0,26,5,1
2439,2,1,2,1,0,27,6,1
2439,3,2,3,1,0,28,7,1
2439,4,3,4,1,2,29,8,1
2439,5,4,5,1,1,30,9,1
2439,6,5,6,1,0,31,10,1
2439,7,6,6.131,0.131,0,32,11,1
2440,1,0,1,1,0,21,7,1
2440,2,1,2,1,0,22,8,1
2440,3,2,3,1,0,23,9,1
2440,4,3,4,1,1,24,10,1
2440,5,4,5,1,0,25,11,1
2440,6,5,6,1,0,26,12,1
2440,7,6,7,1,0,27,13,1
2440,8,7,8,1,0,28,14,1
2440,9,8,8.293,0.293,0,29,15,1
2441,1,0,1,1,0,47,0,1
2441,2,1,1.407,0.407,0,48,1,1
2442,1,0,1,1,0,48,8,1
2442,2,1,1.099,0.099,0,49,9,1
2443,1,0,1,1,0,31,15,1
2443,2,1,1.22,0.22,0,32,16,1
2444,1,0,1,1,0,34,7,1
2444,2,1,2,1,0,35,8,1
2444,3,2,3,1,0,36,9,1
2444,4,3,4,1,0,37,10,1
2444,5,4,5,1,0,38,11,1
2444,6,5,6,1,0,39,12,1
2444,7,6,6.516,0.516,0,40,13,1
2445,1,0,1,1,0,20,12,1
2445,2,1,2,1,0,21,13,1
2445,3,2,2.42,0.42,0,22,14,1
2446,1,0,1,1,0,38,5,1
2446,2,1,1.625,0.625,0,39,6,1
2447,1,0,1,1,0,51,8,1
2447,2,1,2,1,2,52,9,1
2447,3,2,3,1,0,53,10,1
2447,4,3,4,1,1,54,11,1
2447,5,4,4.475,0.475,0,55,12,1
2448,1,0,1,1,0,28,12,1
2448,2,1,2,1,0,29,13,1
2448,3,2,3,1,0,30,14,1
2448,4,3,4,1,0,31,15,1
2448,5,4,5,1,0,32,16,1
2448,6,5,6,1,0,33,17,1
2448,7,6,7,1,0,34,18,1
2448,8,7,8,1,0,35,19,1
2448,9,8,8.652,0.652,0,36,20,1
2449,1,0,1,1,0,66,4,1
2449,2,1,2,1,0,67,5,1
2449,3,2,3,1,0,68,6,1
2449,4,3,3.563,0.563,0,69,7,1
2450,1,0,1,1,0,18,15,1
2450,2,1,1.101,0.101,0,19,16,1
2451,1,0,1,1,0,22,8,1
2451,2,1,2,1,1,23,9,1
2451,3,2,3,1,0,24,10,1
2451,4,3,4,1,0,25,11,1
2451,5,4,4.844,0.844,0,26,12,1
2452,1,0,1,1,0,39,2,1
2452,2,1,2,1,0,40,3,1
2452,3,2,3,1,0,41,4,1
2452,4,3,3.881,0.881,1,42,5,1
2453,1,0,1,1,0,56,0,1
2453,2,1,2,1,0,57,1,1
2453,3,2,2.818,0.818,0,58,2,1
2454,1,0,0.571,0.571,0,46,10,1
2455,1,0,1,1,0,45,4,1
2455,2,1,2,1,1,46,5,1
2455,3,2,2.25,0.25,0,47,6,1
2456,1,0,1,1,0,28,14,1
2456,2,1,2,1,0,29,15,1
2456,3,2,3,1,0,30,16,1
2456,4,3,4,1,0,31,17,1
2456,5,4,5,1,0,32,18,1
2456,6,5,6,1,0,33,19,1
2456,7,6,7,1,0,34,20,1
2456,8,7,7.585,0.585,0,35,21,1
2457,1,0,1,1,0,58,7,1
2457,2,1,1.442,0.442,0,59,8,1
2458,1,0,1,1,0,36,17,1
2458,2,1,2,1,0,37,18,1
2458,3,2,3,1,0,38,19,1
2458,4,3,3.389,0.389,0,39,20,1
2459,1,0,1,1,0,58,9,1
2459,2,1,2,1,1,59,10,1
2459,3,2,3,1,0,60,11,1
2459,4,3,4,1,0,61,12,1
2459,5,4,5,1,0,62,13,1
2459,6,5,6,1,0,63,14,1
2459,7,6,6.321,0.321,0,64,15,1
2460,1,0,1,1,0,56,0,1
2460,2,1,2,1,0,57,1,1
2460,3,2,3,1,0,58,2,1
2460,4,3,4,1,1,59,3,1
2460,5,4,5,1,1,60,4,1
2460,6,5,6,1,0,61,5,1
2460,7,6,7,1,0,62,6,1
2460,8,7,8,1,0,63,7,1
2460,9,8,9,1,0,64,8,1
2460,10,9,9.133,0.133,0,65,9,1
2461,1,0,1,1,0,48,0,1
2461,2,1,2,1,0,49,1,1
2461,3,2,3,1,0,50,2,1
2461,4,3,4,1,0,51,3,1
2461,5,4,4.384,0.384,0,52,4,1
2462,1,0,1,1,0,37,6,1
2462,2,1,2,1,0,38,7,1
2462,3,2,3,1,0,39,8,1
2462,4,3,3.875,0.875,0,40,9,1
2463,1,0,1,1,0,47,8,1
2463,2,1,2,1,0,48,9,1
2463,3,2,3,1,0,49,10,1
2463,4,3,4,1,0,50,11,1
2463,5,4,5,1,0,51,12,1
2463,6,5,6,1,0,52,13,1
2463,7,6,7,1,0,53,14,1
2463,8,7,7.601,0.601,0,54,15,1
2464,1,0,1,1,0,83,4,1
2464,2,1,2,1,0,84,5,1
2464,3,2,3,1,0,85,6,1
2464,4,3,3.875,0.875,0,86,7,1
2465,1,0,1,1,0,29,1,1
2465,2,1,2,1,1,30,2,1
2465,3,2,2.411,0.411,0,31,3,1
2466,1,0,1,1,0,62,9,1
2466,2,1,2,1,0,63,10,1
2466,3,2,3,1,0,64,11,1
2466,4,3,4,1,0,65,12,1
2466,5,4,5,1,0,66,13,1
2466,6,5,6,1,0,67,14,1
2466,7,6,6.62,0.62,0,68,15,1
2467,1,0,1,1,0,42,1,1
2467,2,1,2,1,0,43,2,1
2467,3,2,2.015,0.015,0,44,3,1
2468,1,0,1,1,0,53,12,1
2468,2,1,2,1,0,54,13,1
2468,3,2,3,1,0,55,14,1
2468,4,3,4,1,0,56,15,1
2468,5,4,4.723,0.723,0,57,16,1
2469,1,0,1,1,0,35,11,1
2469,2,1,2,1,0,36,12,1
2469,3,2,3,1,1,37,13,1
2469,4,3,3.936,0.936,0,38,14,1
2470,1,0,1,1,0,28,10,1
2470,2,1,2,1,0,29,11,1
2470,3,2,3,1,0,30,12,1
2470,4,3,4,1,0,31,13,1
2470,5,4,5,1,0,32,14,1
2470,6,5,6,1,1,33,15,1
2470,7,6,7,1,0,34,16,1
2470,8,7,7.883,0.883,0,35,17,1
2471,1,0,1,1,0,74,10,1
2471,2,1,2,1,0,75,11,1
2471,3,2,3,1,0,76,12,1
2471,4,3,3.917,0.917,0,77,13,1
2472,1,0,1,1,0,19,3,1
2472,2,1,2,1,1,20,4,1
2472,3,2,3,1,1,21,5,1
2472,4,3,4,1,0,22,6,1
2472,5,4,5,1,1,23,7,1
2472,6,5,6,1,0,24,8,1
2472,7,6,7,1,2,25,9,1
2472,8,7,8,1,1,26,10,1
2472,9,8,8.435,0.435,1,27,11,1
2473,1,0,1,1,0,47,17,1
2473,2,1,1.742,0.742,0,48,18,1
2474,1,0,1,1,1,53,13,1
2474,2,1,2,1,0,54,14,1
2474,3,2,3,1,0,55,15,1
2474,4,3,4,1,0,56,16,1
2474,5,4,5,1,0,57,17,1
2474,6,5,6,1,0,58,18,1
2474,7,6,6.163,0.163,0,59,19,1
2475,1,0,1,1,0,53,12,1
2475,2,1,2,1,0,54,13,1
2475,3,2,3,1,1,55,14,1
2475,4,3,3.214,0.214,0,56,15,1
2476,1,0,1,1,1,43,14,1
2476,2,1,1.506,0.506,0,44,15,1
2477,1,0,1,1,0,35,7,1
2477,2,1,2,1,0,36,8,1
2477,3,2,3,1,0,37,9,1
2477,4,3,3.865,0.865,1,38,10,1
2478,1,0,1,1,0,39,17,1
2478,2,1,2,1,0,40,18,1
2478,3,2,2.392,0.392,0,41,19,1
2479,1,0,1,1,0,65,7,1
2479,2,1,2,1,0,66,8,1
2479,3,2,3,1,0,67,9,1
2479,4,3,4,1,0,68,10,1
2479,5,4,4.356,0.356,0,69,11,1
2480,1,0,1,1,0,63,18,1
2480,2,1,2,1,0,64,19,1
2480,3,2,2.513,0.513,0,65,20,1
2481,1,0,1,1,1,46,7,1
2481,2,1,2,1,0,47,8,1
2481,3,2,3,1,0,48,9,1
2481,4,3,4,1,1,49,10,1
2481,5,4,5,1,0,50,11,1
2481,6,5,6,1,0,51,12,1
2481,7,6,6.968,0.968,0,52,13,1
2482,1,0,0.165,0.165,0,39,14,1
2483,1,0,1,1,2,46,5,1
2483,2,1,1.053,0.053,0,47,6,1
2484,1,0,1,1,0,58,5,1
2484,2,1,2,1,0,59,6,1
2484,3,2,3,1,0,60,7,1
2484,4,3,3.256,0.256,0,61,8,1
2485,1,0,1,1,0,71,11,1
2485,2,1,2,1,0,72,12,1
2485,3,2,3,1,0,73,13,1
2485,4,3,4,1,0,74,14,1
2485,5,4,4.998,0.998,0,75,15,1
2486,1,0,1,1,0,33,6,1
2486,2,1,1.775,0.775,0,34,7,1
2487,1,0,1,1,0,50,0,1
2487,2,1,2,1,0,51,1,1
2487,3,2,3,1,0,52,2,1
2487,4,3,3.576,0.576,0,53,3,1
2488,1,0,1,1,0,45,14,1
2488,2,1,2,1,1,46,15,1
2488,3,2,3,1,0,47,16,1
2488,4,3,4,1,0,48,17,1
2488,5,4,5,1,0,49,18,1
2488,6,5,6,1,0,50,19,1
2488,7,6,7,1,0,51,20,1
2488,8,7,8,1,0,52,21,1
2488,9,8,8.214,0.214,0,53,22,1
2489,1,0,1,1,0,44,4,1
2489,2,1,2,1,0,45,5,1
2489,3,2,3,1,0,46,6,1
2489,4,3,4,1,0,47,7,1
2489,5,4,5,1,0,48,8,1
2489,6,5,6,1,0,49,9,1
2489,7,6,7,1,0,50,10,1
2489,8,7,8,1,0,51,11,1
2489,9,8,9,1,0,52,12,1
2489,10,9,9.933,0.933,1,53,13,1
2490,1,0,1,1,0,58,14,1
2490,2,1,2,1,0,59,15,1
2490,3,2,3,1,0,60,16,1
2490,4,3,4,1,0,61,17,1
2490,5,4,5,1,1,62,18,1
2490,6,5,6,1,0,63,19,1
2490,7,6,7,1,0,64,20,1
2490,8,7,8,1,1,65,21,1
2490,9,8,8.959,0.959,0,66,22,1
2491,1,0,1,1,0,69,23,1
2491,2,1,2,1,0,70,24,1
2491,3,2,3,1,0,71,25,1
2491,4,3,4,1,0,72,26,1
2491,5,4,5,1,0,73,27,1
2491,6,5,6,1,0,74,28,1
2491,7,6,6.795,0.795,0,75,29,1
2492,1,0,1,1,0,46,2,1
2492,2,1,2,1,0,47,3,1
2492,3,2,3,1,0,48,4,1
2492,4,3,4,1,0,49,5,1
2492,5,4,5,1,0,50,6,1
2492,6,5,5.443,0.443,0,51,7,1
2493,1,0,1,1,0,18,16,1
2493,2,1,2,1,0,19,17,1
2493,3,2,3,1,0,20,18,1
2493,4,3,3.46,0.46,0,21,19,1
2494,1,0,1,1,0,50,5,1
2494,2,1,2,1,0,51,6,1
2494,3,2,3,1,0,52,7,1
2494,4,3,4,1,0,53,8,1
2494,5,4,5,1,0,54,9,1
2494,6,5,5.132,0.132,0,55,10,1
2495,1,0,1,1,0,73,8,1
2495,2,1,2,1,0,74,9,1
2495,3,2,3,1,0,75,10,1
2495,4,3,3.472,0.472,0,76,11,1
2496,1,0,1,1,0,33,9,1
2496,2,1,1.079,0.079,0,34,10,1
2497,1,0,1,1,0,18,8,1
2497,2,1,2,1,0,19,9,1
2497,3,2,3,1,0,20,10,1
2497,4,3,3.305,0.305,0,21,11,1
2498,1,0,1,1,0,18,7,1
2498,2,1,2,1,0,19,8,1
2498,3,2,3,1,0,20,9,1
2498,4,3,4,1,0,21,10,1
2498,5,4,5,1,0,22,11,1
2498,6,5,6,1,0,23,12,1
2498,7,6,6.844,0.844,0,24,13,1
2499,1,0,1,1,0,18,3,1
2499,2,1,2,1,0,19,4,1
2499,3,2,3,1,0,20,5,1
2499,4,3,4,1,0,21,6,1
2499,5,4,4.271,0.271,0,22,7,1
2500,1,0,1,1,0,38,0,1
2500,2,1,2,1,1,39,1,1
2500,3,2,3,1,0,40,2,1
2500,4,3,3.371,0.371,0,41,3,1
2501,1,0,1,1,0,51,14,1
2501,2,1,2,1,0,52,15,1
2501,3,2,2.647,0.647,0,53,16,1
2502,1,0,1,1,0,64,16,1
2502,2,1,2,1,0,65,17,1
2502,3,2,3,1,0,66,18,1
2502,4,3,4,1,0,67,19,1
2502,5,4,5,1,0,68,20,1
2502,6,5,5.809,0.809,0,69,21,1
2503,1,0,0.277,0.277,0,28,2,1
2504,1,0,1,1,0,37,14,1
2504,2,1,2,1,0,38,15,1
2504,3,2,3,1,0,39,16,1
2504,4,3,4,1,0,40,17,1
2504,5,4,5,1,0,41,18,1
2504,6,5,6,1,0,42,19,1
2504,7,6,6.74,0.74,0,43,20,1
2505,1,0,1,1,0,52,25,1
2505,2,1,2,1,0,53,26,1
2505,3,2,3,1,0,54,27,1
2505,4,3,4,1,0,55,28,1
2505,5,4,4.601,0.601,1,56,29,1
2506,1,0,1,1,0,60,1,1
2506,2,1,2,1,0,61,2,1
2506,3,2,2.495,0.495,0,62,3,1
2507,1,0,1,1,0,78,4,1
2507,2,1,2,1,0,79,5,1
2507,3,2,3,1,0,80,6,1
2507,4,3,3.801,0.801,0,81,7,1
2508,1,0,1,1,0,43,7,1
2508,2,1,2,1,0,44,8,1
2508,3,2,3,1,0,45,9,1
2508,4,3,3.427,0.427,0,46,10,1
2509,1,0,1,1,0,22,12,1
2509,2,1,2,1,0,23,13,1
2509,3,2,3,1,0,24,14,1
2509,4,3,4,1,0,25,15,1
2509,5,4,5,1,0,26,16,1
2509,6,5,6,1,0,27,17,1
2509,7,6,7,1,0,28,18,1
2509,8,7,8,1,0,29,19,1
2509,9,8,9,1,0,30,20,1
2509,10,9,9.65,0.65,0,31,21,1
2510,1,0,1,1,0,56,3,1
2510,2,1,2,1,0,57,4,1
2510,3,2,2.427,0.427,0,58,5,1
2511,1,0,1,1,0,53,13,1
2511,2,1,2,1,0,54,14,1
2511,3,2,3,1,2,55,15,1
2511,4,3,4,1,0,56,16,1
2511,5,4,4.617,0.617,0,57,17,1
2512,1,0,1,1,0,49,11,1
2512,2,1,1.619,0.619,0,50,12,1
2513,1,0,1,1,0,39,20,1
2513,2,1,1.138,0.138,0,40,21,1
2514,1,0,1,1,0,51,7,1
2514,2,1,2,1,0,52,8,1
2514,3,2,3,1,0,53,9,1
2514,4,3,4,1,0,54,10,1
2514,5,4,4.144,0.144,0,55,11,1
2515,1,0,1,1,0,28,7,1
2515,2,1,2,1,0,29,8,1
2515,3,2,3,1,0,30,9,1
2515,4,3,4,1,0,31,10,1
2515,5,4,5,1,0,32,11,1
2515,6,5,6,1,0,33,12,1
2515,7,6,6.331,0.331,0,34,13,1
2516,1,0,1,1,1,57,8,1
2516,2,1,2,1,1,58,9,1
2516,3,2,2.113,0.113,0,59,10,1
2517,1,0,1,1,0,42,10,1
2517,2,1,2,1,0,43,11,1
2517,3,2,3,1,0,44,12,1
2517,4,3,3.538,0.538,0,45,13,1
2518,1,0,1,1,0,72,7,1
2518,2,1,2,1,0,73,8,1
2518,3,2,3,1,0,74,9,1
2518,4,3,4,1,0,75,10,1
2518,5,4,4.097,0.097,0,76,11,1
2519,1,0,1,1,0,39,4,1
2519,2,1,2,1,0,40,5,1
2519,3,2,3,1,0,41,6,1
2519,4,3,3.988,0.988,0,42,7,1
2520,1,0,1,1,0,35,5,1
2520,2,1,2,1,0,36,6,1
2520,3,2,3,1,0,37,7,1
2520,4,3,4,1,0,38,8,1
2520,5,4,5,1,0,39,9,1
2520,6,5,6,1,0,40,10,1
2520,7,6,7,1,0,41,11,1
2520,8,7,7.004,0.004,0,42,12,1
2521,1,0,1,1,0,53,12,1
2521,2,1,2,1,0,54,13,1
2521,3,2,3,1,1,55,14,1
2521,4,3,3.173,0.173,0,56,15,1
2522,1,0,1,1,0,59,12,1
2522,2,1,2,1,0,60,13,1
2522,3,2,2.402,0.402,0,61,14,1
2523,1,0,1,1,0,74,9,1
2523,2,1,2,1,0,75,10,1
2523,3,2,3,1,0,76,11,1
2523,4,3,4,1,0,77,12,1
2523,5,4,4.647,0.647,0,78,13,1
2524,1,0,1,1,0,58,9,1
2524,2,1,2,1,0,59,10,1
2524,3,2,3,1,0,60,11,1
2524,4,3,3.487,0.487,0,61,12,1
2525,1,0,1,1,0,36,13,1
2525,2,1,2,1,1,37,14,1
2525,3,2,3,1,0,38,15,1
2525,4,3,4,1,0,39,16,1
2525,5,4,4.659,0.659,1,40,17,1
2526,1,0,1,1,0,37,11,1
2526,2,1,2,1,0,38,12,1
2526,3,2,2.718,0.718,0,39,13,1
2527,1,0,1,1,0,50,5,1
2527,2,1,2,1,1,51,6,1
2527,3,2,3,1,1,52,7,1
2527,4,3,4,1,0,53,8,1
2527,5,4,5,1,0,54,9,1
2527,6,5,6,1,0,55,10,1
2527,7,6,7,1,0,56,11,1
2527,8,7,7.568,0.568,0,57,12,1
2528,1,0,1,1,0,30,2,1
2528,2,1,1.637,0.637,0,31,3,1
2529,1,0,1,1,0,43,9,1
2529,2,1,2,1,0,44,10,1
2529,3,2,3,1,1,45,11,1
2529,4,3,3.101,0.101,0,46,12,1
2530,1,0,1,1,0,28,0,1
2530,2,1,1.524,0.524,0,29,1,1
2531,1,0,1,1,1,52,1,1
2531,2,1,1.076,0.076,0,53,2,1
2532,1,0,1,1,0,54,14,1
2532,2,1,2,1,0,55,15,1
2532,3,2,3,1,0,56,16,1
2532,4,3,3.035,0.035,0,57,17,1
2533,1,0,1,1,0,25,18,1
2533,2,1,2,1,1,26,19,1
2533,3,2,3,1,0,27,20,1
2533,4,3,3.396,0.396,0,28,21,1
2534,1,0,1,1,0,49,0,1
2534,2,1,2,1,0,50,1,1
2534,3,2,3,1,1,51,2,1
2534,4,3,4,1,0,52,3,1
2534,5,4,5,1,0,53,4,1
2534,6,5,5.618,0.618,0,54,5,1
2535,1,0,1,1,0,65,0,1
2535,2,1,2,1,0,66,1,1
2535,3,2,3,1,0,67,2,1
2535,4,3,4,1,0,68,3,1
2535,5,4,4.92,0.92,0,69,4,1
2536,1,0,1,1,0,60,5,1
2536,2,1,2,1,0,61,6,1
2536,3,2,3,1,0,62,7,1
2536,4,3,4,1,0,63,8,1
2536,5,4,5,1,0,64,9,1
2536,6,5,6,1,1,65,10,1
2536,7,6,7,1,0,66,11,1
2536,8,7,8,1,0,67,12,1
2536,9,8,8.954,0.954,1,68,13,1
2537,1,0,1,1,0,59,8,1
2537,2,1,2,1,0,60,9,1
2537,3,2,3,1,0,61,10,1
2537,4,3,4,1,0,62,11,1
2537,5,4,5,1,0,63,12,1
2537,6,5,6,1,0,64,13,1
2537,7,6,7,1,0,65,14,1
2537,8,7,7.488,0.488,0,66,15,1
2538,1,0,1,1,0,54,15,1
2538,2,1,2,1,0,55,16,1
2538,3,2,3,1,0,56,17,1
2538,4,3,4,1,0,57,18,1
2538,5,4,5,1,0,58,19,1
2538,6,5,5.553,0.553,0,59,20,1
2539,1,0,1,1,0,32,12,1
2539,2,1,2,1,0,33,13,1
2539,3,2,3,1,0,34,14,1
2539,4,3,4,1,0,35,15,1
2539,5,4,4.243,0.243,0,36,16,1
2540,1,0,1,1,0,38,11,1
2540,2,1,2,1,0,39,12,1
2540,3,2,3,1,0,40,13,1
2540,4,3,4,1,0,41,14,1
2540,5,4,5,1,0,42,15,1
2540,6,5,5.899,0.899,0,43,16,1
2541,1,0,1,1,0,67,8,1
2541,2,1,2,1,0,68,9,1
2541,3,2,3,1,0,69,10,1
2541,4,3,4,1,1,70,11,1
2541,5,4,5,1,1,71,12,1
2541,6,5,6,1,0,72,13,1
2541,7,6,7,1,0,73,14,1
2541,8,7,7.583,0.583,0,74,15,1
2542,1,0,1,1,0,52,14,1
2542,2,1,2,1,0,53,15,1
2542,3,2,2.312,0.312,0,54,16,1
2543,1,0,1,1,0,37,15,1
2543,2,1,2,1,0,38,16,1
2543,3,2,3,1,0,39,17,1
2543,4,3,4,1,0,40,18,1
2543,5,4,5,1,0,41,19,1
2543,6,5,6,1,0,42,20,1
2543,7,6,7,1,0,43,21,1
2543,8,7,8,1,0,44,22,1
2543,9,8,8.83,0.83,0,45,23,1
2544,1,0,1,1,0,55,10,1
2544,2,1,2,1,0,56,11,1
2544,3,2,3,1,0,57,12,1
2544,4,3,4,1,1,58,13,1
2544,5,4,5,1,0,59,14,1
2544,6,5,6,1,0,60,15,1
2544,7,6,6.13,0.13,0,61,16,1
2545,1,0,1,1,0,46,2,1
2545,2,1,2,1,0,47,3,1
2545,3,2,2.994,0.994,0,48,4,1
2546,1,0,1,1,0,54,7,1
2546,2,1,2,1,0,55,8,1
2546,3,2,3,1,0,56,9,1
2546,4,3,3.628,0.628,0,57,10,1
2547,1,0,1,1,0,38,12,1
2547,2,1,2,1,0,39,13,1
2547,3,2,3,1,0,40,14,1
2547,4,3,3.986,0.986,0,41,15,1
2548,1,0,1,1,0,44,3,1
2548,2,1,1.183,0.183,0,45,4,1
2549,1,0,1,1,0,36,11,1
2549,2,1,2,1,0,37,12,1
2549,3,2,3,1,0,38,13,1
2549,4,3,4,1,0,39,14,1
2549,5,4,5,1,0,40,15,1
2549,6,5,6,1,1,41,16,1
2549,7,6,6.991,0.991,0,42,17,1
2550,1,0,1,1,0,47,12,1
2550,2,1,1.891,0.891,0,48,13,1
2551,1,0,1,1,0,28,8,1
2551,2,1,1.204,0.204,0,29,9,1
2552,1,0,1,1,0,37,9,1
2552,2,1,2,1,0,38,10,1
2552,3,2,3,1,0,39,11,1
2552,4,3,3.104,0.104,0,40,12,1
2553,1,0,1,1,0,50,12,1
2553,2,1,2,1,0,51,13,1
2553,3,2,3,1,0,52,14,1
2553,4,3,4,1,1,53,15,1
2553,5,4,4.612,0.612,0,54,16,1
2554,1,0,1,1,0,42,17,1
2554,2,1,2,1,0,43,18,1
2554,3,2,2.273,0.273,0,44,19,1
2555,1,0,1,1,1,22,1,1
2555,2,1,2,1,1,23,2,1
2555,3,2,3,1,0,24,3,1
2555,4,3,4,1,1,25,4,1
2555,5,4,5,1,3,26,5,1
2555,6,5,6,1,1,27,6,1
2555,7,6,7,1,0,28,7,1
2555,8,7,8,1,0,29,8,1
2555,9,8,8.172,0.172,1,30,9,1
2556,1,0,1,1,0,47,10,1
2556,2,1,2,1,0,48,11,1
2556,3,2,3,1,0,49,12,1
2556,4,3,4,1,0,50,13,1
2556,5,4,5,1,0,51,14,1
2556,6,5,6,1,0,52,15,1
2556,7,6,7,1,0,53,16,1
2556,8,7,8,1,0,54,17,1
2556,9,8,9,1,0,55,18,1
2556,10,9,9.748,0.748,0,56,19,1
2557,1,0,1,1,3,29,1,1
2557,2,1,2,1,1,30,2,1
2557,3,2,3,1,0,31,3,1
2557,4,3,4,1,4,32,4,1
2557,5,4,5,1,0,33,5,1
2557,6,5,6,1,0,34,6,1
2557,7,6,7,1,1,35,7,1
2557,8,7,7.038,0.038,0,36,8,1
2558,1,0,1,1,1,51,11,1
2558,2,1,2,1,0,52,12,1
2558,3,2,2.882,0.882,0,53,13,1
2559,1,0,1,1,0,45,6,1
2559,2,1,2,1,0,46,7,1
2559,3,2,3,1,1,47,8,1
2559,4,3,3.035,0.035,0,48,9,1
2560,1,0,1,1,1,27,13,1
2560,2,1,2,1,1,28,14,1
2560,3,2,2.193,0.193,0,29,15,1
2561,1,0,1,1,0,22,1,1
2561,2,1,2,1,0,23,2,1
2561,3,2,2.624,0.624,0,24,3,1
2562,1,0,1,1,0,29,11,1
2562,2,1,1.773,0.773,0,30,12,1
2563,1,0,1,1,0,46,20,1
2563,2,1,2,1,0,47,21,1
2563,3,2,2.807,0.807,0,48,22,1
2564,1,0,0.454,0.454,0,51,13,1
2565,1,0,1,1,0,19,10,1
2565,2,1,2,1,0,20,11,1
2565,3,2,3,1,0,21,12,1
2565,4,3,3.643,0.643,0,22,13,1
2566,1,0,1,1,1,50,15,1
2566,2,1,1.659,0.659,0,51,16,1
2567,1,0,1,1,0,33,7,1
2567,2,1,2,1,0,34,8,1
2567,3,2,3,1,0,35,9,1
2567,4,3,4,1,0,36,10,1
2567,5,4,5,1,1,37,11,1
2567,6,5,6,1,0,38,12,1
2567,7,6,7,1,0,39,13,1
2567,8,7,7.194,0.194,0,40,14,1
2568,1,0,1,1,1,32,10,1
2568,2,1,2,1,0,33,11,1
2568,3,2,2.132,0.132,0,34,12,1
2569,1,0,1,1,0,41,11,1
2569,2,1,1.952,0.952,0,42,12,1
2570,1,0,1,1,0,53,11,1
2570,2,1,1.886,0.886,0,54,12,1
2571,1,0,1,1,0,35,6,1
2571,2,1,1.357,0.357,0,36,7,1
2572,1,0,1,1,0,44,16,1
2572,2,1,2,1,0,45,17,1
2572,3,2,3,1,0,46,18,1
2572,4,3,4,1,0,47,19,1
2572,5,4,4.094,0.094,0,48,20,1
2573,1,0,1,1,0,57,13,1
2573,2,1,2,1,0,58,14,1
2573,3,2,3,1,1,59,15,1
2573,4,3,4,1,0,60,16,1
2573,5,4,5,1,0,61,17,1
2573,6,5,5.404,0.404,1,62,18,1
2574,1,0,1,1,0,57,9,1
2574,2,1,2,1,0,58,10,1
2574,3,2,2.984,0.984,0,59,11,1
2575,1,0,1,1,0,56,10,1
2575,2,1,2,1,0,57,11,1
2575,3,2,3,1,0,58,12,1
2575,4,3,4,1,0,59,13,1
2575,5,4,5,1,0,60,14,1
2575,6,5,6,1,0,61,15,1
2575,7,6,7,1,0,62,16,1
2575,8,7,7.313,0.313,0,63,17,1
2576,1,0,1,1,0,37,14,1
2576,2,1,2,1,0,38,15,1
2576,3,2,3,1,0,39,16,1
2576,4,3,3.915,0.915,0,40,17,1
2577,1,0,1,1,1,27,6,1
2577,2,1,2,1,0,28,7,1
2577,3,2,2.93,0.93,0,29,8,1
2578,1,0,1,1,0,54,3,1
2578,2,1,2,1,0,55,4,1
2578,3,2,3,1,0,56,5,1
2578,4,3,4,1,0,57,6,1
2578,5,4,5,1,0,58,7,1
2578,6,5,6,1,0,59,8,1
2578,7,6,7,1,0,60,9,1
2578,8,7,8,1,0,61,10,1
2578,9,8,9,1,0,62,11,1
2578,10,9,9.279,0.279,0,63,12,1
2579,1,0,1,1,0,39,10,1
2579,2,1,1.589,0.589,0,40,11,1
2580,1,0,1,1,0,80,15,1
2580,2,1,1.21,0.21,0,81,16,1
2581,1,0,0.635,0.635,0,18,10,1
2582,1,0,1,1,0,31,0,1
2582,2,1,1.27,0.27,0,32,1,1
2583,1,0,1,1,0,64,9,1
2583,2,1,2,1,0,65,10,1
2583,3,2,3,1,1,66,11,1
2583,4,3,4,1,0,67,12,1
2583,5,4,5,1,0,68,13,1
2583,6,5,5.212,0.212,0,69,14,1
2584,1,0,1,1,0,35,14,1
2584,2,1,2,1,0,36,15,1
2584,3,2,3,1,0,37,16,1
2584,4,3,3.783,0.783,0,38,17,1
2585,1,0,1,1,0,60,8,1
2585,2,1,2,1,0,61,9,1
2585,3,2,3,1,0,62,10,1
2585,4,3,4,1,0,63,11,1
2585,5,4,4.71,0.71,0,64,12,1
2586,1,0,1,1,0,45,9,1
2586,2,1,2,1,0,46,10,1
2586,3,2,3,1,1,47,11,1
2586,4,3,4,1,0,48,12,1
2586,5,4,5,1,1,49,13,1
2586,6,5,6,1,0,50,14,1
2586,7,6,7,1,0,51,15,1
2586,8,7,8,1,0,52,16,1
2586,9,8,8.867,0.867,0,53,17,1
2587,1,0,1,1,0,46,10,1
2587,2,1,2,1,0,47,11,1
2587,3,2,3,1,0,48,12,1
2587,4,3,4,1,0,49,13,1
2587,5,4,5,1,0,50,14,1
2587,6,5,5.118,0.118,0,51,15,1
2588,1,0,1,1,0,24,8,1
2588,2,1,2,1,0,25,9,1
2588,3,2,2.171,0.171,0,26,10,1
2589,1,0,1,1,0,46,10,1
2589,2,1,2,1,0,47,11,1
2589,3,2,3,1,0,48,12,1
2589,4,3,3.689,0.689,0,49,13,1
2590,1,0,0.1,0.1,0,45,17,1
2591,1,0,1,1,0,53,20,1
2591,2,1,2,1,0,54,21,1
2591,3,2,3,1,0,55,22,1
2591,4,3,4,1,0,56,23,1
2591,5,4,4.751,0.751,0,57,24,1
2592,1,0,1,1,0,33,8,1
2592,2,1,1.972,0.972,1,34,9,1
2593,1,0,1,1,0,35,19,1
2593,2,1,2,1,0,36,20,1
2593,3,2,3,1,0,37,21,1
2593,4,3,4,1,0,38,22,1
2593,5,4,4.448,0.448,0,39,23,1
2594,1,0,1,1,0,40,9,1
2594,2,1,2,1,0,41,10,1
2594,3,2,2.458,0.458,0,42,11,1
2595,1,0,1,1,0,75,6,1
2595,2,1,1.752,0.752,0,76,7,1
2596,1,0,0.867,0.867,0,43,10,1
2597,1,0,1,1,0,68,11,1
2597,2,1,2,1,0,69,12,1
2597,3,2,3,1,0,70,13,1
2597,4,3,4,1,0,71,14,1
2597,5,4,5,1,0,72,15,1
2597,6,5,6,1,0,73,16,1
2597,7,6,6.085,0.085,0,74,17,1
2598,1,0,1,1,0,37,4,1
2598,2,1,2,1,1,38,5,1
2598,3,2,2.795,0.795,0,39,6,1
2599,1,0,1,1,0,58,9,1
2599,2,1,2,1,0,59,10,1
2599,3,2,3,1,0,60,11,1
2599,4,3,3.822,0.822,1,61,12,1
2600,1,0,1,1,1,20,11,1
2600,2,1,2,1,0,21,12,1
2600,3,2,3,1,0,22,13,1
2600,4,3,4,1,0,23,14,1
2600,5,4,5,1,0,24,15,1
2600,6,5,5.694,0.694,0,25,16,1
2601,1,0,1,1,0,28,2,1
2601,2,1,2,1,0,29,3,1
2601,3,2,2.634,0.634,0,30,4,1
2602,1,0,1,1,0,73,7,1
2602,2,1,2,1,0,74,8,1
2602,3,2,3,1,0,75,9,1
2602,4,3,3.962,0.962,0,76,10,1
2603,1,0,1,1,0,62,8,1
2603,2,1,2,1,0,63,9,1
2603,3,2,3,1,0,64,10,1
2603,4,3,4,1,0,65,11,1
2603,5,4,4.084,0.084,0,66,12,1
2604,1,0,1,1,0,25,6,1
2604,2,1,2,1,0,26,7,1
2604,3,2,3,1,0,27,8,1
2604,4,3,4,1,2,28,9,1
2604,5,4,5,1,0,29,10,1
2604,6,5,6,1,1,30,11,1
2604,7,6,7,1,2,31,12,1
2604,8,7,7.608,0.608,2,32,13,1
2605,1,0,1,1,0,45,7,1
2605,2,1,2,1,0,46,8,1
2605,3,2,3,1,0,47,9,1
2605,4,3,4,1,0,48,10,1
2605,5,4,5,1,0,49,11,1
2605,6,5,5.041,0.041,0,50,12,1
2606,1,0,1,1,0,49,3,1
2606,2,1,2,1,0,50,4,1
2606,3,2,3,1,0,51,5,1
2606,4,3,4,1,0,52,6,1
2606,5,4,5,1,0,53,7,1
2606,6,5,5.447,0.447,0,54,8,1
2607,1,0,1,1,0,40,12,1
2607,2,1,2,1,0,41,13,1
2607,3,2,3,1,0,42,14,1
2607,4,3,4,1,0,43,15,1
2607,5,4,5,1,0,44,16,1
2607,6,5,6,1,0,45,17,1
2607,7,6,7,1,0,46,18,1
2607,8,7,7.742,0.742,0,47,19,1
2608,1,0,1,1,1,37,8,1
2608,2,1,2,1,0,38,9,1
2608,3,2,3,1,0,39,10,1
2608,4,3,4,1,0,40,11,1
2608,5,4,5,1,1,41,12,1
2608,6,5,5.067,0.067,0,42,13,1
2609,1,0,1,1,0,44,10,1
2609,2,1,2,1,0,45,11,1
2609,3,2,3,1,0,46,12,1
2609,4,3,4,1,0,47,13,1
2609,5,4,5,1,0,48,14,1
2609,6,5,6,1,0,49,15,1
2609,7,6,6.119,0.119,0,50,16,1
2610,1,0,1,1,0,55,10,1
2610,2,1,2,1,0,56,11,1
2610,3,2,3,1,0,57,12,1
2610,4,3,3.723,0.723,0,58,13,1
2611,1,0,1,1,0,28,10,1
2611,2,1,2,1,1,29,11,1
2611,3,2,2.358,0.358,0,30,12,1
2612,1,0,1,1,0,49,8,1
2612,2,1,2,1,0,50,9,1
2612,3,2,3,1,0,51,10,1
2612,4,3,4,1,0,52,11,1
2612,5,4,5,1,0,53,12,1
2612,6,5,6,1,0,54,13,1
2612,7,6,7,1,0,55,14,1
2612,8,7,7.062,0.062,0,56,15,1
2613,1,0,1,1,0,58,17,1
2613,2,1,2,1,0,59,18,1
2613,3,2,3,1,2,60,19,1
2613,4,3,4,1,0,61,20,1
2613,5,4,4.901,0.901,0,62,21,1
2614,1,0,1,1,0,59,10,1
2614,2,1,1.489,0.489,0,60,11,1
2615,1,0,1,1,0,62,16,1
2615,2,1,2,1,0,63,17,1
2615,3,2,3,1,0,64,18,1
2615,4,3,3.806,0.806,0,65,19,1
2616,1,0,1,1,0,58,8,1
2616,2,1,2,1,0,59,9,1
2616,3,2,3,1,0,60,10,1
2616,4,3,4,1,0,61,11,1
2616,5,4,4.49,0.49,0,62,12,1
2617,1,0,0.36,0.36,0,33,3,1
2618,1,0,1,1,0,50,2,1
2618,2,1,2,1,0,51,3,1
2618,3,2,3,1,0,52,4,1
2618,4,3,4,1,0,53,5,1
2618,5,4,5,1,0,54,6,1
2618,6,5,5.826,0.826,0,55,7,1
2619,1,0,1,1,0,69,15,1
2619,2,1,2,1,0,70,16,1
2619,3,2,3,1,0,71,17,1
2619,4,3,4,1,0,72,18,1
2619,5,4,5,1,0,73,19,1
2619,6,5,6,1,0,74,20,1
2619,7,6,7,1,0,75,21,1
2619,8,7,7.523,0.523,0,76,22,1
2620,1,0,1,1,0,74,3,1
2620,2,1,2,1,0,75,4,1
2620,3,2,3,1,0,76,5,1
2620,4,3,4,1,0,77,6,1
2620,5,4,5,1,0,78,7,1
2620,6,5,6,1,0,79,8,1
2620,7,6,7,1,0,80,9,1
2620,8,7,8,1,0,81,10,1
2620,9,8,9,1,0,82,11,1
2620,10,9,9.935,0.935,0,83,12,1
2621,1,0,1,1,0,39,9,1
2621,2,1,2,1,0,40,10,1
2621,3,2,3,1,0,41,11,1
2621,4,3,4,1,0,42,12,1
2621,5,4,5,1,0,43,13,1
2621,6,5,6,1,0,44,14,1
2621,7,6,7,1,0,45,15,1
2621,8,7,8,1,0,46,16,1
2621,9,8,9,1,0,47,17,1
2621,10,9,9.053,0.053,0,48,18,1
2622,1,0,1,1,0,39,8,1
2622,2,1,1.204,0.204,0,40,9,1
2623,1,0,1,1,0,58,8,1
2623,2,1,1.274,0.274,0,59,9,1
2624,1,0,1,1,0,66,13,1
2624,2,1,2,1,0,67,14,1
2624,3,2,2.464,0.464,0,68,15,1
2625,1,0,1,1,0,24,11,1
2625,2,1,2,1,0,25,12,1
2625,3,2,2.85,0.85,0,26,13,1
2626,1,0,1,1,0,56,0,1
2626,2,1,2,1,0,57,1,1
2626,3,2,3,1,0,58,2,1
2626,4,3,3.472,0.472,0,59,3,1
2627,1,0,1,1,0,45,4,1
2627,2,1,2,1,0,46,5,1
2627,3,2,3,1,0,47,6,1
2627,4,3,4,1,0,48,7,1
2627,5,4,4.725,0.725,0,49,8,1
2628,1,0,1,1,1,45,16,1
2628,2,1,2,1,0,46,17,1
2628,3,2,3,1,0,47,18,1
2628,4,3,4,1,0,48,19,1
2628,5,4,5,1,0,49,20,1
2628,6,5,6,1,1,50,21,1
2628,7,6,7,1,1,51,22,1
2628,8,7,8,1,1,52,23,1
2628,9,8,8.33,0.33,0,53,24,1
2629,1,0,1,1,0,38,8,1
2629,2,1,2,1,0,39,9,1
2629,3,2,2.403,0.403,0,40,10,1
2630,1,0,1,1,0,48,6,1
2630,2,1,2,1,0,49,7,1
2630,3,2,3,1,0,50,8,1
2630,4,3,4,1,0,51,9,1
2630,5,4,4.709,0.709,0,52,10,1
2631,1,0,1,1,0,41,0,1
2631,2,1,2,1,0,42,1,1
2631,3,2,3,1,0,43,2,1
2631,4,3,4,1,0,44,3,1
2631,5,4,5,1,0,45,4,1
2631,6,5,6,1,0,46,5,1
2631,7,6,7,1,0,47,6,1
2631,8,7,7.768,0.768,0,48,7,1
2632,1,0,1,1,1,32,5,1
2632,2,1,1.743,0.743,0,33,6,1
2633,1,0,1,1,1,29,5,1
2633,2,1,2,1,0,30,6,1
2633,3,2,2.59,0.59,0,31,7,1
2634,1,0,1,1,0,49,9,1
2634,2,1,2,1,0,50,10,1
2634,3,2,3,1,0,51,11,1
2634,4,3,3.128,0.128,0,52,12,1
2635,1,0,1,1,0,43,9,1
2635,2,1,2,1,0,44,10,1
2635,3,2,2.685,0.685,0,45,11,1
2636,1,0,1,1,0,30,9,1
2636,2,1,2,1,0,31,10,1
2636,3,2,2.798,0.798,0,32,11,1
2637,1,0,1,1,0,39,9,1
2637,2,1,2,1,0,40,10,1
2637,3,2,3,1,0,41,11,1
2637,4,3,4,1,0,42,12,1
2637,5,4,4.793,0.793,0,43,13,1
2638,1,0,1,1,1,56,7,1
2638,2,1,2,1,0,57,8,1
2638,3,2,3,1,0,58,9,1
2638,4,3,4,1,0,59,10,1
2638,5,4,5,1,0,60,11,1
2638,6,5,5.084,0.084,0,61,12,1
2639,1,0,1,1,0,60,0,1
2639,2,1,2,1,0,61,1,1
2639,3,2,2.778,0.778,0,62,2,1
2640,1,0,1,1,0,33,14,1
2640,2,1,2,1,0,34,15,1
2640,3,2,3,1,1,35,16,1
2640,4,3,4,1,0,36,17,1
2640,5,4,5,1,0,37,18,1
2640,6,5,6,1,0,38,19,1
2640,7,6,7,1,0,39,20,1
2640,8,7,7.215,0.215,0,40,21,1
2641,1,0,1,1,0,44,6,1
2641,2,1,2,1,0,45,7,1
2641,3,2,3,1,0,46,8,1
2641,4,3,4,1,0,47,9,1
2641,5,4,5,1,0,48,10,1
2641,6,5,5.62,0.62,0,49,11,1
2642,1,0,1,1,0,30,7,1
2642,2,1,2,1,0,31,8,1
2642,3,2,3,1,0,32,9,1
2642,4,3,4,1,0,33,10,1
2642,5,4,5,1,0,34,11,1
2642,6,5,6,1,0,35,12,1
2642,7,6,7,1,0,36,13,1
2642,8,7,7.567,0.567,0,37,14,1
2643,1,0,1,1,0,56,8,1
2643,2,1,2,1,0,57,9,1
2643,3,2,3,1,0,58,10,1
2643,4,3,4,1,0,59,11,1
2643,5,4,4.397,0.397,0,60,12,1
2644,1,0,1,1,0,32,11,1
2644,2,1,2,1,0,33,12,1
2644,3,2,2.713,0.713,0,34,13,1
2645,1,0,1,1,0,19,14,1
2645,2,1,2,1,0,20,15,1
2645,3,2,3,1,0,21,16,1
2645,4,3,4,1,0,22,17,1
2645,5,4,5,1,0,23,18,1
2645,6,5,6,1,0,24,19,1
2645,7,6,7,1,0,25,20,1
2645,8,7,8,1,0,26,21,1
2645,9,8,9,1,0,27,22,1
2645,10,9,9.16,0.16,0,28,23,1
2646,1,0,1,1,0,34,9,1
2646,2,1,2,1,0,35,10,1
2646,3,2,3,1,0,36,11,1
2646,4,3,3.658,0.658,0,37,12,1
2647,1,0,1,1,0,53,10,1
2647,2,1,1.016,0.016,0,54,11,1
2648,1,0,1,1,0,73,16,1
2648,2,1,1.568,0.568,0,74,17,1
2649,1,0,1,1,0,46,11,1
2649,2,1,2,1,0,47,12,1
2649,3,2,2.465,0.465,0,48,13,1
2650,1,0,1,1,0,73,11,1
2650,2,1,1.54,0.54,0,74,12,1
2651,1,0,1,1,0,49,0,1
2651,2,1,2,1,0,50,1,1
2651,3,2,3,1,0,51,2,1
2651,4,3,4,1,0,52,3,1
2651,5,4,4.345,0.345,0,53,4,1
2652,1,0,1,1,0,54,0,1
2652,2,1,2,1,0,55,1,1
2652,3,2,3,1,0,56,2,1
2652,4,3,4,1,0,57,3,1
2652,5,4,5,1,0,58,4,1
2652,6,5,6,1,0,59,5,1
2652,7,6,6.902,0.902,0,60,6,1
2653,1,0,1,1,0,34,0,1
2653,2,1,2,1,0,35,1,1
2653,3,2,3,1,0,36,2,1
2653,4,3,4,1,0,37,3,1
2653,5,4,5,1,1,38,4,1
2653,6,5,6,1,1,39,5,1
2653,7,6,6.86,0.86,0,40,6,1
2654,1,0,1,1,0,28,0,1
2654,2,1,2,1,0,29,1,1
2654,3,2,3,1,1,30,2,1
2654,4,3,4,1,0,31,3,1
2654,5,4,5,1,0,32,4,1
2654,6,5,6,1,1,33,5,1
2654,7,6,7,1,2,34,6,1
2654,8,7,8,1,1,35,7,1
2654,9,8,9,1,0,36,8,1
2654,10,9,9.367,0.367,0,37,9,1
2655,1,0,1,1,0,62,6,1
2655,2,1,2,1,0,63,7,1
2655,3,2,3,1,0,64,8,1
2655,4,3,4,1,0,65,9,1
2655,5,4,5,1,0,66,10,1
2655,6,5,6,1,0,67,11,1
2655,7,6,7,1,0,68,12,1
2655,8,7,8,1,0,69,13,1
2655,9,8,8.8,0.8,0,70,14,1
2656,1,0,1,1,0,48,11,1
2656,2,1,2,1,0,49,12,1
2656,3,2,3,1,1,50,13,1
2656,4,3,3.013,0.013,0,51,14,1
2657,1,0,1,1,0,56,13,1
2657,2,1,2,1,0,57,14,1
2657,3,2,3,1,0,58,15,1
2657,4,3,4,1,0,59,16,1
2657,5,4,5,1,0,60,17,1
2657,6,5,6,1,0,61,18,1
2657,7,6,6.843,0.843,0,62,19,1
2658,1,0,1,1,0,56,3,1
2658,2,1,2,1,0,57,4,1
2658,3,2,3,1,0,58,5,1
2658,4,3,4,1,0,59,6,1
2658,5,4,5,1,0,60,7,1
2658,6,5,6,1,0,61,8,1
2658,7,6,7,1,0,62,9,1
2658,8,7,8,1,0,63,10,1
2658,9,8,9,1,0,64,11,1
2658,10,9,9.692,0.692,0,65,12,1
2659,1,0,1,1,0,40,2,1
2659,2,1,2,1,0,41,3,1
2659,3,2,3,1,0,42,4,1
2659,4,3,4,1,0,43,5,1
2659,5,4,5,1,0,44,6,1
2659,6,5,5.09,0.09,0,45,7,1
2660,1,0,1,1,0,43,10,1
2660,2,1,1.345,0.345,0,44,11,1
2661,1,0,1,1,1,66,0,1
2661,2,1,2,1,2,67,1,1
2661,3,2,3,1,0,68,2,1
2661,4,3,3.993,0.993,0,69,3,1
2662,1,0,1,1,0,42,4,1
2662,2,1,2,1,0,43,5,1
2662,3,2,3,1,0,44,6,1
2662,4,3,4,1,0,45,7,1
2662,5,4,5,1,0,46,8,1
2662,6,5,6,1,0,47,9,1
2662,7,6,6.735,0.735,0,48,10,1
2663,1,0,1,1,0,42,12,1
2663,2,1,2,1,0,43,13,1
2663,3,2,3,1,1,44,14,1
2663,4,3,4,1,0,45,15,1
2663,5,4,4.054,0.054,0,46,16,1
2664,1,0,1,1,0,45,0,1
2664,2,1,2,1,0,46,1,1
2664,3,2,3,1,0,47,2,1
2664,4,3,4,1,0,48,3,1
2664,5,4,5,1,0,49,4,1
2664,6,5,6,1,0,50,5,1
2664,7,6,7,1,0,51,6,1
2664,8,7,7.719,0.719,0,52,7,1
2665,1,0,1,1,0,64,6,1
2665,2,1,1.252,0.252,0,65,7,1
2666,1,0,1,1,0,33,9,1
2666,2,1,2,1,0,34,10,1
2666,3,2,3,1,1,35,11,1
2666,4,3,4,1,0,36,12,1
2666,5,4,4.385,0.385,0,37,13,1
2667,1,0,1,1,0,52,9,1
2667,2,1,2,1,0,53,10,1
2667,3,2,3,1,0,54,11,1
2667,4,3,4,1,0,55,12,1
2667,5,4,5,1,0,56,13,1
2667,6,5,5.995,0.995,0,57,14,1
2668,1,0,1,1,0,45,7,1
2668,2,1,2,1,0,46,8,1
2668,3,2,3,1,1,47,9,1
2668,4,3,4,1,0,48,10,1
2668,5,4,4.338,0.338,0,49,11,1
2669,1,0,1,1,1,31,7,1
2669,2,1,2,1,1,32,8,1
2669,3,2,2.261,0.261,0,33,9,1
2670,1,0,1,1,0,35,11,1
2670,2,1,2,1,0,36,12,1
2670,3,2,3,1,0,37,13,1
2670,4,3,4,1,1,38,14,1
2670,5,4,5,1,2,39,15,1
2670,6,5,6,1,0,40,16,1
2670,7,6,7,1,0,41,17,1
2670,8,7,8,1,0,42,18,1
2670,9,8,8.011,0.011,0,43,19,1
2671,1,0,1,1,0,31,7,1
2671,2,1,2,1,0,32,8,1
2671,3,2,2.232,0.232,0,33,9,1
2672,1,0,1,1,0,26,8,1
2672,2,1,2,1,0,27,9,1
2672,3,2,3,1,0,28,10,1
2672,4,3,4,1,0,29,11,1
2672,5,4,5,1,0,30,12,1
2672,6,5,6,1,0,31,13,1
2672,7,6,6.213,0.213,0,32,14,1
2673,1,0,1,1,0,61,6,1
2673,2,1,2,1,0,62,7,1
2673,3,2,3,1,0,63,8,1
2673,4,3,4,1,0,64,9,1
2673,5,4,5,1,0,65,10,1
2673,6,5,5.313,0.313,0,66,11,1
2674,1,0,0.819,0.819,0,59,20,1
2675,1,0,1,1,0,50,15,1
2675,2,1,2,1,0,51,16,1
2675,3,2,3,1,0,52,17,1
2675,4,3,4,1,0,53,18,1
2675,5,4,4.044,0.044,0,54,19,1
2676,1,0,1,1,0,39,4,1
2676,2,1,1.915,0.915,0,40,5,1
2677,1,0,1,1,0,50,14,1
2677,2,1,2,1,0,51,15,1
2677,3,2,3,1,0,52,16,1
2677,4,3,4,1,0,53,17,1
2677,5,4,5,1,0,54,18,1
2677,6,5,6,1,0,55,19,1
2677,7,6,7,1,1,56,20,1
2677,8,7,7.8,0.8,0,57,21,1
2678,1,0,1,1,0,43,6,1
2678,2,1,2,1,0,44,7,1
2678,3,2,3,1,0,45,8,1
2678,4,3,4,1,0,46,9,1
2678,5,4,5,1,0,47,10,1
2678,6,5,6,1,0,48,11,1
2678,7,6,7,1,0,49,12,1
2678,8,7,8,1,0,50,13,1
2678,9,8,9,1,0,51,14,1
2678,10,9,9.01,0.01,0,52,15,1
2679,1,0,1,1,0,58,0,1
2679,2,1,2,1,0,59,1,1
2679,3,2,3,1,0,60,2,1
2679,4,3,4,1,0,61,3,1
2679,5,4,5,1,0,62,4,1
2679,6,5,5.341,0.341,0,63,5,1
2680,1,0,1,1,0,76,10,1
2680,2,1,2,1,0,77,11,1
2680,3,2,3,1,0,78,12,1
2680,4,3,4,1,0,79,13,1
2680,5,4,5,1,2,80,14,1
2680,6,5,6,1,0,81,15,1
2680,7,6,6.324,0.324,0,82,16,1
2681,1,0,1,1,0,37,14,1
2681,2,1,2,1,0,38,15,1
2681,3,2,3,1,0,39,16,1
2681,4,3,4,1,0,40,17,1
2681,5,4,4.165,0.165,0,41,18,1
2682,1,0,1,1,0,35,13,1
2682,2,1,2,1,0,36,14,1
2682,3,2,3,1,1,37,15,1
2682,4,3,4,1,1,38,16,1
2682,5,4,5,1,0,39,17,1
2682,6,5,6,1,0,40,18,1
2682,7,6,7,1,0,41,19,1
2682,8,7,8,1,0,42,20,1
2682,9,8,9,1,0,43,21,1
2682,10,9,9.333,0.333,0,44,22,1
2683,1,0,1,1,1,54,6,1
2683,2,1,2,1,0,55,7,1
2683,3,2,2.666,0.666,0,56,8,1
2684,1,0,1,1,0,58,9,1
2684,2,1,2,1,1,59,10,1
2684,3,2,3,1,0,60,11,1
2684,4,3,3.885,0.885,0,61,12,1
2685,1,0,1,1,1,49,5,1
2685,2,1,2,1,0,50,6,1
2685,3,2,3,1,0,51,7,1
2685,4,3,4,1,0,52,8,1
2685,5,4,5,1,0,53,9,1
2685,6,5,5.973,0.973,0,54,10,1
2686,1,0,1,1,0,40,12,1
2686,2,1,2,1,1,41,13,1
2686,3,2,2.302,0.302,0,42,14,1
2687,1,0,1,1,1,21,10,1
2687,2,1,2,1,0,22,11,1
2687,3,2,3,1,0,23,12,1
2687,4,3,4,1,0,24,13,1
2687,5,4,5,1,0,25,14,1
2687,6,5,6,1,0,26,15,1
2687,7,6,7,1,0,27,16,1
2687,8,7,7.818,0.818,1,28,17,1
2688,1,0,1,1,0,39,12,1
2688,2,1,2,1,0,40,13,1
2688,3,2,3,1,0,41,14,1
2688,4,3,3.827,0.827,0,42,15,1
2689,1,0,1,1,0,73,18,1
2689,2,1,1.201,0.201,1,74,19,1
2690,1,0,1,1,0,18,11,1
2690,2,1,2,1,0,19,12,1
2690,3,2,3,1,0,20,13,1
2690,4,3,3.235,0.235,0,21,14,1
2691,1,0,1,1,0,38,18,1
2691,2,1,2,1,0,39,19,1
2691,3,2,3,1,0,40,20,1
2691,4,3,4,1,0,41,21,1
2691,5,4,5,1,0,42,22,1
2691,6,5,6,1,0,43,23,1
2691,7,6,7,1,0,44,24,1
2691,8,7,8,1,0,45,25,1
2691,9,8,9,1,0,46,26,1
2691,10,9,9.017,0.017,0,47,27,1
2692,1,0,1,1,0,27,8,1
2692,2,1,2,1,0,28,9,1
2692,3,2,3,1,0,29,10,1
2692,4,3,4,1,0,30,11,1
2692,5,4,4.705,0.705,0,31,12,1
2693,1,0,1,1,0,72,8,1
2693,2,1,2,1,0,73,9,1
2693,3,2,3,1,0,74,10,1
2693,4,3,4,1,0,75,11,1
2693,5,4,5,1,0,76,12,1
2693,6,5,6,1,0,77,13,1
2693,7,6,7,1,0,78,14,1
2693,8,7,8,1,0,79,15,1
2693,9,8,9,1,0,80,16,1
2693,10,9,9.263,0.263,0,81,17,1
2694,1,0,1,1,0,39,7,1
2694,2,1,2,1,0,40,8,1
2694,3,2,3,1,0,41,9,1
2694,4,3,3.35,0.35,0,42,10,1
2695,1,0,0.655,0.655,0,41,14,1
2696,1,0,1,1,0,37,3,1
2696,2,1,2,1,0,38,4,1
2696,3,2,3,1,0,39,5,1
2696,4,3,4,1,0,40,6,1
2696,5,4,4.912,0.912,0,41,7,1
2697,1,0,1,1,0,58,3,1
2697,2,1,2,1,0,59,4,1
2697,3,2,3,1,0,60,5,1
2697,4,3,4,1,0,61,6,1
2697,5,4,5,1,0,62,7,1
2697,6,5,6,1,0,63,8,1
2697,7,6,6.062,0.062,0,64,9,1
2698,1,0,1,1,0,49,16,1
2698,2,1,2,1,0,50,17,1
2698,3,2,3,1,0,51,18,1
2698,4,3,4,1,0,52,19,1
2698,5,4,5,1,0,53,20,1
2698,6,5,5.963,0.963,0,54,21,1
2699,1,0,1,1,0,24,14,1
2699,2,1,2,1,0,25,15,1
2699,3,2,2.911,0.911,0,26,16,1
2700,1,0,1,1,1,56,8,1
2700,2,1,1.575,0.575,0,57,9,1
2701,1,0,1,1,0,49,7,1
2701,2,1,2,1,0,50,8,1
2701,3,2,3,1,0,51,9,1
2701,4,3,4,1,0,52,10,1
2701,5,4,5,1,0,53,11,1
2701,6,5,6,1,1,54,12,1
2701,7,6,7,1,0,55,13,1
2701,8,7,8,1,0,56,14,1
2701,9,8,8.987,0.987,0,57,15,1
2702,1,0,1,1,0,63,8,1
2702,2,1,2,1,0,64,9,1
2702,3,2,3,1,0,65,10,1
2702,4,3,3.113,0.113,0,66,11,1
2703,1,0,1,1,0,50,11,1
2703,2,1,1.291,0.291,0,51,12,1
2704,1,0,1,1,1,39,8,1
2704,2,1,1.797,0.797,0,40,9,1
2705,1,0,1,1,0,46,3,1
2705,2,1,2,1,0,47,4,1
2705,3,2,2.371,0.371,0,48,5,1
2706,1,0,1,1,0,42,3,1
2706,2,1,2,1,0,43,4,1
2706,3,2,3,1,0,44,5,1
2706,4,3,3.566,0.566,0,45,6,1
2707,1,0,1,1,0,56,12,1
2707,2,1,2,1,0,57,13,1
2707,3,2,3,1,0,58,14,1
2707,4,3,4,1,0,59,15,1
2707,5,4,5,1,0,60,16,1
2707,6,5,5.936,0.936,0,61,17,1
2708,1,0,1,1,0,21,14,1
2708,2,1,1.895,0.895,0,22,15,1
2709,1,0,1,1,0,60,7,1
2709,2,1,2,1,0,61,8,1
2709,3,2,3,1,0,62,9,1
2709,4,3,4,1,0,63,10,1
2709,5,4,5,1,0,64,11,1
2709,6,5,6,1,0,65,12,1
2709,7,6,7,1,0,66,13,1
2709,8,7,7.58,0.58,0,67,14,1
2710,1,0,1,1,0,70,7,1
2710,2,1,1.888,0.888,0,71,8,1
2711,1,0,1,1,1,45,11,1
2711,2,1,1.635,0.635,0,46,12,1
2712,1,0,1,1,0,62,4,1
2712,2,1,2,1,0,63,5,1
2712,3,2,3,1,0,64,6,1
2712,4,3,4,1,0,65,7,1
2712,5,4,5,1,0,66,8,1
2712,6,5,6,1,0,67,9,1
2712,7,6,7,1,0,68,10,1
2712,8,7,8,1,0,69,11,1
2712,9,8,8.081,0.081,0,70,12,1
2713,1,0,1,1,0,56,11,1
2713,2,1,2,1,0,57,12,1
2713,3,2,2.781,0.781,0,58,13,1
2714,1,0,1,1,0,53,4,1
2714,2,1,2,1,0,54,5,1
2714,3,2,3,1,0,55,6,1
2714,4,3,3.17,0.17,0,56,7,1
2715,1,0,1,1,0,44,10,1
2715,2,1,2,1,0,45,11,1
2715,3,2,3,1,0,46,12,1
2715,4,3,4,1,0,47,13,1
2715,5,4,5,1,0,48,14,1
2715,6,5,6,1,0,49,15,1
2715,7,6,7,1,0,50,16,1
2715,8,7,8,1,0,51,17,1
2715,9,8,9,1,0,52,18,1
2715,10,9,9.786,0.786,0,53,19,1
2716,1,0,1,1,0,52,12,1
2716,2,1,1.299,0.299,0,53,13,1
2717,1,0,1,1,0,57,9,1
2717,2,1,1.395,0.395,0,58,10,1
2718,1,0,1,1,0,49,8,1
2718,2,1,1.46,0.46,0,50,9,1
2719,1,0,1,1,0,53,10,1
2719,2,1,2,1,0,54,11,1
2719,3,2,3,1,0,55,12,1
2719,4,3,4,1,0,56,13,1
2719,5,4,5,1,0,57,14,1
2719,6,5,5.885,0.885,0,58,15,1
2720,1,0,1,1,0,42,11,1
2720,2,1,1.05,0.05,0,43,12,1
2721,1,0,1,1,1,43,6,1
2721,2,1,2,1,1,44,7,1
2721,3,2,3,1,0,45,8,1
2721,4,3,4,1,3,46,9,1
2721,5,4,5,1,0,47,10,1
2721,6,5,6,1,0,48,11,1
2721,7,6,6.738,0.738,0,49,12,1
2722,1,0,1,1,0,43,12,1
2722,2,1,2,1,3,44,13,1
2722,3,2,3,1,2,45,14,1
2722,4,3,4,1,1,46,15,1
2722,5,4,5,1,0,47,16,1
2722,6,5,6,1,0,48,17,1
2722,7,6,7,1,1,49,18,1
2722,8,7,8,1,2,50,19,1
2722,9,8,8.423,0.423,0,51,20,1
2723,1,0,1,1,0,48,2,1
2723,2,1,2,1,0,49,3,1
2723,3,2,3,1,0,50,4,1
2723,4,3,4,1,0,51,5,1
2723,5,4,5,1,0,52,6,1
2723,6,5,6,1,0,53,7,1
2723,7,6,7,1,0,54,8,1
2723,8,7,8,1,0,55,9,1
2723,9,8,8.933,0.933,0,56,10,1
2724,1,0,1,1,0,32,9,1
2724,2,1,2,1,0,33,10,1
2724,3,2,3,1,0,34,11,1
2724,4,3,4,1,0,35,12,1
2724,5,4,5,1,0,36,13,1
2724,6,5,6,1,0,37,14,1
2724,7,6,7,1,0,38,15,1
2724,8,7,8,1,0,39,16,1
2724,9,8,8.251,0.251,0,40,17,1
2725,1,0,1,1,0,59,12,1
2725,2,1,2,1,0,60,13,1
2725,3,2,3,1,0,61,14,1
2725,4,3,3.783,0.783,0,62,15,1
2726,1,0,1,1,0,18,8,1
2726,2,1,1.873,0.873,0,19,9,1
2727,1,0,1,1,0,25,9,1
2727,2,1,2,1,0,26,10,1
2727,3,2,3,1,0,27,11,1
2727,4,3,4,1,0,28,12,1
2727,5,4,5,1,0,29,13,1
2727,6,5,6,1,0,30,14,1
2727,7,6,6.785,0.785,1,31,15,1
2728,1,0,1,1,0,41,2,1
2728,2,1,2,1,0,42,3,1
2728,3,2,3,1,0,43,4,1
2728,4,3,4,1,0,44,5,1
2728,5,4,4.649,0.649,0,45,6,1
2729,1,0,1,1,0,41,8,1
2729,2,1,2,1,0,42,9,1
2729,3,2,3,1,1,43,10,1
2729,4,3,3.757,0.757,0,44,11,1
2730,1,0,1,1,0,88,7,1
2730,2,1,2,1,0,89,8,1
2730,3,2,3,1,1,90,9,1
2730,4,3,3.748,0.748,0,91,10,1
2731,1,0,1,1,0,18,10,1
2731,2,1,1.432,0.432,0,19,11,1
2732,1,0,1,1,0,54,0,1
2732,2,1,2,1,0,55,1,1
2732,3,2,3,1,0,56,2,1
2732,4,3,4,1,0,57,3,1
2732,5,4,5,1,0,58,4,1
2732,6,5,6,1,0,59,5,1
2732,7,6,7,1,0,60,6,1
2732,8,7,7.565,0.565,0,61,7,1
2733,1,0,1,1,0,45,10,1
2733,2,1,2,1,0,46,11,1
2733,3,2,3,1,0,47,12,1
2733,4,3,3.044,0.044,0,48,13,1
2734,1,0,1,1,0,44,7,1
2734,2,1,2,1,0,45,8,1
2734,3,2,3,1,0,46,9,1
2734,4,3,4,1,0,47,10,1
2734,5,4,5,1,0,48,11,1
2734,6,5,5.856,0.856,0,49,12,1
2735,1,0,1,1,0,52,2,1
2735,2,1,2,1,0,53,3,1
2735,3,2,2.051,0.051,0,54,4,1
2736,1,0,1,1,0,52,4,1
2736,2,1,2,1,0,53,5,1
2736,3,2,3,1,0,54,6,1
2736,4,3,4,1,0,55,7,1
2736,5,4,5,1,0,56,8,1
2736,6,5,6,1,0,57,9,1
2736,7,6,7,1,0,58,10,1
2736,8,7,8,1,0,59,11,1
2736,9,8,9,1,0,60,12,1
2736,10,9,9.601,0.601,0,61,13,1
2737,1,0,1,1,0,59,13,1
2737,2,1,2,1,0,60,14,1
2737,3,2,3,1,0,61,15,1
2737,4,3,3.759,0.759,0,62,16,1
2738,1,0,1,1,0,54,9,1
2738,2,1,2,1,0,55,10,1
2738,3,2,3,1,0,56,11,1
2738,4,3,3.967,0.967,0,57,12,1
2739,1,0,1,1,0,46,5,1
2739,2,1,2,1,0,47,6,1
2739,3,2,3,1,0,48,7,1
2739,4,3,3.959,0.959,0,49,8,1
2740,1,0,1,1,1,59,4,1
2740,2,1,2,1,0,60,5,1
2740,3,2,2.751,0.751,0,61,6,1
2741,1,0,1,1,0,51,11,1
2741,2,1,2,1,0,52,12,1
2741,3,2,3,1,0,53,13,1
2741,4,3,4,1,0,54,14,1
2741,5,4,5,1,0,55,15,1
2741,6,5,6,1,0,56,16,1
2741,7,6,6.074,0.074,0,57,17,1
2742,1,0,1,1,0,64,3,1
2742,2,1,2,1,0,65,4,1
2742,3,2,3,1,0,66,5,1
2742,4,3,4,1,0,67,6,1
2742,5,4,5,1,0,68,7,1
2742,6,5,5.054,0.054,0,69,8,1
2743,1,0,1,1,0,51,8,1
2743,2,1,2,1,0,52,9,1
2743,3,2,3,1,0,53,10,1
2743,4,3,4,1,0,54,11,1
2743,5,4,5,1,0,55,12,1
2743,6,5,6,1,0,56,13,1
2743,7,6,7,1,0,57,14,1
2743,8,7,8,1,0,58,15,1
2743,9,8,8.722,0.722,0,59,16,1
2744,1,0,1,1,0,49,8,1
2744,2,1,2,1,0,50,9,1
2744,3,2,3,1,0,51,10,1
2744,4,3,4,1,0,52,11,1
2744,5,4,5,1,1,53,12,1
2744,6,5,6,1,1,54,13,1
2744,7,6,6.646,0.646,0,55,14,1
2745,1,0,1,1,1,21,9,1
2745,2,1,2,1,0,22,10,1
2745,3,2,3,1,0,23,11,1
2745,4,3,4,1,0,24,12,1
2745,5,4,4.532,0.532,0,25,13,1
2746,1,0,1,1,0,50,12,1
2746,2,1,2,1,0,51,13,1
2746,3,2,3,1,0,52,14,1
2746,4,3,3.624,0.624,0,53,15,1
2747,1,0,1,1,0,37,8,1
2747,2,1,2,1,0,38,9,1
2747,3,2,3,1,0,39,10,1
2747,4,3,4,1,0,40,11,1
2747,5,4,5,1,0,41,12,1
2747,6,5,6,1,0,42,13,1
2747,7,6,6.452,0.452,0,43,14,1
2748,1,0,1,1,0,34,6,1
2748,2,1,2,1,0,35,7,1
2748,3,2,3,1,0,36,8,1
2748,4,3,4,1,0,37,9,1
2748,5,4,5,1,0,38,10,1
2748,6,5,5.078,0.078,0,39,11,1
2749,1,0,1,1,1,53,13,1
2749,2,1,1.368,0.368,0,54,14,1
2750,1,0,1,1,0,31,3,1
2750,2,1,2,1,0,32,4,1
2750,3,2,3,1,0,33,5,1
2750,4,3,3.803,0.803,0,34,6,1
2751,1,0,1,1,0,55,1,1
2751,2,1,2,1,0,56,2,1
2751,3,2,3,1,0,57,3,1
2751,4,3,4,1,0,58,4,1
2751,5,4,5,1,0,59,5,1
2751,6,5,5.346,0.346,0,60,6,1
2752,1,0,1,1,0,58,3,1
2752,2,1,2,1,0,59,4,1
2752,3,2,3,1,0,60,5,1
2752,4,3,4,1,0,61,6,1
2752,5,4,4.78,0.78,0,62,7,1
2753,1,0,1,1,0,43,14,1
2753,2,1,2,1,0,44,15,1
2753,3,2,3,1,0,45,16,1
2753,4,3,3.481,0.481,0,46,17,1
2754,1,0,1,1,1,56,1,1
2754,2,1,2,1,0,57,2,1
2754,3,2,3,1,0,58,3,1
2754,4,3,4,1,0,59,4,1
2754,5,4,5,1,0,60,5,1
2754,6,5,6,1,1,61,6,1
2754,7,6,6.75,0.75,0,62,7,1
2755,1,0,1,1,1,20,0,1
2755,2,1,2,1,1,21,1,1
2755,3,2,3,1,0,22,2,1
2755,4,3,4,1,0,23,3,1
2755,5,4,4.561,0.561,1,24,4,1
2756,1,0,1,1,1,34,2,1
2756,2,1,1.556,0.556,0,35,3,1
2757,1,0,1,1,0,42,5,1
2757,2,1,2,1,0,43,6,1
2757,3,2,3,1,1,44,7,1
2757,4,3,3.784,0.784,0,45,8,1
2758,1,0,1,1,0,68,10,1
2758,2,1,1.267,0.267,0,69,11,1
2759,1,0,0.833,0.833,0,67,11,1
2760,1,0,1,1,0,38,0,1
2760,2,1,2,1,0,39,1,1
2760,3,2,3,1,0,40,2,1
2760,4,3,3.298,0.298,0,41,3,1
2761,1,0,0.957,0.957,0,63,11,1
2762,1,0,1,1,0,18,9,1
2762,2,1,2,1,0,19,10,1
2762,3,2,3,1,0,20,11,1
2762,4,3,3.537,0.537,0,21,12,1
2763,1,0,1,1,0,19,2,1
2763,2,1,1.333,0.333,0,20,3,1
2764,1,0,1,1,0,51,11,1
2764,2,1,2,1,0,52,12,1
2764,3,2,3,1,0,53,13,1
2764,4,3,4,1,0,54,14,1
2764,5,4,5,1,0,55,15,1
2764,6,5,5.5,0.5,0,56,16,1
2765,1,0,1,1,0,55,9,1
2765,2,1,1.884,0.884,1,56,10,1
2766,1,0,1,1,0,45,14,1
2766,2,1,2,1,0,46,15,1
2766,3,2,2.381,0.381,0,47,16,1
2767,1,0,1,1,0,31,8,1
2767,2,1,1.94,0.94,0,32,9,1
2768,1,0,1,1,0,25,8,1
2768,2,1,2,1,0,26,9,1
2768,3,2,3,1,0,27,10,1
2768,4,3,4,1,0,28,11,1
2768,5,4,4.118,0.118,0,29,12,1
2769,1,0,1,1,0,18,17,1
2769,2,1,1.446,0.446,0,19,18,1
2770,1,0,1,1,0,40,16,1
2770,2,1,2,1,1,41,17,1
2770,3,2,2.887,0.887,0,42,18,1
2771,1,0,1,1,1,31,10,1
2771,2,1,2,1,4,32,11,1
2771,3,2,2.993,0.993,0,33,12,1
2772,1,0,1,1,0,44,18,1
2772,2,1,2,1,0,45,19,1
2772,3,2,3,1,0,46,20,1
2772,4,3,4,1,0,47,21,1
2772,5,4,5,1,0,48,22,1
2772,6,5,6,1,0,49,23,1
2772,7,6,7,1,0,50,24,1
2772,8,7,8,1,0,51,25,1
2772,9,8,9,1,0,52,26,1
2772,10,9,9.678,0.678,0,53,27,1
2773,1,0,1,1,0,60,2,1
2773,2,1,1.098,0.098,0,61,3,1
2774,1,0,1,1,0,40,5,1
2774,2,1,2,1,0,41,6,1
2774,3,2,3,1,0,42,7,1
2774,4,3,4,1,0,43,8,1
2774,5,4,4.824,0.824,0,44,9,1
2775,1,0,1,1,0,38,8,1
2775,2,1,2,1,0,39,9,1
2775,3,2,3,1,0,40,10,1
2775,4,3,3.726,0.726,0,41,11,1
2776,1,0,1,1,0,31,1,1
2776,2,1,2,1,0,32,2,1
2776,3,2,3,1,0,33,3,1
2776,4,3,4,1,0,34,4,1
2776,5,4,5,1,0,35,5,1
2776,6,5,6,1,0,36,6,1
2776,7,6,7,1,0,37,7,1
2776,8,7,7.524,0.524,0,38,8,1
2777,1,0,1,1,0,41,7,1
2777,2,1,1.411,0.411,0,42,8,1
2778,1,0,1,1,1,52,10,1
2778,2,1,2,1,0,53,11,1
2778,3,2,3,1,0,54,12,1
2778,4,3,3.798,0.798,0,55,13,1
2779,1,0,1,1,0,46,10,1
2779,2,1,2,1,0,47,11,1
2779,3,2,3,1,0,48,12,1
2779,4,3,4,1,0,49,13,1
2779,5,4,5,1,0,50,14,1
2779,6,5,6,1,0,51,15,1
2779,7,6,6.67,0.67,1,52,16,1
2780,1,0,1,1,0,21,4,1
2780,2,1,2,1,0,22,5,1
2780,3,2,3,1,0,23,6,1
2780,4,3,4,1,0,24,7,1
2780,5,4,5,1,0,25,8,1
2780,6,5,6,1,0,26,9,1
2780,7,6,7,1,0,27,10,1
2780,8,7,7.436,0.436,0,28,11,1
2781,1,0,1,1,0,53,13,1
2781,2,1,1.404,0.404,0,54,14,1
2782,1,0,1,1,1,18,8,1
2782,2,1,2,1,0,19,9,1
2782,3,2,3,1,0,20,10,1
2782,4,3,4,1,0,21,11,1
2782,5,4,5,1,0,22,12,1
2782,6,5,6,1,0,23,13,1
2782,7,6,7,1,2,24,14,1
2782,8,7,7.741,0.741,2,25,15,1
2783,1,0,1,1,0,66,12,1
2783,2,1,2,1,0,67,13,1
2783,3,2,3,1,0,68,14,1
2783,4,3,4,1,0,69,15,1
2783,5,4,5,1,0,70,16,1
2783,6,5,6,1,0,71,17,1
2783,7,6,7,1,0,72,18,1
2783,8,7,8,1,0,73,19,1
2783,9,8,9,1,0,74,20,1
2783,10,9,9.334,0.334,0,75,21,1
2784,1,0,1,1,0,39,13,1
2784,2,1,2,1,0,40,14,1
2784,3,2,3,1,0,41,15,1
2784,4,3,4,1,1,42,16,1
2784,5,4,5,1,0,43,17,1
2784,6,5,5.886,0.886,0,44,18,1
2785,1,0,1,1,0,45,10,1
2785,2,1,2,1,0,46,11,1
2785,3,2,3,1,0,47,12,1
2785,4,3,4,1,0,48,13,1
2785,5,4,5,1,0,49,14,1
2785,6,5,5.534,0.534,0,50,15,1
2786,1,0,1,1,0,25,4,1
2786,2,1,2,1,0,26,5,1
2786,3,2,3,1,0,27,6,1
2786,4,3,4,1,0,28,7,1
2786,5,4,4.36,0.36,0,29,8,1
2787,1,0,1,1,0,31,9,1
2787,2,1,1.014,0.014,0,32,10,1
2788,1,0,1,1,0,54,11,1
2788,2,1,2,1,1,55,12,1
2788,3,2,2.105,0.105,0,56,13,1
2789,1,0,1,1,0,21,4,1
2789,2,1,2,1,0,22,5,1
2789,3,2,3,1,1,23,6,1
2789,4,3,4,1,0,24,7,1
2789,5,4,5,1,0,25,8,1
2789,6,5,5.135,0.135,0,26,9,1
2790,1,0,1,1,0,33,6,1
2790,2,1,2,1,1,34,7,1
2790,3,2,3,1,1,35,8,1
2790,4,3,3.248,0.248,0,36,9,1
2791,1,0,1,1,0,32,1,1
2791,2,1,2,1,0,33,2,1
2791,3,2,2.293,0.293,0,34,3,1
2792,1,0,1,1,0,44,4,1
2792,2,1,2,1,0,45,5,1
2792,3,2,3,1,0,46,6,1
2792,4,3,3.997,0.997,0,47,7,1
2793,1,0,1,1,0,50,12,1
2793,2,1,2,1,0,51,13,1
2793,3,2,3,1,0,52,14,1
2793,4,3,3.201,0.201,0,53,15,1
2794,1,0,1,1,1,78,11,1
2794,2,1,2,1,0,79,12,1
2794,3,2,3,1,0,80,13,1
2794,4,3,3.469,0.469,0,81,14,1
2795,1,0,1,1,1,24,6,1
2795,2,1,2,1,0,25,7,1
2795,3,2,3,1,0,26,8,1
2795,4,3,3.001,0.001,0,27,9,1
2796,1,0,1,1,0,39,9,1
2796,2,1,2,1,0,40,10,1
2796,3,2,2.885,0.885,1,41,11,1
2797,1,0,1,1,0,67,9,1
2797,2,1,2,1,0,68,10,1
2797,3,2,2.097,0.097,0,69,11,1
2798,1,0,1,1,0,46,6,1
2798,2,1,1.331,0.331,0,47,7,1
2799,1,0,1,1,0,54,15,1
2799,2,1,2,1,0,55,16,1
2799,3,2,3,1,0,56,17,1
2799,4,3,3.089,0.089,0,57,18,1
2800,1,0,1,1,0,44,12,1
2800,2,1,2,1,0,45,13,1
2800,3,2,3,1,0,46,14,1
2800,4,3,4,1,0,47,15,1
2800,5,4,5,1,0,48,16,1
2800,6,5,6,1,0,49,17,1
2800,7,6,6.27,0.27,0,50,18,1
2801,1,0,1,1,0,22,11,1
2801,2,1,2,1,0,23,12,1
2801,3,2,3,1,0,24,13,1
2801,4,3,3.796,0.796,0,25,14,1
2802,1,0,1,1,0,46,2,1
2802,2,1,1.292,0.292,0,47,3,1
2803,1,0,1,1,0,55,12,1
2803,2,1,2,1,0,56,13,1
2803,3,2,3,1,0,57,14,1
2803,4,3,4,1,0,58,15,1
2803,5,4,5,1,0,59,16,1
2803,6,5,5.116,0.116,0,60,17,1
2804,1,0,1,1,0,36,9,1
2804,2,1,2,1,0,37,10,1
2804,3,2,3,1,0,38,11,1
2804,4,3,4,1,0,39,12,1
2804,5,4,5,1,0,40,13,1
2804,6,5,6,1,0,41,14,1
2804,7,6,7,1,0,42,15,1
2804,8,7,7.956,0.956,0,43,16,1
2805,1,0,1,1,0,19,7,1
2805,2,1,2,1,0,20,8,1
2805,3,2,3,1,0,21,9,1
2805,4,3,4,1,0,22,10,1
2805,5,4,5,1,0,23,11,1
2805,6,5,5.468,0.468,0,24,12,1
2806,1,0,1,1,0,44,17,1
2806,2,1,2,1,0,45,18,1
2806,3,2,3,1,0,46,19,1
2806,4,3,3.059,0.059,0,47,20,1
2807,1,0,1,1,0,57,12,1
2807,2,1,2,1,0,58,13,1
2807,3,2,3,1,0,59,14,1
2807,4,3,4,1,0,60,15,1
2807,5,4,5,1,0,61,16,1
2807,6,5,5.621,0.621,0,62,17,1
2808,1,0,1,1,0,47,11,1
2808,2,1,2,1,0,48,12,1
2808,3,2,3,1,0,49,13,1
2808,4,3,4,1,0,50,14,1
2808,5,4,5,1,0,51,15,1
2808,6,5,6,1,1,52,16,1
2808,7,6,7,1,0,53,17,1
2808,8,7,7.364,0.364,0,54,18,1
2809,1,0,1,1,0,38,9,1
2809,2,1,2,1,0,39,10,1
2809,3,2,3,1,0,40,11,1
2809,4,3,4,1,0,41,12,1
2809,5,4,5,1,0,42,13,1
2809,6,5,5.373,0.373,0,43,14,1
2810,1,0,0.549,0.549,1,40,13,1
2811,1,0,1,1,0,61,8,1
2811,2,1,1.752,0.752,0,62,9,1
2812,1,0,1,1,0,30,7,1
2812,2,1,2,1,0,31,8,1
2812,3,2,3,1,0,32,9,1
2812,4,3,4,1,0,33,10,1
2812,5,4,5,1,0,34,11,1
2812,6,5,6,1,0,35,12,1
2812,7,6,7,1,0,36,13,1
2812,8,7,8,1,0,37,14,1
2812,9,8,8.356,0.356,0,38,15,1
2813,1,0,1,1,0,69,11,1
2813,2,1,2,1,0,70,12,1
2813,3,2,2.336,0.336,0,71,13,1
2814,1,0,1,1,0,25,5,1
2814,2,1,2,1,0,26,6,1
2814,3,2,2.836,0.836,1,27,7,1
2815,1,0,1,1,0,40,4,1
2815,2,1,1.609,0.609,1,41,5,1
2816,1,0,1,1,0,47,13,1
2816,2,1,1.418,0.418,0,48,14,1
2817,1,0,1,1,0,57,6,1
2817,2,1,1.013,0.013,0,58,7,1
2818,1,0,1,1,0,63,10,1
2818,2,1,2,1,0,64,11,1
2818,3,2,3,1,0,65,12,1
2818,4,3,4,1,0,66,13,1
2818,5,4,5,1,0,67,14,1
2818,6,5,6,1,0,68,15,1
2818,7,6,6.178,0.178,1,69,16,1
2819,1,0,1,1,0,70,7,1
2819,2,1,2,1,0,71,8,1
2819,3,2,3,1,0,72,9,1
2819,4,3,3.459,0.459,0,73,10,1
2820,1,0,1,1,0,63,10,1
2820,2,1,2,1,0,64,11,1
2820,3,2,3,1,1,65,12,1
2820,4,3,4,1,0,66,13,1
2820,5,4,5,1,0,67,14,1
2820,6,5,6,1,1,68,15,1
2820,7,6,6.179,0.179,0,69,16,1
2821,1,0,1,1,0,69,2,1
2821,2,1,2,1,0,70,3,1
2821,3,2,2.428,0.428,0,71,4,1
2822,1,0,1,1,0,76,9,1
2822,2,1,2,1,0,77,10,1
2822,3,2,3,1,0,78,11,1
2822,4,3,4,1,0,79,12,1
2822,5,4,5,1,0,80,13,1
2822,6,5,6,1,0,81,14,1
2822,7,6,6.202,0.202,0,82,15,1
2823,1,0,1,1,0,41,16,1
2823,2,1,2,1,0,42,17,1
2823,3,2,2.669,0.669,0,43,18,1
2824,1,0,1,1,0,51,12,1
2824,2,1,2,1,0,52,13,1
2824,3,2,3,1,0,53,14,1
2824,4,3,3.901,0.901,0,54,15,1
2825,1,0,1,1,0,37,7,1
2825,2,1,2,1,0,38,8,1
2825,3,2,3,1,0,39,9,1
2825,4,3,4,1,0,40,10,1
2825,5,4,4.405,0.405,0,41,11,1
2826,1,0,1,1,0,43,8,1
2826,2,1,2,1,0,44,9,1
2826,3,2,3,1,0,45,10,1
2826,4,3,4,1,0,46,11,1
2826,5,4,4.78,0.78,0,47,12,1
2827,1,0,1,1,0,63,13,1
2827,2,1,1.278,0.278,0,64,14,1
2828,1,0,1,1,0,39,11,1
2828,2,1,2,1,0,40,12,1
2828,3,2,2.804,0.804,0,41,13,1
2829,1,0,1,1,0,51,4,1
2829,2,1,2,1,0,52,5,1
2829,3,2,3,1,0,53,6,1
2829,4,3,4,1,0,54,7,1
2829,5,4,5,1,0,55,8,1
2829,6,5,6,1,0,56,9,1
2829,7,6,7,1,0,57,10,1
2829,8,7,8,1,0,58,11,1
2829,9,8,8.135,0.135,0,59,12,1
2830,1,0,1,1,1,35,9,1
2830,2,1,2,1,0,36,10,1
2830,3,2,2.331,0.331,0,37,11,1
2831,1,0,1,1,0,20,15,1
2831,2,1,2,1,0,21,16,1
2831,3,2,3,1,0,22,17,1
2831,4,3,3.732,0.732,0,23,18,1
2832,1,0,1,1,0,50,2,1
2832,2,1,2,1,0,51,3,1
2832,3,2,3,1,0,52,4,1
2832,4,3,4,1,0,53,5,1
2832,5,4,4.351,0.351,0,54,6,1
2833,1,0,1,1,0,63,4,1
2833,2,1,2,1,0,64,5,1
2833,3,2,3,1,0,65,6,1
2833,4,3,3.289,0.289,0,66,7,1
2834,1,0,1,1,0,59,12,1
2834,2,1,1.192,0.192,0,60,13,1
2835,1,0,1,1,0,20,3,1
2835,2,1,2,1,0,21,4,1
2835,3,2,3,1,0,22,5,1
2835,4,3,3.322,0.322,0,23,6,1
2836,1,0,1,1,0,67,10,1
2836,2,1,2,1,0,68,11,1
2836,3,2,3,1,0,69,12,1
2836,4,3,4,1,0,70,13,1
2836,5,4,4.009,0.009,0,71,14,1
2837,1,0,1,1,0,27,10,1
2837,2,1,2,1,0,28,11,1
2837,3,2,3,1,0,29,12,1
2837,4,3,4,1,0,30,13,1
2837,5,4,5,1,0,31,14,1
2837,6,5,6,1,0,32,15,1
2837,7,6,7,1,0,33,16,1
2837,8,7,8,1,0,34,17,1
2837,9,8,9,1,0,35,18,1
2837,10,9,9.81,0.81,0,36,19,1
2838,1,0,1,1,1,37,13,1
2838,2,1,2,1,0,38,14,1
2838,3,2,3,1,0,39,15,1
2838,4,3,4,1,0,40,16,1
2838,5,4,5,1,0,41,17,1
2838,6,5,5.274,0.274,0,42,18,1
2839,1,0,1,1,0,55,11,1
2839,2,1,2,1,0,56,12,1
2839,3,2,3,1,0,57,13,1
2839,4,3,3.082,0.082,0,58,14,1
2840,1,0,1,1,1,35,5,1
2840,2,1,2,1,0,36,6,1
2840,3,2,2.854,0.854,0,37,7,1
2841,1,0,1,1,0,58,14,1
2841,2,1,2,1,0,59,15,1
2841,3,2,3,1,0,60,16,1
2841,4,3,4,1,0,61,17,1
2841,5,4,5,1,0,62,18,1
2841,6,5,6,1,0,63,19,1
2841,7,6,7,1,0,64,20,1
2841,8,7,8,1,1,65,21,1
2841,9,8,8.688,0.688,2,66,22,1
2842,1,0,1,1,0,36,10,1
2842,2,1,2,1,0,37,11,1
2842,3,2,3,1,0,38,12,1
2842,4,3,4,1,0,39,13,1
2842,5,4,5,1,0,40,14,1
2842,6,5,6,1,0,41,15,1
2842,7,6,7,1,1,42,16,1
2842,8,7,8,1,0,43,17,1
2842,9,8,9,1,0,44,18,1
2842,10,9,9.499,0.499,0,45,19,1
2843,1,0,1,1,0,54,8,1
2843,2,1,2,1,0,55,9,1
2843,3,2,2.024,0.024,0,56,10,1
2844,1,0,1,1,0,51,0,1
2844,2,1,2,1,0,52,1,1
2844,3,2,3,1,0,53,2,1
2844,4,3,4,1,0,54,3,1
2844,5,4,5,1,0,55,4,1
2844,6,5,6,1,0,56,5,1
2844,7,6,7,1,0,57,6,1
2844,8,7,8,1,0,58,7,1
2844,9,8,8.045,0.045,0,59,8,1
2845,1,0,1,1,0,48,3,1
2845,2,1,1.261,0.261,0,49,4,1
2846,1,0,1,1,0,30,10,1
2846,2,1,1.313,0.313,0,31,11,1
2847,1,0,1,1,0,59,12,1
2847,2,1,2,1,0,60,13,1
2847,3,2,2.452,0.452,0,61,14,1
2848,1,0,0.906,0.906,0,24,0,1
2849,1,0,1,1,0,39,3,1
2849,2,1,1.76,0.76,0,40,4,1
2850,1,0,1,1,0,73,6,1
2850,2,1,2,1,0,74,7,1
2850,3,2,2.795,0.795,0,75,8,1
2851,1,0,1,1,0,63,5,1
2851,2,1,2,1,0,64,6,1
2851,3,2,2.082,0.082,0,65,7,1
2852,1,0,1,1,0,53,10,1
2852,2,1,2,1,0,54,11,1
2852,3,2,2.045,0.045,0,55,12,1
2853,1,0,1,1,0,31,4,1
2853,2,1,2,1,1,32,5,1
2853,3,2,3,1,0,33,6,1
2853,4,3,4,1,0,34,7,1
2853,5,4,5,1,0,35,8,1
2853,6,5,6,1,1,36,9,1
2853,7,6,7,1,0,37,10,1
2853,8,7,8,1,0,38,11,1
2853,9,8,8.731,0.731,1,39,12,1
2854,1,0,1,1,0,60,10,1
2854,2,1,2,1,0,61,11,1
2854,3,2,3,1,0,62,12,1
2854,4,3,3.364,0.364,0,63,13,1
2855,1,0,1,1,0,56,5,1
2855,2,1,2,1,0,57,6,1
2855,3,2,2.813,0.813,0,58,7,1
2856,1,0,1,1,0,28,10,1
2856,2,1,2,1,0,29,11,1
2856,3,2,3,1,0,30,12,1
2856,4,3,4,1,0,31,13,1
2856,5,4,5,1,0,32,14,1
2856,6,5,5.059,0.059,0,33,15,1
2857,1,0,1,1,0,21,8,1
2857,2,1,1.97,0.97,0,22,9,1
2858,1,0,1,1,0,49,10,1
2858,2,1,2,1,0,50,11,1
2858,3,2,3,1,0,51,12,1
2858,4,3,4,1,0,52,13,1
2858,5,4,5,1,0,53,14,1
2858,6,5,5.455,0.455,0,54,15,1
2859,1,0,1,1,0,52,7,1
2859,2,1,2,1,0,53,8,1
2859,3,2,3,1,0,54,9,1
2859,4,3,3.685,0.685,0,55,10,1
2860,1,0,1,1,0,20,9,1
2860,2,1,1.482,0.482,0,21,10,1
2861,1,0,1,1,0,33,13,1
2861,2,1,1.239,0.239,0,34,14,1
2862,1,0,0.974,0.974,0,58,7,1
2863,1,0,1,1,0,46,1,1
2863,2,1,2,1,1,47,2,1
2863,3,2,3,1,0,48,3,1
2863,4,3,3.475,0.475,1,49,4,1
2864,1,0,1,1,0,51,8,1
2864,2,1,2,1,1,52,9,1
2864,3,2,3,1,1,53,10,1
2864,4,3,4,1,2,54,11,1
2864,5,4,5,1,0,55,12,1
2864,6,5,6,1,0,56,13,1
2864,7,6,7,1,1,57,14,1
2864,8,7,7.751,0.751,0,58,15,1
2865,1,0,1,1,0,63,9,1
2865,2,1,1.688,0.688,0,64,10,1
2866,1,0,1,1,0,37,4,1
2866,2,1,1.976,0.976,0,38,5,1
2867,1,0,0.935,0.935,0,26,16,1
2868,1,0,1,1,0,41,5,1
2868,2,1,2,1,1,42,6,1
2868,3,2,3,1,0,43,7,1
2868,4,3,4,1,0,44,8,1
2868,5,4,5,1,0,45,9,1
2868,6,5,6,1,0,46,10,1
2868,7,6,6.375,0.375,0,47,11,1
2869,1,0,1,1,0,67,9,1
2869,2,1,2,1,0,68,10,1
2869,3,2,3,1,0,69,11,1
2869,4,3,3.035,0.035,0,70,12,1
2870,1,0,1,1,0,43,0,1
2870,2,1,2,1,0,44,1,1
2870,3,2,3,1,0,45,2,1
2870,4,3,3.93,0.93,0,46,3,1
2871,1,0,1,1,0,27,10,1
2871,2,1,1.075,0.075,0,28,11,1
2872,1,0,1,1,0,40,18,1
2872,2,1,2,1,0,41,19,1
2872,3,2,3,1,0,42,20,1
2872,4,3,4,1,0,43,21,1
2872,5,4,5,1,0,44,22,1
2872,6,5,5.77,0.77,0,45,23,1
2873,1,0,1,1,0,68,0,1
2873,2,1,2,1,0,69,1,1
2873,3,2,3,1,1,70,2,1
2873,4,3,4,1,0,71,3,1
2873,5,4,5,1,0,72,4,1
2873,6,5,6,1,0,73,5,1
2873,7,6,7,1,1,74,6,1
2873,8,7,8,1,0,75,7,1
2873,9,8,8.534,0.534,1,76,8,1
2874,1,0,1,1,0,48,5,1
2874,2,1,2,1,0,49,6,1
2874,3,2,3,1,0,50,7,1
2874,4,3,4,1,1,51,8,1
2874,5,4,4.214,0.214,0,52,9,1
2875,1,0,1,1,0,61,6,1
2875,2,1,2,1,1,62,7,1
2875,3,2,2.06,0.06,0,63,8,1
2876,1,0,1,1,0,50,1,1
2876,2,1,1.197,0.197,0,51,2,1
2877,1,0,1,1,0,45,13,1
2877,2,1,2,1,0,46,14,1
2877,3,2,2.338,0.338,0,47,15,1
2878,1,0,0.258,0.258,0,57,0,1
2879,1,0,1,1,0,60,5,1
2879,2,1,1.004,0.004,0,61,6,1
2880,1,0,1,1,0,18,11,1
2880,2,1,2,1,0,19,12,1
2880,3,2,3,1,0,20,13,1
2880,4,3,4,1,0,21,14,1
2880,5,4,4.059,0.059,0,22,15,1
2881,1,0,1,1,1,40,11,1
2881,2,1,2,1,1,41,12,1
2881,3,2,3,1,0,42,13,1
2881,4,3,3.232,0.232,0,43,14,1
2882,1,0,1,1,0,23,6,1
2882,2,1,2,1,0,24,7,1
2882,3,2,3,1,0,25,8,1
2882,4,3,4,1,0,26,9,1
2882,5,4,5,1,0,27,10,1
2882,6,5,6,1,1,28,11,1
2882,7,6,7,1,0,29,12,1
2882,8,7,8,1,0,30,13,1
2882,9,8,8.136,0.136,0,31,14,1
2883,1,0,1,1,0,58,1,1
2883,2,1,2,1,0,59,2,1
2883,3,2,3,1,0,60,3,1
2883,4,3,4,1,0,61,4,1
2883,5,4,5,1,0,62,5,1
2883,6,5,6,1,0,63,6,1
2883,7,6,7,1,0,64,7,1
2883,8,7,8,1,0,65,8,1
2883,9,8,8.903,0.903,0,66,9,1
2884,1,0,1,1,0,24,10,1
2884,2,1,2,1,0,25,11,1
2884,3,2,3,1,0,26,12,1
2884,4,3,4,1,0,27,13,1
2884,5,4,4.082,0.082,0,28,14,1
2885,1,0,1,1,0,21,10,1
2885,2,1,2,1,0,22,11,1
2885,3,2,3,1,0,23,12,1
2885,4,3,3.049,0.049,0,24,13,1
2886,1,0,1,1,0,37,8,1
2886,2,1,2,1,0,38,9,1
2886,3,2,2.848,0.848,0,39,10,1
2887,1,0,1,1,1,47,4,1
2887,2,1,2,1,0,48,5,1
2887,3,2,3,1,0,49,6,1
2887,4,3,4,1,0,50,7,1
2887,5,4,5,1,1,51,8,1
2887,6,5,6,1,1,52,9,1
2887,7,6,6.463,0.463,0,53,10,1
2888,1,0,1,1,0,30,12,1
2888,2,1,2,1,0,31,13,1
2888,3,2,3,1,0,32,14,1
2888,4,3,4,1,0,33,15,1
2888,5,4,5,1,0,34,16,1
2888,6,5,6,1,0,35,17,1
2888,7,6,6.058,0.058,0,36,18,1
2889,1,0,1,1,0,71,12,1
2889,2,1,2,1,0,72,13,1
2889,3,2,3,1,0,73,14,1
2889,4,3,4,1,0,74,15,1
2889,5,4,5,1,1,75,16,1
2889,6,5,6,1,0,76,17,1
2889,7,6,6.821,0.821,1,77,18,1
2890,1,0,1,1,0,59,0,1
2890,2,1,2,1,0,60,1,1
2890,3,2,2.578,0.578,0,61,2,1
2891,1,0,1,1,0,18,16,1
2891,2,1,2,1,0,19,17,1
2891,3,2,2.336,0.336,0,20,18,1
2892,1,0,1,1,0,58,13,1
2892,2,1,2,1,0,59,14,1
2892,3,2,2.305,0.305,1,60,15,1
2893,1,0,1,1,0,34,7,1
2893,2,1,2,1,0,35,8,1
2893,3,2,3,1,0,36,9,1
2893,4,3,4,1,0,37,10,1
2893,5,4,4.301,0.301,0,38,11,1
2894,1,0,1,1,0,63,7,1
2894,2,1,2,1,0,64,8,1
2894,3,2,2.016,0.016,0,65,9,1
2895,1,0,1,1,0,54,4,1
2895,2,1,2,1,0,55,5,1
2895,3,2,3,1,0,56,6,1
2895,4,3,4,1,0,57,7,1
2895,5,4,5,1,0,58,8,1
2895,6,5,6,1,0,59,9,1
2895,7,6,7,1,0,60,10,1
2895,8,7,8,1,0,61,11,1
2895,9,8,9,1,0,62,12,1
2895,10,9,9.803,0.803,0,63,13,1
2896,1,0,1,1,0,26,10,1
2896,2,1,2,1,0,27,11,1
2896,3,2,3,1,0,28,12,1
2896,4,3,4,1,0,29,13,1
2896,5,4,5,1,0,30,14,1
2896,6,5,5.698,0.698,0,31,15,1
2897,1,0,1,1,0,54,1,1
2897,2,1,2,1,0,55,2,1
2897,3,2,2.843,0.843,0,56,3,1
2898,1,0,1,1,0,36,5,1
2898,2,1,2,1,0,37,6,1
2898,3,2,3,1,0,38,7,1
2898,4,3,3.806,0.806,0,39,8,1
2899,1,0,1,1,0,60,6,1
2899,2,1,1.33,0.33,0,61,7,1
2900,1,0,1,1,3,23,0,1
2900,2,1,1.457,0.457,0,24,1,1
2901,1,0,1,1,0,26,17,1
2901,2,1,2,1,0,27,18,1
2901,3,2,3,1,0,28,19,1
2901,4,3,4,1,0,29,20,1
2901,5,4,5,1,1,30,21,1
2901,6,5,5.639,0.639,0,31,22,1
2902,1,0,1,1,0,38,19,1
2902,2,1,2,1,0,39,20,1
2902,3,2,3,1,0,40,21,1
2902,4,3,3.635,0.635,0,41,22,1
2903,1,0,1,1,0,56,8,1
2903,2,1,2,1,0,57,9,1
2903,3,2,3,1,0,58,10,1
2903,4,3,4,1,0,59,11,1
2903,5,4,5,1,0,60,12,1
2903,6,5,5.643,0.643,0,61,13,1
2904,1,0,1,1,0,73,12,1
2904,2,1,2,1,0,74,13,1
2904,3,2,3,1,0,75,14,1
2904,4,3,4,1,0,76,15,1
2904,5,4,5,1,0,77,16,1
2904,6,5,6,1,0,78,17,1
2904,7,6,7,1,0,79,18,1
2904,8,7,8,1,0,80,19,1
2904,9,8,9,1,0,81,20,1
2904,10,9,9.073,0.073,0,82,21,1
2905,1,0,1,1,0,49,14,1
2905,2,1,2,1,0,50,15,1
2905,3,2,3,1,0,51,16,1
2905,4,3,4,1,0,52,17,1
2905,5,4,4.792,0.792,0,53,18,1
2906,1,0,1,1,0,59,11,1
2906,2,1,2,1,0,60,12,1
2906,3,2,2.38,0.38,0,61,13,1
2907,1,0,1,1,0,75,8,1
2907,2,1,2,1,0,76,9,1
2907,3,2,3,1,0,77,10,1
2907,4,3,4,1,0,78,11,1
2907,5,4,4.424,0.424,0,79,12,1
2908,1,0,1,1,1,49,0,1
2908,2,1,2,1,0,50,1,1
2908,3,2,3,1,0,51,2,1
2908,4,3,3.626,0.626,0,52,3,1
2909,1,0,1,1,0,51,11,1
2909,2,1,2,1,0,52,12,1
2909,3,2,3,1,0,53,13,1
2909,4,3,4,1,0,54,14,1
2909,5,4,5,1,0,55,15,1
2909,6,5,5.493,0.493,0,56,16,1
2910,1,0,1,1,0,50,10,1
2910,2,1,2,1,0,51,11,1
2910,3,2,3,1,0,52,12,1
2910,4,3,4,1,0,53,13,1
2910,5,4,5,1,0,54,14,1
2910,6,5,6,1,0,55,15,1
2910,7,6,6.122,0.122,0,56,16,1
2911,1,0,1,1,0,55,8,1
2911,2,1,2,1,0,56,9,1
2911,3,2,3,1,0,57,10,1
2911,4,3,4,1,0,58,11,1
2911,5,4,4.23,0.23,0,59,12,1
2912,1,0,1,1,0,58,4,1
2912,2,1,2,1,1,59,5,1
2912,3,2,3,1,1,60,6,1
2912,4,3,4,1,0,61,7,1
2912,5,4,5,1,0,62,8,1
2912,6,5,6,1,0,63,9,1
2912,7,6,6.976,0.976,1,64,10,1
2913,1,0,1,1,0,31,3,1
2913,2,1,2,1,0,32,4,1
2913,3,2,3,1,0,33,5,1
2913,4,3,3.989,0.989,0,34,6,1
2914,1,0,1,1,0,71,1,1
2914,2,1,2,1,0,72,2,1
2914,3,2,3,1,0,73,3,1
2914,4,3,4,1,0,74,4,1
2914,5,4,5,1,0,75,5,1
2914,6,5,6,1,0,76,6,1
2914,7,6,6.532,0.532,0,77,7,1
2915,1,0,1,1,0,44,8,1
2915,2,1,1.35,0.35,0,45,9,1
2916,1,0,1,1,0,30,11,1
2916,2,1,2,1,0,31,12,1
2916,3,2,3,1,0,32,13,1
2916,4,3,3.454,0.454,0,33,14,1
2917,1,0,1,1,0,70,15,1
2917,2,1,2,1,0,71,16,1
2917,3,2,3,1,0,72,17,1
2917,4,3,4,1,0,73,18,1
2917,5,4,4.119,0.119,0,74,19,1
2918,1,0,1,1,0,28,4,1
2918,2,1,2,1,0,29,5,1
2918,3,2,2.649,0.649,0,30,6,1
2919,1,0,1,1,0,45,13,1
2919,2,1,1.762,0.762,0,46,14,1
2920,1,0,1,1,0,46,12,1
2920,2,1,2,1,0,47,13,1
2920,3,2,3,1,0,48,14,1
2920,4,3,4,1,0,49,15,1
2920,5,4,5,1,0,50,16,1
2920,6,5,6,1,0,51,17,1
2920,7,6,7,1,0,52,18,1
2920,8,7,7.617,0.617,0,53,19,1
2921,1,0,1,1,0,35,12,1
2921,2,1,2,1,0,36,13,1
2921,3,2,3,1,0,37,14,1
2921,4,3,3.408,0.408,0,38,15,1
2922,1,0,1,1,0,48,9,1
2922,2,1,2,1,0,49,10,1
2922,3,2,2.249,0.249,0,50,11,1
2923,1,0,1,1,0,83,13,1
2923,2,1,2,1,0,84,14,1
2923,3,2,3,1,0,85,15,1
2923,4,3,4,1,0,86,16,1
2923,5,4,5,1,0,87,17,1
2923,6,5,6,1,0,88,18,1
2923,7,6,6.507,0.507,0,89,19,1
2924,1,0,1,1,0,18,8,1
2924,2,1,1.805,0.805,0,19,9,1
2925,1,0,1,1,0,26,0,1
2925,2,1,2,1,0,27,1,1
2925,3,2,3,1,0,28,2,1
2925,4,3,4,1,1,29,3,1
2925,5,4,4.753,0.753,0,30,4,1
2926,1,0,1,1,0,62,9,1
2926,2,1,1.842,0.842,0,63,10,1
2927,1,0,1,1,0,48,12,1
2927,2,1,1.225,0.225,0,49,13,1
2928,1,0,1,1,0,28,9,1
2928,2,1,1.707,0.707,0,29,10,1
2929,1,0,1,1,0,41,19,1
2929,2,1,2,1,1,42,20,1
2929,3,2,3,1,0,43,21,1
2929,4,3,4,1,0,44,22,1
2929,5,4,5,1,0,45,23,1
2929,6,5,5.826,0.826,0,46,24,1
2930,1,0,1,1,0,26,17,1
2930,2,1,1.935,0.935,0,27,18,1
2931,1,0,1,1,0,18,12,1
2931,2,1,1.929,0.929,0,19,13,1
2932,1,0,1,1,1,18,7,1
2932,2,1,2,1,0,19,8,1
2932,3,2,3,1,1,20,9,1
2932,4,3,3.932,0.932,0,21,10,1
2933,1,0,0.457,0.457,0,54,10,1
2934,1,0,1,1,0,41,8,1
2934,2,1,2,1,0,42,9,1
2934,3,2,2.931,0.931,0,43,10,1
2935,1,0,1,1,0,26,0,1
2935,2,1,2,1,0,27,1,1
2935,3,2,2.861,0.861,0,28,2,1
2936,1,0,1,1,0,39,6,1
2936,2,1,2,1,0,40,7,1
2936,3,2,3,1,0,41,8,1
2936,4,3,4,1,0,42,9,1
2936,5,4,4.881,0.881,1,43,10,1
2937,1,0,1,1,0,38,5,1
2937,2,1,2,1,0,39,6,1
2937,3,2,3,1,0,40,7,1
2937,4,3,3.525,0.525,0,41,8,1
2938,1,0,1,1,0,56,4,1
2938,2,1,1.441,0.441,0,57,5,1
2939,1,0,1,1,0,52,1,1
2939,2,1,2,1,0,53,2,1
2939,3,2,3,1,0,54,3,1
2939,4,3,4,1,0,55,4,1
2939,5,4,5,1,0,56,5,1
2939,6,5,6,1,1,57,6,1
2939,7,6,7,1,1,58,7,1
2939,8,7,8,1,0,59,8,1
2939,9,8,8.253,0.253,1,60,9,1
2940,1,0,1,1,1,39,7,1
2940,2,1,2,1,0,40,8,1
2940,3,2,3,1,0,41,9,1
2940,4,3,4,1,0,42,10,1
2940,5,4,4.697,0.697,0,43,11,1
2941,1,0,1,1,0,43,0,1
2941,2,1,2,1,0,44,1,1
2941,3,2,3,1,0,45,2,1
2941,4,3,4,1,0,46,3,1
2941,5,4,5,1,0,47,4,1
2941,6,5,6,1,0,48,5,1
2941,7,6,7,1,0,49,6,1
2941,8,7,8,1,0,50,7,1
2941,9,8,8.246,0.246,0,51,8,1
2942,1,0,1,1,1,32,11,1
2942,2,1,1.276,0.276,0,33,12,1
2943,1,0,1,1,0,18,0,1
2943,2,1,2,1,0,19,1,1
2943,3,2,2.188,0.188,0,20,2,1
2944,1,0,1,1,0,59,8,1
2944,2,1,2,1,0,60,9,1
2944,3,2,3,1,0,61,10,1
2944,4,3,3.079,0.079,0,62,11,1
2945,1,0,1,1,0,61,7,1
2945,2,1,2,1,0,62,8,1
2945,3,2,3,1,0,63,9,1
2945,4,3,4,1,0,64,10,1
2945,5,4,5,1,0,65,11,1
2945,6,5,6,1,0,66,12,1
2945,7,6,7,1,1,67,13,1
2945,8,7,7.018,0.018,0,68,14,1
2946,1,0,1,1,0,44,10,1
2946,2,1,2,1,0,45,11,1
2946,3,2,3,1,0,46,12,1
2946,4,3,4,1,0,47,13,1
2946,5,4,4.457,0.457,0,48,14,1
2947,1,0,1,1,0,41,0,1
2947,2,1,2,1,0,42,1,1
2947,3,2,3,1,0,43,2,1
2947,4,3,4,1,0,44,3,1
2947,5,4,5,1,0,45,4,1
2947,6,5,5.098,0.098,0,46,5,1
2948,1,0,1,1,0,51,19,1
2948,2,1,2,1,0,52,20,1
2948,3,2,3,1,0,53,21,1
2948,4,3,4,1,0,54,22,1
2948,5,4,4.146,0.146,0,55,23,1
2949,1,0,1,1,0,43,12,1
2949,2,1,2,1,0,44,13,1
2949,3,2,3,1,0,45,14,1
2949,4,3,4,1,0,46,15,1
2949,5,4,4.877,0.877,0,47,16,1
2950,1,0,1,1,0,68,12,1
2950,2,1,2,1,1,69,13,1
2950,3,2,3,1,0,70,14,1
2950,4,3,4,1,0,71,15,1
2950,5,4,5,1,0,72,16,1
2950,6,5,6,1,1,73,17,1
2950,7,6,7,1,0,74,18,1
2950,8,7,8,1,1,75,19,1
2950,9,8,9,1,0,76,20,1
2950,10,9,9.173,0.173,0,77,21,1
2951,1,0,1,1,0,39,0,1
2951,2,1,2,1,0,40,1,1
2951,3,2,3,1,0,41,2,1
2951,4,3,4,1,0,42,3,1
2951,5,4,5,1,0,43,4,1
2951,6,5,5.77,0.77,0,44,5,1
2952,1,0,1,1,0,37,8,1
2952,2,1,1.281,0.281,0,38,9,1
2953,1,0,1,1,0,56,11,1
2953,2,1,2,1,0,57,12,1
2953,3,2,3,1,0,58,13,1
2953,4,3,4,1,0,59,14,1
2953,5,4,4.483,0.483,0,60,15,1
2954,1,0,1,1,1,45,11,1
2954,2,1,2,1,0,46,12,1
2954,3,2,3,1,0,47,13,1
2954,4,3,4,1,0,48,14,1
2954,5,4,5,1,0,49,15,1
2954,6,5,6,1,1,50,16,1
2954,7,6,6.61,0.61,1,51,17,1
2955,1,0,1,1,0,48,3,1
2955,2,1,2,1,0,49,4,1
2955,3,2,3,1,1,50,5,1
2955,4,3,4,1,0,51,6,1
2955,5,4,4.457,0.457,0,52,7,1
2956,1,0,1,1,0,47,7,1
2956,2,1,2,1,0,48,8,1
2956,3,2,2.879,0.879,0,49,9,1
2957,1,0,1,1,3,60,11,1
2957,2,1,1.144,0.144,0,61,12,1
2958,1,0,1,1,0,38,10,1
2958,2,1,2,1,0,39,11,1
2958,3,2,3,1,0,40,12,1
2958,4,3,4,1,0,41,13,1
2958,5,4,5,1,0,42,14,1
2958,6,5,6,1,0,43,15,1
2958,7,6,7,1,0,44,16,1
2958,8,7,7.048,0.048,0,45,17,1
2959,1,0,1,1,0,39,12,1
2959,2,1,2,1,1,40,13,1
2959,3,2,3,1,0,41,14,1
2959,4,3,4,1,0,42,15,1
2959,5,4,5,1,0,43,16,1
2959,6,5,6,1,0,44,17,1
2959,7,6,7,1,1,45,18,1
2959,8,7,8,1,0,46,19,1
2959,9,8,9,1,0,47,20,1
2959,10,9,9.115,0.115,0,48,21,1
2960,1,0,1,1,1,32,0,1
2960,2,1,2,1,0,33,1,1
2960,3,2,3,1,0,34,2,1
2960,4,3,4,1,0,35,3,1
2960,5,4,5,1,0,36,4,1
2960,6,5,6,1,0,37,5,1
2960,7,6,7,1,1,38,6,1
2960,8,7,8,1,1,39,7,1
2960,9,8,8.441,0.441,0,40,8,1
2961,1,0,1,1,0,25,0,1
2961,2,1,2,1,1,26,1,1
2961,3,2,3,1,1,27,2,1
2961,4,3,4,1,0,28,3,1
2961,5,4,4.137,0.137,0,29,4,1
2962,1,0,1,1,0,52,9,1
2962,2,1,2,1,0,53,10,1
2962,3,2,3,1,1,54,11,1
2962,4,3,4,1,0,55,12,1
2962,5,4,4.309,0.309,0,56,13,1
2963,1,0,1,1,0,46,12,1
2963,2,1,2,1,0,47,13,1
2963,3,2,3,1,0,48,14,1
2963,4,3,4,1,0,49,15,1
2963,5,4,5,1,0,50,16,1
2963,6,5,6,1,0,51,17,1
2963,7,6,7,1,1,52,18,1
2963,8,7,8,1,0,53,19,1
2963,9,8,9,1,0,54,20,1
2963,10,9,9.769,0.769,0,55,21,1
2964,1,0,1,1,0,41,18,1
2964,2,1,2,1,0,42,19,1
2964,3,2,3,1,0,43,20,1
2964,4,3,4,1,0,44,21,1
2964,5,4,5,1,0,45,22,1
2964,6,5,6,1,0,46,23,1
2964,7,6,7,1,0,47,24,1
2964,8,7,8,1,0,48,25,1
2964,9,8,9,1,0,49,26,1
2964,10,9,9.376,0.376,0,50,27,1
2965,1,0,1,1,0,55,15,1
2965,2,1,1.076,0.076,0,56,16,1
2966,1,0,1,1,1,39,1,1
2966,2,1,2,1,0,40,2,1
2966,3,2,2.322,0.322,0,41,3,1
2967,1,0,1,1,1,42,17,1
2967,2,1,2,1,0,43,18,1
2967,3,2,3,1,0,44,19,1
2967,4,3,4,1,0,45,20,1
2967,5,4,4.222,0.222,0,46,21,1
2968,1,0,1,1,1,52,0,1
2968,2,1,2,1,0,53,1,1
2968,3,2,3,1,0,54,2,1
2968,4,3,4,1,0,55,3,1
2968,5,4,4.451,0.451,0,56,4,1
2969,1,0,1,1,0,39,2,1
2969,2,1,2,1,0,40,3,1
2969,3,2,3,1,0,41,4,1
2969,4,3,3.385,0.385,0,42,5,1
2970,1,0,1,1,0,42,9,1
2970,2,1,2,1,0,43,10,1
2970,3,2,3,1,0,44,11,1
2970,4,3,4,1,0,45,12,1
2970,5,4,5,1,1,46,13,1
2970,6,5,5.712,0.712,0,47,14,1
2971,1,0,1,1,1,46,14,1
2971,2,1,2,1,0,47,15,1
2971,3,2,3,1,0,48,16,1
2971,4,3,4,1,0,49,17,1
2971,5,4,5,1,0,50,18,1
2971,6,5,5.965,0.965,0,51,19,1
2972,1,0,1,1,0,30,0,1
2972,2,1,2,1,0,31,1,1
2972,3,2,3,1,0,32,2,1
2972,4,3,4,1,0,33,3,1
2972,5,4,5,1,0,34,4,1
2972,6,5,6,1,0,35,5,1
2972,7,6,6.812,0.812,0,36,6,1
2973,1,0,1,1,0,54,4,1
2973,2,1,2,1,0,55,5,1
2973,3,2,3,1,0,56,6,1
2973,4,3,4,1,0,57,7,1
2973,5,4,5,1,0,58,8,1
2973,6,5,5.73,0.73,0,59,9,1
2974,1,0,1,1,0,57,4,1
2974,2,1,2,1,0,58,5,1
2974,3,2,3,1,0,59,6,1
2974,4,3,4,1,1,60,7,1
2974,5,4,5,1,0,61,8,1
2974,6,5,5.714,0.714,0,62,9,1
2975,1,0,1,1,0,40,7,1
2975,2,1,2,1,0,41,8,1
2975,3,2,3,1,0,42,9,1
2975,4,3,4,1,0,43,10,1
2975,5,4,4.206,0.206,0,44,11,1
2976,1,0,1,1,1,66,12,1
2976,2,1,2,1,2,67,13,1
2976,3,2,3,1,0,68,14,1
2976,4,3,4,1,1,69,15,1
2976,5,4,5,1,1,70,16,1
2976,6,5,6,1,0,71,17,1
2976,7,6,7,1,0,72,18,1
2976,8,7,8,1,0,73,19,1
2976,9,8,8.582,0.582,1,74,20,1
2977,1,0,1,1,0,70,14,1
2977,2,1,2,1,0,71,15,1
2977,3,2,3,1,0,72,16,1
2977,4,3,3.489,0.489,1,73,17,1
2978,1,0,1,1,0,50,17,1
2978,2,1,2,1,0,51,18,1
2978,3,2,3,1,0,52,19,1
2978,4,3,4,1,0,53,20,1
2978,5,4,5,1,1,54,21,1
2978,6,5,5.909,0.909,0,55,22,1
2979,1,0,1,1,0,49,0,1
2979,2,1,2,1,0,50,1,1
2979,3,2,3,1,0,51,2,1
2979,4,3,4,1,0,52,3,1
2979,5,4,5,1,0,53,4,1
2979,6,5,6,1,0,54,5,1
2979,7,6,6.275,0.275,0,55,6,1
2980,1,0,1,1,0,63,10,1
2980,2,1,2,1,0,64,11,1
2980,3,2,3,1,0,65,12,1
2980,4,3,4,1,0,66,13,1
2980,5,4,5,1,1,67,14,1
2980,6,5,5.051,0.051,0,68,15,1
2981,1,0,1,1,0,45,15,1
2981,2,1,2,1,0,46,16,1
2981,3,2,3,1,0,47,17,1
2981,4,3,3.089,0.089,0,48,18,1
2982,1,0,1,1,0,55,16,1
2982,2,1,2,1,1,56,17,1
2982,3,2,2.845,0.845,0,57,18,1
2983,1,0,1,1,0,56,1,1
2983,2,1,2,1,0,57,2,1
2983,3,2,2.784,0.784,0,58,3,1
2984,1,0,0.755,0.755,0,38,1,1
2985,1,0,0.38,0.38,0,41,7,1
2986,1,0,0.932,0.932,1,67,9,1
2987,1,0,1,1,0,63,2,1
2987,2,1,2,1,0,64,3,1
2987,3,2,2.408,0.408,0,65,4,1
2988,1,0,1,1,0,51,2,1
2988,2,1,1.633,0.633,0,52,3,1
2989,1,0,1,1,0,61,19,1
2989,2,1,2,1,0,62,20,1
2989,3,2,3,1,0,63,21,1
2989,4,3,3.269,0.269,0,64,22,1
2990,1,0,1,1,0,48,3,1
2990,2,1,1.292,0.292,0,49,4,1
2991,1,0,1,1,0,66,10,1
2991,2,1,1.948,0.948,1,67,11,1
2992,1,0,1,1,0,58,9,1
2992,2,1,2,1,0,59,10,1
2992,3,2,3,1,0,60,11,1
2992,4,3,3.277,0.277,0,61,12,1
2993,1,0,1,1,0,40,0,1
2993,2,1,2,1,0,41,1,1
2993,3,2,3,1,0,42,2,1
2993,4,3,4,1,0,43,3,1
2993,5,4,5,1,0,44,4,1
2993,6,5,6,1,0,45,5,1
2993,7,6,6.672,0.672,0,46,6,1
2994,1,0,1,1,0,30,10,1
2994,2,1,2,1,0,31,11,1
2994,3,2,3,1,0,32,12,1
2994,4,3,4,1,0,33,13,1
2994,5,4,5,1,0,34,14,1
2994,6,5,6,1,1,35,15,1
2994,7,6,7,1,0,36,16,1
2994,8,7,8,1,0,37,17,1
2994,9,8,8.445,0.445,0,38,18,1
2995,1,0,1,1,0,18,9,1
2995,2,1,1.197,0.197,0,19,10,1
2996,1,0,1,1,0,43,8,1
2996,2,1,1.562,0.562,1,44,9,1
2997,1,0,1,1,0,60,18,1
2997,2,1,2,1,1,61,19,1
2997,3,2,3,1,0,62,20,1
2997,4,3,4,1,0,63,21,1
2997,5,4,5,1,0,64,22,1
2997,6,5,6,1,0,65,23,1
2997,7,6,7,1,0,66,24,1
2997,8,7,8,1,0,67,25,1
2997,9,8,8.206,0.206,0,68,26,1
2998,1,0,1,1,1,26,5,1
2998,2,1,2,1,0,27,6,1
2998,3,2,3,1,0,28,7,1
2998,4,3,4,1,0,29,8,1
2998,5,4,4.129,0.129,0,30,9,1
2999,1,0,1,1,0,43,8,1
2999,2,1,2,1,1,44,9,1
2999,3,2,2.493,0.493,0,45,10,1
