"id_poliza","anio","tstart","tstop","expo_anual","n_partes_anual","edad_t","antig_veh_t","en_riesgo"
1,1,0,1,1,1,22,6,1
1,2,1,2,1,0,23,7,1
1,3,2,3,1,1,24,8,1
1,4,3,3.155,0.155,0,25,9,1
2,1,0,1,1,0,20,8,1
2,2,1,2,1,0,21,9,1
2,3,2,3,1,0,22,10,1
2,4,3,4,1,0,23,11,1
2,5,4,5,1,0,24,12,1
2,6,5,6,1,0,25,13,1
2,7,6,7,1,1,26,14,1
2,8,7,8,1,0,27,15,1
2,9,8,9,1,0,28,16,1
2,10,9,9.711,0.711,0,29,17,1
3,1,0,1,1,0,58,10,1
3,2,1,1.956,0.956,0,59,11,1
4,1,0,1,1,0,40,6,1
4,2,1,2,1,0,41,7,1
4,3,2,2.319,0.319,0,42,8,1
5,1,0,1,1,0,52,2,1
5,2,1,2,1,0,53,3,1
5,3,2,3,1,0,54,4,1
5,4,3,4,1,0,55,5,1
5,5,4,5,1,0,56,6,1
5,6,5,5.239,0.239,0,57,7,1
6,1,0,1,1,0,47,0,1
6,2,1,1.448,0.448,1,48,1,1
7,1,0,1,1,0,52,5,1
7,2,1,2,1,1,53,6,1
7,3,2,3,1,0,54,7,1
7,4,3,4,1,0,55,8,1
7,5,4,5,1,0,56,9,1
7,6,5,6,1,0,57,10,1
7,7,6,7,1,0,58,11,1
7,8,7,8,1,0,59,12,1
7,9,8,8.15,0.15,0,60,13,1
8,1,0,1,1,0,48,0,1
8,2,1,2,1,0,49,1,1
8,3,2,3,1,0,50,2,1
8,4,3,4,1,0,51,3,1
8,5,4,4.835,0.835,0,52,4,1
9,1,0,1,1,0,44,3,1
9,2,1,2,1,0,45,4,1
9,3,2,2.397,0.397,0,46,5,1
10,1,0,1,1,0,36,0,1
10,2,1,2,1,0,37,1,1
10,3,2,3,1,0,38,2,1
10,4,3,4,1,0,39,3,1
10,5,4,5,1,0,40,4,1
10,6,5,6,1,0,41,5,1
10,7,6,7,1,0,42,6,1
10,8,7,8,1,0,43,7,1
10,9,8,8.2,0.2,0,44,8,1
11,1,0,1,1,0,50,16,1
11,2,1,2,1,0,51,17,1
11,3,2,2.357,0.357,0,52,18,1
12,1,0,1,1,0,29,6,1
12,2,1,2,1,0,30,7,1
12,3,2,3,1,0,31,8,1
12,4,3,3.553,0.553,0,32,9,1
13,1,0,1,1,0,18,20,1
13,2,1,2,1,0,19,21,1
13,3,2,3,1,0,20,22,1
13,4,3,4,1,0,21,23,1
13,5,4,5,1,0,22,24,1
13,6,5,5.046,0.046,0,23,25,1
14,1,0,1,1,0,36,12,1
14,2,1,2,1,0,37,13,1
14,3,2,3,1,0,38,14,1
14,4,3,4,1,0,39,15,1
14,5,4,5,1,0,40,16,1
14,6,5,6,1,0,41,17,1
14,7,6,6.743,0.743,1,42,18,1
15,1,0,1,1,0,53,5,1
15,2,1,2,1,0,54,6,1
15,3,2,2.487,0.487,0,55,7,1
16,1,0,1,1,0,51,0,1
16,2,1,2,1,0,52,1,1
16,3,2,2.554,0.554,0,53,2,1
17,1,0,1,1,0,67,13,1
17,2,1,1.451,0.451,0,68,14,1
18,1,0,0.192,0.192,0,39,18,1
19,1,0,1,1,0,51,3,1
19,2,1,1.821,0.821,0,52,4,1
20,1,0,1,1,0,60,4,1
20,2,1,2,1,1,61,5,1
20,3,2,3,1,0,62,6,1
20,4,3,3.204,0.204,0,63,7,1
21,1,0,1,1,0,71,3,1
21,2,1,2,1,0,72,4,1
21,3,2,2.178,0.178,0,73,5,1
22,1,0,1,1,0,40,13,1
22,2,1,2,1,0,41,14,1
22,3,2,3,1,0,42,15,1
22,4,3,4,1,0,43,16,1
22,5,4,5,1,0,44,17,1
22,6,5,6,1,0,45,18,1
22,7,6,6.681,0.681,0,46,19,1
23,1,0,1,1,0,34,7,1
23,2,1,2,1,0,35,8,1
23,3,2,2.486,0.486,0,36,9,1
24,1,0,1,1,0,58,12,1
24,2,1,2,1,0,59,13,1
24,3,2,2.867,0.867,0,60,14,1
25,1,0,1,1,0,59,12,1
25,2,1,2,1,1,60,13,1
25,3,2,3,1,0,61,14,1
25,4,3,3,0,0,62,15,1
26,1,0,0.92,0.92,0,33,10,1
27,1,0,1,1,0,31,14,1
27,2,1,2,1,0,32,15,1
27,3,2,3,1,0,33,16,1
27,4,3,4,1,0,34,17,1
27,5,4,4.474,0.474,0,35,18,1
28,1,0,1,1,0,63,10,1
28,2,1,1.684,0.684,0,64,11,1
29,1,0,1,1,0,44,6,1
29,2,1,2,1,0,45,7,1
29,3,2,3,1,0,46,8,1
29,4,3,4,1,0,47,9,1
29,5,4,5,1,0,48,10,1
29,6,5,5.212,0.212,0,49,11,1
30,1,0,1,1,0,69,5,1
30,2,1,2,1,0,70,6,1
30,3,2,3,1,0,71,7,1
30,4,3,4,1,0,72,8,1
30,5,4,5,1,0,73,9,1
30,6,5,6,1,0,74,10,1
30,7,6,7,1,0,75,11,1
30,8,7,8,1,0,76,12,1
30,9,8,8.26,0.26,0,77,13,1
31,1,0,1,1,0,58,5,1
31,2,1,2,1,0,59,6,1
31,3,2,3,1,0,60,7,1
31,4,3,3.403,0.403,0,61,8,1
32,1,0,1,1,0,42,13,1
32,2,1,2,1,0,43,14,1
32,3,2,2.437,0.437,0,44,15,1
33,1,0,1,1,0,54,3,1
33,2,1,2,1,0,55,4,1
33,3,2,3,1,1,56,5,1
33,4,3,4,1,1,57,6,1
33,5,4,5,1,0,58,7,1
33,6,5,5.085,0.085,0,59,8,1
34,1,0,1,1,0,52,10,1
34,2,1,2,1,0,53,11,1
34,3,2,3,1,0,54,12,1
34,4,3,4,1,0,55,13,1
34,5,4,5,1,0,56,14,1
34,6,5,5.034,0.034,0,57,15,1
35,1,0,1,1,0,55,8,1
35,2,1,2,1,0,56,9,1
35,3,2,3,1,0,57,10,1
35,4,3,4,1,0,58,11,1
35,5,4,4.062,0.062,0,59,12,1
36,1,0,1,1,0,51,11,1
36,2,1,1.445,0.445,0,52,12,1
37,1,0,1,1,0,37,11,1
37,2,1,1.574,0.574,0,38,12,1
38,1,0,1,1,0,41,8,1
38,2,1,2,1,1,42,9,1
38,3,2,3,1,1,43,10,1
38,4,3,4,1,1,44,11,1
38,5,4,5,1,1,45,12,1
38,6,5,6,1,0,46,13,1
38,7,6,6.579,0.579,0,47,14,1
39,1,0,1,1,0,54,4,1
39,2,1,2,1,0,55,5,1
39,3,2,2.181,0.181,0,56,6,1
40,1,0,1,1,0,30,0,1
40,2,1,2,1,0,31,1,1
40,3,2,3,1,0,32,2,1
40,4,3,4,1,0,33,3,1
40,5,4,4.453,0.453,0,34,4,1
41,1,0,1,1,0,64,5,1
41,2,1,2,1,0,65,6,1
41,3,2,2.761,0.761,0,66,7,1
42,1,0,1,1,0,62,4,1
42,2,1,2,1,0,63,5,1
42,3,2,3,1,0,64,6,1
42,4,3,4,1,0,65,7,1
42,5,4,5,1,0,66,8,1
42,6,5,5.79,0.79,0,67,9,1
43,1,0,0.955,0.955,1,50,2,1
44,1,0,1,1,0,31,11,1
44,2,1,2,1,0,32,12,1
44,3,2,2.77,0.77,0,33,13,1
45,1,0,1,1,0,39,9,1
45,2,1,2,1,1,40,10,1
45,3,2,3,1,0,41,11,1
45,4,3,4,1,2,42,12,1
45,5,4,5,1,0,43,13,1
45,6,5,5.571,0.571,1,44,14,1
46,1,0,1,1,0,46,13,1
46,2,1,1.523,0.523,0,47,14,1
47,1,0,1,1,0,37,3,1
47,2,1,2,1,0,38,4,1
47,3,2,3,1,0,39,5,1
47,4,3,4,1,0,40,6,1
47,5,4,4.52,0.52,0,41,7,1
48,1,0,1,1,1,39,9,1
48,2,1,2,1,0,40,10,1
48,3,2,3,1,0,41,11,1
48,4,3,3.458,0.458,0,42,12,1
49,1,0,1,1,0,35,3,1
49,2,1,2,1,0,36,4,1
49,3,2,3,1,0,37,5,1
49,4,3,4,1,0,38,6,1
49,5,4,5,1,0,39,7,1
49,6,5,6,1,0,40,8,1
49,7,6,6.19,0.19,0,41,9,1
50,1,0,1,1,0,60,16,1
50,2,1,2,1,0,61,17,1
50,3,2,3,1,0,62,18,1
50,4,3,4,1,0,63,19,1
50,5,4,4.617,0.617,0,64,20,1
51,1,0,1,1,0,54,2,1
51,2,1,1.393,0.393,0,55,3,1
52,1,0,1,1,0,68,9,1
52,2,1,1.984,0.984,1,69,10,1
53,1,0,1,1,0,29,1,1
53,2,1,2,1,0,30,2,1
53,3,2,3,1,0,31,3,1
53,4,3,4,1,0,32,4,1
53,5,4,5,1,0,33,5,1
53,6,5,6,1,0,34,6,1
53,7,6,7,1,0,35,7,1
53,8,7,8,1,0,36,8,1
53,9,8,9,1,0,37,9,1
53,10,9,9.706,0.706,0,38,10,1
54,1,0,1,1,0,72,0,1
54,2,1,2,1,0,73,1,1
54,3,2,3,1,0,74,2,1
54,4,3,4,1,0,75,3,1
54,5,4,5,1,0,76,4,1
54,6,5,6,1,0,77,5,1
54,7,6,6.271,0.271,0,78,6,1
55,1,0,1,1,0,50,1,1
55,2,1,2,1,0,51,2,1
55,3,2,3,1,0,52,3,1
55,4,3,4,1,0,53,4,1
55,5,4,5,1,0,54,5,1
55,6,5,6,1,0,55,6,1
55,7,6,7,1,0,56,7,1
55,8,7,7.995,0.995,0,57,8,1
56,1,0,1,1,0,50,8,1
56,2,1,2,1,0,51,9,1
56,3,2,3,1,1,52,10,1
56,4,3,3.026,0.026,0,53,11,1
57,1,0,1,1,0,41,0,1
57,2,1,2,1,0,42,1,1
57,3,2,3,1,0,43,2,1
57,4,3,4,1,0,44,3,1
57,5,4,5,1,0,45,4,1
57,6,5,5.058,0.058,0,46,5,1
58,1,0,1,1,0,33,12,1
58,2,1,1.244,0.244,0,34,13,1
59,1,0,1,1,0,71,9,1
59,2,1,1.267,0.267,0,72,10,1
60,1,0,1,1,0,33,0,1
60,2,1,1.019,0.019,0,34,1,1
61,1,0,1,1,0,55,0,1
61,2,1,2,1,0,56,1,1
61,3,2,2.204,0.204,0,57,2,1
62,1,0,1,1,0,54,9,1
62,2,1,2,1,0,55,10,1
62,3,2,3,1,0,56,11,1
62,4,3,4,1,0,57,12,1
62,5,4,4.173,0.173,0,58,13,1
63,1,0,1,1,0,26,10,1
63,2,1,2,1,0,27,11,1
63,3,2,3,1,0,28,12,1
63,4,3,3.222,0.222,0,29,13,1
64,1,0,1,1,0,57,6,1
64,2,1,2,1,0,58,7,1
64,3,2,3,1,0,59,8,1
64,4,3,4,1,0,60,9,1
64,5,4,5,1,0,61,10,1
64,6,5,6,1,0,62,11,1
64,7,6,7,1,0,63,12,1
64,8,7,8,1,0,64,13,1
64,9,8,9,1,0,65,14,1
64,10,9,9.742,0.742,1,66,15,1
65,1,0,1,1,0,43,11,1
65,2,1,2,1,0,44,12,1
65,3,2,3,1,0,45,13,1
65,4,3,4,1,0,46,14,1
65,5,4,5,1,0,47,15,1
65,6,5,6,1,0,48,16,1
65,7,6,7,1,0,49,17,1
65,8,7,8,1,0,50,18,1
65,9,8,9,1,0,51,19,1
65,10,9,9.411,0.411,0,52,20,1
66,1,0,1,1,0,38,17,1
66,2,1,2,1,1,39,18,1
66,3,2,3,1,0,40,19,1
66,4,3,3.823,0.823,0,41,20,1
67,1,0,1,1,0,18,3,1
67,2,1,1.188,0.188,0,19,4,1
68,1,0,1,1,0,49,7,1
68,2,1,2,1,0,50,8,1
68,3,2,3,1,0,51,9,1
68,4,3,4,1,0,52,10,1
68,5,4,4.953,0.953,0,53,11,1
69,1,0,1,1,0,39,20,1
69,2,1,1.052,0.052,0,40,21,1
70,1,0,1,1,0,52,14,1
70,2,1,2,1,0,53,15,1
70,3,2,3,1,0,54,16,1
70,4,3,4,1,0,55,17,1
70,5,4,5,1,0,56,18,1
70,6,5,5.891,0.891,0,57,19,1
71,1,0,1,1,0,66,18,1
71,2,1,2,1,0,67,19,1
71,3,2,3,1,1,68,20,1
71,4,3,4,1,0,69,21,1
71,5,4,5,1,0,70,22,1
71,6,5,6,1,1,71,23,1
71,7,6,6.779,0.779,0,72,24,1
72,1,0,1,1,0,38,19,1
72,2,1,2,1,0,39,20,1
72,3,2,2.925,0.925,1,40,21,1
73,1,0,1,1,0,51,8,1
73,2,1,2,1,0,52,9,1
73,3,2,3,1,0,53,10,1
73,4,3,4,1,0,54,11,1
73,5,4,5,1,0,55,12,1
73,6,5,5.15,0.15,0,56,13,1
74,1,0,1,1,0,55,13,1
74,2,1,2,1,0,56,14,1
74,3,2,2.956,0.956,1,57,15,1
75,1,0,1,1,0,36,19,1
75,2,1,2,1,1,37,20,1
75,3,2,3,1,0,38,21,1
75,4,3,4,1,0,39,22,1
75,5,4,5,1,1,40,23,1
75,6,5,6,1,0,41,24,1
75,7,6,7,1,0,42,25,1
75,8,7,7.368,0.368,0,43,26,1
76,1,0,1,1,0,63,0,1
76,2,1,2,1,1,64,1,1
76,3,2,3,1,0,65,2,1
76,4,3,4,1,0,66,3,1
76,5,4,5,1,0,67,4,1
76,6,5,6,1,0,68,5,1
76,7,6,7,1,0,69,6,1
76,8,7,7.005,0.005,0,70,7,1
77,1,0,1,1,0,49,6,1
77,2,1,1.903,0.903,0,50,7,1
78,1,0,1,1,0,69,5,1
78,2,1,2,1,0,70,6,1
78,3,2,2.73,0.73,0,71,7,1
79,1,0,1,1,0,53,8,1
79,2,1,2,1,0,54,9,1
79,3,2,2.777,0.777,0,55,10,1
80,1,0,1,1,0,58,1,1
80,2,1,2,1,0,59,2,1
80,3,2,3,1,0,60,3,1
80,4,3,3.865,0.865,0,61,4,1
81,1,0,1,1,0,26,8,1
81,2,1,1.21,0.21,0,27,9,1
82,1,0,1,1,0,35,10,1
82,2,1,1.392,0.392,0,36,11,1
83,1,0,1,1,0,47,9,1
83,2,1,1.399,0.399,0,48,10,1
84,1,0,1,1,0,49,6,1
84,2,1,2,1,0,50,7,1
84,3,2,3,1,0,51,8,1
84,4,3,4,1,0,52,9,1
84,5,4,5,1,0,53,10,1
84,6,5,5.971,0.971,0,54,11,1
85,1,0,1,1,0,49,14,1
85,2,1,1.44,0.44,0,50,15,1
86,1,0,1,1,0,82,11,1
86,2,1,2,1,0,83,12,1
86,3,2,3,1,1,84,13,1
86,4,3,3.684,0.684,0,85,14,1
87,1,0,1,1,0,23,11,1
87,2,1,2,1,0,24,12,1
87,3,2,3,1,0,25,13,1
87,4,3,4,1,0,26,14,1
87,5,4,4.526,0.526,0,27,15,1
88,1,0,1,1,0,38,6,1
88,2,1,2,1,0,39,7,1
88,3,2,3,1,0,40,8,1
88,4,3,4,1,0,41,9,1
88,5,4,5,1,0,42,10,1
88,6,5,6,1,0,43,11,1
88,7,6,6.715,0.715,0,44,12,1
89,1,0,1,1,0,57,0,1
89,2,1,2,1,0,58,1,1
89,3,2,2.655,0.655,0,59,2,1
90,1,0,1,1,0,49,9,1
90,2,1,2,1,0,50,10,1
90,3,2,2.083,0.083,0,51,11,1
91,1,0,1,1,0,40,0,1
91,2,1,2,1,0,41,1,1
91,3,2,3,1,0,42,2,1
91,4,3,4,1,0,43,3,1
91,5,4,4.429,0.429,0,44,4,1
92,1,0,1,1,0,59,5,1
92,2,1,2,1,2,60,6,1
92,3,2,3,1,0,61,7,1
92,4,3,3.526,0.526,0,62,8,1
93,1,0,1,1,0,41,7,1
93,2,1,2,1,0,42,8,1
93,3,2,3,1,0,43,9,1
93,4,3,3.737,0.737,0,44,10,1
94,1,0,0.758,0.758,0,61,0,1
95,1,0,1,1,1,40,13,1
95,2,1,2,1,0,41,14,1
95,3,2,3,1,0,42,15,1
95,4,3,4,1,1,43,16,1
95,5,4,4.13,0.13,0,44,17,1
96,1,0,1,1,0,51,0,1
96,2,1,2,1,0,52,1,1
96,3,2,3,1,0,53,2,1
96,4,3,4,1,0,54,3,1
96,5,4,5,1,0,55,4,1
96,6,5,6,1,0,56,5,1
96,7,6,7,1,0,57,6,1
96,8,7,7.897,0.897,0,58,7,1
97,1,0,1,1,0,35,14,1
97,2,1,2,1,1,36,15,1
97,3,2,3,1,1,37,16,1
97,4,3,4,1,0,38,17,1
97,5,4,5,1,1,39,18,1
97,6,5,6,1,0,40,19,1
97,7,6,6.658,0.658,0,41,20,1
98,1,0,1,1,0,44,13,1
98,2,1,2,1,0,45,14,1
98,3,2,3,1,0,46,15,1
98,4,3,4,1,0,47,16,1
98,5,4,5,1,0,48,17,1
98,6,5,6,1,0,49,18,1
98,7,6,6.295,0.295,0,50,19,1
99,1,0,1,1,0,47,12,1
99,2,1,2,1,0,48,13,1
99,3,2,3,1,0,49,14,1
99,4,3,4,1,0,50,15,1
99,5,4,4.429,0.429,0,51,16,1
100,1,0,1,1,0,33,6,1
100,2,1,1.515,0.515,0,34,7,1
101,1,0,1,1,0,60,12,1
101,2,1,1.667,0.667,0,61,13,1
102,1,0,1,1,0,48,7,1
102,2,1,2,1,0,49,8,1
102,3,2,3,1,0,50,9,1
102,4,3,4,1,0,51,10,1
102,5,4,5,1,0,52,11,1
102,6,5,5.262,0.262,0,53,12,1
103,1,0,1,1,0,76,4,1
103,2,1,1.993,0.993,0,77,5,1
104,1,0,1,1,1,38,10,1
104,2,1,1.803,0.803,0,39,11,1
105,1,0,1,1,0,43,10,1
105,2,1,2,1,0,44,11,1
105,3,2,3,1,0,45,12,1
105,4,3,4,1,0,46,13,1
105,5,4,5,1,0,47,14,1
105,6,5,6,1,1,48,15,1
105,7,6,7,1,0,49,16,1
105,8,7,7.59,0.59,0,50,17,1
106,1,0,1,1,0,80,11,1
106,2,1,2,1,1,81,12,1
106,3,2,3,1,0,82,13,1
106,4,3,4,1,0,83,14,1
106,5,4,5,1,0,84,15,1
106,6,5,6,1,0,85,16,1
106,7,6,7,1,0,86,17,1
106,8,7,7.549,0.549,0,87,18,1
107,1,0,1,1,0,88,13,1
107,2,1,2,1,0,89,14,1
107,3,2,2.706,0.706,0,90,15,1
108,1,0,1,1,0,24,12,1
108,2,1,2,1,0,25,13,1
108,3,2,3,1,0,26,14,1
108,4,3,3.304,0.304,0,27,15,1
109,1,0,1,1,0,18,11,1
109,2,1,1.096,0.096,0,19,12,1
110,1,0,1,1,0,34,14,1
110,2,1,2,1,0,35,15,1
110,3,2,3,1,0,36,16,1
110,4,3,4,1,0,37,17,1
110,5,4,5,1,0,38,18,1
110,6,5,6,1,0,39,19,1
110,7,6,7,1,0,40,20,1
110,8,7,8,1,0,41,21,1
110,9,8,9,1,1,42,22,1
110,10,9,9.04,0.04,0,43,23,1
111,1,0,1,1,0,49,3,1
111,2,1,2,1,0,50,4,1
111,3,2,2.989,0.989,0,51,5,1
112,1,0,1,1,0,43,10,1
112,2,1,1.228,0.228,0,44,11,1
113,1,0,1,1,0,41,5,1
113,2,1,1.633,0.633,0,42,6,1
114,1,0,1,1,1,44,7,1
114,2,1,2,1,0,45,8,1
114,3,2,3,1,0,46,9,1
114,4,3,4,1,1,47,10,1
114,5,4,5,1,0,48,11,1
114,6,5,6,1,0,49,12,1
114,7,6,7,1,0,50,13,1
114,8,7,7.161,0.161,0,51,14,1
115,1,0,1,1,0,53,9,1
115,2,1,2,1,0,54,10,1
115,3,2,3,1,0,55,11,1
115,4,3,4,1,0,56,12,1
115,5,4,4.888,0.888,0,57,13,1
116,1,0,1,1,0,27,14,1
116,2,1,2,1,0,28,15,1
116,3,2,3,1,0,29,16,1
116,4,3,4,1,0,30,17,1
116,5,4,4.361,0.361,0,31,18,1
117,1,0,1,1,0,57,11,1
117,2,1,1.1,0.1,0,58,12,1
118,1,0,1,1,0,57,7,1
118,2,1,2,1,0,58,8,1
118,3,2,3,1,0,59,9,1
118,4,3,4,1,0,60,10,1
118,5,4,4.215,0.215,0,61,11,1
119,1,0,0.853,0.853,0,57,2,1
120,1,0,1,1,0,50,0,1
120,2,1,2,1,0,51,1,1
120,3,2,2.652,0.652,0,52,2,1
121,1,0,1,1,0,18,11,1
121,2,1,2,1,0,19,12,1
121,3,2,3,1,1,20,13,1
121,4,3,4,1,0,21,14,1
121,5,4,5,1,0,22,15,1
121,6,5,6,1,1,23,16,1
121,7,6,7,1,1,24,17,1
121,8,7,8,1,0,25,18,1
121,9,8,8.58,0.58,0,26,19,1
122,1,0,1,1,0,40,5,1
122,2,1,2,1,0,41,6,1
122,3,2,3,1,0,42,7,1
122,4,3,4,1,0,43,8,1
122,5,4,4.713,0.713,1,44,9,1
123,1,0,0.829,0.829,0,22,3,1
124,1,0,1,1,0,36,7,1
124,2,1,2,1,0,37,8,1
124,3,2,3,1,0,38,9,1
124,4,3,4,1,0,39,10,1
124,5,4,5,1,0,40,11,1
124,6,5,6,1,0,41,12,1
124,7,6,7,1,0,42,13,1
124,8,7,8,1,0,43,14,1
124,9,8,8.808,0.808,0,44,15,1
125,1,0,1,1,0,28,12,1
125,2,1,2,1,0,29,13,1
125,3,2,3,1,0,30,14,1
125,4,3,4,1,0,31,15,1
125,5,4,5,1,0,32,16,1
125,6,5,6,1,2,33,17,1
125,7,6,6.823,0.823,0,34,18,1
126,1,0,1,1,1,61,10,1
126,2,1,2,1,0,62,11,1
126,3,2,3,1,0,63,12,1
126,4,3,4,1,0,64,13,1
126,5,4,4.498,0.498,0,65,14,1
127,1,0,1,1,1,19,15,1
127,2,1,2,1,0,20,16,1
127,3,2,3,1,0,21,17,1
127,4,3,4,1,0,22,18,1
127,5,4,5,1,0,23,19,1
127,6,5,6,1,0,24,20,1
127,7,6,6.234,0.234,0,25,21,1
128,1,0,1,1,0,49,18,1
128,2,1,2,1,0,50,19,1
128,3,2,3,1,0,51,20,1
128,4,3,4,1,0,52,21,1
128,5,4,5,1,0,53,22,1
128,6,5,6,1,0,54,23,1
128,7,6,6.73,0.73,0,55,24,1
129,1,0,1,1,0,51,13,1
129,2,1,2,1,0,52,14,1
129,3,2,3,1,0,53,15,1
129,4,3,3.521,0.521,0,54,16,1
130,1,0,1,1,0,42,16,1
130,2,1,2,1,0,43,17,1
130,3,2,3,1,0,44,18,1
130,4,3,3.705,0.705,0,45,19,1
131,1,0,1,1,0,47,9,1
131,2,1,2,1,0,48,10,1
131,3,2,3,1,1,49,11,1
131,4,3,4,1,1,50,12,1
131,5,4,4.437,0.437,0,51,13,1
132,1,0,1,1,0,43,12,1
132,2,1,2,1,0,44,13,1
132,3,2,2.745,0.745,0,45,14,1
133,1,0,1,1,0,22,0,1
133,2,1,2,1,0,23,1,1
133,3,2,3,1,0,24,2,1
133,4,3,4,1,0,25,3,1
133,5,4,5,1,0,26,4,1
133,6,5,6,1,0,27,5,1
133,7,6,7,1,1,28,6,1
133,8,7,8,1,0,29,7,1
133,9,8,8.493,0.493,0,30,8,1
134,1,0,0.947,0.947,0,30,8,1
135,1,0,1,1,0,29,0,1
135,2,1,2,1,0,30,1,1
135,3,2,3,1,0,31,2,1
135,4,3,4,1,1,32,3,1
135,5,4,4.909,0.909,0,33,4,1
136,1,0,1,1,0,37,7,1
136,2,1,2,1,0,38,8,1
136,3,2,3,1,0,39,9,1
136,4,3,4,1,0,40,10,1
136,5,4,5,1,0,41,11,1
136,6,5,6,1,0,42,12,1
136,7,6,7,1,0,43,13,1
136,8,7,7.29,0.29,0,44,14,1
137,1,0,1,1,1,53,12,1
137,2,1,1.173,0.173,0,54,13,1
138,1,0,1,1,1,46,11,1
138,2,1,1.981,0.981,0,47,12,1
139,1,0,1,1,0,45,2,1
139,2,1,1.189,0.189,0,46,3,1
140,1,0,1,1,0,35,15,1
140,2,1,2,1,0,36,16,1
140,3,2,3,1,0,37,17,1
140,4,3,3.089,0.089,0,38,18,1
141,1,0,1,1,0,34,9,1
141,2,1,2,1,0,35,10,1
141,3,2,3,1,0,36,11,1
141,4,3,4,1,0,37,12,1
141,5,4,5,1,0,38,13,1
141,6,5,6,1,0,39,14,1
141,7,6,7,1,0,40,15,1
141,8,7,7.438,0.438,0,41,16,1
142,1,0,1,1,0,71,12,1
142,2,1,2,1,0,72,13,1
142,3,2,3,1,0,73,14,1
142,4,3,4,1,0,74,15,1
142,5,4,5,1,1,75,16,1
142,6,5,6,1,0,76,17,1
142,7,6,7,1,0,77,18,1
142,8,7,8,1,0,78,19,1
142,9,8,8.437,0.437,0,79,20,1
143,1,0,1,1,0,68,5,1
143,2,1,2,1,0,69,6,1
143,3,2,2.52,0.52,0,70,7,1
144,1,0,1,1,0,29,2,1
144,2,1,2,1,0,30,3,1
144,3,2,3,1,0,31,4,1
144,4,3,4,1,0,32,5,1
144,5,4,5,1,0,33,6,1
144,6,5,6,1,0,34,7,1
144,7,6,6.228,0.228,0,35,8,1
145,1,0,1,1,0,31,1,1
145,2,1,2,1,1,32,2,1
145,3,2,3,1,0,33,3,1
145,4,3,4,1,1,34,4,1
145,5,4,5,1,0,35,5,1
145,6,5,6,1,0,36,6,1
145,7,6,7,1,1,37,7,1
145,8,7,7.012,0.012,0,38,8,1
146,1,0,1,1,0,51,3,1
146,2,1,2,1,0,52,4,1
146,3,2,3,1,0,53,5,1
146,4,3,4,1,0,54,6,1
146,5,4,4.458,0.458,0,55,7,1
147,1,0,1,1,0,18,12,1
147,2,1,2,1,0,19,13,1
147,3,2,3,1,0,20,14,1
147,4,3,4,1,1,21,15,1
147,5,4,5,1,0,22,16,1
147,6,5,6,1,0,23,17,1
147,7,6,7,1,0,24,18,1
147,8,7,7.603,0.603,0,25,19,1
148,1,0,1,1,0,47,5,1
148,2,1,2,1,0,48,6,1
148,3,2,3,1,0,49,7,1
148,4,3,3.285,0.285,0,50,8,1
149,1,0,1,1,0,57,10,1
149,2,1,2,1,0,58,11,1
149,3,2,3,1,0,59,12,1
149,4,3,3.08,0.08,0,60,13,1
150,1,0,1,1,0,54,3,1
150,2,1,2,1,0,55,4,1
150,3,2,3,1,0,56,5,1
150,4,3,4,1,0,57,6,1
150,5,4,5,1,0,58,7,1
150,6,5,5.904,0.904,0,59,8,1
151,1,0,1,1,0,38,1,1
151,2,1,2,1,0,39,2,1
151,3,2,3,1,0,40,3,1
151,4,3,4,1,0,41,4,1
151,5,4,5,1,0,42,5,1
151,6,5,5.082,0.082,0,43,6,1
152,1,0,1,1,0,43,11,1
152,2,1,1.012,0.012,0,44,12,1
153,1,0,1,1,0,56,5,1
153,2,1,1.933,0.933,0,57,6,1
154,1,0,1,1,0,73,0,1
154,2,1,2,1,0,74,1,1
154,3,2,3,1,1,75,2,1
154,4,3,4,1,0,76,3,1
154,5,4,5,1,0,77,4,1
154,6,5,5.219,0.219,0,78,5,1
155,1,0,1,1,0,43,9,1
155,2,1,2,1,0,44,10,1
155,3,2,3,1,0,45,11,1
155,4,3,3.824,0.824,0,46,12,1
156,1,0,1,1,0,41,5,1
156,2,1,2,1,0,42,6,1
156,3,2,2.493,0.493,0,43,7,1
157,1,0,1,1,0,79,2,1
157,2,1,2,1,0,80,3,1
157,3,2,3,1,0,81,4,1
157,4,3,4,1,0,82,5,1
157,5,4,5,1,0,83,6,1
157,6,5,6,1,0,84,7,1
157,7,6,7,1,0,85,8,1
157,8,7,7.829,0.829,0,86,9,1
158,1,0,1,1,0,61,14,1
158,2,1,1.714,0.714,0,62,15,1
159,1,0,1,1,0,66,8,1
159,2,1,1.843,0.843,0,67,9,1
160,1,0,1,1,0,53,9,1
160,2,1,2,1,0,54,10,1
160,3,2,2.355,0.355,0,55,11,1
161,1,0,1,1,0,40,5,1
161,2,1,2,1,0,41,6,1
161,3,2,2.568,0.568,0,42,7,1
162,1,0,1,1,0,75,0,1
162,2,1,1.78,0.78,0,76,1,1
163,1,0,0.798,0.798,0,64,14,1
164,1,0,1,1,0,44,12,1
164,2,1,2,1,0,45,13,1
164,3,2,3,1,0,46,14,1
164,4,3,4,1,0,47,15,1
164,5,4,5,1,1,48,16,1
164,6,5,6,1,0,49,17,1
164,7,6,6.556,0.556,0,50,18,1
165,1,0,1,1,0,57,14,1
165,2,1,2,1,0,58,15,1
165,3,2,3,1,0,59,16,1
165,4,3,3.903,0.903,0,60,17,1
166,1,0,1,1,0,18,14,1
166,2,1,1.79,0.79,0,19,15,1
167,1,0,0.913,0.913,0,18,13,1
168,1,0,1,1,0,49,7,1
168,2,1,2,1,0,50,8,1
168,3,2,3,1,0,51,9,1
168,4,3,4,1,0,52,10,1
168,5,4,5,1,0,53,11,1
168,6,5,6,1,0,54,12,1
168,7,6,7,1,0,55,13,1
168,8,7,7.137,0.137,0,56,14,1
169,1,0,1,1,0,42,5,1
169,2,1,1.468,0.468,0,43,6,1
170,1,0,1,1,0,36,6,1
170,2,1,2,1,0,37,7,1
170,3,2,3,1,0,38,8,1
170,4,3,4,1,0,39,9,1
170,5,4,5,1,0,40,10,1
170,6,5,6,1,0,41,11,1
170,7,6,7,1,1,42,12,1
170,8,7,7.139,0.139,0,43,13,1
171,1,0,1,1,0,44,1,1
171,2,1,2,1,0,45,2,1
171,3,2,3,1,0,46,3,1
171,4,3,4,1,0,47,4,1
171,5,4,5,1,0,48,5,1
171,6,5,6,1,0,49,6,1
171,7,6,6.007,0.007,0,50,7,1
172,1,0,1,1,0,53,9,1
172,2,1,1.089,0.089,0,54,10,1
173,1,0,1,1,0,43,0,1
173,2,1,2,1,0,44,1,1
173,3,2,3,1,0,45,2,1
173,4,3,3.332,0.332,0,46,3,1
174,1,0,1,1,0,51,9,1
174,2,1,2,1,0,52,10,1
174,3,2,3,1,0,53,11,1
174,4,3,4,1,0,54,12,1
174,5,4,5,1,0,55,13,1
174,6,5,6,1,0,56,14,1
174,7,6,7,1,0,57,15,1
174,8,7,8,1,0,58,16,1
174,9,8,8.596,0.596,0,59,17,1
175,1,0,1,1,0,35,12,1
175,2,1,1.461,0.461,0,36,13,1
176,1,0,1,1,0,41,8,1
176,2,1,2,1,0,42,9,1
176,3,2,2.493,0.493,0,43,10,1
177,1,0,1,1,1,21,7,1
177,2,1,1.244,0.244,0,22,8,1
178,1,0,1,1,0,56,3,1
178,2,1,2,1,0,57,4,1
178,3,2,3,1,0,58,5,1
178,4,3,4,1,0,59,6,1
178,5,4,5,1,0,60,7,1
178,6,5,6,1,0,61,8,1
178,7,6,7,1,0,62,9,1
178,8,7,7.386,0.386,0,63,10,1
179,1,0,1,1,0,47,15,1
179,2,1,1.918,0.918,0,48,16,1
180,1,0,1,1,0,69,2,1
180,2,1,1.578,0.578,0,70,3,1
181,1,0,1,1,1,38,13,1
181,2,1,2,1,0,39,14,1
181,3,2,2.879,0.879,0,40,15,1
182,1,0,1,1,0,40,3,1
182,2,1,2,1,0,41,4,1
182,3,2,3,1,0,42,5,1
182,4,3,3.394,0.394,0,43,6,1
183,1,0,1,1,0,51,7,1
183,2,1,2,1,0,52,8,1
183,3,2,2.34,0.34,0,53,9,1
184,1,0,0.945,0.945,0,56,10,1
185,1,0,1,1,0,45,5,1
185,2,1,1.171,0.171,0,46,6,1
186,1,0,1,1,0,42,9,1
186,2,1,2,1,0,43,10,1
186,3,2,3,1,0,44,11,1
186,4,3,4,1,1,45,12,1
186,5,4,4.248,0.248,0,46,13,1
187,1,0,1,1,0,18,11,1
187,2,1,1.398,0.398,1,19,12,1
188,1,0,1,1,0,58,15,1
188,2,1,1.607,0.607,0,59,16,1
189,1,0,1,1,0,52,6,1
189,2,1,2,1,0,53,7,1
189,3,2,3,1,0,54,8,1
189,4,3,4,1,0,55,9,1
189,5,4,5,1,0,56,10,1
189,6,5,5.658,0.658,0,57,11,1
190,1,0,1,1,0,43,20,1
190,2,1,2,1,0,44,21,1
190,3,2,2.567,0.567,0,45,22,1
191,1,0,1,1,0,47,12,1
191,2,1,2,1,0,48,13,1
191,3,2,3,1,0,49,14,1
191,4,3,4,1,0,50,15,1
191,5,4,5,1,0,51,16,1
191,6,5,5.838,0.838,0,52,17,1
192,1,0,1,1,1,68,0,1
192,2,1,2,1,0,69,1,1
192,3,2,3,1,2,70,2,1
192,4,3,4,1,0,71,3,1
192,5,4,5,1,1,72,4,1
192,6,5,6,1,2,73,5,1
192,7,6,6.656,0.656,0,74,6,1
193,1,0,1,1,0,66,14,1
193,2,1,2,1,0,67,15,1
193,3,2,3,1,0,68,16,1
193,4,3,4,1,0,69,17,1
193,5,4,5,1,0,70,18,1
193,6,5,5.417,0.417,0,71,19,1
194,1,0,0.63,0.63,0,49,6,1
195,1,0,1,1,0,60,16,1
195,2,1,2,1,0,61,17,1
195,3,2,3,1,0,62,18,1
195,4,3,4,1,0,63,19,1
195,5,4,5,1,0,64,20,1
195,6,5,6,1,0,65,21,1
195,7,6,7,1,0,66,22,1
195,8,7,8,1,0,67,23,1
195,9,8,8.851,0.851,0,68,24,1
196,1,0,1,1,0,44,6,1
196,2,1,2,1,0,45,7,1
196,3,2,3,1,0,46,8,1
196,4,3,4,1,0,47,9,1
196,5,4,5,1,0,48,10,1
196,6,5,6,1,0,49,11,1
196,7,6,7,1,0,50,12,1
196,8,7,8,1,0,51,13,1
196,9,8,9,1,0,52,14,1
196,10,9,9.922,0.922,0,53,15,1
197,1,0,1,1,1,41,4,1
197,2,1,2,1,0,42,5,1
197,3,2,3,1,0,43,6,1
197,4,3,4,1,0,44,7,1
197,5,4,5,1,1,45,8,1
197,6,5,6,1,0,46,9,1
197,7,6,7,1,0,47,10,1
197,8,7,8,1,1,48,11,1
197,9,8,8.908,0.908,0,49,12,1
198,1,0,1,1,0,73,3,1
198,2,1,1.395,0.395,0,74,4,1
199,1,0,1,1,0,45,6,1
199,2,1,2,1,0,46,7,1
199,3,2,3,1,0,47,8,1
199,4,3,4,1,0,48,9,1
199,5,4,5,1,0,49,10,1
199,6,5,5.968,0.968,0,50,11,1
200,1,0,1,1,0,43,8,1
200,2,1,2,1,0,44,9,1
200,3,2,2.543,0.543,0,45,10,1
201,1,0,1,1,0,39,15,1
201,2,1,2,1,0,40,16,1
201,3,2,3,1,0,41,17,1
201,4,3,3.4,0.4,0,42,18,1
202,1,0,1,1,0,36,1,1
202,2,1,2,1,0,37,2,1
202,3,2,3,1,0,38,3,1
202,4,3,4,1,0,39,4,1
202,5,4,5,1,0,40,5,1
202,6,5,5.94,0.94,0,41,6,1
203,1,0,1,1,1,58,4,1
203,2,1,2,1,0,59,5,1
203,3,2,2.746,0.746,0,60,6,1
204,1,0,1,1,0,34,1,1
204,2,1,1.595,0.595,0,35,2,1
205,1,0,1,1,0,34,2,1
205,2,1,2,1,0,35,3,1
205,3,2,3,1,0,36,4,1
205,4,3,4,1,0,37,5,1
205,5,4,5,1,1,38,6,1
205,6,5,6,1,0,39,7,1
205,7,6,7,1,0,40,8,1
205,8,7,8,1,0,41,9,1
205,9,8,9,1,0,42,10,1
205,10,9,9.1,0.1,0,43,11,1
206,1,0,1,1,0,44,10,1
206,2,1,2,1,0,45,11,1
206,3,2,3,1,0,46,12,1
206,4,3,4,1,0,47,13,1
206,5,4,5,1,1,48,14,1
206,6,5,6,1,0,49,15,1
206,7,6,6.342,0.342,0,50,16,1
207,1,0,1,1,0,37,10,1
207,2,1,1.238,0.238,0,38,11,1
208,1,0,1,1,0,33,13,1
208,2,1,2,1,0,34,14,1
208,3,2,2.305,0.305,0,35,15,1
209,1,0,1,1,2,62,10,1
209,2,1,2,1,0,63,11,1
209,3,2,3,1,1,64,12,1
209,4,3,4,1,0,65,13,1
209,5,4,5,1,1,66,14,1
209,6,5,6,1,2,67,15,1
209,7,6,6.115,0.115,0,68,16,1
210,1,0,1,1,0,34,1,1
210,2,1,2,1,1,35,2,1
210,3,2,3,1,0,36,3,1
210,4,3,3.057,0.057,0,37,4,1
211,1,0,1,1,0,18,9,1
211,2,1,2,1,0,19,10,1
211,3,2,3,1,1,20,11,1
211,4,3,4,1,0,21,12,1
211,5,4,5,1,0,22,13,1
211,6,5,6,1,1,23,14,1
211,7,6,7,1,0,24,15,1
211,8,7,8,1,0,25,16,1
211,9,8,8.294,0.294,0,26,17,1
212,1,0,1,1,0,39,5,1
212,2,1,1.191,0.191,0,40,6,1
213,1,0,1,1,0,59,4,1
213,2,1,2,1,0,60,5,1
213,3,2,2.548,0.548,0,61,6,1
214,1,0,1,1,0,36,2,1
214,2,1,2,1,0,37,3,1
214,3,2,3,1,0,38,4,1
214,4,3,4,1,0,39,5,1
214,5,4,4.849,0.849,0,40,6,1
215,1,0,1,1,0,49,15,1
215,2,1,2,1,0,50,16,1
215,3,2,3,1,1,51,17,1
215,4,3,4,1,0,52,18,1
215,5,4,4.705,0.705,0,53,19,1
216,1,0,1,1,0,52,11,1
216,2,1,2,1,0,53,12,1
216,3,2,2.62,0.62,0,54,13,1
217,1,0,1,1,0,36,4,1
217,2,1,2,1,0,37,5,1
217,3,2,3,1,0,38,6,1
217,4,3,4,1,0,39,7,1
217,5,4,5,1,0,40,8,1
217,6,5,6,1,0,41,9,1
217,7,6,7,1,0,42,10,1
217,8,7,8,1,0,43,11,1
217,9,8,8.305,0.305,0,44,12,1
218,1,0,1,1,0,47,6,1
218,2,1,2,1,1,48,7,1
218,3,2,3,1,0,49,8,1
218,4,3,4,1,0,50,9,1
218,5,4,5,1,0,51,10,1
218,6,5,6,1,0,52,11,1
218,7,6,6.36,0.36,0,53,12,1
219,1,0,1,1,0,18,12,1
219,2,1,1.203,0.203,0,19,13,1
220,1,0,1,1,1,36,10,1
220,2,1,1.606,0.606,0,37,11,1
221,1,0,1,1,1,84,7,1
221,2,1,1.941,0.941,0,85,8,1
222,1,0,1,1,0,34,5,1
222,2,1,2,1,0,35,6,1
222,3,2,2.149,0.149,0,36,7,1
223,1,0,1,1,0,51,9,1
223,2,1,2,1,0,52,10,1
223,3,2,2.423,0.423,0,53,11,1
224,1,0,1,1,0,32,8,1
224,2,1,2,1,0,33,9,1
224,3,2,3,1,0,34,10,1
224,4,3,3.473,0.473,0,35,11,1
225,1,0,1,1,0,45,16,1
225,2,1,1.69,0.69,0,46,17,1
226,1,0,1,1,0,22,14,1
226,2,1,2,1,0,23,15,1
226,3,2,2.23,0.23,0,24,16,1
227,1,0,1,1,0,38,8,1
227,2,1,2,1,0,39,9,1
227,3,2,3,1,0,40,10,1
227,4,3,3.159,0.159,0,41,11,1
228,1,0,1,1,0,45,0,1
228,2,1,1.75,0.75,0,46,1,1
229,1,0,1,1,0,29,13,1
229,2,1,1.7,0.7,0,30,14,1
230,1,0,1,1,0,36,6,1
230,2,1,2,1,0,37,7,1
230,3,2,3,1,0,38,8,1
230,4,3,4,1,0,39,9,1
230,5,4,4.858,0.858,0,40,10,1
231,1,0,1,1,0,30,2,1
231,2,1,2,1,0,31,3,1
231,3,2,3,1,0,32,4,1
231,4,3,4,1,0,33,5,1
231,5,4,4.288,0.288,0,34,6,1
232,1,0,1,1,0,56,10,1
232,2,1,2,1,0,57,11,1
232,3,2,3,1,0,58,12,1
232,4,3,3.057,0.057,0,59,13,1
233,1,0,1,1,0,36,12,1
233,2,1,2,1,0,37,13,1
233,3,2,3,1,1,38,14,1
233,4,3,4,1,0,39,15,1
233,5,4,5,1,0,40,16,1
233,6,5,6,1,0,41,17,1
233,7,6,7,1,0,42,18,1
233,8,7,8,1,0,43,19,1
233,9,8,9,1,0,44,20,1
233,10,9,9.497,0.497,0,45,21,1
234,1,0,1,1,0,41,15,1
234,2,1,1.189,0.189,0,42,16,1
235,1,0,1,1,0,38,3,1
235,2,1,2,1,0,39,4,1
235,3,2,2.921,0.921,0,40,5,1
236,1,0,1,1,0,64,7,1
236,2,1,2,1,0,65,8,1
236,3,2,3,1,0,66,9,1
236,4,3,4,1,0,67,10,1
236,5,4,5,1,0,68,11,1
236,6,5,6,1,0,69,12,1
236,7,6,7,1,0,70,13,1
236,8,7,8,1,0,71,14,1
236,9,8,9,1,0,72,15,1
236,10,9,9.873,0.873,0,73,16,1
237,1,0,1,1,1,73,14,1
237,2,1,2,1,0,74,15,1
237,3,2,3,1,1,75,16,1
237,4,3,3.429,0.429,0,76,17,1
238,1,0,1,1,0,18,3,1
238,2,1,2,1,0,19,4,1
238,3,2,2.899,0.899,1,20,5,1
239,1,0,1,1,0,40,14,1
239,2,1,2,1,0,41,15,1
239,3,2,3,1,0,42,16,1
239,4,3,3.789,0.789,0,43,17,1
240,1,0,1,1,0,56,12,1
240,2,1,2,1,0,57,13,1
240,3,2,3,1,0,58,14,1
240,4,3,4,1,2,59,15,1
240,5,4,4.494,0.494,0,60,16,1
241,1,0,1,1,0,35,9,1
241,2,1,2,1,0,36,10,1
241,3,2,2.569,0.569,1,37,11,1
242,1,0,1,1,0,21,10,1
242,2,1,2,1,0,22,11,1
242,3,2,3,1,0,23,12,1
242,4,3,3.982,0.982,0,24,13,1
243,1,0,1,1,0,18,7,1
243,2,1,2,1,0,19,8,1
243,3,2,3,1,1,20,9,1
243,4,3,4,1,0,21,10,1
243,5,4,4.664,0.664,1,22,11,1
244,1,0,1,1,0,18,5,1
244,2,1,2,1,0,19,6,1
244,3,2,2.176,0.176,0,20,7,1
245,1,0,1,1,0,59,7,1
245,2,1,1.536,0.536,0,60,8,1
246,1,0,1,1,0,65,1,1
246,2,1,2,1,0,66,2,1
246,3,2,3,1,0,67,3,1
246,4,3,4,1,0,68,4,1
246,5,4,5,1,0,69,5,1
246,6,5,5.709,0.709,0,70,6,1
247,1,0,1,1,0,44,8,1
247,2,1,2,1,0,45,9,1
247,3,2,3,1,0,46,10,1
247,4,3,3.216,0.216,0,47,11,1
248,1,0,1,1,0,41,8,1
248,2,1,2,1,0,42,9,1
248,3,2,3,1,0,43,10,1
248,4,3,4,1,0,44,11,1
248,5,4,4.522,0.522,0,45,12,1
249,1,0,0.93,0.93,0,23,0,1
250,1,0,1,1,0,23,9,1
250,2,1,2,1,0,24,10,1
250,3,2,2.099,0.099,0,25,11,1
251,1,0,1,1,0,60,8,1
251,2,1,2,1,0,61,9,1
251,3,2,3,1,1,62,10,1
251,4,3,3.677,0.677,0,63,11,1
252,1,0,1,1,0,45,3,1
252,2,1,2,1,0,46,4,1
252,3,2,3,1,1,47,5,1
252,4,3,3.607,0.607,0,48,6,1
253,1,0,1,1,0,62,10,1
253,2,1,2,1,0,63,11,1
253,3,2,3,1,0,64,12,1
253,4,3,4,1,1,65,13,1
253,5,4,5,1,0,66,14,1
253,6,5,6,1,0,67,15,1
253,7,6,7,1,0,68,16,1
253,8,7,8,1,0,69,17,1
253,9,8,9,1,0,70,18,1
253,10,9,9.134,0.134,0,71,19,1
254,1,0,1,1,0,46,8,1
254,2,1,2,1,0,47,9,1
254,3,2,3,1,0,48,10,1
254,4,3,4,1,0,49,11,1
254,5,4,5,1,0,50,12,1
254,6,5,6,1,0,51,13,1
254,7,6,7,1,1,52,14,1
254,8,7,8,1,0,53,15,1
254,9,8,9,1,0,54,16,1
254,10,9,9.35,0.35,0,55,17,1
255,1,0,1,1,0,32,16,1
255,2,1,2,1,0,33,17,1
255,3,2,3,1,0,34,18,1
255,4,3,4,1,1,35,19,1
255,5,4,5,1,0,36,20,1
255,6,5,6,1,0,37,21,1
255,7,6,7,1,0,38,22,1
255,8,7,8,1,0,39,23,1
255,9,8,8.478,0.478,2,40,24,1
256,1,0,1,1,1,23,0,1
256,2,1,2,1,0,24,1,1
256,3,2,3,1,0,25,2,1
256,4,3,4,1,0,26,3,1
256,5,4,5,1,0,27,4,1
256,6,5,6,1,1,28,5,1
256,7,6,7,1,0,29,6,1
256,8,7,7.568,0.568,0,30,7,1
257,1,0,1,1,0,54,8,1
257,2,1,2,1,0,55,9,1
257,3,2,3,1,0,56,10,1
257,4,3,4,1,0,57,11,1
257,5,4,5,1,0,58,12,1
257,6,5,5.086,0.086,0,59,13,1
258,1,0,1,1,0,40,17,1
258,2,1,1.354,0.354,0,41,18,1
259,1,0,1,1,0,18,16,1
259,2,1,2,1,1,19,17,1
259,3,2,2.735,0.735,0,20,18,1
260,1,0,1,1,0,36,4,1
260,2,1,2,1,0,37,5,1
260,3,2,3,1,1,38,6,1
260,4,3,3.737,0.737,0,39,7,1
261,1,0,1,1,1,54,12,1
261,2,1,2,1,0,55,13,1
261,3,2,3,1,0,56,14,1
261,4,3,4,1,0,57,15,1
261,5,4,5,1,0,58,16,1
261,6,5,6,1,0,59,17,1
261,7,6,6.49,0.49,0,60,18,1
262,1,0,1,1,0,54,11,1
262,2,1,2,1,0,55,12,1
262,3,2,2.99,0.99,0,56,13,1
263,1,0,1,1,0,51,10,1
263,2,1,2,1,0,52,11,1
263,3,2,3,1,0,53,12,1
263,4,3,4,1,0,54,13,1
263,5,4,5,1,0,55,14,1
263,6,5,6,1,1,56,15,1
263,7,6,6.35,0.35,0,57,16,1
264,1,0,1,1,0,59,6,1
264,2,1,2,1,0,60,7,1
264,3,2,3,1,0,61,8,1
264,4,3,4,1,0,62,9,1
264,5,4,5,1,0,63,10,1
264,6,5,6,1,1,64,11,1
264,7,6,7,1,0,65,12,1
264,8,7,7.354,0.354,0,66,13,1
265,1,0,1,1,0,66,9,1
265,2,1,2,1,0,67,10,1
265,3,2,3,1,1,68,11,1
265,4,3,3.247,0.247,0,69,12,1
266,1,0,1,1,0,51,8,1
266,2,1,1.728,0.728,0,52,9,1
267,1,0,1,1,0,32,4,1
267,2,1,2,1,0,33,5,1
267,3,2,2.659,0.659,0,34,6,1
268,1,0,1,1,0,57,3,1
268,2,1,2,1,1,58,4,1
268,3,2,3,1,0,59,5,1
268,4,3,3.044,0.044,0,60,6,1
269,1,0,1,1,0,52,7,1
269,2,1,2,1,0,53,8,1
269,3,2,2.7,0.7,1,54,9,1
270,1,0,1,1,0,78,11,1
270,2,1,2,1,0,79,12,1
270,3,2,3,1,0,80,13,1
270,4,3,4,1,1,81,14,1
270,5,4,4.864,0.864,0,82,15,1
271,1,0,1,1,0,46,13,1
271,2,1,2,1,0,47,14,1
271,3,2,3,1,0,48,15,1
271,4,3,4,1,0,49,16,1
271,5,4,5,1,0,50,17,1
271,6,5,5.363,0.363,0,51,18,1
272,1,0,1,1,0,51,4,1
272,2,1,2,1,0,52,5,1
272,3,2,3,1,0,53,6,1
272,4,3,4,1,0,54,7,1
272,5,4,4.506,0.506,0,55,8,1
273,1,0,1,1,0,40,5,1
273,2,1,2,1,0,41,6,1
273,3,2,3,1,0,42,7,1
273,4,3,4,1,0,43,8,1
273,5,4,5,1,0,44,9,1
273,6,5,6,1,0,45,10,1
273,7,6,7,1,0,46,11,1
273,8,7,8,1,0,47,12,1
273,9,8,8.094,0.094,0,48,13,1
274,1,0,1,1,0,63,0,1
274,2,1,2,1,0,64,1,1
274,3,2,3,1,0,65,2,1
274,4,3,3.445,0.445,0,66,3,1
275,1,0,1,1,0,62,7,1
275,2,1,1.2,0.2,0,63,8,1
276,1,0,1,1,0,42,7,1
276,2,1,2,1,0,43,8,1
276,3,2,2.415,0.415,0,44,9,1
277,1,0,1,1,1,52,5,1
277,2,1,1.187,0.187,0,53,6,1
278,1,0,1,1,0,52,12,1
278,2,1,1.314,0.314,0,53,13,1
279,1,0,1,1,0,35,2,1
279,2,1,2,1,0,36,3,1
279,3,2,3,1,0,37,4,1
279,4,3,4,1,2,38,5,1
279,5,4,5,1,0,39,6,1
279,6,5,6,1,0,40,7,1
279,7,6,6.732,0.732,1,41,8,1
280,1,0,1,1,0,51,18,1
280,2,1,2,1,0,52,19,1
280,3,2,3,1,0,53,20,1
280,4,3,4,1,0,54,21,1
280,5,4,5,1,0,55,22,1
280,6,5,6,1,0,56,23,1
280,7,6,6.191,0.191,0,57,24,1
281,1,0,1,1,0,47,16,1
281,2,1,1.309,0.309,0,48,17,1
282,1,0,1,1,0,60,4,1
282,2,1,2,1,1,61,5,1
282,3,2,3,1,0,62,6,1
282,4,3,4,1,0,63,7,1
282,5,4,4.566,0.566,0,64,8,1
283,1,0,1,1,0,50,10,1
283,2,1,2,1,0,51,11,1
283,3,2,3,1,0,52,12,1
283,4,3,4,1,0,53,13,1
283,5,4,5,1,0,54,14,1
283,6,5,5.821,0.821,0,55,15,1
284,1,0,1,1,0,30,5,1
284,2,1,2,1,0,31,6,1
284,3,2,3,1,0,32,7,1
284,4,3,3.346,0.346,0,33,8,1
285,1,0,1,1,0,31,5,1
285,2,1,2,1,0,32,6,1
285,3,2,3,1,0,33,7,1
285,4,3,4,1,0,34,8,1
285,5,4,5,1,0,35,9,1
285,6,5,6,1,0,36,10,1
285,7,6,7,1,0,37,11,1
285,8,7,8,1,0,38,12,1
285,9,8,9,1,0,39,13,1
285,10,9,9.211,0.211,0,40,14,1
286,1,0,1,1,0,27,13,1
286,2,1,1.536,0.536,0,28,14,1
287,1,0,1,1,0,54,0,1
287,2,1,2,1,0,55,1,1
287,3,2,2.827,0.827,0,56,2,1
288,1,0,1,1,0,52,6,1
288,2,1,2,1,2,53,7,1
288,3,2,2.448,0.448,0,54,8,1
289,1,0,1,1,0,52,9,1
289,2,1,2,1,0,53,10,1
289,3,2,3,1,1,54,11,1
289,4,3,4,1,1,55,12,1
289,5,4,4.626,0.626,0,56,13,1
290,1,0,1,1,0,39,5,1
290,2,1,1.521,0.521,0,40,6,1
291,1,0,1,1,0,65,9,1
291,2,1,2,1,0,66,10,1
291,3,2,3,1,0,67,11,1
291,4,3,3.14,0.14,0,68,12,1
292,1,0,1,1,0,18,2,1
292,2,1,1.802,0.802,2,19,3,1
293,1,0,1,1,0,48,8,1
293,2,1,2,1,0,49,9,1
293,3,2,3,1,0,50,10,1
293,4,3,4,1,0,51,11,1
293,5,4,5,1,0,52,12,1
293,6,5,6,1,0,53,13,1
293,7,6,7,1,0,54,14,1
293,8,7,8,1,0,55,15,1
293,9,8,8.873,0.873,0,56,16,1
294,1,0,1,1,1,37,11,1
294,2,1,2,1,0,38,12,1
294,3,2,2.635,0.635,0,39,13,1
295,1,0,1,1,0,39,7,1
295,2,1,2,1,0,40,8,1
295,3,2,3,1,0,41,9,1
295,4,3,4,1,0,42,10,1
295,5,4,5,1,0,43,11,1
295,6,5,6,1,0,44,12,1
295,7,6,7,1,0,45,13,1
295,8,7,7.531,0.531,0,46,14,1
296,1,0,0.703,0.703,0,42,15,1
297,1,0,1,1,0,51,3,1
297,2,1,2,1,0,52,4,1
297,3,2,3,1,1,53,5,1
297,4,3,4,1,0,54,6,1
297,5,4,4.004,0.004,0,55,7,1
298,1,0,1,1,1,18,5,1
298,2,1,1.253,0.253,1,19,6,1
299,1,0,1,1,0,22,1,1
299,2,1,2,1,0,23,2,1
299,3,2,3,1,0,24,3,1
299,4,3,4,1,0,25,4,1
299,5,4,4.157,0.157,0,26,5,1
300,1,0,1,1,0,51,5,1
300,2,1,2,1,0,52,6,1
300,3,2,3,1,0,53,7,1
300,4,3,3.894,0.894,0,54,8,1
301,1,0,1,1,2,26,8,1
301,2,1,2,1,0,27,9,1
301,3,2,3,1,0,28,10,1
301,4,3,4,1,0,29,11,1
301,5,4,5,1,1,30,12,1
301,6,5,5.21,0.21,0,31,13,1
302,1,0,1,1,0,49,13,1
302,2,1,1.421,0.421,0,50,14,1
303,1,0,1,1,0,54,10,1
303,2,1,2,1,0,55,11,1
303,3,2,3,1,0,56,12,1
303,4,3,4,1,0,57,13,1
303,5,4,5,1,0,58,14,1
303,6,5,6,1,0,59,15,1
303,7,6,7,1,0,60,16,1
303,8,7,7.639,0.639,0,61,17,1
304,1,0,1,1,0,51,5,1
304,2,1,2,1,0,52,6,1
304,3,2,3,1,0,53,7,1
304,4,3,4,1,0,54,8,1
304,5,4,4.938,0.938,1,55,9,1
305,1,0,1,1,0,26,6,1
305,2,1,2,1,0,27,7,1
305,3,2,3,1,0,28,8,1
305,4,3,3.322,0.322,0,29,9,1
306,1,0,1,1,0,55,4,1
306,2,1,2,1,0,56,5,1
306,3,2,2.304,0.304,0,57,6,1
307,1,0,1,1,0,29,9,1
307,2,1,2,1,0,30,10,1
307,3,2,3,1,0,31,11,1
307,4,3,4,1,2,32,12,1
307,5,4,4.819,0.819,1,33,13,1
308,1,0,1,1,0,31,9,1
308,2,1,2,1,0,32,10,1
308,3,2,3,1,0,33,11,1
308,4,3,4,1,0,34,12,1
308,5,4,5,1,0,35,13,1
308,6,5,6,1,1,36,14,1
308,7,6,6.861,0.861,1,37,15,1
309,1,0,1,1,0,40,2,1
309,2,1,1.805,0.805,0,41,3,1
310,1,0,1,1,1,18,11,1
310,2,1,2,1,0,19,12,1
310,3,2,3,1,0,20,13,1
310,4,3,4,1,0,21,14,1
310,5,4,5,1,2,22,15,1
310,6,5,5.412,0.412,0,23,16,1
311,1,0,0.12,0.12,0,61,10,1
312,1,0,1,1,0,39,16,1
312,2,1,2,1,0,40,17,1
312,3,2,3,1,0,41,18,1
312,4,3,4,1,0,42,19,1
312,5,4,4.586,0.586,0,43,20,1
313,1,0,1,1,0,27,12,1
313,2,1,2,1,0,28,13,1
313,3,2,2.957,0.957,0,29,14,1
314,1,0,1,1,1,44,8,1
314,2,1,2,1,0,45,9,1
314,3,2,3,1,0,46,10,1
314,4,3,4,1,0,47,11,1
314,5,4,5,1,0,48,12,1
314,6,5,5.161,0.161,1,49,13,1
315,1,0,1,1,0,32,16,1
315,2,1,2,1,1,33,17,1
315,3,2,3,1,0,34,18,1
315,4,3,4,1,2,35,19,1
315,5,4,4.85,0.85,1,36,20,1
316,1,0,1,1,0,22,6,1
316,2,1,1.78,0.78,0,23,7,1
317,1,0,1,1,0,36,6,1
317,2,1,2,1,0,37,7,1
317,3,2,3,1,0,38,8,1
317,4,3,4,1,0,39,9,1
317,5,4,5,1,0,40,10,1
317,6,5,6,1,0,41,11,1
317,7,6,7,1,0,42,12,1
317,8,7,8,1,0,43,13,1
317,9,8,8.231,0.231,0,44,14,1
318,1,0,1,1,1,34,7,1
318,2,1,2,1,0,35,8,1
318,3,2,2.596,0.596,0,36,9,1
319,1,0,1,1,0,57,11,1
319,2,1,2,1,1,58,12,1
319,3,2,3,1,0,59,13,1
319,4,3,4,1,1,60,14,1
319,5,4,5,1,0,61,15,1
319,6,5,5.332,0.332,0,62,16,1
320,1,0,1,1,0,57,12,1
320,2,1,2,1,0,58,13,1
320,3,2,3,1,0,59,14,1
320,4,3,4,1,0,60,15,1
320,5,4,5,1,0,61,16,1
320,6,5,6,1,0,62,17,1
320,7,6,7,1,0,63,18,1
320,8,7,8,1,0,64,19,1
320,9,8,8.05,0.05,0,65,20,1
321,1,0,0.899,0.899,0,41,12,1
322,1,0,1,1,0,38,11,1
322,2,1,2,1,0,39,12,1
322,3,2,3,1,0,40,13,1
322,4,3,4,1,0,41,14,1
322,5,4,5,1,0,42,15,1
322,6,5,5.54,0.54,0,43,16,1
323,1,0,1,1,0,56,3,1
323,2,1,2,1,1,57,4,1
323,3,2,3,1,1,58,5,1
323,4,3,4,1,2,59,6,1
323,5,4,4.096,0.096,0,60,7,1
324,1,0,0.881,0.881,1,37,14,1
325,1,0,1,1,0,37,12,1
325,2,1,2,1,0,38,13,1
325,3,2,3,1,1,39,14,1
325,4,3,4,1,3,40,15,1
325,5,4,5,1,2,41,16,1
325,6,5,5.005,0.005,0,42,17,1
326,1,0,1,1,0,49,6,1
326,2,1,2,1,0,50,7,1
326,3,2,3,1,0,51,8,1
326,4,3,3.461,0.461,0,52,9,1
327,1,0,1,1,0,31,12,1
327,2,1,2,1,0,32,13,1
327,3,2,2.235,0.235,0,33,14,1
328,1,0,1,1,0,35,3,1
328,2,1,2,1,0,36,4,1
328,3,2,3,1,0,37,5,1
328,4,3,4,1,0,38,6,1
328,5,4,5,1,0,39,7,1
328,6,5,6,1,0,40,8,1
328,7,6,7,1,0,41,9,1
328,8,7,8,1,0,42,10,1
328,9,8,8.552,0.552,0,43,11,1
329,1,0,1,1,2,29,16,1
329,2,1,2,1,0,30,17,1
329,3,2,3,1,0,31,18,1
329,4,3,4,1,0,32,19,1
329,5,4,5,1,0,33,20,1
329,6,5,6,1,0,34,21,1
329,7,6,7,1,1,35,22,1
329,8,7,8,1,1,36,23,1
329,9,8,8.403,0.403,0,37,24,1
330,1,0,1,1,1,69,15,1
330,2,1,2,1,0,70,16,1
330,3,2,3,1,0,71,17,1
330,4,3,4,1,0,72,18,1
330,5,4,5,1,0,73,19,1
330,6,5,6,1,0,74,20,1
330,7,6,7,1,0,75,21,1
330,8,7,8,1,0,76,22,1
330,9,8,8.395,0.395,0,77,23,1
331,1,0,1,1,0,42,5,1
331,2,1,1.427,0.427,0,43,6,1
332,1,0,1,1,0,54,8,1
332,2,1,2,1,0,55,9,1
332,3,2,3,1,0,56,10,1
332,4,3,4,1,0,57,11,1
332,5,4,4.595,0.595,0,58,12,1
333,1,0,1,1,0,61,13,1
333,2,1,1.128,0.128,0,62,14,1
334,1,0,1,1,0,18,5,1
334,2,1,2,1,0,19,6,1
334,3,2,2.34,0.34,0,20,7,1
335,1,0,1,1,0,72,8,1
335,2,1,2,1,0,73,9,1
335,3,2,3,1,0,74,10,1
335,4,3,4,1,0,75,11,1
335,5,4,5,1,0,76,12,1
335,6,5,6,1,0,77,13,1
335,7,6,6.404,0.404,0,78,14,1
336,1,0,1,1,0,44,5,1
336,2,1,2,1,0,45,6,1
336,3,2,2.159,0.159,0,46,7,1
337,1,0,1,1,0,41,9,1
337,2,1,1.76,0.76,0,42,10,1
338,1,0,1,1,0,48,9,1
338,2,1,1.985,0.985,0,49,10,1
339,1,0,1,1,0,46,9,1
339,2,1,2,1,0,47,10,1
339,3,2,3,1,1,48,11,1
339,4,3,4,1,0,49,12,1
339,5,4,5,1,0,50,13,1
339,6,5,6,1,0,51,14,1
339,7,6,6.099,0.099,0,52,15,1
340,1,0,1,1,0,38,3,1
340,2,1,2,1,0,39,4,1
340,3,2,2.232,0.232,0,40,5,1
341,1,0,1,1,0,49,0,1
341,2,1,1.468,0.468,0,50,1,1
342,1,0,1,1,1,21,14,1
342,2,1,2,1,2,22,15,1
342,3,2,3,1,1,23,16,1
342,4,3,4,1,4,24,17,1
342,5,4,4.92,0.92,2,25,18,1
343,1,0,1,1,0,21,9,1
343,2,1,2,1,1,22,10,1
343,3,2,3,1,1,23,11,1
343,4,3,4,1,0,24,12,1
343,5,4,5,1,0,25,13,1
343,6,5,6,1,0,26,14,1
343,7,6,7,1,0,27,15,1
343,8,7,8,1,0,28,16,1
343,9,8,8.616,0.616,0,29,17,1
344,1,0,1,1,0,56,2,1
344,2,1,2,1,0,57,3,1
344,3,2,3,1,2,58,4,1
344,4,3,4,1,0,59,5,1
344,5,4,4.41,0.41,1,60,6,1
345,1,0,1,1,0,26,13,1
345,2,1,2,1,0,27,14,1
345,3,2,3,1,0,28,15,1
345,4,3,4,1,0,29,16,1
345,5,4,5,1,0,30,17,1
345,6,5,6,1,0,31,18,1
345,7,6,7,1,1,32,19,1
345,8,7,7.528,0.528,0,33,20,1
346,1,0,1,1,0,37,8,1
346,2,1,2,1,0,38,9,1
346,3,2,3,1,0,39,10,1
346,4,3,4,1,0,40,11,1
346,5,4,5,1,0,41,12,1
346,6,5,5.922,0.922,0,42,13,1
347,1,0,1,1,0,40,10,1
347,2,1,2,1,1,41,11,1
347,3,2,3,1,0,42,12,1
347,4,3,4,1,0,43,13,1
347,5,4,5,1,0,44,14,1
347,6,5,6,1,0,45,15,1
347,7,6,7,1,0,46,16,1
347,8,7,7.51,0.51,0,47,17,1
348,1,0,1,1,0,61,10,1
348,2,1,2,1,0,62,11,1
348,3,2,3,1,0,63,12,1
348,4,3,4,1,0,64,13,1
348,5,4,5,1,0,65,14,1
348,6,5,5.715,0.715,0,66,15,1
349,1,0,1,1,0,33,16,1
349,2,1,2,1,0,34,17,1
349,3,2,3,1,1,35,18,1
349,4,3,4,1,0,36,19,1
349,5,4,5,1,0,37,20,1
349,6,5,5.843,0.843,0,38,21,1
350,1,0,1,1,0,73,3,1
350,2,1,1.184,0.184,0,74,4,1
351,1,0,1,1,0,60,0,1
351,2,1,2,1,0,61,1,1
351,3,2,2.265,0.265,0,62,2,1
352,1,0,1,1,0,45,0,1
352,2,1,2,1,0,46,1,1
352,3,2,3,1,0,47,2,1
352,4,3,4,1,0,48,3,1
352,5,4,5,1,0,49,4,1
352,6,5,6,1,0,50,5,1
352,7,6,7,1,0,51,6,1
352,8,7,7.45,0.45,0,52,7,1
353,1,0,1,1,0,20,4,1
353,2,1,2,1,0,21,5,1
353,3,2,2.742,0.742,0,22,6,1
354,1,0,1,1,0,36,12,1
354,2,1,2,1,0,37,13,1
354,3,2,3,1,0,38,14,1
354,4,3,4,1,0,39,15,1
354,5,4,5,1,0,40,16,1
354,6,5,6,1,0,41,17,1
354,7,6,7,1,1,42,18,1
354,8,7,8,1,0,43,19,1
354,9,8,8.05,0.05,0,44,20,1
355,1,0,1,1,0,51,12,1
355,2,1,1.875,0.875,0,52,13,1
356,1,0,1,1,0,49,7,1
356,2,1,2,1,0,50,8,1
356,3,2,3,1,0,51,9,1
356,4,3,4,1,0,52,10,1
356,5,4,5,1,0,53,11,1
356,6,5,6,1,0,54,12,1
356,7,6,7,1,0,55,13,1
356,8,7,7.441,0.441,0,56,14,1
357,1,0,1,1,0,52,14,1
357,2,1,2,1,0,53,15,1
357,3,2,3,1,0,54,16,1
357,4,3,3.281,0.281,0,55,17,1
358,1,0,1,1,0,71,10,1
358,2,1,2,1,0,72,11,1
358,3,2,3,1,1,73,12,1
358,4,3,4,1,1,74,13,1
358,5,4,5,1,0,75,14,1
358,6,5,6,1,0,76,15,1
358,7,6,7,1,0,77,16,1
358,8,7,8,1,0,78,17,1
358,9,8,8.694,0.694,1,79,18,1
359,1,0,1,1,0,52,6,1
359,2,1,1.91,0.91,0,53,7,1
360,1,0,1,1,0,62,5,1
360,2,1,2,1,0,63,6,1
360,3,2,3,1,0,64,7,1
360,4,3,4,1,0,65,8,1
360,5,4,5,1,0,66,9,1
360,6,5,5.465,0.465,0,67,10,1
361,1,0,1,1,0,62,11,1
361,2,1,2,1,0,63,12,1
361,3,2,3,1,0,64,13,1
361,4,3,4,1,0,65,14,1
361,5,4,5,1,0,66,15,1
361,6,5,6,1,0,67,16,1
361,7,6,7,1,0,68,17,1
361,8,7,7.175,0.175,0,69,18,1
362,1,0,1,1,0,44,17,1
362,2,1,2,1,0,45,18,1
362,3,2,3,1,0,46,19,1
362,4,3,4,1,0,47,20,1
362,5,4,5,1,0,48,21,1
362,6,5,6,1,0,49,22,1
362,7,6,6.441,0.441,0,50,23,1
363,1,0,1,1,0,30,7,1
363,2,1,2,1,0,31,8,1
363,3,2,3,1,0,32,9,1
363,4,3,4,1,0,33,10,1
363,5,4,5,1,0,34,11,1
363,6,5,6,1,0,35,12,1
363,7,6,6.59,0.59,0,36,13,1
364,1,0,1,1,0,68,7,1
364,2,1,2,1,1,69,8,1
364,3,2,3,1,0,70,9,1
364,4,3,4,1,0,71,10,1
364,5,4,5,1,0,72,11,1
364,6,5,6,1,0,73,12,1
364,7,6,7,1,0,74,13,1
364,8,7,8,1,1,75,14,1
364,9,8,8.579,0.579,0,76,15,1
365,1,0,1,1,0,62,12,1
365,2,1,2,1,0,63,13,1
365,3,2,3,1,0,64,14,1
365,4,3,4,1,0,65,15,1
365,5,4,5,1,1,66,16,1
365,6,5,6,1,0,67,17,1
365,7,6,6.182,0.182,0,68,18,1
366,1,0,1,1,0,31,8,1
366,2,1,2,1,0,32,9,1
366,3,2,3,1,0,33,10,1
366,4,3,4,1,0,34,11,1
366,5,4,5,1,0,35,12,1
366,6,5,5.257,0.257,0,36,13,1
367,1,0,1,1,0,44,9,1
367,2,1,1.155,0.155,0,45,10,1
368,1,0,1,1,1,45,10,1
368,2,1,2,1,0,46,11,1
368,3,2,3,1,0,47,12,1
368,4,3,3.663,0.663,0,48,13,1
369,1,0,1,1,0,27,4,1
369,2,1,2,1,1,28,5,1
369,3,2,3,1,0,29,6,1
369,4,3,4,1,0,30,7,1
369,5,4,4.958,0.958,0,31,8,1
370,1,0,1,1,0,42,10,1
370,2,1,2,1,0,43,11,1
370,3,2,3,1,0,44,12,1
370,4,3,4,1,0,45,13,1
370,5,4,5,1,0,46,14,1
370,6,5,6,1,0,47,15,1
370,7,6,7,1,2,48,16,1
370,8,7,8,1,0,49,17,1
370,9,8,8.354,0.354,0,50,18,1
371,1,0,1,1,0,58,12,1
371,2,1,2,1,0,59,13,1
371,3,2,3,1,1,60,14,1
371,4,3,3.885,0.885,0,61,15,1
372,1,0,1,1,0,49,7,1
372,2,1,2,1,0,50,8,1
372,3,2,3,1,0,51,9,1
372,4,3,4,1,0,52,10,1
372,5,4,5,1,0,53,11,1
372,6,5,6,1,0,54,12,1
372,7,6,7,1,0,55,13,1
372,8,7,8,1,0,56,14,1
372,9,8,8.38,0.38,0,57,15,1
373,1,0,1,1,0,39,10,1
373,2,1,2,1,0,40,11,1
373,3,2,3,1,0,41,12,1
373,4,3,4,1,0,42,13,1
373,5,4,5,1,0,43,14,1
373,6,5,5.662,0.662,0,44,15,1
374,1,0,1,1,0,31,9,1
374,2,1,2,1,0,32,10,1
374,3,2,3,1,0,33,11,1
374,4,3,4,1,0,34,12,1
374,5,4,5,1,0,35,13,1
374,6,5,6,1,0,36,14,1
374,7,6,6.809,0.809,0,37,15,1
375,1,0,1,1,0,46,0,1
375,2,1,2,1,0,47,1,1
375,3,2,3,1,0,48,2,1
375,4,3,4,1,0,49,3,1
375,5,4,5,1,0,50,4,1
375,6,5,6,1,0,51,5,1
375,7,6,6.651,0.651,1,52,6,1
376,1,0,1,1,0,49,7,1
376,2,1,2,1,0,50,8,1
376,3,2,3,1,0,51,9,1
376,4,3,4,1,0,52,10,1
376,5,4,5,1,0,53,11,1
376,6,5,6,1,0,54,12,1
376,7,6,7,1,0,55,13,1
376,8,7,7.982,0.982,0,56,14,1
377,1,0,1,1,0,28,11,1
377,2,1,2,1,0,29,12,1
377,3,2,3,1,0,30,13,1
377,4,3,4,1,0,31,14,1
377,5,4,5,1,0,32,15,1
377,6,5,6,1,0,33,16,1
377,7,6,7,1,0,34,17,1
377,8,7,8,1,0,35,18,1
377,9,8,9,1,1,36,19,1
377,10,9,9.309,0.309,0,37,20,1
378,1,0,1,1,0,31,10,1
378,2,1,2,1,0,32,11,1
378,3,2,3,1,0,33,12,1
378,4,3,4,1,0,34,13,1
378,5,4,5,1,0,35,14,1
378,6,5,5.929,0.929,0,36,15,1
379,1,0,1,1,0,43,9,1
379,2,1,2,1,0,44,10,1
379,3,2,3,1,0,45,11,1
379,4,3,3.889,0.889,0,46,12,1
380,1,0,0.459,0.459,0,32,5,1
381,1,0,1,1,1,69,7,1
381,2,1,2,1,1,70,8,1
381,3,2,3,1,0,71,9,1
381,4,3,4,1,0,72,10,1
381,5,4,5,1,1,73,11,1
381,6,5,6,1,0,74,12,1
381,7,6,7,1,0,75,13,1
381,8,7,7.674,0.674,0,76,14,1
382,1,0,1,1,0,23,0,1
382,2,1,1.05,0.05,0,24,1,1
383,1,0,1,1,0,37,7,1
383,2,1,2,1,0,38,8,1
383,3,2,3,1,0,39,9,1
383,4,3,4,1,0,40,10,1
383,5,4,5,1,0,41,11,1
383,6,5,6,1,0,42,12,1
383,7,6,7,1,0,43,13,1
383,8,7,7.719,0.719,0,44,14,1
384,1,0,1,1,0,51,13,1
384,2,1,2,1,0,52,14,1
384,3,2,3,1,0,53,15,1
384,4,3,4,1,0,54,16,1
384,5,4,5,1,1,55,17,1
384,6,5,5.712,0.712,0,56,18,1
385,1,0,0.667,0.667,0,18,9,1
386,1,0,1,1,0,29,10,1
386,2,1,1.686,0.686,0,30,11,1
387,1,0,1,1,0,52,4,1
387,2,1,1.744,0.744,0,53,5,1
388,1,0,1,1,0,28,4,1
388,2,1,2,1,0,29,5,1
388,3,2,2.943,0.943,0,30,6,1
389,1,0,1,1,0,40,6,1
389,2,1,2,1,1,41,7,1
389,3,2,3,1,1,42,8,1
389,4,3,4,1,0,43,9,1
389,5,4,5,1,1,44,10,1
389,6,5,6,1,0,45,11,1
389,7,6,7,1,0,46,12,1
389,8,7,8,1,0,47,13,1
389,9,8,8.847,0.847,1,48,14,1
390,1,0,1,1,0,33,5,1
390,2,1,1.05,0.05,0,34,6,1
391,1,0,1,1,0,50,11,1
391,2,1,1.105,0.105,0,51,12,1
392,1,0,1,1,0,59,13,1
392,2,1,1.495,0.495,0,60,14,1
393,1,0,0.752,0.752,0,36,18,1
394,1,0,0.334,0.334,0,62,0,1
395,1,0,1,1,0,21,4,1
395,2,1,2,1,0,22,5,1
395,3,2,3,1,0,23,6,1
395,4,3,4,1,0,24,7,1
395,5,4,5,1,0,25,8,1
395,6,5,5.973,0.973,0,26,9,1
396,1,0,1,1,0,56,5,1
396,2,1,1.694,0.694,0,57,6,1
397,1,0,1,1,0,36,4,1
397,2,1,2,1,0,37,5,1
397,3,2,3,1,1,38,6,1
397,4,3,3.597,0.597,0,39,7,1
398,1,0,1,1,0,50,17,1
398,2,1,2,1,1,51,18,1
398,3,2,3,1,0,52,19,1
398,4,3,4,1,1,53,20,1
398,5,4,5,1,1,54,21,1
398,6,5,6,1,1,55,22,1
398,7,6,7,1,0,56,23,1
398,8,7,7.257,0.257,0,57,24,1
399,1,0,1,1,0,18,9,1
399,2,1,2,1,0,19,10,1
399,3,2,3,1,0,20,11,1
399,4,3,4,1,1,21,12,1
399,5,4,5,1,1,22,13,1
399,6,5,6,1,0,23,14,1
399,7,6,6.043,0.043,0,24,15,1
400,1,0,1,1,0,69,9,1
400,2,1,1.597,0.597,0,70,10,1
401,1,0,0.123,0.123,0,50,9,1
402,1,0,1,1,0,45,14,1
402,2,1,2,1,0,46,15,1
402,3,2,2.403,0.403,0,47,16,1
403,1,0,1,1,0,69,7,1
403,2,1,2,1,0,70,8,1
403,3,2,2.615,0.615,0,71,9,1
404,1,0,1,1,0,50,4,1
404,2,1,2,1,0,51,5,1
404,3,2,3,1,1,52,6,1
404,4,3,4,1,1,53,7,1
404,5,4,5,1,1,54,8,1
404,6,5,6,1,0,55,9,1
404,7,6,6.972,0.972,0,56,10,1
405,1,0,1,1,0,54,10,1
405,2,1,2,1,0,55,11,1
405,3,2,2.14,0.14,0,56,12,1
406,1,0,1,1,0,50,11,1
406,2,1,2,1,0,51,12,1
406,3,2,3,1,0,52,13,1
406,4,3,4,1,0,53,14,1
406,5,4,5,1,1,54,15,1
406,6,5,6,1,0,55,16,1
406,7,6,7,1,0,56,17,1
406,8,7,8,1,0,57,18,1
406,9,8,8.599,0.599,0,58,19,1
407,1,0,1,1,0,34,18,1
407,2,1,2,1,0,35,19,1
407,3,2,3,1,0,36,20,1
407,4,3,4,1,0,37,21,1
407,5,4,5,1,0,38,22,1
407,6,5,6,1,0,39,23,1
407,7,6,7,1,0,40,24,1
407,8,7,8,1,0,41,25,1
407,9,8,9,1,0,42,26,1
407,10,9,9.209,0.209,0,43,27,1
408,1,0,0.899,0.899,0,56,15,1
409,1,0,0.44,0.44,0,45,3,1
410,1,0,1,1,0,46,7,1
410,2,1,1.254,0.254,0,47,8,1
411,1,0,1,1,0,26,6,1
411,2,1,2,1,0,27,7,1
411,3,2,3,1,0,28,8,1
411,4,3,3.947,0.947,0,29,9,1
412,1,0,1,1,0,55,3,1
412,2,1,1.806,0.806,0,56,4,1
413,1,0,1,1,0,53,14,1
413,2,1,1.022,0.022,0,54,15,1
414,1,0,1,1,0,42,5,1
414,2,1,1.225,0.225,0,43,6,1
415,1,0,1,1,1,24,5,1
415,2,1,1.243,0.243,0,25,6,1
416,1,0,1,1,0,29,11,1
416,2,1,2,1,0,30,12,1
416,3,2,3,1,0,31,13,1
416,4,3,4,1,0,32,14,1
416,5,4,5,1,0,33,15,1
416,6,5,5.126,0.126,0,34,16,1
417,1,0,1,1,0,64,3,1
417,2,1,2,1,1,65,4,1
417,3,2,3,1,0,66,5,1
417,4,3,4,1,0,67,6,1
417,5,4,5,1,0,68,7,1
417,6,5,6,1,1,69,8,1
417,7,6,6.991,0.991,0,70,9,1
418,1,0,1,1,0,51,5,1
418,2,1,2,1,0,52,6,1
418,3,2,2.972,0.972,0,53,7,1
419,1,0,1,1,0,60,11,1
419,2,1,2,1,1,61,12,1
419,3,2,3,1,0,62,13,1
419,4,3,3.613,0.613,0,63,14,1
420,1,0,1,1,0,66,5,1
420,2,1,2,1,0,67,6,1
420,3,2,2.666,0.666,0,68,7,1
421,1,0,1,1,0,54,7,1
421,2,1,2,1,0,55,8,1
421,3,2,3,1,0,56,9,1
421,4,3,4,1,0,57,10,1
421,5,4,5,1,0,58,11,1
421,6,5,6,1,0,59,12,1
421,7,6,7,1,0,60,13,1
421,8,7,8,1,0,61,14,1
421,9,8,9,1,0,62,15,1
421,10,9,9.546,0.546,0,63,16,1
422,1,0,1,1,0,31,2,1
422,2,1,2,1,0,32,3,1
422,3,2,3,1,0,33,4,1
422,4,3,3.742,0.742,0,34,5,1
423,1,0,1,1,0,18,14,1
423,2,1,2,1,0,19,15,1
423,3,2,3,1,1,20,16,1
423,4,3,4,1,0,21,17,1
423,5,4,5,1,0,22,18,1
423,6,5,6,1,0,23,19,1
423,7,6,7,1,0,24,20,1
423,8,7,8,1,0,25,21,1
423,9,8,8.224,0.224,0,26,22,1
424,1,0,1,1,1,53,8,1
424,2,1,1.331,0.331,0,54,9,1
425,1,0,1,1,0,43,3,1
425,2,1,2,1,0,44,4,1
425,3,2,3,1,0,45,5,1
425,4,3,4,1,0,46,6,1
425,5,4,5,1,0,47,7,1
425,6,5,6,1,0,48,8,1
425,7,6,7,1,1,49,9,1
425,8,7,8,1,0,50,10,1
425,9,8,8.915,0.915,0,51,11,1
426,1,0,1,1,0,32,0,1
426,2,1,2,1,0,33,1,1
426,3,2,3,1,0,34,2,1
426,4,3,4,1,0,35,3,1
426,5,4,5,1,0,36,4,1
426,6,5,6,1,0,37,5,1
426,7,6,6.02,0.02,0,38,6,1
427,1,0,1,1,0,58,9,1
427,2,1,1.262,0.262,0,59,10,1
428,1,0,1,1,0,30,6,1
428,2,1,2,1,1,31,7,1
428,3,2,3,1,1,32,8,1
428,4,3,4,1,2,33,9,1
428,5,4,5,1,1,34,10,1
428,6,5,6,1,3,35,11,1
428,7,6,6.672,0.672,2,36,12,1
429,1,0,1,1,0,28,11,1
429,2,1,2,1,0,29,12,1
429,3,2,2.412,0.412,0,30,13,1
430,1,0,1,1,0,45,10,1
430,2,1,1.761,0.761,0,46,11,1
431,1,0,1,1,0,47,8,1
431,2,1,2,1,0,48,9,1
431,3,2,3,1,0,49,10,1
431,4,3,4,1,0,50,11,1
431,5,4,5,1,0,51,12,1
431,6,5,6,1,0,52,13,1
431,7,6,7,1,0,53,14,1
431,8,7,8,1,0,54,15,1
431,9,8,9,1,0,55,16,1
431,10,9,9.992,0.992,0,56,17,1
432,1,0,1,1,0,34,16,1
432,2,1,1.872,0.872,0,35,17,1
433,1,0,1,1,0,44,9,1
433,2,1,2,1,0,45,10,1
433,3,2,3,1,0,46,11,1
433,4,3,3.957,0.957,0,47,12,1
434,1,0,1,1,1,28,8,1
434,2,1,2,1,0,29,9,1
434,3,2,2.819,0.819,0,30,10,1
435,1,0,1,1,0,42,14,1
435,2,1,2,1,0,43,15,1
435,3,2,3,1,0,44,16,1
435,4,3,4,1,0,45,17,1
435,5,4,5,1,1,46,18,1
435,6,5,5.236,0.236,0,47,19,1
436,1,0,0.884,0.884,0,58,0,1
437,1,0,1,1,0,63,9,1
437,2,1,1.604,0.604,0,64,10,1
438,1,0,1,1,0,39,9,1
438,2,1,2,1,0,40,10,1
438,3,2,3,1,0,41,11,1
438,4,3,4,1,0,42,12,1
438,5,4,5,1,0,43,13,1
438,6,5,5.091,0.091,0,44,14,1
439,1,0,0.785,0.785,0,70,10,1
440,1,0,1,1,0,79,6,1
440,2,1,1.912,0.912,0,80,7,1
441,1,0,1,1,0,47,4,1
441,2,1,2,1,0,48,5,1
441,3,2,3,1,0,49,6,1
441,4,3,3.682,0.682,0,50,7,1
442,1,0,0.986,0.986,0,41,1,1
443,1,0,1,1,0,36,10,1
443,2,1,2,1,0,37,11,1
443,3,2,3,1,0,38,12,1
443,4,3,4,1,0,39,13,1
443,5,4,5,1,0,40,14,1
443,6,5,6,1,0,41,15,1
443,7,6,7,1,0,42,16,1
443,8,7,7.161,0.161,0,43,17,1
444,1,0,1,1,0,27,4,1
444,2,1,1.167,0.167,0,28,5,1
445,1,0,1,1,0,46,6,1
445,2,1,2,1,1,47,7,1
445,3,2,3,1,0,48,8,1
445,4,3,3.774,0.774,0,49,9,1
446,1,0,1,1,1,60,4,1
446,2,1,1.359,0.359,0,61,5,1
447,1,0,0.895,0.895,0,71,23,1
448,1,0,1,1,0,53,10,1
448,2,1,2,1,0,54,11,1
448,3,2,3,1,0,55,12,1
448,4,3,3.601,0.601,1,56,13,1
449,1,0,1,1,0,52,10,1
449,2,1,1.015,0.015,0,53,11,1
450,1,0,1,1,0,65,8,1
450,2,1,2,1,0,66,9,1
450,3,2,3,1,0,67,10,1
450,4,3,4,1,0,68,11,1
450,5,4,5,1,0,69,12,1
450,6,5,6,1,0,70,13,1
450,7,6,6.312,0.312,0,71,14,1
451,1,0,1,1,0,51,13,1
451,2,1,2,1,0,52,14,1
451,3,2,3,1,1,53,15,1
451,4,3,4,1,0,54,16,1
451,5,4,4.076,0.076,0,55,17,1
452,1,0,1,1,0,44,7,1
452,2,1,2,1,0,45,8,1
452,3,2,3,1,0,46,9,1
452,4,3,4,1,0,47,10,1
452,5,4,4.378,0.378,0,48,11,1
453,1,0,1,1,0,39,1,1
453,2,1,2,1,0,40,2,1
453,3,2,3,1,0,41,3,1
453,4,3,3.571,0.571,0,42,4,1
454,1,0,1,1,0,39,12,1
454,2,1,2,1,0,40,13,1
454,3,2,3,1,0,41,14,1
454,4,3,4,1,0,42,15,1
454,5,4,5,1,0,43,16,1
454,6,5,6,1,0,44,17,1
454,7,6,6.829,0.829,0,45,18,1
455,1,0,1,1,0,54,8,1
455,2,1,2,1,0,55,9,1
455,3,2,3,1,0,56,10,1
455,4,3,4,1,0,57,11,1
455,5,4,5,1,0,58,12,1
455,6,5,5.042,0.042,0,59,13,1
456,1,0,1,1,0,42,11,1
456,2,1,2,1,0,43,12,1
456,3,2,2.288,0.288,0,44,13,1
457,1,0,1,1,0,46,7,1
457,2,1,1.16,0.16,0,47,8,1
458,1,0,1,1,0,29,4,1
458,2,1,2,1,1,30,5,1
458,3,2,3,1,0,31,6,1
458,4,3,4,1,0,32,7,1
458,5,4,5,1,0,33,8,1
458,6,5,6,1,0,34,9,1
458,7,6,6.899,0.899,0,35,10,1
459,1,0,1,1,0,73,4,1
459,2,1,2,1,0,74,5,1
459,3,2,2.111,0.111,0,75,6,1
460,1,0,1,1,0,69,0,1
460,2,1,2,1,0,70,1,1
460,3,2,3,1,1,71,2,1
460,4,3,3.495,0.495,0,72,3,1
461,1,0,1,1,0,46,7,1
461,2,1,1.246,0.246,0,47,8,1
462,1,0,1,1,0,46,12,1
462,2,1,2,1,0,47,13,1
462,3,2,3,1,1,48,14,1
462,4,3,4,1,0,49,15,1
462,5,4,4.23,0.23,0,50,16,1
463,1,0,1,1,0,43,7,1
463,2,1,1.906,0.906,0,44,8,1
464,1,0,1,1,0,34,13,1
464,2,1,2,1,0,35,14,1
464,3,2,3,1,0,36,15,1
464,4,3,4,1,0,37,16,1
464,5,4,5,1,0,38,17,1
464,6,5,6,1,0,39,18,1
464,7,6,6.174,0.174,0,40,19,1
465,1,0,1,1,0,30,10,1
465,2,1,2,1,0,31,11,1
465,3,2,3,1,0,32,12,1
465,4,3,4,1,1,33,13,1
465,5,4,4.475,0.475,0,34,14,1
466,1,0,1,1,0,28,0,1
466,2,1,2,1,0,29,1,1
466,3,2,3,1,0,30,2,1
466,4,3,4,1,0,31,3,1
466,5,4,4.336,0.336,0,32,4,1
467,1,0,1,1,0,85,7,1
467,2,1,2,1,0,86,8,1
467,3,2,3,1,0,87,9,1
467,4,3,4,1,0,88,10,1
467,5,4,4.93,0.93,1,89,11,1
468,1,0,1,1,0,45,7,1
468,2,1,2,1,1,46,8,1
468,3,2,3,1,0,47,9,1
468,4,3,4,1,0,48,10,1
468,5,4,4.964,0.964,0,49,11,1
469,1,0,1,1,0,52,6,1
469,2,1,2,1,1,53,7,1
469,3,2,3,1,0,54,8,1
469,4,3,4,1,0,55,9,1
469,5,4,4.937,0.937,0,56,10,1
470,1,0,1,1,0,55,2,1
470,2,1,2,1,0,56,3,1
470,3,2,2.768,0.768,0,57,4,1
471,1,0,1,1,0,44,19,1
471,2,1,2,1,0,45,20,1
471,3,2,3,1,0,46,21,1
471,4,3,3.977,0.977,0,47,22,1
472,1,0,1,1,0,33,9,1
472,2,1,2,1,1,34,10,1
472,3,2,3,1,0,35,11,1
472,4,3,3.68,0.68,0,36,12,1
473,1,0,1,1,0,36,4,1
473,2,1,2,1,1,37,5,1
473,3,2,2.37,0.37,1,38,6,1
474,1,0,1,1,0,56,5,1
474,2,1,2,1,0,57,6,1
474,3,2,3,1,0,58,7,1
474,4,3,4,1,0,59,8,1
474,5,4,5,1,0,60,9,1
474,6,5,6,1,0,61,10,1
474,7,6,6.274,0.274,0,62,11,1
475,1,0,1,1,0,62,11,1
475,2,1,2,1,0,63,12,1
475,3,2,3,1,0,64,13,1
475,4,3,4,1,1,65,14,1
475,5,4,5,1,0,66,15,1
475,6,5,6,1,0,67,16,1
475,7,6,7,1,0,68,17,1
475,8,7,8,1,0,69,18,1
475,9,8,8.001,0.001,0,70,19,1
476,1,0,1,1,0,53,7,1
476,2,1,2,1,0,54,8,1
476,3,2,2.595,0.595,0,55,9,1
477,1,0,1,1,0,61,11,1
477,2,1,2,1,0,62,12,1
477,3,2,3,1,0,63,13,1
477,4,3,3.055,0.055,0,64,14,1
478,1,0,1,1,0,47,11,1
478,2,1,2,1,0,48,12,1
478,3,2,3,1,0,49,13,1
478,4,3,4,1,0,50,14,1
478,5,4,5,1,0,51,15,1
478,6,5,5.658,0.658,0,52,16,1
479,1,0,1,1,0,30,1,1
479,2,1,2,1,0,31,2,1
479,3,2,3,1,0,32,3,1
479,4,3,4,1,0,33,4,1
479,5,4,5,1,0,34,5,1
479,6,5,5.726,0.726,0,35,6,1
480,1,0,1,1,0,50,7,1
480,2,1,2,1,0,51,8,1
480,3,2,2.088,0.088,0,52,9,1
481,1,0,1,1,0,34,3,1
481,2,1,2,1,1,35,4,1
481,3,2,3,1,0,36,5,1
481,4,3,3.42,0.42,0,37,6,1
482,1,0,1,1,0,47,11,1
482,2,1,2,1,0,48,12,1
482,3,2,3,1,0,49,13,1
482,4,3,4,1,0,50,14,1
482,5,4,5,1,0,51,15,1
482,6,5,6,1,1,52,16,1
482,7,6,7,1,1,53,17,1
482,8,7,7.1,0.1,0,54,18,1
483,1,0,1,1,1,37,8,1
483,2,1,2,1,0,38,9,1
483,3,2,3,1,0,39,10,1
483,4,3,4,1,0,40,11,1
483,5,4,4.882,0.882,0,41,12,1
484,1,0,1,1,0,26,10,1
484,2,1,1.565,0.565,0,27,11,1
485,1,0,1,1,3,53,3,1
485,2,1,2,1,0,54,4,1
485,3,2,3,1,0,55,5,1
485,4,3,4,1,1,56,6,1
485,5,4,5,1,4,57,7,1
485,6,5,5.14,0.14,0,58,8,1
486,1,0,1,1,0,49,20,1
486,2,1,2,1,0,50,21,1
486,3,2,3,1,0,51,22,1
486,4,3,4,1,0,52,23,1
486,5,4,5,1,0,53,24,1
486,6,5,6,1,0,54,25,1
486,7,6,7,1,0,55,26,1
486,8,7,8,1,0,56,27,1
486,9,8,9,1,0,57,28,1
486,10,9,9.21,0.21,0,58,29,1
487,1,0,1,1,0,70,16,1
487,2,1,2,1,0,71,17,1
487,3,2,3,1,0,72,18,1
487,4,3,4,1,1,73,19,1
487,5,4,5,1,0,74,20,1
487,6,5,5.443,0.443,0,75,21,1
488,1,0,1,1,0,55,5,1
488,2,1,2,1,1,56,6,1
488,3,2,3,1,0,57,7,1
488,4,3,4,1,0,58,8,1
488,5,4,5,1,0,59,9,1
488,6,5,5.448,0.448,0,60,10,1
489,1,0,1,1,0,53,0,1
489,2,1,2,1,0,54,1,1
489,3,2,3,1,1,55,2,1
489,4,3,3.74,0.74,0,56,3,1
490,1,0,0.652,0.652,0,30,7,1
491,1,0,1,1,0,48,7,1
491,2,1,2,1,0,49,8,1
491,3,2,2.409,0.409,0,50,9,1
492,1,0,1,1,1,51,13,1
492,2,1,2,1,0,52,14,1
492,3,2,3,1,0,53,15,1
492,4,3,4,1,0,54,16,1
492,5,4,5,1,0,55,17,1
492,6,5,6,1,1,56,18,1
492,7,6,7,1,1,57,19,1
492,8,7,8,1,0,58,20,1
492,9,8,9,1,1,59,21,1
492,10,9,9.684,0.684,0,60,22,1
493,1,0,1,1,0,59,0,1
493,2,1,2,1,1,60,1,1
493,3,2,3,1,1,61,2,1
493,4,3,4,1,0,62,3,1
493,5,4,5,1,0,63,4,1
493,6,5,6,1,0,64,5,1
493,7,6,7,1,0,65,6,1
493,8,7,8,1,0,66,7,1
493,9,8,9,1,0,67,8,1
493,10,9,9.463,0.463,0,68,9,1
494,1,0,1,1,0,34,0,1
494,2,1,2,1,0,35,1,1
494,3,2,3,1,0,36,2,1
494,4,3,4,1,0,37,3,1
494,5,4,4.498,0.498,0,38,4,1
495,1,0,1,1,0,56,8,1
495,2,1,2,1,0,57,9,1
495,3,2,3,1,1,58,10,1
495,4,3,4,1,0,59,11,1
495,5,4,5,1,0,60,12,1
495,6,5,5.076,0.076,0,61,13,1
496,1,0,1,1,0,38,7,1
496,2,1,1.442,0.442,0,39,8,1
497,1,0,1,1,0,42,5,1
497,2,1,2,1,0,43,6,1
497,3,2,3,1,0,44,7,1
497,4,3,4,1,0,45,8,1
497,5,4,4.581,0.581,0,46,9,1
498,1,0,1,1,0,36,1,1
498,2,1,1.036,0.036,0,37,2,1
499,1,0,1,1,0,52,0,1
499,2,1,1.692,0.692,0,53,1,1
500,1,0,1,1,0,44,16,1
500,2,1,2,1,0,45,17,1
500,3,2,2.716,0.716,0,46,18,1
501,1,0,1,1,0,37,9,1
501,2,1,2,1,0,38,10,1
501,3,2,3,1,0,39,11,1
501,4,3,3.239,0.239,0,40,12,1
502,1,0,1,1,0,52,18,1
502,2,1,2,1,0,53,19,1
502,3,2,3,1,0,54,20,1
502,4,3,4,1,0,55,21,1
502,5,4,5,1,0,56,22,1
502,6,5,6,1,0,57,23,1
502,7,6,6.086,0.086,0,58,24,1
503,1,0,1,1,0,73,7,1
503,2,1,2,1,0,74,8,1
503,3,2,3,1,0,75,9,1
503,4,3,4,1,0,76,10,1
503,5,4,5,1,0,77,11,1
503,6,5,6,1,0,78,12,1
503,7,6,6.051,0.051,0,79,13,1
504,1,0,1,1,1,22,14,1
504,2,1,2,1,1,23,15,1
504,3,2,3,1,1,24,16,1
504,4,3,4,1,0,25,17,1
504,5,4,5,1,0,26,18,1
504,6,5,6,1,0,27,19,1
504,7,6,6.108,0.108,0,28,20,1
505,1,0,1,1,0,40,16,1
505,2,1,2,1,0,41,17,1
505,3,2,2.63,0.63,0,42,18,1
506,1,0,1,1,0,76,15,1
506,2,1,2,1,0,77,16,1
506,3,2,2.745,0.745,0,78,17,1
507,1,0,1,1,0,35,6,1
507,2,1,2,1,0,36,7,1
507,3,2,3,1,1,37,8,1
507,4,3,3.586,0.586,0,38,9,1
508,1,0,1,1,0,21,4,1
508,2,1,2,1,0,22,5,1
508,3,2,2.544,0.544,0,23,6,1
509,1,0,1,1,0,26,17,1
509,2,1,2,1,0,27,18,1
509,3,2,3,1,0,28,19,1
509,4,3,4,1,0,29,20,1
509,5,4,5,1,0,30,21,1
509,6,5,6,1,0,31,22,1
509,7,6,6.281,0.281,0,32,23,1
510,1,0,1,1,0,32,5,1
510,2,1,2,1,1,33,6,1
510,3,2,3,1,1,34,7,1
510,4,3,4,1,0,35,8,1
510,5,4,5,1,0,36,9,1
510,6,5,6,1,0,37,10,1
510,7,6,7,1,0,38,11,1
510,8,7,7.535,0.535,1,39,12,1
511,1,0,1,1,0,58,12,1
511,2,1,2,1,0,59,13,1
511,3,2,3,1,0,60,14,1
511,4,3,3.065,0.065,0,61,15,1
512,1,0,0.612,0.612,0,67,4,1
513,1,0,1,1,0,71,13,1
513,2,1,2,1,0,72,14,1
513,3,2,3,1,0,73,15,1
513,4,3,3.355,0.355,0,74,16,1
514,1,0,1,1,0,39,9,1
514,2,1,2,1,0,40,10,1
514,3,2,3,1,0,41,11,1
514,4,3,4,1,0,42,12,1
514,5,4,5,1,0,43,13,1
514,6,5,6,1,0,44,14,1
514,7,6,7,1,0,45,15,1
514,8,7,8,1,0,46,16,1
514,9,8,8.913,0.913,0,47,17,1
515,1,0,1,1,0,24,9,1
515,2,1,1.587,0.587,0,25,10,1
516,1,0,1,1,0,40,4,1
516,2,1,2,1,0,41,5,1
516,3,2,2.885,0.885,0,42,6,1
517,1,0,1,1,0,53,10,1
517,2,1,1.222,0.222,0,54,11,1
518,1,0,1,1,0,52,20,1
518,2,1,2,1,0,53,21,1
518,3,2,2.035,0.035,0,54,22,1
519,1,0,1,1,0,28,12,1
519,2,1,2,1,2,29,13,1
519,3,2,3,1,0,30,14,1
519,4,3,4,1,1,31,15,1
519,5,4,5,1,1,32,16,1
519,6,5,6,1,0,33,17,1
519,7,6,6.413,0.413,0,34,18,1
520,1,0,1,1,0,76,7,1
520,2,1,2,1,0,77,8,1
520,3,2,2.696,0.696,0,78,9,1
521,1,0,1,1,0,59,16,1
521,2,1,2,1,0,60,17,1
521,3,2,3,1,0,61,18,1
521,4,3,3.42,0.42,0,62,19,1
522,1,0,1,1,0,78,9,1
522,2,1,2,1,0,79,10,1
522,3,2,3,1,1,80,11,1
522,4,3,4,1,0,81,12,1
522,5,4,5,1,1,82,13,1
522,6,5,6,1,0,83,14,1
522,7,6,7,1,0,84,15,1
522,8,7,7.502,0.502,0,85,16,1
523,1,0,0.261,0.261,0,35,14,1
524,1,0,1,1,0,43,6,1
524,2,1,2,1,0,44,7,1
524,3,2,3,1,0,45,8,1
524,4,3,4,1,0,46,9,1
524,5,4,5,1,0,47,10,1
524,6,5,6,1,0,48,11,1
524,7,6,7,1,0,49,12,1
524,8,7,8,1,0,50,13,1
524,9,8,8.52,0.52,0,51,14,1
525,1,0,1,1,0,41,12,1
525,2,1,1.008,0.008,0,42,13,1
526,1,0,1,1,0,47,8,1
526,2,1,2,1,0,48,9,1
526,3,2,3,1,1,49,10,1
526,4,3,4,1,0,50,11,1
526,5,4,5,1,1,51,12,1
526,6,5,6,1,1,52,13,1
526,7,6,6.244,0.244,0,53,14,1
527,1,0,1,1,1,63,7,1
527,2,1,2,1,0,64,8,1
527,3,2,3,1,0,65,9,1
527,4,3,4,1,0,66,10,1
527,5,4,5,1,0,67,11,1
527,6,5,6,1,0,68,12,1
527,7,6,7,1,0,69,13,1
527,8,7,7.281,0.281,0,70,14,1
528,1,0,1,1,0,48,13,1
528,2,1,2,1,0,49,14,1
528,3,2,3,1,1,50,15,1
528,4,3,4,1,2,51,16,1
528,5,4,5,1,1,52,17,1
528,6,5,6,1,0,53,18,1
528,7,6,6.049,0.049,0,54,19,1
529,1,0,1,1,2,27,10,1
529,2,1,1.18,0.18,0,28,11,1
530,1,0,1,1,0,40,14,1
530,2,1,1.883,0.883,1,41,15,1
531,1,0,1,1,0,49,6,1
531,2,1,2,1,0,50,7,1
531,3,2,3,1,0,51,8,1
531,4,3,4,1,0,52,9,1
531,5,4,5,1,0,53,10,1
531,6,5,6,1,0,54,11,1
531,7,6,6.499,0.499,0,55,12,1
532,1,0,1,1,0,63,8,1
532,2,1,2,1,1,64,9,1
532,3,2,2.368,0.368,0,65,10,1
533,1,0,1,1,0,34,7,1
533,2,1,1.892,0.892,0,35,8,1
534,1,0,1,1,1,45,14,1
534,2,1,2,1,3,46,15,1
534,3,2,3,1,0,47,16,1
534,4,3,4,1,0,48,17,1
534,5,4,5,1,1,49,18,1
534,6,5,6,1,0,50,19,1
534,7,6,7,1,0,51,20,1
534,8,7,8,1,0,52,21,1
534,9,8,8.724,0.724,0,53,22,1
535,1,0,1,1,0,44,4,1
535,2,1,2,1,0,45,5,1
535,3,2,3,1,0,46,6,1
535,4,3,4,1,0,47,7,1
535,5,4,5,1,0,48,8,1
535,6,5,6,1,0,49,9,1
535,7,6,7,1,0,50,10,1
535,8,7,8,1,0,51,11,1
535,9,8,9,1,0,52,12,1
535,10,9,9.599,0.599,0,53,13,1
536,1,0,1,1,0,44,8,1
536,2,1,2,1,0,45,9,1
536,3,2,3,1,0,46,10,1
536,4,3,3.145,0.145,0,47,11,1
537,1,0,1,1,0,48,8,1
537,2,1,2,1,0,49,9,1
537,3,2,3,1,0,50,10,1
537,4,3,4,1,0,51,11,1
537,5,4,5,1,0,52,12,1
537,6,5,5.288,0.288,0,53,13,1
538,1,0,1,1,0,63,8,1
538,2,1,2,1,0,64,9,1
538,3,2,2.066,0.066,0,65,10,1
539,1,0,1,1,0,43,6,1
539,2,1,2,1,0,44,7,1
539,3,2,3,1,0,45,8,1
539,4,3,4,1,0,46,9,1
539,5,4,5,1,0,47,10,1
539,6,5,6,1,0,48,11,1
539,7,6,7,1,0,49,12,1
539,8,7,8,1,0,50,13,1
539,9,8,9,1,0,51,14,1
539,10,9,9.045,0.045,0,52,15,1
540,1,0,1,1,0,50,8,1
540,2,1,1.032,0.032,0,51,9,1
541,1,0,1,1,0,51,2,1
541,2,1,2,1,0,52,3,1
541,3,2,3,1,0,53,4,1
541,4,3,3.772,0.772,0,54,5,1
542,1,0,1,1,0,54,11,1
542,2,1,2,1,0,55,12,1
542,3,2,2.457,0.457,0,56,13,1
543,1,0,1,1,0,46,5,1
543,2,1,2,1,0,47,6,1
543,3,2,3,1,0,48,7,1
543,4,3,4,1,0,49,8,1
543,5,4,5,1,0,50,9,1
543,6,5,6,1,1,51,10,1
543,7,6,7,1,0,52,11,1
543,8,7,8,1,0,53,12,1
543,9,8,9,1,0,54,13,1
543,10,9,9.771,0.771,0,55,14,1
544,1,0,1,1,0,60,21,1
544,2,1,2,1,0,61,22,1
544,3,2,3,1,0,62,23,1
544,4,3,4,1,0,63,24,1
544,5,4,5,1,0,64,25,1
544,6,5,5.913,0.913,0,65,26,1
545,1,0,1,1,0,55,14,1
545,2,1,2,1,0,56,15,1
545,3,2,3,1,0,57,16,1
545,4,3,4,1,0,58,17,1
545,5,4,4.356,0.356,0,59,18,1
546,1,0,1,1,0,41,8,1
546,2,1,2,1,0,42,9,1
546,3,2,3,1,0,43,10,1
546,4,3,4,1,0,44,11,1
546,5,4,5,1,0,45,12,1
546,6,5,6,1,0,46,13,1
546,7,6,7,1,1,47,14,1
546,8,7,8,1,0,48,15,1
546,9,8,8.726,0.726,0,49,16,1
547,1,0,1,1,0,18,0,1
547,2,1,2,1,0,19,1,1
547,3,2,3,1,0,20,2,1
547,4,3,3.099,0.099,0,21,3,1
548,1,0,1,1,0,47,4,1
548,2,1,2,1,0,48,5,1
548,3,2,3,1,0,49,6,1
548,4,3,4,1,0,50,7,1
548,5,4,5,1,0,51,8,1
548,6,5,6,1,0,52,9,1
548,7,6,7,1,0,53,10,1
548,8,7,7.789,0.789,0,54,11,1
549,1,0,1,1,1,21,4,1
549,2,1,1.916,0.916,0,22,5,1
550,1,0,1,1,0,38,14,1
550,2,1,2,1,0,39,15,1
550,3,2,2.275,0.275,0,40,16,1
551,1,0,1,1,0,73,10,1
551,2,1,2,1,0,74,11,1
551,3,2,3,1,0,75,12,1
551,4,3,3.13,0.13,0,76,13,1
552,1,0,1,1,0,60,13,1
552,2,1,2,1,1,61,14,1
552,3,2,3,1,1,62,15,1
552,4,3,4,1,1,63,16,1
552,5,4,4.479,0.479,0,64,17,1
553,1,0,1,1,0,45,9,1
553,2,1,2,1,0,46,10,1
553,3,2,3,1,0,47,11,1
553,4,3,4,1,0,48,12,1
553,5,4,5,1,0,49,13,1
553,6,5,6,1,0,50,14,1
553,7,6,6.021,0.021,0,51,15,1
554,1,0,1,1,0,41,10,1
554,2,1,2,1,0,42,11,1
554,3,2,2.899,0.899,0,43,12,1
555,1,0,1,1,0,64,7,1
555,2,1,2,1,0,65,8,1
555,3,2,2.419,0.419,0,66,9,1
556,1,0,1,1,0,19,13,1
556,2,1,2,1,0,20,14,1
556,3,2,2.22,0.22,0,21,15,1
557,1,0,1,1,0,53,6,1
557,2,1,2,1,0,54,7,1
557,3,2,2.392,0.392,0,55,8,1
558,1,0,1,1,1,64,8,1
558,2,1,1.051,0.051,0,65,9,1
559,1,0,1,1,0,65,9,1
559,2,1,2,1,0,66,10,1
559,3,2,3,1,0,67,11,1
559,4,3,4,1,0,68,12,1
559,5,4,5,1,0,69,13,1
559,6,5,6,1,0,70,14,1
559,7,6,7,1,0,71,15,1
559,8,7,7.15,0.15,0,72,16,1
560,1,0,1,1,0,49,0,1
560,2,1,2,1,0,50,1,1
560,3,2,3,1,0,51,2,1
560,4,3,4,1,0,52,3,1
560,5,4,5,1,0,53,4,1
560,6,5,6,1,0,54,5,1
560,7,6,7,1,0,55,6,1
560,8,7,8,1,0,56,7,1
560,9,8,8.495,0.495,0,57,8,1
561,1,0,1,1,0,39,9,1
561,2,1,2,1,0,40,10,1
561,3,2,3,1,1,41,11,1
561,4,3,3.449,0.449,1,42,12,1
562,1,0,1,1,0,44,12,1
562,2,1,1.358,0.358,0,45,13,1
563,1,0,1,1,0,39,9,1
563,2,1,2,1,0,40,10,1
563,3,2,3,1,0,41,11,1
563,4,3,3.1,0.1,0,42,12,1
564,1,0,1,1,0,55,2,1
564,2,1,2,1,0,56,3,1
564,3,2,3,1,0,57,4,1
564,4,3,4,1,0,58,5,1
564,5,4,5,1,0,59,6,1
564,6,5,6,1,0,60,7,1
564,7,6,7,1,1,61,8,1
564,8,7,7.241,0.241,0,62,9,1
565,1,0,1,1,0,43,4,1
565,2,1,2,1,0,44,5,1
565,3,2,3,1,0,45,6,1
565,4,3,4,1,0,46,7,1
565,5,4,4.886,0.886,0,47,8,1
566,1,0,1,1,0,63,10,1
566,2,1,2,1,0,64,11,1
566,3,2,3,1,0,65,12,1
566,4,3,4,1,0,66,13,1
566,5,4,4.558,0.558,0,67,14,1
567,1,0,1,1,0,74,12,1
567,2,1,2,1,1,75,13,1
567,3,2,3,1,1,76,14,1
567,4,3,4,1,0,77,15,1
567,5,4,5,1,0,78,16,1
567,6,5,6,1,0,79,17,1
567,7,6,6.58,0.58,0,80,18,1
568,1,0,1,1,0,36,11,1
568,2,1,2,1,0,37,12,1
568,3,2,3,1,0,38,13,1
568,4,3,4,1,0,39,14,1
568,5,4,5,1,0,40,15,1
568,6,5,5.409,0.409,0,41,16,1
569,1,0,1,1,0,33,0,1
569,2,1,2,1,0,34,1,1
569,3,2,3,1,0,35,2,1
569,4,3,4,1,0,36,3,1
569,5,4,5,1,0,37,4,1
569,6,5,6,1,0,38,5,1
569,7,6,6.174,0.174,0,39,6,1
570,1,0,1,1,0,37,5,1
570,2,1,2,1,0,38,6,1
570,3,2,3,1,0,39,7,1
570,4,3,4,1,0,40,8,1
570,5,4,5,1,0,41,9,1
570,6,5,5.116,0.116,0,42,10,1
571,1,0,1,1,0,35,5,1
571,2,1,2,1,0,36,6,1
571,3,2,3,1,0,37,7,1
571,4,3,4,1,0,38,8,1
571,5,4,5,1,0,39,9,1
571,6,5,6,1,0,40,10,1
571,7,6,7,1,0,41,11,1
571,8,7,8,1,0,42,12,1
571,9,8,9,1,0,43,13,1
571,10,9,9.92,0.92,0,44,14,1
572,1,0,1,1,0,49,0,1
572,2,1,2,1,0,50,1,1
572,3,2,3,1,0,51,2,1
572,4,3,4,1,0,52,3,1
572,5,4,5,1,0,53,4,1
572,6,5,6,1,0,54,5,1
572,7,6,6.113,0.113,0,55,6,1
573,1,0,1,1,0,53,3,1
573,2,1,2,1,0,54,4,1
573,3,2,3,1,0,55,5,1
573,4,3,4,1,0,56,6,1
573,5,4,5,1,0,57,7,1
573,6,5,6,1,0,58,8,1
573,7,6,6.919,0.919,1,59,9,1
574,1,0,1,1,0,21,2,1
574,2,1,2,1,0,22,3,1
574,3,2,3,1,0,23,4,1
574,4,3,3.488,0.488,0,24,5,1
575,1,0,1,1,0,50,17,1
575,2,1,2,1,0,51,18,1
575,3,2,2.642,0.642,0,52,19,1
576,1,0,1,1,0,57,17,1
576,2,1,2,1,0,58,18,1
576,3,2,3,1,0,59,19,1
576,4,3,3.112,0.112,0,60,20,1
577,1,0,1,1,0,31,0,1
577,2,1,2,1,0,32,1,1
577,3,2,3,1,0,33,2,1
577,4,3,4,1,0,34,3,1
577,5,4,4.322,0.322,0,35,4,1
578,1,0,1,1,0,39,2,1
578,2,1,1.441,0.441,0,40,3,1
579,1,0,1,1,0,37,14,1
579,2,1,2,1,0,38,15,1
579,3,2,3,1,0,39,16,1
579,4,3,4,1,0,40,17,1
579,5,4,4.267,0.267,0,41,18,1
580,1,0,1,1,0,61,6,1
580,2,1,2,1,0,62,7,1
580,3,2,3,1,0,63,8,1
580,4,3,4,1,0,64,9,1
580,5,4,5,1,0,65,10,1
580,6,5,5.71,0.71,0,66,11,1
581,1,0,1,1,0,45,11,1
581,2,1,2,1,0,46,12,1
581,3,2,3,1,0,47,13,1
581,4,3,4,1,0,48,14,1
581,5,4,5,1,0,49,15,1
581,6,5,6,1,0,50,16,1
581,7,6,6.967,0.967,0,51,17,1
582,1,0,1,1,0,62,10,1
582,2,1,2,1,1,63,11,1
582,3,2,2.928,0.928,0,64,12,1
583,1,0,1,1,0,30,10,1
583,2,1,2,1,0,31,11,1
583,3,2,2.897,0.897,0,32,12,1
584,1,0,1,1,0,45,12,1
584,2,1,2,1,1,46,13,1
584,3,2,3,1,0,47,14,1
584,4,3,3.007,0.007,0,48,15,1
585,1,0,1,1,0,22,2,1
585,2,1,2,1,0,23,3,1
585,3,2,3,1,0,24,4,1
585,4,3,3.93,0.93,0,25,5,1
586,1,0,1,1,0,58,10,1
586,2,1,2,1,0,59,11,1
586,3,2,3,1,0,60,12,1
586,4,3,4,1,0,61,13,1
586,5,4,5,1,0,62,14,1
586,6,5,5.524,0.524,0,63,15,1
587,1,0,1,1,0,55,11,1
587,2,1,2,1,0,56,12,1
587,3,2,3,1,0,57,13,1
587,4,3,4,1,0,58,14,1
587,5,4,4.494,0.494,0,59,15,1
588,1,0,1,1,0,45,5,1
588,2,1,2,1,0,46,6,1
588,3,2,2.87,0.87,0,47,7,1
589,1,0,1,1,0,36,8,1
589,2,1,2,1,0,37,9,1
589,3,2,3,1,0,38,10,1
589,4,3,4,1,0,39,11,1
589,5,4,5,1,0,40,12,1
589,6,5,5.254,0.254,0,41,13,1
590,1,0,1,1,0,23,5,1
590,2,1,2,1,0,24,6,1
590,3,2,3,1,0,25,7,1
590,4,3,4,1,1,26,8,1
590,5,4,5,1,0,27,9,1
590,6,5,6,1,1,28,10,1
590,7,6,7,1,0,29,11,1
590,8,7,8,1,2,30,12,1
590,9,8,9,1,0,31,13,1
590,10,9,9.465,0.465,1,32,14,1
591,1,0,1,1,0,42,10,1
591,2,1,2,1,0,43,11,1
591,3,2,3,1,0,44,12,1
591,4,3,4,1,0,45,13,1
591,5,4,4.141,0.141,0,46,14,1
592,1,0,1,1,0,43,4,1
592,2,1,2,1,0,44,5,1
592,3,2,3,1,0,45,6,1
592,4,3,3.663,0.663,0,46,7,1
593,1,0,1,1,0,59,7,1
593,2,1,2,1,0,60,8,1
593,3,2,3,1,0,61,9,1
593,4,3,3.714,0.714,0,62,10,1
594,1,0,1,1,0,30,19,1
594,2,1,2,1,0,31,20,1
594,3,2,3,1,0,32,21,1
594,4,3,3.46,0.46,0,33,22,1
595,1,0,1,1,0,42,4,1
595,2,1,1.569,0.569,1,43,5,1
596,1,0,1,1,0,35,9,1
596,2,1,2,1,0,36,10,1
596,3,2,3,1,1,37,11,1
596,4,3,4,1,0,38,12,1
596,5,4,5,1,0,39,13,1
596,6,5,5.766,0.766,0,40,14,1
597,1,0,1,1,0,42,8,1
597,2,1,2,1,0,43,9,1
597,3,2,3,1,0,44,10,1
597,4,3,3.913,0.913,0,45,11,1
598,1,0,1,1,0,43,10,1
598,2,1,2,1,0,44,11,1
598,3,2,3,1,0,45,12,1
598,4,3,4,1,0,46,13,1
598,5,4,5,1,0,47,14,1
598,6,5,6,1,0,48,15,1
598,7,6,7,1,0,49,16,1
598,8,7,8,1,0,50,17,1
598,9,8,8.372,0.372,0,51,18,1
599,1,0,1,1,0,64,5,1
599,2,1,2,1,0,65,6,1
599,3,2,3,1,0,66,7,1
599,4,3,4,1,0,67,8,1
599,5,4,5,1,0,68,9,1
599,6,5,5.165,0.165,0,69,10,1
600,1,0,1,1,0,59,2,1
600,2,1,2,1,0,60,3,1
600,3,2,2.003,0.003,0,61,4,1
601,1,0,1,1,0,23,13,1
601,2,1,1.285,0.285,0,24,14,1
602,1,0,1,1,0,37,20,1
602,2,1,2,1,0,38,21,1
602,3,2,3,1,0,39,22,1
602,4,3,4,1,1,40,23,1
602,5,4,4.702,0.702,1,41,24,1
603,1,0,1,1,0,44,12,1
603,2,1,2,1,0,45,13,1
603,3,2,3,1,0,46,14,1
603,4,3,4,1,0,47,15,1
603,5,4,5,1,0,48,16,1
603,6,5,5.92,0.92,0,49,17,1
604,1,0,1,1,1,40,7,1
604,2,1,2,1,0,41,8,1
604,3,2,3,1,0,42,9,1
604,4,3,4,1,1,43,10,1
604,5,4,5,1,0,44,11,1
604,6,5,5.323,0.323,0,45,12,1
605,1,0,1,1,0,40,11,1
605,2,1,2,1,0,41,12,1
605,3,2,3,1,0,42,13,1
605,4,3,4,1,0,43,14,1
605,5,4,5,1,0,44,15,1
605,6,5,6,1,0,45,16,1
605,7,6,7,1,0,46,17,1
605,8,7,8,1,0,47,18,1
605,9,8,9,1,0,48,19,1
605,10,9,9.191,0.191,0,49,20,1
606,1,0,1,1,0,37,9,1
606,2,1,2,1,0,38,10,1
606,3,2,3,1,0,39,11,1
606,4,3,3.737,0.737,0,40,12,1
607,1,0,1,1,0,45,9,1
607,2,1,2,1,0,46,10,1
607,3,2,3,1,0,47,11,1
607,4,3,3.341,0.341,0,48,12,1
608,1,0,1,1,0,53,2,1
608,2,1,2,1,0,54,3,1
608,3,2,3,1,0,55,4,1
608,4,3,4,1,0,56,5,1
608,5,4,4.004,0.004,0,57,6,1
609,1,0,1,1,0,50,12,1
609,2,1,2,1,0,51,13,1
609,3,2,3,1,0,52,14,1
609,4,3,4,1,0,53,15,1
609,5,4,5,1,0,54,16,1
609,6,5,6,1,0,55,17,1
609,7,6,7,1,0,56,18,1
609,8,7,7.501,0.501,0,57,19,1
610,1,0,1,1,0,52,5,1
610,2,1,2,1,0,53,6,1
610,3,2,3,1,0,54,7,1
610,4,3,4,1,0,55,8,1
610,5,4,5,1,0,56,9,1
610,6,5,6,1,0,57,10,1
610,7,6,7,1,0,58,11,1
610,8,7,8,1,0,59,12,1
610,9,8,9,1,0,60,13,1
610,10,9,9.62,0.62,0,61,14,1
611,1,0,1,1,0,38,6,1
611,2,1,2,1,0,39,7,1
611,3,2,3,1,0,40,8,1
611,4,3,4,1,0,41,9,1
611,5,4,5,1,0,42,10,1
611,6,5,6,1,0,43,11,1
611,7,6,7,1,0,44,12,1
611,8,7,8,1,0,45,13,1
611,9,8,9,1,0,46,14,1
611,10,9,9.294,0.294,0,47,15,1
612,1,0,1,1,0,32,8,1
612,2,1,2,1,0,33,9,1
612,3,2,3,1,0,34,10,1
612,4,3,4,1,0,35,11,1
612,5,4,4.408,0.408,0,36,12,1
613,1,0,1,1,0,58,8,1
613,2,1,1.54,0.54,0,59,9,1
614,1,0,1,1,0,34,9,1
614,2,1,2,1,0,35,10,1
614,3,2,3,1,0,36,11,1
614,4,3,3.898,0.898,0,37,12,1
615,1,0,1,1,0,33,11,1
615,2,1,2,1,0,34,12,1
615,3,2,2.536,0.536,0,35,13,1
616,1,0,1,1,0,50,21,1
616,2,1,2,1,0,51,22,1
616,3,2,3,1,0,52,23,1
616,4,3,4,1,0,53,24,1
616,5,4,4.614,0.614,0,54,25,1
617,1,0,1,1,0,46,4,1
617,2,1,2,1,0,47,5,1
617,3,2,3,1,1,48,6,1
617,4,3,4,1,0,49,7,1
617,5,4,5,1,0,50,8,1
617,6,5,6,1,0,51,9,1
617,7,6,7,1,1,52,10,1
617,8,7,7.96,0.96,0,53,11,1
618,1,0,1,1,0,46,20,1
618,2,1,2,1,1,47,21,1
618,3,2,3,1,0,48,22,1
618,4,3,4,1,0,49,23,1
618,5,4,4.926,0.926,0,50,24,1
619,1,0,1,1,0,50,17,1
619,2,1,2,1,1,51,18,1
619,3,2,3,1,0,52,19,1
619,4,3,4,1,0,53,20,1
619,5,4,5,1,0,54,21,1
619,6,5,5.734,0.734,0,55,22,1
620,1,0,1,1,0,67,1,1
620,2,1,1.123,0.123,0,68,2,1
621,1,0,1,1,0,45,14,1
621,2,1,2,1,0,46,15,1
621,3,2,3,1,0,47,16,1
621,4,3,3.918,0.918,0,48,17,1
622,1,0,1,1,0,62,6,1
622,2,1,1.589,0.589,0,63,7,1
623,1,0,1,1,0,41,6,1
623,2,1,2,1,0,42,7,1
623,3,2,2.717,0.717,0,43,8,1
624,1,0,1,1,0,67,12,1
624,2,1,2,1,0,68,13,1
624,3,2,3,1,0,69,14,1
624,4,3,4,1,1,70,15,1
624,5,4,4.354,0.354,1,71,16,1
625,1,0,1,1,0,69,0,1
625,2,1,2,1,0,70,1,1
625,3,2,3,1,0,71,2,1
625,4,3,3.968,0.968,0,72,3,1
626,1,0,1,1,0,33,12,1
626,2,1,2,1,0,34,13,1
626,3,2,3,1,0,35,14,1
626,4,3,4,1,0,36,15,1
626,5,4,5,1,0,37,16,1
626,6,5,6,1,1,38,17,1
626,7,6,6.851,0.851,0,39,18,1
627,1,0,1,1,0,48,9,1
627,2,1,2,1,0,49,10,1
627,3,2,3,1,0,50,11,1
627,4,3,4,1,0,51,12,1
627,5,4,5,1,0,52,13,1
627,6,5,5.486,0.486,0,53,14,1
628,1,0,1,1,0,38,4,1
628,2,1,2,1,0,39,5,1
628,3,2,3,1,0,40,6,1
628,4,3,3.677,0.677,0,41,7,1
629,1,0,1,1,0,36,7,1
629,2,1,1.334,0.334,0,37,8,1
630,1,0,1,1,0,74,0,1
630,2,1,2,1,0,75,1,1
630,3,2,3,1,0,76,2,1
630,4,3,4,1,1,77,3,1
630,5,4,4.259,0.259,0,78,4,1
631,1,0,1,1,0,87,8,1
631,2,1,2,1,0,88,9,1
631,3,2,3,1,0,89,10,1
631,4,3,3.466,0.466,0,90,11,1
632,1,0,0.754,0.754,0,35,2,1
633,1,0,1,1,0,45,4,1
633,2,1,2,1,0,46,5,1
633,3,2,3,1,0,47,6,1
633,4,3,4,1,0,48,7,1
633,5,4,5,1,0,49,8,1
633,6,5,6,1,1,50,9,1
633,7,6,6.936,0.936,0,51,10,1
634,1,0,0.333,0.333,0,67,13,1
635,1,0,1,1,0,39,1,1
635,2,1,2,1,0,40,2,1
635,3,2,3,1,0,41,3,1
635,4,3,3.013,0.013,0,42,4,1
636,1,0,1,1,0,56,1,1
636,2,1,2,1,0,57,2,1
636,3,2,2.939,0.939,0,58,3,1
637,1,0,1,1,0,64,11,1
637,2,1,1.973,0.973,1,65,12,1
638,1,0,1,1,0,37,11,1
638,2,1,1.886,0.886,0,38,12,1
639,1,0,1,1,0,33,7,1
639,2,1,2,1,1,34,8,1
639,3,2,3,1,1,35,9,1
639,4,3,3.207,0.207,0,36,10,1
640,1,0,1,1,1,42,10,1
640,2,1,2,1,0,43,11,1
640,3,2,3,1,0,44,12,1
640,4,3,4,1,0,45,13,1
640,5,4,5,1,0,46,14,1
640,6,5,6,1,0,47,15,1
640,7,6,7,1,0,48,16,1
640,8,7,8,1,0,49,17,1
640,9,8,9,1,0,50,18,1
640,10,9,9.798,0.798,0,51,19,1
641,1,0,1,1,0,61,18,1
641,2,1,2,1,0,62,19,1
641,3,2,2.377,0.377,0,63,20,1
642,1,0,1,1,0,25,7,1
642,2,1,1.536,0.536,0,26,8,1
643,1,0,1,1,0,41,16,1
643,2,1,2,1,0,42,17,1
643,3,2,3,1,0,43,18,1
643,4,3,4,1,0,44,19,1
643,5,4,5,1,0,45,20,1
643,6,5,6,1,0,46,21,1
643,7,6,7,1,0,47,22,1
643,8,7,8,1,0,48,23,1
643,9,8,8.188,0.188,0,49,24,1
644,1,0,1,1,0,46,8,1
644,2,1,1.585,0.585,1,47,9,1
645,1,0,1,1,0,24,13,1
645,2,1,2,1,0,25,14,1
645,3,2,2.579,0.579,0,26,15,1
646,1,0,1,1,0,85,8,1
646,2,1,2,1,0,86,9,1
646,3,2,3,1,1,87,10,1
646,4,3,3.857,0.857,0,88,11,1
647,1,0,1,1,0,35,7,1
647,2,1,2,1,0,36,8,1
647,3,2,3,1,0,37,9,1
647,4,3,4,1,0,38,10,1
647,5,4,5,1,0,39,11,1
647,6,5,6,1,0,40,12,1
647,7,6,7,1,0,41,13,1
647,8,7,7.219,0.219,0,42,14,1
648,1,0,1,1,0,33,25,1
648,2,1,2,1,2,34,26,1
648,3,2,3,1,0,35,27,1
648,4,3,4,1,0,36,28,1
648,5,4,5,1,0,37,29,1
648,6,5,6,1,1,38,30,1
648,7,6,6.793,0.793,0,39,31,1
649,1,0,1,1,1,27,20,1
649,2,1,2,1,0,28,21,1
649,3,2,3,1,0,29,22,1
649,4,3,3.109,0.109,0,30,23,1
650,1,0,1,1,0,39,1,1
650,2,1,2,1,1,40,2,1
650,3,2,3,1,0,41,3,1
650,4,3,3.838,0.838,0,42,4,1
651,1,0,1,1,0,51,6,1
651,2,1,2,1,0,52,7,1
651,3,2,3,1,0,53,8,1
651,4,3,3.753,0.753,0,54,9,1
652,1,0,1,1,0,27,12,1
652,2,1,2,1,0,28,13,1
652,3,2,3,1,0,29,14,1
652,4,3,3.753,0.753,0,30,15,1
653,1,0,1,1,0,70,6,1
653,2,1,2,1,0,71,7,1
653,3,2,3,1,0,72,8,1
653,4,3,4,1,0,73,9,1
653,5,4,5,1,0,74,10,1
653,6,5,6,1,0,75,11,1
653,7,6,7,1,0,76,12,1
653,8,7,8,1,0,77,13,1
653,9,8,8.311,0.311,0,78,14,1
654,1,0,1,1,0,55,0,1
654,2,1,2,1,0,56,1,1
654,3,2,2.494,0.494,0,57,2,1
655,1,0,1,1,0,42,21,1
655,2,1,1.232,0.232,0,43,22,1
656,1,0,1,1,0,24,10,1
656,2,1,2,1,0,25,11,1
656,3,2,3,1,0,26,12,1
656,4,3,4,1,0,27,13,1
656,5,4,5,1,0,28,14,1
656,6,5,6,1,0,29,15,1
656,7,6,6.026,0.026,0,30,16,1
657,1,0,1,1,0,41,1,1
657,2,1,1.767,0.767,0,42,2,1
658,1,0,1,1,1,22,7,1
658,2,1,2,1,0,23,8,1
658,3,2,3,1,0,24,9,1
658,4,3,3.784,0.784,0,25,10,1
659,1,0,1,1,0,44,10,1
659,2,1,2,1,0,45,11,1
659,3,2,2.555,0.555,0,46,12,1
660,1,0,1,1,0,38,6,1
660,2,1,2,1,0,39,7,1
660,3,2,2.719,0.719,0,40,8,1
661,1,0,1,1,0,44,10,1
661,2,1,2,1,0,45,11,1
661,3,2,3,1,0,46,12,1
661,4,3,4,1,0,47,13,1
661,5,4,5,1,0,48,14,1
661,6,5,6,1,0,49,15,1
661,7,6,7,1,0,50,16,1
661,8,7,8,1,0,51,17,1
661,9,8,8.481,0.481,0,52,18,1
662,1,0,0.683,0.683,0,25,7,1
663,1,0,1,1,0,33,1,1
663,2,1,2,1,0,34,2,1
663,3,2,3,1,0,35,3,1
663,4,3,4,1,0,36,4,1
663,5,4,4.194,0.194,0,37,5,1
664,1,0,1,1,0,53,6,1
664,2,1,2,1,1,54,7,1
664,3,2,3,1,0,55,8,1
664,4,3,4,1,2,56,9,1
664,5,4,5,1,0,57,10,1
664,6,5,5.783,0.783,0,58,11,1
665,1,0,1,1,0,53,0,1
665,2,1,1.452,0.452,0,54,1,1
666,1,0,0.921,0.921,0,43,4,1
667,1,0,1,1,0,41,13,1
667,2,1,2,1,0,42,14,1
667,3,2,3,1,0,43,15,1
667,4,3,4,1,1,44,16,1
667,5,4,4.472,0.472,0,45,17,1
668,1,0,1,1,0,33,11,1
668,2,1,2,1,0,34,12,1
668,3,2,3,1,0,35,13,1
668,4,3,4,1,0,36,14,1
668,5,4,4.244,0.244,0,37,15,1
669,1,0,1,1,1,31,5,1
669,2,1,1.24,0.24,0,32,6,1
670,1,0,1,1,0,40,1,1
670,2,1,2,1,0,41,2,1
670,3,2,3,1,0,42,3,1
670,4,3,4,1,1,43,4,1
670,5,4,5,1,0,44,5,1
670,6,5,6,1,0,45,6,1
670,7,6,6.139,0.139,0,46,7,1
671,1,0,1,1,0,57,12,1
671,2,1,2,1,0,58,13,1
671,3,2,3,1,0,59,14,1
671,4,3,4,1,0,60,15,1
671,5,4,4.985,0.985,0,61,16,1
672,1,0,1,1,1,44,8,1
672,2,1,1.057,0.057,0,45,9,1
673,1,0,1,1,0,40,4,1
673,2,1,2,1,0,41,5,1
673,3,2,3,1,0,42,6,1
673,4,3,4,1,0,43,7,1
673,5,4,5,1,0,44,8,1
673,6,5,6,1,1,45,9,1
673,7,6,6.262,0.262,0,46,10,1
674,1,0,1,1,0,33,8,1
674,2,1,2,1,0,34,9,1
674,3,2,3,1,0,35,10,1
674,4,3,4,1,0,36,11,1
674,5,4,5,1,0,37,12,1
674,6,5,6,1,0,38,13,1
674,7,6,7,1,0,39,14,1
674,8,7,7.348,0.348,0,40,15,1
675,1,0,1,1,0,43,3,1
675,2,1,2,1,0,44,4,1
675,3,2,2.961,0.961,0,45,5,1
676,1,0,1,1,0,32,11,1
676,2,1,2,1,0,33,12,1
676,3,2,3,1,0,34,13,1
676,4,3,3.248,0.248,0,35,14,1
677,1,0,1,1,0,69,11,1
677,2,1,2,1,0,70,12,1
677,3,2,2.64,0.64,0,71,13,1
678,1,0,1,1,0,39,6,1
678,2,1,2,1,2,40,7,1
678,3,2,3,1,0,41,8,1
678,4,3,4,1,1,42,9,1
678,5,4,5,1,1,43,10,1
678,6,5,5.252,0.252,0,44,11,1
679,1,0,1,1,0,45,9,1
679,2,1,1.398,0.398,0,46,10,1
680,1,0,1,1,0,25,10,1
680,2,1,1.684,0.684,0,26,11,1
681,1,0,1,1,0,29,9,1
681,2,1,2,1,0,30,10,1
681,3,2,3,1,0,31,11,1
681,4,3,4,1,1,32,12,1
681,5,4,4.865,0.865,0,33,13,1
682,1,0,1,1,0,71,19,1
682,2,1,2,1,0,72,20,1
682,3,2,3,1,0,73,21,1
682,4,3,4,1,0,74,22,1
682,5,4,5,1,0,75,23,1
682,6,5,5.004,0.004,0,76,24,1
683,1,0,1,1,1,49,13,1
683,2,1,2,1,0,50,14,1
683,3,2,3,1,1,51,15,1
683,4,3,4,1,5,52,16,1
683,5,4,4.661,0.661,1,53,17,1
684,1,0,1,1,0,18,9,1
684,2,1,2,1,0,19,10,1
684,3,2,3,1,0,20,11,1
684,4,3,4,1,0,21,12,1
684,5,4,5,1,0,22,13,1
684,6,5,6,1,0,23,14,1
684,7,6,7,1,0,24,15,1
684,8,7,7.24,0.24,0,25,16,1
685,1,0,1,1,0,37,10,1
685,2,1,2,1,0,38,11,1
685,3,2,3,1,0,39,12,1
685,4,3,4,1,0,40,13,1
685,5,4,5,1,0,41,14,1
685,6,5,5.019,0.019,0,42,15,1
686,1,0,1,1,0,32,7,1
686,2,1,2,1,0,33,8,1
686,3,2,3,1,0,34,9,1
686,4,3,3.69,0.69,0,35,10,1
687,1,0,1,1,0,38,9,1
687,2,1,2,1,0,39,10,1
687,3,2,3,1,0,40,11,1
687,4,3,4,1,0,41,12,1
687,5,4,5,1,0,42,13,1
687,6,5,6,1,0,43,14,1
687,7,6,7,1,0,44,15,1
687,8,7,8,1,1,45,16,1
687,9,8,8.909,0.909,0,46,17,1
688,1,0,1,1,0,53,18,1
688,2,1,2,1,0,54,19,1
688,3,2,3,1,0,55,20,1
688,4,3,4,1,0,56,21,1
688,5,4,4.806,0.806,1,57,22,1
689,1,0,1,1,0,32,3,1
689,2,1,1.269,0.269,0,33,4,1
690,1,0,1,1,0,64,14,1
690,2,1,2,1,0,65,15,1
690,3,2,3,1,0,66,16,1
690,4,3,3.996,0.996,0,67,17,1
691,1,0,1,1,0,64,3,1
691,2,1,1.439,0.439,0,65,4,1
692,1,0,1,1,1,35,7,1
692,2,1,2,1,0,36,8,1
692,3,2,3,1,0,37,9,1
692,4,3,4,1,0,38,10,1
692,5,4,5,1,1,39,11,1
692,6,5,5.325,0.325,0,40,12,1
693,1,0,1,1,0,35,12,1
693,2,1,1.652,0.652,1,36,13,1
694,1,0,1,1,0,18,6,1
694,2,1,1.576,0.576,0,19,7,1
695,1,0,1,1,0,47,5,1
695,2,1,2,1,0,48,6,1
695,3,2,3,1,0,49,7,1
695,4,3,3.172,0.172,0,50,8,1
696,1,0,1,1,0,39,5,1
696,2,1,2,1,0,40,6,1
696,3,2,3,1,0,41,7,1
696,4,3,4,1,0,42,8,1
696,5,4,5,1,0,43,9,1
696,6,5,6,1,0,44,10,1
696,7,6,6.199,0.199,0,45,11,1
697,1,0,1,1,0,30,9,1
697,2,1,2,1,0,31,10,1
697,3,2,3,1,0,32,11,1
697,4,3,4,1,0,33,12,1
697,5,4,4,0,0,34,13,1
698,1,0,1,1,0,37,12,1
698,2,1,2,1,1,38,13,1
698,3,2,2.762,0.762,0,39,14,1
699,1,0,1,1,0,59,16,1
699,2,1,2,1,0,60,17,1
699,3,2,3,1,0,61,18,1
699,4,3,3.466,0.466,0,62,19,1
700,1,0,1,1,0,45,17,1
700,2,1,2,1,0,46,18,1
700,3,2,3,1,0,47,19,1
700,4,3,4,1,0,48,20,1
700,5,4,4.298,0.298,0,49,21,1
701,1,0,1,1,0,41,18,1
701,2,1,2,1,0,42,19,1
701,3,2,2.579,0.579,0,43,20,1
702,1,0,1,1,0,64,7,1
702,2,1,2,1,0,65,8,1
702,3,2,2.229,0.229,0,66,9,1
703,1,0,1,1,0,78,8,1
703,2,1,2,1,0,79,9,1
703,3,2,3,1,0,80,10,1
703,4,3,4,1,0,81,11,1
703,5,4,5,1,0,82,12,1
703,6,5,5.571,0.571,0,83,13,1
704,1,0,1,1,0,63,14,1
704,2,1,2,1,1,64,15,1
704,3,2,3,1,0,65,16,1
704,4,3,4,1,0,66,17,1
704,5,4,5,1,1,67,18,1
704,6,5,6,1,0,68,19,1
704,7,6,7,1,0,69,20,1
704,8,7,7.701,0.701,0,70,21,1
705,1,0,1,1,1,48,13,1
705,2,1,2,1,0,49,14,1
705,3,2,3,1,0,50,15,1
705,4,3,3.549,0.549,0,51,16,1
706,1,0,1,1,0,27,16,1
706,2,1,2,1,0,28,17,1
706,3,2,2.299,0.299,0,29,18,1
707,1,0,1,1,0,62,11,1
707,2,1,2,1,0,63,12,1
707,3,2,3,1,0,64,13,1
707,4,3,4,1,1,65,14,1
707,5,4,5,1,0,66,15,1
707,6,5,6,1,0,67,16,1
707,7,6,7,1,1,68,17,1
707,8,7,7.739,0.739,0,69,18,1
708,1,0,1,1,0,37,9,1
708,2,1,2,1,0,38,10,1
708,3,2,3,1,0,39,11,1
708,4,3,3.691,0.691,0,40,12,1
709,1,0,1,1,0,51,9,1
709,2,1,2,1,0,52,10,1
709,3,2,3,1,0,53,11,1
709,4,3,4,1,0,54,12,1
709,5,4,4.661,0.661,0,55,13,1
710,1,0,1,1,0,68,13,1
710,2,1,2,1,0,69,14,1
710,3,2,3,1,0,70,15,1
710,4,3,4,1,0,71,16,1
710,5,4,5,1,0,72,17,1
710,6,5,6,1,0,73,18,1
710,7,6,7,1,2,74,19,1
710,8,7,7.116,0.116,0,75,20,1
711,1,0,1,1,0,40,7,1
711,2,1,2,1,1,41,8,1
711,3,2,2.832,0.832,0,42,9,1
712,1,0,1,1,0,49,5,1
712,2,1,2,1,0,50,6,1
712,3,2,3,1,0,51,7,1
712,4,3,3.788,0.788,0,52,8,1
713,1,0,1,1,0,35,4,1
713,2,1,2,1,1,36,5,1
713,3,2,3,1,0,37,6,1
713,4,3,4,1,0,38,7,1
713,5,4,5,1,0,39,8,1
713,6,5,6,1,0,40,9,1
713,7,6,7,1,1,41,10,1
713,8,7,8,1,0,42,11,1
713,9,8,9,1,0,43,12,1
713,10,9,9.377,0.377,0,44,13,1
714,1,0,1,1,0,39,12,1
714,2,1,2,1,0,40,13,1
714,3,2,3,1,0,41,14,1
714,4,3,4,1,0,42,15,1
714,5,4,5,1,0,43,16,1
714,6,5,6,1,0,44,17,1
714,7,6,6.023,0.023,0,45,18,1
715,1,0,0.499,0.499,0,35,11,1
716,1,0,1,1,0,46,4,1
716,2,1,2,1,0,47,5,1
716,3,2,3,1,0,48,6,1
716,4,3,4,1,0,49,7,1
716,5,4,4.603,0.603,0,50,8,1
717,1,0,1,1,0,38,1,1
717,2,1,2,1,0,39,2,1
717,3,2,3,1,0,40,3,1
717,4,3,4,1,0,41,4,1
717,5,4,5,1,0,42,5,1
717,6,5,5.41,0.41,0,43,6,1
718,1,0,1,1,0,40,10,1
718,2,1,1.959,0.959,0,41,11,1
719,1,0,1,1,0,74,16,1
719,2,1,1.206,0.206,0,75,17,1
720,1,0,1,1,0,41,1,1
720,2,1,2,1,0,42,2,1
720,3,2,2.246,0.246,0,43,3,1
721,1,0,1,1,0,35,1,1
721,2,1,2,1,0,36,2,1
721,3,2,3,1,0,37,3,1
721,4,3,4,1,0,38,4,1
721,5,4,5,1,0,39,5,1
721,6,5,6,1,0,40,6,1
721,7,6,7,1,0,41,7,1
721,8,7,7.879,0.879,0,42,8,1
722,1,0,1,1,0,24,4,1
722,2,1,2,1,0,25,5,1
722,3,2,3,1,0,26,6,1
722,4,3,3.936,0.936,0,27,7,1
723,1,0,1,1,0,56,3,1
723,2,1,1.163,0.163,0,57,4,1
724,1,0,1,1,0,50,5,1
724,2,1,2,1,0,51,6,1
724,3,2,3,1,0,52,7,1
724,4,3,4,1,0,53,8,1
724,5,4,5,1,0,54,9,1
724,6,5,6,1,0,55,10,1
724,7,6,7,1,0,56,11,1
724,8,7,7.528,0.528,0,57,12,1
725,1,0,1,1,0,29,4,1
725,2,1,2,1,0,30,5,1
725,3,2,3,1,0,31,6,1
725,4,3,4,1,0,32,7,1
725,5,4,4.484,0.484,0,33,8,1
726,1,0,1,1,0,47,9,1
726,2,1,1.729,0.729,0,48,10,1
727,1,0,1,1,1,59,18,1
727,2,1,2,1,0,60,19,1
727,3,2,3,1,1,61,20,1
727,4,3,4,1,0,62,21,1
727,5,4,5,1,0,63,22,1
727,6,5,5.922,0.922,0,64,23,1
728,1,0,1,1,0,24,13,1
728,2,1,1.464,0.464,0,25,14,1
729,1,0,1,1,0,23,4,1
729,2,1,2,1,0,24,5,1
729,3,2,3,1,0,25,6,1
729,4,3,4,1,0,26,7,1
729,5,4,4.681,0.681,0,27,8,1
730,1,0,1,1,0,57,6,1
730,2,1,2,1,0,58,7,1
730,3,2,3,1,0,59,8,1
730,4,3,4,1,0,60,9,1
730,5,4,5,1,0,61,10,1
730,6,5,6,1,0,62,11,1
730,7,6,6.876,0.876,0,63,12,1
731,1,0,1,1,1,39,9,1
731,2,1,2,1,0,40,10,1
731,3,2,3,1,0,41,11,1
731,4,3,3.398,0.398,0,42,12,1
732,1,0,1,1,0,57,6,1
732,2,1,2,1,0,58,7,1
732,3,2,3,1,0,59,8,1
732,4,3,3.095,0.095,0,60,9,1
733,1,0,1,1,0,54,5,1
733,2,1,2,1,0,55,6,1
733,3,2,3,1,0,56,7,1
733,4,3,4,1,0,57,8,1
733,5,4,5,1,0,58,9,1
733,6,5,6,1,0,59,10,1
733,7,6,6.001,0.001,0,60,11,1
734,1,0,1,1,0,47,6,1
734,2,1,2,1,0,48,7,1
734,3,2,3,1,0,49,8,1
734,4,3,4,1,0,50,9,1
734,5,4,4.499,0.499,0,51,10,1
735,1,0,1,1,0,35,10,1
735,2,1,2,1,0,36,11,1
735,3,2,3,1,1,37,12,1
735,4,3,4,1,1,38,13,1
735,5,4,5,1,0,39,14,1
735,6,5,6,1,0,40,15,1
735,7,6,7,1,0,41,16,1
735,8,7,8,1,0,42,17,1
735,9,8,9,1,0,43,18,1
735,10,9,9.055,0.055,0,44,19,1
736,1,0,1,1,1,18,6,1
736,2,1,2,1,0,19,7,1
736,3,2,3,1,3,20,8,1
736,4,3,4,1,0,21,9,1
736,5,4,4.69,0.69,0,22,10,1
737,1,0,1,1,0,43,3,1
737,2,1,2,1,0,44,4,1
737,3,2,3,1,0,45,5,1
737,4,3,3.973,0.973,0,46,6,1
738,1,0,1,1,0,71,8,1
738,2,1,2,1,0,72,9,1
738,3,2,3,1,0,73,10,1
738,4,3,4,1,0,74,11,1
738,5,4,5,1,0,75,12,1
738,6,5,5.058,0.058,0,76,13,1
739,1,0,1,1,0,39,8,1
739,2,1,2,1,0,40,9,1
739,3,2,3,1,0,41,10,1
739,4,3,4,1,0,42,11,1
739,5,4,5,1,0,43,12,1
739,6,5,6,1,0,44,13,1
739,7,6,6.431,0.431,1,45,14,1
740,1,0,1,1,0,45,7,1
740,2,1,2,1,1,46,8,1
740,3,2,3,1,0,47,9,1
740,4,3,4,1,0,48,10,1
740,5,4,5,1,0,49,11,1
740,6,5,6,1,0,50,12,1
740,7,6,7,1,0,51,13,1
740,8,7,8,1,0,52,14,1
740,9,8,9,1,0,53,15,1
740,10,9,9.366,0.366,0,54,16,1
741,1,0,1,1,0,51,14,1
741,2,1,2,1,0,52,15,1
741,3,2,3,1,0,53,16,1
741,4,3,3.499,0.499,0,54,17,1
742,1,0,1,1,0,43,3,1
742,2,1,2,1,0,44,4,1
742,3,2,3,1,0,45,5,1
742,4,3,4,1,0,46,6,1
742,5,4,5,1,0,47,7,1
742,6,5,5.632,0.632,0,48,8,1
743,1,0,1,1,0,52,1,1
743,2,1,2,1,0,53,2,1
743,3,2,3,1,0,54,3,1
743,4,3,4,1,0,55,4,1
743,5,4,4.676,0.676,0,56,5,1
744,1,0,1,1,0,37,15,1
744,2,1,1.846,0.846,0,38,16,1
745,1,0,1,1,0,55,10,1
745,2,1,2,1,1,56,11,1
745,3,2,3,1,0,57,12,1
745,4,3,4,1,0,58,13,1
745,5,4,5,1,0,59,14,1
745,6,5,5.829,0.829,0,60,15,1
746,1,0,1,1,0,18,6,1
746,2,1,2,1,0,19,7,1
746,3,2,3,1,0,20,8,1
746,4,3,4,1,0,21,9,1
746,5,4,5,1,2,22,10,1
746,6,5,6,1,0,23,11,1
746,7,6,6.883,0.883,0,24,12,1
747,1,0,1,1,0,30,4,1
747,2,1,2,1,0,31,5,1
747,3,2,3,1,0,32,6,1
747,4,3,3.378,0.378,0,33,7,1
748,1,0,1,1,0,23,2,1
748,2,1,2,1,0,24,3,1
748,3,2,3,1,0,25,4,1
748,4,3,4,1,0,26,5,1
748,5,4,4.489,0.489,0,27,6,1
749,1,0,1,1,1,55,9,1
749,2,1,1.971,0.971,0,56,10,1
750,1,0,1,1,0,65,5,1
750,2,1,2,1,0,66,6,1
750,3,2,3,1,1,67,7,1
750,4,3,3.051,0.051,0,68,8,1
751,1,0,0.1,0.1,0,18,10,1
752,1,0,1,1,0,66,3,1
752,2,1,2,1,0,67,4,1
752,3,2,3,1,0,68,5,1
752,4,3,4,1,0,69,6,1
752,5,4,5,1,0,70,7,1
752,6,5,5.045,0.045,0,71,8,1
753,1,0,1,1,0,58,16,1
753,2,1,2,1,0,59,17,1
753,3,2,2.627,0.627,0,60,18,1
754,1,0,1,1,0,55,17,1
754,2,1,2,1,0,56,18,1
754,3,2,3,1,0,57,19,1
754,4,3,3.037,0.037,0,58,20,1
755,1,0,1,1,0,65,1,1
755,2,1,2,1,0,66,2,1
755,3,2,3,1,0,67,3,1
755,4,3,4,1,0,68,4,1
755,5,4,5,1,0,69,5,1
755,6,5,5.441,0.441,0,70,6,1
756,1,0,1,1,0,37,9,1
756,2,1,2,1,0,38,10,1
756,3,2,3,1,0,39,11,1
756,4,3,3.717,0.717,1,40,12,1
757,1,0,1,1,0,48,10,1
757,2,1,2,1,0,49,11,1
757,3,2,3,1,2,50,12,1
757,4,3,4,1,0,51,13,1
757,5,4,4.988,0.988,0,52,14,1
758,1,0,1,1,0,44,13,1
758,2,1,2,1,0,45,14,1
758,3,2,3,1,0,46,15,1
758,4,3,4,1,0,47,16,1
758,5,4,4.06,0.06,0,48,17,1
759,1,0,1,1,0,45,7,1
759,2,1,1.029,0.029,0,46,8,1
760,1,0,1,1,0,18,6,1
760,2,1,2,1,0,19,7,1
760,3,2,2.924,0.924,0,20,8,1
761,1,0,1,1,0,64,9,1
761,2,1,2,1,0,65,10,1
761,3,2,3,1,0,66,11,1
761,4,3,4,1,0,67,12,1
761,5,4,4.022,0.022,0,68,13,1
762,1,0,1,1,0,49,2,1
762,2,1,2,1,0,50,3,1
762,3,2,3,1,0,51,4,1
762,4,3,3.392,0.392,0,52,5,1
763,1,0,1,1,0,53,8,1
763,2,1,2,1,0,54,9,1
763,3,2,2.658,0.658,0,55,10,1
764,1,0,1,1,0,33,8,1
764,2,1,2,1,0,34,9,1
764,3,2,2.693,0.693,0,35,10,1
765,1,0,1,1,0,46,6,1
765,2,1,2,1,0,47,7,1
765,3,2,3,1,0,48,8,1
765,4,3,4,1,0,49,9,1
765,5,4,5,1,0,50,10,1
765,6,5,6,1,0,51,11,1
765,7,6,6.949,0.949,0,52,12,1
766,1,0,1,1,1,32,8,1
766,2,1,2,1,1,33,9,1
766,3,2,3,1,1,34,10,1
766,4,3,3.371,0.371,0,35,11,1
767,1,0,1,1,0,21,20,1
767,2,1,2,1,0,22,21,1
767,3,2,3,1,0,23,22,1
767,4,3,4,1,1,24,23,1
767,5,4,5,1,1,25,24,1
767,6,5,5.626,0.626,1,26,25,1
768,1,0,1,1,0,32,14,1
768,2,1,2,1,1,33,15,1
768,3,2,3,1,1,34,16,1
768,4,3,4,1,0,35,17,1
768,5,4,5,1,0,36,18,1
768,6,5,5.012,0.012,0,37,19,1
769,1,0,1,1,0,59,9,1
769,2,1,2,1,0,60,10,1
769,3,2,3,1,0,61,11,1
769,4,3,4,1,0,62,12,1
769,5,4,5,1,0,63,13,1
769,6,5,6,1,0,64,14,1
769,7,6,7,1,0,65,15,1
769,8,7,8,1,0,66,16,1
769,9,8,8.411,0.411,0,67,17,1
770,1,0,1,1,0,38,11,1
770,2,1,2,1,0,39,12,1
770,3,2,3,1,1,40,13,1
770,4,3,4,1,0,41,14,1
770,5,4,5,1,0,42,15,1
770,6,5,5.728,0.728,1,43,16,1
771,1,0,1,1,1,37,9,1
771,2,1,2,1,0,38,10,1
771,3,2,3,1,0,39,11,1
771,4,3,4,1,0,40,12,1
771,5,4,5,1,0,41,13,1
771,6,5,5.538,0.538,0,42,14,1
772,1,0,1,1,0,46,3,1
772,2,1,2,1,1,47,4,1
772,3,2,3,1,0,48,5,1
772,4,3,3.324,0.324,0,49,6,1
773,1,0,1,1,0,23,0,1
773,2,1,2,1,0,24,1,1
773,3,2,3,1,1,25,2,1
773,4,3,4,1,0,26,3,1
773,5,4,5,1,0,27,4,1
773,6,5,6,1,0,28,5,1
773,7,6,7,1,1,29,6,1
773,8,7,8,1,0,30,7,1
773,9,8,8.629,0.629,0,31,8,1
774,1,0,1,1,0,34,4,1
774,2,1,2,1,0,35,5,1
774,3,2,3,1,0,36,6,1
774,4,3,4,1,1,37,7,1
774,5,4,5,1,0,38,8,1
774,6,5,6,1,0,39,9,1
774,7,6,6.538,0.538,0,40,10,1
775,1,0,1,1,0,25,1,1
775,2,1,2,1,0,26,2,1
775,3,2,3,1,0,27,3,1
775,4,3,4,1,0,28,4,1
775,5,4,5,1,0,29,5,1
775,6,5,6,1,0,30,6,1
775,7,6,7,1,0,31,7,1
775,8,7,8,1,0,32,8,1
775,9,8,8.49,0.49,0,33,9,1
776,1,0,1,1,0,32,7,1
776,2,1,2,1,0,33,8,1
776,3,2,3,1,0,34,9,1
776,4,3,4,1,1,35,10,1
776,5,4,4.892,0.892,0,36,11,1
777,1,0,1,1,0,61,13,1
777,2,1,2,1,0,62,14,1
777,3,2,2.281,0.281,0,63,15,1
778,1,0,1,1,0,57,14,1
778,2,1,2,1,0,58,15,1
778,3,2,3,1,0,59,16,1
778,4,3,4,1,0,60,17,1
778,5,4,5,1,0,61,18,1
778,6,5,5.133,0.133,0,62,19,1
779,1,0,1,1,0,79,7,1
779,2,1,2,1,0,80,8,1
779,3,2,3,1,0,81,9,1
779,4,3,4,1,0,82,10,1
779,5,4,5,1,0,83,11,1
779,6,5,6,1,0,84,12,1
779,7,6,7,1,0,85,13,1
779,8,7,7.979,0.979,1,86,14,1
780,1,0,1,1,0,36,1,1
780,2,1,2,1,0,37,2,1
780,3,2,2.837,0.837,0,38,3,1
781,1,0,1,1,0,52,13,1
781,2,1,2,1,0,53,14,1
781,3,2,3,1,0,54,15,1
781,4,3,4,1,0,55,16,1
781,5,4,5,1,0,56,17,1
781,6,5,6,1,0,57,18,1
781,7,6,7,1,0,58,19,1
781,8,7,7.817,0.817,0,59,20,1
782,1,0,1,1,0,35,6,1
782,2,1,2,1,0,36,7,1
782,3,2,3,1,0,37,8,1
782,4,3,4,1,0,38,9,1
782,5,4,5,1,0,39,10,1
782,6,5,6,1,0,40,11,1
782,7,6,6.952,0.952,1,41,12,1
783,1,0,1,1,0,33,14,1
783,2,1,2,1,0,34,15,1
783,3,2,3,1,0,35,16,1
783,4,3,4,1,0,36,17,1
783,5,4,4.446,0.446,0,37,18,1
784,1,0,1,1,0,26,7,1
784,2,1,2,1,0,27,8,1
784,3,2,3,1,0,28,9,1
784,4,3,4,1,1,29,10,1
784,5,4,5,1,0,30,11,1
784,6,5,6,1,0,31,12,1
784,7,6,6.687,0.687,0,32,13,1
785,1,0,1,1,0,34,1,1
785,2,1,2,1,1,35,2,1
785,3,2,3,1,0,36,3,1
785,4,3,3.109,0.109,0,37,4,1
786,1,0,1,1,0,45,18,1
786,2,1,2,1,0,46,19,1
786,3,2,3,1,0,47,20,1
786,4,3,4,1,0,48,21,1
786,5,4,5,1,0,49,22,1
786,6,5,6,1,0,50,23,1
786,7,6,7,1,0,51,24,1
787,1,0,1,1,0,35,14,1
787,2,1,2,1,0,36,15,1
787,3,2,3,1,0,37,16,1
787,4,3,4,1,0,38,17,1
787,5,4,5,1,0,39,18,1
787,6,5,5.475,0.475,0,40,19,1
788,1,0,1,1,0,53,0,1
788,2,1,2,1,1,54,1,1
788,3,2,3,1,0,55,2,1
788,4,3,4,1,1,56,3,1
788,5,4,4.24,0.24,0,57,4,1
789,1,0,1,1,0,18,10,1
789,2,1,2,1,0,19,11,1
789,3,2,2.653,0.653,1,20,12,1
790,1,0,1,1,0,56,14,1
790,2,1,2,1,0,57,15,1
790,3,2,2.892,0.892,0,58,16,1
791,1,0,1,1,0,38,12,1
791,2,1,1.008,0.008,0,39,13,1
792,1,0,1,1,2,20,5,1
792,2,1,2,1,0,21,6,1
792,3,2,3,1,1,22,7,1
792,4,3,4,1,0,23,8,1
792,5,4,4.783,0.783,0,24,9,1
793,1,0,1,1,0,66,12,1
793,2,1,2,1,0,67,13,1
793,3,2,3,1,0,68,14,1
793,4,3,3.841,0.841,0,69,15,1
794,1,0,1,1,1,18,9,1
794,2,1,2,1,1,19,10,1
794,3,2,2.264,0.264,0,20,11,1
795,1,0,1,1,0,47,10,1
795,2,1,1.289,0.289,0,48,11,1
796,1,0,1,1,0,36,5,1
796,2,1,2,1,0,37,6,1
796,3,2,3,1,0,38,7,1
796,4,3,4,1,0,39,8,1
796,5,4,4.628,0.628,0,40,9,1
797,1,0,1,1,0,75,7,1
797,2,1,2,1,0,76,8,1
797,3,2,3,1,0,77,9,1
797,4,3,4,1,0,78,10,1
797,5,4,5,1,0,79,11,1
797,6,5,5.959,0.959,0,80,12,1
798,1,0,1,1,0,33,6,1
798,2,1,2,1,0,34,7,1
798,3,2,3,1,0,35,8,1
798,4,3,3.438,0.438,0,36,9,1
799,1,0,1,1,0,38,7,1
799,2,1,2,1,0,39,8,1
799,3,2,3,1,0,40,9,1
799,4,3,3.878,0.878,0,41,10,1
800,1,0,1,1,0,46,12,1
800,2,1,2,1,1,47,13,1
800,3,2,3,1,0,48,14,1
800,4,3,4,1,0,49,15,1
800,5,4,4.899,0.899,0,50,16,1
801,1,0,1,1,1,27,5,1
801,2,1,2,1,0,28,6,1
801,3,2,3,1,0,29,7,1
801,4,3,4,1,0,30,8,1
801,5,4,5,1,1,31,9,1
801,6,5,6,1,0,32,10,1
801,7,6,7,1,0,33,11,1
801,8,7,8,1,0,34,12,1
801,9,8,8.319,0.319,0,35,13,1
802,1,0,1,1,0,65,10,1
802,2,1,2,1,0,66,11,1
802,3,2,3,1,0,67,12,1
802,4,3,4,1,0,68,13,1
802,5,4,5,1,0,69,14,1
802,6,5,6,1,0,70,15,1
802,7,6,7,1,2,71,16,1
802,8,7,8,1,0,72,17,1
802,9,8,9,1,0,73,18,1
802,10,9,9.954,0.954,0,74,19,1
803,1,0,0.97,0.97,0,51,6,1
804,1,0,1,1,0,68,13,1
804,2,1,2,1,0,69,14,1
804,3,2,2.982,0.982,1,70,15,1
805,1,0,1,1,0,24,4,1
805,2,1,2,1,0,25,5,1
805,3,2,3,1,1,26,6,1
805,4,3,4,1,0,27,7,1
805,5,4,5,1,1,28,8,1
805,6,5,6,1,2,29,9,1
805,7,6,7,1,0,30,10,1
805,8,7,7.421,0.421,0,31,11,1
806,1,0,1,1,0,44,12,1
806,2,1,2,1,0,45,13,1
806,3,2,3,1,0,46,14,1
806,4,3,4,1,0,47,15,1
806,5,4,5,1,0,48,16,1
806,6,5,5.267,0.267,0,49,17,1
807,1,0,1,1,1,50,7,1
807,2,1,2,1,0,51,8,1
807,3,2,3,1,0,52,9,1
807,4,3,4,1,0,53,10,1
807,5,4,5,1,1,54,11,1
807,6,5,5.786,0.786,0,55,12,1
808,1,0,1,1,0,44,4,1
808,2,1,2,1,0,45,5,1
808,3,2,2.876,0.876,0,46,6,1
809,1,0,1,1,0,56,4,1
809,2,1,2,1,0,57,5,1
809,3,2,2.061,0.061,0,58,6,1
810,1,0,1,1,0,73,6,1
810,2,1,2,1,0,74,7,1
810,3,2,3,1,0,75,8,1
810,4,3,4,1,0,76,9,1
810,5,4,4.261,0.261,0,77,10,1
811,1,0,1,1,0,50,12,1
811,2,1,2,1,0,51,13,1
811,3,2,3,1,0,52,14,1
811,4,3,3.343,0.343,0,53,15,1
812,1,0,1,1,2,19,2,1
812,2,1,2,1,0,20,3,1
812,3,2,3,1,0,21,4,1
812,4,3,4,1,0,22,5,1
812,5,4,5,1,0,23,6,1
812,6,5,6,1,2,24,7,1
812,7,6,6.833,0.833,1,25,8,1
813,1,0,1,1,0,34,6,1
813,2,1,2,1,0,35,7,1
813,3,2,3,1,0,36,8,1
813,4,3,4,1,0,37,9,1
813,5,4,5,1,0,38,10,1
813,6,5,6,1,0,39,11,1
813,7,6,7,1,0,40,12,1
813,8,7,7.863,0.863,1,41,13,1
814,1,0,1,1,0,39,11,1
814,2,1,2,1,0,40,12,1
814,3,2,3,1,0,41,13,1
814,4,3,4,1,0,42,14,1
814,5,4,4.578,0.578,0,43,15,1
815,1,0,1,1,0,41,4,1
815,2,1,2,1,0,42,5,1
815,3,2,3,1,0,43,6,1
815,4,3,4,1,0,44,7,1
815,5,4,5,1,0,45,8,1
815,6,5,6,1,0,46,9,1
815,7,6,7,1,0,47,10,1
815,8,7,7.446,0.446,0,48,11,1
816,1,0,1,1,1,53,5,1
816,2,1,2,1,0,54,6,1
816,3,2,3,1,1,55,7,1
816,4,3,3.483,0.483,0,56,8,1
817,1,0,1,1,0,49,11,1
817,2,1,2,1,0,50,12,1
817,3,2,3,1,0,51,13,1
817,4,3,4,1,0,52,14,1
817,5,4,5,1,0,53,15,1
817,6,5,6,1,1,54,16,1
817,7,6,6.109,0.109,0,55,17,1
818,1,0,1,1,0,29,2,1
818,2,1,1.409,0.409,0,30,3,1
819,1,0,1,1,1,48,13,1
819,2,1,2,1,1,49,14,1
819,3,2,3,1,1,50,15,1
819,4,3,3.759,0.759,0,51,16,1
820,1,0,0.421,0.421,0,43,6,1
821,1,0,1,1,0,46,8,1
821,2,1,2,1,0,47,9,1
821,3,2,3,1,0,48,10,1
821,4,3,4,1,0,49,11,1
821,5,4,5,1,0,50,12,1
821,6,5,5.085,0.085,0,51,13,1
822,1,0,1,1,0,62,3,1
822,2,1,2,1,0,63,4,1
822,3,2,3,1,0,64,5,1
822,4,3,4,1,0,65,6,1
822,5,4,5,1,0,66,7,1
822,6,5,6,1,0,67,8,1
822,7,6,6.101,0.101,0,68,9,1
823,1,0,1,1,0,60,6,1
823,2,1,2,1,0,61,7,1
823,3,2,3,1,0,62,8,1
823,4,3,4,1,0,63,9,1
823,5,4,5,1,0,64,10,1
823,6,5,6,1,0,65,11,1
823,7,6,7,1,0,66,12,1
823,8,7,8,1,0,67,13,1
823,9,8,8.031,0.031,0,68,14,1
824,1,0,1,1,0,57,8,1
824,2,1,2,1,0,58,9,1
824,3,2,3,1,0,59,10,1
824,4,3,4,1,0,60,11,1
824,5,4,5,1,0,61,12,1
824,6,5,6,1,0,62,13,1
824,7,6,6.76,0.76,0,63,14,1
825,1,0,1,1,0,37,5,1
825,2,1,2,1,0,38,6,1
825,3,2,3,1,0,39,7,1
825,4,3,4,1,0,40,8,1
825,5,4,4.543,0.543,1,41,9,1
826,1,0,1,1,1,42,8,1
826,2,1,2,1,0,43,9,1
826,3,2,3,1,1,44,10,1
826,4,3,3.161,0.161,0,45,11,1
827,1,0,1,1,0,29,12,1
827,2,1,2,1,1,30,13,1
827,3,2,3,1,0,31,14,1
827,4,3,4,1,0,32,15,1
827,5,4,4.538,0.538,0,33,16,1
828,1,0,1,1,0,52,1,1
828,2,1,2,1,0,53,2,1
828,3,2,3,1,0,54,3,1
828,4,3,4,1,0,55,4,1
828,5,4,4.424,0.424,0,56,5,1
829,1,0,1,1,0,23,1,1
829,2,1,2,1,1,24,2,1
829,3,2,3,1,0,25,3,1
829,4,3,4,1,0,26,4,1
829,5,4,5,1,0,27,5,1
829,6,5,6,1,0,28,6,1
829,7,6,6.761,0.761,0,29,7,1
830,1,0,1,1,0,38,0,1
830,2,1,2,1,0,39,1,1
830,3,2,3,1,0,40,2,1
830,4,3,3.205,0.205,0,41,3,1
831,1,0,1,1,0,56,13,1
831,2,1,2,1,0,57,14,1
831,3,2,3,1,1,58,15,1
831,4,3,4,1,1,59,16,1
831,5,4,4.986,0.986,0,60,17,1
832,1,0,1,1,0,72,14,1
832,2,1,2,1,0,73,15,1
832,3,2,3,1,0,74,16,1
832,4,3,3.757,0.757,0,75,17,1
833,1,0,1,1,0,50,6,1
833,2,1,2,1,0,51,7,1
833,3,2,3,1,0,52,8,1
833,4,3,4,1,0,53,9,1
833,5,4,5,1,0,54,10,1
833,6,5,6,1,0,55,11,1
833,7,6,7,1,0,56,12,1
833,8,7,8,1,1,57,13,1
833,9,8,9,1,0,58,14,1
833,10,9,9.562,0.562,0,59,15,1
834,1,0,1,1,0,45,7,1
834,2,1,2,1,1,46,8,1
834,3,2,2.261,0.261,0,47,9,1
835,1,0,1,1,0,35,7,1
835,2,1,2,1,0,36,8,1
835,3,2,2.504,0.504,0,37,9,1
836,1,0,0.571,0.571,0,31,5,1
837,1,0,1,1,1,37,23,1
837,2,1,2,1,0,38,24,1
837,3,2,3,1,0,39,25,1
837,4,3,4,1,0,40,26,1
837,5,4,5,1,0,41,27,1
837,6,5,6,1,0,42,28,1
837,7,6,7,1,0,43,29,1
837,8,7,8,1,0,44,30,1
837,9,8,8.414,0.414,0,45,31,1
838,1,0,1,1,0,40,9,1
838,2,1,2,1,0,41,10,1
838,3,2,3,1,0,42,11,1
838,4,3,3.107,0.107,0,43,12,1
839,1,0,0.458,0.458,0,40,14,1
840,1,0,1,1,0,47,13,1
840,2,1,2,1,0,48,14,1
840,3,2,3,1,0,49,15,1
840,4,3,4,1,0,50,16,1
840,5,4,5,1,0,51,17,1
840,6,5,6,1,0,52,18,1
840,7,6,7,1,0,53,19,1
840,8,7,7.562,0.562,0,54,20,1
841,1,0,1,1,0,45,10,1
841,2,1,2,1,2,46,11,1
841,3,2,3,1,2,47,12,1
841,4,3,4,1,0,48,13,1
841,5,4,5,1,0,49,14,1
841,6,5,6,1,0,50,15,1
841,7,6,7,1,0,51,16,1
841,8,7,7.478,0.478,0,52,17,1
842,1,0,1,1,0,28,12,1
842,2,1,2,1,0,29,13,1
842,3,2,3,1,1,30,14,1
842,4,3,4,1,0,31,15,1
842,5,4,5,1,0,32,16,1
842,6,5,6,1,0,33,17,1
842,7,6,6.059,0.059,0,34,18,1
843,1,0,1,1,0,66,1,1
843,2,1,2,1,0,67,2,1
843,3,2,3,1,0,68,3,1
843,4,3,4,1,0,69,4,1
843,5,4,5,1,0,70,5,1
843,6,5,6,1,0,71,6,1
843,7,6,7,1,0,72,7,1
843,8,7,8,1,0,73,8,1
843,9,8,9,1,0,74,9,1
843,10,9,9.101,0.101,0,75,10,1
844,1,0,1,1,0,62,10,1
844,2,1,2,1,0,63,11,1
844,3,2,2.297,0.297,0,64,12,1
845,1,0,1,1,3,44,8,1
845,2,1,2,1,2,45,9,1
845,3,2,2.776,0.776,0,46,10,1
846,1,0,1,1,0,59,4,1
846,2,1,2,1,0,60,5,1
846,3,2,3,1,0,61,6,1
846,4,3,4,1,0,62,7,1
846,5,4,5,1,0,63,8,1
846,6,5,6,1,0,64,9,1
846,7,6,7,1,0,65,10,1
846,8,7,8,1,0,66,11,1
846,9,8,9,1,0,67,12,1
846,10,9,9.299,0.299,0,68,13,1
847,1,0,1,1,0,48,6,1
847,2,1,2,1,1,49,7,1
847,3,2,3,1,0,50,8,1
847,4,3,4,1,1,51,9,1
847,5,4,4.048,0.048,0,52,10,1
848,1,0,1,1,0,63,8,1
848,2,1,2,1,0,64,9,1
848,3,2,3,1,0,65,10,1
848,4,3,4,1,0,66,11,1
848,5,4,5,1,0,67,12,1
848,6,5,6,1,0,68,13,1
848,7,6,7,1,0,69,14,1
848,8,7,8,1,0,70,15,1
848,9,8,9,1,0,71,16,1
848,10,9,9.365,0.365,0,72,17,1
849,1,0,1,1,0,35,0,1
849,2,1,2,1,0,36,1,1
849,3,2,3,1,0,37,2,1
849,4,3,4,1,0,38,3,1
849,5,4,5,1,0,39,4,1
849,6,5,6,1,0,40,5,1
849,7,6,7,1,0,41,6,1
849,8,7,8,1,1,42,7,1
849,9,8,9,1,1,43,8,1
849,10,9,9.642,0.642,0,44,9,1
850,1,0,1,1,0,47,7,1
850,2,1,2,1,0,48,8,1
850,3,2,3,1,0,49,9,1
850,4,3,4,1,1,50,10,1
850,5,4,5,1,1,51,11,1
850,6,5,6,1,1,52,12,1
850,7,6,7,1,0,53,13,1
850,8,7,8,1,0,54,14,1
850,9,8,8.136,0.136,1,55,15,1
851,1,0,1,1,0,24,0,1
851,2,1,2,1,0,25,1,1
851,3,2,3,1,2,26,2,1
851,4,3,4,1,0,27,3,1
851,5,4,5,1,0,28,4,1
851,6,5,6,1,0,29,5,1
851,7,6,6.301,0.301,0,30,6,1
852,1,0,1,1,0,64,0,1
852,2,1,2,1,0,65,1,1
852,3,2,3,1,1,66,2,1
852,4,3,4,1,0,67,3,1
852,5,4,5,1,0,68,4,1
852,6,5,6,1,0,69,5,1
852,7,6,6.547,0.547,0,70,6,1
853,1,0,1,1,0,50,6,1
853,2,1,2,1,1,51,7,1
853,3,2,2.012,0.012,0,52,8,1
854,1,0,1,1,1,60,11,1
854,2,1,2,1,1,61,12,1
854,3,2,3,1,1,62,13,1
854,4,3,4,1,0,63,14,1
854,5,4,5,1,1,64,15,1
854,6,5,5.884,0.884,1,65,16,1
855,1,0,1,1,0,29,12,1
855,2,1,2,1,0,30,13,1
855,3,2,2.948,0.948,0,31,14,1
856,1,0,1,1,0,45,2,1
856,2,1,2,1,0,46,3,1
856,3,2,3,1,0,47,4,1
856,4,3,3.681,0.681,0,48,5,1
857,1,0,1,1,0,48,17,1
857,2,1,1.719,0.719,0,49,18,1
858,1,0,1,1,0,61,11,1
858,2,1,1.192,0.192,1,62,12,1
859,1,0,1,1,0,69,7,1
859,2,1,2,1,0,70,8,1
859,3,2,3,1,0,71,9,1
859,4,3,3.806,0.806,0,72,10,1
860,1,0,1,1,0,49,9,1
860,2,1,2,1,0,50,10,1
860,3,2,3,1,0,51,11,1
860,4,3,4,1,0,52,12,1
860,5,4,5,1,0,53,13,1
860,6,5,6,1,0,54,14,1
860,7,6,7,1,1,55,15,1
860,8,7,8,1,1,56,16,1
860,9,8,9,1,0,57,17,1
860,10,9,9.847,0.847,0,58,18,1
861,1,0,1,1,0,44,6,1
861,2,1,2,1,1,45,7,1
861,3,2,2.356,0.356,1,46,8,1
862,1,0,1,1,0,52,5,1
862,2,1,1.868,0.868,0,53,6,1
863,1,0,1,1,0,49,9,1
863,2,1,2,1,0,50,10,1
863,3,2,3,1,0,51,11,1
863,4,3,4,1,0,52,12,1
863,5,4,4.967,0.967,0,53,13,1
864,1,0,1,1,0,34,5,1
864,2,1,2,1,1,35,6,1
864,3,2,3,1,0,36,7,1
864,4,3,3.153,0.153,0,37,8,1
865,1,0,1,1,1,18,5,1
865,2,1,2,1,0,19,6,1
865,3,2,3,1,0,20,7,1
865,4,3,4,1,0,21,8,1
865,5,4,4.038,0.038,0,22,9,1
866,1,0,1,1,0,64,0,1
866,2,1,1.502,0.502,0,65,1,1
867,1,0,1,1,0,65,8,1
867,2,1,2,1,1,66,9,1
867,3,2,3,1,0,67,10,1
867,4,3,4,1,0,68,11,1
867,5,4,4.51,0.51,0,69,12,1
868,1,0,1,1,0,40,13,1
868,2,1,1.947,0.947,0,41,14,1
869,1,0,1,1,0,62,6,1
869,2,1,2,1,0,63,7,1
869,3,2,2.096,0.096,0,64,8,1
870,1,0,1,1,0,65,12,1
870,2,1,2,1,0,66,13,1
870,3,2,3,1,0,67,14,1
870,4,3,4,1,0,68,15,1
870,5,4,4.198,0.198,0,69,16,1
871,1,0,1,1,0,32,10,1
871,2,1,1.879,0.879,0,33,11,1
872,1,0,1,1,0,23,11,1
872,2,1,2,1,0,24,12,1
872,3,2,2.342,0.342,0,25,13,1
873,1,0,1,1,1,30,9,1
873,2,1,2,1,1,31,10,1
873,3,2,3,1,0,32,11,1
873,4,3,3.865,0.865,0,33,12,1
874,1,0,1,1,0,56,19,1
874,2,1,1.58,0.58,0,57,20,1
875,1,0,1,1,0,47,6,1
875,2,1,2,1,0,48,7,1
875,3,2,3,1,0,49,8,1
875,4,3,4,1,1,50,9,1
875,5,4,5,1,0,51,10,1
875,6,5,5.24,0.24,0,52,11,1
876,1,0,1,1,0,24,10,1
876,2,1,1.057,0.057,0,25,11,1
877,1,0,1,1,0,40,11,1
877,2,1,1.24,0.24,0,41,12,1
878,1,0,0.676,0.676,1,32,2,1
879,1,0,1,1,0,42,10,1
879,2,1,2,1,0,43,11,1
879,3,2,3,1,0,44,12,1
879,4,3,3.557,0.557,0,45,13,1
880,1,0,1,1,0,29,6,1
880,2,1,2,1,0,30,7,1
880,3,2,3,1,0,31,8,1
880,4,3,4,1,0,32,9,1
880,5,4,4.044,0.044,0,33,10,1
881,1,0,1,1,0,74,2,1
881,2,1,2,1,0,75,3,1
881,3,2,3,1,0,76,4,1
881,4,3,3.733,0.733,0,77,5,1
882,1,0,1,1,0,34,8,1
882,2,1,2,1,1,35,9,1
882,3,2,3,1,0,36,10,1
882,4,3,4,1,0,37,11,1
882,5,4,5,1,0,38,12,1
882,6,5,6,1,2,39,13,1
882,7,6,6.495,0.495,0,40,14,1
883,1,0,1,1,0,29,6,1
883,2,1,2,1,0,30,7,1
883,3,2,3,1,0,31,8,1
883,4,3,4,1,0,32,9,1
883,5,4,5,1,0,33,10,1
883,6,5,5.458,0.458,0,34,11,1
884,1,0,1,1,0,48,0,1
884,2,1,2,1,0,49,1,1
884,3,2,3,1,0,50,2,1
884,4,3,4,1,0,51,3,1
884,5,4,5,1,0,52,4,1
884,6,5,6,1,0,53,5,1
884,7,6,7,1,0,54,6,1
884,8,7,8,1,0,55,7,1
884,9,8,8.702,0.702,0,56,8,1
885,1,0,1,1,0,38,4,1
885,2,1,2,1,0,39,5,1
885,3,2,2.701,0.701,0,40,6,1
886,1,0,1,1,0,18,14,1
886,2,1,1.858,0.858,0,19,15,1
887,1,0,1,1,0,45,8,1
887,2,1,2,1,0,46,9,1
887,3,2,3,1,1,47,10,1
887,4,3,4,1,1,48,11,1
887,5,4,5,1,1,49,12,1
887,6,5,5.024,0.024,0,50,13,1
888,1,0,1,1,0,41,5,1
888,2,1,2,1,0,42,6,1
888,3,2,3,1,1,43,7,1
888,4,3,4,1,1,44,8,1
888,5,4,4.164,0.164,0,45,9,1
889,1,0,1,1,0,52,6,1
889,2,1,2,1,0,53,7,1
889,3,2,3,1,0,54,8,1
889,4,3,4,1,0,55,9,1
889,5,4,5,1,0,56,10,1
889,6,5,6,1,0,57,11,1
889,7,6,7,1,0,58,12,1
889,8,7,8,1,0,59,13,1
889,9,8,8.37,0.37,0,60,14,1
890,1,0,1,1,0,32,6,1
890,2,1,2,1,0,33,7,1
890,3,2,3,1,1,34,8,1
890,4,3,4,1,1,35,9,1
890,5,4,5,1,0,36,10,1
890,6,5,6,1,0,37,11,1
890,7,6,6.839,0.839,0,38,12,1
891,1,0,1,1,0,38,11,1
891,2,1,2,1,0,39,12,1
891,3,2,3,1,0,40,13,1
891,4,3,4,1,0,41,14,1
891,5,4,5,1,0,42,15,1
891,6,5,5.68,0.68,0,43,16,1
892,1,0,1,1,0,45,14,1
892,2,1,2,1,0,46,15,1
892,3,2,3,1,0,47,16,1
892,4,3,4,1,0,48,17,1
892,5,4,4.104,0.104,0,49,18,1
893,1,0,1,1,1,49,16,1
893,2,1,2,1,0,50,17,1
893,3,2,3,1,0,51,18,1
893,4,3,4,1,1,52,19,1
893,5,4,4.992,0.992,0,53,20,1
894,1,0,1,1,0,26,16,1
894,2,1,2,1,0,27,17,1
894,3,2,3,1,0,28,18,1
894,4,3,3.145,0.145,0,29,19,1
895,1,0,1,1,0,41,12,1
895,2,1,2,1,1,42,13,1
895,3,2,3,1,0,43,14,1
895,4,3,4,1,0,44,15,1
895,5,4,4.782,0.782,0,45,16,1
896,1,0,1,1,0,38,8,1
896,2,1,2,1,0,39,9,1
896,3,2,3,1,0,40,10,1
896,4,3,4,1,0,41,11,1
896,5,4,5,1,0,42,12,1
896,6,5,6,1,0,43,13,1
896,7,6,7,1,0,44,14,1
896,8,7,8,1,0,45,15,1
896,9,8,9,1,0,46,16,1
896,10,9,9.642,0.642,0,47,17,1
897,1,0,1,1,0,57,11,1
897,2,1,2,1,1,58,12,1
897,3,2,2.196,0.196,0,59,13,1
898,1,0,1,1,0,26,1,1
898,2,1,2,1,0,27,2,1
898,3,2,3,1,0,28,3,1
898,4,3,4,1,0,29,4,1
898,5,4,5,1,0,30,5,1
898,6,5,6,1,0,31,6,1
898,7,6,7,1,0,32,7,1
898,8,7,8,1,1,33,8,1
898,9,8,8.21,0.21,0,34,9,1
899,1,0,1,1,1,67,14,1
899,2,1,2,1,0,68,15,1
899,3,2,3,1,1,69,16,1
899,4,3,3.998,0.998,0,70,17,1
900,1,0,1,1,3,50,8,1
900,2,1,1.939,0.939,1,51,9,1
901,1,0,1,1,0,34,2,1
901,2,1,1.018,0.018,0,35,3,1
902,1,0,1,1,0,34,10,1
902,2,1,2,1,0,35,11,1
902,3,2,3,1,0,36,12,1
902,4,3,4,1,0,37,13,1
902,5,4,5,1,0,38,14,1
902,6,5,6,1,0,39,15,1
902,7,6,6.81,0.81,0,40,16,1
903,1,0,1,1,0,42,17,1
903,2,1,2,1,0,43,18,1
903,3,2,3,1,0,44,19,1
903,4,3,4,1,0,45,20,1
903,5,4,4.576,0.576,0,46,21,1
904,1,0,1,1,0,26,3,1
904,2,1,2,1,0,27,4,1
904,3,2,2.811,0.811,0,28,5,1
905,1,0,1,1,0,32,5,1
905,2,1,2,1,0,33,6,1
905,3,2,3,1,0,34,7,1
905,4,3,4,1,0,35,8,1
905,5,4,4.333,0.333,0,36,9,1
906,1,0,1,1,0,60,10,1
906,2,1,1.799,0.799,0,61,11,1
907,1,0,1,1,0,37,6,1
907,2,1,2,1,0,38,7,1
907,3,2,2.317,0.317,0,39,8,1
908,1,0,1,1,0,29,4,1
908,2,1,2,1,0,30,5,1
908,3,2,3,1,1,31,6,1
908,4,3,4,1,1,32,7,1
908,5,4,5,1,0,33,8,1
908,6,5,6,1,0,34,9,1
908,7,6,6.383,0.383,0,35,10,1
909,1,0,1,1,0,57,6,1
909,2,1,2,1,0,58,7,1
909,3,2,3,1,0,59,8,1
909,4,3,4,1,0,60,9,1
909,5,4,5,1,0,61,10,1
909,6,5,5.922,0.922,0,62,11,1
910,1,0,1,1,0,31,8,1
910,2,1,2,1,0,32,9,1
910,3,2,3,1,0,33,10,1
910,4,3,4,1,0,34,11,1
910,5,4,5,1,0,35,12,1
910,6,5,6,1,0,36,13,1
910,7,6,6.607,0.607,0,37,14,1
911,1,0,1,1,0,47,13,1
911,2,1,2,1,0,48,14,1
911,3,2,3,1,0,49,15,1
911,4,3,4,1,0,50,16,1
911,5,4,5,1,0,51,17,1
911,6,5,5.567,0.567,0,52,18,1
912,1,0,1,1,1,33,16,1
912,2,1,2,1,1,34,17,1
912,3,2,3,1,1,35,18,1
912,4,3,3.434,0.434,0,36,19,1
913,1,0,1,1,0,34,6,1
913,2,1,2,1,0,35,7,1
913,3,2,3,1,0,36,8,1
913,4,3,4,1,0,37,9,1
913,5,4,5,1,0,38,10,1
913,6,5,5.991,0.991,0,39,11,1
914,1,0,1,1,0,53,8,1
914,2,1,1.324,0.324,0,54,9,1
915,1,0,1,1,1,22,4,1
915,2,1,1.54,0.54,2,23,5,1
916,1,0,1,1,0,18,4,1
916,2,1,2,1,1,19,5,1
916,3,2,3,1,1,20,6,1
916,4,3,3.523,0.523,0,21,7,1
917,1,0,1,1,1,43,2,1
917,2,1,1.15,0.15,0,44,3,1
918,1,0,1,1,0,52,11,1
918,2,1,2,1,0,53,12,1
918,3,2,2.969,0.969,0,54,13,1
919,1,0,1,1,0,74,12,1
919,2,1,2,1,0,75,13,1
919,3,2,2.409,0.409,0,76,14,1
920,1,0,1,1,0,34,5,1
920,2,1,2,1,0,35,6,1
920,3,2,3,1,0,36,7,1
920,4,3,3.093,0.093,0,37,8,1
921,1,0,1,1,0,48,0,1
921,2,1,1.15,0.15,0,49,1,1
922,1,0,1,1,0,32,2,1
922,2,1,2,1,0,33,3,1
922,3,2,3,1,0,34,4,1
922,4,3,4,1,0,35,5,1
922,5,4,5,1,0,36,6,1
922,6,5,5.606,0.606,0,37,7,1
923,1,0,1,1,0,52,11,1
923,2,1,1.502,0.502,0,53,12,1
924,1,0,1,1,0,64,4,1
924,2,1,1.791,0.791,0,65,5,1
925,1,0,1,1,0,46,8,1
925,2,1,2,1,0,47,9,1
925,3,2,3,1,0,48,10,1
925,4,3,4,1,0,49,11,1
925,5,4,5,1,0,50,12,1
925,6,5,6,1,0,51,13,1
925,7,6,6.738,0.738,0,52,14,1
926,1,0,1,1,0,47,5,1
926,2,1,2,1,0,48,6,1
926,3,2,3,1,2,49,7,1
926,4,3,3.568,0.568,0,50,8,1
927,1,0,1,1,0,44,3,1
927,2,1,1.702,0.702,0,45,4,1
928,1,0,1,1,0,30,22,1
928,2,1,2,1,0,31,23,1
928,3,2,3,1,0,32,24,1
928,4,3,3.319,0.319,0,33,25,1
929,1,0,1,1,1,40,8,1
929,2,1,2,1,0,41,9,1
929,3,2,2.075,0.075,0,42,10,1
930,1,0,1,1,0,63,12,1
930,2,1,2,1,0,64,13,1
930,3,2,3,1,0,65,14,1
930,4,3,3.296,0.296,0,66,15,1
931,1,0,1,1,0,65,4,1
931,2,1,2,1,0,66,5,1
931,3,2,2.202,0.202,0,67,6,1
932,1,0,1,1,0,64,0,1
932,2,1,2,1,0,65,1,1
932,3,2,2.457,0.457,0,66,2,1
933,1,0,0.681,0.681,0,28,9,1
934,1,0,1,1,0,62,13,1
934,2,1,2,1,0,63,14,1
934,3,2,3,1,0,64,15,1
934,4,3,4,1,0,65,16,1
934,5,4,5,1,1,66,17,1
934,6,5,5.119,0.119,0,67,18,1
935,1,0,1,1,0,52,13,1
935,2,1,2,1,1,53,14,1
935,3,2,3,1,0,54,15,1
935,4,3,4,1,0,55,16,1
935,5,4,5,1,0,56,17,1
935,6,5,5.567,0.567,1,57,18,1
936,1,0,1,1,0,30,7,1
936,2,1,2,1,0,31,8,1
936,3,2,3,1,0,32,9,1
936,4,3,4,1,0,33,10,1
936,5,4,5,1,0,34,11,1
936,6,5,6,1,0,35,12,1
936,7,6,7,1,0,36,13,1
936,8,7,8,1,0,37,14,1
936,9,8,8.13,0.13,0,38,15,1
937,1,0,1,1,0,54,10,1
937,2,1,1.67,0.67,0,55,11,1
938,1,0,1,1,0,32,4,1
938,2,1,2,1,0,33,5,1
938,3,2,3,1,0,34,6,1
938,4,3,4,1,0,35,7,1
938,5,4,5,1,0,36,8,1
938,6,5,5.642,0.642,0,37,9,1
939,1,0,0.318,0.318,0,28,5,1
940,1,0,1,1,0,54,11,1
940,2,1,2,1,0,55,12,1
940,3,2,3,1,0,56,13,1
940,4,3,4,1,0,57,14,1
940,5,4,4.652,0.652,0,58,15,1
941,1,0,1,1,0,46,0,1
941,2,1,2,1,0,47,1,1
941,3,2,3,1,0,48,2,1
941,4,3,4,1,0,49,3,1
941,5,4,5,1,0,50,4,1
941,6,5,6,1,0,51,5,1
941,7,6,6.908,0.908,0,52,6,1
942,1,0,1,1,0,18,5,1
942,2,1,2,1,0,19,6,1
942,3,2,3,1,0,20,7,1
942,4,3,4,1,1,21,8,1
942,5,4,4.35,0.35,0,22,9,1
943,1,0,1,1,0,59,2,1
943,2,1,2,1,0,60,3,1
943,3,2,3,1,0,61,4,1
943,4,3,4,1,0,62,5,1
943,5,4,5,1,0,63,6,1
943,6,5,5.817,0.817,0,64,7,1
944,1,0,1,1,0,59,14,1
944,2,1,2,1,0,60,15,1
944,3,2,3,1,0,61,16,1
944,4,3,3.976,0.976,0,62,17,1
945,1,0,1,1,0,46,9,1
945,2,1,2,1,0,47,10,1
945,3,2,3,1,0,48,11,1
945,4,3,4,1,1,49,12,1
945,5,4,5,1,0,50,13,1
945,6,5,6,1,0,51,14,1
945,7,6,6.186,0.186,0,52,15,1
946,1,0,1,1,0,58,11,1
946,2,1,2,1,0,59,12,1
946,3,2,3,1,0,60,13,1
946,4,3,3.097,0.097,0,61,14,1
947,1,0,1,1,0,88,9,1
947,2,1,1.735,0.735,0,89,10,1
948,1,0,1,1,0,20,24,1
948,2,1,2,1,0,21,25,1
948,3,2,3,1,0,22,26,1
948,4,3,4,1,0,23,27,1
948,5,4,5,1,0,24,28,1
948,6,5,6,1,0,25,29,1
948,7,6,7,1,0,26,30,1
948,8,7,7.278,0.278,0,27,31,1
949,1,0,1,1,1,62,5,1
949,2,1,2,1,0,63,6,1
949,3,2,3,1,0,64,7,1
949,4,3,4,1,0,65,8,1
949,5,4,4.103,0.103,0,66,9,1
950,1,0,1,1,0,18,5,1
950,2,1,2,1,0,19,6,1
950,3,2,3,1,1,20,7,1
950,4,3,4,1,0,21,8,1
950,5,4,4.41,0.41,0,22,9,1
951,1,0,1,1,0,57,10,1
951,2,1,1.063,0.063,0,58,11,1
952,1,0,1,1,1,44,6,1
952,2,1,2,1,0,45,7,1
952,3,2,3,1,0,46,8,1
952,4,3,4,1,2,47,9,1
952,5,4,5,1,1,48,10,1
952,6,5,6,1,1,49,11,1
952,7,6,7,1,2,50,12,1
952,8,7,8,1,2,51,13,1
952,9,8,9,1,0,52,14,1
952,10,9,9.213,0.213,0,53,15,1
953,1,0,1,1,0,38,13,1
953,2,1,2,1,0,39,14,1
953,3,2,3,1,0,40,15,1
953,4,3,3.262,0.262,0,41,16,1
954,1,0,1,1,0,49,9,1
954,2,1,2,1,0,50,10,1
954,3,2,3,1,0,51,11,1
954,4,3,3.045,0.045,0,52,12,1
955,1,0,1,1,0,42,0,1
955,2,1,2,1,0,43,1,1
955,3,2,2.214,0.214,0,44,2,1
956,1,0,1,1,0,31,3,1
956,2,1,2,1,0,32,4,1
956,3,2,3,1,0,33,5,1
956,4,3,4,1,0,34,6,1
956,5,4,5,1,0,35,7,1
956,6,5,6,1,0,36,8,1
956,7,6,6.153,0.153,0,37,9,1
957,1,0,1,1,0,38,7,1
957,2,1,2,1,0,39,8,1
957,3,2,3,1,0,40,9,1
957,4,3,4,1,0,41,10,1
957,5,4,5,1,0,42,11,1
957,6,5,5.058,0.058,0,43,12,1
958,1,0,1,1,0,64,5,1
958,2,1,1.361,0.361,0,65,6,1
959,1,0,1,1,0,67,0,1
959,2,1,2,1,1,68,1,1
959,3,2,3,1,0,69,2,1
959,4,3,4,1,0,70,3,1
959,5,4,5,1,0,71,4,1
959,6,5,6,1,0,72,5,1
959,7,6,7,1,0,73,6,1
959,8,7,8,1,0,74,7,1
959,9,8,9,1,0,75,8,1
959,10,9,9.905,0.905,1,76,9,1
960,1,0,1,1,0,49,7,1
960,2,1,1.037,0.037,0,50,8,1
961,1,0,1,1,0,78,7,1
961,2,1,1.122,0.122,0,79,8,1
962,1,0,1,1,0,34,12,1
962,2,1,2,1,0,35,13,1
962,3,2,3,1,0,36,14,1
962,4,3,4,1,0,37,15,1
962,5,4,5,1,1,38,16,1
962,6,5,6,1,1,39,17,1
962,7,6,7,1,0,40,18,1
962,8,7,8,1,0,41,19,1
962,9,8,8.191,0.191,0,42,20,1
963,1,0,1,1,0,53,3,1
963,2,1,2,1,0,54,4,1
963,3,2,3,1,0,55,5,1
963,4,3,4,1,0,56,6,1
963,5,4,4.597,0.597,0,57,7,1
964,1,0,1,1,0,41,3,1
964,2,1,2,1,0,42,4,1
964,3,2,3,1,0,43,5,1
964,4,3,3.898,0.898,0,44,6,1
965,1,0,1,1,0,43,3,1
965,2,1,2,1,0,44,4,1
965,3,2,3,1,0,45,5,1
965,4,3,3.775,0.775,0,46,6,1
966,1,0,1,1,0,33,11,1
966,2,1,2,1,1,34,12,1
966,3,2,2.408,0.408,0,35,13,1
967,1,0,1,1,0,47,12,1
967,2,1,2,1,0,48,13,1
967,3,2,3,1,0,49,14,1
967,4,3,4,1,0,50,15,1
967,5,4,5,1,0,51,16,1
967,6,5,6,1,0,52,17,1
967,7,6,7,1,0,53,18,1
967,8,7,8,1,0,54,19,1
967,9,8,8.791,0.791,0,55,20,1
968,1,0,1,1,0,29,17,1
968,2,1,1.082,0.082,0,30,18,1
969,1,0,1,1,0,40,5,1
969,2,1,1.117,0.117,0,41,6,1
970,1,0,1,1,0,28,6,1
970,2,1,1.304,0.304,0,29,7,1
971,1,0,1,1,1,34,12,1
971,2,1,2,1,0,35,13,1
971,3,2,2.306,0.306,0,36,14,1
972,1,0,1,1,0,18,11,1
972,2,1,2,1,0,19,12,1
972,3,2,2.266,0.266,0,20,13,1
973,1,0,1,1,0,48,0,1
973,2,1,1.895,0.895,0,49,1,1
974,1,0,1,1,1,19,7,1
974,2,1,2,1,0,20,8,1
974,3,2,3,1,1,21,9,1
974,4,3,4,1,0,22,10,1
974,5,4,5,1,0,23,11,1
974,6,5,6,1,1,24,12,1
974,7,6,7,1,2,25,13,1
974,8,7,7.312,0.312,0,26,14,1
975,1,0,1,1,0,31,2,1
975,2,1,1.036,0.036,0,32,3,1
976,1,0,1,1,0,66,10,1
976,2,1,2,1,0,67,11,1
976,3,2,3,1,0,68,12,1
976,4,3,3.087,0.087,0,69,13,1
977,1,0,1,1,0,20,10,1
977,2,1,2,1,0,21,11,1
977,3,2,3,1,0,22,12,1
977,4,3,4,1,0,23,13,1
977,5,4,5,1,0,24,14,1
977,6,5,6,1,0,25,15,1
977,7,6,6.3,0.3,0,26,16,1
978,1,0,1,1,0,66,0,1
978,2,1,2,1,0,67,1,1
978,3,2,3,1,0,68,2,1
978,4,3,3.401,0.401,0,69,3,1
979,1,0,1,1,1,43,9,1
979,2,1,2,1,0,44,10,1
979,3,2,3,1,0,45,11,1
979,4,3,3.654,0.654,0,46,12,1
980,1,0,1,1,0,88,12,1
980,2,1,1.989,0.989,0,89,13,1
981,1,0,1,1,0,57,7,1
981,2,1,2,1,0,58,8,1
981,3,2,2.389,0.389,0,59,9,1
982,1,0,1,1,0,58,4,1
982,2,1,2,1,0,59,5,1
982,3,2,3,1,0,60,6,1
982,4,3,3.093,0.093,0,61,7,1
983,1,0,1,1,0,32,6,1
983,2,1,1.434,0.434,0,33,7,1
984,1,0,1,1,0,68,0,1
984,2,1,2,1,0,69,1,1
984,3,2,3,1,0,70,2,1
984,4,3,4,1,0,71,3,1
984,5,4,5,1,0,72,4,1
984,6,5,6,1,0,73,5,1
984,7,6,7,1,0,74,6,1
984,8,7,7.247,0.247,0,75,7,1
985,1,0,1,1,1,31,6,1
985,2,1,2,1,0,32,7,1
985,3,2,3,1,1,33,8,1
985,4,3,4,1,1,34,9,1
985,5,4,5,1,0,35,10,1
985,6,5,5.24,0.24,1,36,11,1
986,1,0,1,1,0,34,7,1
986,2,1,2,1,0,35,8,1
986,3,2,3,1,0,36,9,1
986,4,3,3.998,0.998,0,37,10,1
987,1,0,1,1,0,41,15,1
987,2,1,2,1,0,42,16,1
987,3,2,3,1,0,43,17,1
987,4,3,4,1,0,44,18,1
987,5,4,5,1,0,45,19,1
987,6,5,6,1,1,46,20,1
987,7,6,7,1,0,47,21,1
987,8,7,7.941,0.941,0,48,22,1
988,1,0,1,1,0,45,15,1
988,2,1,2,1,2,46,16,1
988,3,2,3,1,0,47,17,1
988,4,3,4,1,3,48,18,1
988,5,4,5,1,1,49,19,1
988,6,5,6,1,0,50,20,1
988,7,6,7,1,0,51,21,1
988,8,7,7.562,0.562,0,52,22,1
989,1,0,1,1,0,45,19,1
989,2,1,2,1,0,46,20,1
989,3,2,3,1,0,47,21,1
989,4,3,4,1,0,48,22,1
989,5,4,5,1,0,49,23,1
989,6,5,5.305,0.305,0,50,24,1
990,1,0,1,1,0,18,15,1
990,2,1,2,1,0,19,16,1
990,3,2,2.416,0.416,0,20,17,1
991,1,0,1,1,0,53,14,1
991,2,1,1.719,0.719,0,54,15,1
992,1,0,1,1,0,35,1,1
992,2,1,2,1,0,36,2,1
992,3,2,2.321,0.321,0,37,3,1
993,1,0,1,1,0,44,6,1
993,2,1,1.623,0.623,0,45,7,1
994,1,0,1,1,0,21,3,1
994,2,1,2,1,0,22,4,1
994,3,2,3,1,0,23,5,1
994,4,3,4,1,0,24,6,1
994,5,4,5,1,0,25,7,1
994,6,5,5.504,0.504,0,26,8,1
995,1,0,1,1,0,42,11,1
995,2,1,2,1,1,43,12,1
995,3,2,3,1,0,44,13,1
995,4,3,4,1,0,45,14,1
995,5,4,4.988,0.988,0,46,15,1
996,1,0,1,1,0,25,10,1
996,2,1,2,1,0,26,11,1
996,3,2,3,1,1,27,12,1
996,4,3,4,1,0,28,13,1
996,5,4,5,1,1,29,14,1
996,6,5,6,1,3,30,15,1
996,7,6,7,1,0,31,16,1
996,8,7,7.227,0.227,1,32,17,1
997,1,0,1,1,0,61,13,1
997,2,1,2,1,0,62,14,1
997,3,2,3,1,0,63,15,1
997,4,3,4,1,0,64,16,1
997,5,4,5,1,0,65,17,1
997,6,5,5.995,0.995,0,66,18,1
998,1,0,1,1,0,60,8,1
998,2,1,2,1,0,61,9,1
998,3,2,3,1,0,62,10,1
998,4,3,4,1,0,63,11,1
998,5,4,5,1,0,64,12,1
998,6,5,5.85,0.85,0,65,13,1
999,1,0,1,1,0,43,18,1
999,2,1,2,1,0,44,19,1
999,3,2,2.868,0.868,0,45,20,1
1000,1,0,1,1,0,66,0,1
1000,2,1,2,1,1,67,1,1
1000,3,2,3,1,0,68,2,1
1000,4,3,4,1,3,69,3,1
1000,5,4,4.269,0.269,1,70,4,1
1001,1,0,1,1,0,42,3,1
1001,2,1,2,1,0,43,4,1
1001,3,2,2.054,0.054,0,44,5,1
1002,1,0,1,1,1,31,1,1
1002,2,1,2,1,0,32,2,1
1002,3,2,3,1,0,33,3,1
1002,4,3,3.573,0.573,0,34,4,1
1003,1,0,1,1,0,62,2,1
1003,2,1,2,1,0,63,3,1
1003,3,2,3,1,0,64,4,1
1003,4,3,4,1,0,65,5,1
1003,5,4,5,1,0,66,6,1
1003,6,5,5.692,0.692,0,67,7,1
1004,1,0,1,1,1,42,12,1
1004,2,1,2,1,1,43,13,1
1004,3,2,3,1,0,44,14,1
1004,4,3,4,1,1,45,15,1
1004,5,4,5,1,0,46,16,1
1004,6,5,6,1,1,47,17,1
1004,7,6,6.068,0.068,0,48,18,1
1005,1,0,1,1,0,59,9,1
1005,2,1,2,1,0,60,10,1
1005,3,2,3,1,0,61,11,1
1005,4,3,4,1,0,62,12,1
1005,5,4,5,1,0,63,13,1
1005,6,5,6,1,0,64,14,1
1005,7,6,6.032,0.032,0,65,15,1
1006,1,0,1,1,0,55,8,1
1006,2,1,2,1,0,56,9,1
1006,3,2,3,1,0,57,10,1
1006,4,3,4,1,0,58,11,1
1006,5,4,4.027,0.027,0,59,12,1
1007,1,0,1,1,0,69,6,1
1007,2,1,2,1,0,70,7,1
1007,3,2,2.615,0.615,0,71,8,1
1008,1,0,1,1,0,40,8,1
1008,2,1,2,1,0,41,9,1
1008,3,2,3,1,0,42,10,1
1008,4,3,4,1,0,43,11,1
1008,5,4,5,1,0,44,12,1
1008,6,5,6,1,0,45,13,1
1008,7,6,6.421,0.421,0,46,14,1
1009,1,0,1,1,0,30,9,1
1009,2,1,2,1,0,31,10,1
1009,3,2,3,1,0,32,11,1
1009,4,3,3.776,0.776,0,33,12,1
1010,1,0,1,1,0,39,7,1
1010,2,1,2,1,0,40,8,1
1010,3,2,3,1,0,41,9,1
1010,4,3,4,1,0,42,10,1
1010,5,4,5,1,0,43,11,1
1010,6,5,6,1,0,44,12,1
1010,7,6,6.45,0.45,0,45,13,1
1011,1,0,1,1,0,32,13,1
1011,2,1,1.566,0.566,0,33,14,1
1012,1,0,1,1,0,67,11,1
1012,2,1,2,1,0,68,12,1
1012,3,2,3,1,0,69,13,1
1012,4,3,4,1,0,70,14,1
1012,5,4,5,1,0,71,15,1
1012,6,5,5.931,0.931,0,72,16,1
1013,1,0,1,1,0,74,5,1
1013,2,1,2,1,0,75,6,1
1013,3,2,3,1,0,76,7,1
1013,4,3,4,1,0,77,8,1
1013,5,4,4.491,0.491,0,78,9,1
1014,1,0,1,1,0,75,12,1
1014,2,1,2,1,0,76,13,1
1014,3,2,3,1,0,77,14,1
1014,4,3,3.144,0.144,0,78,15,1
1015,1,0,1,1,0,56,8,1
1015,2,1,2,1,0,57,9,1
1015,3,2,3,1,0,58,10,1
1015,4,3,3.486,0.486,0,59,11,1
1016,1,0,1,1,0,38,4,1
1016,2,1,2,1,0,39,5,1
1016,3,2,3,1,0,40,6,1
1016,4,3,4,1,0,41,7,1
1016,5,4,5,1,0,42,8,1
1016,6,5,6,1,0,43,9,1
1016,7,6,7,1,0,44,10,1
1016,8,7,8,1,0,45,11,1
1016,9,8,8.873,0.873,0,46,12,1
1017,1,0,1,1,0,49,3,1
1017,2,1,2,1,0,50,4,1
1017,3,2,2.909,0.909,0,51,5,1
1018,1,0,1,1,0,48,4,1
1018,2,1,2,1,0,49,5,1
1018,3,2,3,1,0,50,6,1
1018,4,3,4,1,0,51,7,1
1018,5,4,5,1,0,52,8,1
1018,6,5,6,1,0,53,9,1
1018,7,6,6.51,0.51,0,54,10,1
1019,1,0,1,1,0,40,9,1
1019,2,1,1.315,0.315,0,41,10,1
1020,1,0,1,1,0,49,11,1
1020,2,1,2,1,0,50,12,1
1020,3,2,3,1,0,51,13,1
1020,4,3,4,1,0,52,14,1
1020,5,4,4.46,0.46,0,53,15,1
1021,1,0,1,1,1,46,10,1
1021,2,1,2,1,0,47,11,1
1021,3,2,3,1,1,48,12,1
1021,4,3,4,1,0,49,13,1
1021,5,4,5,1,0,50,14,1
1021,6,5,6,1,1,51,15,1
1021,7,6,7,1,0,52,16,1
1021,8,7,7.989,0.989,0,53,17,1
1022,1,0,1,1,0,33,0,1
1022,2,1,2,1,0,34,1,1
1022,3,2,3,1,0,35,2,1
1022,4,3,4,1,0,36,3,1
1022,5,4,4.729,0.729,0,37,4,1
1023,1,0,1,1,0,48,12,1
1023,2,1,2,1,0,49,13,1
1023,3,2,3,1,0,50,14,1
1023,4,3,3.718,0.718,0,51,15,1
1024,1,0,1,1,0,32,0,1
1024,2,1,2,1,0,33,1,1
1024,3,2,3,1,0,34,2,1
1024,4,3,4,1,1,35,3,1
1024,5,4,4.686,0.686,0,36,4,1
1025,1,0,1,1,0,44,7,1
1025,2,1,2,1,0,45,8,1
1025,3,2,3,1,0,46,9,1
1025,4,3,4,1,1,47,10,1
1025,5,4,5,1,0,48,11,1
1025,6,5,5.774,0.774,0,49,12,1
1026,1,0,1,1,0,41,16,1
1026,2,1,2,1,0,42,17,1
1026,3,2,3,1,0,43,18,1
1026,4,3,4,1,0,44,19,1
1026,5,4,5,1,0,45,20,1
1026,6,5,6,1,0,46,21,1
1026,7,6,6.593,0.593,1,47,22,1
1027,1,0,1,1,0,58,0,1
1027,2,1,2,1,0,59,1,1
1027,3,2,3,1,0,60,2,1
1027,4,3,4,1,0,61,3,1
1027,5,4,5,1,0,62,4,1
1027,6,5,6,1,0,63,5,1
1027,7,6,7,1,0,64,6,1
1027,8,7,7.616,0.616,0,65,7,1
1028,1,0,1,1,0,41,0,1
1028,2,1,2,1,1,42,1,1
1028,3,2,3,1,0,43,2,1
1028,4,3,4,1,0,44,3,1
1028,5,4,5,1,0,45,4,1
1028,6,5,6,1,0,46,5,1
1028,7,6,7,1,0,47,6,1
1028,8,7,7.419,0.419,0,48,7,1
1029,1,0,1,1,0,41,16,1
1029,2,1,1.778,0.778,0,42,17,1
1030,1,0,1,1,0,45,4,1
1030,2,1,2,1,0,46,5,1
1030,3,2,3,1,0,47,6,1
1030,4,3,4,1,0,48,7,1
1030,5,4,5,1,0,49,8,1
1030,6,5,6,1,0,50,9,1
1030,7,6,7,1,0,51,10,1
1030,8,7,7.81,0.81,0,52,11,1
1031,1,0,1,1,0,20,10,1
1031,2,1,2,1,0,21,11,1
1031,3,2,3,1,0,22,12,1
1031,4,3,4,1,1,23,13,1
1031,5,4,5,1,0,24,14,1
1031,6,5,6,1,1,25,15,1
1031,7,6,6.365,0.365,0,26,16,1
1032,1,0,1,1,0,40,6,1
1032,2,1,2,1,0,41,7,1
1032,3,2,3,1,0,42,8,1
1032,4,3,3.33,0.33,0,43,9,1
1033,1,0,1,1,1,48,7,1
1033,2,1,2,1,0,49,8,1
1033,3,2,3,1,0,50,9,1
1033,4,3,4,1,0,51,10,1
1033,5,4,5,1,0,52,11,1
1033,6,5,5.266,0.266,0,53,12,1
1034,1,0,1,1,0,63,11,1
1034,2,1,2,1,0,64,12,1
1034,3,2,2.449,0.449,0,65,13,1
1035,1,0,1,1,0,47,0,1
1035,2,1,1.265,0.265,0,48,1,1
1036,1,0,1,1,0,41,0,1
1036,2,1,2,1,0,42,1,1
1036,3,2,3,1,1,43,2,1
1036,4,3,3.408,0.408,0,44,3,1
1037,1,0,1,1,0,67,12,1
1037,2,1,2,1,0,68,13,1
1037,3,2,3,1,0,69,14,1
1037,4,3,4,1,0,70,15,1
1037,5,4,5,1,0,71,16,1
1037,6,5,6,1,0,72,17,1
1037,7,6,7,1,0,73,18,1
1037,8,7,7.697,0.697,0,74,19,1
1038,1,0,1,1,1,70,8,1
1038,2,1,2,1,0,71,9,1
1038,3,2,3,1,0,72,10,1
1038,4,3,3.744,0.744,1,73,11,1
1039,1,0,1,1,0,35,2,1
1039,2,1,2,1,0,36,3,1
1039,3,2,2.926,0.926,0,37,4,1
1040,1,0,1,1,0,71,9,1
1040,2,1,2,1,0,72,10,1
1040,3,2,3,1,0,73,11,1
1040,4,3,4,1,0,74,12,1
1040,5,4,5,1,0,75,13,1
1040,6,5,6,1,1,76,14,1
1040,7,6,7,1,0,77,15,1
1040,8,7,8,1,0,78,16,1
1040,9,8,9,1,1,79,17,1
1040,10,9,9.046,0.046,0,80,18,1
1041,1,0,0.869,0.869,0,40,10,1
1042,1,0,1,1,0,18,7,1
1042,2,1,2,1,0,19,8,1
1042,3,2,3,1,0,20,9,1
1042,4,3,3.169,0.169,0,21,10,1
1043,1,0,1,1,0,56,3,1
1043,2,1,2,1,0,57,4,1
1043,3,2,3,1,0,58,5,1
1043,4,3,4,1,0,59,6,1
1043,5,4,5,1,0,60,7,1
1043,6,5,6,1,0,61,8,1
1043,7,6,7,1,0,62,9,1
1043,8,7,7.651,0.651,0,63,10,1
1044,1,0,1,1,0,24,0,1
1044,2,1,1.034,0.034,0,25,1,1
1045,1,0,1,1,0,54,11,1
1045,2,1,2,1,0,55,12,1
1045,3,2,3,1,0,56,13,1
1045,4,3,3.857,0.857,0,57,14,1
1046,1,0,1,1,0,76,9,1
1046,2,1,2,1,2,77,10,1
1046,3,2,3,1,2,78,11,1
1046,4,3,4,1,1,79,12,1
1046,5,4,4.846,0.846,1,80,13,1
1047,1,0,1,1,0,51,12,1
1047,2,1,2,1,1,52,13,1
1047,3,2,2.989,0.989,1,53,14,1
1048,1,0,1,1,0,30,11,1
1048,2,1,2,1,1,31,12,1
1048,3,2,3,1,0,32,13,1
1048,4,3,4,1,0,33,14,1
1048,5,4,5,1,1,34,15,1
1048,6,5,6,1,2,35,16,1
1048,7,6,6.788,0.788,0,36,17,1
1049,1,0,1,1,0,42,4,1
1049,2,1,2,1,0,43,5,1
1049,3,2,2.49,0.49,0,44,6,1
1050,1,0,1,1,1,41,11,1
1050,2,1,2,1,0,42,12,1
1050,3,2,3,1,0,43,13,1
1050,4,3,4,1,0,44,14,1
1050,5,4,5,1,0,45,15,1
1050,6,5,5.137,0.137,0,46,16,1
1051,1,0,1,1,0,36,9,1
1051,2,1,2,1,0,37,10,1
1051,3,2,3,1,0,38,11,1
1051,4,3,4,1,0,39,12,1
1051,5,4,5,1,0,40,13,1
1051,6,5,6,1,0,41,14,1
1051,7,6,7,1,0,42,15,1
1051,8,7,7.525,0.525,0,43,16,1
1052,1,0,1,1,0,44,12,1
1052,2,1,1.886,0.886,0,45,13,1
1053,1,0,1,1,1,20,11,1
1053,2,1,1.499,0.499,0,21,12,1
1054,1,0,1,1,0,48,10,1
1054,2,1,2,1,0,49,11,1
1054,3,2,3,1,0,50,12,1
1054,4,3,4,1,0,51,13,1
1054,5,4,5,1,0,52,14,1
1054,6,5,6,1,0,53,15,1
1054,7,6,7,1,0,54,16,1
1054,8,7,8,1,0,55,17,1
1054,9,8,8.407,0.407,0,56,18,1
1055,1,0,1,1,1,55,8,1
1055,2,1,2,1,0,56,9,1
1055,3,2,3,1,0,57,10,1
1055,4,3,4,1,0,58,11,1
1055,5,4,5,1,1,59,12,1
1055,6,5,6,1,1,60,13,1
1055,7,6,6.526,0.526,0,61,14,1
1056,1,0,1,1,2,27,0,1
1056,2,1,2,1,0,28,1,1
1056,3,2,3,1,0,29,2,1
1056,4,3,3.571,0.571,0,30,3,1
1057,1,0,1,1,0,19,10,1
1057,2,1,2,1,0,20,11,1
1057,3,2,3,1,0,21,12,1
1057,4,3,3.198,0.198,0,22,13,1
1058,1,0,1,1,0,48,4,1
1058,2,1,2,1,1,49,5,1
1058,3,2,2.511,0.511,0,50,6,1
1059,1,0,1,1,0,59,3,1
1059,2,1,2,1,1,60,4,1
1059,3,2,3,1,0,61,5,1
1059,4,3,3.923,0.923,1,62,6,1
1060,1,0,0.278,0.278,0,27,13,1
1061,1,0,1,1,0,59,10,1
1061,2,1,2,1,0,60,11,1
1061,3,2,3,1,0,61,12,1
1061,4,3,4,1,0,62,13,1
1061,5,4,5,1,0,63,14,1
1061,6,5,5.77,0.77,0,64,15,1
1062,1,0,1,1,1,37,1,1
1062,2,1,1.811,0.811,1,38,2,1
1063,1,0,1,1,0,53,2,1
1063,2,1,2,1,0,54,3,1
1063,3,2,3,1,0,55,4,1
1063,4,3,3.38,0.38,0,56,5,1
1064,1,0,1,1,0,44,8,1
1064,2,1,2,1,0,45,9,1
1064,3,2,3,1,0,46,10,1
1064,4,3,4,1,0,47,11,1
1064,5,4,5,1,0,48,12,1
1064,6,5,6,1,0,49,13,1
1064,7,6,7,1,0,50,14,1
1064,8,7,8,1,0,51,15,1
1064,9,8,9,1,0,52,16,1
1064,10,9,9.903,0.903,1,53,17,1
1065,1,0,1,1,0,60,9,1
1065,2,1,2,1,0,61,10,1
1065,3,2,3,1,0,62,11,1
1065,4,3,4,1,0,63,12,1
1065,5,4,5,1,0,64,13,1
1065,6,5,6,1,0,65,14,1
1065,7,6,6.825,0.825,0,66,15,1
1066,1,0,1,1,0,45,8,1
1066,2,1,2,1,0,46,9,1
1066,3,2,2.727,0.727,0,47,10,1
1067,1,0,1,1,0,30,9,1
1067,2,1,2,1,0,31,10,1
1067,3,2,3,1,0,32,11,1
1067,4,3,4,1,0,33,12,1
1067,5,4,5,1,0,34,13,1
1067,6,5,6,1,0,35,14,1
1067,7,6,6.717,0.717,0,36,15,1
1068,1,0,1,1,0,55,12,1
1068,2,1,2,1,0,56,13,1
1068,3,2,3,1,0,57,14,1
1068,4,3,3.589,0.589,0,58,15,1
1069,1,0,0.564,0.564,0,18,12,1
1070,1,0,1,1,0,80,10,1
1070,2,1,2,1,0,81,11,1
1070,3,2,3,1,0,82,12,1
1070,4,3,3.94,0.94,0,83,13,1
1071,1,0,1,1,1,63,18,1
1071,2,1,1.029,0.029,0,64,19,1
1072,1,0,1,1,0,26,11,1
1072,2,1,2,1,0,27,12,1
1072,3,2,3,1,0,28,13,1
1072,4,3,3.55,0.55,1,29,14,1
1073,1,0,1,1,0,55,0,1
1073,2,1,2,1,1,56,1,1
1073,3,2,3,1,0,57,2,1
1073,4,3,4,1,0,58,3,1
1073,5,4,5,1,0,59,4,1
1073,6,5,6,1,0,60,5,1
1073,7,6,6.501,0.501,0,61,6,1
1074,1,0,1,1,0,42,10,1
1074,2,1,1.372,0.372,0,43,11,1
1075,1,0,1,1,0,46,10,1
1075,2,1,2,1,0,47,11,1
1075,3,2,3,1,0,48,12,1
1075,4,3,4,1,0,49,13,1
1075,5,4,5,1,0,50,14,1
1075,6,5,5.576,0.576,0,51,15,1
1076,1,0,1,1,1,65,15,1
1076,2,1,2,1,1,66,16,1
1076,3,2,3,1,0,67,17,1
1076,4,3,4,1,0,68,18,1
1076,5,4,4.592,0.592,0,69,19,1
1077,1,0,1,1,1,40,10,1
1077,2,1,2,1,0,41,11,1
1077,3,2,3,1,0,42,12,1
1077,4,3,3.854,0.854,0,43,13,1
1078,1,0,1,1,0,39,10,1
1078,2,1,2,1,1,40,11,1
1078,3,2,3,1,0,41,12,1
1078,4,3,4,1,0,42,13,1
1078,5,4,5,1,0,43,14,1
1078,6,5,5.254,0.254,0,44,15,1
1079,1,0,1,1,0,70,12,1
1079,2,1,1.883,0.883,0,71,13,1
1080,1,0,1,1,0,70,10,1
1080,2,1,2,1,0,71,11,1
1080,3,2,3,1,0,72,12,1
1080,4,3,4,1,0,73,13,1
1080,5,4,5,1,0,74,14,1
1080,6,5,6,1,2,75,15,1
1080,7,6,7,1,0,76,16,1
1080,8,7,7.416,0.416,1,77,17,1
1081,1,0,1,1,0,43,9,1
1081,2,1,2,1,0,44,10,1
1081,3,2,2.305,0.305,0,45,11,1
1082,1,0,0.896,0.896,0,42,11,1
1083,1,0,1,1,0,18,6,1
1083,2,1,2,1,0,19,7,1
1083,3,2,3,1,0,20,8,1
1083,4,3,3.569,0.569,0,21,9,1
1084,1,0,1,1,0,56,0,1
1084,2,1,2,1,0,57,1,1
1084,3,2,3,1,0,58,2,1
1084,4,3,3.984,0.984,0,59,3,1
1085,1,0,1,1,0,50,0,1
1085,2,1,2,1,0,51,1,1
1085,3,2,3,1,0,52,2,1
1085,4,3,4,1,1,53,3,1
1085,5,4,5,1,0,54,4,1
1085,6,5,5.908,0.908,0,55,5,1
1086,1,0,1,1,0,43,7,1
1086,2,1,2,1,0,44,8,1
1086,3,2,2.741,0.741,0,45,9,1
1087,1,0,1,1,0,18,2,1
1087,2,1,2,1,0,19,3,1
1087,3,2,2.886,0.886,0,20,4,1
1088,1,0,1,1,0,56,0,1
1088,2,1,2,1,0,57,1,1
1088,3,2,3,1,0,58,2,1
1088,4,3,4,1,0,59,3,1
1088,5,4,5,1,0,60,4,1
1088,6,5,6,1,0,61,5,1
1088,7,6,7,1,0,62,6,1
1088,8,7,7.712,0.712,0,63,7,1
1089,1,0,1,1,0,26,18,1
1089,2,1,2,1,0,27,19,1
1089,3,2,3,1,0,28,20,1
1089,4,3,3.839,0.839,0,29,21,1
1090,1,0,1,1,0,80,10,1
1090,2,1,1.563,0.563,0,81,11,1
1091,1,0,1,1,0,33,10,1
1091,2,1,2,1,0,34,11,1
1091,3,2,2.149,0.149,0,35,12,1
1092,1,0,1,1,0,43,12,1
1092,2,1,2,1,0,44,13,1
1092,3,2,3,1,0,45,14,1
1092,4,3,4,1,0,46,15,1
1092,5,4,5,1,1,47,16,1
1092,6,5,6,1,1,48,17,1
1092,7,6,7,1,0,49,18,1
1092,8,7,8,1,0,50,19,1
1092,9,8,9,1,0,51,20,1
1092,10,9,9.644,0.644,0,52,21,1
1093,1,0,1,1,0,61,8,1
1093,2,1,2,1,0,62,9,1
1093,3,2,3,1,0,63,10,1
1093,4,3,4,1,0,64,11,1
1093,5,4,5,1,0,65,12,1
1093,6,5,6,1,0,66,13,1
1093,7,6,7,1,0,67,14,1
1093,8,7,7.714,0.714,0,68,15,1
1094,1,0,1,1,1,45,10,1
1094,2,1,2,1,0,46,11,1
1094,3,2,3,1,0,47,12,1
1094,4,3,3.088,0.088,0,48,13,1
1095,1,0,1,1,0,37,3,1
1095,2,1,2,1,0,38,4,1
1095,3,2,3,1,0,39,5,1
1095,4,3,4,1,0,40,6,1
1095,5,4,4.985,0.985,0,41,7,1
1096,1,0,1,1,0,42,8,1
1096,2,1,2,1,0,43,9,1
1096,3,2,3,1,0,44,10,1
1096,4,3,4,1,0,45,11,1
1096,5,4,5,1,0,46,12,1
1096,6,5,5.286,0.286,0,47,13,1
1097,1,0,1,1,0,47,6,1
1097,2,1,2,1,0,48,7,1
1097,3,2,3,1,3,49,8,1
1097,4,3,4,1,1,50,9,1
1097,5,4,5,1,0,51,10,1
1097,6,5,5.497,0.497,0,52,11,1
1098,1,0,1,1,0,42,9,1
1098,2,1,1.153,0.153,0,43,10,1
1099,1,0,1,1,0,36,10,1
1099,2,1,1.868,0.868,0,37,11,1
1100,1,0,1,1,0,43,3,1
1100,2,1,2,1,0,44,4,1
1100,3,2,3,1,0,45,5,1
1100,4,3,4,1,0,46,6,1
1100,5,4,4.068,0.068,0,47,7,1
1101,1,0,1,1,0,70,19,1
1101,2,1,1.246,0.246,0,71,20,1
1102,1,0,1,1,0,58,6,1
1102,2,1,1.69,0.69,0,59,7,1
1103,1,0,1,1,0,57,9,1
1103,2,1,2,1,0,58,10,1
1103,3,2,3,1,1,59,11,1
1103,4,3,4,1,1,60,12,1
1103,5,4,5,1,0,61,13,1
1103,6,5,6,1,1,62,14,1
1103,7,6,6.177,0.177,0,63,15,1
1104,1,0,1,1,0,34,7,1
1104,2,1,2,1,0,35,8,1
1104,3,2,3,1,0,36,9,1
1104,4,3,3.048,0.048,0,37,10,1
1105,1,0,1,1,0,38,13,1
1105,2,1,2,1,0,39,14,1
1105,3,2,3,1,0,40,15,1
1105,4,3,4,1,0,41,16,1
1105,5,4,4.77,0.77,0,42,17,1
1106,1,0,1,1,0,54,16,1
1106,2,1,2,1,0,55,17,1
1106,3,2,3,1,0,56,18,1
1106,4,3,3.774,0.774,0,57,19,1
1107,1,0,1,1,0,52,13,1
1107,2,1,2,1,0,53,14,1
1107,3,2,3,1,0,54,15,1
1107,4,3,4,1,0,55,16,1
1107,5,4,5,1,0,56,17,1
1107,6,5,5.066,0.066,0,57,18,1
1108,1,0,1,1,0,62,11,1
1108,2,1,2,1,0,63,12,1
1108,3,2,3,1,0,64,13,1
1108,4,3,4,1,0,65,14,1
1108,5,4,5,1,0,66,15,1
1108,6,5,6,1,0,67,16,1
1108,7,6,7,1,0,68,17,1
1108,8,7,7.943,0.943,0,69,18,1
1109,1,0,1,1,0,46,8,1
1109,2,1,2,1,0,47,9,1
1109,3,2,3,1,0,48,10,1
1109,4,3,3.967,0.967,0,49,11,1
1110,1,0,1,1,0,60,2,1
1110,2,1,2,1,0,61,3,1
1110,3,2,3,1,0,62,4,1
1110,4,3,4,1,0,63,5,1
1110,5,4,5,1,0,64,6,1
1110,6,5,6,1,0,65,7,1
1110,7,6,6.464,0.464,0,66,8,1
1111,1,0,1,1,0,49,5,1
1111,2,1,2,1,0,50,6,1
1111,3,2,3,1,0,51,7,1
1111,4,3,4,1,0,52,8,1
1111,5,4,5,1,0,53,9,1
1111,6,5,6,1,0,54,10,1
1111,7,6,7,1,0,55,11,1
1111,8,7,7.817,0.817,0,56,12,1
1112,1,0,1,1,2,41,7,1
1112,2,1,2,1,1,42,8,1
1112,3,2,3,1,1,43,9,1
1112,4,3,4,1,1,44,10,1
1112,5,4,5,1,4,45,11,1
1112,6,5,6,1,0,46,12,1
1112,7,6,7,1,1,47,13,1
1112,8,7,7.42,0.42,0,48,14,1
1113,1,0,1,1,1,18,20,1
1113,2,1,2,1,0,19,21,1
1113,3,2,3,1,0,20,22,1
1113,4,3,4,1,0,21,23,1
1113,5,4,5,1,0,22,24,1
1113,6,5,6,1,0,23,25,1
1113,7,6,6.983,0.983,1,24,26,1
1114,1,0,1,1,0,51,8,1
1114,2,1,2,1,0,52,9,1
1114,3,2,3,1,0,53,10,1
1114,4,3,4,1,0,54,11,1
1114,5,4,5,1,0,55,12,1
1114,6,5,6,1,0,56,13,1
1114,7,6,7,1,0,57,14,1
1114,8,7,7.028,0.028,0,58,15,1
1115,1,0,1,1,0,18,11,1
1115,2,1,2,1,0,19,12,1
1115,3,2,3,1,1,20,13,1
1115,4,3,3.853,0.853,0,21,14,1
1116,1,0,1,1,0,43,19,1
1116,2,1,1.949,0.949,0,44,20,1
1117,1,0,1,1,0,35,7,1
1117,2,1,2,1,0,36,8,1
1117,3,2,3,1,0,37,9,1
1117,4,3,4,1,0,38,10,1
1117,5,4,4.282,0.282,0,39,11,1
1118,1,0,1,1,0,36,0,1
1118,2,1,2,1,0,37,1,1
1118,3,2,3,1,0,38,2,1
1118,4,3,4,1,0,39,3,1
1118,5,4,5,1,0,40,4,1
1118,6,5,6,1,0,41,5,1
1118,7,6,6.515,0.515,0,42,6,1
1119,1,0,1,1,0,31,13,1
1119,2,1,2,1,0,32,14,1
1120,1,0,1,1,0,48,15,1
1120,2,1,2,1,0,49,16,1
1120,3,2,3,1,0,50,17,1
1120,4,3,4,1,0,51,18,1
1120,5,4,5,1,0,52,19,1
1120,6,5,5.563,0.563,0,53,20,1
1121,1,0,1,1,0,35,9,1
1121,2,1,2,1,0,36,10,1
1121,3,2,3,1,0,37,11,1
1121,4,3,4,1,0,38,12,1
1121,5,4,5,1,0,39,13,1
1121,6,5,6,1,1,40,14,1
1121,7,6,7,1,1,41,15,1
1121,8,7,7.614,0.614,1,42,16,1
1122,1,0,1,1,0,18,2,1
1122,2,1,2,1,0,19,3,1
1122,3,2,2.89,0.89,0,20,4,1
1123,1,0,1,1,0,80,8,1
1123,2,1,2,1,0,81,9,1
1123,3,2,3,1,0,82,10,1
1123,4,3,4,1,0,83,11,1
1123,5,4,5,1,0,84,12,1
1123,6,5,5.178,0.178,0,85,13,1
1124,1,0,1,1,0,29,13,1
1124,2,1,1.397,0.397,0,30,14,1
1125,1,0,1,1,0,40,14,1
1125,2,1,2,1,0,41,15,1
1125,3,2,2.993,0.993,0,42,16,1
1126,1,0,1,1,0,48,1,1
1126,2,1,1.18,0.18,0,49,2,1
1127,1,0,1,1,0,54,3,1
1127,2,1,2,1,0,55,4,1
1127,3,2,3,1,0,56,5,1
1127,4,3,4,1,0,57,6,1
1127,5,4,5,1,0,58,7,1
1127,6,5,6,1,0,59,8,1
1127,7,6,7,1,0,60,9,1
1127,8,7,8,1,0,61,10,1
1127,9,8,8.537,0.537,1,62,11,1
1128,1,0,0.651,0.651,0,70,9,1
1129,1,0,1,1,0,56,1,1
1129,2,1,2,1,0,57,2,1
1129,3,2,3,1,0,58,3,1
1129,4,3,4,1,1,59,4,1
1129,5,4,4.062,0.062,0,60,5,1
1130,1,0,1,1,0,37,6,1
1130,2,1,2,1,0,38,7,1
1130,3,2,2.426,0.426,0,39,8,1
1131,1,0,1,1,0,64,8,1
1131,2,1,1.815,0.815,0,65,9,1
1132,1,0,1,1,0,59,9,1
1132,2,1,2,1,0,60,10,1
1132,3,2,3,1,0,61,11,1
1132,4,3,4,1,0,62,12,1
1132,5,4,4.666,0.666,0,63,13,1
1133,1,0,1,1,0,44,3,1
1133,2,1,2,1,0,45,4,1
1133,3,2,3,1,0,46,5,1
1133,4,3,3.518,0.518,0,47,6,1
1134,1,0,1,1,0,26,12,1
1134,2,1,2,1,0,27,13,1
1134,3,2,3,1,0,28,14,1
1134,4,3,4,1,0,29,15,1
1134,5,4,5,1,0,30,16,1
1134,6,5,6,1,0,31,17,1
1134,7,6,7,1,0,32,18,1
1134,8,7,8,1,0,33,19,1
1134,9,8,8.904,0.904,0,34,20,1
1135,1,0,1,1,0,50,13,1
1135,2,1,1.981,0.981,2,51,14,1
1136,1,0,1,1,0,37,8,1
1136,2,1,2,1,0,38,9,1
1136,3,2,3,1,0,39,10,1
1136,4,3,4,1,0,40,11,1
1136,5,4,5,1,0,41,12,1
1136,6,5,6,1,0,42,13,1
1136,7,6,6.225,0.225,0,43,14,1
1137,1,0,1,1,0,34,7,1
1137,2,1,2,1,0,35,8,1
1137,3,2,3,1,0,36,9,1
1137,4,3,3.505,0.505,0,37,10,1
1138,1,0,1,1,0,40,7,1
1138,2,1,2,1,1,41,8,1
1138,3,2,3,1,0,42,9,1
1138,4,3,4,1,2,43,10,1
1138,5,4,4.381,0.381,0,44,11,1
1139,1,0,1,1,0,47,0,1
1139,2,1,2,1,0,48,1,1
1139,3,2,3,1,0,49,2,1
1139,4,3,4,1,0,50,3,1
1139,5,4,4.249,0.249,0,51,4,1
1140,1,0,1,1,0,40,1,1
1140,2,1,2,1,0,41,2,1
1140,3,2,3,1,0,42,3,1
1140,4,3,4,1,0,43,4,1
1140,5,4,4.895,0.895,0,44,5,1
1141,1,0,1,1,0,77,1,1
1141,2,1,2,1,0,78,2,1
1141,3,2,3,1,0,79,3,1
1141,4,3,3.764,0.764,0,80,4,1
1142,1,0,1,1,1,32,8,1
1142,2,1,2,1,0,33,9,1
1142,3,2,3,1,0,34,10,1
1142,4,3,3.229,0.229,0,35,11,1
1143,1,0,1,1,0,68,9,1
1143,2,1,2,1,0,69,10,1
1143,3,2,3,1,0,70,11,1
1143,4,3,4,1,0,71,12,1
1143,5,4,5,1,0,72,13,1
1143,6,5,6,1,0,73,14,1
1143,7,6,7,1,0,74,15,1
1143,8,7,8,1,0,75,16,1
1143,9,8,9,1,0,76,17,1
1143,10,9,9.446,0.446,0,77,18,1
1144,1,0,1,1,0,37,3,1
1144,2,1,2,1,0,38,4,1
1144,3,2,3,1,0,39,5,1
1144,4,3,4,1,0,40,6,1
1144,5,4,4.572,0.572,0,41,7,1
1145,1,0,1,1,0,64,6,1
1145,2,1,1.49,0.49,0,65,7,1
1146,1,0,1,1,1,57,8,1
1146,2,1,2,1,0,58,9,1
1146,3,2,3,1,0,59,10,1
1146,4,3,3.159,0.159,0,60,11,1
1147,1,0,1,1,0,46,18,1
1147,2,1,2,1,0,47,19,1
1147,3,2,2.359,0.359,0,48,20,1
1148,1,0,1,1,0,59,9,1
1148,2,1,1.05,0.05,0,60,10,1
1149,1,0,1,1,0,39,7,1
1149,2,1,2,1,0,40,8,1
1149,3,2,2.624,0.624,0,41,9,1
1150,1,0,1,1,0,21,14,1
1150,2,1,2,1,0,22,15,1
1150,3,2,3,1,0,23,16,1
1150,4,3,3.145,0.145,0,24,17,1
1151,1,0,1,1,0,50,3,1
1151,2,1,2,1,0,51,4,1
1151,3,2,3,1,0,52,5,1
1151,4,3,4,1,0,53,6,1
1151,5,4,5,1,0,54,7,1
1151,6,5,5.976,0.976,0,55,8,1
1152,1,0,1,1,0,45,18,1
1152,2,1,2,1,0,46,19,1
1152,3,2,3,1,0,47,20,1
1152,4,3,4,1,1,48,21,1
1152,5,4,5,1,0,49,22,1
1152,6,5,5.825,0.825,0,50,23,1
1153,1,0,1,1,1,22,4,1
1153,2,1,2,1,0,23,5,1
1153,3,2,3,1,3,24,6,1
1153,4,3,4,1,0,25,7,1
1153,5,4,5,1,1,26,8,1
1153,6,5,5.865,0.865,1,27,9,1
1154,1,0,1,1,0,18,7,1
1154,2,1,1.202,0.202,0,19,8,1
1155,1,0,1,1,1,65,15,1
1155,2,1,2,1,0,66,16,1
1155,3,2,3,1,0,67,17,1
1155,4,3,4,1,0,68,18,1
1155,5,4,5,1,0,69,19,1
1155,6,5,6,1,1,70,20,1
1155,7,6,7,1,0,71,21,1
1155,8,7,7.466,0.466,0,72,22,1
1156,1,0,1,1,0,51,15,1
1156,2,1,2,1,0,52,16,1
1156,3,2,3,1,1,53,17,1
1156,4,3,3.867,0.867,0,54,18,1
1157,1,0,1,1,0,59,8,1
1157,2,1,2,1,0,60,9,1
1157,3,2,3,1,0,61,10,1
1157,4,3,4,1,0,62,11,1
1157,5,4,5,1,0,63,12,1
1157,6,5,6,1,0,64,13,1
1157,7,6,6.996,0.996,1,65,14,1
1158,1,0,1,1,0,31,8,1
1158,2,1,1.62,0.62,0,32,9,1
1159,1,0,1,1,1,51,10,1
1159,2,1,1.333,0.333,0,52,11,1
1160,1,0,1,1,0,28,13,1
1160,2,1,2,1,1,29,14,1
1160,3,2,3,1,0,30,15,1
1160,4,3,3.023,0.023,0,31,16,1
1161,1,0,1,1,0,56,2,1
1161,2,1,2,1,0,57,3,1
1161,3,2,3,1,0,58,4,1
1161,4,3,4,1,0,59,5,1
1161,5,4,5,1,0,60,6,1
1161,6,5,6,1,0,61,7,1
1161,7,6,7,1,0,62,8,1
1161,8,7,7.758,0.758,0,63,9,1
1162,1,0,0.905,0.905,0,57,5,1
1163,1,0,1,1,0,49,11,1
1163,2,1,2,1,0,50,12,1
1163,3,2,3,1,0,51,13,1
1163,4,3,4,1,0,52,14,1
1163,5,4,4.73,0.73,0,53,15,1
1164,1,0,1,1,0,64,5,1
1164,2,1,2,1,0,65,6,1
1164,3,2,3,1,0,66,7,1
1164,4,3,4,1,1,67,8,1
1164,5,4,5,1,0,68,9,1
1164,6,5,6,1,0,69,10,1
1164,7,6,6.6,0.6,0,70,11,1
1165,1,0,1,1,0,35,7,1
1165,2,1,2,1,0,36,8,1
1165,3,2,3,1,0,37,9,1
1165,4,3,3.518,0.518,0,38,10,1
1166,1,0,1,1,0,32,6,1
1166,2,1,2,1,0,33,7,1
1166,3,2,3,1,1,34,8,1
1166,4,3,4,1,1,35,9,1
1166,5,4,5,1,0,36,10,1
1166,6,5,6,1,0,37,11,1
1166,7,6,7,1,0,38,12,1
1166,8,7,8,1,0,39,13,1
1166,9,8,8.148,0.148,0,40,14,1
1167,1,0,1,1,0,52,5,1
1167,2,1,1.222,0.222,0,53,6,1
1168,1,0,1,1,0,31,0,1
1168,2,1,2,1,0,32,1,1
1168,3,2,3,1,0,33,2,1
1168,4,3,4,1,0,34,3,1
1168,5,4,5,1,0,35,4,1
1168,6,5,5.544,0.544,0,36,5,1
1169,1,0,1,1,0,58,15,1
1169,2,1,2,1,0,59,16,1
1169,3,2,3,1,0,60,17,1
1169,4,3,3.966,0.966,0,61,18,1
1170,1,0,1,1,1,57,5,1
1170,2,1,2,1,0,58,6,1
1170,3,2,3,1,0,59,7,1
1170,4,3,4,1,1,60,8,1
1170,5,4,5,1,0,61,9,1
1170,6,5,6,1,0,62,10,1
1170,7,6,7,1,2,63,11,1
1170,8,7,7.023,0.023,0,64,12,1
1171,1,0,1,1,0,39,6,1
1171,2,1,2,1,0,40,7,1
1171,3,2,3,1,0,41,8,1
1171,4,3,4,1,0,42,9,1
1171,5,4,5,1,0,43,10,1
1171,6,5,5.468,0.468,0,44,11,1
1172,1,0,1,1,0,31,16,1
1172,2,1,2,1,0,32,17,1
1172,3,2,3,1,0,33,18,1
1172,4,3,4,1,0,34,19,1
1172,5,4,5,1,0,35,20,1
1172,6,5,5.161,0.161,0,36,21,1
1173,1,0,1,1,0,45,16,1
1173,2,1,2,1,0,46,17,1
1173,3,2,3,1,0,47,18,1
1173,4,3,4,1,1,48,19,1
1173,5,4,4.379,0.379,0,49,20,1
1174,1,0,1,1,0,24,5,1
1174,2,1,1.045,0.045,0,25,6,1
1175,1,0,1,1,0,71,3,1
1175,2,1,2,1,0,72,4,1
1175,3,2,3,1,0,73,5,1
1175,4,3,4,1,1,74,6,1
1175,5,4,5,1,0,75,7,1
1175,6,5,5.045,0.045,0,76,8,1
1176,1,0,1,1,0,50,1,1
1176,2,1,1.055,0.055,0,51,2,1
1177,1,0,1,1,1,51,0,1
1177,2,1,2,1,0,52,1,1
1177,3,2,2.024,0.024,0,53,2,1
1178,1,0,1,1,0,34,2,1
1178,2,1,2,1,1,35,3,1
1178,3,2,2.536,0.536,0,36,4,1
1179,1,0,1,1,0,34,9,1
1179,2,1,2,1,0,35,10,1
1179,3,2,3,1,0,36,11,1
1179,4,3,4,1,0,37,12,1
1179,5,4,5,1,0,38,13,1
1179,6,5,5.425,0.425,0,39,14,1
1180,1,0,1,1,1,45,12,1
1180,2,1,2,1,0,46,13,1
1180,3,2,3,1,0,47,14,1
1180,4,3,3.731,0.731,1,48,15,1
1181,1,0,1,1,0,24,4,1
1181,2,1,1.138,0.138,0,25,5,1
1182,1,0,1,1,0,42,6,1
1182,2,1,1.054,0.054,0,43,7,1
1183,1,0,1,1,1,42,17,1
1183,2,1,2,1,1,43,18,1
1183,3,2,2.968,0.968,0,44,19,1
1184,1,0,1,1,0,31,16,1
1184,2,1,2,1,0,32,17,1
1184,3,2,3,1,1,33,18,1
1184,4,3,4,1,1,34,19,1
1184,5,4,5,1,0,35,20,1
1184,6,5,6,1,0,36,21,1
1184,7,6,7,1,0,37,22,1
1184,8,7,7.454,0.454,0,38,23,1
1185,1,0,1,1,0,58,5,1
1185,2,1,2,1,0,59,6,1
1185,3,2,3,1,0,60,7,1
1185,4,3,4,1,0,61,8,1
1185,5,4,5,1,0,62,9,1
1185,6,5,6,1,2,63,10,1
1185,7,6,7,1,0,64,11,1
1185,8,7,8,1,0,65,12,1
1185,9,8,8.907,0.907,1,66,13,1
1186,1,0,1,1,0,32,12,1
1186,2,1,2,1,0,33,13,1
1186,3,2,3,1,0,34,14,1
1186,4,3,4,1,0,35,15,1
1186,5,4,5,1,0,36,16,1
1186,6,5,6,1,0,37,17,1
1186,7,6,7,1,0,38,18,1
1186,8,7,7.747,0.747,0,39,19,1
1187,1,0,1,1,0,27,13,1
1187,2,1,2,1,0,28,14,1
1187,3,2,3,1,0,29,15,1
1187,4,3,4,1,0,30,16,1
1187,5,4,5,1,0,31,17,1
1187,6,5,6,1,0,32,18,1
1187,7,6,6.098,0.098,0,33,19,1
1188,1,0,1,1,0,53,0,1
1188,2,1,2,1,0,54,1,1
1188,3,2,2.745,0.745,0,55,2,1
1189,1,0,1,1,0,46,8,1
1189,2,1,2,1,0,47,9,1
1189,3,2,3,1,0,48,10,1
1189,4,3,4,1,0,49,11,1
1189,5,4,4.344,0.344,0,50,12,1
1190,1,0,1,1,0,41,12,1
1190,2,1,2,1,0,42,13,1
1190,3,2,3,1,0,43,14,1
1190,4,3,4,1,0,44,15,1
1190,5,4,5,1,0,45,16,1
1190,6,5,6,1,0,46,17,1
1190,7,6,7,1,0,47,18,1
1190,8,7,7.496,0.496,0,48,19,1
1191,1,0,1,1,0,59,3,1
1191,2,1,2,1,0,60,4,1
1191,3,2,2.87,0.87,0,61,5,1
1192,1,0,1,1,0,60,12,1
1192,2,1,2,1,0,61,13,1
1192,3,2,2.154,0.154,0,62,14,1
1193,1,0,1,1,1,18,3,1
1193,2,1,2,1,0,19,4,1
1193,3,2,3,1,1,20,5,1
1193,4,3,3.343,0.343,0,21,6,1
1194,1,0,1,1,0,46,1,1
1194,2,1,2,1,0,47,2,1
1194,3,2,3,1,0,48,3,1
1194,4,3,4,1,0,49,4,1
1194,5,4,5,1,0,50,5,1
1194,6,5,5.846,0.846,0,51,6,1
1195,1,0,1,1,0,57,10,1
1195,2,1,2,1,0,58,11,1
1195,3,2,3,1,0,59,12,1
1195,4,3,4,1,0,60,13,1
1195,5,4,4.105,0.105,0,61,14,1
1196,1,0,1,1,0,22,3,1
1196,2,1,2,1,0,23,4,1
1196,3,2,3,1,1,24,5,1
1196,4,3,4,1,0,25,6,1
1196,5,4,5,1,0,26,7,1
1196,6,5,6,1,1,27,8,1
1196,7,6,7,1,1,28,9,1
1196,8,7,8,1,0,29,10,1
1196,9,8,9,1,0,30,11,1
1196,10,9,9.733,0.733,0,31,12,1
1197,1,0,1,1,0,57,5,1
1197,2,1,2,1,0,58,6,1
1197,3,2,3,1,0,59,7,1
1197,4,3,4,1,0,60,8,1
1197,5,4,5,1,0,61,9,1
1197,6,5,6,1,0,62,10,1
1197,7,6,7,1,0,63,11,1
1197,8,7,7.296,0.296,0,64,12,1
1198,1,0,1,1,0,41,7,1
1198,2,1,2,1,0,42,8,1
1198,3,2,3,1,0,43,9,1
1198,4,3,4,1,0,44,10,1
1198,5,4,4.691,0.691,0,45,11,1
1199,1,0,1,1,0,79,5,1
1199,2,1,2,1,0,80,6,1
1199,3,2,3,1,0,81,7,1
1199,4,3,4,1,0,82,8,1
1199,5,4,5,1,0,83,9,1
1199,6,5,6,1,0,84,10,1
1199,7,6,7,1,0,85,11,1
1199,8,7,8,1,0,86,12,1
1199,9,8,8.06,0.06,0,87,13,1
1200,1,0,1,1,0,58,0,1
1200,2,1,2,1,0,59,1,1
1200,3,2,2.856,0.856,0,60,2,1
1201,1,0,1,1,0,53,9,1
1201,2,1,2,1,0,54,10,1
1201,3,2,2.145,0.145,0,55,11,1
1202,1,0,1,1,0,26,6,1
1202,2,1,2,1,0,27,7,1
1202,3,2,3,1,0,28,8,1
1202,4,3,4,1,0,29,9,1
1202,5,4,5,1,0,30,10,1
1202,6,5,6,1,0,31,11,1
1202,7,6,7,1,0,32,12,1
1202,8,7,7.758,0.758,0,33,13,1
1203,1,0,1,1,0,75,7,1
1203,2,1,2,1,1,76,8,1
1203,3,2,3,1,0,77,9,1
1203,4,3,3.018,0.018,0,78,10,1
1204,1,0,1,1,0,42,4,1
1204,2,1,2,1,0,43,5,1
1204,3,2,3,1,0,44,6,1
1204,4,3,3.166,0.166,0,45,7,1
1205,1,0,0.66,0.66,0,25,0,1
1206,1,0,1,1,0,31,3,1
1206,2,1,2,1,0,32,4,1
1206,3,2,3,1,0,33,5,1
1206,4,3,3.58,0.58,0,34,6,1
1207,1,0,1,1,0,56,7,1
1207,2,1,2,1,0,57,8,1
1207,3,2,3,1,0,58,9,1
1207,4,3,3.509,0.509,0,59,10,1
1208,1,0,1,1,0,45,13,1
1208,2,1,2,1,0,46,14,1
1208,3,2,3,1,0,47,15,1
1208,4,3,4,1,0,48,16,1
1208,5,4,5,1,0,49,17,1
1208,6,5,6,1,0,50,18,1
1208,7,6,7,1,0,51,19,1
1208,8,7,8,1,0,52,20,1
1208,9,8,8.835,0.835,0,53,21,1
1209,1,0,1,1,0,41,11,1
1209,2,1,2,1,0,42,12,1
1209,3,2,3,1,0,43,13,1
1209,4,3,4,1,0,44,14,1
1209,5,4,5,1,0,45,15,1
1209,6,5,6,1,0,46,16,1
1209,7,6,7,1,0,47,17,1
1209,8,7,7.785,0.785,0,48,18,1
1210,1,0,1,1,0,85,4,1
1210,2,1,2,1,0,86,5,1
1210,3,2,3,1,0,87,6,1
1210,4,3,4,1,0,88,7,1
1210,5,4,5,1,0,89,8,1
1210,6,5,6,1,0,90,9,1
1210,7,6,6.588,0.588,0,91,10,1
1211,1,0,1,1,0,46,10,1
1211,2,1,2,1,0,47,11,1
1211,3,2,2.81,0.81,0,48,12,1
1212,1,0,1,1,0,41,5,1
1212,2,1,2,1,0,42,6,1
1212,3,2,2.112,0.112,0,43,7,1
1213,1,0,1,1,0,51,7,1
1213,2,1,2,1,0,52,8,1
1213,3,2,3,1,0,53,9,1
1213,4,3,4,1,0,54,10,1
1213,5,4,5,1,0,55,11,1
1213,6,5,6,1,0,56,12,1
1213,7,6,6.755,0.755,0,57,13,1
1214,1,0,1,1,0,39,11,1
1214,2,1,2,1,0,40,12,1
1214,3,2,3,1,0,41,13,1
1214,4,3,4,1,0,42,14,1
1214,5,4,4.221,0.221,0,43,15,1
1215,1,0,1,1,0,51,8,1
1215,2,1,2,1,0,52,9,1
1215,3,2,3,1,0,53,10,1
1215,4,3,4,1,0,54,11,1
1215,5,4,5,1,0,55,12,1
1215,6,5,5.983,0.983,0,56,13,1
1216,1,0,1,1,0,41,20,1
1216,2,1,2,1,0,42,21,1
1216,3,2,3,1,0,43,22,1
1216,4,3,4,1,0,44,23,1
1216,5,4,5,1,0,45,24,1
1216,6,5,6,1,0,46,25,1
1216,7,6,7,1,0,47,26,1
1216,8,7,8,1,0,48,27,1
1216,9,8,9,1,0,49,28,1
1216,10,9,9.283,0.283,0,50,29,1
1217,1,0,1,1,0,18,0,1
1217,2,1,2,1,2,19,1,1
1217,3,2,3,1,1,20,2,1
1217,4,3,4,1,1,21,3,1
1217,5,4,4.925,0.925,0,22,4,1
1218,1,0,1,1,0,37,8,1
1218,2,1,2,1,0,38,9,1
1218,3,2,3,1,0,39,10,1
1218,4,3,3.726,0.726,0,40,11,1
1219,1,0,1,1,0,28,11,1
1219,2,1,2,1,0,29,12,1
1219,3,2,3,1,0,30,13,1
1219,4,3,3.003,0.003,0,31,14,1
1220,1,0,1,1,0,53,11,1
1220,2,1,2,1,0,54,12,1
1220,3,2,3,1,0,55,13,1
1220,4,3,4,1,0,56,14,1
1220,5,4,5,1,0,57,15,1
1220,6,5,6,1,0,58,16,1
1220,7,6,7,1,0,59,17,1
1220,8,7,8,1,0,60,18,1
1220,9,8,9,1,0,61,19,1
1220,10,9,9.005,0.005,0,62,20,1
1221,1,0,1,1,0,25,4,1
1221,2,1,2,1,0,26,5,1
1221,3,2,3,1,0,27,6,1
1221,4,3,4,1,1,28,7,1
1221,5,4,5,1,0,29,8,1
1221,6,5,6,1,0,30,9,1
1221,7,6,6.85,0.85,0,31,10,1
1222,1,0,1,1,0,50,10,1
1222,2,1,2,1,0,51,11,1
1222,3,2,3,1,0,52,12,1
1222,4,3,4,1,0,53,13,1
1222,5,4,5,1,0,54,14,1
1222,6,5,6,1,0,55,15,1
1222,7,6,7,1,0,56,16,1
1222,8,7,8,1,0,57,17,1
1222,9,8,8.308,0.308,0,58,18,1
1223,1,0,1,1,0,39,2,1
1223,2,1,2,1,0,40,3,1
1223,3,2,2.059,0.059,0,41,4,1
1224,1,0,1,1,0,75,9,1
1224,2,1,2,1,0,76,10,1
1224,3,2,3,1,0,77,11,1
1224,4,3,4,1,0,78,12,1
1224,5,4,5,1,0,79,13,1
1224,6,5,6,1,0,80,14,1
1224,7,6,6.596,0.596,0,81,15,1
1225,1,0,1,1,0,36,15,1
1225,2,1,1.399,0.399,1,37,16,1
1226,1,0,1,1,0,78,8,1
1226,2,1,1.378,0.378,0,79,9,1
1227,1,0,1,1,0,31,7,1
1227,2,1,1.447,0.447,1,32,8,1
1228,1,0,1,1,0,46,5,1
1228,2,1,2,1,0,47,6,1
1228,3,2,3,1,0,48,7,1
1228,4,3,3.054,0.054,0,49,8,1
1229,1,0,1,1,0,55,0,1
1229,2,1,2,1,0,56,1,1
1229,3,2,2.771,0.771,0,57,2,1
1230,1,0,1,1,0,47,0,1
1230,2,1,2,1,0,48,1,1
1230,3,2,2.64,0.64,0,49,2,1
1231,1,0,1,1,0,67,6,1
1231,2,1,2,1,0,68,7,1
1231,3,2,2.124,0.124,0,69,8,1
1232,1,0,1,1,0,46,7,1
1232,2,1,1.302,0.302,0,47,8,1
1233,1,0,1,1,0,44,3,1
1233,2,1,1.565,0.565,1,45,4,1
1234,1,0,1,1,0,24,14,1
1234,2,1,2,1,0,25,15,1
1234,3,2,3,1,0,26,16,1
1234,4,3,4,1,1,27,17,1
1234,5,4,5,1,0,28,18,1
1234,6,5,6,1,1,29,19,1
1234,7,6,7,1,0,30,20,1
1234,8,7,8,1,0,31,21,1
1234,9,8,8.22,0.22,0,32,22,1
1235,1,0,1,1,0,59,14,1
1235,2,1,2,1,0,60,15,1
1235,3,2,3,1,0,61,16,1
1235,4,3,4,1,0,62,17,1
1235,5,4,5,1,0,63,18,1
1235,6,5,6,1,0,64,19,1
1235,7,6,7,1,0,65,20,1
1235,8,7,8,1,0,66,21,1
1235,9,8,8.759,0.759,0,67,22,1
1236,1,0,1,1,0,67,8,1
1236,2,1,2,1,0,68,9,1
1236,3,2,2.256,0.256,0,69,10,1
1237,1,0,1,1,0,45,5,1
1237,2,1,2,1,0,46,6,1
1237,3,2,3,1,0,47,7,1
1237,4,3,4,1,0,48,8,1
1237,5,4,4.92,0.92,0,49,9,1
1238,1,0,1,1,0,43,7,1
1238,2,1,1.323,0.323,0,44,8,1
1239,1,0,1,1,0,41,6,1
1239,2,1,2,1,0,42,7,1
1239,3,2,3,1,0,43,8,1
1239,4,3,4,1,0,44,9,1
1239,5,4,5,1,0,45,10,1
1239,6,5,6,1,1,46,11,1
1239,7,6,7,1,0,47,12,1
1239,8,7,8,1,0,48,13,1
1239,9,8,8.4,0.4,0,49,14,1
1240,1,0,1,1,0,40,3,1
1240,2,1,2,1,0,41,4,1
1240,3,2,3,1,0,42,5,1
1240,4,3,3.441,0.441,0,43,6,1
1241,1,0,1,1,0,39,5,1
1241,2,1,2,1,0,40,6,1
1241,3,2,3,1,0,41,7,1
1241,4,3,4,1,0,42,8,1
1241,5,4,5,1,0,43,9,1
1241,6,5,5.143,0.143,0,44,10,1
1242,1,0,1,1,0,45,11,1
1242,2,1,1.529,0.529,0,46,12,1
1243,1,0,1,1,0,35,9,1
1243,2,1,2,1,1,36,10,1
1243,3,2,3,1,0,37,11,1
1243,4,3,4,1,0,38,12,1
1243,5,4,4.554,0.554,0,39,13,1
1244,1,0,1,1,0,43,11,1
1244,2,1,2,1,0,44,12,1
1244,3,2,3,1,0,45,13,1
1244,4,3,4,1,0,46,14,1
1244,5,4,5,1,0,47,15,1
1244,6,5,5.533,0.533,0,48,16,1
1245,1,0,1,1,0,34,11,1
1245,2,1,2,1,0,35,12,1
1245,3,2,3,1,0,36,13,1
1245,4,3,4,1,0,37,14,1
1245,5,4,5,1,0,38,15,1
1245,6,5,6,1,0,39,16,1
1245,7,6,7,1,0,40,17,1
1245,8,7,7.838,0.838,0,41,18,1
1246,1,0,1,1,0,41,2,1
1246,2,1,2,1,1,42,3,1
1246,3,2,3,1,0,43,4,1
1246,4,3,3.235,0.235,0,44,5,1
1247,1,0,1,1,0,34,5,1
1247,2,1,2,1,0,35,6,1
1247,3,2,3,1,0,36,7,1
1247,4,3,4,1,0,37,8,1
1247,5,4,4.824,0.824,0,38,9,1
1248,1,0,1,1,0,72,16,1
1248,2,1,2,1,0,73,17,1
1248,3,2,3,1,0,74,18,1
1248,4,3,3.695,0.695,0,75,19,1
1249,1,0,1,1,0,40,5,1
1249,2,1,2,1,0,41,6,1
1249,3,2,3,1,0,42,7,1
1249,4,3,4,1,2,43,8,1
1249,5,4,4.752,0.752,1,44,9,1
1250,1,0,1,1,0,56,8,1
1250,2,1,2,1,0,57,9,1
1250,3,2,3,1,0,58,10,1
1250,4,3,3.238,0.238,0,59,11,1
1251,1,0,1,1,0,44,9,1
1251,2,1,2,1,0,45,10,1
1251,3,2,3,1,1,46,11,1
1251,4,3,4,1,0,47,12,1
1251,5,4,5,1,0,48,13,1
1251,6,5,5.031,0.031,0,49,14,1
1252,1,0,1,1,0,49,6,1
1252,2,1,2,1,0,50,7,1
1252,3,2,3,1,0,51,8,1
1252,4,3,4,1,0,52,9,1
1252,5,4,5,1,1,53,10,1
1252,6,5,5.379,0.379,0,54,11,1
1253,1,0,1,1,0,61,10,1
1253,2,1,2,1,0,62,11,1
1253,3,2,3,1,0,63,12,1
1253,4,3,4,1,0,64,13,1
1253,5,4,5,1,0,65,14,1
1253,6,5,5.714,0.714,0,66,15,1
1254,1,0,1,1,0,56,10,1
1254,2,1,2,1,0,57,11,1
1254,3,2,3,1,0,58,12,1
1254,4,3,4,1,1,59,13,1
1254,5,4,4.083,0.083,0,60,14,1
1255,1,0,1,1,0,42,10,1
1255,2,1,2,1,0,43,11,1
1255,3,2,3,1,0,44,12,1
1255,4,3,4,1,0,45,13,1
1255,5,4,5,1,0,46,14,1
1255,6,5,6,1,0,47,15,1
1255,7,6,6.785,0.785,1,48,16,1
1256,1,0,1,1,1,50,6,1
1256,2,1,2,1,0,51,7,1
1256,3,2,3,1,0,52,8,1
1256,4,3,4,1,1,53,9,1
1256,5,4,5,1,0,54,10,1
1256,6,5,6,1,0,55,11,1
1256,7,6,7,1,0,56,12,1
1256,8,7,8,1,0,57,13,1
1256,9,8,8.247,0.247,0,58,14,1
1257,1,0,1,1,0,43,8,1
1257,2,1,2,1,1,44,9,1
1257,3,2,3,1,0,45,10,1
1257,4,3,3.581,0.581,0,46,11,1
1258,1,0,1,1,1,51,15,1
1258,2,1,2,1,1,52,16,1
1258,3,2,3,1,0,53,17,1
1258,4,3,4,1,0,54,18,1
1258,5,4,5,1,0,55,19,1
1258,6,5,6,1,0,56,20,1
1258,7,6,7,1,1,57,21,1
1258,8,7,8,1,0,58,22,1
1258,9,8,9,1,0,59,23,1
1258,10,9,9.665,0.665,0,60,24,1
1259,1,0,1,1,0,40,3,1
1259,2,1,2,1,0,41,4,1
1259,3,2,2.169,0.169,0,42,5,1
1260,1,0,1,1,0,60,7,1
1260,2,1,1.578,0.578,0,61,8,1
1261,1,0,1,1,0,51,17,1
1261,2,1,2,1,0,52,18,1
1261,3,2,3,1,0,53,19,1
1261,4,3,3.965,0.965,1,54,20,1
1262,1,0,1,1,0,81,5,1
1262,2,1,2,1,0,82,6,1
1262,3,2,3,1,0,83,7,1
1262,4,3,3.289,0.289,0,84,8,1
1263,1,0,1,1,0,35,9,1
1263,2,1,2,1,0,36,10,1
1263,3,2,3,1,1,37,11,1
1263,4,3,4,1,0,38,12,1
1263,5,4,5,1,0,39,13,1
1263,6,5,5.347,0.347,0,40,14,1
1264,1,0,1,1,0,51,11,1
1264,2,1,2,1,0,52,12,1
1264,3,2,2.1,0.1,0,53,13,1
1265,1,0,1,1,0,18,0,1
1265,2,1,2,1,0,19,1,1
1265,3,2,3,1,0,20,2,1
1265,4,3,4,1,0,21,3,1
1265,5,4,5,1,0,22,4,1
1265,6,5,6,1,0,23,5,1
1265,7,6,7,1,0,24,6,1
1265,8,7,8,1,1,25,7,1
1265,9,8,8.008,0.008,0,26,8,1
1266,1,0,1,1,0,46,9,1
1266,2,1,2,1,0,47,10,1
1266,3,2,3,1,0,48,11,1
1266,4,3,4,1,0,49,12,1
1266,5,4,5,1,0,50,13,1
1266,6,5,6,1,0,51,14,1
1266,7,6,6.845,0.845,0,52,15,1
1267,1,0,1,1,0,77,6,1
1267,2,1,2,1,0,78,7,1
1267,3,2,3,1,0,79,8,1
1267,4,3,3.801,0.801,0,80,9,1
1268,1,0,1,1,0,30,0,1
1268,2,1,1.568,0.568,0,31,1,1
1269,1,0,1,1,0,20,11,1
1269,2,1,2,1,0,21,12,1
1269,3,2,3,1,0,22,13,1
1269,4,3,4,1,0,23,14,1
1269,5,4,5,1,0,24,15,1
1269,6,5,5.253,0.253,0,25,16,1
1270,1,0,1,1,0,52,12,1
1270,2,1,2,1,0,53,13,1
1270,3,2,3,1,0,54,14,1
1270,4,3,4,1,0,55,15,1
1270,5,4,4.012,0.012,0,56,16,1
1271,1,0,1,1,0,40,7,1
1271,2,1,2,1,0,41,8,1
1271,3,2,3,1,0,42,9,1
1271,4,3,4,1,0,43,10,1
1271,5,4,5,1,0,44,11,1
1271,6,5,5.574,0.574,0,45,12,1
1272,1,0,1,1,0,65,7,1
1272,2,1,2,1,0,66,8,1
1272,3,2,3,1,0,67,9,1
1272,4,3,4,1,1,68,10,1
1272,5,4,5,1,0,69,11,1
1272,6,5,6,1,0,70,12,1
1272,7,6,7,1,0,71,13,1
1272,8,7,8,1,0,72,14,1
1272,9,8,9,1,0,73,15,1
1272,10,9,9.035,0.035,0,74,16,1
1273,1,0,1,1,0,40,7,1
1273,2,1,2,1,0,41,8,1
1273,3,2,3,1,0,42,9,1
1273,4,3,4,1,0,43,10,1
1273,5,4,5,1,0,44,11,1
1273,6,5,5.249,0.249,0,45,12,1
1274,1,0,0.42,0.42,0,44,5,1
1275,1,0,1,1,0,44,11,1
1275,2,1,2,1,1,45,12,1
1275,3,2,3,1,0,46,13,1
1275,4,3,4,1,0,47,14,1
1275,5,4,4.405,0.405,0,48,15,1
1276,1,0,1,1,0,39,24,1
1276,2,1,2,1,1,40,25,1
1276,3,2,3,1,0,41,26,1
1276,4,3,4,1,0,42,27,1
1276,5,4,5,1,0,43,28,1
1276,6,5,6,1,0,44,29,1
1276,7,6,7,1,0,45,30,1
1276,8,7,7.786,0.786,0,46,31,1
1277,1,0,1,1,0,46,16,1
1277,2,1,2,1,0,47,17,1
1277,3,2,2.662,0.662,0,48,18,1
1278,1,0,1,1,0,54,3,1
1278,2,1,2,1,0,55,4,1
1278,3,2,3,1,0,56,5,1
1278,4,3,3.067,0.067,0,57,6,1
1279,1,0,1,1,0,46,16,1
1279,2,1,2,1,0,47,17,1
1279,3,2,3,1,0,48,18,1
1279,4,3,4,1,1,49,19,1
1279,5,4,5,1,1,50,20,1
1279,6,5,6,1,0,51,21,1
1279,7,6,7,1,0,52,22,1
1279,8,7,8,1,0,53,23,1
1279,9,8,9,1,0,54,24,1
1279,10,9,9.507,0.507,0,55,25,1
1280,1,0,0.745,0.745,0,18,13,1
1281,1,0,1,1,0,55,10,1
1281,2,1,2,1,0,56,11,1
1281,3,2,3,1,1,57,12,1
1281,4,3,4,1,1,58,13,1
1281,5,4,5,1,2,59,14,1
1281,6,5,6,1,2,60,15,1
1281,7,6,6.075,0.075,0,61,16,1
1282,1,0,1,1,0,49,14,1
1282,2,1,1.115,0.115,0,50,15,1
1283,1,0,1,1,0,49,11,1
1283,2,1,2,1,0,50,12,1
1283,3,2,3,1,0,51,13,1
1283,4,3,4,1,0,52,14,1
1283,5,4,5,1,0,53,15,1
1283,6,5,6,1,0,54,16,1
1283,7,6,7,1,0,55,17,1
1283,8,7,8,1,0,56,18,1
1283,9,8,8.216,0.216,0,57,19,1
1284,1,0,1,1,0,48,0,1
1284,2,1,2,1,0,49,1,1
1284,3,2,3,1,0,50,2,1
1284,4,3,4,1,0,51,3,1
1284,5,4,4.326,0.326,0,52,4,1
1285,1,0,1,1,0,54,4,1
1285,2,1,1.014,0.014,0,55,5,1
1286,1,0,1,1,0,25,12,1
1286,2,1,1.746,0.746,0,26,13,1
1287,1,0,1,1,0,49,2,1
1287,2,1,2,1,0,50,3,1
1287,3,2,3,1,0,51,4,1
1287,4,3,4,1,0,52,5,1
1287,5,4,5,1,0,53,6,1
1287,6,5,6,1,0,54,7,1
1287,7,6,7,1,0,55,8,1
1287,8,7,8,1,0,56,9,1
1287,9,8,8.974,0.974,0,57,10,1
1288,1,0,1,1,0,65,14,1
1288,2,1,2,1,0,66,15,1
1288,3,2,3,1,0,67,16,1
1288,4,3,4,1,0,68,17,1
1288,5,4,5,1,0,69,18,1
1288,6,5,6,1,0,70,19,1
1288,7,6,7,1,0,71,20,1
1288,8,7,8,1,0,72,21,1
1288,9,8,8.035,0.035,0,73,22,1
1289,1,0,1,1,0,61,2,1
1289,2,1,2,1,0,62,3,1
1289,3,2,3,1,0,63,4,1
1289,4,3,3.096,0.096,0,64,5,1
1290,1,0,1,1,0,33,16,1
1290,2,1,2,1,0,34,17,1
1290,3,2,3,1,0,35,18,1
1290,4,3,4,1,0,36,19,1
1290,5,4,5,1,0,37,20,1
1290,6,5,6,1,0,38,21,1
1290,7,6,6.518,0.518,0,39,22,1
1291,1,0,1,1,0,57,8,1
1291,2,1,2,1,0,58,9,1
1291,3,2,3,1,0,59,10,1
1291,4,3,4,1,0,60,11,1
1291,5,4,4.365,0.365,0,61,12,1
1292,1,0,1,1,0,38,5,1
1292,2,1,2,1,0,39,6,1
1292,3,2,2.526,0.526,0,40,7,1
1293,1,0,1,1,0,37,0,1
1293,2,1,1.411,0.411,0,38,1,1
1294,1,0,1,1,0,37,11,1
1294,2,1,2,1,0,38,12,1
1294,3,2,2.684,0.684,0,39,13,1
1295,1,0,1,1,0,35,6,1
1295,2,1,2,1,0,36,7,1
1295,3,2,3,1,0,37,8,1
1295,4,3,4,1,0,38,9,1
1295,5,4,5,1,0,39,10,1
1295,6,5,6,1,0,40,11,1
1295,7,6,6.511,0.511,0,41,12,1
1296,1,0,1,1,0,45,10,1
1296,2,1,1.202,0.202,0,46,11,1
1297,1,0,1,1,0,69,1,1
1297,2,1,2,1,0,70,2,1
1297,3,2,3,1,0,71,3,1
1297,4,3,3.498,0.498,0,72,4,1
1298,1,0,1,1,0,60,4,1
1298,2,1,2,1,0,61,5,1
1298,3,2,3,1,0,62,6,1
1298,4,3,3.816,0.816,0,63,7,1
1299,1,0,1,1,0,39,11,1
1299,2,1,2,1,0,40,12,1
1299,3,2,3,1,0,41,13,1
1299,4,3,4,1,0,42,14,1
1299,5,4,5,1,0,43,15,1
1299,6,5,5.836,0.836,0,44,16,1
1300,1,0,1,1,0,36,10,1
1300,2,1,2,1,0,37,11,1
1300,3,2,3,1,0,38,12,1
1300,4,3,4,1,0,39,13,1
1300,5,4,5,1,0,40,14,1
1300,6,5,6,1,0,41,15,1
1300,7,6,7,1,0,42,16,1
1300,8,7,8,1,0,43,17,1
1300,9,8,8.429,0.429,0,44,18,1
1301,1,0,1,1,0,25,14,1
1301,2,1,2,1,0,26,15,1
1301,3,2,2.318,0.318,0,27,16,1
1302,1,0,1,1,0,60,6,1
1302,2,1,1.733,0.733,0,61,7,1
1303,1,0,1,1,0,49,14,1
1303,2,1,2,1,0,50,15,1
1303,3,2,3,1,1,51,16,1
1303,4,3,4,1,0,52,17,1
1303,5,4,5,1,0,53,18,1
1303,6,5,6,1,0,54,19,1
1303,7,6,7,1,0,55,20,1
1303,8,7,8,1,0,56,21,1
1303,9,8,8.005,0.005,0,57,22,1
1304,1,0,1,1,1,44,12,1
1304,2,1,2,1,0,45,13,1
1304,3,2,3,1,1,46,14,1
1304,4,3,4,1,3,47,15,1
1304,5,4,4.361,0.361,0,48,16,1
1305,1,0,1,1,0,41,4,1
1305,2,1,2,1,0,42,5,1
1305,3,2,3,1,0,43,6,1
1305,4,3,4,1,0,44,7,1
1305,5,4,5,1,1,45,8,1
1305,6,5,6,1,0,46,9,1
1305,7,6,7,1,0,47,10,1
1305,8,7,8,1,0,48,11,1
1305,9,8,9,1,0,49,12,1
1305,10,9,9.38,0.38,0,50,13,1
1306,1,0,1,1,0,56,11,1
1306,2,1,1.925,0.925,0,57,12,1
1307,1,0,1,1,0,31,16,1
1307,2,1,2,1,0,32,17,1
1307,3,2,3,1,0,33,18,1
1307,4,3,3.266,0.266,0,34,19,1
1308,1,0,1,1,0,46,10,1
1308,2,1,2,1,0,47,11,1
1308,3,2,2.411,0.411,0,48,12,1
1309,1,0,1,1,0,28,10,1
1309,2,1,2,1,0,29,11,1
1309,3,2,3,1,0,30,12,1
1309,4,3,4,1,0,31,13,1
1309,5,4,5,1,0,32,14,1
1309,6,5,6,1,0,33,15,1
1309,7,6,7,1,0,34,16,1
1309,8,7,8,1,0,35,17,1
1309,9,8,9,1,0,36,18,1
1309,10,9,9.443,0.443,0,37,19,1
1310,1,0,1,1,0,44,8,1
1310,2,1,1.174,0.174,0,45,9,1
1311,1,0,1,1,0,50,0,1
1311,2,1,2,1,0,51,1,1
1311,3,2,3,1,0,52,2,1
1311,4,3,4,1,0,53,3,1
1311,5,4,5,1,0,54,4,1
1311,6,5,5.222,0.222,0,55,5,1
1312,1,0,1,1,0,57,8,1
1312,2,1,1.47,0.47,0,58,9,1
1313,1,0,1,1,0,52,11,1
1313,2,1,2,1,0,53,12,1
1313,3,2,3,1,1,54,13,1
1313,4,3,4,1,0,55,14,1
1313,5,4,5,1,0,56,15,1
1313,6,5,5.134,0.134,0,57,16,1
1314,1,0,1,1,1,45,8,1
1314,2,1,2,1,0,46,9,1
1314,3,2,2.582,0.582,0,47,10,1
1315,1,0,1,1,0,43,3,1
1315,2,1,2,1,0,44,4,1
1315,3,2,3,1,0,45,5,1
1315,4,3,3.964,0.964,0,46,6,1
1316,1,0,1,1,0,57,17,1
1316,2,1,2,1,0,58,18,1
1316,3,2,3,1,0,59,19,1
1316,4,3,4,1,0,60,20,1
1316,5,4,4.824,0.824,1,61,21,1
1317,1,0,1,1,0,53,16,1
1317,2,1,2,1,2,54,17,1
1317,3,2,3,1,1,55,18,1
1317,4,3,4,1,0,56,19,1
1317,5,4,5,1,1,57,20,1
1317,6,5,6,1,0,58,21,1
1317,7,6,7,1,1,59,22,1
1317,8,7,7.565,0.565,0,60,23,1
1318,1,0,1,1,0,59,9,1
1318,2,1,2,1,0,60,10,1
1318,3,2,3,1,0,61,11,1
1318,4,3,4,1,0,62,12,1
1318,5,4,5,1,0,63,13,1
1318,6,5,6,1,0,64,14,1
1318,7,6,7,1,0,65,15,1
1318,8,7,8,1,0,66,16,1
1318,9,8,9,1,0,67,17,1
1318,10,9,9.488,0.488,0,68,18,1
1319,1,0,1,1,1,29,12,1
1319,2,1,2,1,1,30,13,1
1319,3,2,2.14,0.14,0,31,14,1
1320,1,0,1,1,0,33,7,1
1320,2,1,2,1,0,34,8,1
1320,3,2,3,1,0,35,9,1
1320,4,3,3.441,0.441,1,36,10,1
1321,1,0,0.364,0.364,0,86,8,1
1322,1,0,1,1,1,84,3,1
1322,2,1,2,1,1,85,4,1
1322,3,2,3,1,0,86,5,1
1322,4,3,4,1,0,87,6,1
1322,5,4,5,1,0,88,7,1
1322,6,5,6,1,1,89,8,1
1322,7,6,7,1,1,90,9,1
1322,8,7,8,1,1,91,10,1
1322,9,8,8.695,0.695,0,92,11,1
1323,1,0,1,1,0,46,13,1
1323,2,1,2,1,0,47,14,1
1323,3,2,3,1,0,48,15,1
1323,4,3,3.221,0.221,0,49,16,1
1324,1,0,1,1,0,64,5,1
1324,2,1,2,1,0,65,6,1
1324,3,2,3,1,0,66,7,1
1324,4,3,4,1,0,67,8,1
1324,5,4,5,1,0,68,9,1
1324,6,5,6,1,0,69,10,1
1324,7,6,7,1,1,70,11,1
1324,8,7,7.114,0.114,0,71,12,1
1325,1,0,1,1,0,41,8,1
1325,2,1,2,1,0,42,9,1
1325,3,2,3,1,0,43,10,1
1325,4,3,3.671,0.671,0,44,11,1
1326,1,0,1,1,0,53,7,1
1326,2,1,1.827,0.827,0,54,8,1
1327,1,0,1,1,1,69,14,1
1327,2,1,2,1,0,70,15,1
1327,3,2,3,1,2,71,16,1
1327,4,3,4,1,1,72,17,1
1327,5,4,5,1,2,73,18,1
1327,6,5,6,1,0,74,19,1
1327,7,6,7,1,1,75,20,1
1327,8,7,8,1,0,76,21,1
1327,9,8,8.796,0.796,1,77,22,1
1328,1,0,1,1,0,19,7,1
1328,2,1,1.153,0.153,0,20,8,1
1329,1,0,1,1,0,47,10,1
1329,2,1,2,1,0,48,11,1
1329,3,2,3,1,0,49,12,1
1329,4,3,4,1,0,50,13,1
1329,5,4,5,1,0,51,14,1
1329,6,5,5.823,0.823,0,52,15,1
1330,1,0,1,1,0,39,20,1
1330,2,1,2,1,0,40,21,1
1330,3,2,3,1,0,41,22,1
1330,4,3,4,1,0,42,23,1
1330,5,4,5,1,0,43,24,1
1330,6,5,6,1,0,44,25,1
1330,7,6,6.578,0.578,0,45,26,1
1331,1,0,1,1,0,47,4,1
1331,2,1,2,1,0,48,5,1
1331,3,2,2.522,0.522,0,49,6,1
1332,1,0,1,1,0,48,7,1
1332,2,1,2,1,1,49,8,1
1332,3,2,3,1,0,50,9,1
1332,4,3,3.644,0.644,0,51,10,1
1333,1,0,1,1,0,28,10,1
1333,2,1,2,1,0,29,11,1
1333,3,2,3,1,0,30,12,1
1333,4,3,4,1,1,31,13,1
1333,5,4,5,1,0,32,14,1
1333,6,5,6,1,1,33,15,1
1333,7,6,7,1,0,34,16,1
1333,8,7,7.082,0.082,0,35,17,1
1334,1,0,1,1,0,36,16,1
1334,2,1,2,1,0,37,17,1
1334,3,2,3,1,0,38,18,1
1334,4,3,4,1,0,39,19,1
1334,5,4,4.33,0.33,0,40,20,1
1335,1,0,1,1,0,78,6,1
1335,2,1,2,1,0,79,7,1
1335,3,2,3,1,0,80,8,1
1335,4,3,3.575,0.575,0,81,9,1
1336,1,0,1,1,0,39,18,1
1336,2,1,2,1,0,40,19,1
1336,3,2,3,1,0,41,20,1
1336,4,3,4,1,0,42,21,1
1336,5,4,5,1,1,43,22,1
1336,6,5,6,1,0,44,23,1
1336,7,6,7,1,0,45,24,1
1336,8,7,8,1,0,46,25,1
1336,9,8,9,1,0,47,26,1
1336,10,9,9.493,0.493,0,48,27,1
1337,1,0,1,1,1,39,4,1
1337,2,1,2,1,1,40,5,1
1337,3,2,2.855,0.855,0,41,6,1
1338,1,0,1,1,0,19,14,1
1338,2,1,2,1,0,20,15,1
1338,3,2,3,1,0,21,16,1
1338,4,3,4,1,0,22,17,1
1338,5,4,5,1,0,23,18,1
1338,6,5,5.621,0.621,0,24,19,1
1339,1,0,1,1,0,48,7,1
1339,2,1,2,1,0,49,8,1
1339,3,2,3,1,0,50,9,1
1339,4,3,4,1,0,51,10,1
1339,5,4,5,1,0,52,11,1
1339,6,5,6,1,0,53,12,1
1339,7,6,7,1,0,54,13,1
1339,8,7,7.674,0.674,0,55,14,1
1340,1,0,1,1,0,37,4,1
1340,2,1,2,1,0,38,5,1
1340,3,2,3,1,0,39,6,1
1340,4,3,4,1,0,40,7,1
1340,5,4,5,1,1,41,8,1
1340,6,5,6,1,0,42,9,1
1340,7,6,7,1,0,43,10,1
1340,8,7,8,1,0,44,11,1
1340,9,8,9,1,0,45,12,1
1340,10,9,9.61,0.61,0,46,13,1
1341,1,0,1,1,0,60,13,1
1341,2,1,2,1,0,61,14,1
1341,3,2,2.586,0.586,0,62,15,1
1342,1,0,1,1,0,50,15,1
1342,2,1,2,1,0,51,16,1
1342,3,2,3,1,1,52,17,1
1342,4,3,4,1,1,53,18,1
1342,5,4,5,1,0,54,19,1
1342,6,5,5.93,0.93,0,55,20,1
1343,1,0,1,1,0,88,11,1
1343,2,1,1.616,0.616,0,89,12,1
1344,1,0,1,1,0,44,7,1
1344,2,1,1.069,0.069,0,45,8,1
1345,1,0,1,1,0,35,4,1
1345,2,1,2,1,1,36,5,1
1345,3,2,2.817,0.817,0,37,6,1
1346,1,0,1,1,0,47,6,1
1346,2,1,2,1,0,48,7,1
1346,3,2,3,1,0,49,8,1
1346,4,3,4,1,0,50,9,1
1346,5,4,4.616,0.616,0,51,10,1
1347,1,0,1,1,0,52,8,1
1347,2,1,2,1,0,53,9,1
1347,3,2,3,1,0,54,10,1
1347,4,3,4,1,0,55,11,1
1347,5,4,5,1,1,56,12,1
1347,6,5,6,1,0,57,13,1
1347,7,6,6.923,0.923,0,58,14,1
1348,1,0,1,1,0,63,4,1
1348,2,1,2,1,0,64,5,1
1348,3,2,2.34,0.34,0,65,6,1
1349,1,0,1,1,0,33,14,1
1349,2,1,2,1,0,34,15,1
1349,3,2,2.75,0.75,0,35,16,1
1350,1,0,1,1,0,18,12,1
1350,2,1,2,1,0,19,13,1
1350,3,2,3,1,0,20,14,1
1350,4,3,4,1,0,21,15,1
1350,5,4,5,1,0,22,16,1
1350,6,5,6,1,0,23,17,1
1350,7,6,6.102,0.102,0,24,18,1
1351,1,0,1,1,0,57,7,1
1351,2,1,2,1,0,58,8,1
1351,3,2,3,1,0,59,9,1
1351,4,3,4,1,0,60,10,1
1351,5,4,5,1,0,61,11,1
1351,6,5,5.451,0.451,0,62,12,1
1352,1,0,1,1,0,35,13,1
1352,2,1,1.109,0.109,0,36,14,1
1353,1,0,1,1,0,50,6,1
1353,2,1,2,1,0,51,7,1
1353,3,2,3,1,0,52,8,1
1353,4,3,4,1,0,53,9,1
1353,5,4,5,1,0,54,10,1
1353,6,5,6,1,0,55,11,1
1353,7,6,7,1,0,56,12,1
1353,8,7,8,1,0,57,13,1
1353,9,8,9,1,0,58,14,1
1353,10,9,9.745,0.745,0,59,15,1
1354,1,0,1,1,0,41,1,1
1354,2,1,1.032,0.032,0,42,2,1
1355,1,0,1,1,0,42,0,1
1355,2,1,2,1,0,43,1,1
1355,3,2,3,1,1,44,2,1
1355,4,3,3.162,0.162,0,45,3,1
1356,1,0,1,1,0,70,7,1
1356,2,1,1.484,0.484,0,71,8,1
1357,1,0,1,1,0,58,10,1
1357,2,1,2,1,0,59,11,1
1357,3,2,3,1,0,60,12,1
1357,4,3,4,1,3,61,13,1
1357,5,4,4.019,0.019,0,62,14,1
1358,1,0,1,1,0,54,6,1
1358,2,1,1.141,0.141,0,55,7,1
1359,1,0,1,1,0,47,1,1
1359,2,1,2,1,0,48,2,1
1359,3,2,3,1,0,49,3,1
1359,4,3,4,1,1,50,4,1
1359,5,4,5,1,0,51,5,1
1359,6,5,6,1,0,52,6,1
1359,7,6,7,1,0,53,7,1
1359,8,7,8,1,1,54,8,1
1359,9,8,8.203,0.203,0,55,9,1
1360,1,0,1,1,0,59,15,1
1360,2,1,2,1,0,60,16,1
1360,3,2,3,1,0,61,17,1
1360,4,3,3.357,0.357,0,62,18,1
1361,1,0,1,1,0,42,10,1
1361,2,1,2,1,0,43,11,1
1361,3,2,3,1,0,44,12,1
1361,4,3,4,1,0,45,13,1
1361,5,4,5,1,0,46,14,1
1361,6,5,6,1,0,47,15,1
1361,7,6,7,1,0,48,16,1
1361,8,7,7.147,0.147,0,49,17,1
1362,1,0,1,1,0,66,13,1
1362,2,1,2,1,0,67,14,1
1362,3,2,3,1,1,68,15,1
1362,4,3,4,1,0,69,16,1
1362,5,4,5,1,0,70,17,1
1362,6,5,6,1,0,71,18,1
1362,7,6,6.055,0.055,0,72,19,1
1363,1,0,1,1,0,50,5,1
1363,2,1,1.02,0.02,0,51,6,1
1364,1,0,1,1,0,35,9,1
1364,2,1,2,1,0,36,10,1
1364,3,2,2.034,0.034,0,37,11,1
1365,1,0,1,1,0,40,2,1
1365,2,1,1.956,0.956,0,41,3,1
1366,1,0,1,1,0,38,12,1
1366,2,1,2,1,1,39,13,1
1366,3,2,3,1,2,40,14,1
1366,4,3,4,1,0,41,15,1
1366,5,4,5,1,0,42,16,1
1366,6,5,6,1,0,43,17,1
1366,7,6,7,1,0,44,18,1
1366,8,7,7.858,0.858,0,45,19,1
1367,1,0,1,1,0,69,17,1
1367,2,1,2,1,0,70,18,1
1367,3,2,3,1,0,71,19,1
1367,4,3,3.038,0.038,0,72,20,1
1368,1,0,1,1,0,40,12,1
1368,2,1,2,1,0,41,13,1
1368,3,2,3,1,0,42,14,1
1368,4,3,4,1,0,43,15,1
1368,5,4,4.796,0.796,0,44,16,1
1369,1,0,1,1,0,30,9,1
1369,2,1,2,1,0,31,10,1
1369,3,2,3,1,0,32,11,1
1369,4,3,3.271,0.271,0,33,12,1
1370,1,0,0.59,0.59,0,43,2,1
1371,1,0,1,1,0,24,16,1
1371,2,1,2,1,0,25,17,1
1371,3,2,2.666,0.666,0,26,18,1
1372,1,0,1,1,0,38,7,1
1372,2,1,2,1,0,39,8,1
1372,3,2,3,1,0,40,9,1
1372,4,3,4,1,0,41,10,1
1372,5,4,4.444,0.444,0,42,11,1
1373,1,0,1,1,0,32,10,1
1373,2,1,2,1,0,33,11,1
1373,3,2,3,1,1,34,12,1
1373,4,3,4,1,0,35,13,1
1373,5,4,5,1,1,36,14,1
1373,6,5,6,1,0,37,15,1
1373,7,6,7,1,0,38,16,1
1373,8,7,7.015,0.015,0,39,17,1
1374,1,0,1,1,0,18,10,1
1374,2,1,2,1,0,19,11,1
1374,3,2,2.985,0.985,0,20,12,1
1375,1,0,1,1,0,18,7,1
1375,2,1,2,1,1,19,8,1
1375,3,2,2.135,0.135,0,20,9,1
1376,1,0,1,1,0,62,2,1
1376,2,1,2,1,0,63,3,1
1376,3,2,2.451,0.451,0,64,4,1
1377,1,0,1,1,0,22,4,1
1377,2,1,2,1,0,23,5,1
1377,3,2,2.614,0.614,0,24,6,1
1378,1,0,1,1,0,30,9,1
1378,2,1,2,1,0,31,10,1
1378,3,2,3,1,0,32,11,1
1378,4,3,4,1,0,33,12,1
1378,5,4,5,1,0,34,13,1
1378,6,5,6,1,0,35,14,1
1378,7,6,7,1,0,36,15,1
1378,8,7,8,1,0,37,16,1
1378,9,8,9,1,0,38,17,1
1378,10,9,9.698,0.698,0,39,18,1
1379,1,0,1,1,0,58,11,1
1379,2,1,2,1,0,59,12,1
1379,3,2,3,1,0,60,13,1
1379,4,3,3.616,0.616,0,61,14,1
1380,1,0,1,1,0,41,14,1
1380,2,1,2,1,0,42,15,1
1380,3,2,3,1,0,43,16,1
1380,4,3,3.734,0.734,0,44,17,1
1381,1,0,1,1,0,36,16,1
1381,2,1,1.716,0.716,0,37,17,1
1382,1,0,1,1,0,48,9,1
1382,2,1,2,1,0,49,10,1
1382,3,2,3,1,0,50,11,1
1382,4,3,4,1,0,51,12,1
1382,5,4,5,1,2,52,13,1
1382,6,5,5.794,0.794,0,53,14,1
1383,1,0,1,1,1,35,8,1
1383,2,1,2,1,0,36,9,1
1383,3,2,3,1,0,37,10,1
1383,4,3,3.267,0.267,0,38,11,1
1384,1,0,1,1,1,44,4,1
1384,2,1,2,1,0,45,5,1
1384,3,2,3,1,1,46,6,1
1384,4,3,4,1,0,47,7,1
1384,5,4,5,1,0,48,8,1
1384,6,5,6,1,0,49,9,1
1384,7,6,7,1,0,50,10,1
1384,8,7,7.56,0.56,0,51,11,1
1385,1,0,1,1,0,49,9,1
1385,2,1,2,1,0,50,10,1
1385,3,2,2.516,0.516,0,51,11,1
1386,1,0,1,1,0,40,7,1
1386,2,1,2,1,0,41,8,1
1386,3,2,3,1,0,42,9,1
1386,4,3,4,1,0,43,10,1
1386,5,4,4.414,0.414,0,44,11,1
1387,1,0,1,1,0,28,0,1
1387,2,1,2,1,0,29,1,1
1387,3,2,3,1,0,30,2,1
1387,4,3,4,1,0,31,3,1
1387,5,4,4.183,0.183,0,32,4,1
1388,1,0,1,1,1,47,16,1
1388,2,1,2,1,0,48,17,1
1388,3,2,3,1,0,49,18,1
1388,4,3,4,1,0,50,19,1
1388,5,4,5,1,1,51,20,1
1388,6,5,6,1,0,52,21,1
1388,7,6,7,1,0,53,22,1
1388,8,7,8,1,0,54,23,1
1388,9,8,9,1,0,55,24,1
1388,10,9,9.631,0.631,0,56,25,1
1389,1,0,1,1,0,57,4,1
1389,2,1,2,1,0,58,5,1
1389,3,2,3,1,0,59,6,1
1389,4,3,4,1,0,60,7,1
1389,5,4,5,1,0,61,8,1
1389,6,5,6,1,0,62,9,1
1389,7,6,6.878,0.878,0,63,10,1
1390,1,0,1,1,0,32,9,1
1390,2,1,2,1,0,33,10,1
1390,3,2,3,1,0,34,11,1
1390,4,3,4,1,1,35,12,1
1390,5,4,4.828,0.828,1,36,13,1
1391,1,0,1,1,0,22,10,1
1391,2,1,1.351,0.351,0,23,11,1
1392,1,0,1,1,0,51,13,1
1392,2,1,2,1,0,52,14,1
1392,3,2,3,1,0,53,15,1
1392,4,3,4,1,0,54,16,1
1392,5,4,5,1,1,55,17,1
1392,6,5,6,1,0,56,18,1
1392,7,6,7,1,0,57,19,1
1392,8,7,7.38,0.38,0,58,20,1
1393,1,0,1,1,0,63,8,1
1393,2,1,2,1,0,64,9,1
1393,3,2,3,1,0,65,10,1
1393,4,3,4,1,0,66,11,1
1393,5,4,5,1,0,67,12,1
1393,6,5,6,1,0,68,13,1
1393,7,6,7,1,0,69,14,1
1393,8,7,7.933,0.933,0,70,15,1
1394,1,0,1,1,0,18,3,1
1394,2,1,2,1,0,19,4,1
1394,3,2,3,1,0,20,5,1
1394,4,3,4,1,0,21,6,1
1394,5,4,5,1,0,22,7,1
1394,6,5,6,1,0,23,8,1
1394,7,6,7,1,0,24,9,1
1394,8,7,8,1,2,25,10,1
1394,9,8,9,1,0,26,11,1
1394,10,9,9.279,0.279,0,27,12,1
1395,1,0,0.512,0.512,0,32,9,1
1396,1,0,1,1,0,40,4,1
1396,2,1,2,1,0,41,5,1
1396,3,2,3,1,0,42,6,1
1396,4,3,4,1,0,43,7,1
1396,5,4,4.481,0.481,0,44,8,1
1397,1,0,1,1,0,26,2,1
1397,2,1,2,1,1,27,3,1
1397,3,2,2.121,0.121,0,28,4,1
1398,1,0,1,1,0,34,6,1
1398,2,1,2,1,0,35,7,1
1398,3,2,3,1,0,36,8,1
1398,4,3,4,1,1,37,9,1
1398,5,4,4.704,0.704,0,38,10,1
1399,1,0,1,1,2,20,11,1
1399,2,1,2,1,2,21,12,1
1399,3,2,3,1,4,22,13,1
1399,4,3,4,1,0,23,14,1
1399,5,4,5,1,2,24,15,1
1399,6,5,6,1,4,25,16,1
1399,7,6,7,1,1,26,17,1
1399,8,7,8,1,3,27,18,1
1399,9,8,9,1,2,28,19,1
1399,10,9,9.81,0.81,3,29,20,1
1400,1,0,1,1,0,52,11,1
1400,2,1,1.194,0.194,0,53,12,1
1401,1,0,1,1,0,47,10,1
1401,2,1,2,1,1,48,11,1
1401,3,2,2.46,0.46,0,49,12,1
1402,1,0,1,1,0,77,10,1
1402,2,1,2,1,0,78,11,1
1402,3,2,3,1,0,79,12,1
1402,4,3,3.61,0.61,1,80,13,1
1403,1,0,1,1,0,18,11,1
1403,2,1,2,1,0,19,12,1
1403,3,2,3,1,1,20,13,1
1403,4,3,4,1,0,21,14,1
1403,5,4,5,1,0,22,15,1
1403,6,5,6,1,0,23,16,1
1403,7,6,7,1,2,24,17,1
1403,8,7,8,1,0,25,18,1
1403,9,8,8.98,0.98,0,26,19,1
1404,1,0,1,1,0,57,14,1
1404,2,1,2,1,0,58,15,1
1404,3,2,3,1,1,59,16,1
1404,4,3,4,1,0,60,17,1
1404,5,4,5,1,0,61,18,1
1404,6,5,6,1,0,62,19,1
1404,7,6,7,1,0,63,20,1
1404,8,7,8,1,0,64,21,1
1404,9,8,8.296,0.296,0,65,22,1
1405,1,0,1,1,0,35,1,1
1405,2,1,2,1,0,36,2,1
1405,3,2,3,1,0,37,3,1
1405,4,3,4,1,0,38,4,1
1405,5,4,5,1,0,39,5,1
1405,6,5,6,1,0,40,6,1
1405,7,6,6.12,0.12,0,41,7,1
1406,1,0,1,1,0,58,4,1
1406,2,1,2,1,0,59,5,1
1406,3,2,3,1,0,60,6,1
1406,4,3,4,1,1,61,7,1
1406,5,4,5,1,0,62,8,1
1406,6,5,6,1,0,63,9,1
1406,7,6,6.655,0.655,0,64,10,1
1407,1,0,1,1,0,59,21,1
1407,2,1,2,1,0,60,22,1
1407,3,2,3,1,0,61,23,1
1407,4,3,4,1,0,62,24,1
1407,5,4,5,1,0,63,25,1
1407,6,5,5.037,0.037,0,64,26,1
1408,1,0,1,1,0,53,14,1
1408,2,1,2,1,0,54,15,1
1408,3,2,2.664,0.664,0,55,16,1
1409,1,0,1,1,0,31,10,1
1409,2,1,2,1,0,32,11,1
1409,3,2,3,1,1,33,12,1
1409,4,3,4,1,0,34,13,1
1409,5,4,5,1,0,35,14,1
1409,6,5,6,1,0,36,15,1
1409,7,6,6.556,0.556,0,37,16,1
1410,1,0,1,1,0,32,11,1
1410,2,1,2,1,0,33,12,1
1410,3,2,3,1,0,34,13,1
1410,4,3,3.839,0.839,0,35,14,1
1411,1,0,1,1,0,65,12,1
1411,2,1,2,1,0,66,13,1
1411,3,2,3,1,0,67,14,1
1411,4,3,4,1,0,68,15,1
1411,5,4,5,1,0,69,16,1
1411,6,5,6,1,0,70,17,1
1411,7,6,6.45,0.45,0,71,18,1
1412,1,0,1,1,0,35,12,1
1412,2,1,1.371,0.371,0,36,13,1
1413,1,0,1,1,0,39,6,1
1413,2,1,2,1,0,40,7,1
1413,3,2,3,1,0,41,8,1
1413,4,3,3.339,0.339,0,42,9,1
1414,1,0,1,1,0,27,14,1
1414,2,1,2,1,0,28,15,1
1414,3,2,3,1,0,29,16,1
1414,4,3,4,1,0,30,17,1
1414,5,4,5,1,0,31,18,1
1414,6,5,5.12,0.12,0,32,19,1
1415,1,0,1,1,0,55,8,1
1415,2,1,2,1,0,56,9,1
1415,3,2,3,1,0,57,10,1
1415,4,3,4,1,0,58,11,1
1415,5,4,4.998,0.998,0,59,12,1
1416,1,0,1,1,0,57,12,1
1416,2,1,2,1,0,58,13,1
1416,3,2,3,1,0,59,14,1
1416,4,3,4,1,0,60,15,1
1416,5,4,5,1,0,61,16,1
1416,6,5,6,1,0,62,17,1
1416,7,6,7,1,0,63,18,1
1416,8,7,8,1,0,64,19,1
1416,9,8,8.019,0.019,0,65,20,1
1417,1,0,1,1,0,21,0,1
1417,2,1,1.184,0.184,0,22,1,1
1418,1,0,1,1,0,34,9,1
1418,2,1,2,1,1,35,10,1
1418,3,2,3,1,2,36,11,1
1418,4,3,4,1,0,37,12,1
1418,5,4,5,1,0,38,13,1
1418,6,5,6,1,0,39,14,1
1418,7,6,6.223,0.223,0,40,15,1
1419,1,0,1,1,0,32,8,1
1419,2,1,1.017,0.017,0,33,9,1
1420,1,0,1,1,0,37,18,1
1420,2,1,2,1,0,38,19,1
1420,3,2,3,1,0,39,20,1
1420,4,3,4,1,0,40,21,1
1420,5,4,5,1,1,41,22,1
1420,6,5,6,1,0,42,23,1
1420,7,6,6.389,0.389,0,43,24,1
1421,1,0,1,1,0,57,7,1
1421,2,1,2,1,1,58,8,1
1421,3,2,3,1,0,59,9,1
1421,4,3,3.691,0.691,1,60,10,1
1422,1,0,1,1,0,31,25,1
1422,2,1,2,1,0,32,26,1
1422,3,2,3,1,0,33,27,1
1422,4,3,4,1,0,34,28,1
1422,5,4,5,1,1,35,29,1
1422,6,5,6,1,0,36,30,1
1422,7,6,7,1,0,37,31,1
1422,8,7,8,1,1,38,32,1
1422,9,8,8.671,0.671,0,39,33,1
1423,1,0,1,1,0,44,12,1
1423,2,1,2,1,0,45,13,1
1423,3,2,2.273,0.273,0,46,14,1
1424,1,0,1,1,1,53,9,1
1424,2,1,2,1,0,54,10,1
1424,3,2,2.321,0.321,0,55,11,1
1425,1,0,1,1,2,20,12,1
1425,2,1,1.596,0.596,0,21,13,1
1426,1,0,1,1,0,57,11,1
1426,2,1,1.54,0.54,0,58,12,1
1427,1,0,0.975,0.975,1,48,6,1
1428,1,0,1,1,0,33,6,1
1428,2,1,1.875,0.875,0,34,7,1
1429,1,0,1,1,0,37,1,1
1429,2,1,2,1,0,38,2,1
1429,3,2,3,1,0,39,3,1
1429,4,3,4,1,0,40,4,1
1429,5,4,5,1,0,41,5,1
1429,6,5,6,1,0,42,6,1
1429,7,6,6.805,0.805,0,43,7,1
1430,1,0,1,1,0,23,7,1
1430,2,1,2,1,0,24,8,1
1430,3,2,3,1,0,25,9,1
1430,4,3,4,1,0,26,10,1
1430,5,4,5,1,0,27,11,1
1430,6,5,6,1,0,28,12,1
1430,7,6,6.485,0.485,0,29,13,1
1431,1,0,1,1,0,53,3,1
1431,2,1,1.677,0.677,0,54,4,1
1432,1,0,1,1,0,57,9,1
1432,2,1,2,1,0,58,10,1
1432,3,2,3,1,0,59,11,1
1432,4,3,4,1,0,60,12,1
1432,5,4,5,1,0,61,13,1
1432,6,5,6,1,0,62,14,1
1432,7,6,7,1,0,63,15,1
1432,8,7,7.463,0.463,0,64,16,1
1433,1,0,1,1,0,50,0,1
1433,2,1,2,1,0,51,1,1
1433,3,2,3,1,0,52,2,1
1433,4,3,4,1,0,53,3,1
1433,5,4,5,1,1,54,4,1
1433,6,5,6,1,0,55,5,1
1433,7,6,7,1,0,56,6,1
1433,8,7,8,1,1,57,7,1
1433,9,8,9,1,0,58,8,1
1433,10,9,9.27,0.27,0,59,9,1
1434,1,0,1,1,1,44,12,1
1434,2,1,1.379,0.379,0,45,13,1
1435,1,0,1,1,0,52,7,1
1435,2,1,1.424,0.424,0,53,8,1
1436,1,0,1,1,0,50,1,1
1436,2,1,1.745,0.745,0,51,2,1
1437,1,0,1,1,0,34,12,1
1437,2,1,2,1,0,35,13,1
1437,3,2,3,1,0,36,14,1
1437,4,3,4,1,0,37,15,1
1437,5,4,5,1,0,38,16,1
1437,6,5,6,1,0,39,17,1
1437,7,6,7,1,0,40,18,1
1437,8,7,7.655,0.655,0,41,19,1
1438,1,0,1,1,0,59,5,1
1438,2,1,2,1,0,60,6,1
1438,3,2,3,1,0,61,7,1
1438,4,3,4,1,0,62,8,1
1438,5,4,5,1,1,63,9,1
1438,6,5,6,1,0,64,10,1
1438,7,6,7,1,0,65,11,1
1438,8,7,8,1,1,66,12,1
1438,9,8,8.634,0.634,0,67,13,1
1439,1,0,1,1,0,18,10,1
1439,2,1,2,1,0,19,11,1
1439,3,2,2.906,0.906,0,20,12,1
1440,1,0,1,1,0,18,9,1
1440,2,1,2,1,0,19,10,1
1440,3,2,3,1,1,20,11,1
1440,4,3,3.768,0.768,0,21,12,1
1441,1,0,1,1,0,69,6,1
1441,2,1,2,1,0,70,7,1
1441,3,2,3,1,0,71,8,1
1441,4,3,3.415,0.415,0,72,9,1
1442,1,0,1,1,0,73,0,1
1442,2,1,2,1,0,74,1,1
1442,3,2,3,1,0,75,2,1
1442,4,3,4,1,1,76,3,1
1442,5,4,4.19,0.19,0,77,4,1
1443,1,0,1,1,0,30,10,1
1443,2,1,2,1,0,31,11,1
1443,3,2,3,1,1,32,12,1
1443,4,3,4,1,0,33,13,1
1443,5,4,5,1,2,34,14,1
1443,6,5,6,1,0,35,15,1
1443,7,6,7,1,2,36,16,1
1443,8,7,8,1,0,37,17,1
1443,9,8,9,1,0,38,18,1
1443,10,9,9.358,0.358,0,39,19,1
1444,1,0,1,1,0,50,5,1
1444,2,1,2,1,0,51,6,1
1444,3,2,2.669,0.669,0,52,7,1
1445,1,0,1,1,0,43,6,1
1445,2,1,2,1,0,44,7,1
1445,3,2,3,1,0,45,8,1
1445,4,3,4,1,0,46,9,1
1445,5,4,5,1,1,47,10,1
1445,6,5,6,1,0,48,11,1
1445,7,6,7,1,0,49,12,1
1445,8,7,7.808,0.808,0,50,13,1
1446,1,0,1,1,0,23,3,1
1446,2,1,2,1,0,24,4,1
1446,3,2,3,1,0,25,5,1
1446,4,3,4,1,0,26,6,1
1446,5,4,4.156,0.156,0,27,7,1
1447,1,0,1,1,0,83,5,1
1447,2,1,1.561,0.561,0,84,6,1
1448,1,0,1,1,0,84,5,1
1448,2,1,1.905,0.905,0,85,6,1
1449,1,0,1,1,0,36,0,1
1449,2,1,2,1,0,37,1,1
1449,3,2,3,1,0,38,2,1
1449,4,3,3.285,0.285,0,39,3,1
1450,1,0,1,1,0,37,9,1
1450,2,1,2,1,0,38,10,1
1450,3,2,3,1,1,39,11,1
1450,4,3,4,1,0,40,12,1
1450,5,4,5,1,0,41,13,1
1450,6,5,5.125,0.125,0,42,14,1
1451,1,0,1,1,0,28,9,1
1451,2,1,1.774,0.774,0,29,10,1
1452,1,0,1,1,1,69,11,1
1452,2,1,2,1,0,70,12,1
1452,3,2,2.607,0.607,0,71,13,1
1453,1,0,1,1,0,54,17,1
1453,2,1,2,1,0,55,18,1
1453,3,2,3,1,0,56,19,1
1453,4,3,4,1,0,57,20,1
1453,5,4,5,1,0,58,21,1
1453,6,5,6,1,0,59,22,1
1453,7,6,7,1,0,60,23,1
1453,8,7,8,1,0,61,24,1
1453,9,8,9,1,0,62,25,1
1453,10,9,9.476,0.476,0,63,26,1
1454,1,0,1,1,0,50,9,1
1454,2,1,2,1,0,51,10,1
1454,3,2,2.728,0.728,0,52,11,1
1455,1,0,1,1,0,59,6,1
1455,2,1,2,1,0,60,7,1
1455,3,2,3,1,0,61,8,1
1455,4,3,4,1,0,62,9,1
1455,5,4,5,1,0,63,10,1
1455,6,5,6,1,0,64,11,1
1455,7,6,7,1,1,65,12,1
1455,8,7,8,1,0,66,13,1
1455,9,8,9,1,1,67,14,1
1455,10,9,9.623,0.623,0,68,15,1
1456,1,0,0.453,0.453,0,37,15,1
1457,1,0,1,1,0,39,3,1
1457,2,1,2,1,0,40,4,1
1457,3,2,2.133,0.133,0,41,5,1
1458,1,0,1,1,0,49,12,1
1458,2,1,2,1,0,50,13,1
1458,3,2,3,1,0,51,14,1
1458,4,3,3.092,0.092,0,52,15,1
1459,1,0,1,1,1,50,0,1
1459,2,1,1.538,0.538,0,51,1,1
1460,1,0,1,1,0,31,16,1
1460,2,1,2,1,0,32,17,1
1460,3,2,3,1,0,33,18,1
1460,4,3,4,1,0,34,19,1
1460,5,4,4.929,0.929,0,35,20,1
1461,1,0,1,1,0,63,1,1
1461,2,1,2,1,0,64,2,1
1461,3,2,3,1,0,65,3,1
1461,4,3,4,1,0,66,4,1
1461,5,4,4.277,0.277,0,67,5,1
1462,1,0,1,1,0,50,8,1
1462,2,1,2,1,0,51,9,1
1462,3,2,3,1,0,52,10,1
1462,4,3,3.437,0.437,0,53,11,1
1463,1,0,1,1,0,36,9,1
1463,2,1,2,1,0,37,10,1
1463,3,2,3,1,0,38,11,1
1463,4,3,4,1,0,39,12,1
1463,5,4,5,1,0,40,13,1
1463,6,5,6,1,0,41,14,1
1463,7,6,7,1,0,42,15,1
1463,8,7,7.14,0.14,0,43,16,1
1464,1,0,1,1,0,61,0,1
1464,2,1,1.476,0.476,0,62,1,1
1465,1,0,1,1,0,67,11,1
1465,2,1,1.13,0.13,0,68,12,1
1466,1,0,1,1,0,43,10,1
1466,2,1,2,1,0,44,11,1
1466,3,2,3,1,0,45,12,1
1466,4,3,4,1,0,46,13,1
1466,5,4,5,1,0,47,14,1
1466,6,5,6,1,0,48,15,1
1466,7,6,7,1,0,49,16,1
1466,8,7,8,1,0,50,17,1
1466,9,8,9,1,0,51,18,1
1466,10,9,9.544,0.544,0,52,19,1
1467,1,0,1,1,0,18,5,1
1467,2,1,2,1,0,19,6,1
1467,3,2,3,1,1,20,7,1
1467,4,3,4,1,0,21,8,1
1467,5,4,5,1,0,22,9,1
1467,6,5,6,1,0,23,10,1
1467,7,6,6.403,0.403,1,24,11,1
1468,1,0,1,1,0,32,15,1
1468,2,1,2,1,0,33,16,1
1468,3,2,2.65,0.65,0,34,17,1
1469,1,0,0.588,0.588,0,61,9,1
1470,1,0,1,1,0,26,6,1
1470,2,1,1.835,0.835,1,27,7,1
1471,1,0,1,1,0,46,1,1
1471,2,1,1.617,0.617,0,47,2,1
1472,1,0,1,1,0,82,4,1
1472,2,1,1.525,0.525,0,83,5,1
1473,1,0,1,1,0,60,7,1
1473,2,1,2,1,0,61,8,1
1473,3,2,3,1,0,62,9,1
1473,4,3,4,1,0,63,10,1
1473,5,4,4.613,0.613,0,64,11,1
1474,1,0,1,1,0,55,9,1
1474,2,1,2,1,0,56,10,1
1474,3,2,3,1,0,57,11,1
1474,4,3,4,1,0,58,12,1
1474,5,4,5,1,0,59,13,1
1474,6,5,6,1,0,60,14,1
1474,7,6,7,1,1,61,15,1
1474,8,7,8,1,0,62,16,1
1474,9,8,8.056,0.056,0,63,17,1
1475,1,0,1,1,0,51,5,1
1475,2,1,2,1,0,52,6,1
1475,3,2,2.906,0.906,0,53,7,1
1476,1,0,1,1,0,58,3,1
1476,2,1,2,1,0,59,4,1
1476,3,2,3,1,0,60,5,1
1476,4,3,4,1,1,61,6,1
1476,5,4,4.901,0.901,0,62,7,1
1477,1,0,1,1,0,54,11,1
1477,2,1,2,1,0,55,12,1
1477,3,2,2.794,0.794,0,56,13,1
1478,1,0,1,1,0,56,4,1
1478,2,1,2,1,0,57,5,1
1478,3,2,3,1,1,58,6,1
1478,4,3,4,1,1,59,7,1
1478,5,4,4.614,0.614,0,60,8,1
1479,1,0,1,1,0,70,12,1
1479,2,1,2,1,0,71,13,1
1479,3,2,3,1,0,72,14,1
1479,4,3,4,1,0,73,15,1
1479,5,4,4.493,0.493,0,74,16,1
1480,1,0,1,1,0,60,11,1
1480,2,1,2,1,1,61,12,1
1480,3,2,3,1,0,62,13,1
1480,4,3,4,1,0,63,14,1
1480,5,4,5,1,0,64,15,1
1480,6,5,6,1,0,65,16,1
1480,7,6,7,1,0,66,17,1
1480,8,7,7.564,0.564,0,67,18,1
1481,1,0,1,1,0,59,6,1
1481,2,1,2,1,0,60,7,1
1481,3,2,3,1,0,61,8,1
1481,4,3,3.594,0.594,0,62,9,1
1482,1,0,1,1,0,23,5,1
1482,2,1,2,1,0,24,6,1
1482,3,2,3,1,0,25,7,1
1482,4,3,3.131,0.131,0,26,8,1
1483,1,0,1,1,0,58,10,1
1483,2,1,2,1,0,59,11,1
1483,3,2,3,1,0,60,12,1
1483,4,3,4,1,0,61,13,1
1483,5,4,5,1,0,62,14,1
1483,6,5,6,1,0,63,15,1
1483,7,6,6.32,0.32,0,64,16,1
1484,1,0,1,1,0,35,2,1
1484,2,1,2,1,0,36,3,1
1484,3,2,3,1,0,37,4,1
1484,4,3,4,1,0,38,5,1
1484,5,4,5,1,0,39,6,1
1484,6,5,5.048,0.048,0,40,7,1
1485,1,0,0.988,0.988,0,59,0,1
1486,1,0,1,1,0,45,0,1
1486,2,1,2,1,0,46,1,1
1486,3,2,2.791,0.791,0,47,2,1
1487,1,0,1,1,0,56,5,1
1487,2,1,1.05,0.05,0,57,6,1
1488,1,0,1,1,0,44,13,1
1488,2,1,2,1,0,45,14,1
1488,3,2,3,1,0,46,15,1
1488,4,3,4,1,0,47,16,1
1488,5,4,5,1,0,48,17,1
1488,6,5,6,1,0,49,18,1
1488,7,6,7,1,0,50,19,1
1488,8,7,7.856,0.856,0,51,20,1
1489,1,0,1,1,0,38,1,1
1489,2,1,2,1,0,39,2,1
1489,3,2,3,1,0,40,3,1
1489,4,3,4,1,0,41,4,1
1489,5,4,5,1,0,42,5,1
1489,6,5,6,1,0,43,6,1
1489,7,6,6.925,0.925,0,44,7,1
1490,1,0,1,1,0,52,16,1
1490,2,1,1.129,0.129,0,53,17,1
1491,1,0,1,1,0,60,7,1
1491,2,1,2,1,0,61,8,1
1491,3,2,3,1,0,62,9,1
1491,4,3,4,1,0,63,10,1
1491,5,4,5,1,1,64,11,1
1491,6,5,5.066,0.066,0,65,12,1
1492,1,0,1,1,0,36,4,1
1492,2,1,1.844,0.844,0,37,5,1
1493,1,0,1,1,0,59,3,1
1493,2,1,2,1,0,60,4,1
1493,3,2,2.427,0.427,0,61,5,1
1494,1,0,1,1,0,38,7,1
1494,2,1,2,1,0,39,8,1
1494,3,2,3,1,0,40,9,1
1494,4,3,4,1,0,41,10,1
1494,5,4,5,1,0,42,11,1
1494,6,5,6,1,0,43,12,1
1494,7,6,6.861,0.861,0,44,13,1
1495,1,0,1,1,0,57,8,1
1495,2,1,2,1,0,58,9,1
1495,3,2,3,1,0,59,10,1
1495,4,3,4,1,0,60,11,1
1495,5,4,5,1,0,61,12,1
1495,6,5,6,1,0,62,13,1
1495,7,6,7,1,0,63,14,1
1495,8,7,8,1,0,64,15,1
1495,9,8,8.85,0.85,0,65,16,1
1496,1,0,1,1,0,50,8,1
1496,2,1,2,1,0,51,9,1
1496,3,2,3,1,0,52,10,1
1496,4,3,4,1,0,53,11,1
1496,5,4,4.325,0.325,0,54,12,1
1497,1,0,1,1,1,29,15,1
1497,2,1,2,1,1,30,16,1
1497,3,2,2.819,0.819,1,31,17,1
1498,1,0,1,1,0,53,2,1
1498,2,1,2,1,0,54,3,1
1498,3,2,3,1,0,55,4,1
1498,4,3,4,1,0,56,5,1
1498,5,4,5,1,0,57,6,1
1498,6,5,6,1,0,58,7,1
1498,7,6,7,1,1,59,8,1
1498,8,7,8,1,0,60,9,1
1498,9,8,8.162,0.162,0,61,10,1
1499,1,0,1,1,1,29,17,1
1499,2,1,1.433,0.433,0,30,18,1
1500,1,0,1,1,1,71,15,1
1500,2,1,2,1,0,72,16,1
1500,3,2,3,1,0,73,17,1
1500,4,3,4,1,0,74,18,1
1500,5,4,5,1,0,75,19,1
1500,6,5,6,1,0,76,20,1
1500,7,6,7,1,0,77,21,1
1500,8,7,8,1,0,78,22,1
1500,9,8,8.602,0.602,0,79,23,1
1501,1,0,1,1,0,38,15,1
1501,2,1,2,1,0,39,16,1
1501,3,2,2.626,0.626,0,40,17,1
1502,1,0,1,1,0,38,7,1
1502,2,1,2,1,0,39,8,1
1502,3,2,3,1,0,40,9,1
1502,4,3,3.835,0.835,0,41,10,1
1503,1,0,1,1,0,69,10,1
1503,2,1,2,1,0,70,11,1
1503,3,2,3,1,0,71,12,1
1503,4,3,4,1,0,72,13,1
1503,5,4,5,1,0,73,14,1
1503,6,5,6,1,0,74,15,1
1503,7,6,7,1,0,75,16,1
1503,8,7,8,1,0,76,17,1
1503,9,8,8.207,0.207,0,77,18,1
1504,1,0,1,1,1,18,4,1
1504,2,1,1.364,0.364,0,19,5,1
1505,1,0,1,1,0,28,4,1
1505,2,1,2,1,0,29,5,1
1505,3,2,3,1,1,30,6,1
1505,4,3,3.882,0.882,0,31,7,1
1506,1,0,1,1,0,29,9,1
1506,2,1,2,1,0,30,10,1
1506,3,2,3,1,0,31,11,1
1506,4,3,4,1,0,32,12,1
1506,5,4,5,1,0,33,13,1
1506,6,5,5.153,0.153,0,34,14,1
1507,1,0,1,1,0,42,19,1
1507,2,1,2,1,0,43,20,1
1507,3,2,3,1,0,44,21,1
1507,4,3,4,1,0,45,22,1
1507,5,4,4.736,0.736,0,46,23,1
1508,1,0,1,1,0,18,8,1
1508,2,1,1.748,0.748,0,19,9,1
1509,1,0,1,1,1,23,8,1
1509,2,1,2,1,0,24,9,1
1509,3,2,3,1,0,25,10,1
1509,4,3,4,1,0,26,11,1
1509,5,4,5,1,1,27,12,1
1509,6,5,6,1,0,28,13,1
1509,7,6,6.05,0.05,0,29,14,1
1510,1,0,1,1,0,44,10,1
1510,2,1,2,1,0,45,11,1
1510,3,2,3,1,0,46,12,1
1510,4,3,4,1,0,47,13,1
1510,5,4,4.811,0.811,1,48,14,1
1511,1,0,1,1,1,30,5,1
1511,2,1,2,1,0,31,6,1
1511,3,2,3,1,0,32,7,1
1511,4,3,3.018,0.018,0,33,8,1
1512,1,0,1,1,1,54,11,1
1512,2,1,2,1,1,55,12,1
1512,3,2,2.559,0.559,0,56,13,1
1513,1,0,1,1,0,50,10,1
1513,2,1,2,1,0,51,11,1
1513,3,2,3,1,0,52,12,1
1513,4,3,4,1,0,53,13,1
1513,5,4,5,1,0,54,14,1
1513,6,5,6,1,0,55,15,1
1513,7,6,6.754,0.754,0,56,16,1
1514,1,0,0.709,0.709,0,49,6,1
1515,1,0,1,1,0,52,4,1
1515,2,1,2,1,0,53,5,1
1515,3,2,3,1,1,54,6,1
1515,4,3,4,1,0,55,7,1
1515,5,4,4.045,0.045,0,56,8,1
1516,1,0,1,1,0,43,0,1
1516,2,1,2,1,0,44,1,1
1516,3,2,3,1,0,45,2,1
1516,4,3,3.572,0.572,0,46,3,1
1517,1,0,1,1,0,52,14,1
1517,2,1,2,1,0,53,15,1
1517,3,2,3,1,1,54,16,1
1517,4,3,4,1,0,55,17,1
1517,5,4,5,1,0,56,18,1
1517,6,5,5.669,0.669,0,57,19,1
1518,1,0,1,1,0,41,11,1
1518,2,1,2,1,0,42,12,1
1518,3,2,3,1,0,43,13,1
1518,4,3,4,1,0,44,14,1
1518,5,4,5,1,0,45,15,1
1518,6,5,6,1,0,46,16,1
1518,7,6,6.745,0.745,0,47,17,1
1519,1,0,1,1,0,60,6,1
1519,2,1,2,1,0,61,7,1
1519,3,2,2.16,0.16,0,62,8,1
1520,1,0,1,1,0,47,8,1
1520,2,1,1.287,0.287,0,48,9,1
1521,1,0,1,1,0,42,8,1
1521,2,1,2,1,1,43,9,1
1521,3,2,3,1,0,44,10,1
1521,4,3,4,1,0,45,11,1
1521,5,4,5,1,1,46,12,1
1521,6,5,6,1,0,47,13,1
1521,7,6,6.734,0.734,0,48,14,1
1522,1,0,1,1,0,50,12,1
1522,2,1,2,1,0,51,13,1
1522,3,2,3,1,0,52,14,1
1522,4,3,4,1,0,53,15,1
1522,5,4,4.259,0.259,0,54,16,1
1523,1,0,1,1,0,70,15,1
1523,2,1,1.969,0.969,0,71,16,1
1524,1,0,0.887,0.887,1,18,2,1
1525,1,0,1,1,0,18,1,1
1525,2,1,2,1,0,19,2,1
1525,3,2,3,1,0,20,3,1
1525,4,3,4,1,0,21,4,1
1525,5,4,4.238,0.238,0,22,5,1
1526,1,0,1,1,0,44,3,1
1526,2,1,2,1,0,45,4,1
1526,3,2,3,1,0,46,5,1
1526,4,3,3.217,0.217,0,47,6,1
1527,1,0,1,1,0,81,3,1
1527,2,1,2,1,0,82,4,1
1527,3,2,3,1,0,83,5,1
1527,4,3,4,1,0,84,6,1
1527,5,4,5,1,0,85,7,1
1527,6,5,6,1,0,86,8,1
1527,7,6,7,1,0,87,9,1
1527,8,7,8,1,0,88,10,1
1527,9,8,8.419,0.419,0,89,11,1
1528,1,0,1,1,0,64,7,1
1528,2,1,1.579,0.579,0,65,8,1
1529,1,0,1,1,0,67,13,1
1529,2,1,2,1,0,68,14,1
1529,3,2,3,1,1,69,15,1
1529,4,3,4,1,0,70,16,1
1529,5,4,5,1,0,71,17,1
1529,6,5,6,1,0,72,18,1
1529,7,6,6.391,0.391,0,73,19,1
1530,1,0,1,1,0,70,18,1
1530,2,1,2,1,0,71,19,1
1530,3,2,3,1,0,72,20,1
1530,4,3,3.048,0.048,0,73,21,1
1531,1,0,1,1,1,53,13,1
1531,2,1,1.95,0.95,0,54,14,1
1532,1,0,1,1,0,38,8,1
1532,2,1,2,1,0,39,9,1
1532,3,2,3,1,0,40,10,1
1532,4,3,3.102,0.102,0,41,11,1
1533,1,0,1,1,0,54,9,1
1533,2,1,2,1,0,55,10,1
1533,3,2,3,1,0,56,11,1
1533,4,3,4,1,0,57,12,1
1533,5,4,5,1,0,58,13,1
1533,6,5,5.942,0.942,0,59,14,1
1534,1,0,1,1,0,36,1,1
1534,2,1,2,1,0,37,2,1
1534,3,2,2.752,0.752,0,38,3,1
1535,1,0,1,1,0,59,11,1
1535,2,1,2,1,0,60,12,1
1535,3,2,2.907,0.907,0,61,13,1
1536,1,0,1,1,0,32,20,1
1536,2,1,2,1,0,33,21,1
1536,3,2,3,1,0,34,22,1
1536,4,3,3.143,0.143,0,35,23,1
1537,1,0,1,1,0,39,12,1
1537,2,1,2,1,1,40,13,1
1537,3,2,3,1,1,41,14,1
1537,4,3,4,1,0,42,15,1
1537,5,4,5,1,0,43,16,1
1537,6,5,6,1,0,44,17,1
1537,7,6,7,1,0,45,18,1
1537,8,7,8,1,0,46,19,1
1537,9,8,8.301,0.301,0,47,20,1
1538,1,0,1,1,0,30,8,1
1538,2,1,2,1,0,31,9,1
1538,3,2,2.609,0.609,0,32,10,1
1539,1,0,1,1,0,47,14,1
1539,2,1,2,1,0,48,15,1
1539,3,2,3,1,0,49,16,1
1539,4,3,4,1,0,50,17,1
1539,5,4,5,1,0,51,18,1
1539,6,5,6,1,0,52,19,1
1539,7,6,6.784,0.784,0,53,20,1
1540,1,0,1,1,0,32,15,1
1540,2,1,1.204,0.204,0,33,16,1
1541,1,0,1,1,0,65,8,1
1541,2,1,2,1,0,66,9,1
1541,3,2,3,1,0,67,10,1
1541,4,3,4,1,0,68,11,1
1541,5,4,4.715,0.715,0,69,12,1
1542,1,0,1,1,0,42,12,1
1542,2,1,1.575,0.575,0,43,13,1
1543,1,0,1,1,0,60,5,1
1543,2,1,2,1,0,61,6,1
1543,3,2,3,1,1,62,7,1
1543,4,3,3.085,0.085,0,63,8,1
1544,1,0,1,1,0,42,16,1
1544,2,1,2,1,0,43,17,1
1544,3,2,3,1,0,44,18,1
1544,4,3,4,1,0,45,19,1
1544,5,4,5,1,0,46,20,1
1544,6,5,5.446,0.446,0,47,21,1
1545,1,0,1,1,1,62,8,1
1545,2,1,2,1,1,63,9,1
1545,3,2,3,1,1,64,10,1
1545,4,3,3.517,0.517,2,65,11,1
1546,1,0,1,1,0,57,8,1
1546,2,1,1.455,0.455,0,58,9,1
1547,1,0,1,1,0,40,9,1
1547,2,1,2,1,0,41,10,1
1547,3,2,3,1,1,42,11,1
1547,4,3,4,1,0,43,12,1
1547,5,4,5,1,0,44,13,1
1547,6,5,5.219,0.219,0,45,14,1
1548,1,0,1,1,0,41,10,1
1548,2,1,2,1,0,42,11,1
1548,3,2,2.458,0.458,0,43,12,1
1549,1,0,1,1,0,45,5,1
1549,2,1,1.536,0.536,0,46,6,1
1550,1,0,1,1,0,35,7,1
1550,2,1,2,1,0,36,8,1
1550,3,2,3,1,0,37,9,1
1550,4,3,3.385,0.385,0,38,10,1
1551,1,0,0.884,0.884,0,48,4,1
1552,1,0,1,1,0,59,19,1
1552,2,1,2,1,0,60,20,1
1552,3,2,3,1,0,61,21,1
1552,4,3,4,1,0,62,22,1
1552,5,4,5,1,0,63,23,1
1552,6,5,6,1,0,64,24,1
1552,7,6,7,1,0,65,25,1
1552,8,7,8,1,1,66,26,1
1552,9,8,9,1,0,67,27,1
1552,10,9,9.419,0.419,0,68,28,1
1553,1,0,1,1,0,39,7,1
1553,2,1,2,1,0,40,8,1
1553,3,2,2.276,0.276,0,41,9,1
1554,1,0,1,1,0,31,6,1
1554,2,1,2,1,0,32,7,1
1554,3,2,3,1,0,33,8,1
1554,4,3,4,1,0,34,9,1
1554,5,4,5,1,0,35,10,1
1554,6,5,5.121,0.121,0,36,11,1
1555,1,0,1,1,0,28,11,1
1555,2,1,2,1,0,29,12,1
1555,3,2,3,1,2,30,13,1
1555,4,3,3.035,0.035,0,31,14,1
1556,1,0,1,1,1,49,5,1
1556,2,1,2,1,0,50,6,1
1556,3,2,3,1,0,51,7,1
1556,4,3,4,1,0,52,8,1
1556,5,4,4.597,0.597,0,53,9,1
1557,1,0,1,1,0,39,17,1
1557,2,1,2,1,0,40,18,1
1557,3,2,3,1,0,41,19,1
1557,4,3,3.714,0.714,0,42,20,1
1558,1,0,1,1,0,45,11,1
1558,2,1,2,1,0,46,12,1
1558,3,2,3,1,0,47,13,1
1558,4,3,4,1,0,48,14,1
1558,5,4,5,1,0,49,15,1
1558,6,5,5.58,0.58,0,50,16,1
1559,1,0,1,1,0,58,17,1
1559,2,1,2,1,1,59,18,1
1559,3,2,3,1,0,60,19,1
1559,4,3,3.356,0.356,0,61,20,1
1560,1,0,1,1,1,68,14,1
1560,2,1,2,1,0,69,15,1
1560,3,2,3,1,1,70,16,1
1560,4,3,4,1,2,71,17,1
1560,5,4,5,1,0,72,18,1
1560,6,5,6,1,0,73,19,1
1560,7,6,7,1,3,74,20,1
1560,8,7,7.87,0.87,0,75,21,1
1561,1,0,1,1,0,44,4,1
1561,2,1,2,1,1,45,5,1
1561,3,2,2.914,0.914,0,46,6,1
1562,1,0,1,1,0,54,11,1
1562,2,1,2,1,0,55,12,1
1562,3,2,3,1,0,56,13,1
1562,4,3,4,1,0,57,14,1
1562,5,4,5,1,0,58,15,1
1562,6,5,5.554,0.554,0,59,16,1
1563,1,0,1,1,0,45,11,1
1563,2,1,2,1,0,46,12,1
1563,3,2,3,1,0,47,13,1
1563,4,3,3.471,0.471,0,48,14,1
1564,1,0,1,1,0,52,7,1
1564,2,1,2,1,0,53,8,1
1564,3,2,3,1,0,54,9,1
1564,4,3,3.628,0.628,0,55,10,1
1565,1,0,1,1,0,53,11,1
1565,2,1,2,1,0,54,12,1
1565,3,2,3,1,0,55,13,1
1565,4,3,4,1,0,56,14,1
1565,5,4,4.304,0.304,0,57,15,1
1566,1,0,1,1,0,36,11,1
1566,2,1,2,1,0,37,12,1
1566,3,2,3,1,0,38,13,1
1566,4,3,3.243,0.243,0,39,14,1
1567,1,0,1,1,0,50,3,1
1567,2,1,2,1,0,51,4,1
1567,3,2,3,1,0,52,5,1
1567,4,3,4,1,0,53,6,1
1567,5,4,5,1,0,54,7,1
1567,6,5,6,1,0,55,8,1
1567,7,6,7,1,0,56,9,1
1567,8,7,7.84,0.84,0,57,10,1
1568,1,0,1,1,0,31,12,1
1568,2,1,2,1,0,32,13,1
1568,3,2,3,1,0,33,14,1
1568,4,3,4,1,0,34,15,1
1568,5,4,4.512,0.512,0,35,16,1
1569,1,0,1,1,0,37,10,1
1569,2,1,2,1,0,38,11,1
1569,3,2,3,1,0,39,12,1
1569,4,3,3.425,0.425,0,40,13,1
1570,1,0,1,1,0,30,9,1
1570,2,1,2,1,0,31,10,1
1570,3,2,3,1,0,32,11,1
1570,4,3,4,1,0,33,12,1
1570,5,4,5,1,0,34,13,1
1570,6,5,5.576,0.576,1,35,14,1
1571,1,0,1,1,0,28,4,1
1571,2,1,1.921,0.921,0,29,5,1
1572,1,0,1,1,0,58,9,1
1572,2,1,1.895,0.895,0,59,10,1
1573,1,0,1,1,0,42,4,1
1573,2,1,1.91,0.91,0,43,5,1
1574,1,0,1,1,0,37,4,1
1574,2,1,2,1,0,38,5,1
1574,3,2,3,1,0,39,6,1
1574,4,3,4,1,0,40,7,1
1574,5,4,5,1,0,41,8,1
1574,6,5,6,1,0,42,9,1
1574,7,6,7,1,0,43,10,1
1574,8,7,8,1,0,44,11,1
1574,9,8,9,1,0,45,12,1
1574,10,9,9.536,0.536,0,46,13,1
1575,1,0,1,1,0,45,9,1
1575,2,1,2,1,0,46,10,1
1575,3,2,3,1,0,47,11,1
1575,4,3,4,1,0,48,12,1
1575,5,4,5,1,0,49,13,1
1575,6,5,6,1,0,50,14,1
1575,7,6,6.015,0.015,0,51,15,1
1576,1,0,1,1,0,49,9,1
1576,2,1,2,1,0,50,10,1
1576,3,2,3,1,0,51,11,1
1576,4,3,3.356,0.356,0,52,12,1
1577,1,0,1,1,0,65,13,1
1577,2,1,1.121,0.121,0,66,14,1
1578,1,0,1,1,0,56,0,1
1578,2,1,2,1,0,57,1,1
1578,3,2,3,1,0,58,2,1
1578,4,3,4,1,0,59,3,1
1578,5,4,5,1,0,60,4,1
1578,6,5,6,1,0,61,5,1
1578,7,6,6.679,0.679,0,62,6,1
1579,1,0,1,1,1,39,5,1
1579,2,1,2,1,1,40,6,1
1579,3,2,3,1,0,41,7,1
1579,4,3,3.547,0.547,0,42,8,1
1580,1,0,1,1,0,54,0,1
1580,2,1,2,1,0,55,1,1
1580,3,2,3,1,0,56,2,1
1580,4,3,3.697,0.697,0,57,3,1
1581,1,0,1,1,0,33,5,1
1581,2,1,2,1,0,34,6,1
1581,3,2,3,1,0,35,7,1
1581,4,3,3.841,0.841,0,36,8,1
1582,1,0,1,1,0,54,16,1
1582,2,1,2,1,0,55,17,1
1582,3,2,3,1,0,56,18,1
1582,4,3,3.154,0.154,0,57,19,1
1583,1,0,1,1,0,54,5,1
1583,2,1,2,1,0,55,6,1
1583,3,2,2.903,0.903,0,56,7,1
1584,1,0,1,1,0,18,9,1
1584,2,1,2,1,0,19,10,1
1584,3,2,3,1,0,20,11,1
1584,4,3,3.957,0.957,0,21,12,1
1585,1,0,1,1,0,55,9,1
1585,2,1,2,1,0,56,10,1
1585,3,2,2.504,0.504,0,57,11,1
1586,1,0,0.1,0.1,0,71,11,1
1587,1,0,1,1,0,51,6,1
1587,2,1,2,1,0,52,7,1
1587,3,2,3,1,0,53,8,1
1587,4,3,4,1,0,54,9,1
1587,5,4,5,1,1,55,10,1
1587,6,5,5.319,0.319,0,56,11,1
1588,1,0,1,1,0,66,8,1
1588,2,1,2,1,0,67,9,1
1588,3,2,2.374,0.374,0,68,10,1
1589,1,0,1,1,1,38,6,1
1589,2,1,2,1,1,39,7,1
1589,3,2,3,1,1,40,8,1
1589,4,3,3.533,0.533,1,41,9,1
1590,1,0,1,1,0,18,3,1
1590,2,1,1.093,0.093,0,19,4,1
1591,1,0,0.7,0.7,0,51,4,1
1592,1,0,1,1,0,55,14,1
1592,2,1,2,1,0,56,15,1
1592,3,2,3,1,0,57,16,1
1592,4,3,4,1,0,58,17,1
1592,5,4,5,1,0,59,18,1
1592,6,5,5.238,0.238,0,60,19,1
1593,1,0,1,1,0,25,7,1
1593,2,1,1.701,0.701,0,26,8,1
1594,1,0,1,1,0,38,2,1
1594,2,1,1.209,0.209,0,39,3,1
1595,1,0,1,1,0,29,14,1
1595,2,1,2,1,0,30,15,1
1595,3,2,3,1,0,31,16,1
1595,4,3,4,1,0,32,17,1
1595,5,4,5,1,0,33,18,1
1595,6,5,6,1,0,34,19,1
1595,7,6,7,1,0,35,20,1
1595,8,7,7.448,0.448,0,36,21,1
1596,1,0,1,1,1,37,16,1
1596,2,1,2,1,0,38,17,1
1596,3,2,2.099,0.099,1,39,18,1
1597,1,0,1,1,0,18,14,1
1597,2,1,2,1,0,19,15,1
1597,3,2,3,1,0,20,16,1
1597,4,3,4,1,0,21,17,1
1597,5,4,5,1,0,22,18,1
1597,6,5,6,1,0,23,19,1
1597,7,6,6.948,0.948,0,24,20,1
1598,1,0,1,1,0,18,5,1
1598,2,1,2,1,1,19,6,1
1598,3,2,3,1,0,20,7,1
1598,4,3,3.504,0.504,0,21,8,1
1599,1,0,1,1,0,58,13,1
1599,2,1,2,1,0,59,14,1
1599,3,2,3,1,0,60,15,1
1599,4,3,4,1,0,61,16,1
1599,5,4,5,1,0,62,17,1
1599,6,5,6,1,1,63,18,1
1599,7,6,7,1,0,64,19,1
1599,8,7,7.572,0.572,0,65,20,1
1600,1,0,1,1,0,41,7,1
1600,2,1,1.48,0.48,0,42,8,1
1601,1,0,1,1,0,54,2,1
1601,2,1,2,1,0,55,3,1
1601,3,2,3,1,0,56,4,1
1601,4,3,4,1,0,57,5,1
1601,5,4,5,1,0,58,6,1
1601,6,5,5.224,0.224,0,59,7,1
1602,1,0,1,1,1,47,10,1
1602,2,1,2,1,0,48,11,1
1602,3,2,3,1,0,49,12,1
1602,4,3,4,1,0,50,13,1
1602,5,4,5,1,0,51,14,1
1602,6,5,6,1,0,52,15,1
1602,7,6,6.955,0.955,0,53,16,1
1603,1,0,1,1,0,54,12,1
1603,2,1,2,1,0,55,13,1
1603,3,2,3,1,0,56,14,1
1603,4,3,4,1,0,57,15,1
1603,5,4,5,1,0,58,16,1
1603,6,5,6,1,0,59,17,1
1603,7,6,6.404,0.404,1,60,18,1
1604,1,0,1,1,1,48,9,1
1604,2,1,2,1,0,49,10,1
1604,3,2,3,1,0,50,11,1
1604,4,3,4,1,0,51,12,1
1604,5,4,5,1,0,52,13,1
1604,6,5,5.539,0.539,0,53,14,1
1605,1,0,1,1,0,37,4,1
1605,2,1,2,1,0,38,5,1
1605,3,2,3,1,2,39,6,1
1605,4,3,4,1,0,40,7,1
1605,5,4,5,1,0,41,8,1
1605,6,5,6,1,0,42,9,1
1605,7,6,7,1,0,43,10,1
1605,8,7,7.231,0.231,0,44,11,1
1606,1,0,1,1,0,30,13,1
1606,2,1,2,1,0,31,14,1
1606,3,2,3,1,0,32,15,1
1606,4,3,4,1,0,33,16,1
1606,5,4,5,1,0,34,17,1
1606,6,5,6,1,0,35,18,1
1606,7,6,6.636,0.636,0,36,19,1
1607,1,0,1,1,1,43,10,1
1607,2,1,2,1,1,44,11,1
1607,3,2,3,1,1,45,12,1
1607,4,3,4,1,0,46,13,1
1607,5,4,5,1,1,47,14,1
1607,6,5,6,1,0,48,15,1
1607,7,6,6.629,0.629,0,49,16,1
1608,1,0,1,1,0,63,5,1
1608,2,1,2,1,0,64,6,1
1608,3,2,3,1,0,65,7,1
1608,4,3,4,1,0,66,8,1
1608,5,4,5,1,0,67,9,1
1608,6,5,5.28,0.28,0,68,10,1
1609,1,0,1,1,0,70,0,1
1609,2,1,2,1,0,71,1,1
1609,3,2,3,1,0,72,2,1
1609,4,3,4,1,0,73,3,1
1609,5,4,5,1,0,74,4,1
1609,6,5,5.066,0.066,0,75,5,1
1610,1,0,1,1,0,43,14,1
1610,2,1,2,1,0,44,15,1
1610,3,2,3,1,0,45,16,1
1610,4,3,4,1,1,46,17,1
1610,5,4,5,1,1,47,18,1
1610,6,5,6,1,0,48,19,1
1610,7,6,6.373,0.373,0,49,20,1
1611,1,0,1,1,0,47,9,1
1611,2,1,2,1,0,48,10,1
1611,3,2,3,1,0,49,11,1
1611,4,3,4,1,0,50,12,1
1611,5,4,5,1,0,51,13,1
1611,6,5,6,1,0,52,14,1
1611,7,6,7,1,0,53,15,1
1611,8,7,7.9,0.9,0,54,16,1
1612,1,0,1,1,0,47,10,1
1612,2,1,2,1,0,48,11,1
1612,3,2,2.024,0.024,0,49,12,1
1613,1,0,1,1,0,36,3,1
1613,2,1,2,1,0,37,4,1
1613,3,2,2.667,0.667,0,38,5,1
1614,1,0,1,1,0,55,13,1
1614,2,1,2,1,0,56,14,1
1614,3,2,3,1,0,57,15,1
1614,4,3,4,1,0,58,16,1
1614,5,4,4.937,0.937,0,59,17,1
1615,1,0,1,1,0,50,14,1
1615,2,1,2,1,0,51,15,1
1615,3,2,3,1,0,52,16,1
1615,4,3,4,1,1,53,17,1
1615,5,4,5,1,0,54,18,1
1615,6,5,6,1,0,55,19,1
1615,7,6,7,1,0,56,20,1
1615,8,7,8,1,0,57,21,1
1615,9,8,9,1,0,58,22,1
1615,10,9,9.764,0.764,0,59,23,1
1616,1,0,1,1,0,38,12,1
1616,2,1,2,1,0,39,13,1
1616,3,2,2.614,0.614,0,40,14,1
1617,1,0,1,1,0,45,11,1
1617,2,1,2,1,0,46,12,1
1617,3,2,3,1,0,47,13,1
1617,4,3,4,1,0,48,14,1
1617,5,4,5,1,0,49,15,1
1617,6,5,6,1,1,50,16,1
1617,7,6,7,1,0,51,17,1
1617,8,7,7.929,0.929,0,52,18,1
1618,1,0,1,1,0,72,3,1
1618,2,1,2,1,0,73,4,1
1618,3,2,3,1,0,74,5,1
1618,4,3,4,1,0,75,6,1
1618,5,4,5,1,0,76,7,1
1618,6,5,5.37,0.37,0,77,8,1
1619,1,0,1,1,0,56,18,1
1619,2,1,2,1,0,57,19,1
1619,3,2,3,1,1,58,20,1
1619,4,3,4,1,1,59,21,1
1619,5,4,5,1,0,60,22,1
1619,6,5,6,1,0,61,23,1
1619,7,6,7,1,1,62,24,1
1619,8,7,8,1,0,63,25,1
1619,9,8,8.161,0.161,0,64,26,1
1620,1,0,1,1,0,53,3,1
1620,2,1,2,1,0,54,4,1
1620,3,2,3,1,0,55,5,1
1620,4,3,3.313,0.313,0,56,6,1
1621,1,0,1,1,0,52,10,1
1621,2,1,2,1,0,53,11,1
1621,3,2,3,1,0,54,12,1
1621,4,3,4,1,0,55,13,1
1621,5,4,4.813,0.813,0,56,14,1
1622,1,0,1,1,0,40,10,1
1622,2,1,2,1,0,41,11,1
1622,3,2,3,1,0,42,12,1
1622,4,3,4,1,0,43,13,1
1622,5,4,5,1,0,44,14,1
1622,6,5,6,1,0,45,15,1
1622,7,6,7,1,0,46,16,1
1622,8,7,7.378,0.378,0,47,17,1
1623,1,0,1,1,0,22,8,1
1623,2,1,2,1,0,23,9,1
1623,3,2,3,1,0,24,10,1
1623,4,3,4,1,0,25,11,1
1623,5,4,5,1,0,26,12,1
1623,6,5,6,1,0,27,13,1
1623,7,6,6.279,0.279,0,28,14,1
1624,1,0,1,1,0,43,11,1
1624,2,1,2,1,0,44,12,1
1624,3,2,3,1,0,45,13,1
1624,4,3,3.789,0.789,0,46,14,1
1625,1,0,1,1,1,25,10,1
1625,2,1,2,1,0,26,11,1
1625,3,2,3,1,0,27,12,1
1625,4,3,4,1,0,28,13,1
1625,5,4,5,1,0,29,14,1
1625,6,5,6,1,0,30,15,1
1625,7,6,6.273,0.273,0,31,16,1
1626,1,0,1,1,0,50,9,1
1626,2,1,2,1,0,51,10,1
1626,3,2,3,1,0,52,11,1
1626,4,3,4,1,0,53,12,1
1626,5,4,4.829,0.829,0,54,13,1
1627,1,0,1,1,0,32,1,1
1627,2,1,2,1,0,33,2,1
1627,3,2,3,1,0,34,3,1
1627,4,3,4,1,0,35,4,1
1627,5,4,5,1,0,36,5,1
1627,6,5,6,1,1,37,6,1
1627,7,6,7,1,0,38,7,1
1627,8,7,8,1,0,39,8,1
1627,9,8,8.371,0.371,0,40,9,1
1628,1,0,1,1,0,29,10,1
1628,2,1,2,1,0,30,11,1
1628,3,2,2.679,0.679,0,31,12,1
1629,1,0,1,1,0,75,13,1
1629,2,1,2,1,0,76,14,1
1629,3,2,3,1,1,77,15,1
1629,4,3,4,1,0,78,16,1
1629,5,4,5,1,0,79,17,1
1629,6,5,6,1,0,80,18,1
1629,7,6,6.169,0.169,0,81,19,1
1630,1,0,1,1,0,44,4,1
1630,2,1,2,1,0,45,5,1
1630,3,2,3,1,0,46,6,1
1630,4,3,4,1,0,47,7,1
1630,5,4,5,1,0,48,8,1
1630,6,5,5.311,0.311,0,49,9,1
1631,1,0,1,1,0,29,0,1
1631,2,1,2,1,0,30,1,1
1631,3,2,2.382,0.382,0,31,2,1
1632,1,0,1,1,0,52,15,1
1632,2,1,2,1,0,53,16,1
1632,3,2,3,1,0,54,17,1
1632,4,3,4,1,0,55,18,1
1632,5,4,5,1,0,56,19,1
1632,6,5,6,1,0,57,20,1
1632,7,6,7,1,0,58,21,1
1632,8,7,8,1,0,59,22,1
1632,9,8,9,1,1,60,23,1
1632,10,9,9.587,0.587,0,61,24,1
1633,1,0,1,1,0,23,3,1
1633,2,1,2,1,0,24,4,1
1633,3,2,3,1,0,25,5,1
1633,4,3,4,1,0,26,6,1
1633,5,4,4.835,0.835,0,27,7,1
1634,1,0,1,1,0,40,13,1
1634,2,1,1.707,0.707,1,41,14,1
1635,1,0,1,1,0,59,15,1
1635,2,1,1.202,0.202,0,60,16,1
1636,1,0,1,1,0,60,3,1
1636,2,1,2,1,0,61,4,1
1636,3,2,3,1,0,62,5,1
1636,4,3,4,1,0,63,6,1
1636,5,4,5,1,0,64,7,1
1636,6,5,6,1,0,65,8,1
1636,7,6,6.502,0.502,0,66,9,1
1637,1,0,1,1,0,45,19,1
1637,2,1,2,1,0,46,20,1
1637,3,2,3,1,0,47,21,1
1637,4,3,4,1,0,48,22,1
1637,5,4,5,1,0,49,23,1
1637,6,5,6,1,0,50,24,1
1637,7,6,6.453,0.453,0,51,25,1
1638,1,0,1,1,0,67,11,1
1638,2,1,2,1,1,68,12,1
1638,3,2,2.465,0.465,0,69,13,1
1639,1,0,1,1,0,24,1,1
1639,2,1,2,1,1,25,2,1
1639,3,2,3,1,0,26,3,1
1639,4,3,4,1,0,27,4,1
1639,5,4,4.001,0.001,0,28,5,1
1640,1,0,1,1,0,56,7,1
1640,2,1,2,1,0,57,8,1
1640,3,2,3,1,0,58,9,1
1640,4,3,4,1,0,59,10,1
1640,5,4,5,1,0,60,11,1
1640,6,5,5.872,0.872,1,61,12,1
1641,1,0,1,1,0,23,17,1
1641,2,1,2,1,2,24,18,1
1641,3,2,3,1,0,25,19,1
1641,4,3,4,1,0,26,20,1
1641,5,4,5,1,1,27,21,1
1641,6,5,6,1,0,28,22,1
1641,7,6,7,1,1,29,23,1
1641,8,7,8,1,0,30,24,1
1641,9,8,9,1,0,31,25,1
1641,10,9,9.075,0.075,0,32,26,1
1642,1,0,1,1,1,44,10,1
1642,2,1,1.772,0.772,0,45,11,1
1643,1,0,1,1,0,64,11,1
1643,2,1,2,1,0,65,12,1
1643,3,2,2.934,0.934,0,66,13,1
1644,1,0,1,1,0,61,0,1
1644,2,1,2,1,0,62,1,1
1644,3,2,2.199,0.199,0,63,2,1
1645,1,0,1,1,0,34,7,1
1645,2,1,2,1,1,35,8,1
1645,3,2,3,1,0,36,9,1
1645,4,3,4,1,0,37,10,1
1645,5,4,5,1,0,38,11,1
1645,6,5,6,1,0,39,12,1
1645,7,6,7,1,1,40,13,1
1645,8,7,8,1,0,41,14,1
1645,9,8,9,1,0,42,15,1
1645,10,9,9.419,0.419,0,43,16,1
1646,1,0,0.724,0.724,0,51,15,1
1647,1,0,1,1,0,42,9,1
1647,2,1,2,1,0,43,10,1
1647,3,2,3,1,0,44,11,1
1647,4,3,3.702,0.702,0,45,12,1
1648,1,0,1,1,0,37,6,1
1648,2,1,2,1,0,38,7,1
1648,3,2,2.962,0.962,0,39,8,1
1649,1,0,1,1,0,59,10,1
1649,2,1,1.307,0.307,0,60,11,1
1650,1,0,1,1,1,39,10,1
1650,2,1,2,1,0,40,11,1
1650,3,2,3,1,0,41,12,1
1650,4,3,4,1,1,42,13,1
1650,5,4,5,1,2,43,14,1
1650,6,5,6,1,1,44,15,1
1650,7,6,6.81,0.81,2,45,16,1
1651,1,0,1,1,0,25,17,1
1651,2,1,2,1,0,26,18,1
1651,3,2,3,1,0,27,19,1
1651,4,3,4,1,0,28,20,1
1651,5,4,5,1,0,29,21,1
1651,6,5,5.797,0.797,0,30,22,1
1652,1,0,1,1,0,39,8,1
1652,2,1,2,1,0,40,9,1
1652,3,2,3,1,0,41,10,1
1652,4,3,4,1,0,42,11,1
1652,5,4,4.494,0.494,1,43,12,1
1653,1,0,1,1,0,66,8,1
1653,2,1,2,1,0,67,9,1
1653,3,2,3,1,0,68,10,1
1653,4,3,3.55,0.55,0,69,11,1
1654,1,0,1,1,0,66,10,1
1654,2,1,2,1,0,67,11,1
1654,3,2,3,1,1,68,12,1
1654,4,3,4,1,1,69,13,1
1654,5,4,5,1,1,70,14,1
1654,6,5,6,1,0,71,15,1
1654,7,6,7,1,1,72,16,1
1654,8,7,8,1,0,73,17,1
1654,9,8,8.631,0.631,0,74,18,1
1655,1,0,1,1,0,20,5,1
1655,2,1,1.298,0.298,0,21,6,1
1656,1,0,1,1,0,60,8,1
1656,2,1,2,1,1,61,9,1
1656,3,2,2.909,0.909,0,62,10,1
1657,1,0,1,1,0,66,17,1
1657,2,1,2,1,0,67,18,1
1657,3,2,3,1,0,68,19,1
1657,4,3,4,1,0,69,20,1
1657,5,4,5,1,0,70,21,1
1657,6,5,6,1,0,71,22,1
1657,7,6,7,1,0,72,23,1
1657,8,7,8,1,0,73,24,1
1657,9,8,8.766,0.766,0,74,25,1
1658,1,0,1,1,0,38,12,1
1658,2,1,2,1,0,39,13,1
1658,3,2,2.661,0.661,0,40,14,1
1659,1,0,1,1,0,60,5,1
1659,2,1,1.048,0.048,0,61,6,1
1660,1,0,1,1,0,70,10,1
1660,2,1,2,1,0,71,11,1
1660,3,2,3,1,0,72,12,1
1660,4,3,4,1,1,73,13,1
1660,5,4,4.815,0.815,0,74,14,1
1661,1,0,1,1,0,44,7,1
1661,2,1,2,1,0,45,8,1
1661,3,2,3,1,1,46,9,1
1661,4,3,3.688,0.688,0,47,10,1
1662,1,0,1,1,0,45,9,1
1662,2,1,2,1,0,46,10,1
1662,3,2,3,1,0,47,11,1
1662,4,3,4,1,0,48,12,1
1662,5,4,5,1,0,49,13,1
1662,6,5,5.121,0.121,0,50,14,1
1663,1,0,1,1,0,52,13,1
1663,2,1,2,1,0,53,14,1
1663,3,2,3,1,0,54,15,1
1663,4,3,4,1,0,55,16,1
1663,5,4,5,1,0,56,17,1
1663,6,5,6,1,0,57,18,1
1663,7,6,7,1,0,58,19,1
1663,8,7,8,1,0,59,20,1
1663,9,8,8.022,0.022,0,60,21,1
1664,1,0,1,1,1,47,3,1
1664,2,1,1.768,0.768,1,48,4,1
1665,1,0,1,1,0,68,10,1
1665,2,1,2,1,0,69,11,1
1665,3,2,3,1,0,70,12,1
1665,4,3,4,1,0,71,13,1
1665,5,4,5,1,0,72,14,1
1665,6,5,6,1,0,73,15,1
1665,7,6,7,1,0,74,16,1
1665,8,7,8,1,0,75,17,1
1665,9,8,9,1,0,76,18,1
1665,10,9,9.461,0.461,0,77,19,1
1666,1,0,1,1,0,33,16,1
1666,2,1,2,1,0,34,17,1
1666,3,2,2.492,0.492,0,35,18,1
1667,1,0,1,1,0,18,10,1
1667,2,1,2,1,0,19,11,1
1667,3,2,3,1,0,20,12,1
1667,4,3,4,1,0,21,13,1
1667,5,4,5,1,0,22,14,1
1667,6,5,5.086,0.086,0,23,15,1
1668,1,0,1,1,0,35,9,1
1668,2,1,2,1,0,36,10,1
1668,3,2,3,1,0,37,11,1
1668,4,3,4,1,0,38,12,1
1668,5,4,4.946,0.946,0,39,13,1
1669,1,0,1,1,0,34,0,1
1669,2,1,2,1,0,35,1,1
1669,3,2,3,1,0,36,2,1
1669,4,3,4,1,0,37,3,1
1669,5,4,5,1,0,38,4,1
1669,6,5,6,1,0,39,5,1
1669,7,6,7,1,0,40,6,1
1669,8,7,7.801,0.801,0,41,7,1
1670,1,0,1,1,0,60,1,1
1670,2,1,2,1,0,61,2,1
1670,3,2,3,1,1,62,3,1
1670,4,3,4,1,0,63,4,1
1670,5,4,5,1,0,64,5,1
1670,6,5,5.042,0.042,0,65,6,1
1671,1,0,1,1,0,55,3,1
1671,2,1,2,1,1,56,4,1
1671,3,2,3,1,0,57,5,1
1671,4,3,3.248,0.248,0,58,6,1
1672,1,0,1,1,0,25,4,1
1672,2,1,2,1,0,26,5,1
1672,3,2,3,1,0,27,6,1
1672,4,3,3.358,0.358,0,28,7,1
1673,1,0,0.845,0.845,1,67,8,1
1674,1,0,1,1,0,41,19,1
1674,2,1,2,1,0,42,20,1
1674,3,2,3,1,0,43,21,1
1674,4,3,4,1,0,44,22,1
1674,5,4,5,1,0,45,23,1
1674,6,5,6,1,0,46,24,1
1674,7,6,6.033,0.033,0,47,25,1
1675,1,0,1,1,0,60,9,1
1675,2,1,1.437,0.437,0,61,10,1
1676,1,0,1,1,0,35,12,1
1676,2,1,2,1,0,36,13,1
1676,3,2,3,1,0,37,14,1
1676,4,3,4,1,1,38,15,1
1676,5,4,5,1,0,39,16,1
1676,6,5,6,1,1,40,17,1
1676,7,6,6.171,0.171,0,41,18,1
1677,1,0,1,1,0,43,14,1
1677,2,1,1.521,0.521,0,44,15,1
1678,1,0,1,1,2,18,15,1
1678,2,1,2,1,3,19,16,1
1678,3,2,2.423,0.423,1,20,17,1
1679,1,0,1,1,0,45,16,1
1679,2,1,1.121,0.121,0,46,17,1
1680,1,0,1,1,1,42,10,1
1680,2,1,1.69,0.69,0,43,11,1
1681,1,0,1,1,0,47,13,1
1681,2,1,2,1,1,48,14,1
1681,3,2,3,1,0,49,15,1
1681,4,3,4,1,0,50,16,1
1681,5,4,5,1,0,51,17,1
1681,6,5,6,1,0,52,18,1
1681,7,6,7,1,0,53,19,1
1681,8,7,7.373,0.373,0,54,20,1
1682,1,0,1,1,1,58,11,1
1682,2,1,2,1,0,59,12,1
1682,3,2,3,1,0,60,13,1
1682,4,3,4,1,0,61,14,1
1682,5,4,4.065,0.065,0,62,15,1
1683,1,0,1,1,0,45,13,1
1683,2,1,2,1,0,46,14,1
1683,3,2,2.561,0.561,1,47,15,1
1684,1,0,1,1,0,25,12,1
1684,2,1,2,1,1,26,13,1
1684,3,2,2.894,0.894,0,27,14,1
1685,1,0,0.773,0.773,0,32,7,1
1686,1,0,1,1,4,21,10,1
1686,2,1,2,1,0,22,11,1
1686,3,2,3,1,0,23,12,1
1686,4,3,4,1,0,24,13,1
1686,5,4,5,1,3,25,14,1
1686,6,5,6,1,0,26,15,1
1686,7,6,7,1,4,27,16,1
1686,8,7,7.003,0.003,0,28,17,1
1687,1,0,0.983,0.983,0,42,5,1
1688,1,0,1,1,0,18,3,1
1688,2,1,2,1,0,19,4,1
1688,3,2,3,1,0,20,5,1
1688,4,3,3.574,0.574,0,21,6,1
1689,1,0,1,1,0,36,9,1
1689,2,1,2,1,0,37,10,1
1689,3,2,3,1,0,38,11,1
1689,4,3,4,1,1,39,12,1
1689,5,4,4.157,0.157,0,40,13,1
1690,1,0,1,1,0,40,0,1
1690,2,1,1.698,0.698,0,41,1,1
1691,1,0,1,1,0,27,12,1
1691,2,1,2,1,0,28,13,1
1691,3,2,3,1,0,29,14,1
1691,4,3,3.399,0.399,0,30,15,1
1692,1,0,1,1,0,36,6,1
1692,2,1,1.821,0.821,0,37,7,1
1693,1,0,1,1,0,34,10,1
1693,2,1,2,1,0,35,11,1
1693,3,2,2.299,0.299,0,36,12,1
1694,1,0,1,1,0,43,8,1
1694,2,1,2,1,1,44,9,1
1694,3,2,3,1,0,45,10,1
1694,4,3,4,1,0,46,11,1
1694,5,4,5,1,0,47,12,1
1694,6,5,6,1,0,48,13,1
1694,7,6,7,1,0,49,14,1
1694,8,7,7.662,0.662,0,50,15,1
1695,1,0,1,1,0,39,13,1
1695,2,1,2,1,0,40,14,1
1695,3,2,2.466,0.466,0,41,15,1
1696,1,0,0.674,0.674,0,70,4,1
1697,1,0,1,1,0,49,6,1
1697,2,1,1.884,0.884,0,50,7,1
1698,1,0,1,1,0,31,4,1
1698,2,1,2,1,0,32,5,1
1698,3,2,3,1,0,33,6,1
1698,4,3,4,1,0,34,7,1
1698,5,4,5,1,0,35,8,1
1698,6,5,5.639,0.639,0,36,9,1
1699,1,0,1,1,0,19,17,1
1699,2,1,2,1,0,20,18,1
1699,3,2,2.087,0.087,0,21,19,1
1700,1,0,1,1,0,71,10,1
1700,2,1,2,1,0,72,11,1
1700,3,2,3,1,0,73,12,1
1700,4,3,4,1,0,74,13,1
1700,5,4,5,1,0,75,14,1
1700,6,5,6,1,0,76,15,1
1700,7,6,7,1,0,77,16,1
1700,8,7,8,1,0,78,17,1
1700,9,8,9,1,0,79,18,1
1700,10,9,9.771,0.771,0,80,19,1
1701,1,0,1,1,0,67,7,1
1701,2,1,2,1,0,68,8,1
1701,3,2,3,1,1,69,9,1
1701,4,3,4,1,1,70,10,1
1701,5,4,4.386,0.386,0,71,11,1
1702,1,0,1,1,0,36,9,1
1702,2,1,2,1,0,37,10,1
1702,3,2,3,1,0,38,11,1
1702,4,3,4,1,0,39,12,1
1702,5,4,5,1,0,40,13,1
1702,6,5,5.633,0.633,0,41,14,1
1703,1,0,1,1,0,54,13,1
1703,2,1,2,1,0,55,14,1
1703,3,2,3,1,0,56,15,1
1703,4,3,4,1,0,57,16,1
1703,5,4,4.247,0.247,0,58,17,1
1704,1,0,1,1,0,40,8,1
1704,2,1,2,1,1,41,9,1
1704,3,2,3,1,0,42,10,1
1704,4,3,3.772,0.772,1,43,11,1
1705,1,0,1,1,0,64,8,1
1705,2,1,1.321,0.321,0,65,9,1
1706,1,0,1,1,0,58,9,1
1706,2,1,1.096,0.096,0,59,10,1
1707,1,0,0.703,0.703,0,45,7,1
1708,1,0,1,1,0,41,7,1
1708,2,1,2,1,0,42,8,1
1708,3,2,3,1,0,43,9,1
1708,4,3,4,1,0,44,10,1
1708,5,4,5,1,1,45,11,1
1708,6,5,6,1,0,46,12,1
1708,7,6,6.624,0.624,0,47,13,1
1709,1,0,1,1,0,65,0,1
1709,2,1,2,1,0,66,1,1
1709,3,2,3,1,0,67,2,1
1709,4,3,4,1,0,68,3,1
1709,5,4,5,1,1,69,4,1
1709,6,5,6,1,0,70,5,1
1709,7,6,7,1,0,71,6,1
1709,8,7,7.343,0.343,0,72,7,1
1710,1,0,1,1,0,51,10,1
1710,2,1,2,1,0,52,11,1
1710,3,2,3,1,0,53,12,1
1710,4,3,4,1,0,54,13,1
1710,5,4,5,1,0,55,14,1
1710,6,5,6,1,0,56,15,1
1710,7,6,7,1,0,57,16,1
1710,8,7,7.816,0.816,0,58,17,1
1711,1,0,1,1,0,28,18,1
1711,2,1,1.581,0.581,1,29,19,1
1712,1,0,1,1,0,57,18,1
1712,2,1,1.471,0.471,0,58,19,1
1713,1,0,1,1,0,18,8,1
1713,2,1,2,1,0,19,9,1
1713,3,2,2.799,0.799,0,20,10,1
1714,1,0,1,1,0,58,6,1
1714,2,1,1.756,0.756,0,59,7,1
1715,1,0,1,1,0,19,10,1
1715,2,1,2,1,0,20,11,1
1715,3,2,2.649,0.649,0,21,12,1
1716,1,0,1,1,0,33,12,1
1716,2,1,2,1,0,34,13,1
1716,3,2,3,1,1,35,14,1
1716,4,3,4,1,0,36,15,1
1716,5,4,4.502,0.502,0,37,16,1
1717,1,0,1,1,0,50,16,1
1717,2,1,1.402,0.402,0,51,17,1
1718,1,0,1,1,0,46,8,1
1718,2,1,1.342,0.342,0,47,9,1
1719,1,0,1,1,0,26,12,1
1719,2,1,1.238,0.238,0,27,13,1
1720,1,0,1,1,1,58,3,1
1720,2,1,1.26,0.26,0,59,4,1
1721,1,0,1,1,0,58,7,1
1721,2,1,2,1,0,59,8,1
1721,3,2,3,1,0,60,9,1
1721,4,3,4,1,0,61,10,1
1721,5,4,5,1,0,62,11,1
1721,6,5,6,1,0,63,12,1
1721,7,6,6.047,0.047,0,64,13,1
1722,1,0,1,1,0,31,9,1
1722,2,1,2,1,0,32,10,1
1722,3,2,3,1,0,33,11,1
1722,4,3,3.816,0.816,0,34,12,1
1723,1,0,1,1,0,68,3,1
1723,2,1,2,1,0,69,4,1
1723,3,2,3,1,0,70,5,1
1723,4,3,4,1,0,71,6,1
1723,5,4,5,1,0,72,7,1
1723,6,5,5.417,0.417,0,73,8,1
1724,1,0,1,1,0,18,0,1
1724,2,1,2,1,0,19,1,1
1724,3,2,3,1,0,20,2,1
1724,4,3,4,1,0,21,3,1
1724,5,4,5,1,0,22,4,1
1724,6,5,6,1,0,23,5,1
1724,7,6,6.393,0.393,0,24,6,1
1725,1,0,1,1,0,18,11,1
1725,2,1,2,1,0,19,12,1
1725,3,2,2.235,0.235,1,20,13,1
1726,1,0,1,1,1,29,2,1
1726,2,1,2,1,0,30,3,1
1726,3,2,3,1,1,31,4,1
1726,4,3,4,1,0,32,5,1
1726,5,4,4.048,0.048,0,33,6,1
1727,1,0,1,1,1,50,3,1
1727,2,1,2,1,0,51,4,1
1727,3,2,2.083,0.083,0,52,5,1
1728,1,0,1,1,0,50,0,1
1728,2,1,2,1,0,51,1,1
1728,3,2,3,1,0,52,2,1
1728,4,3,4,1,0,53,3,1
1728,5,4,5,1,0,54,4,1
1728,6,5,6,1,0,55,5,1
1728,7,6,7,1,0,56,6,1
1728,8,7,7.005,0.005,0,57,7,1
1729,1,0,1,1,0,28,1,1
1729,2,1,1.638,0.638,0,29,2,1
1730,1,0,1,1,0,30,9,1
1730,2,1,1.322,0.322,0,31,10,1
1731,1,0,1,1,0,77,7,1
1731,2,1,1.555,0.555,0,78,8,1
1732,1,0,1,1,0,52,1,1
1732,2,1,2,1,0,53,2,1
1732,3,2,3,1,0,54,3,1
1732,4,3,3.693,0.693,0,55,4,1
1733,1,0,1,1,0,18,0,1
1733,2,1,2,1,0,19,1,1
1733,3,2,3,1,0,20,2,1
1733,4,3,4,1,0,21,3,1
1733,5,4,4.522,0.522,0,22,4,1
1734,1,0,1,1,0,39,4,1
1734,2,1,2,1,0,40,5,1
1734,3,2,3,1,0,41,6,1
1734,4,3,4,1,1,42,7,1
1734,5,4,5,1,0,43,8,1
1734,6,5,6,1,0,44,9,1
1734,7,6,6.562,0.562,0,45,10,1
1735,1,0,1,1,0,51,11,1
1735,2,1,2,1,0,52,12,1
1735,3,2,3,1,0,53,13,1
1735,4,3,3.268,0.268,0,54,14,1
1736,1,0,1,1,0,33,12,1
1736,2,1,2,1,1,34,13,1
1736,3,2,2.505,0.505,0,35,14,1
1737,1,0,1,1,0,45,6,1
1737,2,1,1.42,0.42,0,46,7,1
1738,1,0,1,1,0,48,14,1
1738,2,1,2,1,0,49,15,1
1738,3,2,3,1,0,50,16,1
1738,4,3,3.598,0.598,0,51,17,1
1739,1,0,1,1,0,69,11,1
1739,2,1,2,1,0,70,12,1
1739,3,2,3,1,0,71,13,1
1739,4,3,4,1,0,72,14,1
1739,5,4,5,1,0,73,15,1
1739,6,5,6,1,0,74,16,1
1739,7,6,6.329,0.329,0,75,17,1
1740,1,0,0.983,0.983,0,42,4,1
1741,1,0,1,1,0,56,6,1
1741,2,1,2,1,0,57,7,1
1741,3,2,3,1,0,58,8,1
1741,4,3,4,1,0,59,9,1
1741,5,4,5,1,0,60,10,1
1741,6,5,6,1,0,61,11,1
1741,7,6,6.924,0.924,0,62,12,1
1742,1,0,1,1,0,66,11,1
1742,2,1,2,1,0,67,12,1
1742,3,2,3,1,2,68,13,1
1742,4,3,4,1,0,69,14,1
1742,5,4,5,1,0,70,15,1
1742,6,5,6,1,0,71,16,1
1742,7,6,6.039,0.039,0,72,17,1
1743,1,0,1,1,0,46,15,1
1743,2,1,2,1,0,47,16,1
1743,3,2,3,1,0,48,17,1
1743,4,3,4,1,0,49,18,1
1743,5,4,5,1,0,50,19,1
1743,6,5,5.067,0.067,0,51,20,1
1744,1,0,1,1,0,46,20,1
1744,2,1,2,1,2,47,21,1
1744,3,2,3,1,0,48,22,1
1744,4,3,4,1,0,49,23,1
1744,5,4,5,1,0,50,24,1
1744,6,5,6,1,0,51,25,1
1744,7,6,6.522,0.522,0,52,26,1
1745,1,0,1,1,0,50,5,1
1745,2,1,1.623,0.623,0,51,6,1
1746,1,0,1,1,0,31,11,1
1746,2,1,2,1,0,32,12,1
1746,3,2,3,1,0,33,13,1
1746,4,3,4,1,0,34,14,1
1746,5,4,5,1,0,35,15,1
1746,6,5,6,1,0,36,16,1
1746,7,6,6.499,0.499,0,37,17,1
1747,1,0,1,1,0,50,13,1
1747,2,1,2,1,0,51,14,1
1747,3,2,3,1,0,52,15,1
1747,4,3,4,1,0,53,16,1
1747,5,4,5,1,1,54,17,1
1747,6,5,5.997,0.997,0,55,18,1
1748,1,0,1,1,0,86,7,1
1748,2,1,2,1,0,87,8,1
1748,3,2,3,1,0,88,9,1
1748,4,3,3.838,0.838,0,89,10,1
1749,1,0,1,1,0,55,7,1
1749,2,1,2,1,0,56,8,1
1749,3,2,2.11,0.11,0,57,9,1
1750,1,0,1,1,0,42,10,1
1750,2,1,2,1,1,43,11,1
1750,3,2,3,1,0,44,12,1
1750,4,3,4,1,0,45,13,1
1750,5,4,5,1,0,46,14,1
1750,6,5,6,1,0,47,15,1
1750,7,6,7,1,1,48,16,1
1750,8,7,8,1,0,49,17,1
1750,9,8,9,1,0,50,18,1
1750,10,9,9.508,0.508,0,51,19,1
1751,1,0,1,1,1,20,11,1
1751,2,1,2,1,2,21,12,1
1751,3,2,3,1,1,22,13,1
1751,4,3,4,1,1,23,14,1
1751,5,4,4.099,0.099,0,24,15,1
1752,1,0,1,1,0,56,14,1
1752,2,1,2,1,0,57,15,1
1752,3,2,3,1,0,58,16,1
1752,4,3,4,1,0,59,17,1
1752,5,4,5,1,0,60,18,1
1752,6,5,6,1,1,61,19,1
1752,7,6,7,1,0,62,20,1
1752,8,7,7.691,0.691,0,63,21,1
1753,1,0,1,1,0,59,15,1
1753,2,1,2,1,0,60,16,1
1753,3,2,3,1,0,61,17,1
1753,4,3,4,1,0,62,18,1
1753,5,4,5,1,0,63,19,1
1753,6,5,6,1,0,64,20,1
1753,7,6,7,1,0,65,21,1
1753,8,7,7.88,0.88,0,66,22,1
1754,1,0,1,1,0,31,21,1
1754,2,1,1.623,0.623,0,32,22,1
1755,1,0,1,1,0,35,2,1
1755,2,1,1.207,0.207,0,36,3,1
1756,1,0,1,1,0,21,7,1
1756,2,1,2,1,1,22,8,1
1756,3,2,2.402,0.402,0,23,9,1
1757,1,0,1,1,0,30,1,1
1757,2,1,2,1,0,31,2,1
1757,3,2,3,1,1,32,3,1
1757,4,3,4,1,1,33,4,1
1757,5,4,5,1,0,34,5,1
1757,6,5,5.278,0.278,0,35,6,1
1758,1,0,1,1,0,35,9,1
1758,2,1,2,1,1,36,10,1
1758,3,2,3,1,1,37,11,1
1758,4,3,4,1,0,38,12,1
1758,5,4,4.077,0.077,0,39,13,1
1759,1,0,1,1,0,62,11,1
1759,2,1,2,1,0,63,12,1
1759,3,2,3,1,0,64,13,1
1759,4,3,4,1,0,65,14,1
1759,5,4,5,1,0,66,15,1
1759,6,5,5.304,0.304,0,67,16,1
1760,1,0,1,1,1,51,7,1
1760,2,1,2,1,0,52,8,1
1760,3,2,2.552,0.552,1,53,9,1
1761,1,0,1,1,0,32,12,1
1761,2,1,2,1,0,33,13,1
1761,3,2,3,1,0,34,14,1
1761,4,3,4,1,0,35,15,1
1761,5,4,4.647,0.647,1,36,16,1
1762,1,0,1,1,0,61,8,1
1762,2,1,1.311,0.311,0,62,9,1
1763,1,0,1,1,0,25,6,1
1763,2,1,1.835,0.835,1,26,7,1
1764,1,0,1,1,0,24,4,1
1764,2,1,2,1,0,25,5,1
1764,3,2,3,1,0,26,6,1
1764,4,3,4,1,0,27,7,1
1764,5,4,5,1,0,28,8,1
1764,6,5,6,1,0,29,9,1
1764,7,6,6.792,0.792,0,30,10,1
1765,1,0,1,1,0,53,5,1
1765,2,1,2,1,0,54,6,1
1765,3,2,2.381,0.381,0,55,7,1
1766,1,0,1,1,0,37,4,1
1766,2,1,1.567,0.567,0,38,5,1
1767,1,0,1,1,0,60,7,1
1767,2,1,2,1,0,61,8,1
1767,3,2,3,1,0,62,9,1
1767,4,3,4,1,0,63,10,1
1767,5,4,5,1,0,64,11,1
1767,6,5,6,1,0,65,12,1
1767,7,6,7,1,0,66,13,1
1767,8,7,8,1,0,67,14,1
1767,9,8,8.293,0.293,0,68,15,1
1768,1,0,1,1,0,40,10,1
1768,2,1,2,1,0,41,11,1
1768,3,2,2.036,0.036,0,42,12,1
1769,1,0,1,1,0,41,1,1
1769,2,1,1.6,0.6,0,42,2,1
1770,1,0,1,1,0,80,0,1
1770,2,1,1.952,0.952,0,81,1,1
1771,1,0,1,1,0,18,3,1
1771,2,1,2,1,0,19,4,1
1771,3,2,3,1,0,20,5,1
1771,4,3,3.482,0.482,0,21,6,1
1772,1,0,0.696,0.696,0,41,21,1
1773,1,0,1,1,0,29,9,1
1773,2,1,2,1,0,30,10,1
1773,3,2,3,1,0,31,11,1
1773,4,3,4,1,0,32,12,1
1773,5,4,5,1,1,33,13,1
1773,6,5,5.296,0.296,0,34,14,1
1774,1,0,1,1,0,34,9,1
1774,2,1,2,1,0,35,10,1
1774,3,2,3,1,0,36,11,1
1774,4,3,4,1,0,37,12,1
1774,5,4,5,1,0,38,13,1
1774,6,5,6,1,1,39,14,1
1774,7,6,7,1,2,40,15,1
1774,8,7,7.711,0.711,0,41,16,1
1775,1,0,1,1,0,71,10,1
1775,2,1,2,1,1,72,11,1
1775,3,2,3,1,0,73,12,1
1775,4,3,4,1,0,74,13,1
1775,5,4,5,1,1,75,14,1
1775,6,5,6,1,1,76,15,1
1775,7,6,7,1,0,77,16,1
1775,8,7,8,1,2,78,17,1
1775,9,8,8.382,0.382,0,79,18,1
1776,1,0,1,1,0,50,6,1
1776,2,1,2,1,0,51,7,1
1776,3,2,2.707,0.707,0,52,8,1
1777,1,0,1,1,1,31,6,1
1777,2,1,2,1,0,32,7,1
1777,3,2,3,1,0,33,8,1
1777,4,3,4,1,0,34,9,1
1777,5,4,4.728,0.728,0,35,10,1
1778,1,0,1,1,0,61,0,1
1778,2,1,2,1,0,62,1,1
1778,3,2,3,1,0,63,2,1
1778,4,3,3.492,0.492,1,64,3,1
1779,1,0,1,1,0,39,13,1
1779,2,1,1.71,0.71,0,40,14,1
1780,1,0,1,1,0,52,5,1
1780,2,1,2,1,1,53,6,1
1780,3,2,3,1,1,54,7,1
1780,4,3,4,1,0,55,8,1
1780,5,4,5,1,0,56,9,1
1780,6,5,6,1,2,57,10,1
1780,7,6,6.733,0.733,0,58,11,1
1781,1,0,1,1,0,45,11,1
1781,2,1,2,1,0,46,12,1
1781,3,2,3,1,0,47,13,1
1781,4,3,3.263,0.263,0,48,14,1
1782,1,0,1,1,0,52,6,1
1782,2,1,2,1,0,53,7,1
1782,3,2,3,1,0,54,8,1
1782,4,3,4,1,0,55,9,1
1782,5,4,5,1,0,56,10,1
1782,6,5,6,1,0,57,11,1
1782,7,6,7,1,0,58,12,1
1782,8,7,8,1,1,59,13,1
1782,9,8,9,1,0,60,14,1
1782,10,9,9.881,0.881,0,61,15,1
1783,1,0,1,1,0,18,9,1
1783,2,1,2,1,0,19,10,1
1783,3,2,3,1,0,20,11,1
1783,4,3,4,1,0,21,12,1
1783,5,4,5,1,0,22,13,1
1783,6,5,6,1,1,23,14,1
1783,7,6,6.625,0.625,0,24,15,1
1784,1,0,1,1,0,31,6,1
1784,2,1,2,1,0,32,7,1
1784,3,2,2.119,0.119,0,33,8,1
1785,1,0,1,1,0,18,17,1
1785,2,1,1.083,0.083,0,19,18,1
1786,1,0,1,1,0,51,5,1
1786,2,1,2,1,0,52,6,1
1786,3,2,3,1,0,53,7,1
1786,4,3,4,1,0,54,8,1
1786,5,4,5,1,0,55,9,1
1786,6,5,6,1,0,56,10,1
1786,7,6,6.659,0.659,0,57,11,1
1787,1,0,1,1,1,24,8,1
1787,2,1,2,1,1,25,9,1
1787,3,2,3,1,0,26,10,1
1787,4,3,4,1,1,27,11,1
1787,5,4,5,1,0,28,12,1
1787,6,5,5.218,0.218,0,29,13,1
1788,1,0,1,1,0,27,1,1
1788,2,1,1.059,0.059,0,28,2,1
1789,1,0,1,1,0,44,0,1
1789,2,1,2,1,0,45,1,1
1789,3,2,3,1,0,46,2,1
1789,4,3,4,1,0,47,3,1
1789,5,4,4.484,0.484,0,48,4,1
1790,1,0,1,1,0,26,4,1
1790,2,1,2,1,1,27,5,1
1790,3,2,2.409,0.409,0,28,6,1
1791,1,0,1,1,0,83,18,1
1791,2,1,1.723,0.723,0,84,19,1
1792,1,0,1,1,0,30,9,1
1792,2,1,2,1,0,31,10,1
1792,3,2,3,1,0,32,11,1
1792,4,3,4,1,0,33,12,1
1792,5,4,4.517,0.517,0,34,13,1
1793,1,0,1,1,0,62,16,1
1793,2,1,2,1,0,63,17,1
1793,3,2,3,1,0,64,18,1
1793,4,3,3.839,0.839,0,65,19,1
1794,1,0,1,1,0,56,9,1
1794,2,1,2,1,0,57,10,1
1794,3,2,3,1,0,58,11,1
1794,4,3,3.179,0.179,0,59,12,1
1795,1,0,1,1,0,70,16,1
1795,2,1,2,1,0,71,17,1
1795,3,2,2.465,0.465,0,72,18,1
1796,1,0,1,1,0,74,18,1
1796,2,1,1.043,0.043,0,75,19,1
1797,1,0,1,1,0,67,9,1
1797,2,1,1.71,0.71,0,68,10,1
1798,1,0,1,1,0,52,9,1
1798,2,1,2,1,0,53,10,1
1798,3,2,3,1,0,54,11,1
1798,4,3,4,1,0,55,12,1
1798,5,4,4.036,0.036,0,56,13,1
1799,1,0,0.661,0.661,0,29,14,1
1800,1,0,1,1,0,38,8,1
1800,2,1,1.701,0.701,0,39,9,1
1801,1,0,1,1,1,30,10,1
1801,2,1,2,1,2,31,11,1
1801,3,2,3,1,0,32,12,1
1801,4,3,4,1,0,33,13,1
1801,5,4,4.691,0.691,0,34,14,1
1802,1,0,1,1,1,44,5,1
1802,2,1,2,1,0,45,6,1
1802,3,2,3,1,1,46,7,1
1802,4,3,3.873,0.873,0,47,8,1
1803,1,0,1,1,0,62,5,1
1803,2,1,2,1,0,63,6,1
1803,3,2,3,1,0,64,7,1
1803,4,3,4,1,1,65,8,1
1803,5,4,4.279,0.279,0,66,9,1
1804,1,0,1,1,1,59,10,1
1804,2,1,2,1,1,60,11,1
1804,3,2,2.148,0.148,0,61,12,1
1805,1,0,1,1,0,18,11,1
1805,2,1,2,1,1,19,12,1
1805,3,2,3,1,1,20,13,1
1805,4,3,3.24,0.24,0,21,14,1
1806,1,0,1,1,0,33,12,1
1806,2,1,2,1,0,34,13,1
1806,3,2,3,1,0,35,14,1
1806,4,3,4,1,1,36,15,1
1806,5,4,5,1,0,37,16,1
1806,6,5,6,1,0,38,17,1
1806,7,6,6.018,0.018,0,39,18,1
1807,1,0,1,1,0,49,0,1
1807,2,1,1.062,0.062,0,50,1,1
1808,1,0,0.778,0.778,0,65,0,1
1809,1,0,1,1,0,44,10,1
1809,2,1,2,1,0,45,11,1
1809,3,2,2.057,0.057,0,46,12,1
1810,1,0,1,1,0,51,4,1
1810,2,1,2,1,0,52,5,1
1810,3,2,3,1,2,53,6,1
1810,4,3,4,1,0,54,7,1
1810,5,4,5,1,1,55,8,1
1810,6,5,5.523,0.523,0,56,9,1
1811,1,0,1,1,0,38,6,1
1811,2,1,2,1,0,39,7,1
1811,3,2,3,1,0,40,8,1
1811,4,3,4,1,0,41,9,1
1811,5,4,4.43,0.43,0,42,10,1
1812,1,0,1,1,0,51,14,1
1812,2,1,2,1,1,52,15,1
1812,3,2,3,1,0,53,16,1
1812,4,3,3.196,0.196,0,54,17,1
1813,1,0,1,1,0,66,6,1
1813,2,1,2,1,0,67,7,1
1813,3,2,3,1,0,68,8,1
1813,4,3,4,1,0,69,9,1
1813,5,4,5,1,0,70,10,1
1813,6,5,6,1,0,71,11,1
1813,7,6,6.653,0.653,0,72,12,1
1814,1,0,1,1,0,47,6,1
1814,2,1,2,1,0,48,7,1
1814,3,2,3,1,1,49,8,1
1814,4,3,3.306,0.306,0,50,9,1
1815,1,0,1,1,0,18,6,1
1815,2,1,1.253,0.253,0,19,7,1
1816,1,0,1,1,0,18,5,1
1816,2,1,2,1,0,19,6,1
1816,3,2,3,1,0,20,7,1
1816,4,3,4,1,1,21,8,1
1816,5,4,4.961,0.961,1,22,9,1
1817,1,0,1,1,0,56,8,1
1817,2,1,2,1,0,57,9,1
1817,3,2,3,1,0,58,10,1
1817,4,3,4,1,0,59,11,1
1817,5,4,5,1,0,60,12,1
1817,6,5,5.672,0.672,0,61,13,1
1818,1,0,1,1,0,72,7,1
1818,2,1,2,1,0,73,8,1
1818,3,2,2.406,0.406,0,74,9,1
1819,1,0,1,1,1,27,7,1
1819,2,1,1.766,0.766,0,28,8,1
1820,1,0,1,1,0,47,2,1
1820,2,1,2,1,0,48,3,1
1820,3,2,3,1,0,49,4,1
1820,4,3,4,1,0,50,5,1
1820,5,4,5,1,0,51,6,1
1820,6,5,6,1,0,52,7,1
1820,7,6,6.168,0.168,0,53,8,1
1821,1,0,1,1,0,54,5,1
1821,2,1,2,1,0,55,6,1
1821,3,2,3,1,0,56,7,1
1821,4,3,4,1,1,57,8,1
1821,5,4,5,1,0,58,9,1
1821,6,5,6,1,0,59,10,1
1821,7,6,7,1,0,60,11,1
1821,8,7,8,1,0,61,12,1
1821,9,8,9,1,0,62,13,1
1821,10,9,9.374,0.374,0,63,14,1
1822,1,0,1,1,0,61,2,1
1822,2,1,1.596,0.596,0,62,3,1
1823,1,0,1,1,0,29,5,1
1823,2,1,1.559,0.559,0,30,6,1
1824,1,0,1,1,1,21,14,1
1824,2,1,2,1,0,22,15,1
1824,3,2,3,1,0,23,16,1
1824,4,3,4,1,0,24,17,1
1824,5,4,5,1,0,25,18,1
1824,6,5,5.629,0.629,0,26,19,1
1825,1,0,1,1,0,57,2,1
1825,2,1,2,1,0,58,3,1
1825,3,2,2.441,0.441,0,59,4,1
1826,1,0,1,1,0,56,0,1
1826,2,1,2,1,0,57,1,1
1826,3,2,3,1,0,58,2,1
1826,4,3,4,1,0,59,3,1
1826,5,4,5,1,0,60,4,1
1826,6,5,6,1,1,61,5,1
1826,7,6,7,1,0,62,6,1
1826,8,7,7.52,0.52,0,63,7,1
1827,1,0,1,1,0,38,8,1
1827,2,1,2,1,0,39,9,1
1827,3,2,3,1,0,40,10,1
1827,4,3,4,1,0,41,11,1
1827,5,4,5,1,0,42,12,1
1827,6,5,6,1,0,43,13,1
1827,7,6,7,1,0,44,14,1
1827,8,7,7.693,0.693,0,45,15,1
1828,1,0,1,1,0,43,4,1
1828,2,1,2,1,0,44,5,1
1828,3,2,2.452,0.452,0,45,6,1
1829,1,0,1,1,0,51,8,1
1829,2,1,1.011,0.011,0,52,9,1
1830,1,0,1,1,0,45,9,1
1830,2,1,2,1,0,46,10,1
1830,3,2,3,1,0,47,11,1
1830,4,3,4,1,0,48,12,1
1830,5,4,5,1,0,49,13,1
1830,6,5,5.915,0.915,0,50,14,1
1831,1,0,1,1,0,57,5,1
1831,2,1,2,1,0,58,6,1
1831,3,2,3,1,0,59,7,1
1831,4,3,4,1,0,60,8,1
1831,5,4,4.553,0.553,0,61,9,1
1832,1,0,1,1,1,36,16,1
1832,2,1,2,1,1,37,17,1
1832,3,2,3,1,0,38,18,1
1832,4,3,4,1,0,39,19,1
1832,5,4,5,1,0,40,20,1
1832,6,5,6,1,1,41,21,1
1832,7,6,7,1,1,42,22,1
1832,8,7,8,1,0,43,23,1
1832,9,8,8.814,0.814,1,44,24,1
1833,1,0,1,1,0,57,9,1
1833,2,1,1.941,0.941,0,58,10,1
1834,1,0,1,1,0,50,8,1
1834,2,1,2,1,0,51,9,1
1834,3,2,3,1,0,52,10,1
1834,4,3,4,1,0,53,11,1
1834,5,4,5,1,0,54,12,1
1834,6,5,5.101,0.101,0,55,13,1
1835,1,0,1,1,0,57,12,1
1835,2,1,2,1,0,58,13,1
1835,3,2,3,1,0,59,14,1
1835,4,3,4,1,0,60,15,1
1835,5,4,5,1,0,61,16,1
1835,6,5,6,1,0,62,17,1
1835,7,6,6.926,0.926,0,63,18,1
1836,1,0,1,1,0,33,15,1
1836,2,1,2,1,1,34,16,1
1836,3,2,3,1,0,35,17,1
1836,4,3,3.317,0.317,0,36,18,1
1837,1,0,1,1,0,34,7,1
1837,2,1,2,1,0,35,8,1
1837,3,2,3,1,1,36,9,1
1837,4,3,4,1,0,37,10,1
1837,5,4,5,1,0,38,11,1
1837,6,5,6,1,1,39,12,1
1837,7,6,7,1,1,40,13,1
1837,8,7,8,1,0,41,14,1
1837,9,8,8.416,0.416,0,42,15,1
1838,1,0,1,1,1,48,2,1
1838,2,1,2,1,0,49,3,1
1838,3,2,3,1,0,50,4,1
1838,4,3,4,1,0,51,5,1
1838,5,4,4.121,0.121,0,52,6,1
1839,1,0,1,1,0,70,7,1
1839,2,1,2,1,0,71,8,1
1839,3,2,3,1,0,72,9,1
1839,4,3,4,1,0,73,10,1
1839,5,4,4.95,0.95,0,74,11,1
1840,1,0,1,1,0,60,9,1
1840,2,1,2,1,0,61,10,1
1840,3,2,3,1,1,62,11,1
1840,4,3,3.807,0.807,0,63,12,1
1841,1,0,1,1,1,26,9,1
1841,2,1,1.276,0.276,0,27,10,1
1842,1,0,1,1,0,55,18,1
1842,2,1,2,1,0,56,19,1
1842,3,2,3,1,0,57,20,1
1842,4,3,4,1,1,58,21,1
1842,5,4,4.528,0.528,0,59,22,1
1843,1,0,1,1,0,28,3,1
1843,2,1,2,1,0,29,4,1
1843,3,2,3,1,0,30,5,1
1843,4,3,4,1,0,31,6,1
1843,5,4,4.388,0.388,0,32,7,1
1844,1,0,1,1,0,56,7,1
1844,2,1,1.902,0.902,0,57,8,1
1845,1,0,1,1,0,41,15,1
1845,2,1,2,1,1,42,16,1
1845,3,2,3,1,0,43,17,1
1845,4,3,4,1,0,44,18,1
1845,5,4,4.296,0.296,0,45,19,1
1846,1,0,1,1,1,54,15,1
1846,2,1,2,1,1,55,16,1
1846,3,2,2.231,0.231,0,56,17,1
1847,1,0,1,1,0,55,12,1
1847,2,1,2,1,0,56,13,1
1847,3,2,3,1,0,57,14,1
1847,4,3,4,1,0,58,15,1
1847,5,4,5,1,0,59,16,1
1847,6,5,6,1,0,60,17,1
1847,7,6,7,1,0,61,18,1
1847,8,7,7.354,0.354,0,62,19,1
1848,1,0,1,1,1,19,5,1
1848,2,1,2,1,0,20,6,1
1848,3,2,3,1,0,21,7,1
1848,4,3,3.241,0.241,1,22,8,1
1849,1,0,1,1,2,22,13,1
1849,2,1,2,1,1,23,14,1
1849,3,2,3,1,0,24,15,1
1849,4,3,3.564,0.564,0,25,16,1
1850,1,0,1,1,0,46,9,1
1850,2,1,2,1,0,47,10,1
1850,3,2,3,1,0,48,11,1
1850,4,3,3.083,0.083,0,49,12,1
1851,1,0,1,1,0,52,8,1
1851,2,1,2,1,0,53,9,1
1851,3,2,2.6,0.6,0,54,10,1
1852,1,0,1,1,0,41,15,1
1852,2,1,2,1,0,42,16,1
1852,3,2,3,1,0,43,17,1
1852,4,3,3.461,0.461,0,44,18,1
1853,1,0,1,1,0,43,12,1
1853,2,1,1.956,0.956,0,44,13,1
1854,1,0,1,1,0,22,12,1
1854,2,1,2,1,1,23,13,1
1854,3,2,3,1,1,24,14,1
1854,4,3,3.64,0.64,1,25,15,1
1855,1,0,1,1,0,38,16,1
1855,2,1,2,1,0,39,17,1
1855,3,2,3,1,0,40,18,1
1855,4,3,4,1,0,41,19,1
1855,5,4,5,1,0,42,20,1
1855,6,5,5.374,0.374,0,43,21,1
1856,1,0,1,1,0,35,13,1
1856,2,1,2,1,0,36,14,1
1856,3,2,3,1,0,37,15,1
1856,4,3,4,1,0,38,16,1
1856,5,4,5,1,1,39,17,1
1856,6,5,6,1,0,40,18,1
1856,7,6,7,1,0,41,19,1
1856,8,7,7.872,0.872,0,42,20,1
1857,1,0,1,1,0,63,6,1
1857,2,1,1.722,0.722,0,64,7,1
1858,1,0,1,1,0,52,6,1
1858,2,1,2,1,0,53,7,1
1858,3,2,3,1,0,54,8,1
1858,4,3,4,1,0,55,9,1
1858,5,4,5,1,0,56,10,1
1858,6,5,5.799,0.799,0,57,11,1
1859,1,0,1,1,0,44,12,1
1859,2,1,1.909,0.909,1,45,13,1
1860,1,0,1,1,0,43,5,1
1860,2,1,1.903,0.903,0,44,6,1
1861,1,0,1,1,0,47,5,1
1861,2,1,2,1,0,48,6,1
1861,3,2,3,1,0,49,7,1
1861,4,3,4,1,0,50,8,1
1861,5,4,4.795,0.795,0,51,9,1
1862,1,0,1,1,0,41,7,1
1862,2,1,2,1,0,42,8,1
1862,3,2,3,1,0,43,9,1
1862,4,3,4,1,0,44,10,1
1862,5,4,4.287,0.287,0,45,11,1
1863,1,0,1,1,0,18,11,1
1863,2,1,1.674,0.674,0,19,12,1
1864,1,0,1,1,0,37,7,1
1864,2,1,2,1,0,38,8,1
1864,3,2,3,1,0,39,9,1
1864,4,3,3.789,0.789,0,40,10,1
1865,1,0,1,1,0,45,8,1
1865,2,1,2,1,0,46,9,1
1865,3,2,3,1,0,47,10,1
1865,4,3,4,1,0,48,11,1
1865,5,4,5,1,0,49,12,1
1865,6,5,6,1,0,50,13,1
1865,7,6,7,1,0,51,14,1
1865,8,7,8,1,0,52,15,1
1865,9,8,8.558,0.558,0,53,16,1
1866,1,0,1,1,0,28,5,1
1866,2,1,1.764,0.764,0,29,6,1
1867,1,0,1,1,0,61,0,1
1867,2,1,2,1,0,62,1,1
1867,3,2,3,1,0,63,2,1
1867,4,3,4,1,0,64,3,1
1867,5,4,5,1,0,65,4,1
1867,6,5,5.053,0.053,0,66,5,1
1868,1,0,1,1,0,48,5,1
1868,2,1,2,1,0,49,6,1
1868,3,2,3,1,0,50,7,1
1868,4,3,4,1,0,51,8,1
1868,5,4,5,1,0,52,9,1
1868,6,5,5.084,0.084,0,53,10,1
1869,1,0,1,1,0,42,8,1
1869,2,1,2,1,0,43,9,1
1869,3,2,3,1,0,44,10,1
1869,4,3,3.987,0.987,0,45,11,1
1870,1,0,1,1,0,48,2,1
1870,2,1,2,1,0,49,3,1
1870,3,2,2.907,0.907,0,50,4,1
1871,1,0,0.324,0.324,0,49,6,1
1872,1,0,1,1,0,46,2,1
1872,2,1,1.35,0.35,0,47,3,1
1873,1,0,1,1,1,71,2,1
1873,2,1,2,1,0,72,3,1
1873,3,2,2.224,0.224,0,73,4,1
1874,1,0,1,1,0,49,13,1
1874,2,1,2,1,0,50,14,1
1874,3,2,3,1,0,51,15,1
1874,4,3,4,1,0,52,16,1
1874,5,4,5,1,0,53,17,1
1874,6,5,6,1,0,54,18,1
1874,7,6,7,1,0,55,19,1
1874,8,7,7.137,0.137,0,56,20,1
1875,1,0,1,1,0,41,12,1
1875,2,1,2,1,0,42,13,1
1875,3,2,2.793,0.793,0,43,14,1
1876,1,0,1,1,0,48,12,1
1876,2,1,2,1,0,49,13,1
1876,3,2,3,1,0,50,14,1
1876,4,3,4,1,0,51,15,1
1876,5,4,5,1,1,52,16,1
1876,6,5,5.769,0.769,0,53,17,1
1877,1,0,1,1,0,58,5,1
1877,2,1,2,1,0,59,6,1
1877,3,2,3,1,0,60,7,1
1877,4,3,3.723,0.723,0,61,8,1
1878,1,0,1,1,0,35,21,1
1878,2,1,1.819,0.819,0,36,22,1
1879,1,0,1,1,0,37,11,1
1879,2,1,2,1,0,38,12,1
1879,3,2,3,1,0,39,13,1
1879,4,3,4,1,0,40,14,1
1879,5,4,4.401,0.401,0,41,15,1
1880,1,0,1,1,0,59,7,1
1880,2,1,2,1,0,60,8,1
1880,3,2,3,1,0,61,9,1
1880,4,3,4,1,0,62,10,1
1880,5,4,5,1,0,63,11,1
1880,6,5,5.631,0.631,0,64,12,1
1881,1,0,1,1,0,25,15,1
1881,2,1,1.647,0.647,0,26,16,1
1882,1,0,1,1,0,56,8,1
1882,2,1,1.129,0.129,0,57,9,1
1883,1,0,1,1,0,55,7,1
1883,2,1,2,1,0,56,8,1
1883,3,2,3,1,0,57,9,1
1883,4,3,4,1,0,58,10,1
1883,5,4,5,1,0,59,11,1
1883,6,5,6,1,0,60,12,1
1883,7,6,7,1,0,61,13,1
1883,8,7,7.978,0.978,0,62,14,1
1884,1,0,1,1,0,37,4,1
1884,2,1,2,1,0,38,5,1
1884,3,2,3,1,0,39,6,1
1884,4,3,4,1,0,40,7,1
1884,5,4,5,1,0,41,8,1
1884,6,5,5.983,0.983,0,42,9,1
1885,1,0,1,1,0,51,10,1
1885,2,1,2,1,1,52,11,1
1885,3,2,3,1,0,53,12,1
1885,4,3,3.852,0.852,0,54,13,1
1886,1,0,1,1,0,43,0,1
1886,2,1,2,1,0,44,1,1
1886,3,2,3,1,0,45,2,1
1886,4,3,4,1,0,46,3,1
1886,5,4,5,1,0,47,4,1
1886,6,5,6,1,0,48,5,1
1886,7,6,6.855,0.855,0,49,6,1
1887,1,0,1,1,0,75,0,1
1887,2,1,2,1,0,76,1,1
1887,3,2,3,1,1,77,2,1
1887,4,3,3.498,0.498,0,78,3,1
1888,1,0,1,1,0,55,9,1
1888,2,1,2,1,0,56,10,1
1888,3,2,3,1,0,57,11,1
1888,4,3,4,1,2,58,12,1
1888,5,4,4.952,0.952,0,59,13,1
1889,1,0,1,1,0,54,10,1
1889,2,1,2,1,0,55,11,1
1889,3,2,3,1,1,56,12,1
1889,4,3,4,1,0,57,13,1
1889,5,4,5,1,0,58,14,1
1889,6,5,6,1,0,59,15,1
1889,7,6,7,1,0,60,16,1
1889,8,7,8,1,0,61,17,1
1889,9,8,9,1,0,62,18,1
1889,10,9,9.11,0.11,0,63,19,1
1890,1,0,1,1,0,29,12,1
1890,2,1,2,1,0,30,13,1
1890,3,2,3,1,0,31,14,1
1890,4,3,3.162,0.162,0,32,15,1
1891,1,0,1,1,0,54,9,1
1891,2,1,2,1,0,55,10,1
1891,3,2,3,1,0,56,11,1
1891,4,3,3.011,0.011,0,57,12,1
1892,1,0,1,1,0,62,1,1
1892,2,1,2,1,0,63,2,1
1892,3,2,2.608,0.608,0,64,3,1
1893,1,0,1,1,0,32,10,1
1893,2,1,2,1,0,33,11,1
1893,3,2,2.799,0.799,0,34,12,1
1894,1,0,1,1,0,28,5,1
1894,2,1,2,1,0,29,6,1
1894,3,2,2.51,0.51,1,30,7,1
1895,1,0,1,1,0,46,8,1
1895,2,1,2,1,0,47,9,1
1895,3,2,3,1,0,48,10,1
1895,4,3,4,1,0,49,11,1
1895,5,4,5,1,0,50,12,1
1895,6,5,5.808,0.808,0,51,13,1
1896,1,0,1,1,0,61,9,1
1896,2,1,1.699,0.699,0,62,10,1
1897,1,0,1,1,0,44,9,1
1897,2,1,2,1,0,45,10,1
1897,3,2,2.964,0.964,0,46,11,1
1898,1,0,1,1,2,25,2,1
1898,2,1,2,1,1,26,3,1
1898,3,2,2.609,0.609,0,27,4,1
1899,1,0,1,1,0,59,13,1
1899,2,1,2,1,0,60,14,1
1899,3,2,2.182,0.182,0,61,15,1
1900,1,0,1,1,0,36,0,1
1900,2,1,2,1,0,37,1,1
1900,3,2,3,1,0,38,2,1
1900,4,3,3.148,0.148,0,39,3,1
1901,1,0,1,1,0,46,13,1
1901,2,1,2,1,0,47,14,1
1901,3,2,3,1,0,48,15,1
1901,4,3,3.746,0.746,0,49,16,1
1902,1,0,1,1,0,81,4,1
1902,2,1,2,1,0,82,5,1
1902,3,2,3,1,0,83,6,1
1902,4,3,4,1,0,84,7,1
1902,5,4,5,1,0,85,8,1
1902,6,5,5.996,0.996,0,86,9,1
1903,1,0,1,1,0,64,0,1
1903,2,1,2,1,0,65,1,1
1903,3,2,3,1,0,66,2,1
1903,4,3,4,1,0,67,3,1
1903,5,4,4.31,0.31,0,68,4,1
1904,1,0,1,1,1,43,18,1
1904,2,1,2,1,0,44,19,1
1904,3,2,3,1,1,45,20,1
1904,4,3,4,1,0,46,21,1
1904,5,4,5,1,0,47,22,1
1904,6,5,5.881,0.881,1,48,23,1
1905,1,0,1,1,0,49,13,1
1905,2,1,2,1,0,50,14,1
1905,3,2,3,1,0,51,15,1
1905,4,3,4,1,0,52,16,1
1905,5,4,5,1,0,53,17,1
1905,6,5,6,1,0,54,18,1
1905,7,6,7,1,0,55,19,1
1905,8,7,7.997,0.997,0,56,20,1
1906,1,0,1,1,0,30,3,1
1906,2,1,2,1,0,31,4,1
1906,3,2,3,1,0,32,5,1
1906,4,3,3.22,0.22,0,33,6,1
1907,1,0,1,1,0,43,1,1
1907,2,1,2,1,0,44,2,1
1907,3,2,2.089,0.089,0,45,3,1
1908,1,0,1,1,0,52,13,1
1908,2,1,2,1,0,53,14,1
1908,3,2,2.117,0.117,0,54,15,1
1909,1,0,1,1,0,37,10,1
1909,2,1,2,1,0,38,11,1
1909,3,2,3,1,0,39,12,1
1909,4,3,4,1,0,40,13,1
1909,5,4,5,1,0,41,14,1
1909,6,5,5.97,0.97,0,42,15,1
1910,1,0,1,1,0,47,9,1
1910,2,1,2,1,0,48,10,1
1910,3,2,3,1,0,49,11,1
1910,4,3,4,1,0,50,12,1
1910,5,4,5,1,0,51,13,1
1910,6,5,5.5,0.5,0,52,14,1
1911,1,0,1,1,0,18,13,1
1911,2,1,2,1,0,19,14,1
1911,3,2,3,1,1,20,15,1
1911,4,3,3.119,0.119,0,21,16,1
1912,1,0,1,1,0,25,16,1
1912,2,1,2,1,0,26,17,1
1912,3,2,3,1,1,27,18,1
1912,4,3,3.042,0.042,0,28,19,1
1913,1,0,1,1,0,64,4,1
1913,2,1,1.978,0.978,1,65,5,1
1914,1,0,1,1,0,60,6,1
1914,2,1,2,1,0,61,7,1
1914,3,2,3,1,1,62,8,1
1914,4,3,3.96,0.96,0,63,9,1
1915,1,0,1,1,0,73,12,1
1915,2,1,2,1,2,74,13,1
1915,3,2,3,1,0,75,14,1
1915,4,3,3.204,0.204,0,76,15,1
1916,1,0,1,1,0,67,9,1
1916,2,1,2,1,0,68,10,1
1916,3,2,3,1,0,69,11,1
1916,4,3,4,1,0,70,12,1
1916,5,4,5,1,0,71,13,1
1916,6,5,6,1,0,72,14,1
1916,7,6,7,1,0,73,15,1
1916,8,7,8,1,0,74,16,1
1916,9,8,8.375,0.375,0,75,17,1
1917,1,0,1,1,0,23,11,1
1917,2,1,2,1,0,24,12,1
1917,3,2,3,1,0,25,13,1
1917,4,3,4,1,0,26,14,1
1917,5,4,5,1,0,27,15,1
1917,6,5,5.597,0.597,0,28,16,1
1918,1,0,1,1,0,57,1,1
1918,2,1,1.469,0.469,0,58,2,1
1919,1,0,1,1,0,50,8,1
1919,2,1,2,1,0,51,9,1
1919,3,2,3,1,0,52,10,1
1919,4,3,4,1,1,53,11,1
1919,5,4,5,1,1,54,12,1
1919,6,5,6,1,1,55,13,1
1919,7,6,6.011,0.011,0,56,14,1
1920,1,0,1,1,1,43,9,1
1920,2,1,2,1,0,44,10,1
1920,3,2,3,1,0,45,11,1
1920,4,3,4,1,1,46,12,1
1920,5,4,5,1,0,47,13,1
1920,6,5,6,1,0,48,14,1
1920,7,6,7,1,2,49,15,1
1920,8,7,8,1,0,50,16,1
1920,9,8,8.542,0.542,1,51,17,1
1921,1,0,1,1,0,23,6,1
1921,2,1,1.497,0.497,0,24,7,1
1922,1,0,1,1,0,46,7,1
1922,2,1,2,1,0,47,8,1
1922,3,2,2.07,0.07,0,48,9,1
1923,1,0,1,1,0,58,15,1
1923,2,1,2,1,1,59,16,1
1923,3,2,3,1,1,60,17,1
1923,4,3,4,1,1,61,18,1
1923,5,4,5,1,0,62,19,1
1923,6,5,6,1,0,63,20,1
1923,7,6,7,1,0,64,21,1
1923,8,7,7.569,0.569,0,65,22,1
1924,1,0,1,1,0,49,12,1
1924,2,1,2,1,0,50,13,1
1924,3,2,3,1,0,51,14,1
1924,4,3,4,1,0,52,15,1
1924,5,4,5,1,1,53,16,1
1924,6,5,6,1,0,54,17,1
1924,7,6,7,1,0,55,18,1
1924,8,7,8,1,1,56,19,1
1924,9,8,9,1,0,57,20,1
1924,10,9,9.564,0.564,0,58,21,1
1925,1,0,1,1,0,51,5,1
1925,2,1,2,1,0,52,6,1
1925,3,2,3,1,0,53,7,1
1925,4,3,4,1,1,54,8,1
1925,5,4,5,1,0,55,9,1
1925,6,5,5.564,0.564,0,56,10,1
1926,1,0,1,1,0,49,7,1
1926,2,1,2,1,0,50,8,1
1926,3,2,3,1,0,51,9,1
1926,4,3,4,1,0,52,10,1
1926,5,4,4.032,0.032,0,53,11,1
1927,1,0,1,1,0,46,6,1
1927,2,1,2,1,0,47,7,1
1927,3,2,3,1,0,48,8,1
1927,4,3,3.99,0.99,0,49,9,1
1928,1,0,1,1,0,24,8,1
1928,2,1,1.284,0.284,0,25,9,1
1929,1,0,1,1,0,63,9,1
1929,2,1,2,1,0,64,10,1
1929,3,2,3,1,0,65,11,1
1929,4,3,4,1,0,66,12,1
1929,5,4,4.574,0.574,0,67,13,1
1930,1,0,0.771,0.771,0,55,6,1
1931,1,0,1,1,0,53,16,1
1931,2,1,2,1,0,54,17,1
1931,3,2,2.587,0.587,0,55,18,1
1932,1,0,1,1,0,57,7,1
1932,2,1,1.597,0.597,0,58,8,1
1933,1,0,1,1,0,44,8,1
1933,2,1,2,1,0,45,9,1
1933,3,2,3,1,1,46,10,1
1933,4,3,4,1,0,47,11,1
1933,5,4,5,1,0,48,12,1
1933,6,5,6,1,0,49,13,1
1933,7,6,7,1,0,50,14,1
1933,8,7,8,1,0,51,15,1
1933,9,8,8.534,0.534,0,52,16,1
1934,1,0,1,1,0,56,10,1
1934,2,1,2,1,1,57,11,1
1934,3,2,2.735,0.735,0,58,12,1
1935,1,0,1,1,0,72,7,1
1935,2,1,1.362,0.362,0,73,8,1
1936,1,0,1,1,0,38,5,1
1936,2,1,2,1,0,39,6,1
1936,3,2,3,1,0,40,7,1
1936,4,3,4,1,0,41,8,1
1936,5,4,5,1,0,42,9,1
1936,6,5,5.714,0.714,0,43,10,1
1937,1,0,1,1,0,44,3,1
1937,2,1,1.175,0.175,0,45,4,1
1938,1,0,1,1,0,32,9,1
1938,2,1,1.835,0.835,0,33,10,1
1939,1,0,1,1,0,19,18,1
1939,2,1,2,1,0,20,19,1
1939,3,2,2.874,0.874,0,21,20,1
1940,1,0,1,1,0,45,2,1
1940,2,1,2,1,0,46,3,1
1940,3,2,3,1,0,47,4,1
1940,4,3,4,1,0,48,5,1
1940,5,4,4.467,0.467,0,49,6,1
1941,1,0,1,1,0,59,13,1
1941,2,1,2,1,0,60,14,1
1941,3,2,3,1,0,61,15,1
1941,4,3,4,1,1,62,16,1
1941,5,4,5,1,0,63,17,1
1941,6,5,6,1,0,64,18,1
1941,7,6,7,1,0,65,19,1
1941,8,7,8,1,0,66,20,1
1941,9,8,8.841,0.841,0,67,21,1
1942,1,0,1,1,0,40,4,1
1942,2,1,2,1,0,41,5,1
1942,3,2,2.754,0.754,0,42,6,1
1943,1,0,1,1,0,67,13,1
1943,2,1,2,1,0,68,14,1
1943,3,2,3,1,1,69,15,1
1943,4,3,3.456,0.456,0,70,16,1
1944,1,0,1,1,0,25,4,1
1944,2,1,2,1,0,26,5,1
1944,3,2,3,1,0,27,6,1
1944,4,3,4,1,0,28,7,1
1944,5,4,5,1,0,29,8,1
1944,6,5,5.488,0.488,0,30,9,1
1945,1,0,1,1,0,57,17,1
1945,2,1,2,1,0,58,18,1
1945,3,2,3,1,0,59,19,1
1945,4,3,4,1,0,60,20,1
1945,5,4,4.627,0.627,0,61,21,1
1946,1,0,1,1,0,42,10,1
1946,2,1,2,1,0,43,11,1
1946,3,2,3,1,1,44,12,1
1946,4,3,3.896,0.896,0,45,13,1
1947,1,0,1,1,0,48,11,1
1947,2,1,2,1,0,49,12,1
1947,3,2,3,1,0,50,13,1
1947,4,3,3.121,0.121,0,51,14,1
1948,1,0,1,1,0,38,5,1
1948,2,1,2,1,0,39,6,1
1948,3,2,2.364,0.364,0,40,7,1
1949,1,0,1,1,0,44,13,1
1949,2,1,2,1,0,45,14,1
1949,3,2,3,1,1,46,15,1
1949,4,3,4,1,0,47,16,1
1949,5,4,5,1,0,48,17,1
1949,6,5,6,1,0,49,18,1
1949,7,6,7,1,0,50,19,1
1949,8,7,8,1,0,51,20,1
1949,9,8,8.98,0.98,0,52,21,1
1950,1,0,1,1,0,34,15,1
1950,2,1,2,1,1,35,16,1
1950,3,2,3,1,0,36,17,1
1950,4,3,4,1,0,37,18,1
1950,5,4,4.192,0.192,0,38,19,1
1951,1,0,1,1,0,71,6,1
1951,2,1,2,1,0,72,7,1
1951,3,2,3,1,0,73,8,1
1951,4,3,4,1,0,74,9,1
1951,5,4,5,1,0,75,10,1
1951,6,5,5.33,0.33,0,76,11,1
1952,1,0,1,1,0,50,13,1
1952,2,1,1.06,0.06,0,51,14,1
1953,1,0,1,1,0,47,14,1
1953,2,1,2,1,0,48,15,1
1953,3,2,3,1,0,49,16,1
1953,4,3,4,1,0,50,17,1
1953,5,4,5,1,1,51,18,1
1953,6,5,6,1,0,52,19,1
1953,7,6,7,1,0,53,20,1
1953,8,7,7.935,0.935,0,54,21,1
1954,1,0,1,1,0,43,9,1
1954,2,1,1.343,0.343,0,44,10,1
1955,1,0,0.491,0.491,0,46,12,1
1956,1,0,0.519,0.519,0,72,8,1
1957,1,0,1,1,0,34,13,1
1957,2,1,2,1,0,35,14,1
1957,3,2,3,1,0,36,15,1
1957,4,3,3.998,0.998,0,37,16,1
1958,1,0,1,1,0,51,11,1
1958,2,1,2,1,0,52,12,1
1958,3,2,2.14,0.14,0,53,13,1
1959,1,0,1,1,1,29,6,1
1959,2,1,2,1,1,30,7,1
1959,3,2,3,1,0,31,8,1
1959,4,3,4,1,0,32,9,1
1959,5,4,4.696,0.696,0,33,10,1
1960,1,0,1,1,0,48,0,1
1960,2,1,2,1,0,49,1,1
1960,3,2,3,1,0,50,2,1
1960,4,3,4,1,0,51,3,1
1960,5,4,5,1,0,52,4,1
1960,6,5,6,1,1,53,5,1
1960,7,6,6.215,0.215,0,54,6,1
1961,1,0,0.61,0.61,0,18,3,1
1962,1,0,1,1,0,56,8,1
1962,2,1,2,1,0,57,9,1
1962,3,2,3,1,0,58,10,1
1962,4,3,4,1,0,59,11,1
1962,5,4,5,1,1,60,12,1
1962,6,5,6,1,0,61,13,1
1962,7,6,6.053,0.053,0,62,14,1
1963,1,0,1,1,0,45,5,1
1963,2,1,1.836,0.836,0,46,6,1
1964,1,0,1,1,0,40,19,1
1964,2,1,2,1,0,41,20,1
1964,3,2,3,1,0,42,21,1
1964,4,3,4,1,0,43,22,1
1964,5,4,4.89,0.89,0,44,23,1
1965,1,0,1,1,1,50,10,1
1965,2,1,2,1,0,51,11,1
1965,3,2,2.876,0.876,0,52,12,1
1966,1,0,1,1,0,41,3,1
1966,2,1,2,1,1,42,4,1
1966,3,2,3,1,0,43,5,1
1966,4,3,3.508,0.508,0,44,6,1
1967,1,0,0.478,0.478,0,65,18,1
1968,1,0,1,1,1,63,6,1
1968,2,1,2,1,0,64,7,1
1968,3,2,3,1,0,65,8,1
1968,4,3,4,1,0,66,9,1
1968,5,4,5,1,0,67,10,1
1968,6,5,6,1,0,68,11,1
1968,7,6,6.195,0.195,0,69,12,1
1969,1,0,1,1,0,36,9,1
1969,2,1,2,1,0,37,10,1
1969,3,2,3,1,0,38,11,1
1969,4,3,4,1,0,39,12,1
1969,5,4,5,1,0,40,13,1
1969,6,5,6,1,0,41,14,1
1969,7,6,7,1,0,42,15,1
1969,8,7,7.163,0.163,0,43,16,1
1970,1,0,1,1,0,58,9,1
1970,2,1,2,1,0,59,10,1
1970,3,2,3,1,0,60,11,1
1970,4,3,4,1,0,61,12,1
1970,5,4,5,1,0,62,13,1
1970,6,5,6,1,0,63,14,1
1970,7,6,7,1,0,64,15,1
1970,8,7,7.544,0.544,0,65,16,1
1971,1,0,1,1,0,50,4,1
1971,2,1,2,1,0,51,5,1
1971,3,2,3,1,0,52,6,1
1971,4,3,4,1,0,53,7,1
1971,5,4,5,1,0,54,8,1
1971,6,5,5.635,0.635,0,55,9,1
1972,1,0,1,1,0,53,6,1
1972,2,1,2,1,0,54,7,1
1972,3,2,2.837,0.837,0,55,8,1
1973,1,0,1,1,0,35,11,1
1973,2,1,2,1,0,36,12,1
1973,3,2,3,1,0,37,13,1
1973,4,3,4,1,0,38,14,1
1973,5,4,5,1,0,39,15,1
1973,6,5,5.898,0.898,0,40,16,1
1974,1,0,1,1,0,62,7,1
1974,2,1,2,1,0,63,8,1
1974,3,2,3,1,0,64,9,1
1974,4,3,3.985,0.985,0,65,10,1
1975,1,0,1,1,0,18,6,1
1975,2,1,2,1,0,19,7,1
1975,3,2,2.689,0.689,0,20,8,1
1976,1,0,1,1,0,30,18,1
1976,2,1,2,1,0,31,19,1
1976,3,2,3,1,2,32,20,1
1976,4,3,4,1,0,33,21,1
1976,5,4,5,1,2,34,22,1
1976,6,5,6,1,1,35,23,1
1976,7,6,7,1,0,36,24,1
1976,8,7,8,1,0,37,25,1
1976,9,8,8.244,0.244,1,38,26,1
1977,1,0,1,1,0,40,14,1
1977,2,1,2,1,0,41,15,1
1977,3,2,3,1,0,42,16,1
1977,4,3,3.884,0.884,0,43,17,1
1978,1,0,1,1,1,22,8,1
1978,2,1,2,1,4,23,9,1
1978,3,2,3,1,0,24,10,1
1978,4,3,3.4,0.4,0,25,11,1
1979,1,0,1,1,0,36,0,1
1979,2,1,2,1,0,37,1,1
1979,3,2,3,1,0,38,2,1
1979,4,3,4,1,0,39,3,1
1979,5,4,5,1,0,40,4,1
1979,6,5,6,1,0,41,5,1
1979,7,6,7,1,0,42,6,1
1979,8,7,7.843,0.843,0,43,7,1
1980,1,0,1,1,0,72,1,1
1980,2,1,2,1,0,73,2,1
1980,3,2,3,1,0,74,3,1
1980,4,3,3.338,0.338,0,75,4,1
1981,1,0,1,1,0,63,15,1
1981,2,1,2,1,0,64,16,1
1981,3,2,3,1,1,65,17,1
1981,4,3,4,1,0,66,18,1
1981,5,4,5,1,0,67,19,1
1981,6,5,5.796,0.796,0,68,20,1
1982,1,0,1,1,0,49,0,1
1982,2,1,1.36,0.36,0,50,1,1
1983,1,0,1,1,0,35,6,1
1983,2,1,2,1,0,36,7,1
1983,3,2,3,1,0,37,8,1
1983,4,3,4,1,0,38,9,1
1983,5,4,5,1,0,39,10,1
1983,6,5,6,1,0,40,11,1
1983,7,6,7,1,0,41,12,1
1983,8,7,8,1,0,42,13,1
1983,9,8,8.324,0.324,0,43,14,1
1984,1,0,1,1,3,18,9,1
1984,2,1,2,1,0,19,10,1
1984,3,2,3,1,0,20,11,1
1984,4,3,4,1,1,21,12,1
1984,5,4,4.046,0.046,0,22,13,1
1985,1,0,1,1,0,29,11,1
1985,2,1,2,1,1,30,12,1
1985,3,2,3,1,0,31,13,1
1985,4,3,3.65,0.65,0,32,14,1
1986,1,0,1,1,1,18,5,1
1986,2,1,2,1,0,19,6,1
1986,3,2,3,1,0,20,7,1
1986,4,3,4,1,0,21,8,1
1986,5,4,5,1,1,22,9,1
1986,6,5,5.845,0.845,0,23,10,1
1987,1,0,1,1,1,56,12,1
1987,2,1,2,1,0,57,13,1
1987,3,2,3,1,0,58,14,1
1987,4,3,4,1,0,59,15,1
1987,5,4,5,1,0,60,16,1
1987,6,5,5.588,0.588,0,61,17,1
1988,1,0,1,1,0,73,12,1
1988,2,1,2,1,0,74,13,1
1988,3,2,3,1,0,75,14,1
1988,4,3,3.241,0.241,0,76,15,1
1989,1,0,1,1,0,59,5,1
1989,2,1,2,1,0,60,6,1
1989,3,2,3,1,0,61,7,1
1989,4,3,4,1,0,62,8,1
1989,5,4,4.123,0.123,0,63,9,1
1990,1,0,1,1,2,88,9,1
1990,2,1,2,1,1,89,10,1
1990,3,2,3,1,0,90,11,1
1990,4,3,4,1,1,91,12,1
1990,5,4,5,1,0,92,13,1
1990,6,5,5.304,0.304,1,93,14,1
1991,1,0,1,1,0,38,6,1
1991,2,1,2,1,0,39,7,1
1991,3,2,2.668,0.668,0,40,8,1
1992,1,0,1,1,0,18,5,1
1992,2,1,2,1,0,19,6,1
1992,3,2,3,1,0,20,7,1
1992,4,3,4,1,0,21,8,1
1992,5,4,4.64,0.64,0,22,9,1
1993,1,0,1,1,0,45,5,1
1993,2,1,2,1,0,46,6,1
1993,3,2,3,1,0,47,7,1
1993,4,3,4,1,0,48,8,1
1993,5,4,5,1,0,49,9,1
1993,6,5,6,1,1,50,10,1
1993,7,6,7,1,0,51,11,1
1993,8,7,8,1,0,52,12,1
1993,9,8,8.436,0.436,0,53,13,1
1994,1,0,1,1,1,73,10,1
1994,2,1,1.095,0.095,0,74,11,1
1995,1,0,1,1,0,34,5,1
1995,2,1,2,1,0,35,6,1
1995,3,2,3,1,0,36,7,1
1995,4,3,4,1,0,37,8,1
1995,5,4,5,1,0,38,9,1
1995,6,5,6,1,0,39,10,1
1995,7,6,6.276,0.276,0,40,11,1
1996,1,0,1,1,0,61,14,1
1996,2,1,2,1,0,62,15,1
1996,3,2,3,1,0,63,16,1
1996,4,3,4,1,0,64,17,1
1996,5,4,4.329,0.329,0,65,18,1
1997,1,0,1,1,0,38,7,1
1997,2,1,2,1,0,39,8,1
1997,3,2,3,1,0,40,9,1
1997,4,3,4,1,0,41,10,1
1997,5,4,4.138,0.138,0,42,11,1
1998,1,0,1,1,0,51,5,1
1998,2,1,2,1,0,52,6,1
1998,3,2,3,1,1,53,7,1
1998,4,3,4,1,0,54,8,1
1998,5,4,5,1,0,55,9,1
1998,6,5,5.569,0.569,0,56,10,1
1999,1,0,1,1,0,64,6,1
1999,2,1,2,1,0,65,7,1
1999,3,2,3,1,0,66,8,1
1999,4,3,4,1,0,67,9,1
1999,5,4,5,1,0,68,10,1
1999,6,5,5.158,0.158,0,69,11,1
2000,1,0,1,1,0,40,5,1
2000,2,1,2,1,0,41,6,1
2000,3,2,3,1,0,42,7,1
2000,4,3,4,1,0,43,8,1
2000,5,4,4.993,0.993,0,44,9,1
2001,1,0,1,1,0,59,7,1
2001,2,1,2,1,0,60,8,1
2001,3,2,3,1,0,61,9,1
2001,4,3,4,1,0,62,10,1
2001,5,4,5,1,0,63,11,1
2001,6,5,6,1,0,64,12,1
2001,7,6,7,1,0,65,13,1
2001,8,7,7.88,0.88,0,66,14,1
2002,1,0,1,1,0,25,10,1
2002,2,1,1.478,0.478,1,26,11,1
2003,1,0,1,1,0,44,10,1
2003,2,1,2,1,0,45,11,1
2003,3,2,3,1,0,46,12,1
2003,4,3,4,1,0,47,13,1
2003,5,4,4.201,0.201,0,48,14,1
2004,1,0,1,1,0,37,17,1
2004,2,1,2,1,1,38,18,1
2004,3,2,3,1,0,39,19,1
2004,4,3,4,1,0,40,20,1
2004,5,4,5,1,0,41,21,1
2004,6,5,6,1,0,42,22,1
2004,7,6,6.875,0.875,0,43,23,1
2005,1,0,1,1,1,39,6,1
2005,2,1,2,1,0,40,7,1
2005,3,2,3,1,0,41,8,1
2005,4,3,4,1,0,42,9,1
2005,5,4,5,1,0,43,10,1
2005,6,5,6,1,0,44,11,1
2005,7,6,7,1,0,45,12,1
2005,8,7,8,1,0,46,13,1
2005,9,8,9,1,0,47,14,1
2005,10,9,9.436,0.436,0,48,15,1
2006,1,0,0.127,0.127,0,39,10,1
2007,1,0,1,1,0,70,12,1
2007,2,1,2,1,0,71,13,1
2007,3,2,3,1,0,72,14,1
2007,4,3,4,1,0,73,15,1
2007,5,4,4.506,0.506,0,74,16,1
2008,1,0,1,1,0,56,9,1
2008,2,1,2,1,0,57,10,1
2008,3,2,3,1,0,58,11,1
2008,4,3,3.718,0.718,0,59,12,1
2009,1,0,1,1,0,49,12,1
2009,2,1,1.149,0.149,0,50,13,1
2010,1,0,1,1,0,53,6,1
2010,2,1,2,1,0,54,7,1
2010,3,2,2.302,0.302,0,55,8,1
2011,1,0,1,1,0,51,5,1
2011,2,1,2,1,0,52,6,1
2011,3,2,3,1,0,53,7,1
2011,4,3,3.725,0.725,0,54,8,1
2012,1,0,1,1,0,62,8,1
2012,2,1,2,1,0,63,9,1
2012,3,2,3,1,0,64,10,1
2012,4,3,3.16,0.16,0,65,11,1
2013,1,0,1,1,0,52,9,1
2013,2,1,1.618,0.618,0,53,10,1
2014,1,0,0.607,0.607,0,36,0,1
2015,1,0,1,1,0,52,5,1
2015,2,1,2,1,0,53,6,1
2015,3,2,3,1,0,54,7,1
2015,4,3,3.406,0.406,0,55,8,1
2016,1,0,1,1,0,40,13,1
2016,2,1,2,1,2,41,14,1
2016,3,2,2.82,0.82,0,42,15,1
2017,1,0,1,1,0,37,11,1
2017,2,1,2,1,0,38,12,1
2017,3,2,3,1,0,39,13,1
2017,4,3,4,1,0,40,14,1
2017,5,4,5,1,0,41,15,1
2017,6,5,6,1,0,42,16,1
2017,7,6,7,1,0,43,17,1
2017,8,7,7.152,0.152,0,44,18,1
2018,1,0,0.808,0.808,0,47,3,1
2019,1,0,1,1,0,53,8,1
2019,2,1,1.67,0.67,0,54,9,1
2020,1,0,1,1,0,35,9,1
2020,2,1,2,1,0,36,10,1
2020,3,2,3,1,0,37,11,1
2020,4,3,4,1,0,38,12,1
2020,5,4,5,1,1,39,13,1
2020,6,5,5.198,0.198,0,40,14,1
2021,1,0,1,1,0,49,10,1
2021,2,1,2,1,0,50,11,1
2021,3,2,3,1,0,51,12,1
2021,4,3,4,1,0,52,13,1
2021,5,4,4.671,0.671,0,53,14,1
2022,1,0,1,1,0,39,6,1
2022,2,1,1.196,0.196,0,40,7,1
2023,1,0,1,1,0,36,14,1
2023,2,1,1.088,0.088,0,37,15,1
2024,1,0,1,1,0,53,5,1
2024,2,1,1.405,0.405,0,54,6,1
2025,1,0,1,1,0,28,8,1
2025,2,1,2,1,0,29,9,1
2025,3,2,3,1,0,30,10,1
2025,4,3,4,1,1,31,11,1
2025,5,4,5,1,0,32,12,1
2025,6,5,6,1,1,33,13,1
2025,7,6,6.02,0.02,0,34,14,1
2026,1,0,0.764,0.764,0,26,12,1
2027,1,0,1,1,0,18,15,1
2027,2,1,1.175,0.175,0,19,16,1
2028,1,0,1,1,0,21,0,1
2028,2,1,2,1,0,22,1,1
2028,3,2,3,1,0,23,2,1
2028,4,3,3.099,0.099,0,24,3,1
2029,1,0,1,1,0,52,13,1
2029,2,1,2,1,0,53,14,1
2029,3,2,3,1,0,54,15,1
2029,4,3,4,1,0,55,16,1
2029,5,4,5,1,0,56,17,1
2029,6,5,5.069,0.069,0,57,18,1
2030,1,0,1,1,0,39,10,1
2030,2,1,2,1,0,40,11,1
2030,3,2,2.933,0.933,0,41,12,1
2031,1,0,1,1,1,45,3,1
2031,2,1,2,1,0,46,4,1
2031,3,2,3,1,0,47,5,1
2031,4,3,4,1,1,48,6,1
2031,5,4,5,1,1,49,7,1
2031,6,5,6,1,0,50,8,1
2031,7,6,6.599,0.599,0,51,9,1
2032,1,0,1,1,0,42,8,1
2032,2,1,2,1,0,43,9,1
2032,3,2,3,1,0,44,10,1
2032,4,3,3.59,0.59,0,45,11,1
2033,1,0,1,1,0,49,4,1
2033,2,1,2,1,0,50,5,1
2033,3,2,3,1,0,51,6,1
2033,4,3,4,1,0,52,7,1
2033,5,4,5,1,0,53,8,1
2033,6,5,5.416,0.416,0,54,9,1
2034,1,0,1,1,0,58,9,1
2034,2,1,2,1,0,59,10,1
2034,3,2,3,1,0,60,11,1
2034,4,3,4,1,0,61,12,1
2034,5,4,5,1,0,62,13,1
2034,6,5,5.43,0.43,0,63,14,1
2035,1,0,1,1,0,48,4,1
2035,2,1,2,1,0,49,5,1
2035,3,2,3,1,0,50,6,1
2035,4,3,4,1,1,51,7,1
2035,5,4,4.819,0.819,0,52,8,1
2036,1,0,1,1,0,35,8,1
2036,2,1,2,1,0,36,9,1
2036,3,2,3,1,0,37,10,1
2036,4,3,4,1,0,38,11,1
2036,5,4,4.45,0.45,0,39,12,1
2037,1,0,1,1,0,18,13,1
2037,2,1,2,1,1,19,14,1
2037,3,2,3,1,0,20,15,1
2037,4,3,3.648,0.648,1,21,16,1
2038,1,0,1,1,1,28,2,1
2038,2,1,2,1,1,29,3,1
2038,3,2,2.105,0.105,0,30,4,1
2039,1,0,0.112,0.112,0,35,9,1
2040,1,0,0.639,0.639,0,45,5,1
2041,1,0,1,1,0,60,8,1
2041,2,1,1.628,0.628,0,61,9,1
2042,1,0,1,1,0,18,10,1
2042,2,1,2,1,0,19,11,1
2042,3,2,3,1,0,20,12,1
2042,4,3,4,1,0,21,13,1
2042,5,4,4.658,0.658,0,22,14,1
2043,1,0,1,1,0,49,9,1
2043,2,1,2,1,0,50,10,1
2043,3,2,2.457,0.457,0,51,11,1
2044,1,0,1,1,0,47,1,1
2044,2,1,2,1,0,48,2,1
2044,3,2,3,1,0,49,3,1
2044,4,3,4,1,0,50,4,1
2044,5,4,5,1,0,51,5,1
2044,6,5,6,1,0,52,6,1
2044,7,6,6.231,0.231,0,53,7,1
2045,1,0,1,1,0,34,10,1
2045,2,1,2,1,0,35,11,1
2045,3,2,3,1,0,36,12,1
2045,4,3,4,1,0,37,13,1
2045,5,4,5,1,0,38,14,1
2045,6,5,6,1,0,39,15,1
2045,7,6,7,1,0,40,16,1
2045,8,7,8,1,0,41,17,1
2045,9,8,8.418,0.418,0,42,18,1
2046,1,0,0.842,0.842,0,32,7,1
2047,1,0,1,1,0,28,10,1
2047,2,1,1.827,0.827,0,29,11,1
2048,1,0,1,1,0,62,2,1
2048,2,1,2,1,0,63,3,1
2048,3,2,3,1,0,64,4,1
2048,4,3,4,1,0,65,5,1
2048,5,4,5,1,0,66,6,1
2048,6,5,6,1,0,67,7,1
2048,7,6,6.769,0.769,0,68,8,1
2049,1,0,1,1,0,43,6,1
2049,2,1,2,1,1,44,7,1
2049,3,2,3,1,0,45,8,1
2049,4,3,4,1,0,46,9,1
2049,5,4,5,1,0,47,10,1
2049,6,5,6,1,0,48,11,1
2049,7,6,7,1,1,49,12,1
2049,8,7,8,1,0,50,13,1
2049,9,8,8.55,0.55,0,51,14,1
2050,1,0,1,1,0,43,9,1
2050,2,1,2,1,0,44,10,1
2050,3,2,3,1,0,45,11,1
2050,4,3,3.305,0.305,0,46,12,1
2051,1,0,0.599,0.599,0,48,1,1
2052,1,0,1,1,1,39,9,1
2052,2,1,2,1,1,40,10,1
2052,3,2,2.6,0.6,0,41,11,1
2053,1,0,1,1,0,31,0,1
2053,2,1,2,1,1,32,1,1
2053,3,2,3,1,0,33,2,1
2053,4,3,3.41,0.41,0,34,3,1
2054,1,0,1,1,0,56,0,1
2054,2,1,1.489,0.489,0,57,1,1
2055,1,0,1,1,0,58,10,1
2055,2,1,2,1,0,59,11,1
2055,3,2,3,1,0,60,12,1
2055,4,3,4,1,0,61,13,1
2055,5,4,4.665,0.665,0,62,14,1
2056,1,0,0.675,0.675,2,32,6,1
2057,1,0,1,1,0,31,7,1
2057,2,1,1.622,0.622,1,32,8,1
2058,1,0,1,1,0,61,1,1
2058,2,1,2,1,0,62,2,1
2058,3,2,3,1,0,63,3,1
2058,4,3,4,1,1,64,4,1
2058,5,4,5,1,0,65,5,1
2058,6,5,6,1,0,66,6,1
2058,7,6,7,1,1,67,7,1
2058,8,7,7.221,0.221,0,68,8,1
2059,1,0,1,1,0,70,9,1
2059,2,1,2,1,0,71,10,1
2059,3,2,3,1,0,72,11,1
2059,4,3,3.055,0.055,0,73,12,1
2060,1,0,1,1,0,22,13,1
2060,2,1,2,1,1,23,14,1
2060,3,2,3,1,0,24,15,1
2060,4,3,4,1,0,25,16,1
2060,5,4,4.239,0.239,0,26,17,1
2061,1,0,1,1,0,32,5,1
2061,2,1,2,1,0,33,6,1
2061,3,2,3,1,1,34,7,1
2061,4,3,4,1,0,35,8,1
2061,5,4,5,1,0,36,9,1
2061,6,5,5.645,0.645,0,37,10,1
2062,1,0,1,1,0,50,8,1
2062,2,1,2,1,0,51,9,1
2062,3,2,3,1,0,52,10,1
2062,4,3,4,1,0,53,11,1
2062,5,4,5,1,0,54,12,1
2062,6,5,5.793,0.793,0,55,13,1
2063,1,0,1,1,1,35,8,1
2063,2,1,2,1,0,36,9,1
2063,3,2,3,1,0,37,10,1
2063,4,3,4,1,0,38,11,1
2063,5,4,4.76,0.76,0,39,12,1
2064,1,0,1,1,0,19,12,1
2064,2,1,2,1,0,20,13,1
2064,3,2,3,1,0,21,14,1
2064,4,3,4,1,0,22,15,1
2064,5,4,5,1,0,23,16,1
2064,6,5,6,1,0,24,17,1
2064,7,6,7,1,0,25,18,1
2064,8,7,7.084,0.084,0,26,19,1
2065,1,0,1,1,0,70,4,1
2065,2,1,2,1,0,71,5,1
2065,3,2,3,1,0,72,6,1
2065,4,3,4,1,0,73,7,1
2065,5,4,5,1,0,74,8,1
2065,6,5,6,1,0,75,9,1
2065,7,6,6.551,0.551,0,76,10,1
2066,1,0,1,1,0,39,0,1
2066,2,1,2,1,0,40,1,1
2066,3,2,2.718,0.718,0,41,2,1
2067,1,0,1,1,0,48,12,1
2067,2,1,1.339,0.339,0,49,13,1
2068,1,0,1,1,0,24,3,1
2068,2,1,1.954,0.954,1,25,4,1
2069,1,0,1,1,0,45,3,1
2069,2,1,1.587,0.587,0,46,4,1
2070,1,0,1,1,0,56,7,1
2070,2,1,2,1,0,57,8,1
2070,3,2,3,1,0,58,9,1
2070,4,3,4,1,0,59,10,1
2070,5,4,5,1,0,60,11,1
2070,6,5,6,1,0,61,12,1
2070,7,6,7,1,0,62,13,1
2070,8,7,8,1,0,63,14,1
2070,9,8,8.49,0.49,0,64,15,1
2071,1,0,1,1,0,61,6,1
2071,2,1,2,1,0,62,7,1
2071,3,2,3,1,0,63,8,1
2071,4,3,4,1,0,64,9,1
2071,5,4,4.581,0.581,0,65,10,1
2072,1,0,1,1,0,75,9,1
2072,2,1,2,1,0,76,10,1
2072,3,2,3,1,0,77,11,1
2072,4,3,4,1,0,78,12,1
2072,5,4,5,1,0,79,13,1
2072,6,5,6,1,1,80,14,1
2072,7,6,6.495,0.495,0,81,15,1
2073,1,0,1,1,0,52,7,1
2073,2,1,1.575,0.575,0,53,8,1
2074,1,0,1,1,0,33,9,1
2074,2,1,2,1,0,34,10,1
2074,3,2,2.954,0.954,0,35,11,1
2075,1,0,1,1,0,46,3,1
2075,2,1,1.799,0.799,0,47,4,1
2076,1,0,1,1,0,18,2,1
2076,2,1,2,1,0,19,3,1
2076,3,2,3,1,0,20,4,1
2076,4,3,3.636,0.636,0,21,5,1
2077,1,0,1,1,0,56,1,1
2077,2,1,2,1,0,57,2,1
2077,3,2,3,1,0,58,3,1
2077,4,3,3.85,0.85,0,59,4,1
2078,1,0,1,1,0,44,9,1
2078,2,1,2,1,0,45,10,1
2078,3,2,3,1,0,46,11,1
2078,4,3,4,1,0,47,12,1
2078,5,4,4.492,0.492,0,48,13,1
2079,1,0,0.721,0.721,0,38,10,1
2080,1,0,1,1,0,54,2,1
2080,2,1,2,1,0,55,3,1
2080,3,2,3,1,0,56,4,1
2080,4,3,4,1,0,57,5,1
2080,5,4,5,1,0,58,6,1
2080,6,5,6,1,0,59,7,1
2080,7,6,7,1,0,60,8,1
2080,8,7,8,1,0,61,9,1
2080,9,8,8.18,0.18,0,62,10,1
2081,1,0,0.629,0.629,0,18,11,1
2082,1,0,1,1,0,56,10,1
2082,2,1,2,1,0,57,11,1
2082,3,2,2.287,0.287,0,58,12,1
2083,1,0,1,1,0,64,3,1
2083,2,1,2,1,0,65,4,1
2083,3,2,3,1,0,66,5,1
2083,4,3,4,1,0,67,6,1
2083,5,4,4.95,0.95,0,68,7,1
2084,1,0,1,1,0,58,4,1
2084,2,1,2,1,1,59,5,1
2084,3,2,3,1,0,60,6,1
2084,4,3,4,1,0,61,7,1
2084,5,4,5,1,2,62,8,1
2084,6,5,6,1,1,63,9,1
2084,7,6,6.388,0.388,0,64,10,1
2085,1,0,1,1,0,35,15,1
2085,2,1,1.91,0.91,0,36,16,1
2086,1,0,1,1,0,32,0,1
2086,2,1,2,1,0,33,1,1
2086,3,2,3,1,0,34,2,1
2086,4,3,3.473,0.473,0,35,3,1
2087,1,0,1,1,0,51,10,1
2087,2,1,2,1,0,52,11,1
2087,3,2,2.27,0.27,0,53,12,1
2088,1,0,1,1,0,72,8,1
2088,2,1,2,1,0,73,9,1
2088,3,2,3,1,0,74,10,1
2088,4,3,3.903,0.903,0,75,11,1
2089,1,0,1,1,0,73,10,1
2089,2,1,2,1,0,74,11,1
2089,3,2,2.612,0.612,0,75,12,1
2090,1,0,1,1,0,39,9,1
2090,2,1,2,1,0,40,10,1
2090,3,2,3,1,0,41,11,1
2090,4,3,4,1,0,42,12,1
2090,5,4,5,1,0,43,13,1
2090,6,5,6,1,0,44,14,1
2090,7,6,7,1,0,45,15,1
2090,8,7,8,1,0,46,16,1
2090,9,8,9,1,0,47,17,1
2090,10,9,9.504,0.504,0,48,18,1
2091,1,0,1,1,0,53,3,1
2091,2,1,2,1,0,54,4,1
2091,3,2,3,1,0,55,5,1
2091,4,3,4,1,0,56,6,1
2091,5,4,5,1,0,57,7,1
2091,6,5,6,1,0,58,8,1
2091,7,6,6.38,0.38,0,59,9,1
2092,1,0,1,1,0,62,3,1
2092,2,1,1.827,0.827,0,63,4,1
2093,1,0,1,1,0,39,10,1
2093,2,1,2,1,1,40,11,1
2093,3,2,3,1,0,41,12,1
2093,4,3,4,1,0,42,13,1
2093,5,4,4.388,0.388,0,43,14,1
2094,1,0,1,1,0,47,19,1
2094,2,1,1.993,0.993,0,48,20,1
2095,1,0,1,1,0,37,11,1
2095,2,1,2,1,0,38,12,1
2095,3,2,3,1,0,39,13,1
2095,4,3,3.311,0.311,1,40,14,1
2096,1,0,1,1,0,48,2,1
2096,2,1,1.271,0.271,0,49,3,1
2097,1,0,1,1,0,32,0,1
2097,2,1,1.859,0.859,0,33,1,1
2098,1,0,1,1,0,18,16,1
2098,2,1,2,1,0,19,17,1
2098,3,2,3,1,0,20,18,1
2098,4,3,3.069,0.069,1,21,19,1
2099,1,0,1,1,0,64,14,1
2099,2,1,2,1,0,65,15,1
2099,3,2,3,1,0,66,16,1
2099,4,3,4,1,0,67,17,1
2099,5,4,5,1,0,68,18,1
2099,6,5,5.778,0.778,0,69,19,1
2100,1,0,1,1,0,83,12,1
2100,2,1,2,1,1,84,13,1
2100,3,2,3,1,0,85,14,1
2100,4,3,4,1,0,86,15,1
2100,5,4,5,1,0,87,16,1
2100,6,5,5.334,0.334,0,88,17,1
2101,1,0,1,1,0,55,10,1
2101,2,1,2,1,0,56,11,1
2101,3,2,3,1,1,57,12,1
2101,4,3,4,1,0,58,13,1
2101,5,4,4.294,0.294,0,59,14,1
2102,1,0,1,1,0,39,8,1
2102,2,1,2,1,0,40,9,1
2102,3,2,3,1,0,41,10,1
2102,4,3,3.649,0.649,0,42,11,1
2103,1,0,1,1,0,33,4,1
2103,2,1,2,1,0,34,5,1
2103,3,2,3,1,0,35,6,1
2103,4,3,3.251,0.251,0,36,7,1
2104,1,0,1,1,0,70,3,1
2104,2,1,2,1,0,71,4,1
2104,3,2,3,1,2,72,5,1
2104,4,3,4,1,1,73,6,1
2104,5,4,5,1,0,74,7,1
2104,6,5,5.437,0.437,0,75,8,1
2105,1,0,1,1,0,79,17,1
2105,2,1,2,1,0,80,18,1
2105,3,2,3,1,0,81,19,1
2105,4,3,4,1,0,82,20,1
2105,5,4,4.292,0.292,0,83,21,1
2106,1,0,1,1,0,35,7,1
2106,2,1,2,1,0,36,8,1
2106,3,2,3,1,0,37,9,1
2106,4,3,4,1,0,38,10,1
2106,5,4,5,1,1,39,11,1
2106,6,5,6,1,1,40,12,1
2106,7,6,7,1,0,41,13,1
2106,8,7,7.475,0.475,0,42,14,1
2107,1,0,1,1,0,54,2,1
2107,2,1,2,1,0,55,3,1
2107,3,2,3,1,0,56,4,1
2107,4,3,3.554,0.554,0,57,5,1
2108,1,0,1,1,0,28,10,1
2108,2,1,2,1,0,29,11,1
2108,3,2,3,1,1,30,12,1
2108,4,3,4,1,1,31,13,1
2108,5,4,4.898,0.898,0,32,14,1
2109,1,0,1,1,0,45,7,1
2109,2,1,1.242,0.242,0,46,8,1
2110,1,0,1,1,0,53,8,1
2110,2,1,1.917,0.917,0,54,9,1
2111,1,0,1,1,0,44,8,1
2111,2,1,2,1,0,45,9,1
2111,3,2,3,1,0,46,10,1
2111,4,3,4,1,1,47,11,1
2111,5,4,4.764,0.764,0,48,12,1
2112,1,0,1,1,0,24,17,1
2112,2,1,2,1,0,25,18,1
2112,3,2,3,1,0,26,19,1
2112,4,3,4,1,0,27,20,1
2112,5,4,5,1,0,28,21,1
2112,6,5,5.617,0.617,0,29,22,1
2113,1,0,0.467,0.467,0,25,11,1
2114,1,0,0.841,0.841,0,58,9,1
2115,1,0,1,1,0,27,3,1
2115,2,1,2,1,0,28,4,1
2115,3,2,3,1,0,29,5,1
2115,4,3,4,1,1,30,6,1
2115,5,4,5,1,1,31,7,1
2115,6,5,6,1,0,32,8,1
2115,7,6,7,1,0,33,9,1
2115,8,7,7.542,0.542,0,34,10,1
2116,1,0,1,1,0,54,13,1
2116,2,1,1.653,0.653,0,55,14,1
2117,1,0,1,1,0,58,4,1
2117,2,1,2,1,0,59,5,1
2117,3,2,3,1,0,60,6,1
2117,4,3,4,1,0,61,7,1
2117,5,4,4.37,0.37,0,62,8,1
2118,1,0,1,1,0,64,10,1
2118,2,1,2,1,0,65,11,1
2118,3,2,3,1,0,66,12,1
2118,4,3,4,1,0,67,13,1
2118,5,4,4.433,0.433,0,68,14,1
2119,1,0,1,1,0,35,1,1
2119,2,1,2,1,0,36,2,1
2119,3,2,3,1,0,37,3,1
2119,4,3,4,1,0,38,4,1
2119,5,4,5,1,0,39,5,1
2119,6,5,5.006,0.006,0,40,6,1
2120,1,0,1,1,0,25,11,1
2120,2,1,2,1,1,26,12,1
2120,3,2,2.277,0.277,0,27,13,1
2121,1,0,1,1,0,58,5,1
2121,2,1,2,1,0,59,6,1
2121,3,2,2.111,0.111,0,60,7,1
2122,1,0,1,1,0,57,12,1
2122,2,1,2,1,0,58,13,1
2122,3,2,3,1,0,59,14,1
2122,4,3,3.56,0.56,0,60,15,1
2123,1,0,1,1,0,25,11,1
2123,2,1,2,1,1,26,12,1
2123,3,2,3,1,0,27,13,1
2123,4,3,3.887,0.887,0,28,14,1
2124,1,0,1,1,0,53,7,1
2124,2,1,2,1,0,54,8,1
2124,3,2,2.73,0.73,0,55,9,1
2125,1,0,1,1,0,18,10,1
2125,2,1,1.24,0.24,0,19,11,1
2126,1,0,1,1,0,43,14,1
2126,2,1,1.165,0.165,0,44,15,1
2127,1,0,1,1,0,48,10,1
2127,2,1,1.833,0.833,0,49,11,1
2128,1,0,1,1,0,39,11,1
2128,2,1,1.16,0.16,0,40,12,1
2129,1,0,1,1,0,41,8,1
2129,2,1,2,1,0,42,9,1
2129,3,2,3,1,0,43,10,1
2129,4,3,4,1,0,44,11,1
2129,5,4,5,1,0,45,12,1
2129,6,5,5.087,0.087,0,46,13,1
2130,1,0,1,1,1,24,10,1
2130,2,1,2,1,0,25,11,1
2130,3,2,3,1,0,26,12,1
2130,4,3,4,1,0,27,13,1
2130,5,4,5,1,0,28,14,1
2130,6,5,6,1,0,29,15,1
2130,7,6,7,1,0,30,16,1
2130,8,7,8,1,0,31,17,1
2130,9,8,8.275,0.275,0,32,18,1
2131,1,0,1,1,0,63,11,1
2131,2,1,2,1,0,64,12,1
2131,3,2,3,1,0,65,13,1
2131,4,3,4,1,0,66,14,1
2131,5,4,5,1,0,67,15,1
2131,6,5,6,1,0,68,16,1
2131,7,6,7,1,0,69,17,1
2131,8,7,8,1,0,70,18,1
2131,9,8,9,1,0,71,19,1
2131,10,9,9.307,0.307,0,72,20,1
2132,1,0,1,1,0,50,9,1
2132,2,1,1.041,0.041,0,51,10,1
2133,1,0,1,1,0,34,13,1
2133,2,1,2,1,0,35,14,1
2133,3,2,3,1,0,36,15,1
2133,4,3,3.445,0.445,0,37,16,1
2134,1,0,1,1,0,55,9,1
2134,2,1,2,1,0,56,10,1
2134,3,2,3,1,0,57,11,1
2134,4,3,3.265,0.265,0,58,12,1
2135,1,0,1,1,0,38,5,1
2135,2,1,2,1,0,39,6,1
2135,3,2,2.026,0.026,0,40,7,1
2136,1,0,1,1,0,23,9,1
2136,2,1,1.376,0.376,0,24,10,1
2137,1,0,1,1,0,34,1,1
2137,2,1,2,1,0,35,2,1
2137,3,2,3,1,0,36,3,1
2137,4,3,4,1,0,37,4,1
2137,5,4,4.147,0.147,0,38,5,1
2138,1,0,1,1,0,77,7,1
2138,2,1,2,1,0,78,8,1
2138,3,2,3,1,0,79,9,1
2138,4,3,4,1,2,80,10,1
2138,5,4,5,1,0,81,11,1
2138,6,5,6,1,1,82,12,1
2138,7,6,7,1,0,83,13,1
2138,8,7,7.513,0.513,0,84,14,1
2139,1,0,1,1,0,60,7,1
2139,2,1,2,1,0,61,8,1
2139,3,2,3,1,0,62,9,1
2139,4,3,4,1,0,63,10,1
2139,5,4,4.388,0.388,0,64,11,1
2140,1,0,1,1,0,48,10,1
2140,2,1,1.777,0.777,2,49,11,1
2141,1,0,1,1,0,35,5,1
2141,2,1,2,1,0,36,6,1
2141,3,2,3,1,0,37,7,1
2141,4,3,4,1,0,38,8,1
2141,5,4,5,1,0,39,9,1
2141,6,5,6,1,0,40,10,1
2141,7,6,7,1,0,41,11,1
2141,8,7,8,1,0,42,12,1
2141,9,8,8.729,0.729,0,43,13,1
2142,1,0,1,1,0,47,2,1
2142,2,1,2,1,0,48,3,1
2142,3,2,3,1,0,49,4,1
2142,4,3,4,1,0,50,5,1
2142,5,4,5,1,0,51,6,1
2142,6,5,5.121,0.121,0,52,7,1
2143,1,0,1,1,0,35,17,1
2143,2,1,2,1,0,36,18,1
2143,3,2,3,1,0,37,19,1
2143,4,3,3.715,0.715,0,38,20,1
2144,1,0,1,1,0,52,4,1
2144,2,1,2,1,0,53,5,1
2144,3,2,3,1,1,54,6,1
2144,4,3,4,1,1,55,7,1
2144,5,4,4.231,0.231,0,56,8,1
2145,1,0,1,1,0,48,14,1
2145,2,1,2,1,0,49,15,1
2145,3,2,3,1,0,50,16,1
2145,4,3,4,1,0,51,17,1
2145,5,4,5,1,0,52,18,1
2145,6,5,5.351,0.351,0,53,19,1
2146,1,0,1,1,0,39,11,1
2146,2,1,1.807,0.807,0,40,12,1
2147,1,0,1,1,0,36,8,1
2147,2,1,2,1,0,37,9,1
2147,3,2,2.514,0.514,0,38,10,1
2148,1,0,1,1,0,59,11,1
2148,2,1,2,1,0,60,12,1
2148,3,2,3,1,0,61,13,1
2148,4,3,3.261,0.261,0,62,14,1
2149,1,0,1,1,0,42,11,1
2149,2,1,2,1,0,43,12,1
2149,3,2,3,1,0,44,13,1
2149,4,3,3.732,0.732,0,45,14,1
2150,1,0,1,1,0,49,8,1
2150,2,1,2,1,0,50,9,1
2150,3,2,2.84,0.84,0,51,10,1
2151,1,0,1,1,0,62,7,1
2151,2,1,1.928,0.928,0,63,8,1
2152,1,0,1,1,0,38,2,1
2152,2,1,1.038,0.038,0,39,3,1
2153,1,0,1,1,0,23,5,1
2153,2,1,2,1,1,24,6,1
2153,3,2,3,1,0,25,7,1
2153,4,3,3.793,0.793,0,26,8,1
2154,1,0,1,1,0,41,8,1
2154,2,1,2,1,0,42,9,1
2154,3,2,3,1,0,43,10,1
2154,4,3,4,1,0,44,11,1
2154,5,4,5,1,0,45,12,1
2154,6,5,6,1,0,46,13,1
2154,7,6,7,1,0,47,14,1
2154,8,7,8,1,0,48,15,1
2154,9,8,8.419,0.419,0,49,16,1
2155,1,0,1,1,0,62,0,1
2155,2,1,2,1,0,63,1,1
2155,3,2,3,1,0,64,2,1
2155,4,3,3.874,0.874,0,65,3,1
2156,1,0,0.706,0.706,0,51,1,1
2157,1,0,1,1,0,45,8,1
2157,2,1,2,1,0,46,9,1
2157,3,2,3,1,0,47,10,1
2157,4,3,4,1,1,48,11,1
2157,5,4,5,1,0,49,12,1
2157,6,5,5.896,0.896,0,50,13,1
2158,1,0,1,1,0,32,3,1
2158,2,1,1.645,0.645,0,33,4,1
2159,1,0,1,1,0,24,14,1
2159,2,1,2,1,0,25,15,1
2159,3,2,3,1,0,26,16,1
2159,4,3,4,1,2,27,17,1
2159,5,4,5,1,0,28,18,1
2159,6,5,6,1,0,29,19,1
2159,7,6,6.873,0.873,1,30,20,1
2160,1,0,1,1,0,53,0,1
2160,2,1,1.763,0.763,0,54,1,1
2161,1,0,1,1,0,47,4,1
2161,2,1,2,1,0,48,5,1
2161,3,2,3,1,0,49,6,1
2161,4,3,4,1,0,50,7,1
2161,5,4,5,1,1,51,8,1
2161,6,5,6,1,0,52,9,1
2161,7,6,7,1,0,53,10,1
2161,8,7,7.255,0.255,1,54,11,1
2162,1,0,1,1,0,50,4,1
2162,2,1,2,1,0,51,5,1
2162,3,2,3,1,0,52,6,1
2162,4,3,4,1,0,53,7,1
2162,5,4,5,1,0,54,8,1
2162,6,5,6,1,0,55,9,1
2162,7,6,7,1,0,56,10,1
2162,8,7,7.439,0.439,0,57,11,1
2163,1,0,1,1,0,45,1,1
2163,2,1,1.902,0.902,0,46,2,1
2164,1,0,1,1,0,43,4,1
2164,2,1,2,1,0,44,5,1
2164,3,2,3,1,0,45,6,1
2164,4,3,3.213,0.213,0,46,7,1
2165,1,0,1,1,0,65,12,1
2165,2,1,2,1,0,66,13,1
2165,3,2,3,1,0,67,14,1
2165,4,3,4,1,0,68,15,1
2165,5,4,5,1,0,69,16,1
2165,6,5,6,1,0,70,17,1
2165,7,6,6.976,0.976,1,71,18,1
2166,1,0,1,1,0,61,11,1
2166,2,1,2,1,0,62,12,1
2166,3,2,3,1,0,63,13,1
2166,4,3,4,1,0,64,14,1
2166,5,4,5,1,0,65,15,1
2166,6,5,6,1,0,66,16,1
2166,7,6,7,1,0,67,17,1
2166,8,7,8,1,0,68,18,1
2166,9,8,8.881,0.881,0,69,19,1
2167,1,0,1,1,0,68,8,1
2167,2,1,2,1,0,69,9,1
2167,3,2,2.303,0.303,0,70,10,1
2168,1,0,1,1,0,50,7,1
2168,2,1,2,1,0,51,8,1
2168,3,2,3,1,0,52,9,1
2168,4,3,4,1,0,53,10,1
2168,5,4,5,1,1,54,11,1
2168,6,5,6,1,0,55,12,1
2168,7,6,7,1,0,56,13,1
2168,8,7,8,1,0,57,14,1
2168,9,8,8.903,0.903,0,58,15,1
2169,1,0,1,1,1,54,12,1
2169,2,1,2,1,0,55,13,1
2169,3,2,3,1,0,56,14,1
2169,4,3,4,1,1,57,15,1
2169,5,4,4.161,0.161,0,58,16,1
2170,1,0,1,1,0,50,9,1
2170,2,1,2,1,1,51,10,1
2170,3,2,3,1,0,52,11,1
2170,4,3,4,1,0,53,12,1
2170,5,4,5,1,0,54,13,1
2170,6,5,5.409,0.409,0,55,14,1
2171,1,0,1,1,0,58,6,1
2171,2,1,2,1,0,59,7,1
2171,3,2,3,1,0,60,8,1
2171,4,3,4,1,0,61,9,1
2171,5,4,5,1,0,62,10,1
2171,6,5,6,1,0,63,11,1
2171,7,6,7,1,0,64,12,1
2171,8,7,8,1,0,65,13,1
2171,9,8,8.294,0.294,0,66,14,1
2172,1,0,1,1,0,64,17,1
2172,2,1,1.725,0.725,1,65,18,1
2173,1,0,0.865,0.865,0,50,12,1
2174,1,0,1,1,0,40,11,1
2174,2,1,2,1,0,41,12,1
2174,3,2,3,1,0,42,13,1
2174,4,3,3.373,0.373,0,43,14,1
2175,1,0,1,1,0,62,6,1
2175,2,1,2,1,0,63,7,1
2175,3,2,2.732,0.732,0,64,8,1
2176,1,0,1,1,0,71,3,1
2176,2,1,2,1,0,72,4,1
2176,3,2,3,1,0,73,5,1
2176,4,3,3.146,0.146,0,74,6,1
2177,1,0,1,1,0,38,2,1
2177,2,1,2,1,0,39,3,1
2177,3,2,3,1,0,40,4,1
2177,4,3,4,1,0,41,5,1
2177,5,4,4.223,0.223,0,42,6,1
2178,1,0,1,1,0,56,16,1
2178,2,1,2,1,0,57,17,1
2178,3,2,2.938,0.938,0,58,18,1
2179,1,0,1,1,0,51,11,1
2179,2,1,2,1,0,52,12,1
2179,3,2,3,1,0,53,13,1
2179,4,3,4,1,0,54,14,1
2179,5,4,4.716,0.716,0,55,15,1
2180,1,0,1,1,0,46,0,1
2180,2,1,2,1,0,47,1,1
2180,3,2,3,1,0,48,2,1
2180,4,3,4,1,0,49,3,1
2180,5,4,4.103,0.103,0,50,4,1
2181,1,0,1,1,0,43,7,1
2181,2,1,2,1,1,44,8,1
2181,3,2,3,1,0,45,9,1
2181,4,3,4,1,0,46,10,1
2181,5,4,5,1,0,47,11,1
2181,6,5,6,1,0,48,12,1
2181,7,6,7,1,0,49,13,1
2181,8,7,8,1,0,50,14,1
2181,9,8,9,1,0,51,15,1
2181,10,9,9.837,0.837,0,52,16,1
2182,1,0,1,1,0,20,1,1
2182,2,1,2,1,0,21,2,1
2182,3,2,3,1,0,22,3,1
2182,4,3,4,1,1,23,4,1
2182,5,4,4.098,0.098,0,24,5,1
2183,1,0,1,1,0,49,14,1
2183,2,1,1.964,0.964,2,50,15,1
2184,1,0,1,1,0,65,7,1
2184,2,1,2,1,0,66,8,1
2184,3,2,3,1,0,67,9,1
2184,4,3,4,1,0,68,10,1
2184,5,4,4.815,0.815,0,69,11,1
2185,1,0,1,1,0,48,7,1
2185,2,1,2,1,0,49,8,1
2185,3,2,3,1,0,50,9,1
2185,4,3,4,1,0,51,10,1
2185,5,4,5,1,0,52,11,1
2185,6,5,5.773,0.773,0,53,12,1
2186,1,0,1,1,0,26,3,1
2186,2,1,2,1,0,27,4,1
2186,3,2,3,1,0,28,5,1
2186,4,3,3.651,0.651,0,29,6,1
2187,1,0,1,1,0,41,2,1
2187,2,1,2,1,0,42,3,1
2187,3,2,3,1,0,43,4,1
2187,4,3,4,1,0,44,5,1
2187,5,4,5,1,0,45,6,1
2187,6,5,6,1,0,46,7,1
2187,7,6,6.258,0.258,0,47,8,1
2188,1,0,1,1,0,42,5,1
2188,2,1,1.193,0.193,0,43,6,1
2189,1,0,1,1,0,34,14,1
2189,2,1,1.332,0.332,0,35,15,1
2190,1,0,1,1,0,61,9,1
2190,2,1,1.255,0.255,0,62,10,1
2191,1,0,1,1,0,59,5,1
2191,2,1,2,1,0,60,6,1
2191,3,2,3,1,0,61,7,1
2191,4,3,4,1,0,62,8,1
2191,5,4,5,1,0,63,9,1
2191,6,5,5.28,0.28,0,64,10,1
2192,1,0,1,1,0,47,11,1
2192,2,1,2,1,0,48,12,1
2192,3,2,3,1,0,49,13,1
2192,4,3,4,1,0,50,14,1
2192,5,4,4.727,0.727,0,51,15,1
2193,1,0,1,1,0,41,19,1
2193,2,1,2,1,0,42,20,1
2193,3,2,3,1,0,43,21,1
2193,4,3,4,1,1,44,22,1
2193,5,4,5,1,0,45,23,1
2193,6,5,6,1,0,46,24,1
2193,7,6,6.052,0.052,0,47,25,1
2194,1,0,1,1,0,28,10,1
2194,2,1,2,1,0,29,11,1
2194,3,2,3,1,0,30,12,1
2194,4,3,4,1,1,31,13,1
2194,5,4,5,1,1,32,14,1
2194,6,5,6,1,0,33,15,1
2194,7,6,6.424,0.424,0,34,16,1
2195,1,0,1,1,0,79,12,1
2195,2,1,2,1,1,80,13,1
2195,3,2,3,1,0,81,14,1
2195,4,3,4,1,0,82,15,1
2195,5,4,5,1,0,83,16,1
2195,6,5,6,1,0,84,17,1
2195,7,6,7,1,0,85,18,1
2195,8,7,8,1,0,86,19,1
2195,9,8,9,1,0,87,20,1
2195,10,9,9.367,0.367,0,88,21,1
2196,1,0,1,1,0,55,4,1
2196,2,1,2,1,0,56,5,1
2196,3,2,3,1,0,57,6,1
2196,4,3,4,1,0,58,7,1
2196,5,4,5,1,0,59,8,1
2196,6,5,6,1,0,60,9,1
2196,7,6,6.9,0.9,0,61,10,1
2197,1,0,1,1,1,18,7,1
2197,2,1,2,1,1,19,8,1
2197,3,2,2.622,0.622,2,20,9,1
2198,1,0,1,1,0,18,18,1
2198,2,1,2,1,0,19,19,1
2198,3,2,3,1,1,20,20,1
2198,4,3,4,1,0,21,21,1
2198,5,4,4.717,0.717,1,22,22,1
2199,1,0,1,1,0,26,13,1
2199,2,1,2,1,0,27,14,1
2199,3,2,3,1,0,28,15,1
2199,4,3,4,1,0,29,16,1
2199,5,4,5,1,0,30,17,1
2199,6,5,6,1,0,31,18,1
2199,7,6,7,1,0,32,19,1
2199,8,7,8,1,0,33,20,1
2199,9,8,9,1,0,34,21,1
2199,10,9,9.274,0.274,0,35,22,1
2200,1,0,1,1,1,24,2,1
2200,2,1,1.328,0.328,0,25,3,1
2201,1,0,1,1,0,59,8,1
2201,2,1,2,1,0,60,9,1
2201,3,2,2.837,0.837,0,61,10,1
2202,1,0,1,1,0,30,13,1
2202,2,1,2,1,0,31,14,1
2202,3,2,2.902,0.902,1,32,15,1
2203,1,0,1,1,0,74,12,1
2203,2,1,2,1,0,75,13,1
2203,3,2,3,1,0,76,14,1
2203,4,3,4,1,0,77,15,1
2203,5,4,4.354,0.354,1,78,16,1
2204,1,0,1,1,1,45,3,1
2204,2,1,2,1,1,46,4,1
2204,3,2,3,1,1,47,5,1
2204,4,3,4,1,1,48,6,1
2204,5,4,5,1,1,49,7,1
2204,6,5,5.006,0.006,0,50,8,1
2205,1,0,1,1,0,37,11,1
2205,2,1,1.988,0.988,0,38,12,1
2206,1,0,1,1,0,56,12,1
2206,2,1,1.629,0.629,0,57,13,1
2207,1,0,1,1,0,30,7,1
2207,2,1,1.531,0.531,0,31,8,1
2208,1,0,1,1,0,33,8,1
2208,2,1,2,1,0,34,9,1
2208,3,2,3,1,1,35,10,1
2208,4,3,4,1,0,36,11,1
2208,5,4,4.239,0.239,0,37,12,1
2209,1,0,1,1,0,62,20,1
2209,2,1,1.295,0.295,0,63,21,1
2210,1,0,1,1,0,48,6,1
2210,2,1,2,1,0,49,7,1
2210,3,2,3,1,0,50,8,1
2210,4,3,4,1,0,51,9,1
2210,5,4,5,1,0,52,10,1
2210,6,5,5.495,0.495,0,53,11,1
2211,1,0,1,1,0,50,13,1
2211,2,1,1.597,0.597,0,51,14,1
2212,1,0,1,1,0,46,15,1
2212,2,1,2,1,0,47,16,1
2212,3,2,3,1,0,48,17,1
2212,4,3,4,1,0,49,18,1
2212,5,4,5,1,0,50,19,1
2212,6,5,6,1,0,51,20,1
2212,7,6,7,1,0,52,21,1
2212,8,7,7.777,0.777,0,53,22,1
2213,1,0,1,1,0,48,8,1
2213,2,1,1.911,0.911,0,49,9,1
2214,1,0,1,1,0,41,13,1
2214,2,1,1.337,0.337,0,42,14,1
2215,1,0,1,1,0,56,4,1
2215,2,1,2,1,0,57,5,1
2215,3,2,3,1,0,58,6,1
2215,4,3,4,1,0,59,7,1
2215,5,4,5,1,0,60,8,1
2215,6,5,6,1,0,61,9,1
2215,7,6,7,1,1,62,10,1
2215,8,7,8,1,0,63,11,1
2215,9,8,9,1,0,64,12,1
2215,10,9,9.458,0.458,0,65,13,1
2216,1,0,1,1,1,18,8,1
2216,2,1,2,1,0,19,9,1
2216,3,2,3,1,0,20,10,1
2216,4,3,4,1,0,21,11,1
2216,5,4,5,1,0,22,12,1
2216,6,5,6,1,0,23,13,1
2216,7,6,6.234,0.234,0,24,14,1
2217,1,0,1,1,0,55,3,1
2217,2,1,2,1,0,56,4,1
2217,3,2,3,1,0,57,5,1
2217,4,3,3.255,0.255,0,58,6,1
2218,1,0,1,1,1,45,12,1
2218,2,1,2,1,1,46,13,1
2218,3,2,2.815,0.815,1,47,14,1
2219,1,0,1,1,0,33,8,1
2219,2,1,2,1,0,34,9,1
2219,3,2,2.647,0.647,0,35,10,1
2220,1,0,1,1,0,69,5,1
2220,2,1,2,1,0,70,6,1
2220,3,2,2.752,0.752,0,71,7,1
2221,1,0,1,1,0,64,0,1
2221,2,1,2,1,0,65,1,1
2221,3,2,3,1,0,66,2,1
2221,4,3,4,1,0,67,3,1
2221,5,4,5,1,0,68,4,1
2221,6,5,6,1,0,69,5,1
2221,7,6,7,1,0,70,6,1
2221,8,7,8,1,0,71,7,1
2221,9,8,9,1,0,72,8,1
2221,10,9,9.734,0.734,0,73,9,1
2222,1,0,1,1,0,35,7,1
2222,2,1,2,1,0,36,8,1
2222,3,2,3,1,1,37,9,1
2222,4,3,4,1,1,38,10,1
2222,5,4,5,1,0,39,11,1
2222,6,5,6,1,2,40,12,1
2222,7,6,7,1,1,41,13,1
2222,8,7,8,1,0,42,14,1
2222,9,8,9,1,1,43,15,1
2222,10,9,9.664,0.664,1,44,16,1
2223,1,0,1,1,0,41,4,1
2223,2,1,1.955,0.955,0,42,5,1
2224,1,0,1,1,0,18,19,1
2224,2,1,2,1,1,19,20,1
2224,3,2,2.187,0.187,0,20,21,1
2225,1,0,1,1,0,42,5,1
2225,2,1,2,1,0,43,6,1
2225,3,2,3,1,0,44,7,1
2225,4,3,4,1,0,45,8,1
2225,5,4,5,1,0,46,9,1
2225,6,5,5.481,0.481,0,47,10,1
2226,1,0,1,1,0,37,4,1
2226,2,1,2,1,0,38,5,1
2226,3,2,3,1,0,39,6,1
2226,4,3,4,1,0,40,7,1
2226,5,4,5,1,0,41,8,1
2226,6,5,5.029,0.029,0,42,9,1
2227,1,0,1,1,0,35,16,1
2227,2,1,2,1,0,36,17,1
2227,3,2,3,1,0,37,18,1
2227,4,3,3.393,0.393,0,38,19,1
2228,1,0,1,1,1,31,6,1
2228,2,1,1.967,0.967,0,32,7,1
2229,1,0,1,1,0,64,11,1
2229,2,1,2,1,0,65,12,1
2229,3,2,2.779,0.779,0,66,13,1
2230,1,0,1,1,1,23,3,1
2230,2,1,2,1,0,24,4,1
2230,3,2,3,1,1,25,5,1
2230,4,3,3.794,0.794,1,26,6,1
2231,1,0,1,1,0,54,9,1
2231,2,1,2,1,0,55,10,1
2231,3,2,3,1,0,56,11,1
2231,4,3,4,1,1,57,12,1
2231,5,4,4.274,0.274,0,58,13,1
2232,1,0,1,1,0,19,11,1
2232,2,1,2,1,0,20,12,1
2232,3,2,3,1,0,21,13,1
2232,4,3,4,1,1,22,14,1
2232,5,4,5,1,1,23,15,1
2232,6,5,5.425,0.425,0,24,16,1
2233,1,0,1,1,0,64,5,1
2233,2,1,2,1,0,65,6,1
2233,3,2,3,1,0,66,7,1
2233,4,3,4,1,0,67,8,1
2233,5,4,5,1,0,68,9,1
2233,6,5,5.364,0.364,0,69,10,1
2234,1,0,1,1,0,39,13,1
2234,2,1,2,1,0,40,14,1
2234,3,2,3,1,0,41,15,1
2234,4,3,4,1,0,42,16,1
2234,5,4,5,1,0,43,17,1
2234,6,5,6,1,1,44,18,1
2234,7,6,7,1,0,45,19,1
2234,8,7,7.486,0.486,0,46,20,1
2235,1,0,0.251,0.251,0,43,12,1
2236,1,0,1,1,0,51,4,1
2236,2,1,2,1,0,52,5,1
2236,3,2,2.509,0.509,0,53,6,1
2237,1,0,1,1,0,65,11,1
2237,2,1,2,1,0,66,12,1
2237,3,2,3,1,0,67,13,1
2237,4,3,4,1,0,68,14,1
2237,5,4,5,1,0,69,15,1
2237,6,5,6,1,0,70,16,1
2237,7,6,7,1,0,71,17,1
2237,8,7,8,1,0,72,18,1
2237,9,8,9,1,0,73,19,1
2237,10,9,9.095,0.095,0,74,20,1
2238,1,0,1,1,0,46,11,1
2238,2,1,2,1,0,47,12,1
2238,3,2,2.425,0.425,0,48,13,1
2239,1,0,1,1,0,36,8,1
2239,2,1,2,1,0,37,9,1
2239,3,2,3,1,0,38,10,1
2239,4,3,4,1,0,39,11,1
2239,5,4,4.752,0.752,0,40,12,1
2240,1,0,1,1,0,18,12,1
2240,2,1,1.145,0.145,0,19,13,1
2241,1,0,0.573,0.573,1,47,8,1
2242,1,0,1,1,0,54,8,1
2242,2,1,2,1,0,55,9,1
2242,3,2,3,1,0,56,10,1
2242,4,3,4,1,1,57,11,1
2242,5,4,5,1,0,58,12,1
2242,6,5,6,1,0,59,13,1
2242,7,6,6.629,0.629,0,60,14,1
2243,1,0,1,1,0,60,14,1
2243,2,1,2,1,1,61,15,1
2243,3,2,3,1,0,62,16,1
2243,4,3,3.764,0.764,1,63,17,1
2244,1,0,1,1,0,70,15,1
2244,2,1,1.156,0.156,0,71,16,1
2245,1,0,1,1,0,49,9,1
2245,2,1,2,1,0,50,10,1
2245,3,2,3,1,1,51,11,1
2245,4,3,3.683,0.683,0,52,12,1
2246,1,0,1,1,0,35,9,1
2246,2,1,2,1,0,36,10,1
2246,3,2,3,1,0,37,11,1
2246,4,3,3.001,0.001,0,38,12,1
2247,1,0,1,1,1,19,9,1
2247,2,1,1.519,0.519,0,20,10,1
2248,1,0,1,1,0,44,11,1
2248,2,1,2,1,0,45,12,1
2248,3,2,3,1,0,46,13,1
2248,4,3,4,1,0,47,14,1
2248,5,4,5,1,0,48,15,1
2248,6,5,6,1,0,49,16,1
2248,7,6,7,1,0,50,17,1
2248,8,7,7.959,0.959,0,51,18,1
2249,1,0,1,1,0,53,13,1
2249,2,1,1.329,0.329,0,54,14,1
2250,1,0,0.54,0.54,0,55,7,1
2251,1,0,1,1,0,60,11,1
2251,2,1,2,1,0,61,12,1
2251,3,2,3,1,0,62,13,1
2251,4,3,4,1,0,63,14,1
2251,5,4,5,1,0,64,15,1
2251,6,5,6,1,0,65,16,1
2251,7,6,6.9,0.9,0,66,17,1
2252,1,0,1,1,0,53,12,1
2252,2,1,2,1,0,54,13,1
2252,3,2,2.936,0.936,0,55,14,1
2253,1,0,1,1,1,27,4,1
2253,2,1,2,1,0,28,5,1
2253,3,2,2.964,0.964,0,29,6,1
2254,1,0,1,1,0,30,0,1
2254,2,1,1.643,0.643,0,31,1,1
2255,1,0,1,1,0,55,0,1
2255,2,1,2,1,0,56,1,1
2255,3,2,3,1,0,57,2,1
2255,4,3,4,1,0,58,3,1
2255,5,4,5,1,0,59,4,1
2255,6,5,6,1,0,60,5,1
2255,7,6,7,1,0,61,6,1
2255,8,7,8,1,0,62,7,1
2255,9,8,8.534,0.534,0,63,8,1
2256,1,0,1,1,0,65,16,1
2256,2,1,2,1,0,66,17,1
2256,3,2,3,1,0,67,18,1
2256,4,3,4,1,0,68,19,1
2256,5,4,5,1,0,69,20,1
2256,6,5,6,1,0,70,21,1
2256,7,6,6.445,0.445,0,71,22,1
2257,1,0,1,1,0,35,12,1
2257,2,1,1.513,0.513,0,36,13,1
2258,1,0,1,1,0,57,8,1
2258,2,1,2,1,0,58,9,1
2258,3,2,3,1,0,59,10,1
2258,4,3,4,1,0,60,11,1
2258,5,4,5,1,0,61,12,1
2258,6,5,5.826,0.826,0,62,13,1
2259,1,0,1,1,0,32,7,1
2259,2,1,2,1,0,33,8,1
2259,3,2,3,1,0,34,9,1
2259,4,3,4,1,0,35,10,1
2259,5,4,4.277,0.277,0,36,11,1
2260,1,0,1,1,0,33,6,1
2260,2,1,2,1,1,34,7,1
2260,3,2,3,1,1,35,8,1
2260,4,3,4,1,0,36,9,1
2260,5,4,4.178,0.178,0,37,10,1
2261,1,0,1,1,0,55,11,1
2261,2,1,2,1,0,56,12,1
2261,3,2,2.264,0.264,0,57,13,1
2262,1,0,1,1,0,65,15,1
2262,2,1,2,1,0,66,16,1
2262,3,2,3,1,0,67,17,1
2262,4,3,4,1,0,68,18,1
2262,5,4,5,1,0,69,19,1
2262,6,5,5.389,0.389,0,70,20,1
2263,1,0,1,1,0,47,8,1
2263,2,1,2,1,0,48,9,1
2263,3,2,3,1,0,49,10,1
2263,4,3,4,1,0,50,11,1
2263,5,4,5,1,0,51,12,1
2263,6,5,6,1,0,52,13,1
2263,7,6,7,1,1,53,14,1
2263,8,7,8,1,0,54,15,1
2263,9,8,8.393,0.393,0,55,16,1
2264,1,0,1,1,1,55,15,1
2264,2,1,1.168,0.168,0,56,16,1
2265,1,0,1,1,0,55,6,1
2265,2,1,1.516,0.516,0,56,7,1
2266,1,0,1,1,0,39,20,1
2266,2,1,2,1,0,40,21,1
2266,3,2,3,1,0,41,22,1
2266,4,3,3.179,0.179,0,42,23,1
2267,1,0,1,1,0,24,12,1
2267,2,1,2,1,0,25,13,1
2267,3,2,3,1,0,26,14,1
2267,4,3,4,1,1,27,15,1
2267,5,4,5,1,3,28,16,1
2267,6,5,6,1,0,29,17,1
2267,7,6,7,1,0,30,18,1
2267,8,7,8,1,0,31,19,1
2267,9,8,9,1,0,32,20,1
2267,10,9,9.368,0.368,0,33,21,1
2268,1,0,1,1,0,34,10,1
2268,2,1,1.159,0.159,0,35,11,1
2269,1,0,1,1,0,62,5,1
2269,2,1,2,1,0,63,6,1
2269,3,2,3,1,0,64,7,1
2269,4,3,4,1,1,65,8,1
2269,5,4,5,1,0,66,9,1
2269,6,5,5.469,0.469,0,67,10,1
2270,1,0,1,1,0,48,7,1
2270,2,1,2,1,0,49,8,1
2270,3,2,2.927,0.927,0,50,9,1
2271,1,0,1,1,0,42,13,1
2271,2,1,2,1,0,43,14,1
2271,3,2,3,1,0,44,15,1
2271,4,3,4,1,0,45,16,1
2271,5,4,5,1,0,46,17,1
2271,6,5,6,1,0,47,18,1
2271,7,6,7,1,0,48,19,1
2271,8,7,8,1,0,49,20,1
2271,9,8,8.799,0.799,0,50,21,1
2272,1,0,1,1,0,56,13,1
2272,2,1,2,1,0,57,14,1
2272,3,2,3,1,0,58,15,1
2272,4,3,4,1,0,59,16,1
2272,5,4,4.845,0.845,0,60,17,1
2273,1,0,1,1,0,26,5,1
2273,2,1,2,1,2,27,6,1
2273,3,2,3,1,3,28,7,1
2273,4,3,3.569,0.569,0,29,8,1
2274,1,0,1,1,0,41,7,1
2274,2,1,2,1,0,42,8,1
2274,3,2,3,1,0,43,9,1
2274,4,3,4,1,0,44,10,1
2274,5,4,5,1,0,45,11,1
2274,6,5,6,1,0,46,12,1
2274,7,6,6.237,0.237,0,47,13,1
2275,1,0,1,1,0,22,10,1
2275,2,1,2,1,0,23,11,1
2275,3,2,3,1,0,24,12,1
2275,4,3,4,1,0,25,13,1
2275,5,4,5,1,0,26,14,1
2275,6,5,6,1,0,27,15,1
2275,7,6,6.421,0.421,0,28,16,1
2276,1,0,1,1,0,26,3,1
2276,2,1,2,1,0,27,4,1
2276,3,2,3,1,0,28,5,1
2276,4,3,3.901,0.901,0,29,6,1
2277,1,0,1,1,0,35,7,1
2277,2,1,2,1,0,36,8,1
2277,3,2,3,1,0,37,9,1
2277,4,3,4,1,0,38,10,1
2277,5,4,5,1,0,39,11,1
2277,6,5,6,1,0,40,12,1
2277,7,6,6.033,0.033,0,41,13,1
2278,1,0,0.744,0.744,0,40,2,1
2279,1,0,1,1,0,51,10,1
2279,2,1,1.997,0.997,1,52,11,1
2280,1,0,1,1,0,86,18,1
2280,2,1,2,1,0,87,19,1
2280,3,2,2.397,0.397,0,88,20,1
2281,1,0,1,1,2,38,8,1
2281,2,1,2,1,0,39,9,1
2281,3,2,3,1,1,40,10,1
2281,4,3,4,1,0,41,11,1
2281,5,4,4.47,0.47,0,42,12,1
2282,1,0,1,1,0,43,9,1
2282,2,1,2,1,0,44,10,1
2282,3,2,3,1,2,45,11,1
2282,4,3,3.34,0.34,0,46,12,1
2283,1,0,1,1,0,40,10,1
2283,2,1,2,1,0,41,11,1
2283,3,2,3,1,0,42,12,1
2283,4,3,4,1,0,43,13,1
2283,5,4,5,1,0,44,14,1
2283,6,5,6,1,0,45,15,1
2283,7,6,6.228,0.228,0,46,16,1
2284,1,0,0.445,0.445,0,21,6,1
2285,1,0,1,1,0,44,12,1
2285,2,1,2,1,0,45,13,1
2285,3,2,3,1,0,46,14,1
2285,4,3,4,1,0,47,15,1
2285,5,4,4.578,0.578,0,48,16,1
2286,1,0,0.399,0.399,0,39,12,1
2287,1,0,1,1,1,51,4,1
2287,2,1,2,1,0,52,5,1
2287,3,2,3,1,0,53,6,1
2287,4,3,4,1,0,54,7,1
2287,5,4,5,1,0,55,8,1
2287,6,5,6,1,1,56,9,1
2287,7,6,7,1,1,57,10,1
2287,8,7,7.512,0.512,1,58,11,1
2288,1,0,1,1,0,28,3,1
2288,2,1,2,1,0,29,4,1
2288,3,2,3,1,0,30,5,1
2288,4,3,4,1,0,31,6,1
2288,5,4,5,1,0,32,7,1
2288,6,5,6,1,0,33,8,1
2288,7,6,7,1,0,34,9,1
2288,8,7,8,1,0,35,10,1
2288,9,8,9,1,0,36,11,1
2288,10,9,9.562,0.562,0,37,12,1
2289,1,0,1,1,0,37,5,1
2289,2,1,2,1,0,38,6,1
2289,3,2,3,1,1,39,7,1
2289,4,3,3.729,0.729,0,40,8,1
2290,1,0,1,1,0,41,12,1
2290,2,1,2,1,0,42,13,1
2290,3,2,3,1,0,43,14,1
2290,4,3,3.283,0.283,0,44,15,1
2291,1,0,1,1,0,32,5,1
2291,2,1,2,1,0,33,6,1
2291,3,2,2.649,0.649,0,34,7,1
2292,1,0,1,1,0,59,5,1
2292,2,1,1.898,0.898,1,60,6,1
2293,1,0,1,1,0,26,6,1
2293,2,1,2,1,0,27,7,1
2293,3,2,3,1,0,28,8,1
2293,4,3,3.791,0.791,0,29,9,1
2294,1,0,1,1,0,20,5,1
2294,2,1,2,1,0,21,6,1
2294,3,2,3,1,0,22,7,1
2294,4,3,4,1,0,23,8,1
2294,5,4,4.433,0.433,0,24,9,1
2295,1,0,1,1,0,61,7,1
2295,2,1,1.116,0.116,0,62,8,1
2296,1,0,1,1,0,60,11,1
2296,2,1,1.553,0.553,0,61,12,1
2297,1,0,1,1,0,62,10,1
2297,2,1,2,1,0,63,11,1
2297,3,2,3,1,0,64,12,1
2297,4,3,4,1,0,65,13,1
2297,5,4,5,1,0,66,14,1
2297,6,5,6,1,0,67,15,1
2297,7,6,6.091,0.091,0,68,16,1
2298,1,0,1,1,0,42,1,1
2298,2,1,2,1,0,43,2,1
2298,3,2,2.374,0.374,0,44,3,1
2299,1,0,1,1,0,38,8,1
2299,2,1,2,1,0,39,9,1
2299,3,2,2.159,0.159,0,40,10,1
2300,1,0,1,1,0,60,5,1
2300,2,1,2,1,0,61,6,1
2300,3,2,3,1,0,62,7,1
2300,4,3,4,1,0,63,8,1
2300,5,4,5,1,0,64,9,1
2300,6,5,6,1,1,65,10,1
2300,7,6,6.775,0.775,0,66,11,1
2301,1,0,1,1,0,56,5,1
2301,2,1,2,1,0,57,6,1
2301,3,2,2.568,0.568,0,58,7,1
2302,1,0,1,1,0,43,14,1
2302,2,1,1.005,0.005,0,44,15,1
2303,1,0,1,1,0,59,7,1
2303,2,1,2,1,0,60,8,1
2303,3,2,3,1,0,61,9,1
2303,4,3,3.674,0.674,0,62,10,1
2304,1,0,1,1,0,53,14,1
2304,2,1,2,1,0,54,15,1
2304,3,2,2.4,0.4,0,55,16,1
2305,1,0,1,1,1,52,2,1
2305,2,1,2,1,0,53,3,1
2305,3,2,2.941,0.941,0,54,4,1
2306,1,0,1,1,0,79,14,1
2306,2,1,2,1,0,80,15,1
2306,3,2,3,1,0,81,16,1
2306,4,3,4,1,0,82,17,1
2306,5,4,5,1,0,83,18,1
2306,6,5,5.506,0.506,0,84,19,1
2307,1,0,1,1,0,64,12,1
2307,2,1,1.027,0.027,0,65,13,1
2308,1,0,1,1,0,26,13,1
2308,2,1,2,1,0,27,14,1
2308,3,2,3,1,0,28,15,1
2308,4,3,3.238,0.238,0,29,16,1
2309,1,0,1,1,0,38,12,1
2309,2,1,1.808,0.808,0,39,13,1
2310,1,0,1,1,0,24,9,1
2310,2,1,1.677,0.677,0,25,10,1
2311,1,0,1,1,0,37,1,1
2311,2,1,2,1,0,38,2,1
2311,3,2,2.173,0.173,0,39,3,1
2312,1,0,1,1,0,39,9,1
2312,2,1,2,1,0,40,10,1
2312,3,2,3,1,0,41,11,1
2312,4,3,4,1,0,42,12,1
2312,5,4,5,1,0,43,13,1
2312,6,5,5.722,0.722,0,44,14,1
2313,1,0,1,1,0,57,6,1
2313,2,1,2,1,2,58,7,1
2313,3,2,3,1,0,59,8,1
2313,4,3,4,1,0,60,9,1
2313,5,4,5,1,0,61,10,1
2313,6,5,6,1,0,62,11,1
2313,7,6,7,1,0,63,12,1
2313,8,7,8,1,0,64,13,1
2313,9,8,8.855,0.855,1,65,14,1
2314,1,0,1,1,0,35,5,1
2314,2,1,2,1,0,36,6,1
2314,3,2,3,1,0,37,7,1
2314,4,3,4,1,0,38,8,1
2314,5,4,4.194,0.194,0,39,9,1
2315,1,0,1,1,0,64,0,1
2315,2,1,2,1,0,65,1,1
2315,3,2,2.996,0.996,0,66,2,1
2316,1,0,1,1,0,36,6,1
2316,2,1,2,1,0,37,7,1
2316,3,2,3,1,0,38,8,1
2316,4,3,4,1,0,39,9,1
2316,5,4,5,1,0,40,10,1
2316,6,5,6,1,0,41,11,1
2316,7,6,6.835,0.835,1,42,12,1
2317,1,0,1,1,0,48,8,1
2317,2,1,2,1,0,49,9,1
2317,3,2,2.345,0.345,0,50,10,1
2318,1,0,1,1,0,66,18,1
2318,2,1,2,1,0,67,19,1
2318,3,2,3,1,0,68,20,1
2318,4,3,3.895,0.895,0,69,21,1
2319,1,0,1,1,0,65,0,1
2319,2,1,2,1,0,66,1,1
2319,3,2,2.595,0.595,0,67,2,1
2320,1,0,1,1,0,48,7,1
2320,2,1,2,1,0,49,8,1
2320,3,2,2.057,0.057,0,50,9,1
2321,1,0,1,1,0,61,5,1
2321,2,1,2,1,0,62,6,1
2321,3,2,3,1,0,63,7,1
2321,4,3,4,1,0,64,8,1
2321,5,4,5,1,0,65,9,1
2321,6,5,6,1,0,66,10,1
2321,7,6,7,1,0,67,11,1
2321,8,7,8,1,0,68,12,1
2321,9,8,8.568,0.568,0,69,13,1
2322,1,0,1,1,0,58,10,1
2322,2,1,2,1,0,59,11,1
2322,3,2,3,1,0,60,12,1
2322,4,3,4,1,0,61,13,1
2322,5,4,5,1,1,62,14,1
2322,6,5,6,1,0,63,15,1
2322,7,6,6.372,0.372,0,64,16,1
2323,1,0,1,1,0,44,1,1
2323,2,1,2,1,0,45,2,1
2323,3,2,3,1,0,46,3,1
2323,4,3,4,1,0,47,4,1
2323,5,4,4.324,0.324,0,48,5,1
2324,1,0,1,1,0,59,6,1
2324,2,1,1.221,0.221,0,60,7,1
2325,1,0,1,1,0,42,2,1
2325,2,1,2,1,1,43,3,1
2325,3,2,3,1,0,44,4,1
2325,4,3,4,1,0,45,5,1
2325,5,4,5,1,0,46,6,1
2325,6,5,6,1,0,47,7,1
2325,7,6,7,1,0,48,8,1
2325,8,7,8,1,0,49,9,1
2325,9,8,8.928,0.928,0,50,10,1
2326,1,0,1,1,0,46,0,1
2326,2,1,2,1,0,47,1,1
2326,3,2,2.749,0.749,0,48,2,1
2327,1,0,1,1,1,29,2,1
2327,2,1,2,1,0,30,3,1
2327,3,2,2.881,0.881,0,31,4,1
2328,1,0,1,1,0,62,1,1
2328,2,1,2,1,1,63,2,1
2328,3,2,3,1,0,64,3,1
2328,4,3,4,1,0,65,4,1
2328,5,4,5,1,0,66,5,1
2328,6,5,6,1,1,67,6,1
2328,7,6,6.171,0.171,0,68,7,1
2329,1,0,1,1,1,61,1,1
2329,2,1,2,1,0,62,2,1
2329,3,2,2.579,0.579,0,63,3,1
2330,1,0,1,1,0,40,14,1
2330,2,1,2,1,0,41,15,1
2330,3,2,2.368,0.368,0,42,16,1
2331,1,0,1,1,0,49,7,1
2331,2,1,1.576,0.576,0,50,8,1
2332,1,0,1,1,0,39,5,1
2332,2,1,2,1,0,40,6,1
2332,3,2,3,1,0,41,7,1
2332,4,3,3.688,0.688,0,42,8,1
2333,1,0,1,1,0,35,11,1
2333,2,1,2,1,0,36,12,1
2333,3,2,3,1,0,37,13,1
2333,4,3,4,1,0,38,14,1
2333,5,4,5,1,0,39,15,1
2333,6,5,6,1,0,40,16,1
2333,7,6,7,1,0,41,17,1
2333,8,7,8,1,0,42,18,1
2333,9,8,9,1,0,43,19,1
2333,10,9,9.322,0.322,0,44,20,1
2334,1,0,1,1,0,32,12,1
2334,2,1,2,1,0,33,13,1
2334,3,2,3,1,0,34,14,1
2334,4,3,4,1,0,35,15,1
2334,5,4,4.138,0.138,0,36,16,1
2335,1,0,1,1,0,28,18,1
2335,2,1,2,1,0,29,19,1
2335,3,2,3,1,1,30,20,1
2335,4,3,4,1,0,31,21,1
2335,5,4,4.468,0.468,0,32,22,1
2336,1,0,1,1,0,75,7,1
2336,2,1,2,1,0,76,8,1
2336,3,2,3,1,1,77,9,1
2336,4,3,4,1,0,78,10,1
2336,5,4,4.757,0.757,0,79,11,1
2337,1,0,1,1,0,78,0,1
2337,2,1,2,1,0,79,1,1
2337,3,2,3,1,0,80,2,1
2337,4,3,4,1,0,81,3,1
2337,5,4,4.085,0.085,0,82,4,1
2338,1,0,1,1,0,32,5,1
2338,2,1,1.875,0.875,0,33,6,1
2339,1,0,1,1,0,45,6,1
2339,2,1,2,1,0,46,7,1
2339,3,2,2.849,0.849,0,47,8,1
2340,1,0,1,1,0,52,3,1
2340,2,1,2,1,0,53,4,1
2340,3,2,3,1,0,54,5,1
2340,4,3,4,1,0,55,6,1
2340,5,4,5,1,0,56,7,1
2340,6,5,6,1,0,57,8,1
2340,7,6,6.397,0.397,0,58,9,1
2341,1,0,1,1,0,47,12,1
2341,2,1,2,1,0,48,13,1
2341,3,2,3,1,0,49,14,1
2341,4,3,4,1,0,50,15,1
2341,5,4,4.179,0.179,0,51,16,1
2342,1,0,1,1,0,52,10,1
2342,2,1,2,1,0,53,11,1
2342,3,2,3,1,0,54,12,1
2342,4,3,4,1,0,55,13,1
2342,5,4,5,1,0,56,14,1
2342,6,5,5.126,0.126,0,57,15,1
2343,1,0,1,1,0,59,6,1
2343,2,1,1.325,0.325,0,60,7,1
2344,1,0,1,1,0,70,9,1
2344,2,1,2,1,0,71,10,1
2344,3,2,3,1,0,72,11,1
2344,4,3,4,1,0,73,12,1
2344,5,4,5,1,0,74,13,1
2344,6,5,5.854,0.854,0,75,14,1
2345,1,0,1,1,0,41,9,1
2345,2,1,2,1,0,42,10,1
2345,3,2,3,1,0,43,11,1
2345,4,3,3.038,0.038,0,44,12,1
2346,1,0,1,1,0,58,11,1
2346,2,1,2,1,0,59,12,1
2346,3,2,3,1,0,60,13,1
2346,4,3,4,1,0,61,14,1
2346,5,4,5,1,0,62,15,1
2346,6,5,5.76,0.76,0,63,16,1
2347,1,0,1,1,0,47,6,1
2347,2,1,2,1,0,48,7,1
2347,3,2,3,1,0,49,8,1
2347,4,3,3.916,0.916,0,50,9,1
2348,1,0,1,1,0,60,0,1
2348,2,1,2,1,0,61,1,1
2348,3,2,3,1,0,62,2,1
2348,4,3,4,1,0,63,3,1
2348,5,4,5,1,0,64,4,1
2348,6,5,5.993,0.993,0,65,5,1
2349,1,0,1,1,1,43,6,1
2349,2,1,1.837,0.837,0,44,7,1
2350,1,0,1,1,0,68,10,1
2350,2,1,2,1,1,69,11,1
2350,3,2,2.159,0.159,0,70,12,1
2351,1,0,1,1,0,34,8,1
2351,2,1,2,1,0,35,9,1
2351,3,2,3,1,0,36,10,1
2351,4,3,4,1,1,37,11,1
2351,5,4,4.255,0.255,0,38,12,1
2352,1,0,1,1,0,30,9,1
2352,2,1,2,1,0,31,10,1
2352,3,2,3,1,0,32,11,1
2352,4,3,3.282,0.282,0,33,12,1
2353,1,0,1,1,0,46,18,1
2353,2,1,2,1,0,47,19,1
2353,3,2,3,1,0,48,20,1
2353,4,3,3.2,0.2,0,49,21,1
2354,1,0,1,1,0,67,18,1
2354,2,1,1.315,0.315,0,68,19,1
2355,1,0,1,1,0,35,16,1
2355,2,1,2,1,0,36,17,1
2355,3,2,2.202,0.202,0,37,18,1
2356,1,0,1,1,0,35,10,1
2356,2,1,2,1,0,36,11,1
2356,3,2,3,1,0,37,12,1
2356,4,3,4,1,0,38,13,1
2356,5,4,4.211,0.211,0,39,14,1
2357,1,0,1,1,0,25,12,1
2357,2,1,2,1,0,26,13,1
2357,3,2,3,1,0,27,14,1
2357,4,3,3.721,0.721,0,28,15,1
2358,1,0,0.367,0.367,0,59,6,1
2359,1,0,1,1,0,27,8,1
2359,2,1,2,1,0,28,9,1
2359,3,2,3,1,0,29,10,1
2359,4,3,4,1,1,30,11,1
2359,5,4,5,1,0,31,12,1
2359,6,5,6,1,0,32,13,1
2359,7,6,6.169,0.169,0,33,14,1
2360,1,0,1,1,0,39,0,1
2360,2,1,2,1,0,40,1,1
2360,3,2,3,1,0,41,2,1
2360,4,3,3.091,0.091,0,42,3,1
2361,1,0,0.764,0.764,0,61,8,1
2362,1,0,1,1,0,34,4,1
2362,2,1,2,1,0,35,5,1
2362,3,2,3,1,0,36,6,1
2362,4,3,4,1,0,37,7,1
2362,5,4,5,1,0,38,8,1
2362,6,5,6,1,0,39,9,1
2362,7,6,6.704,0.704,0,40,10,1
2363,1,0,1,1,0,65,10,1
2363,2,1,1.608,0.608,0,66,11,1
2364,1,0,1,1,0,59,14,1
2364,2,1,1.598,0.598,0,60,15,1
2365,1,0,1,1,0,26,0,1
2365,2,1,2,1,1,27,1,1
2365,3,2,3,1,0,28,2,1
2365,4,3,3.427,0.427,0,29,3,1
2366,1,0,1,1,0,42,5,1
2366,2,1,2,1,0,43,6,1
2366,3,2,3,1,0,44,7,1
2366,4,3,4,1,0,45,8,1
2366,5,4,5,1,0,46,9,1
2366,6,5,6,1,0,47,10,1
2366,7,6,6.204,0.204,0,48,11,1
2367,1,0,1,1,0,80,6,1
2367,2,1,2,1,0,81,7,1
2367,3,2,3,1,0,82,8,1
2367,4,3,4,1,0,83,9,1
2367,5,4,5,1,0,84,10,1
2367,6,5,6,1,0,85,11,1
2367,7,6,7,1,0,86,12,1
2367,8,7,8,1,0,87,13,1
2367,9,8,8.234,0.234,0,88,14,1
2368,1,0,1,1,0,40,6,1
2368,2,1,2,1,0,41,7,1
2368,3,2,3,1,0,42,8,1
2368,4,3,4,1,0,43,9,1
2368,5,4,5,1,0,44,10,1
2368,6,5,6,1,0,45,11,1
2368,7,6,7,1,0,46,12,1
2368,8,7,7.872,0.872,0,47,13,1
2369,1,0,0.31,0.31,0,35,15,1
2370,1,0,1,1,0,37,5,1
2370,2,1,2,1,0,38,6,1
2370,3,2,2.528,0.528,0,39,7,1
2371,1,0,1,1,0,54,14,1
2371,2,1,2,1,0,55,15,1
2371,3,2,3,1,0,56,16,1
2371,4,3,3.919,0.919,0,57,17,1
2372,1,0,1,1,0,47,6,1
2372,2,1,2,1,0,48,7,1
2372,3,2,3,1,0,49,8,1
2372,4,3,4,1,0,50,9,1
2372,5,4,5,1,0,51,10,1
2372,6,5,6,1,0,52,11,1
2372,7,6,6.089,0.089,0,53,12,1
2373,1,0,0.974,0.974,0,56,5,1
2374,1,0,1,1,0,40,12,1
2374,2,1,1.609,0.609,0,41,13,1
2375,1,0,1,1,0,19,11,1
2375,2,1,2,1,0,20,12,1
2375,3,2,3,1,0,21,13,1
2375,4,3,3.789,0.789,0,22,14,1
2376,1,0,1,1,0,37,8,1
2376,2,1,2,1,0,38,9,1
2376,3,2,3,1,0,39,10,1
2376,4,3,4,1,0,40,11,1
2376,5,4,5,1,0,41,12,1
2376,6,5,6,1,0,42,13,1
2376,7,6,6.018,0.018,0,43,14,1
2377,1,0,1,1,0,18,12,1
2377,2,1,1.007,0.007,0,19,13,1
2378,1,0,1,1,0,68,10,1
2378,2,1,1.464,0.464,0,69,11,1
2379,1,0,1,1,0,32,13,1
2379,2,1,1.445,0.445,0,33,14,1
2380,1,0,1,1,0,85,12,1
2380,2,1,2,1,0,86,13,1
2380,3,2,3,1,0,87,14,1
2380,4,3,3.809,0.809,0,88,15,1
2381,1,0,1,1,0,54,13,1
2381,2,1,2,1,2,55,14,1
2381,3,2,3,1,0,56,15,1
2381,4,3,4,1,0,57,16,1
2381,5,4,5,1,0,58,17,1
2381,6,5,6,1,0,59,18,1
2381,7,6,7,1,0,60,19,1
2381,8,7,7.353,0.353,0,61,20,1
2382,1,0,1,1,0,34,9,1
2382,2,1,2,1,0,35,10,1
2382,3,2,3,1,0,36,11,1
2382,4,3,4,1,0,37,12,1
2382,5,4,5,1,0,38,13,1
2382,6,5,5.668,0.668,0,39,14,1
2383,1,0,1,1,0,59,8,1
2383,2,1,1.319,0.319,0,60,9,1
2384,1,0,1,1,0,24,4,1
2384,2,1,1.63,0.63,0,25,5,1
2385,1,0,0.697,0.697,0,36,8,1
2386,1,0,1,1,0,53,10,1
2386,2,1,2,1,0,54,11,1
2386,3,2,3,1,0,55,12,1
2386,4,3,4,1,0,56,13,1
2386,5,4,4.267,0.267,0,57,14,1
2387,1,0,0.87,0.87,0,38,12,1
2388,1,0,1,1,0,30,3,1
2388,2,1,1.564,0.564,0,31,4,1
2389,1,0,1,1,0,39,9,1
2389,2,1,2,1,0,40,10,1
2389,3,2,3,1,2,41,11,1
2389,4,3,3.33,0.33,0,42,12,1
2390,1,0,1,1,0,74,6,1
2390,2,1,2,1,0,75,7,1
2390,3,2,3,1,0,76,8,1
2390,4,3,4,1,0,77,9,1
2390,5,4,4.082,0.082,0,78,10,1
2391,1,0,1,1,0,45,13,1
2391,2,1,2,1,0,46,14,1
2391,3,2,2.474,0.474,0,47,15,1
2392,1,0,1,1,0,43,12,1
2392,2,1,2,1,0,44,13,1
2392,3,2,3,1,0,45,14,1
2392,4,3,4,1,0,46,15,1
2392,5,4,5,1,0,47,16,1
2392,6,5,6,1,0,48,17,1
2392,7,6,7,1,0,49,18,1
2392,8,7,8,1,0,50,19,1
2392,9,8,9,1,0,51,20,1
2392,10,9,9.364,0.364,1,52,21,1
2393,1,0,1,1,0,44,0,1
2393,2,1,2,1,0,45,1,1
2393,3,2,3,1,0,46,2,1
2393,4,3,4,1,0,47,3,1
2393,5,4,5,1,0,48,4,1
2393,6,5,5.044,0.044,0,49,5,1
2394,1,0,1,1,0,45,0,1
2394,2,1,2,1,0,46,1,1
2394,3,2,3,1,0,47,2,1
2394,4,3,4,1,0,48,3,1
2394,5,4,5,1,0,49,4,1
2394,6,5,6,1,0,50,5,1
2394,7,6,7,1,0,51,6,1
2394,8,7,8,1,0,52,7,1
2394,9,8,8.614,0.614,0,53,8,1
2395,1,0,1,1,0,29,16,1
2395,2,1,2,1,0,30,17,1
2395,3,2,2.969,0.969,0,31,18,1
2396,1,0,1,1,0,33,4,1
2396,2,1,1.983,0.983,0,34,5,1
2397,1,0,1,1,0,56,10,1
2397,2,1,2,1,0,57,11,1
2397,3,2,2.287,0.287,0,58,12,1
2398,1,0,1,1,0,36,6,1
2398,2,1,1.94,0.94,0,37,7,1
2399,1,0,1,1,0,59,3,1
2399,2,1,1.694,0.694,0,60,4,1
2400,1,0,1,1,0,59,6,1
2400,2,1,2,1,0,60,7,1
2400,3,2,3,1,0,61,8,1
2400,4,3,4,1,0,62,9,1
2400,5,4,5,1,0,63,10,1
2400,6,5,5.785,0.785,0,64,11,1
2401,1,0,1,1,0,48,10,1
2401,2,1,2,1,0,49,11,1
2401,3,2,2.479,0.479,0,50,12,1
2402,1,0,1,1,0,42,7,1
2402,2,1,2,1,0,43,8,1
2402,3,2,2.757,0.757,0,44,9,1
2403,1,0,1,1,0,51,7,1
2403,2,1,2,1,0,52,8,1
2403,3,2,2.797,0.797,0,53,9,1
2404,1,0,1,1,1,44,7,1
2404,2,1,2,1,0,45,8,1
2404,3,2,3,1,0,46,9,1
2404,4,3,4,1,1,47,10,1
2404,5,4,5,1,1,48,11,1
2404,6,5,6,1,0,49,12,1
2404,7,6,7,1,0,50,13,1
2404,8,7,7.555,0.555,0,51,14,1
2405,1,0,1,1,0,18,9,1
2405,2,1,2,1,0,19,10,1
2405,3,2,3,1,0,20,11,1
2405,4,3,4,1,0,21,12,1
2405,5,4,5,1,0,22,13,1
2405,6,5,5.144,0.144,0,23,14,1
2406,1,0,0.613,0.613,0,51,12,1
2407,1,0,1,1,0,40,11,1
2407,2,1,2,1,0,41,12,1
2407,3,2,3,1,0,42,13,1
2407,4,3,4,1,0,43,14,1
2407,5,4,5,1,0,44,15,1
2407,6,5,6,1,0,45,16,1
2407,7,6,7,1,0,46,17,1
2407,8,7,7.346,0.346,0,47,18,1
2408,1,0,1,1,0,45,14,1
2408,2,1,2,1,0,46,15,1
2408,3,2,3,1,0,47,16,1
2408,4,3,4,1,0,48,17,1
2408,5,4,5,1,0,49,18,1
2408,6,5,5.883,0.883,1,50,19,1
2409,1,0,1,1,0,18,7,1
2409,2,1,2,1,0,19,8,1
2409,3,2,3,1,0,20,9,1
2409,4,3,4,1,0,21,10,1
2409,5,4,5,1,0,22,11,1
2409,6,5,5.465,0.465,0,23,12,1
2410,1,0,1,1,0,38,11,1
2410,2,1,2,1,0,39,12,1
2410,3,2,2.732,0.732,0,40,13,1
2411,1,0,1,1,0,33,6,1
2411,2,1,2,1,0,34,7,1
2411,3,2,3,1,0,35,8,1
2411,4,3,3.849,0.849,0,36,9,1
2412,1,0,1,1,0,19,2,1
2412,2,1,2,1,0,20,3,1
2412,3,2,3,1,0,21,4,1
2412,4,3,4,1,0,22,5,1
2412,5,4,5,1,0,23,6,1
2412,6,5,6,1,0,24,7,1
2412,7,6,7,1,0,25,8,1
2412,8,7,7.83,0.83,0,26,9,1
2413,1,0,1,1,0,67,16,1
2413,2,1,2,1,0,68,17,1
2413,3,2,3,1,0,69,18,1
2413,4,3,3.681,0.681,0,70,19,1
2414,1,0,1,1,0,48,8,1
2414,2,1,2,1,0,49,9,1
2414,3,2,3,1,0,50,10,1
2414,4,3,4,1,0,51,11,1
2414,5,4,5,1,0,52,12,1
2414,6,5,6,1,1,53,13,1
2414,7,6,6.544,0.544,0,54,14,1
2415,1,0,1,1,0,43,8,1
2415,2,1,2,1,0,44,9,1
2415,3,2,3,1,0,45,10,1
2415,4,3,4,1,0,46,11,1
2415,5,4,5,1,0,47,12,1
2415,6,5,6,1,0,48,13,1
2415,7,6,6.386,0.386,0,49,14,1
2416,1,0,1,1,0,51,9,1
2416,2,1,2,1,0,52,10,1
2416,3,2,3,1,1,53,11,1
2416,4,3,4,1,0,54,12,1
2416,5,4,4.508,0.508,0,55,13,1
2417,1,0,1,1,0,47,7,1
2417,2,1,2,1,0,48,8,1
2417,3,2,2.312,0.312,0,49,9,1
2418,1,0,1,1,0,43,6,1
2418,2,1,2,1,0,44,7,1
2418,3,2,3,1,0,45,8,1
2418,4,3,4,1,0,46,9,1
2418,5,4,5,1,0,47,10,1
2418,6,5,6,1,0,48,11,1
2418,7,6,6.628,0.628,0,49,12,1
2419,1,0,1,1,0,45,3,1
2419,2,1,1.008,0.008,0,46,4,1
2420,1,0,1,1,0,48,7,1
2420,2,1,2,1,0,49,8,1
2420,3,2,3,1,0,50,9,1
2420,4,3,4,1,0,51,10,1
2420,5,4,5,1,0,52,11,1
2420,6,5,6,1,0,53,12,1
2420,7,6,6.917,0.917,0,54,13,1
2421,1,0,1,1,0,43,6,1
2421,2,1,2,1,1,44,7,1
2421,3,2,3,1,0,45,8,1
2421,4,3,4,1,0,46,9,1
2421,5,4,5,1,0,47,10,1
2421,6,5,6,1,0,48,11,1
2421,7,6,6.142,0.142,0,49,12,1
2422,1,0,1,1,0,53,10,1
2422,2,1,2,1,0,54,11,1
2422,3,2,3,1,0,55,12,1
2422,4,3,4,1,0,56,13,1
2422,5,4,5,1,0,57,14,1
2422,6,5,6,1,0,58,15,1
2422,7,6,6.017,0.017,0,59,16,1
2423,1,0,1,1,0,34,4,1
2423,2,1,2,1,0,35,5,1
2423,3,2,3,1,0,36,6,1
2423,4,3,4,1,0,37,7,1
2423,5,4,5,1,1,38,8,1
2423,6,5,5.737,0.737,0,39,9,1
2424,1,0,1,1,0,28,6,1
2424,2,1,2,1,0,29,7,1
2424,3,2,2,0,0,30,8,1
2425,1,0,1,1,0,42,7,1
2425,2,1,2,1,0,43,8,1
2425,3,2,3,1,0,44,9,1
2425,4,3,4,1,0,45,10,1
2425,5,4,5,1,1,46,11,1
2425,6,5,5.963,0.963,0,47,12,1
2426,1,0,0.303,0.303,0,38,11,1
2427,1,0,1,1,0,36,6,1
2427,2,1,2,1,0,37,7,1
2427,3,2,3,1,0,38,8,1
2427,4,3,4,1,0,39,9,1
2427,5,4,5,1,0,40,10,1
2427,6,5,5.374,0.374,0,41,11,1
2428,1,0,1,1,0,47,15,1
2428,2,1,1.205,0.205,0,48,16,1
2429,1,0,1,1,0,64,11,1
2429,2,1,1.573,0.573,0,65,12,1
2430,1,0,1,1,0,47,9,1
2430,2,1,2,1,0,48,10,1
2430,3,2,3,1,0,49,11,1
2430,4,3,4,1,0,50,12,1
2430,5,4,5,1,0,51,13,1
2430,6,5,6,1,0,52,14,1
2430,7,6,7,1,0,53,15,1
2430,8,7,7.8,0.8,0,54,16,1
2431,1,0,1,1,0,52,12,1
2431,2,1,2,1,0,53,13,1
2431,3,2,3,1,0,54,14,1
2431,4,3,3.907,0.907,0,55,15,1
2432,1,0,1,1,0,49,0,1
2432,2,1,2,1,0,50,1,1
2432,3,2,3,1,0,51,2,1
2432,4,3,4,1,0,52,3,1
2432,5,4,5,1,0,53,4,1
2432,6,5,6,1,0,54,5,1
2432,7,6,6.533,0.533,0,55,6,1
2433,1,0,1,1,0,37,13,1
2433,2,1,2,1,0,38,14,1
2433,3,2,3,1,0,39,15,1
2433,4,3,4,1,1,40,16,1
2433,5,4,5,1,0,41,17,1
2433,6,5,5.72,0.72,0,42,18,1
2434,1,0,1,1,0,49,16,1
2434,2,1,2,1,0,50,17,1
2434,3,2,3,1,0,51,18,1
2434,4,3,4,1,0,52,19,1
2434,5,4,5,1,0,53,20,1
2434,6,5,6,1,0,54,21,1
2434,7,6,6.611,0.611,0,55,22,1
2435,1,0,1,1,1,23,6,1
2435,2,1,2,1,1,24,7,1
2435,3,2,3,1,1,25,8,1
2435,4,3,4,1,0,26,9,1
2435,5,4,5,1,1,27,10,1
2435,6,5,5.52,0.52,0,28,11,1
2436,1,0,1,1,0,43,5,1
2436,2,1,2,1,0,44,6,1
2436,3,2,2.923,0.923,0,45,7,1
2437,1,0,1,1,0,61,4,1
2437,2,1,2,1,0,62,5,1
2437,3,2,3,1,0,63,6,1
2437,4,3,4,1,0,64,7,1
2437,5,4,5,1,0,65,8,1
2437,6,5,6,1,0,66,9,1
2437,7,6,7,1,0,67,10,1
2437,8,7,8,1,0,68,11,1
2437,9,8,8.121,0.121,0,69,12,1
2438,1,0,1,1,0,24,8,1
2438,2,1,1.033,0.033,0,25,9,1
2439,1,0,1,1,1,39,17,1
2439,2,1,2,1,0,40,18,1
2439,3,2,3,1,0,41,19,1
2439,4,3,4,1,0,42,20,1
2439,5,4,5,1,0,43,21,1
2439,6,5,6,1,0,44,22,1
2439,7,6,7,1,0,45,23,1
2439,8,7,8,1,0,46,24,1
2439,9,8,9,1,0,47,25,1
2439,10,9,9.797,0.797,0,48,26,1
2440,1,0,1,1,0,18,12,1
2440,2,1,2,1,0,19,13,1
2440,3,2,3,1,0,20,14,1
2440,4,3,4,1,0,21,15,1
2440,5,4,4.667,0.667,0,22,16,1
2441,1,0,1,1,0,33,17,1
2441,2,1,2,1,0,34,18,1
2441,3,2,3,1,0,35,19,1
2441,4,3,4,1,1,36,20,1
2441,5,4,5,1,0,37,21,1
2441,6,5,6,1,1,38,22,1
2441,7,6,7,1,0,39,23,1
2441,8,7,8,1,0,40,24,1
2441,9,8,8.983,0.983,0,41,25,1
2442,1,0,1,1,0,45,14,1
2442,2,1,2,1,0,46,15,1
2442,3,2,3,1,0,47,16,1
2442,4,3,3.972,0.972,0,48,17,1
2443,1,0,1,1,0,34,10,1
2443,2,1,1.733,0.733,0,35,11,1
2444,1,0,1,1,0,60,6,1
2444,2,1,2,1,0,61,7,1
2444,3,2,3,1,0,62,8,1
2444,4,3,4,1,0,63,9,1
2444,5,4,4.157,0.157,0,64,10,1
2445,1,0,1,1,1,75,10,1
2445,2,1,1.872,0.872,0,76,11,1
2446,1,0,1,1,1,74,18,1
2446,2,1,2,1,0,75,19,1
2446,3,2,3,1,0,76,20,1
2446,4,3,4,1,0,77,21,1
2446,5,4,4.471,0.471,0,78,22,1
2447,1,0,1,1,0,53,5,1
2447,2,1,2,1,0,54,6,1
2447,3,2,2.556,0.556,0,55,7,1
2448,1,0,1,1,0,24,2,1
2448,2,1,2,1,0,25,3,1
2448,3,2,3,1,0,26,4,1
2448,4,3,4,1,0,27,5,1
2448,5,4,4.028,0.028,0,28,6,1
2449,1,0,0.734,0.734,0,29,8,1
2450,1,0,1,1,0,47,11,1
2450,2,1,2,1,0,48,12,1
2450,3,2,2.252,0.252,0,49,13,1
2451,1,0,1,1,0,44,6,1
2451,2,1,2,1,0,45,7,1
2451,3,2,3,1,0,46,8,1
2451,4,3,4,1,0,47,9,1
2451,5,4,5,1,0,48,10,1
2451,6,5,5.848,0.848,0,49,11,1
2452,1,0,1,1,0,47,7,1
2452,2,1,2,1,1,48,8,1
2452,3,2,3,1,1,49,9,1
2452,4,3,4,1,0,50,10,1
2452,5,4,5,1,0,51,11,1
2452,6,5,6,1,1,52,12,1
2452,7,6,7,1,0,53,13,1
2452,8,7,8,1,1,54,14,1
2452,9,8,9,1,0,55,15,1
2452,10,9,9.142,0.142,0,56,16,1
2453,1,0,1,1,0,75,8,1
2453,2,1,2,1,0,76,9,1
2453,3,2,3,1,0,77,10,1
2453,4,3,4,1,0,78,11,1
2453,5,4,5,1,0,79,12,1
2453,6,5,5.536,0.536,0,80,13,1
2454,1,0,1,1,1,24,7,1
2454,2,1,2,1,2,25,8,1
2454,3,2,3,1,0,26,9,1
2454,4,3,4,1,1,27,10,1
2454,5,4,5,1,3,28,11,1
2454,6,5,6,1,0,29,12,1
2454,7,6,7,1,2,30,13,1
2454,8,7,8,1,3,31,14,1
2454,9,8,8.098,0.098,0,32,15,1
2455,1,0,1,1,0,58,10,1
2455,2,1,2,1,0,59,11,1
2455,3,2,2.976,0.976,0,60,12,1
2456,1,0,1,1,0,61,3,1
2456,2,1,2,1,1,62,4,1
2456,3,2,3,1,0,63,5,1
2456,4,3,4,1,0,64,6,1
2456,5,4,4.636,0.636,0,65,7,1
2457,1,0,1,1,0,62,7,1
2457,2,1,2,1,0,63,8,1
2457,3,2,3,1,0,64,9,1
2457,4,3,4,1,0,65,10,1
2457,5,4,5,1,0,66,11,1
2457,6,5,5.757,0.757,0,67,12,1
2458,1,0,1,1,0,48,4,1
2458,2,1,2,1,0,49,5,1
2458,3,2,3,1,0,50,6,1
2458,4,3,3.28,0.28,0,51,7,1
2459,1,0,1,1,0,57,8,1
2459,2,1,2,1,0,58,9,1
2459,3,2,3,1,0,59,10,1
2459,4,3,4,1,0,60,11,1
2459,5,4,5,1,0,61,12,1
2459,6,5,5.954,0.954,0,62,13,1
2460,1,0,1,1,1,65,10,1
2460,2,1,2,1,0,66,11,1
2460,3,2,3,1,0,67,12,1
2460,4,3,3.534,0.534,0,68,13,1
2461,1,0,0.469,0.469,0,58,12,1
2462,1,0,1,1,0,52,3,1
2462,2,1,2,1,0,53,4,1
2462,3,2,3,1,0,54,5,1
2462,4,3,4,1,0,55,6,1
2462,5,4,4.6,0.6,0,56,7,1
2463,1,0,1,1,0,45,1,1
2463,2,1,2,1,0,46,2,1
2463,3,2,3,1,0,47,3,1
2463,4,3,4,1,0,48,4,1
2463,5,4,5,1,0,49,5,1
2463,6,5,6,1,0,50,6,1
2463,7,6,7,1,0,51,7,1
2463,8,7,7.957,0.957,0,52,8,1
2464,1,0,0.529,0.529,0,68,3,1
2465,1,0,1,1,0,61,1,1
2465,2,1,1.528,0.528,0,62,2,1
2466,1,0,1,1,0,46,10,1
2466,2,1,2,1,0,47,11,1
2466,3,2,3,1,1,48,12,1
2466,4,3,4,1,0,49,13,1
2466,5,4,5,1,0,50,14,1
2466,6,5,5.054,0.054,0,51,15,1
2467,1,0,1,1,0,55,2,1
2467,2,1,2,1,0,56,3,1
2467,3,2,3,1,1,57,4,1
2467,4,3,3.962,0.962,0,58,5,1
2468,1,0,1,1,0,74,5,1
2468,2,1,2,1,0,75,6,1
2468,3,2,3,1,0,76,7,1
2468,4,3,4,1,0,77,8,1
2468,5,4,5,1,1,78,9,1
2468,6,5,6,1,0,79,10,1
2468,7,6,6.273,0.273,0,80,11,1
2469,1,0,1,1,0,39,8,1
2469,2,1,2,1,0,40,9,1
2469,3,2,3,1,0,41,10,1
2469,4,3,4,1,0,42,11,1
2469,5,4,4.836,0.836,0,43,12,1
2470,1,0,1,1,0,51,13,1
2470,2,1,2,1,1,52,14,1
2470,3,2,3,1,0,53,15,1
2470,4,3,4,1,0,54,16,1
2470,5,4,4.96,0.96,0,55,17,1
2471,1,0,1,1,0,63,21,1
2471,2,1,2,1,1,64,22,1
2471,3,2,3,1,0,65,23,1
2471,4,3,4,1,0,66,24,1
2471,5,4,5,1,0,67,25,1
2471,6,5,6,1,0,68,26,1
2471,7,6,7,1,0,69,27,1
2471,8,7,8,1,0,70,28,1
2471,9,8,8.225,0.225,0,71,29,1
2472,1,0,1,1,0,34,1,1
2472,2,1,2,1,0,35,2,1
2472,3,2,3,1,0,36,3,1
2472,4,3,4,1,0,37,4,1
2472,5,4,5,1,0,38,5,1
2472,6,5,5.636,0.636,0,39,6,1
2473,1,0,1,1,1,48,6,1
2473,2,1,2,1,1,49,7,1
2473,3,2,3,1,0,50,8,1
2473,4,3,3.051,0.051,0,51,9,1
2474,1,0,1,1,0,73,0,1
2474,2,1,2,1,0,74,1,1
2474,3,2,3,1,0,75,2,1
2474,4,3,3.932,0.932,0,76,3,1
2475,1,0,1,1,0,47,6,1
2475,2,1,2,1,0,48,7,1
2475,3,2,2.53,0.53,0,49,8,1
2476,1,0,1,1,0,33,11,1
2476,2,1,1.878,0.878,0,34,12,1
2477,1,0,1,1,0,20,7,1
2477,2,1,2,1,0,21,8,1
2477,3,2,3,1,0,22,9,1
2477,4,3,4,1,0,23,10,1
2477,5,4,5,1,0,24,11,1
2477,6,5,6,1,0,25,12,1
2477,7,6,6.064,0.064,0,26,13,1
2478,1,0,1,1,0,42,9,1
2478,2,1,2,1,0,43,10,1
2478,3,2,3,1,0,44,11,1
2478,4,3,4,1,1,45,12,1
2478,5,4,5,1,0,46,13,1
2478,6,5,6,1,1,47,14,1
2478,7,6,6.394,0.394,0,48,15,1
2479,1,0,1,1,0,46,1,1
2479,2,1,2,1,0,47,2,1
2479,3,2,3,1,0,48,3,1
2479,4,3,4,1,0,49,4,1
2479,5,4,5,1,0,50,5,1
2479,6,5,6,1,0,51,6,1
2479,7,6,7,1,0,52,7,1
2479,8,7,7.056,0.056,0,53,8,1
2480,1,0,1,1,0,56,5,1
2480,2,1,1.352,0.352,0,57,6,1
2481,1,0,1,1,0,56,0,1
2481,2,1,2,1,0,57,1,1
2481,3,2,3,1,0,58,2,1
2481,4,3,3.582,0.582,0,59,3,1
2482,1,0,1,1,0,38,3,1
2482,2,1,2,1,0,39,4,1
2482,3,2,3,1,0,40,5,1
2482,4,3,4,1,1,41,6,1
2482,5,4,5,1,0,42,7,1
2482,6,5,6,1,0,43,8,1
2482,7,6,7,1,0,44,9,1
2482,8,7,8,1,0,45,10,1
2482,9,8,9,1,0,46,11,1
2482,10,9,9.221,0.221,0,47,12,1
2483,1,0,1,1,0,70,8,1
2483,2,1,2,1,0,71,9,1
2483,3,2,3,1,0,72,10,1
2483,4,3,4,1,0,73,11,1
2483,5,4,5,1,0,74,12,1
2483,6,5,6,1,0,75,13,1
2483,7,6,7,1,0,76,14,1
2483,8,7,8,1,1,77,15,1
2483,9,8,8.604,0.604,0,78,16,1
2484,1,0,1,1,0,57,6,1
2484,2,1,1.402,0.402,0,58,7,1
2485,1,0,1,1,0,30,6,1
2485,2,1,1.244,0.244,0,31,7,1
2486,1,0,1,1,1,64,9,1
2486,2,1,2,1,0,65,10,1
2486,3,2,3,1,0,66,11,1
2486,4,3,3.195,0.195,0,67,12,1
2487,1,0,1,1,0,50,10,1
2487,2,1,2,1,2,51,11,1
2487,3,2,3,1,1,52,12,1
2487,4,3,3.565,0.565,0,53,13,1
2488,1,0,1,1,0,50,9,1
2488,2,1,2,1,0,51,10,1
2488,3,2,3,1,0,52,11,1
2488,4,3,4,1,0,53,12,1
2488,5,4,5,1,0,54,13,1
2488,6,5,6,1,1,55,14,1
2488,7,6,7,1,0,56,15,1
2488,8,7,7.91,0.91,0,57,16,1
2489,1,0,1,1,0,45,10,1
2489,2,1,2,1,0,46,11,1
2489,3,2,3,1,0,47,12,1
2489,4,3,3.06,0.06,0,48,13,1
2490,1,0,1,1,0,40,9,1
2490,2,1,2,1,0,41,10,1
2490,3,2,3,1,0,42,11,1
2490,4,3,4,1,0,43,12,1
2490,5,4,5,1,0,44,13,1
2490,6,5,6,1,0,45,14,1
2490,7,6,7,1,0,46,15,1
2490,8,7,8,1,0,47,16,1
2490,9,8,9,1,0,48,17,1
2490,10,9,9.384,0.384,0,49,18,1
2491,1,0,1,1,0,54,4,1
2491,2,1,2,1,0,55,5,1
2491,3,2,2.894,0.894,0,56,6,1
2492,1,0,1,1,0,40,0,1
2492,2,1,2,1,0,41,1,1
2492,3,2,2.653,0.653,0,42,2,1
2493,1,0,1,1,0,31,9,1
2493,2,1,2,1,1,32,10,1
2493,3,2,3,1,0,33,11,1
2493,4,3,4,1,0,34,12,1
2493,5,4,5,1,1,35,13,1
2493,6,5,6,1,0,36,14,1
2493,7,6,7,1,0,37,15,1
2493,8,7,7.943,0.943,0,38,16,1
2494,1,0,1,1,0,88,7,1
2494,2,1,2,1,0,89,8,1
2494,3,2,2.825,0.825,0,90,9,1
2495,1,0,1,1,0,54,8,1
2495,2,1,2,1,0,55,9,1
2495,3,2,3,1,0,56,10,1
2495,4,3,3.703,0.703,0,57,11,1
2496,1,0,1,1,0,28,11,1
2496,2,1,2,1,1,29,12,1
2496,3,2,3,1,0,30,13,1
2496,4,3,4,1,1,31,14,1
2496,5,4,4.504,0.504,0,32,15,1
2497,1,0,1,1,0,65,0,1
2497,2,1,2,1,0,66,1,1
2497,3,2,3,1,0,67,2,1
2497,4,3,3.449,0.449,0,68,3,1
2498,1,0,1,1,0,22,12,1
2498,2,1,2,1,0,23,13,1
2498,3,2,2.92,0.92,0,24,14,1
2499,1,0,1,1,0,19,12,1
2499,2,1,2,1,0,20,13,1
2499,3,2,3,1,0,21,14,1
2499,4,3,4,1,0,22,15,1
2499,5,4,5,1,0,23,16,1
2499,6,5,6,1,0,24,17,1
2499,7,6,7,1,0,25,18,1
2499,8,7,8,1,1,26,19,1
2499,9,8,8.477,0.477,0,27,20,1
2500,1,0,1,1,0,18,9,1
2500,2,1,1.315,0.315,0,19,10,1
2501,1,0,1,1,0,50,2,1
2501,2,1,2,1,0,51,3,1
2501,3,2,3,1,0,52,4,1
2501,4,3,4,1,0,53,5,1
2501,5,4,5,1,0,54,6,1
2501,6,5,6,1,0,55,7,1
2501,7,6,7,1,0,56,8,1
2501,8,7,8,1,0,57,9,1
2501,9,8,8.612,0.612,0,58,10,1
2502,1,0,1,1,1,50,3,1
2502,2,1,2,1,0,51,4,1
2502,3,2,3,1,0,52,5,1
2502,4,3,4,1,1,53,6,1
2502,5,4,5,1,2,54,7,1
2502,6,5,6,1,0,55,8,1
2502,7,6,7,1,0,56,9,1
2502,8,7,7.801,0.801,0,57,10,1
2503,1,0,1,1,0,34,7,1
2503,2,1,2,1,1,35,8,1
2503,3,2,3,1,0,36,9,1
2503,4,3,4,1,0,37,10,1
2503,5,4,4.547,0.547,0,38,11,1
2504,1,0,1,1,0,18,12,1
2504,2,1,2,1,0,19,13,1
2504,3,2,3,1,0,20,14,1
2504,4,3,4,1,0,21,15,1
2504,5,4,5,1,0,22,16,1
2504,6,5,5.944,0.944,1,23,17,1
2505,1,0,1,1,0,26,3,1
2505,2,1,2,1,0,27,4,1
2505,3,2,3,1,0,28,5,1
2505,4,3,4,1,0,29,6,1
2505,5,4,5,1,0,30,7,1
2505,6,5,6,1,0,31,8,1
2505,7,6,7,1,0,32,9,1
2505,8,7,7.374,0.374,0,33,10,1
2506,1,0,1,1,0,48,8,1
2506,2,1,2,1,0,49,9,1
2506,3,2,3,1,0,50,10,1
2506,4,3,4,1,1,51,11,1
2506,5,4,5,1,0,52,12,1
2506,6,5,6,1,0,53,13,1
2506,7,6,7,1,1,54,14,1
2506,8,7,8,1,0,55,15,1
2506,9,8,9,1,0,56,16,1
2506,10,9,9.825,0.825,0,57,17,1
2507,1,0,1,1,0,36,1,1
2507,2,1,2,1,0,37,2,1
2507,3,2,3,1,0,38,3,1
2507,4,3,4,1,0,39,4,1
2507,5,4,5,1,1,40,5,1
2507,6,5,6,1,0,41,6,1
2507,7,6,6.662,0.662,0,42,7,1
2508,1,0,1,1,0,33,19,1
2508,2,1,2,1,1,34,20,1
2508,3,2,2.454,0.454,0,35,21,1
2509,1,0,1,1,0,53,6,1
2509,2,1,2,1,0,54,7,1
2509,3,2,2.626,0.626,0,55,8,1
2510,1,0,1,1,0,41,1,1
2510,2,1,2,1,0,42,2,1
2510,3,2,3,1,0,43,3,1
2510,4,3,4,1,0,44,4,1
2510,5,4,5,1,0,45,5,1
2510,6,5,6,1,0,46,6,1
2510,7,6,7,1,0,47,7,1
2510,8,7,8,1,0,48,8,1
2510,9,8,8.684,0.684,0,49,9,1
2511,1,0,1,1,0,36,12,1
2511,2,1,2,1,0,37,13,1
2511,3,2,3,1,0,38,14,1
2511,4,3,4,1,0,39,15,1
2511,5,4,5,1,0,40,16,1
2511,6,5,6,1,0,41,17,1
2511,7,6,7,1,0,42,18,1
2511,8,7,8,1,0,43,19,1
2511,9,8,9,1,0,44,20,1
2511,10,9,9.405,0.405,0,45,21,1
2512,1,0,1,1,0,55,11,1
2512,2,1,2,1,0,56,12,1
2512,3,2,3,1,0,57,13,1
2512,4,3,3.681,0.681,0,58,14,1
2513,1,0,1,1,0,47,8,1
2513,2,1,2,1,0,48,9,1
2513,3,2,3,1,0,49,10,1
2513,4,3,4,1,0,50,11,1
2513,5,4,4.426,0.426,0,51,12,1
2514,1,0,1,1,0,49,5,1
2514,2,1,2,1,0,50,6,1
2514,3,2,3,1,1,51,7,1
2514,4,3,4,1,0,52,8,1
2514,5,4,5,1,1,53,9,1
2514,6,5,6,1,0,54,10,1
2514,7,6,6.508,0.508,0,55,11,1
2515,1,0,1,1,0,29,12,1
2515,2,1,2,1,0,30,13,1
2515,3,2,3,1,0,31,14,1
2515,4,3,3.888,0.888,0,32,15,1
2516,1,0,1,1,1,18,3,1
2516,2,1,2,1,0,19,4,1
2516,3,2,3,1,0,20,5,1
2516,4,3,4,1,0,21,6,1
2516,5,4,5,1,0,22,7,1
2516,6,5,6,1,0,23,8,1
2516,7,6,7,1,0,24,9,1
2516,8,7,8,1,0,25,10,1
2516,9,8,9,1,1,26,11,1
2516,10,9,9.192,0.192,0,27,12,1
2517,1,0,1,1,0,70,8,1
2517,2,1,2,1,0,71,9,1
2517,3,2,3,1,0,72,10,1
2517,4,3,4,1,0,73,11,1
2517,5,4,5,1,0,74,12,1
2517,6,5,6,1,0,75,13,1
2517,7,6,7,1,0,76,14,1
2517,8,7,8,1,0,77,15,1
2517,9,8,8.131,0.131,0,78,16,1
2518,1,0,1,1,0,38,5,1
2518,2,1,1.935,0.935,0,39,6,1
2519,1,0,1,1,0,33,0,1
2519,2,1,1.001,0.001,0,34,1,1
2520,1,0,1,1,1,61,4,1
2520,2,1,2,1,0,62,5,1
2520,3,2,3,1,1,63,6,1
2520,4,3,3.615,0.615,0,64,7,1
2521,1,0,1,1,0,40,13,1
2521,2,1,2,1,0,41,14,1
2521,3,2,3,1,0,42,15,1
2521,4,3,4,1,0,43,16,1
2521,5,4,5,1,0,44,17,1
2521,6,5,5.825,0.825,0,45,18,1
2522,1,0,0.701,0.701,0,54,5,1
2523,1,0,1,1,0,53,13,1
2523,2,1,2,1,1,54,14,1
2523,3,2,3,1,0,55,15,1
2523,4,3,4,1,0,56,16,1
2523,5,4,5,1,0,57,17,1
2523,6,5,6,1,1,58,18,1
2523,7,6,7,1,0,59,19,1
2523,8,7,7.126,0.126,0,60,20,1
2524,1,0,1,1,0,40,5,1
2524,2,1,2,1,1,41,6,1
2524,3,2,3,1,0,42,7,1
2524,4,3,4,1,1,43,8,1
2524,5,4,5,1,0,44,9,1
2524,6,5,6,1,0,45,10,1
2524,7,6,7,1,0,46,11,1
2524,8,7,8,1,0,47,12,1
2524,9,8,9,1,0,48,13,1
2524,10,9,9.009,0.009,0,49,14,1
2525,1,0,1,1,1,30,3,1
2525,2,1,1.471,0.471,0,31,4,1
2526,1,0,1,1,0,48,0,1
2526,2,1,2,1,0,49,1,1
2526,3,2,3,1,0,50,2,1
2526,4,3,3.678,0.678,0,51,3,1
2527,1,0,1,1,0,32,2,1
2527,2,1,2,1,0,33,3,1
2527,3,2,2.956,0.956,0,34,4,1
2528,1,0,1,1,1,57,7,1
2528,2,1,1.249,0.249,0,58,8,1
2529,1,0,1,1,0,34,4,1
2529,2,1,2,1,1,35,5,1
2529,3,2,3,1,0,36,6,1
2529,4,3,4,1,0,37,7,1
2529,5,4,4.192,0.192,0,38,8,1
2530,1,0,0.403,0.403,0,32,11,1
2531,1,0,1,1,0,41,2,1
2531,2,1,2,1,0,42,3,1
2531,3,2,3,1,0,43,4,1
2531,4,3,4,1,0,44,5,1
2531,5,4,5,1,1,45,6,1
2531,6,5,5.003,0.003,0,46,7,1
2532,1,0,1,1,0,32,9,1
2532,2,1,2,1,1,33,10,1
2532,3,2,2.234,0.234,0,34,11,1
2533,1,0,1,1,0,32,0,1
2533,2,1,2,1,1,33,1,1
2533,3,2,3,1,0,34,2,1
2533,4,3,4,1,0,35,3,1
2533,5,4,5,1,0,36,4,1
2533,6,5,6,1,1,37,5,1
2533,7,6,7,1,0,38,6,1
2533,8,7,8,1,0,39,7,1
2533,9,8,9,1,0,40,8,1
2533,10,9,9.958,0.958,0,41,9,1
2534,1,0,1,1,0,68,5,1
2534,2,1,2,1,1,69,6,1
2534,3,2,2.514,0.514,0,70,7,1
2535,1,0,1,1,0,79,3,1
2535,2,1,2,1,1,80,4,1
2535,3,2,3,1,0,81,5,1
2535,4,3,3.764,0.764,1,82,6,1
2536,1,0,1,1,0,52,9,1
2536,2,1,1.237,0.237,0,53,10,1
2537,1,0,1,1,0,24,5,1
2537,2,1,2,1,0,25,6,1
2537,3,2,3,1,0,26,7,1
2537,4,3,4,1,0,27,8,1
2537,5,4,5,1,0,28,9,1
2537,6,5,6,1,0,29,10,1
2537,7,6,7,1,0,30,11,1
2537,8,7,8,1,1,31,12,1
2537,9,8,9,1,0,32,13,1
2537,10,9,9.45,0.45,0,33,14,1
2538,1,0,1,1,0,37,11,1
2538,2,1,2,1,0,38,12,1
2538,3,2,3,1,0,39,13,1
2538,4,3,3.567,0.567,0,40,14,1
2539,1,0,0.547,0.547,0,28,9,1
2540,1,0,1,1,0,58,14,1
2540,2,1,2,1,0,59,15,1
2540,3,2,3,1,0,60,16,1
2540,4,3,4,1,0,61,17,1
2540,5,4,5,1,0,62,18,1
2540,6,5,5.743,0.743,0,63,19,1
2541,1,0,1,1,0,31,14,1
2541,2,1,2,1,0,32,15,1
2541,3,2,2.808,0.808,0,33,16,1
2542,1,0,1,1,0,54,16,1
2542,2,1,1.749,0.749,0,55,17,1
2543,1,0,1,1,0,70,11,1
2543,2,1,2,1,0,71,12,1
2543,3,2,3,1,0,72,13,1
2543,4,3,4,1,0,73,14,1
2543,5,4,5,1,0,74,15,1
2543,6,5,5.845,0.845,0,75,16,1
2544,1,0,1,1,0,30,10,1
2544,2,1,2,1,2,31,11,1
2544,3,2,3,1,1,32,12,1
2544,4,3,4,1,0,33,13,1
2544,5,4,4.543,0.543,0,34,14,1
2545,1,0,1,1,0,36,10,1
2545,2,1,2,1,0,37,11,1
2545,3,2,3,1,0,38,12,1
2545,4,3,4,1,0,39,13,1
2545,5,4,5,1,0,40,14,1
2545,6,5,6,1,1,41,15,1
2545,7,6,7,1,0,42,16,1
2545,8,7,8,1,0,43,17,1
2545,9,8,8.521,0.521,0,44,18,1
2546,1,0,1,1,0,67,1,1
2546,2,1,2,1,0,68,2,1
2546,3,2,3,1,0,69,3,1
2546,4,3,4,1,0,70,4,1
2546,5,4,5,1,1,71,5,1
2546,6,5,6,1,1,72,6,1
2546,7,6,7,1,1,73,7,1
2546,8,7,8,1,1,74,8,1
2546,9,8,9,1,0,75,9,1
2546,10,9,9.109,0.109,0,76,10,1
2547,1,0,1,1,1,55,5,1
2547,2,1,2,1,0,56,6,1
2547,3,2,3,1,0,57,7,1
2547,4,3,4,1,0,58,8,1
2547,5,4,5,1,0,59,9,1
2547,6,5,6,1,0,60,10,1
2547,7,6,6.475,0.475,0,61,11,1
2548,1,0,1,1,0,64,7,1
2548,2,1,2,1,0,65,8,1
2548,3,2,3,1,1,66,9,1
2548,4,3,4,1,0,67,10,1
2548,5,4,5,1,0,68,11,1
2548,6,5,6,1,1,69,12,1
2548,7,6,7,1,1,70,13,1
2548,8,7,8,1,0,71,14,1
2548,9,8,8.764,0.764,0,72,15,1
2549,1,0,1,1,0,60,2,1
2549,2,1,2,1,0,61,3,1
2549,3,2,3,1,0,62,4,1
2549,4,3,4,1,0,63,5,1
2549,5,4,4.689,0.689,0,64,6,1
2550,1,0,1,1,0,74,5,1
2550,2,1,1.937,0.937,0,75,6,1
2551,1,0,1,1,0,27,8,1
2551,2,1,2,1,1,28,9,1
2551,3,2,3,1,0,29,10,1
2551,4,3,4,1,0,30,11,1
2551,5,4,5,1,0,31,12,1
2551,6,5,6,1,0,32,13,1
2551,7,6,6.767,0.767,0,33,14,1
2552,1,0,1,1,0,47,1,1
2552,2,1,2,1,0,48,2,1
2552,3,2,3,1,0,49,3,1
2552,4,3,4,1,0,50,4,1
2552,5,4,4.426,0.426,0,51,5,1
2553,1,0,1,1,0,69,6,1
2553,2,1,2,1,0,70,7,1
2553,3,2,3,1,0,71,8,1
2553,4,3,3.396,0.396,0,72,9,1
2554,1,0,1,1,0,28,6,1
2554,2,1,2,1,0,29,7,1
2554,3,2,3,1,1,30,8,1
2554,4,3,3.824,0.824,1,31,9,1
2555,1,0,1,1,1,60,10,1
2555,2,1,1.2,0.2,0,61,11,1
2556,1,0,1,1,0,31,3,1
2556,2,1,2,1,0,32,4,1
2556,3,2,2.686,0.686,0,33,5,1
2557,1,0,1,1,0,24,0,1
2557,2,1,2,1,0,25,1,1
2557,3,2,3,1,1,26,2,1
2557,4,3,3.262,0.262,0,27,3,1
2558,1,0,1,1,0,58,5,1
2558,2,1,1.274,0.274,0,59,6,1
2559,1,0,1,1,0,44,16,1
2559,2,1,2,1,0,45,17,1
2559,3,2,3,1,0,46,18,1
2559,4,3,3.261,0.261,0,47,19,1
2560,1,0,1,1,0,34,18,1
2560,2,1,2,1,1,35,19,1
2560,3,2,3,1,0,36,20,1
2560,4,3,4,1,0,37,21,1
2560,5,4,5,1,1,38,22,1
2560,6,5,6,1,0,39,23,1
2560,7,6,6.107,0.107,0,40,24,1
2561,1,0,1,1,0,18,8,1
2561,2,1,2,1,0,19,9,1
2561,3,2,3,1,0,20,10,1
2561,4,3,4,1,0,21,11,1
2561,5,4,5,1,0,22,12,1
2561,6,5,6,1,0,23,13,1
2561,7,6,6.862,0.862,0,24,14,1
2562,1,0,1,1,0,38,7,1
2562,2,1,2,1,0,39,8,1
2562,3,2,3,1,1,40,9,1
2562,4,3,4,1,0,41,10,1
2562,5,4,5,1,1,42,11,1
2562,6,5,6,1,0,43,12,1
2562,7,6,7,1,0,44,13,1
2562,8,7,8,1,0,45,14,1
2562,9,8,9,1,0,46,15,1
2562,10,9,9.37,0.37,0,47,16,1
2563,1,0,1,1,0,50,15,1
2563,2,1,2,1,0,51,16,1
2563,3,2,3,1,0,52,17,1
2563,4,3,4,1,0,53,18,1
2563,5,4,5,1,1,54,19,1
2563,6,5,5.335,0.335,0,55,20,1
2564,1,0,1,1,0,34,0,1
2564,2,1,1.936,0.936,0,35,1,1
2565,1,0,1,1,0,67,11,1
2565,2,1,2,1,0,68,12,1
2565,3,2,3,1,0,69,13,1
2565,4,3,4,1,0,70,14,1
2565,5,4,5,1,0,71,15,1
2565,6,5,6,1,0,72,16,1
2565,7,6,6.465,0.465,0,73,17,1
2566,1,0,1,1,0,31,8,1
2566,2,1,2,1,0,32,9,1
2566,3,2,3,1,0,33,10,1
2566,4,3,4,1,0,34,11,1
2566,5,4,5,1,1,35,12,1
2566,6,5,6,1,2,36,13,1
2566,7,6,7,1,0,37,14,1
2566,8,7,8,1,0,38,15,1
2566,9,8,9,1,0,39,16,1
2566,10,9,9.331,0.331,0,40,17,1
2567,1,0,1,1,0,41,3,1
2567,2,1,2,1,0,42,4,1
2567,3,2,3,1,0,43,5,1
2567,4,3,4,1,1,44,6,1
2567,5,4,5,1,0,45,7,1
2567,6,5,6,1,2,46,8,1
2567,7,6,7,1,0,47,9,1
2567,8,7,8,1,0,48,10,1
2567,9,8,9,1,2,49,11,1
2567,10,9,9.618,0.618,0,50,12,1
2568,1,0,1,1,0,64,9,1
2568,2,1,2,1,0,65,10,1
2568,3,2,2.945,0.945,0,66,11,1
2569,1,0,1,1,0,63,12,1
2569,2,1,2,1,0,64,13,1
2569,3,2,2.074,0.074,0,65,14,1
2570,1,0,1,1,0,44,10,1
2570,2,1,2,1,0,45,11,1
2570,3,2,3,1,0,46,12,1
2570,4,3,4,1,0,47,13,1
2570,5,4,4.042,0.042,0,48,14,1
2571,1,0,1,1,0,50,12,1
2571,2,1,2,1,0,51,13,1
2571,3,2,2.466,0.466,0,52,14,1
2572,1,0,1,1,0,52,11,1
2572,2,1,2,1,0,53,12,1
2572,3,2,3,1,0,54,13,1
2572,4,3,4,1,0,55,14,1
2572,5,4,5,1,1,56,15,1
2572,6,5,6,1,0,57,16,1
2572,7,6,6.585,0.585,0,58,17,1
2573,1,0,1,1,0,42,8,1
2573,2,1,2,1,0,43,9,1
2573,3,2,3,1,0,44,10,1
2573,4,3,4,1,0,45,11,1
2573,5,4,5,1,0,46,12,1
2573,6,5,6,1,0,47,13,1
2573,7,6,7,1,0,48,14,1
2573,8,7,7.057,0.057,0,49,15,1
2574,1,0,1,1,0,43,8,1
2574,2,1,2,1,0,44,9,1
2574,3,2,3,1,0,45,10,1
2574,4,3,3.355,0.355,0,46,11,1
2575,1,0,1,1,0,38,14,1
2575,2,1,2,1,0,39,15,1
2575,3,2,2.838,0.838,0,40,16,1
2576,1,0,1,1,0,33,13,1
2576,2,1,2,1,0,34,14,1
2576,3,2,3,1,0,35,15,1
2576,4,3,4,1,0,36,16,1
2576,5,4,5,1,0,37,17,1
2576,6,5,5.515,0.515,0,38,18,1
2577,1,0,1,1,0,28,8,1
2577,2,1,2,1,0,29,9,1
2577,3,2,3,1,0,30,10,1
2577,4,3,4,1,1,31,11,1
2577,5,4,5,1,0,32,12,1
2577,6,5,6,1,0,33,13,1
2577,7,6,7,1,0,34,14,1
2577,8,7,7.739,0.739,0,35,15,1
2578,1,0,1,1,0,61,0,1
2578,2,1,1.566,0.566,0,62,1,1
2579,1,0,1,1,0,54,7,1
2579,2,1,2,1,0,55,8,1
2579,3,2,3,1,0,56,9,1
2579,4,3,4,1,0,57,10,1
2579,5,4,5,1,1,58,11,1
2579,6,5,5.528,0.528,0,59,12,1
2580,1,0,1,1,0,21,12,1
2580,2,1,1.457,0.457,0,22,13,1
2581,1,0,1,1,0,34,5,1
2581,2,1,2,1,0,35,6,1
2581,3,2,3,1,0,36,7,1
2581,4,3,4,1,0,37,8,1
2581,5,4,5,1,0,38,9,1
2581,6,5,5.15,0.15,0,39,10,1
2582,1,0,1,1,0,52,10,1
2582,2,1,2,1,0,53,11,1
2582,3,2,3,1,0,54,12,1
2582,4,3,4,1,0,55,13,1
2582,5,4,5,1,0,56,14,1
2582,6,5,6,1,0,57,15,1
2582,7,6,6.839,0.839,0,58,16,1
2583,1,0,1,1,0,58,16,1
2583,2,1,1.781,0.781,0,59,17,1
2584,1,0,1,1,0,38,5,1
2584,2,1,2,1,0,39,6,1
2584,3,2,3,1,0,40,7,1
2584,4,3,4,1,0,41,8,1
2584,5,4,5,1,1,42,9,1
2584,6,5,6,1,0,43,10,1
2584,7,6,7,1,0,44,11,1
2584,8,7,8,1,0,45,12,1
2584,9,8,8.669,0.669,0,46,13,1
2585,1,0,1,1,0,19,8,1
2585,2,1,2,1,0,20,9,1
2585,3,2,3,1,0,21,10,1
2585,4,3,4,1,0,22,11,1
2585,5,4,5,1,0,23,12,1
2585,6,5,5.868,0.868,0,24,13,1
2586,1,0,1,1,0,52,3,1
2586,2,1,2,1,0,53,4,1
2586,3,2,3,1,0,54,5,1
2586,4,3,4,1,0,55,6,1
2586,5,4,4.824,0.824,0,56,7,1
2587,1,0,1,1,0,21,14,1
2587,2,1,2,1,2,22,15,1
2587,3,2,3,1,0,23,16,1
2587,4,3,3.158,0.158,0,24,17,1
2588,1,0,1,1,0,18,11,1
2588,2,1,2,1,0,19,12,1
2588,3,2,3,1,0,20,13,1
2588,4,3,3.863,0.863,0,21,14,1
2589,1,0,1,1,0,34,17,1
2589,2,1,1.93,0.93,0,35,18,1
2590,1,0,0.87,0.87,1,33,8,1
2591,1,0,1,1,0,58,12,1
2591,2,1,2,1,0,59,13,1
2591,3,2,3,1,0,60,14,1
2591,4,3,4,1,0,61,15,1
2591,5,4,4.003,0.003,0,62,16,1
2592,1,0,1,1,0,64,5,1
2592,2,1,1.897,0.897,0,65,6,1
2593,1,0,1,1,0,43,2,1
2593,2,1,2,1,0,44,3,1
2593,3,2,3,1,0,45,4,1
2593,4,3,4,1,0,46,5,1
2593,5,4,5,1,0,47,6,1
2593,6,5,6,1,0,48,7,1
2593,7,6,7,1,0,49,8,1
2593,8,7,8,1,0,50,9,1
2593,9,8,8.257,0.257,0,51,10,1
2594,1,0,1,1,0,19,15,1
2594,2,1,2,1,0,20,16,1
2594,3,2,2.342,0.342,0,21,17,1
2595,1,0,1,1,0,35,10,1
2595,2,1,1.831,0.831,1,36,11,1
2596,1,0,0.328,0.328,0,18,16,1
2597,1,0,1,1,0,59,8,1
2597,2,1,1.797,0.797,0,60,9,1
2598,1,0,1,1,0,53,9,1
2598,2,1,2,1,0,54,10,1
2598,3,2,3,1,1,55,11,1
2598,4,3,3.372,0.372,1,56,12,1
2599,1,0,1,1,0,55,2,1
2599,2,1,2,1,0,56,3,1
2599,3,2,3,1,0,57,4,1
2599,4,3,4,1,1,58,5,1
2599,5,4,4.489,0.489,1,59,6,1
2600,1,0,1,1,0,56,2,1
2600,2,1,2,1,0,57,3,1
2600,3,2,2.8,0.8,0,58,4,1
2601,1,0,1,1,0,34,2,1
2601,2,1,2,1,0,35,3,1
2601,3,2,3,1,0,36,4,1
2601,4,3,4,1,0,37,5,1
2601,5,4,4.587,0.587,0,38,6,1
2602,1,0,1,1,0,69,3,1
2602,2,1,2,1,0,70,4,1
2602,3,2,3,1,0,71,5,1
2602,4,3,4,1,0,72,6,1
2602,5,4,5,1,0,73,7,1
2602,6,5,6,1,1,74,8,1
2602,7,6,7,1,1,75,9,1
2602,8,7,8,1,0,76,10,1
2602,9,8,8.938,0.938,0,77,11,1
2603,1,0,1,1,0,39,7,1
2603,2,1,2,1,0,40,8,1
2603,3,2,3,1,0,41,9,1
2603,4,3,4,1,0,42,10,1
2603,5,4,5,1,0,43,11,1
2603,6,5,5.137,0.137,0,44,12,1
2604,1,0,1,1,0,43,13,1
2604,2,1,2,1,0,44,14,1
2604,3,2,3,1,0,45,15,1
2604,4,3,4,1,0,46,16,1
2604,5,4,5,1,0,47,17,1
2604,6,5,6,1,0,48,18,1
2604,7,6,7,1,0,49,19,1
2604,8,7,8,1,0,50,20,1
2604,9,8,9,1,0,51,21,1
2604,10,9,9.782,0.782,0,52,22,1
2605,1,0,1,1,0,46,4,1
2605,2,1,2,1,0,47,5,1
2605,3,2,2.392,0.392,0,48,6,1
2606,1,0,1,1,0,28,0,1
2606,2,1,2,1,0,29,1,1
2606,3,2,3,1,0,30,2,1
2606,4,3,4,1,0,31,3,1
2606,5,4,5,1,0,32,4,1
2606,6,5,6,1,1,33,5,1
2606,7,6,7,1,0,34,6,1
2606,8,7,8,1,0,35,7,1
2606,9,8,8.384,0.384,0,36,8,1
2607,1,0,1,1,0,31,9,1
2607,2,1,2,1,0,32,10,1
2607,3,2,3,1,0,33,11,1
2607,4,3,4,1,0,34,12,1
2607,5,4,5,1,0,35,13,1
2607,6,5,5.51,0.51,0,36,14,1
2608,1,0,1,1,0,53,9,1
2608,2,1,2,1,0,54,10,1
2608,3,2,3,1,0,55,11,1
2608,4,3,4,1,0,56,12,1
2608,5,4,5,1,0,57,13,1
2608,6,5,6,1,0,58,14,1
2608,7,6,7,1,0,59,15,1
2608,8,7,7.18,0.18,0,60,16,1
2609,1,0,1,1,0,44,4,1
2609,2,1,2,1,0,45,5,1
2609,3,2,2.144,0.144,0,46,6,1
2610,1,0,1,1,0,18,7,1
2610,2,1,1.331,0.331,0,19,8,1
2611,1,0,1,1,0,62,3,1
2611,2,1,1.136,0.136,0,63,4,1
2612,1,0,1,1,0,35,10,1
2612,2,1,2,1,0,36,11,1
2612,3,2,3,1,0,37,12,1
2612,4,3,4,1,0,38,13,1
2612,5,4,5,1,0,39,14,1
2612,6,5,6,1,0,40,15,1
2612,7,6,6.318,0.318,0,41,16,1
2613,1,0,1,1,0,22,9,1
2613,2,1,2,1,0,23,10,1
2613,3,2,3,1,0,24,11,1
2613,4,3,4,1,0,25,12,1
2613,5,4,5,1,0,26,13,1
2613,6,5,6,1,0,27,14,1
2613,7,6,6.626,0.626,0,28,15,1
2614,1,0,1,1,0,29,5,1
2614,2,1,1.36,0.36,0,30,6,1
2615,1,0,1,1,0,53,14,1
2615,2,1,2,1,1,54,15,1
2615,3,2,2.187,0.187,0,55,16,1
2616,1,0,1,1,0,48,7,1
2616,2,1,2,1,0,49,8,1
2616,3,2,3,1,1,50,9,1
2616,4,3,3.605,0.605,0,51,10,1
2617,1,0,1,1,0,21,10,1
2617,2,1,2,1,0,22,11,1
2617,3,2,3,1,0,23,12,1
2617,4,3,4,1,0,24,13,1
2617,5,4,5,1,0,25,14,1
2617,6,5,6,1,1,26,15,1
2617,7,6,6.893,0.893,0,27,16,1
2618,1,0,1,1,1,54,9,1
2618,2,1,2,1,0,55,10,1
2618,3,2,3,1,0,56,11,1
2618,4,3,3.378,0.378,0,57,12,1
2619,1,0,1,1,0,55,8,1
2619,2,1,2,1,0,56,9,1
2619,3,2,3,1,1,57,10,1
2619,4,3,4,1,0,58,11,1
2619,5,4,4.782,0.782,0,59,12,1
2620,1,0,1,1,0,18,3,1
2620,2,1,1.906,0.906,0,19,4,1
2621,1,0,1,1,0,56,10,1
2621,2,1,2,1,0,57,11,1
2621,3,2,3,1,0,58,12,1
2621,4,3,4,1,0,59,13,1
2621,5,4,5,1,0,60,14,1
2621,6,5,6,1,0,61,15,1
2621,7,6,7,1,0,62,16,1
2621,8,7,7.38,0.38,0,63,17,1
2622,1,0,1,1,0,31,23,1
2622,2,1,1.224,0.224,1,32,24,1
2623,1,0,1,1,1,40,8,1
2623,2,1,2,1,0,41,9,1
2623,3,2,3,1,0,42,10,1
2623,4,3,4,1,1,43,11,1
2623,5,4,4.306,0.306,0,44,12,1
2624,1,0,1,1,0,76,9,1
2624,2,1,2,1,0,77,10,1
2624,3,2,3,1,0,78,11,1
2624,4,3,4,1,1,79,12,1
2624,5,4,5,1,0,80,13,1
2624,6,5,5.981,0.981,0,81,14,1
2625,1,0,0.878,0.878,0,77,8,1
2626,1,0,1,1,0,46,6,1
2626,2,1,2,1,1,47,7,1
2626,3,2,3,1,0,48,8,1
2626,4,3,3.499,0.499,0,49,9,1
2627,1,0,1,1,0,46,5,1
2627,2,1,2,1,0,47,6,1
2627,3,2,3,1,0,48,7,1
2627,4,3,4,1,0,49,8,1
2627,5,4,4.389,0.389,0,50,9,1
2628,1,0,1,1,0,53,8,1
2628,2,1,2,1,0,54,9,1
2628,3,2,3,1,0,55,10,1
2628,4,3,4,1,0,56,11,1
2628,5,4,5,1,0,57,12,1
2628,6,5,6,1,0,58,13,1
2628,7,6,7,1,0,59,14,1
2628,8,7,8,1,0,60,15,1
2628,9,8,8.551,0.551,0,61,16,1
2629,1,0,0.913,0.913,0,53,11,1
2630,1,0,1,1,0,43,8,1
2630,2,1,2,1,0,44,9,1
2630,3,2,2.497,0.497,0,45,10,1
2631,1,0,1,1,0,28,2,1
2631,2,1,2,1,0,29,3,1
2631,3,2,3,1,1,30,4,1
2631,4,3,3.557,0.557,0,31,5,1
2632,1,0,1,1,0,69,6,1
2632,2,1,1.159,0.159,0,70,7,1
2633,1,0,1,1,0,23,10,1
2633,2,1,2,1,0,24,11,1
2633,3,2,3,1,0,25,12,1
2633,4,3,3.986,0.986,0,26,13,1
2634,1,0,1,1,0,50,5,1
2634,2,1,1.063,0.063,0,51,6,1
2635,1,0,1,1,1,18,6,1
2635,2,1,1.668,0.668,0,19,7,1
2636,1,0,1,1,0,46,4,1
2636,2,1,2,1,0,47,5,1
2636,3,2,3,1,0,48,6,1
2636,4,3,4,1,0,49,7,1
2636,5,4,5,1,0,50,8,1
2636,6,5,6,1,0,51,9,1
2636,7,6,7,1,0,52,10,1
2636,8,7,8,1,0,53,11,1
2636,9,8,8.734,0.734,0,54,12,1
2637,1,0,1,1,0,75,16,1
2637,2,1,2,1,0,76,17,1
2637,3,2,3,1,0,77,18,1
2637,4,3,4,1,1,78,19,1
2637,5,4,4.294,0.294,0,79,20,1
2638,1,0,1,1,0,64,11,1
2638,2,1,2,1,0,65,12,1
2638,3,2,3,1,0,66,13,1
2638,4,3,3.867,0.867,0,67,14,1
2639,1,0,1,1,0,26,5,1
2639,2,1,2,1,0,27,6,1
2639,3,2,2.59,0.59,0,28,7,1
2640,1,0,1,1,0,62,21,1
2640,2,1,2,1,0,63,22,1
2640,3,2,3,1,0,64,23,1
2640,4,3,4,1,0,65,24,1
2640,5,4,5,1,0,66,25,1
2640,6,5,5.473,0.473,0,67,26,1
2641,1,0,1,1,0,34,6,1
2641,2,1,2,1,0,35,7,1
2641,3,2,3,1,0,36,8,1
2641,4,3,4,1,0,37,9,1
2641,5,4,4.72,0.72,0,38,10,1
2642,1,0,1,1,0,28,20,1
2642,2,1,1.039,0.039,0,29,21,1
2643,1,0,1,1,0,64,10,1
2643,2,1,2,1,0,65,11,1
2643,3,2,3,1,0,66,12,1
2643,4,3,3.597,0.597,0,67,13,1
2644,1,0,1,1,0,34,7,1
2644,2,1,1.72,0.72,0,35,8,1
2645,1,0,1,1,0,55,6,1
2645,2,1,2,1,0,56,7,1
2645,3,2,3,1,0,57,8,1
2645,4,3,4,1,0,58,9,1
2645,5,4,5,1,0,59,10,1
2645,6,5,6,1,0,60,11,1
2645,7,6,7,1,0,61,12,1
2645,8,7,7.649,0.649,0,62,13,1
2646,1,0,1,1,0,64,7,1
2646,2,1,2,1,0,65,8,1
2646,3,2,3,1,0,66,9,1
2646,4,3,4,1,0,67,10,1
2646,5,4,5,1,0,68,11,1
2646,6,5,6,1,0,69,12,1
2646,7,6,6.369,0.369,0,70,13,1
2647,1,0,1,1,0,49,4,1
2647,2,1,2,1,0,50,5,1
2647,3,2,3,1,0,51,6,1
2647,4,3,4,1,0,52,7,1
2647,5,4,4.822,0.822,0,53,8,1
2648,1,0,1,1,0,60,7,1
2648,2,1,2,1,0,61,8,1
2648,3,2,2.227,0.227,0,62,9,1
2649,1,0,1,1,0,68,12,1
2649,2,1,2,1,1,69,13,1
2649,3,2,3,1,0,70,14,1
2649,4,3,3.993,0.993,0,71,15,1
2650,1,0,1,1,0,42,15,1
2650,2,1,1.35,0.35,0,43,16,1
2651,1,0,1,1,0,44,9,1
2651,2,1,2,1,0,45,10,1
2651,3,2,3,1,0,46,11,1
2651,4,3,4,1,1,47,12,1
2651,5,4,5,1,0,48,13,1
2651,6,5,6,1,0,49,14,1
2651,7,6,7,1,0,50,15,1
2651,8,7,8,1,0,51,16,1
2651,9,8,9,1,0,52,17,1
2651,10,9,9.45,0.45,0,53,18,1
2652,1,0,1,1,0,76,5,1
2652,2,1,2,1,0,77,6,1
2652,3,2,3,1,0,78,7,1
2652,4,3,3.119,0.119,0,79,8,1
2653,1,0,1,1,0,48,11,1
2653,2,1,1.814,0.814,0,49,12,1
2654,1,0,1,1,0,20,5,1
2654,2,1,2,1,0,21,6,1
2654,3,2,3,1,0,22,7,1
2654,4,3,3.805,0.805,0,23,8,1
2655,1,0,1,1,0,38,12,1
2655,2,1,2,1,0,39,13,1
2655,3,2,3,1,0,40,14,1
2655,4,3,4,1,0,41,15,1
2655,5,4,5,1,1,42,16,1
2655,6,5,6,1,0,43,17,1
2655,7,6,7,1,1,44,18,1
2655,8,7,7.897,0.897,0,45,19,1
2656,1,0,1,1,0,18,12,1
2656,2,1,2,1,0,19,13,1
2656,3,2,3,1,0,20,14,1
2656,4,3,4,1,0,21,15,1
2656,5,4,5,1,0,22,16,1
2656,6,5,6,1,0,23,17,1
2656,7,6,7,1,0,24,18,1
2656,8,7,8,1,0,25,19,1
2656,9,8,8.811,0.811,0,26,20,1
2657,1,0,1,1,0,37,12,1
2657,2,1,2,1,0,38,13,1
2657,3,2,3,1,0,39,14,1
2657,4,3,4,1,0,40,15,1
2657,5,4,5,1,0,41,16,1
2657,6,5,6,1,1,42,17,1
2657,7,6,7,1,1,43,18,1
2657,8,7,7.029,0.029,0,44,19,1
2658,1,0,1,1,0,60,9,1
2658,2,1,2,1,0,61,10,1
2658,3,2,3,1,0,62,11,1
2658,4,3,3.3,0.3,0,63,12,1
2659,1,0,1,1,0,71,1,1
2659,2,1,2,1,0,72,2,1
2659,3,2,3,1,0,73,3,1
2659,4,3,3.652,0.652,0,74,4,1
2660,1,0,1,1,0,56,2,1
2660,2,1,1.695,0.695,0,57,3,1
2661,1,0,1,1,0,39,10,1
2661,2,1,2,1,0,40,11,1
2661,3,2,3,1,1,41,12,1
2661,4,3,4,1,0,42,13,1
2661,5,4,5,1,0,43,14,1
2661,6,5,6,1,1,44,15,1
2661,7,6,6.33,0.33,0,45,16,1
2662,1,0,1,1,0,52,16,1
2662,2,1,2,1,0,53,17,1
2662,3,2,3,1,0,54,18,1
2662,4,3,4,1,0,55,19,1
2662,5,4,5,1,0,56,20,1
2662,6,5,6,1,0,57,21,1
2662,7,6,7,1,0,58,22,1
2662,8,7,8,1,0,59,23,1
2662,9,8,9,1,0,60,24,1
2662,10,9,9.959,0.959,0,61,25,1
2663,1,0,1,1,0,53,2,1
2663,2,1,2,1,0,54,3,1
2663,3,2,3,1,0,55,4,1
2663,4,3,3.216,0.216,0,56,5,1
2664,1,0,1,1,0,22,8,1
2664,2,1,2,1,1,23,9,1
2664,3,2,2.47,0.47,0,24,10,1
2665,1,0,1,1,0,36,17,1
2665,2,1,2,1,0,37,18,1
2665,3,2,2.945,0.945,0,38,19,1
2666,1,0,1,1,0,60,9,1
2666,2,1,1.915,0.915,0,61,10,1
2667,1,0,1,1,1,52,14,1
2667,2,1,1.382,0.382,0,53,15,1
2668,1,0,1,1,1,46,3,1
2668,2,1,2,1,0,47,4,1
2668,3,2,3,1,0,48,5,1
2668,4,3,3.655,0.655,0,49,6,1
2669,1,0,1,1,0,44,12,1
2669,2,1,2,1,0,45,13,1
2669,3,2,3,1,0,46,14,1
2669,4,3,4,1,0,47,15,1
2669,5,4,4.823,0.823,0,48,16,1
2670,1,0,1,1,0,29,6,1
2670,2,1,2,1,0,30,7,1
2670,3,2,3,1,0,31,8,1
2670,4,3,4,1,0,32,9,1
2670,5,4,4.075,0.075,0,33,10,1
2671,1,0,1,1,0,18,10,1
2671,2,1,1.171,0.171,0,19,11,1
2672,1,0,1,1,0,52,12,1
2672,2,1,2,1,0,53,13,1
2672,3,2,3,1,0,54,14,1
2672,4,3,4,1,0,55,15,1
2672,5,4,5,1,0,56,16,1
2672,6,5,5.103,0.103,0,57,17,1
2673,1,0,1,1,0,60,6,1
2673,2,1,2,1,0,61,7,1
2673,3,2,3,1,1,62,8,1
2673,4,3,3.224,0.224,0,63,9,1
2674,1,0,1,1,1,50,10,1
2674,2,1,2,1,1,51,11,1
2674,3,2,2.175,0.175,0,52,12,1
2675,1,0,1,1,0,63,11,1
2675,2,1,2,1,0,64,12,1
2675,3,2,3,1,0,65,13,1
2675,4,3,3.386,0.386,0,66,14,1
2676,1,0,1,1,0,31,8,1
2676,2,1,2,1,2,32,9,1
2676,3,2,3,1,4,33,10,1
2676,4,3,4,1,0,34,11,1
2676,5,4,4.7,0.7,2,35,12,1
2677,1,0,1,1,0,47,1,1
2677,2,1,2,1,0,48,2,1
2677,3,2,2.725,0.725,0,49,3,1
2678,1,0,1,1,0,37,0,1
2678,2,1,2,1,0,38,1,1
2678,3,2,3,1,0,39,2,1
2678,4,3,4,1,1,40,3,1
2678,5,4,4.357,0.357,0,41,4,1
2679,1,0,1,1,0,18,7,1
2679,2,1,1.025,0.025,0,19,8,1
2680,1,0,1,1,0,18,9,1
2680,2,1,2,1,0,19,10,1
2680,3,2,2.029,0.029,0,20,11,1
2681,1,0,1,1,0,29,14,1
2681,2,1,2,1,0,30,15,1
2681,3,2,3,1,0,31,16,1
2681,4,3,4,1,0,32,17,1
2681,5,4,5,1,0,33,18,1
2681,6,5,6,1,0,34,19,1
2681,7,6,7,1,0,35,20,1
2681,8,7,8,1,0,36,21,1
2681,9,8,8.558,0.558,0,37,22,1
2682,1,0,1,1,0,48,7,1
2682,2,1,2,1,1,49,8,1
2682,3,2,3,1,0,50,9,1
2682,4,3,4,1,1,51,10,1
2682,5,4,5,1,0,52,11,1
2682,6,5,6,1,0,53,12,1
2682,7,6,6.318,0.318,0,54,13,1
2683,1,0,1,1,0,48,9,1
2683,2,1,2,1,0,49,10,1
2683,3,2,3,1,0,50,11,1
2683,4,3,4,1,0,51,12,1
2683,5,4,5,1,0,52,13,1
2683,6,5,6,1,0,53,14,1
2683,7,6,7,1,0,54,15,1
2683,8,7,7.159,0.159,0,55,16,1
2684,1,0,1,1,0,62,0,1
2684,2,1,2,1,0,63,1,1
2684,3,2,3,1,0,64,2,1
2684,4,3,4,1,0,65,3,1
2684,5,4,4.401,0.401,0,66,4,1
2685,1,0,1,1,0,44,7,1
2685,2,1,2,1,0,45,8,1
2685,3,2,3,1,0,46,9,1
2685,4,3,4,1,0,47,10,1
2685,5,4,4.06,0.06,0,48,11,1
2686,1,0,1,1,0,26,14,1
2686,2,1,2,1,0,27,15,1
2686,3,2,3,1,0,28,16,1
2686,4,3,4,1,1,29,17,1
2686,5,4,4.662,0.662,0,30,18,1
2687,1,0,1,1,0,50,7,1
2687,2,1,2,1,0,51,8,1
2687,3,2,3,1,0,52,9,1
2687,4,3,4,1,0,53,10,1
2687,5,4,5,1,0,54,11,1
2687,6,5,6,1,0,55,12,1
2687,7,6,7,1,0,56,13,1
2687,8,7,8,1,0,57,14,1
2687,9,8,9,1,0,58,15,1
2687,10,9,9.254,0.254,0,59,16,1
2688,1,0,1,1,0,44,14,1
2688,2,1,1.585,0.585,0,45,15,1
2689,1,0,1,1,0,72,8,1
2689,2,1,2,1,0,73,9,1
2689,3,2,2.768,0.768,0,74,10,1
2690,1,0,1,1,0,48,5,1
2690,2,1,2,1,0,49,6,1
2690,3,2,3,1,0,50,7,1
2690,4,3,4,1,0,51,8,1
2690,5,4,4.896,0.896,0,52,9,1
2691,1,0,1,1,0,54,10,1
2691,2,1,1.624,0.624,0,55,11,1
2692,1,0,1,1,0,49,5,1
2692,2,1,2,1,0,50,6,1
2692,3,2,3,1,0,51,7,1
2692,4,3,4,1,0,52,8,1
2692,5,4,4.551,0.551,0,53,9,1
2693,1,0,1,1,0,43,9,1
2693,2,1,2,1,0,44,10,1
2693,3,2,3,1,0,45,11,1
2693,4,3,4,1,0,46,12,1
2693,5,4,5,1,0,47,13,1
2693,6,5,6,1,0,48,14,1
2693,7,6,6.039,0.039,0,49,15,1
2694,1,0,1,1,0,54,11,1
2694,2,1,2,1,1,55,12,1
2694,3,2,3,1,0,56,13,1
2694,4,3,4,1,0,57,14,1
2694,5,4,4.991,0.991,1,58,15,1
2695,1,0,1,1,0,43,4,1
2695,2,1,2,1,0,44,5,1
2695,3,2,2.994,0.994,0,45,6,1
2696,1,0,1,1,0,41,9,1
2696,2,1,2,1,0,42,10,1
2696,3,2,3,1,0,43,11,1
2696,4,3,4,1,1,44,12,1
2696,5,4,5,1,0,45,13,1
2696,6,5,6,1,0,46,14,1
2696,7,6,6.886,0.886,0,47,15,1
2697,1,0,1,1,0,40,12,1
2697,2,1,2,1,0,41,13,1
2697,3,2,3,1,0,42,14,1
2697,4,3,4,1,0,43,15,1
2697,5,4,5,1,0,44,16,1
2697,6,5,6,1,0,45,17,1
2697,7,6,6.454,0.454,0,46,18,1
2698,1,0,1,1,1,55,12,1
2698,2,1,2,1,0,56,13,1
2698,3,2,3,1,0,57,14,1
2698,4,3,4,1,0,58,15,1
2698,5,4,5,1,0,59,16,1
2698,6,5,5.418,0.418,0,60,17,1
2699,1,0,1,1,0,59,2,1
2699,2,1,1.725,0.725,0,60,3,1
2700,1,0,1,1,0,32,12,1
2700,2,1,2,1,0,33,13,1
2700,3,2,2.982,0.982,1,34,14,1
2701,1,0,1,1,0,48,8,1
2701,2,1,2,1,0,49,9,1
2701,3,2,3,1,0,50,10,1
2701,4,3,3.182,0.182,0,51,11,1
2702,1,0,1,1,2,19,6,1
2702,2,1,2,1,0,20,7,1
2702,3,2,3,1,0,21,8,1
2702,4,3,4,1,1,22,9,1
2702,5,4,5,1,1,23,10,1
2702,6,5,6,1,0,24,11,1
2702,7,6,7,1,0,25,12,1
2702,8,7,8,1,1,26,13,1
2702,9,8,9,1,2,27,14,1
2702,10,9,9.747,0.747,1,28,15,1
2703,1,0,1,1,0,48,13,1
2703,2,1,2,1,0,49,14,1
2703,3,2,2.035,0.035,0,50,15,1
2704,1,0,1,1,0,43,1,1
2704,2,1,2,1,0,44,2,1
2704,3,2,2.475,0.475,0,45,3,1
2705,1,0,1,1,0,44,10,1
2705,2,1,1.025,0.025,0,45,11,1
2706,1,0,1,1,0,44,12,1
2706,2,1,2,1,0,45,13,1
2706,3,2,2.009,0.009,0,46,14,1
2707,1,0,1,1,0,44,9,1
2707,2,1,2,1,0,45,10,1
2707,3,2,3,1,0,46,11,1
2707,4,3,4,1,0,47,12,1
2707,5,4,5,1,1,48,13,1
2707,6,5,5.868,0.868,0,49,14,1
2708,1,0,1,1,0,49,6,1
2708,2,1,2,1,0,50,7,1
2708,3,2,3,1,0,51,8,1
2708,4,3,3.65,0.65,0,52,9,1
2709,1,0,1,1,0,18,12,1
2709,2,1,2,1,0,19,13,1
2709,3,2,3,1,0,20,14,1
2709,4,3,4,1,0,21,15,1
2709,5,4,4.967,0.967,0,22,16,1
2710,1,0,1,1,0,31,14,1
2710,2,1,2,1,0,32,15,1
2710,3,2,2.82,0.82,0,33,16,1
2711,1,0,1,1,0,42,11,1
2711,2,1,2,1,0,43,12,1
2711,3,2,2.17,0.17,0,44,13,1
2712,1,0,1,1,0,31,11,1
2712,2,1,2,1,0,32,12,1
2712,3,2,3,1,0,33,13,1
2712,4,3,3.046,0.046,0,34,14,1
2713,1,0,1,1,1,50,11,1
2713,2,1,2,1,0,51,12,1
2713,3,2,2.694,0.694,2,52,13,1
2714,1,0,1,1,0,71,8,1
2714,2,1,1.912,0.912,0,72,9,1
2715,1,0,1,1,0,51,6,1
2715,2,1,2,1,0,52,7,1
2715,3,2,3,1,0,53,8,1
2715,4,3,4,1,0,54,9,1
2715,5,4,5,1,0,55,10,1
2715,6,5,5.341,0.341,0,56,11,1
2716,1,0,1,1,0,45,18,1
2716,2,1,2,1,0,46,19,1
2716,3,2,3,1,1,47,20,1
2716,4,3,4,1,2,48,21,1
2716,5,4,5,1,0,49,22,1
2716,6,5,5.704,0.704,0,50,23,1
2717,1,0,1,1,0,52,14,1
2717,2,1,2,1,0,53,15,1
2717,3,2,3,1,0,54,16,1
2717,4,3,4,1,0,55,17,1
2717,5,4,5,1,0,56,18,1
2717,6,5,6,1,0,57,19,1
2717,7,6,6.256,0.256,0,58,20,1
2718,1,0,1,1,0,73,12,1
2718,2,1,2,1,0,74,13,1
2718,3,2,2.645,0.645,0,75,14,1
2719,1,0,1,1,0,42,11,1
2719,2,1,2,1,1,43,12,1
2719,3,2,3,1,1,44,13,1
2719,4,3,4,1,2,45,14,1
2719,5,4,5,1,0,46,15,1
2719,6,5,6,1,1,47,16,1
2719,7,6,7,1,0,48,17,1
2719,8,7,7.626,0.626,0,49,18,1
2720,1,0,1,1,0,64,7,1
2720,2,1,2,1,0,65,8,1
2720,3,2,3,1,1,66,9,1
2720,4,3,3.659,0.659,0,67,10,1
2721,1,0,1,1,0,32,7,1
2721,2,1,2,1,2,33,8,1
2721,3,2,3,1,0,34,9,1
2721,4,3,4,1,2,35,10,1
2721,5,4,5,1,0,36,11,1
2721,6,5,6,1,3,37,12,1
2721,7,6,6.616,0.616,1,38,13,1
2722,1,0,1,1,0,56,12,1
2722,2,1,2,1,0,57,13,1
2722,3,2,2.744,0.744,0,58,14,1
2723,1,0,1,1,0,18,12,1
2723,2,1,1.56,0.56,0,19,13,1
2724,1,0,1,1,0,44,19,1
2724,2,1,2,1,0,45,20,1
2724,3,2,3,1,0,46,21,1
2724,4,3,3.164,0.164,0,47,22,1
2725,1,0,1,1,0,49,16,1
2725,2,1,2,1,0,50,17,1
2725,3,2,3,1,0,51,18,1
2725,4,3,4,1,0,52,19,1
2725,5,4,4.058,0.058,0,53,20,1
2726,1,0,1,1,0,58,8,1
2726,2,1,1.392,0.392,0,59,9,1
2727,1,0,1,1,0,37,5,1
2727,2,1,2,1,0,38,6,1
2727,3,2,3,1,0,39,7,1
2727,4,3,4,1,0,40,8,1
2727,5,4,5,1,0,41,9,1
2727,6,5,6,1,1,42,10,1
2727,7,6,7,1,1,43,11,1
2727,8,7,7.313,0.313,0,44,12,1
2728,1,0,1,1,0,38,3,1
2728,2,1,2,1,0,39,4,1
2728,3,2,3,1,0,40,5,1
2728,4,3,4,1,0,41,6,1
2728,5,4,4.36,0.36,0,42,7,1
2729,1,0,1,1,0,77,15,1
2729,2,1,1.088,0.088,0,78,16,1
2730,1,0,1,1,0,49,2,1
2730,2,1,1.24,0.24,0,50,3,1
2731,1,0,1,1,0,37,3,1
2731,2,1,2,1,0,38,4,1
2731,3,2,3,1,0,39,5,1
2731,4,3,4,1,0,40,6,1
2731,5,4,4.011,0.011,0,41,7,1
2732,1,0,1,1,0,50,0,1
2732,2,1,2,1,0,51,1,1
2732,3,2,2.65,0.65,0,52,2,1
2733,1,0,1,1,0,43,5,1
2733,2,1,1.725,0.725,0,44,6,1
2734,1,0,1,1,0,72,1,1
2734,2,1,2,1,0,73,2,1
2734,3,2,2.357,0.357,0,74,3,1
2735,1,0,1,1,0,25,6,1
2735,2,1,2,1,0,26,7,1
2735,3,2,2.236,0.236,0,27,8,1
2736,1,0,1,1,0,46,10,1
2736,2,1,2,1,0,47,11,1
2736,3,2,3,1,0,48,12,1
2736,4,3,4,1,0,49,13,1
2736,5,4,5,1,0,50,14,1
2736,6,5,6,1,0,51,15,1
2736,7,6,7,1,0,52,16,1
2736,8,7,8,1,0,53,17,1
2736,9,8,8.405,0.405,0,54,18,1
2737,1,0,1,1,0,66,13,1
2737,2,1,2,1,1,67,14,1
2737,3,2,3,1,0,68,15,1
2737,4,3,4,1,0,69,16,1
2737,5,4,5,1,0,70,17,1
2737,6,5,6,1,1,71,18,1
2737,7,6,7,1,0,72,19,1
2737,8,7,8,1,2,73,20,1
2737,9,8,8.636,0.636,0,74,21,1
2738,1,0,1,1,0,55,8,1
2738,2,1,2,1,0,56,9,1
2738,3,2,3,1,0,57,10,1
2738,4,3,3.231,0.231,0,58,11,1
2739,1,0,1,1,1,18,15,1
2739,2,1,2,1,0,19,16,1
2739,3,2,3,1,0,20,17,1
2739,4,3,4,1,0,21,18,1
2739,5,4,5,1,0,22,19,1
2739,6,5,6,1,0,23,20,1
2739,7,6,7,1,0,24,21,1
2739,8,7,8,1,0,25,22,1
2739,9,8,9,1,0,26,23,1
2739,10,9,9.588,0.588,0,27,24,1
2740,1,0,1,1,0,43,12,1
2740,2,1,2,1,0,44,13,1
2740,3,2,3,1,0,45,14,1
2740,4,3,4,1,0,46,15,1
2740,5,4,5,1,0,47,16,1
2740,6,5,6,1,0,48,17,1
2740,7,6,7,1,0,49,18,1
2740,8,7,8,1,0,50,19,1
2740,9,8,8.712,0.712,0,51,20,1
2741,1,0,1,1,0,61,12,1
2741,2,1,2,1,0,62,13,1
2741,3,2,3,1,0,63,14,1
2741,4,3,4,1,0,64,15,1
2741,5,4,5,1,0,65,16,1
2741,6,5,6,1,0,66,17,1
2741,7,6,7,1,0,67,18,1
2741,8,7,8,1,1,68,19,1
2741,9,8,9,1,0,69,20,1
2741,10,9,9.325,0.325,0,70,21,1
2742,1,0,1,1,0,67,13,1
2742,2,1,1.134,0.134,0,68,14,1
2743,1,0,1,1,0,30,14,1
2743,2,1,2,1,1,31,15,1
2743,3,2,3,1,0,32,16,1
2743,4,3,4,1,0,33,17,1
2743,5,4,5,1,0,34,18,1
2743,6,5,6,1,1,35,19,1
2743,7,6,7,1,0,36,20,1
2743,8,7,8,1,0,37,21,1
2743,9,8,8.625,0.625,0,38,22,1
2744,1,0,1,1,1,38,8,1
2744,2,1,1.586,0.586,0,39,9,1
2745,1,0,1,1,0,26,9,1
2745,2,1,2,1,0,27,10,1
2745,3,2,2.435,0.435,1,28,11,1
2746,1,0,1,1,0,64,11,1
2746,2,1,2,1,0,65,12,1
2746,3,2,3,1,0,66,13,1
2746,4,3,3.052,0.052,0,67,14,1
2747,1,0,1,1,0,49,10,1
2747,2,1,2,1,0,50,11,1
2747,3,2,2.425,0.425,0,51,12,1
2748,1,0,1,1,0,36,11,1
2748,2,1,1.822,0.822,0,37,12,1
2749,1,0,0.425,0.425,0,54,3,1
2750,1,0,1,1,0,44,0,1
2750,2,1,2,1,0,45,1,1
2750,3,2,3,1,0,46,2,1
2750,4,3,3.582,0.582,0,47,3,1
2751,1,0,1,1,0,51,10,1
2751,2,1,1.596,0.596,0,52,11,1
2752,1,0,1,1,0,58,9,1
2752,2,1,2,1,0,59,10,1
2752,3,2,3,1,0,60,11,1
2752,4,3,4,1,0,61,12,1
2752,5,4,5,1,0,62,13,1
2752,6,5,6,1,1,63,14,1
2752,7,6,7,1,0,64,15,1
2752,8,7,8,1,0,65,16,1
2752,9,8,8.716,0.716,1,66,17,1
2753,1,0,1,1,0,59,14,1
2753,2,1,2,1,0,60,15,1
2753,3,2,3,1,0,61,16,1
2753,4,3,4,1,0,62,17,1
2753,5,4,4.113,0.113,0,63,18,1
2754,1,0,1,1,0,50,5,1
2754,2,1,1.308,0.308,0,51,6,1
2755,1,0,1,1,0,39,0,1
2755,2,1,1.35,0.35,0,40,1,1
2756,1,0,1,1,1,45,12,1
2756,2,1,1.767,0.767,1,46,13,1
2757,1,0,1,1,0,20,2,1
2757,2,1,2,1,0,21,3,1
2757,3,2,3,1,0,22,4,1
2757,4,3,4,1,1,23,5,1
2757,5,4,5,1,0,24,6,1
2757,6,5,6,1,0,25,7,1
2757,7,6,7,1,0,26,8,1
2757,8,7,8,1,0,27,9,1
2757,9,8,8.259,0.259,0,28,10,1
2758,1,0,1,1,0,49,14,1
2758,2,1,2,1,0,50,15,1
2758,3,2,3,1,0,51,16,1
2758,4,3,4,1,0,52,17,1
2758,5,4,5,1,0,53,18,1
2758,6,5,5.344,0.344,0,54,19,1
2759,1,0,1,1,0,64,11,1
2759,2,1,2,1,1,65,12,1
2759,3,2,3,1,0,66,13,1
2759,4,3,4,1,0,67,14,1
2759,5,4,5,1,0,68,15,1
2759,6,5,6,1,0,69,16,1
2759,7,6,7,1,0,70,17,1
2759,8,7,8,1,0,71,18,1
2759,9,8,8.981,0.981,0,72,19,1
2760,1,0,1,1,0,65,24,1
2760,2,1,2,1,0,66,25,1
2760,3,2,3,1,0,67,26,1
2760,4,3,4,1,0,68,27,1
2760,5,4,5,1,0,69,28,1
2760,6,5,6,1,0,70,29,1
2760,7,6,6.07,0.07,0,71,30,1
2761,1,0,1,1,0,54,6,1
2761,2,1,1.925,0.925,1,55,7,1
2762,1,0,1,1,0,69,3,1
2762,2,1,2,1,0,70,4,1
2762,3,2,3,1,0,71,5,1
2762,4,3,4,1,0,72,6,1
2762,5,4,5,1,0,73,7,1
2762,6,5,6,1,0,74,8,1
2762,7,6,7,1,0,75,9,1
2762,8,7,8,1,0,76,10,1
2762,9,8,9,1,0,77,11,1
2762,10,9,9.828,0.828,2,78,12,1
2763,1,0,1,1,0,47,16,1
2763,2,1,2,1,0,48,17,1
2763,3,2,3,1,0,49,18,1
2763,4,3,4,1,0,50,19,1
2763,5,4,4.124,0.124,0,51,20,1
2764,1,0,1,1,0,62,0,1
2764,2,1,2,1,0,63,1,1
2764,3,2,3,1,0,64,2,1
2764,4,3,4,1,0,65,3,1
2764,5,4,5,1,0,66,4,1
2764,6,5,5.962,0.962,0,67,5,1
2765,1,0,1,1,0,24,11,1
2765,2,1,2,1,0,25,12,1
2765,3,2,3,1,1,26,13,1
2765,4,3,4,1,0,27,14,1
2765,5,4,5,1,0,28,15,1
2765,6,5,6,1,0,29,16,1
2765,7,6,7,1,0,30,17,1
2765,8,7,8,1,0,31,18,1
2765,9,8,9,1,0,32,19,1
2765,10,9,9.279,0.279,0,33,20,1
2766,1,0,0.213,0.213,0,22,9,1
2767,1,0,1,1,0,51,12,1
2767,2,1,2,1,0,52,13,1
2767,3,2,3,1,0,53,14,1
2767,4,3,4,1,1,54,15,1
2767,5,4,5,1,0,55,16,1
2767,6,5,6,1,0,56,17,1
2767,7,6,6.454,0.454,0,57,18,1
2768,1,0,1,1,0,40,11,1
2768,2,1,2,1,0,41,12,1
2768,3,2,3,1,0,42,13,1
2768,4,3,3.41,0.41,0,43,14,1
2769,1,0,1,1,0,46,11,1
2769,2,1,2,1,0,47,12,1
2769,3,2,3,1,0,48,13,1
2769,4,3,4,1,0,49,14,1
2769,5,4,5,1,1,50,15,1
2769,6,5,5.067,0.067,0,51,16,1
2770,1,0,1,1,0,54,8,1
2770,2,1,2,1,0,55,9,1
2770,3,2,3,1,0,56,10,1
2770,4,3,4,1,0,57,11,1
2770,5,4,5,1,0,58,12,1
2770,6,5,6,1,0,59,13,1
2770,7,6,7,1,0,60,14,1
2770,8,7,7.077,0.077,0,61,15,1
2771,1,0,1,1,0,38,12,1
2771,2,1,2,1,0,39,13,1
2771,3,2,2.344,0.344,0,40,14,1
2772,1,0,1,1,0,42,6,1
2772,2,1,2,1,0,43,7,1
2772,3,2,3,1,0,44,8,1
2772,4,3,4,1,0,45,9,1
2772,5,4,5,1,0,46,10,1
2772,6,5,6,1,0,47,11,1
2772,7,6,7,1,1,48,12,1
2772,8,7,7.552,0.552,0,49,13,1
2773,1,0,0.482,0.482,0,40,9,1
2774,1,0,1,1,0,53,2,1
2774,2,1,2,1,0,54,3,1
2774,3,2,3,1,0,55,4,1
2774,4,3,3.928,0.928,0,56,5,1
2775,1,0,1,1,0,59,3,1
2775,2,1,2,1,1,60,4,1
2775,3,2,3,1,0,61,5,1
2775,4,3,4,1,2,62,6,1
2775,5,4,5,1,0,63,7,1
2775,6,5,5.115,0.115,0,64,8,1
2776,1,0,1,1,0,62,21,1
2776,2,1,2,1,0,63,22,1
2776,3,2,2.247,0.247,0,64,23,1
2777,1,0,1,1,1,54,0,1
2777,2,1,2,1,0,55,1,1
2777,3,2,3,1,0,56,2,1
2777,4,3,4,1,1,57,3,1
2777,5,4,5,1,0,58,4,1
2777,6,5,6,1,1,59,5,1
2777,7,6,6.436,0.436,0,60,6,1
2778,1,0,1,1,0,53,3,1
2778,2,1,2,1,0,54,4,1
2778,3,2,3,1,0,55,5,1
2778,4,3,4,1,0,56,6,1
2778,5,4,4.237,0.237,0,57,7,1
2779,1,0,1,1,1,36,2,1
2779,2,1,2,1,1,37,3,1
2779,3,2,3,1,0,38,4,1
2779,4,3,4,1,0,39,5,1
2779,5,4,5,1,0,40,6,1
2779,6,5,6,1,0,41,7,1
2779,7,6,7,1,1,42,8,1
2779,8,7,7.829,0.829,0,43,9,1
2780,1,0,1,1,0,71,7,1
2780,2,1,2,1,0,72,8,1
2780,3,2,3,1,0,73,9,1
2780,4,3,4,1,0,74,10,1
2780,5,4,5,1,0,75,11,1
2780,6,5,6,1,0,76,12,1
2780,7,6,6.138,0.138,0,77,13,1
2781,1,0,1,1,0,60,9,1
2781,2,1,2,1,0,61,10,1
2781,3,2,3,1,1,62,11,1
2781,4,3,4,1,0,63,12,1
2781,5,4,5,1,0,64,13,1
2781,6,5,6,1,0,65,14,1
2781,7,6,6.217,0.217,0,66,15,1
2782,1,0,1,1,1,43,3,1
2782,2,1,1.714,0.714,0,44,4,1
2783,1,0,1,1,0,29,14,1
2783,2,1,1.196,0.196,0,30,15,1
2784,1,0,1,1,0,51,11,1
2784,2,1,2,1,1,52,12,1
2784,3,2,3,1,0,53,13,1
2784,4,3,3.73,0.73,0,54,14,1
2785,1,0,1,1,0,20,7,1
2785,2,1,2,1,1,21,8,1
2785,3,2,3,1,0,22,9,1
2785,4,3,3.904,0.904,0,23,10,1
2786,1,0,1,1,0,37,8,1
2786,2,1,2,1,0,38,9,1
2786,3,2,3,1,0,39,10,1
2786,4,3,4,1,0,40,11,1
2786,5,4,5,1,0,41,12,1
2786,6,5,6,1,0,42,13,1
2786,7,6,7,1,0,43,14,1
2786,8,7,7.722,0.722,0,44,15,1
2787,1,0,1,1,0,25,8,1
2787,2,1,2,1,0,26,9,1
2787,3,2,3,1,0,27,10,1
2787,4,3,4,1,0,28,11,1
2787,5,4,5,1,0,29,12,1
2787,6,5,6,1,0,30,13,1
2787,7,6,7,1,0,31,14,1
2787,8,7,7.305,0.305,0,32,15,1
2788,1,0,1,1,1,42,11,1
2788,2,1,1.729,0.729,1,43,12,1
2789,1,0,1,1,0,30,7,1
2789,2,1,2,1,0,31,8,1
2789,3,2,3,1,0,32,9,1
2789,4,3,4,1,0,33,10,1
2789,5,4,5,1,0,34,11,1
2789,6,5,6,1,0,35,12,1
2789,7,6,7,1,0,36,13,1
2789,8,7,8,1,0,37,14,1
2789,9,8,9,1,0,38,15,1
2789,10,9,9.582,0.582,0,39,16,1
2790,1,0,1,1,0,47,4,1
2790,2,1,2,1,0,48,5,1
2790,3,2,3,1,1,49,6,1
2790,4,3,4,1,0,50,7,1
2790,5,4,4.599,0.599,0,51,8,1
2791,1,0,1,1,0,18,2,1
2791,2,1,2,1,1,19,3,1
2791,3,2,3,1,0,20,4,1
2791,4,3,4,1,0,21,5,1
2791,5,4,5,1,0,22,6,1
2791,6,5,5.212,0.212,0,23,7,1
2792,1,0,1,1,1,62,9,1
2792,2,1,1.006,0.006,0,63,10,1
2793,1,0,1,1,0,49,14,1
2793,2,1,2,1,0,50,15,1
2793,3,2,3,1,0,51,16,1
2793,4,3,4,1,0,52,17,1
2793,5,4,5,1,0,53,18,1
2793,6,5,6,1,0,54,19,1
2793,7,6,6.985,0.985,0,55,20,1
2794,1,0,1,1,0,46,5,1
2794,2,1,2,1,0,47,6,1
2794,3,2,2.308,0.308,0,48,7,1
2795,1,0,1,1,0,44,12,1
2795,2,1,2,1,0,45,13,1
2795,3,2,3,1,0,46,14,1
2795,4,3,3.31,0.31,0,47,15,1
2796,1,0,1,1,0,48,11,1
2796,2,1,2,1,0,49,12,1
2796,3,2,3,1,1,50,13,1
2796,4,3,4,1,0,51,14,1
2796,5,4,5,1,1,52,15,1
2796,6,5,6,1,0,53,16,1
2796,7,6,6.947,0.947,0,54,17,1
2797,1,0,1,1,0,38,6,1
2797,2,1,1.807,0.807,0,39,7,1
2798,1,0,1,1,0,35,20,1
2798,2,1,2,1,0,36,21,1
2798,3,2,3,1,0,37,22,1
2798,4,3,4,1,0,38,23,1
2798,5,4,5,1,0,39,24,1
2798,6,5,6,1,0,40,25,1
2798,7,6,6.543,0.543,0,41,26,1
2799,1,0,1,1,1,72,1,1
2799,2,1,2,1,1,73,2,1
2799,3,2,3,1,1,74,3,1
2799,4,3,4,1,1,75,4,1
2799,5,4,5,1,2,76,5,1
2799,6,5,6,1,1,77,6,1
2799,7,6,6.974,0.974,1,78,7,1
2800,1,0,1,1,1,45,14,1
2800,2,1,2,1,0,46,15,1
2800,3,2,3,1,1,47,16,1
2800,4,3,4,1,0,48,17,1
2800,5,4,4.087,0.087,0,49,18,1
2801,1,0,1,1,0,61,4,1
2801,2,1,2,1,0,62,5,1
2801,3,2,3,1,0,63,6,1
2801,4,3,4,1,0,64,7,1
2801,5,4,5,1,0,65,8,1
2801,6,5,6,1,1,66,9,1
2801,7,6,7,1,0,67,10,1
2801,8,7,7.614,0.614,0,68,11,1
2802,1,0,1,1,0,47,6,1
2802,2,1,2,1,0,48,7,1
2802,3,2,3,1,0,49,8,1
2802,4,3,4,1,0,50,9,1
2802,5,4,4.613,0.613,0,51,10,1
2803,1,0,1,1,0,49,2,1
2803,2,1,2,1,0,50,3,1
2803,3,2,3,1,1,51,4,1
2803,4,3,4,1,1,52,5,1
2803,5,4,5,1,0,53,6,1
2803,6,5,6,1,0,54,7,1
2803,7,6,7,1,2,55,8,1
2803,8,7,7.649,0.649,1,56,9,1
2804,1,0,1,1,1,56,6,1
2804,2,1,1.951,0.951,0,57,7,1
2805,1,0,1,1,0,36,12,1
2805,2,1,2,1,0,37,13,1
2805,3,2,3,1,1,38,14,1
2805,4,3,4,1,0,39,15,1
2805,5,4,5,1,0,40,16,1
2805,6,5,6,1,0,41,17,1
2805,7,6,7,1,0,42,18,1
2805,8,7,8,1,0,43,19,1
2805,9,8,9,1,0,44,20,1
2805,10,9,9.829,0.829,1,45,21,1
2806,1,0,1,1,0,47,17,1
2806,2,1,2,1,0,48,18,1
2806,3,2,2.674,0.674,0,49,19,1
2807,1,0,1,1,1,40,4,1
2807,2,1,1.397,0.397,0,41,5,1
2808,1,0,1,1,0,47,13,1
2808,2,1,2,1,0,48,14,1
2808,3,2,3,1,0,49,15,1
2808,4,3,4,1,0,50,16,1
2808,5,4,5,1,0,51,17,1
2808,6,5,6,1,0,52,18,1
2808,7,6,7,1,0,53,19,1
2808,8,7,8,1,0,54,20,1
2808,9,8,8.173,0.173,0,55,21,1
2809,1,0,1,1,0,52,13,1
2809,2,1,1.616,0.616,0,53,14,1
2810,1,0,1,1,0,57,4,1
2810,2,1,2,1,0,58,5,1
2810,3,2,3,1,1,59,6,1
2810,4,3,3.753,0.753,0,60,7,1
2811,1,0,1,1,0,26,9,1
2811,2,1,2,1,0,27,10,1
2811,3,2,3,1,0,28,11,1
2811,4,3,4,1,1,29,12,1
2811,5,4,5,1,0,30,13,1
2811,6,5,6,1,0,31,14,1
2811,7,6,6.89,0.89,0,32,15,1
2812,1,0,1,1,0,46,6,1
2812,2,1,2,1,0,47,7,1
2812,3,2,2.915,0.915,0,48,8,1
2813,1,0,1,1,0,56,11,1
2813,2,1,2,1,0,57,12,1
2813,3,2,2.863,0.863,0,58,13,1
2814,1,0,1,1,0,18,4,1
2814,2,1,2,1,0,19,5,1
2814,3,2,3,1,0,20,6,1
2814,4,3,4,1,0,21,7,1
2814,5,4,5,1,0,22,8,1
2814,6,5,6,1,0,23,9,1
2814,7,6,7,1,0,24,10,1
2814,8,7,7.244,0.244,0,25,11,1
2815,1,0,1,1,0,34,15,1
2815,2,1,2,1,0,35,16,1
2815,3,2,3,1,0,36,17,1
2815,4,3,4,1,0,37,18,1
2815,5,4,4.574,0.574,0,38,19,1
2816,1,0,1,1,0,68,3,1
2816,2,1,2,1,0,69,4,1
2816,3,2,3,1,0,70,5,1
2816,4,3,4,1,1,71,6,1
2816,5,4,5,1,0,72,7,1
2816,6,5,6,1,0,73,8,1
2816,7,6,7,1,0,74,9,1
2816,8,7,7.582,0.582,0,75,10,1
2817,1,0,1,1,0,53,3,1
2817,2,1,2,1,0,54,4,1
2817,3,2,2.613,0.613,0,55,5,1
2818,1,0,1,1,0,60,1,1
2818,2,1,2,1,0,61,2,1
2818,3,2,3,1,1,62,3,1
2818,4,3,4,1,2,63,4,1
2818,5,4,5,1,0,64,5,1
2818,6,5,6,1,0,65,6,1
2818,7,6,6.587,0.587,0,66,7,1
2819,1,0,1,1,0,62,10,1
2819,2,1,2,1,0,63,11,1
2819,3,2,3,1,0,64,12,1
2819,4,3,4,1,0,65,13,1
2819,5,4,5,1,0,66,14,1
2819,6,5,5.909,0.909,0,67,15,1
2820,1,0,1,1,0,53,4,1
2820,2,1,2,1,0,54,5,1
2820,3,2,3,1,0,55,6,1
2820,4,3,4,1,0,56,7,1
2820,5,4,5,1,0,57,8,1
2820,6,5,6,1,0,58,9,1
2820,7,6,6.257,0.257,0,59,10,1
2821,1,0,1,1,0,35,9,1
2821,2,1,1.844,0.844,0,36,10,1
2822,1,0,1,1,0,61,5,1
2822,2,1,2,1,0,62,6,1
2822,3,2,3,1,0,63,7,1
2822,4,3,3.774,0.774,0,64,8,1
2823,1,0,1,1,0,61,9,1
2823,2,1,2,1,0,62,10,1
2823,3,2,3,1,0,63,11,1
2823,4,3,4,1,0,64,12,1
2823,5,4,5,1,0,65,13,1
2823,6,5,6,1,0,66,14,1
2823,7,6,7,1,1,67,15,1
2823,8,7,8,1,0,68,16,1
2823,9,8,9,1,0,69,17,1
2823,10,9,9.858,0.858,0,70,18,1
2824,1,0,1,1,0,45,10,1
2824,2,1,2,1,0,46,11,1
2824,3,2,2.376,0.376,0,47,12,1
2825,1,0,1,1,0,44,8,1
2825,2,1,2,1,0,45,9,1
2825,3,2,2.7,0.7,0,46,10,1
2826,1,0,1,1,0,63,9,1
2826,2,1,2,1,0,64,10,1
2826,3,2,3,1,1,65,11,1
2826,4,3,3.358,0.358,0,66,12,1
2827,1,0,1,1,0,25,1,1
2827,2,1,2,1,0,26,2,1
2827,3,2,3,1,0,27,3,1
2827,4,3,4,1,1,28,4,1
2827,5,4,4.226,0.226,0,29,5,1
2828,1,0,1,1,0,18,13,1
2828,2,1,2,1,0,19,14,1
2828,3,2,3,1,0,20,15,1
2828,4,3,4,1,1,21,16,1
2828,5,4,5,1,2,22,17,1
2828,6,5,6,1,0,23,18,1
2828,7,6,6.382,0.382,0,24,19,1
2829,1,0,1,1,0,59,7,1
2829,2,1,2,1,0,60,8,1
2829,3,2,3,1,0,61,9,1
2829,4,3,3.266,0.266,0,62,10,1
2830,1,0,1,1,0,40,5,1
2830,2,1,1.699,0.699,0,41,6,1
2831,1,0,0.616,0.616,0,41,8,1
2832,1,0,1,1,0,47,12,1
2832,2,1,2,1,0,48,13,1
2832,3,2,3,1,0,49,14,1
2832,4,3,4,1,2,50,15,1
2832,5,4,5,1,0,51,16,1
2832,6,5,5.857,0.857,0,52,17,1
2833,1,0,1,1,0,41,4,1
2833,2,1,2,1,0,42,5,1
2833,3,2,2.325,0.325,0,43,6,1
2834,1,0,1,1,0,50,11,1
2834,2,1,2,1,2,51,12,1
2834,3,2,3,1,0,52,13,1
2834,4,3,3.998,0.998,2,53,14,1
2835,1,0,1,1,0,36,18,1
2835,2,1,1.162,0.162,0,37,19,1
2836,1,0,1,1,0,60,12,1
2836,2,1,2,1,0,61,13,1
2836,3,2,3,1,1,62,14,1
2836,4,3,4,1,0,63,15,1
2836,5,4,5,1,0,64,16,1
2836,6,5,6,1,0,65,17,1
2836,7,6,7,1,0,66,18,1
2836,8,7,8,1,1,67,19,1
2836,9,8,8.948,0.948,2,68,20,1
2837,1,0,1,1,0,18,10,1
2837,2,1,2,1,0,19,11,1
2837,3,2,3,1,0,20,12,1
2837,4,3,4,1,0,21,13,1
2837,5,4,5,1,0,22,14,1
2837,6,5,6,1,0,23,15,1
2837,7,6,7,1,0,24,16,1
2837,8,7,7.355,0.355,0,25,17,1
2838,1,0,1,1,0,48,16,1
2838,2,1,2,1,0,49,17,1
2838,3,2,2.404,0.404,0,50,18,1
2839,1,0,0.235,0.235,0,57,18,1
2840,1,0,1,1,0,29,15,1
2840,2,1,1.929,0.929,1,30,16,1
2841,1,0,1,1,0,37,12,1
2841,2,1,2,1,0,38,13,1
2841,3,2,2.872,0.872,0,39,14,1
2842,1,0,1,1,0,54,8,1
2842,2,1,2,1,0,55,9,1
2842,3,2,3,1,0,56,10,1
2842,4,3,3.528,0.528,0,57,11,1
2843,1,0,1,1,0,66,18,1
2843,2,1,2,1,0,67,19,1
2843,3,2,3,1,0,68,20,1
2843,4,3,4,1,0,69,21,1
2843,5,4,5,1,0,70,22,1
2843,6,5,6,1,0,71,23,1
2843,7,6,7,1,0,72,24,1
2843,8,7,8,1,0,73,25,1
2843,9,8,8.762,0.762,0,74,26,1
2844,1,0,1,1,0,36,8,1
2844,2,1,1.373,0.373,0,37,9,1
2845,1,0,1,1,0,18,14,1
2845,2,1,2,1,0,19,15,1
2845,3,2,3,1,0,20,16,1
2845,4,3,4,1,0,21,17,1
2845,5,4,5,1,0,22,18,1
2845,6,5,5.747,0.747,0,23,19,1
2846,1,0,1,1,0,42,9,1
2846,2,1,1.295,0.295,0,43,10,1
2847,1,0,1,1,0,55,3,1
2847,2,1,1.892,0.892,0,56,4,1
2848,1,0,1,1,0,68,8,1
2848,2,1,2,1,1,69,9,1
2848,3,2,3,1,0,70,10,1
2848,4,3,4,1,1,71,11,1
2848,5,4,4.411,0.411,0,72,12,1
2849,1,0,1,1,0,38,1,1
2849,2,1,1.417,0.417,0,39,2,1
2850,1,0,1,1,0,72,13,1
2850,2,1,2,1,2,73,14,1
2850,3,2,3,1,1,74,15,1
2850,4,3,3.482,0.482,0,75,16,1
2851,1,0,1,1,0,61,8,1
2851,2,1,2,1,0,62,9,1
2851,3,2,3,1,0,63,10,1
2851,4,3,3.242,0.242,0,64,11,1
2852,1,0,1,1,0,37,5,1
2852,2,1,2,1,0,38,6,1
2852,3,2,2.872,0.872,0,39,7,1
2853,1,0,1,1,0,42,9,1
2853,2,1,2,1,0,43,10,1
2853,3,2,3,1,0,44,11,1
2853,4,3,4,1,0,45,12,1
2853,5,4,4.371,0.371,0,46,13,1
2854,1,0,1,1,1,34,12,1
2854,2,1,2,1,0,35,13,1
2854,3,2,2.261,0.261,1,36,14,1
2855,1,0,1,1,0,46,8,1
2855,2,1,2,1,0,47,9,1
2855,3,2,2.858,0.858,0,48,10,1
2856,1,0,1,1,0,46,2,1
2856,2,1,2,1,0,47,3,1
2856,3,2,3,1,0,48,4,1
2856,4,3,4,1,0,49,5,1
2856,5,4,5,1,1,50,6,1
2856,6,5,6,1,0,51,7,1
2856,7,6,6.75,0.75,0,52,8,1
2857,1,0,1,1,0,37,8,1
2857,2,1,2,1,1,38,9,1
2857,3,2,3,1,0,39,10,1
2857,4,3,4,1,0,40,11,1
2857,5,4,5,1,0,41,12,1
2857,6,5,5.531,0.531,0,42,13,1
2858,1,0,1,1,0,55,11,1
2858,2,1,1.481,0.481,0,56,12,1
2859,1,0,1,1,0,49,7,1
2859,2,1,2,1,0,50,8,1
2859,3,2,3,1,0,51,9,1
2859,4,3,4,1,0,52,10,1
2859,5,4,5,1,0,53,11,1
2859,6,5,6,1,0,54,12,1
2859,7,6,7,1,0,55,13,1
2859,8,7,7.806,0.806,0,56,14,1
2860,1,0,1,1,1,65,16,1
2860,2,1,2,1,0,66,17,1
2860,3,2,3,1,0,67,18,1
2860,4,3,4,1,0,68,19,1
2860,5,4,5,1,0,69,20,1
2860,6,5,6,1,1,70,21,1
2860,7,6,7,1,0,71,22,1
2860,8,7,8,1,1,72,23,1
2860,9,8,9,1,0,73,24,1
2860,10,9,9.066,0.066,0,74,25,1
2861,1,0,1,1,0,54,13,1
2861,2,1,2,1,0,55,14,1
2861,3,2,2.03,0.03,0,56,15,1
2862,1,0,1,1,0,37,9,1
2862,2,1,2,1,1,38,10,1
2862,3,2,3,1,0,39,11,1
2862,4,3,4,1,0,40,12,1
2862,5,4,5,1,0,41,13,1
2862,6,5,6,1,1,42,14,1
2862,7,6,7,1,0,43,15,1
2862,8,7,8,1,0,44,16,1
2862,9,8,9,1,0,45,17,1
2862,10,9,9.928,0.928,0,46,18,1
2863,1,0,1,1,0,54,12,1
2863,2,1,2,1,0,55,13,1
2863,3,2,3,1,0,56,14,1
2863,4,3,4,1,0,57,15,1
2863,5,4,5,1,0,58,16,1
2863,6,5,6,1,0,59,17,1
2863,7,6,6.734,0.734,0,60,18,1
2864,1,0,1,1,0,32,17,1
2864,2,1,2,1,0,33,18,1
2864,3,2,3,1,0,34,19,1
2864,4,3,4,1,0,35,20,1
2864,5,4,5,1,1,36,21,1
2864,6,5,5.309,0.309,0,37,22,1
2865,1,0,1,1,0,27,3,1
2865,2,1,2,1,1,28,4,1
2865,3,2,3,1,0,29,5,1
2865,4,3,3.701,0.701,0,30,6,1
2866,1,0,1,1,0,26,4,1
2866,2,1,2,1,0,27,5,1
2866,3,2,3,1,1,28,6,1
2866,4,3,3.702,0.702,0,29,7,1
2867,1,0,1,1,0,46,19,1
2867,2,1,2,1,0,47,20,1
2867,3,2,3,1,0,48,21,1
2867,4,3,4,1,0,49,22,1
2867,5,4,4.82,0.82,0,50,23,1
2868,1,0,1,1,0,39,1,1
2868,2,1,2,1,0,40,2,1
2868,3,2,2.139,0.139,0,41,3,1
2869,1,0,1,1,0,35,0,1
2869,2,1,2,1,0,36,1,1
2869,3,2,2.855,0.855,1,37,2,1
2870,1,0,1,1,0,62,10,1
2870,2,1,2,1,0,63,11,1
2870,3,2,3,1,0,64,12,1
2870,4,3,4,1,0,65,13,1
2870,5,4,5,1,0,66,14,1
2870,6,5,6,1,0,67,15,1
2870,7,6,6.127,0.127,0,68,16,1
2871,1,0,1,1,0,41,14,1
2871,2,1,2,1,0,42,15,1
2871,3,2,3,1,0,43,16,1
2871,4,3,4,1,0,44,17,1
2871,5,4,5,1,1,45,18,1
2871,6,5,5.741,0.741,0,46,19,1
2872,1,0,1,1,0,53,10,1
2872,2,1,1.249,0.249,0,54,11,1
2873,1,0,1,1,0,18,8,1
2873,2,1,2,1,0,19,9,1
2873,3,2,3,1,0,20,10,1
2873,4,3,4,1,0,21,11,1
2873,5,4,4.867,0.867,0,22,12,1
2874,1,0,1,1,0,50,2,1
2874,2,1,2,1,0,51,3,1
2874,3,2,3,1,0,52,4,1
2874,4,3,4,1,0,53,5,1
2874,5,4,5,1,1,54,6,1
2874,6,5,5.649,0.649,0,55,7,1
2875,1,0,1,1,0,65,7,1
2875,2,1,2,1,0,66,8,1
2875,3,2,3,1,0,67,9,1
2875,4,3,3.115,0.115,0,68,10,1
2876,1,0,1,1,0,38,11,1
2876,2,1,2,1,0,39,12,1
2876,3,2,2.691,0.691,0,40,13,1
2877,1,0,1,1,0,44,18,1
2877,2,1,2,1,0,45,19,1
2877,3,2,3,1,0,46,20,1
2877,4,3,3.464,0.464,0,47,21,1
2878,1,0,1,1,1,65,0,1
2878,2,1,1.687,0.687,0,66,1,1
2879,1,0,1,1,0,47,10,1
2879,2,1,1.192,0.192,0,48,11,1
2880,1,0,1,1,0,65,4,1
2880,2,1,2,1,0,66,5,1
2880,3,2,3,1,0,67,6,1
2880,4,3,4,1,1,68,7,1
2880,5,4,4.773,0.773,0,69,8,1
2881,1,0,1,1,0,35,3,1
2881,2,1,2,1,0,36,4,1
2881,3,2,3,1,0,37,5,1
2881,4,3,4,1,0,38,6,1
2881,5,4,5,1,0,39,7,1
2881,6,5,6,1,0,40,8,1
2881,7,6,6.923,0.923,0,41,9,1
2882,1,0,1,1,0,35,9,1
2882,2,1,2,1,0,36,10,1
2882,3,2,2.913,0.913,0,37,11,1
2883,1,0,1,1,0,34,14,1
2883,2,1,2,1,0,35,15,1
2883,3,2,2.416,0.416,0,36,16,1
2884,1,0,1,1,0,43,4,1
2884,2,1,2,1,0,44,5,1
2884,3,2,3,1,0,45,6,1
2884,4,3,4,1,0,46,7,1
2884,5,4,5,1,0,47,8,1
2884,6,5,6,1,1,48,9,1
2884,7,6,7,1,1,49,10,1
2884,8,7,8,1,0,50,11,1
2884,9,8,8.356,0.356,0,51,12,1
2885,1,0,1,1,0,60,10,1
2885,2,1,2,1,0,61,11,1
2885,3,2,2.645,0.645,0,62,12,1
2886,1,0,1,1,0,67,10,1
2886,2,1,2,1,0,68,11,1
2886,3,2,2.731,0.731,0,69,12,1
2887,1,0,1,1,0,47,2,1
2887,2,1,2,1,0,48,3,1
2887,3,2,3,1,0,49,4,1
2887,4,3,4,1,0,50,5,1
2887,5,4,4.227,0.227,0,51,6,1
2888,1,0,1,1,0,64,10,1
2888,2,1,2,1,0,65,11,1
2888,3,2,3,1,0,66,12,1
2888,4,3,3.432,0.432,0,67,13,1
2889,1,0,1,1,1,35,10,1
2889,2,1,2,1,0,36,11,1
2889,3,2,2.453,0.453,0,37,12,1
2890,1,0,1,1,0,45,6,1
2890,2,1,2,1,0,46,7,1
2890,3,2,3,1,0,47,8,1
2890,4,3,4,1,0,48,9,1
2890,5,4,4.19,0.19,0,49,10,1
2891,1,0,1,1,0,18,2,1
2891,2,1,2,1,0,19,3,1
2891,3,2,3,1,1,20,4,1
2891,4,3,4,1,0,21,5,1
2891,5,4,5,1,0,22,6,1
2891,6,5,5.574,0.574,0,23,7,1
2892,1,0,0.862,0.862,0,55,11,1
2893,1,0,1,1,0,38,0,1
2893,2,1,2,1,0,39,1,1
2893,3,2,3,1,0,40,2,1
2893,4,3,4,1,0,41,3,1
2893,5,4,4.313,0.313,0,42,4,1
2894,1,0,1,1,0,47,0,1
2894,2,1,2,1,0,48,1,1
2894,3,2,3,1,0,49,2,1
2894,4,3,4,1,0,50,3,1
2894,5,4,4.094,0.094,0,51,4,1
2895,1,0,1,1,0,56,5,1
2895,2,1,2,1,0,57,6,1
2895,3,2,2.67,0.67,0,58,7,1
2896,1,0,1,1,0,51,8,1
2896,2,1,1.083,0.083,0,52,9,1
2897,1,0,1,1,0,37,5,1
2897,2,1,2,1,0,38,6,1
2897,3,2,3,1,1,39,7,1
2897,4,3,4,1,0,40,8,1
2897,5,4,5,1,0,41,9,1
2897,6,5,6,1,0,42,10,1
2897,7,6,6.052,0.052,0,43,11,1
2898,1,0,1,1,0,42,2,1
2898,2,1,2,1,0,43,3,1
2898,3,2,3,1,0,44,4,1
2898,4,3,3.649,0.649,0,45,5,1
2899,1,0,1,1,0,55,15,1
2899,2,1,2,1,0,56,16,1
2899,3,2,3,1,0,57,17,1
2899,4,3,4,1,0,58,18,1
2899,5,4,5,1,0,59,19,1
2899,6,5,6,1,0,60,20,1
2899,7,6,7,1,0,61,21,1
2899,8,7,8,1,0,62,22,1
2899,9,8,8.118,0.118,0,63,23,1
2900,1,0,1,1,0,47,12,1
2900,2,1,2,1,0,48,13,1
2900,3,2,2.534,0.534,0,49,14,1
2901,1,0,1,1,0,52,7,1
2901,2,1,2,1,0,53,8,1
2901,3,2,3,1,0,54,9,1
2901,4,3,3.793,0.793,0,55,10,1
2902,1,0,1,1,0,45,10,1
2902,2,1,2,1,0,46,11,1
2902,3,2,3,1,0,47,12,1
2902,4,3,4,1,0,48,13,1
2902,5,4,4.099,0.099,0,49,14,1
2903,1,0,1,1,1,39,13,1
2903,2,1,2,1,1,40,14,1
2903,3,2,3,1,0,41,15,1
2903,4,3,4,1,1,42,16,1
2903,5,4,4.432,0.432,0,43,17,1
2904,1,0,1,1,1,66,12,1
2904,2,1,2,1,0,67,13,1
2904,3,2,3,1,0,68,14,1
2904,4,3,4,1,0,69,15,1
2904,5,4,5,1,0,70,16,1
2904,6,5,6,1,0,71,17,1
2904,7,6,6.025,0.025,0,72,18,1
2905,1,0,0.705,0.705,0,69,10,1
2906,1,0,1,1,0,23,7,1
2906,2,1,1.692,0.692,0,24,8,1
2907,1,0,1,1,0,40,11,1
2907,2,1,2,1,0,41,12,1
2907,3,2,2.162,0.162,0,42,13,1
2908,1,0,1,1,0,42,2,1
2908,2,1,2,1,0,43,3,1
2908,3,2,2.851,0.851,0,44,4,1
2909,1,0,1,1,0,46,11,1
2909,2,1,2,1,2,47,12,1
2909,3,2,3,1,0,48,13,1
2909,4,3,4,1,2,49,14,1
2909,5,4,5,1,0,50,15,1
2909,6,5,6,1,1,51,16,1
2909,7,6,6.302,0.302,0,52,17,1
2910,1,0,1,1,0,69,11,1
2910,2,1,2,1,0,70,12,1
2910,3,2,2.577,0.577,0,71,13,1
2911,1,0,1,1,0,87,7,1
2911,2,1,2,1,0,88,8,1
2911,3,2,3,1,0,89,9,1
2911,4,3,4,1,0,90,10,1
2911,5,4,5,1,0,91,11,1
2911,6,5,5.665,0.665,0,92,12,1
2912,1,0,1,1,0,27,12,1
2912,2,1,2,1,0,28,13,1
2912,3,2,3,1,0,29,14,1
2912,4,3,4,1,0,30,15,1
2912,5,4,4.717,0.717,0,31,16,1
2913,1,0,1,1,0,53,7,1
2913,2,1,2,1,0,54,8,1
2913,3,2,3,1,0,55,9,1
2913,4,3,4,1,0,56,10,1
2913,5,4,4.614,0.614,0,57,11,1
2914,1,0,1,1,0,42,10,1
2914,2,1,1.421,0.421,0,43,11,1
2915,1,0,1,1,0,33,10,1
2915,2,1,1.814,0.814,0,34,11,1
2916,1,0,1,1,0,59,14,1
2916,2,1,2,1,0,60,15,1
2916,3,2,3,1,0,61,16,1
2916,4,3,4,1,0,62,17,1
2916,5,4,5,1,0,63,18,1
2916,6,5,6,1,0,64,19,1
2916,7,6,7,1,0,65,20,1
2916,8,7,8,1,0,66,21,1
2916,9,8,9,1,0,67,22,1
2916,10,9,9.75,0.75,0,68,23,1
2917,1,0,1,1,0,34,2,1
2917,2,1,2,1,0,35,3,1
2917,3,2,3,1,0,36,4,1
2917,4,3,4,1,0,37,5,1
2917,5,4,5,1,0,38,6,1
2917,6,5,6,1,0,39,7,1
2917,7,6,6.49,0.49,1,40,8,1
2918,1,0,1,1,0,43,5,1
2918,2,1,2,1,0,44,6,1
2918,3,2,3,1,0,45,7,1
2918,4,3,4,1,0,46,8,1
2918,5,4,5,1,0,47,9,1
2918,6,5,6,1,0,48,10,1
2918,7,6,6.227,0.227,0,49,11,1
2919,1,0,1,1,0,35,11,1
2919,2,1,2,1,0,36,12,1
2919,3,2,3,1,1,37,13,1
2919,4,3,4,1,0,38,14,1
2919,5,4,4.131,0.131,0,39,15,1
2920,1,0,1,1,0,75,8,1
2920,2,1,1.287,0.287,0,76,9,1
2921,1,0,0.648,0.648,0,36,8,1
2922,1,0,1,1,0,50,10,1
2922,2,1,2,1,0,51,11,1
2922,3,2,2.5,0.5,0,52,12,1
2923,1,0,1,1,0,33,7,1
2923,2,1,2,1,0,34,8,1
2923,3,2,3,1,0,35,9,1
2923,4,3,4,1,0,36,10,1
2923,5,4,4.328,0.328,0,37,11,1
2924,1,0,1,1,0,68,9,1
2924,2,1,1.716,0.716,0,69,10,1
2925,1,0,1,1,0,57,8,1
2925,2,1,2,1,0,58,9,1
2925,3,2,3,1,0,59,10,1
2925,4,3,4,1,2,60,11,1
2925,5,4,5,1,0,61,12,1
2925,6,5,5.916,0.916,0,62,13,1
2926,1,0,1,1,0,50,10,1
2926,2,1,2,1,0,51,11,1
2926,3,2,3,1,0,52,12,1
2926,4,3,3.995,0.995,0,53,13,1
2927,1,0,1,1,0,48,4,1
2927,2,1,2,1,0,49,5,1
2927,3,2,3,1,0,50,6,1
2927,4,3,3.199,0.199,0,51,7,1
2928,1,0,1,1,0,44,7,1
2928,2,1,1.46,0.46,0,45,8,1
2929,1,0,1,1,0,27,5,1
2929,2,1,2,1,0,28,6,1
2929,3,2,3,1,0,29,7,1
2929,4,3,4,1,1,30,8,1
2929,5,4,5,1,0,31,9,1
2929,6,5,5.346,0.346,0,32,10,1
2930,1,0,0.971,0.971,0,39,8,1
2931,1,0,1,1,0,30,8,1
2931,2,1,2,1,0,31,9,1
2931,3,2,3,1,0,32,10,1
2931,4,3,3.064,0.064,0,33,11,1
2932,1,0,1,1,0,46,8,1
2932,2,1,2,1,0,47,9,1
2932,3,2,3,1,0,48,10,1
2932,4,3,4,1,0,49,11,1
2932,5,4,5,1,0,50,12,1
2932,6,5,5.252,0.252,0,51,13,1
2933,1,0,1,1,0,34,2,1
2933,2,1,1.388,0.388,0,35,3,1
2934,1,0,1,1,1,18,4,1
2934,2,1,2,1,1,19,5,1
2934,3,2,2.356,0.356,0,20,6,1
2935,1,0,1,1,0,32,10,1
2935,2,1,2,1,0,33,11,1
2935,3,2,2.459,0.459,0,34,12,1
2936,1,0,1,1,0,56,13,1
2936,2,1,2,1,0,57,14,1
2936,3,2,3,1,1,58,15,1
2936,4,3,4,1,0,59,16,1
2936,5,4,5,1,0,60,17,1
2936,6,5,5.537,0.537,0,61,18,1
2937,1,0,1,1,0,45,11,1
2937,2,1,2,1,1,46,12,1
2937,3,2,3,1,0,47,13,1
2937,4,3,4,1,0,48,14,1
2937,5,4,5,1,0,49,15,1
2937,6,5,6,1,0,50,16,1
2937,7,6,7,1,0,51,17,1
2937,8,7,8,1,0,52,18,1
2937,9,8,8.824,0.824,0,53,19,1
2938,1,0,1,1,0,50,7,1
2938,2,1,1.237,0.237,0,51,8,1
2939,1,0,1,1,0,52,12,1
2939,2,1,2,1,0,53,13,1
2939,3,2,2.092,0.092,0,54,14,1
2940,1,0,1,1,0,47,7,1
2940,2,1,2,1,0,48,8,1
2940,3,2,2.461,0.461,0,49,9,1
2941,1,0,1,1,0,53,8,1
2941,2,1,2,1,0,54,9,1
2941,3,2,3,1,0,55,10,1
2941,4,3,4,1,0,56,11,1
2941,5,4,5,1,0,57,12,1
2941,6,5,6,1,0,58,13,1
2941,7,6,7,1,0,59,14,1
2941,8,7,7.037,0.037,0,60,15,1
2942,1,0,1,1,0,42,2,1
2942,2,1,2,1,0,43,3,1
2942,3,2,3,1,0,44,4,1
2942,4,3,4,1,0,45,5,1
2942,5,4,5,1,0,46,6,1
2942,6,5,6,1,1,47,7,1
2942,7,6,7,1,1,48,8,1
2942,8,7,8,1,0,49,9,1
2942,9,8,8.224,0.224,0,50,10,1
2943,1,0,1,1,0,56,16,1
2943,2,1,2,1,1,57,17,1
2943,3,2,3,1,0,58,18,1
2943,4,3,4,1,0,59,19,1
2943,5,4,5,1,0,60,20,1
2943,6,5,5.59,0.59,0,61,21,1
2944,1,0,1,1,0,36,2,1
2944,2,1,2,1,1,37,3,1
2944,3,2,3,1,0,38,4,1
2944,4,3,4,1,0,39,5,1
2944,5,4,5,1,0,40,6,1
2944,6,5,6,1,0,41,7,1
2944,7,6,7,1,0,42,8,1
2944,8,7,7.296,0.296,0,43,9,1
2945,1,0,0.999,0.999,0,37,9,1
2946,1,0,1,1,1,50,9,1
2946,2,1,2,1,1,51,10,1
2946,3,2,2.711,0.711,0,52,11,1
2947,1,0,1,1,0,80,1,1
2947,2,1,1.342,0.342,0,81,2,1
2948,1,0,1,1,0,56,5,1
2948,2,1,2,1,0,57,6,1
2948,3,2,3,1,0,58,7,1
2948,4,3,4,1,0,59,8,1
2948,5,4,4.276,0.276,0,60,9,1
2949,1,0,1,1,0,46,10,1
2949,2,1,2,1,0,47,11,1
2949,3,2,3,1,0,48,12,1
2949,4,3,4,1,0,49,13,1
2949,5,4,4.971,0.971,0,50,14,1
2950,1,0,1,1,0,57,10,1
2950,2,1,2,1,1,58,11,1
2950,3,2,3,1,0,59,12,1
2950,4,3,4,1,0,60,13,1
2950,5,4,5,1,0,61,14,1
2950,6,5,5.973,0.973,0,62,15,1
2951,1,0,1,1,0,57,0,1
2951,2,1,2,1,0,58,1,1
2951,3,2,2.933,0.933,0,59,2,1
2952,1,0,1,1,0,46,1,1
2952,2,1,2,1,0,47,2,1
2952,3,2,3,1,0,48,3,1
2952,4,3,4,1,0,49,4,1
2952,5,4,5,1,0,50,5,1
2952,6,5,6,1,0,51,6,1
2952,7,6,7,1,0,52,7,1
2952,8,7,8,1,0,53,8,1
2952,9,8,8.558,0.558,0,54,9,1
2953,1,0,0.559,0.559,0,38,11,1
2954,1,0,1,1,0,43,11,1
2954,2,1,2,1,0,44,12,1
2954,3,2,3,1,1,45,13,1
2954,4,3,4,1,0,46,14,1
2954,5,4,5,1,0,47,15,1
2954,6,5,6,1,0,48,16,1
2954,7,6,7,1,0,49,17,1
2954,8,7,8,1,0,50,18,1
2954,9,8,9,1,0,51,19,1
2954,10,9,9.487,0.487,0,52,20,1
2955,1,0,1,1,0,64,8,1
2955,2,1,2,1,0,65,9,1
2955,3,2,3,1,1,66,10,1
2955,4,3,3.083,0.083,0,67,11,1
2956,1,0,1,1,0,46,0,1
2956,2,1,2,1,0,47,1,1
2956,3,2,2.422,0.422,0,48,2,1
2957,1,0,1,1,0,61,1,1
2957,2,1,2,1,1,62,2,1
2957,3,2,3,1,0,63,3,1
2957,4,3,4,1,1,64,4,1
2957,5,4,5,1,0,65,5,1
2957,6,5,5.24,0.24,0,66,6,1
2958,1,0,1,1,0,42,20,1
2958,2,1,2,1,0,43,21,1
2958,3,2,3,1,0,44,22,1
2958,4,3,4,1,0,45,23,1
2958,5,4,5,1,0,46,24,1
2958,6,5,5.137,0.137,0,47,25,1
2959,1,0,1,1,1,54,12,1
2959,2,1,2,1,0,55,13,1
2959,3,2,3,1,0,56,14,1
2959,4,3,4,1,0,57,15,1
2959,5,4,5,1,0,58,16,1
2959,6,5,6,1,0,59,17,1
2959,7,6,7,1,0,60,18,1
2959,8,7,8,1,0,61,19,1
2959,9,8,8.804,0.804,0,62,20,1
2960,1,0,1,1,0,27,7,1
2960,2,1,2,1,0,28,8,1
2960,3,2,2.25,0.25,0,29,9,1
2961,1,0,1,1,0,57,5,1
2961,2,1,2,1,0,58,6,1
2961,3,2,3,1,0,59,7,1
2961,4,3,3.899,0.899,0,60,8,1
2962,1,0,1,1,0,56,7,1
2962,2,1,2,1,0,57,8,1
2962,3,2,2.101,0.101,0,58,9,1
2963,1,0,1,1,0,38,12,1
2963,2,1,2,1,0,39,13,1
2963,3,2,2.674,0.674,0,40,14,1
2964,1,0,1,1,0,28,11,1
2964,2,1,2,1,1,29,12,1
2964,3,2,3,1,0,30,13,1
2964,4,3,4,1,0,31,14,1
2964,5,4,4.191,0.191,1,32,15,1
2965,1,0,1,1,0,39,9,1
2965,2,1,1.015,0.015,0,40,10,1
2966,1,0,1,1,1,29,0,1
2966,2,1,2,1,0,30,1,1
2966,3,2,2.614,0.614,0,31,2,1
2967,1,0,1,1,0,41,4,1
2967,2,1,2,1,1,42,5,1
2967,3,2,3,1,0,43,6,1
2967,4,3,3.984,0.984,0,44,7,1
2968,1,0,0.242,0.242,0,30,14,1
2969,1,0,1,1,0,38,11,1
2969,2,1,2,1,0,39,12,1
2969,3,2,2.744,0.744,0,40,13,1
2970,1,0,1,1,0,83,17,1
2970,2,1,2,1,1,84,18,1
2970,3,2,2.608,0.608,0,85,19,1
2971,1,0,1,1,0,21,12,1
2971,2,1,2,1,0,22,13,1
2971,3,2,2.334,0.334,0,23,14,1
2972,1,0,1,1,0,33,11,1
2972,2,1,1.647,0.647,0,34,12,1
2973,1,0,1,1,0,43,0,1
2973,2,1,2,1,0,44,1,1
2973,3,2,3,1,0,45,2,1
2973,4,3,4,1,0,46,3,1
2973,5,4,4.023,0.023,0,47,4,1
2974,1,0,1,1,0,51,11,1
2974,2,1,2,1,0,52,12,1
2974,3,2,3,1,0,53,13,1
2974,4,3,3.392,0.392,0,54,14,1
2975,1,0,1,1,0,58,0,1
2975,2,1,2,1,1,59,1,1
2975,3,2,3,1,0,60,2,1
2975,4,3,4,1,0,61,3,1
2975,5,4,5,1,0,62,4,1
2975,6,5,6,1,0,63,5,1
2975,7,6,6.126,0.126,0,64,6,1
2976,1,0,1,1,0,32,0,1
2976,2,1,2,1,0,33,1,1
2976,3,2,3,1,0,34,2,1
2976,4,3,4,1,0,35,3,1
2976,5,4,5,1,0,36,4,1
2976,6,5,5.066,0.066,0,37,5,1
2977,1,0,1,1,1,26,0,1
2977,2,1,2,1,1,27,1,1
2977,3,2,3,1,0,28,2,1
2977,4,3,3.088,0.088,0,29,3,1
2978,1,0,1,1,0,18,14,1
2978,2,1,2,1,0,19,15,1
2978,3,2,3,1,0,20,16,1
2978,4,3,4,1,0,21,17,1
2978,5,4,5,1,2,22,18,1
2978,6,5,6,1,0,23,19,1
2978,7,6,6.01,0.01,0,24,20,1
2979,1,0,0.386,0.386,0,58,11,1
2980,1,0,1,1,0,52,10,1
2980,2,1,2,1,0,53,11,1
2980,3,2,3,1,1,54,12,1
2980,4,3,4,1,0,55,13,1
2980,5,4,5,1,0,56,14,1
2980,6,5,5.997,0.997,0,57,15,1
2981,1,0,1,1,1,43,2,1
2981,2,1,2,1,0,44,3,1
2981,3,2,3,1,0,45,4,1
2981,4,3,3.319,0.319,0,46,5,1
2982,1,0,1,1,0,74,12,1
2982,2,1,1.392,0.392,0,75,13,1
2983,1,0,1,1,0,42,1,1
2983,2,1,2,1,0,43,2,1
2983,3,2,3,1,0,44,3,1
2983,4,3,4,1,0,45,4,1
2983,5,4,5,1,0,46,5,1
2983,6,5,6,1,0,47,6,1
2983,7,6,7,1,0,48,7,1
2983,8,7,7.717,0.717,0,49,8,1
2984,1,0,1,1,0,43,9,1
2984,2,1,2,1,1,44,10,1
2984,3,2,3,1,0,45,11,1
2984,4,3,4,1,1,46,12,1
2984,5,4,5,1,1,47,13,1
2984,6,5,5.804,0.804,0,48,14,1
2985,1,0,1,1,0,33,13,1
2985,2,1,2,1,0,34,14,1
2985,3,2,3,1,1,35,15,1
2985,4,3,4,1,0,36,16,1
2985,5,4,4.117,0.117,0,37,17,1
2986,1,0,1,1,0,59,6,1
2986,2,1,2,1,0,60,7,1
2986,3,2,2.899,0.899,0,61,8,1
2987,1,0,1,1,0,61,9,1
2987,2,1,2,1,0,62,10,1
2987,3,2,3,1,0,63,11,1
2987,4,3,4,1,0,64,12,1
2987,5,4,5,1,0,65,13,1
2987,6,5,6,1,0,66,14,1
2987,7,6,7,1,0,67,15,1
2987,8,7,8,1,0,68,16,1
2987,9,8,8.045,0.045,0,69,17,1
2988,1,0,1,1,0,54,2,1
2988,2,1,2,1,0,55,3,1
2988,3,2,3,1,0,56,4,1
2988,4,3,4,1,0,57,5,1
2988,5,4,4.455,0.455,0,58,6,1
2989,1,0,1,1,0,39,9,1
2989,2,1,2,1,0,40,10,1
2989,3,2,2.83,0.83,0,41,11,1
2990,1,0,1,1,0,46,16,1
2990,2,1,2,1,0,47,17,1
2990,3,2,2.257,0.257,0,48,18,1
2991,1,0,1,1,0,44,15,1
2991,2,1,2,1,0,45,16,1
2991,3,2,3,1,0,46,17,1
2991,4,3,4,1,1,47,18,1
2991,5,4,4.515,0.515,0,48,19,1
2992,1,0,1,1,0,44,6,1
2992,2,1,2,1,0,45,7,1
2992,3,2,3,1,1,46,8,1
2992,4,3,3.99,0.99,0,47,9,1
2993,1,0,1,1,0,48,11,1
2993,2,1,2,1,1,49,12,1
2993,3,2,2.248,0.248,0,50,13,1
2994,1,0,1,1,0,39,6,1
2994,2,1,1.67,0.67,0,40,7,1
2995,1,0,1,1,1,62,3,1
2995,2,1,2,1,0,63,4,1
2995,3,2,3,1,1,64,5,1
2995,4,3,4,1,0,65,6,1
2995,5,4,4.371,0.371,0,66,7,1
2996,1,0,1,1,0,43,2,1
2996,2,1,2,1,0,44,3,1
2996,3,2,2.563,0.563,0,45,4,1
2997,1,0,1,1,0,32,4,1
2997,2,1,2,1,0,33,5,1
2997,3,2,3,1,0,34,6,1
2997,4,3,4,1,0,35,7,1
2997,5,4,4.913,0.913,0,36,8,1
