"id","centro","x1","x2","periodo","y"
1,"1",1.70053825434793,0,"1",0
1,"1",1.70053825434793,0,"2",1
2,"1",-0.467868288795656,0,"1",0
2,"1",-0.467868288795656,0,"2",0
2,"1",-0.467868288795656,0,"3",0
2,"1",-0.467868288795656,0,"4",0
2,"1",-0.467868288795656,0,"5",0
3,"1",-1.16319988348997,0,"1",0
3,"1",-1.16319988348997,0,"2",0
3,"1",-1.16319988348997,0,"3",0
4,"1",0.75222792571294,1,"1",0
4,"1",0.75222792571294,1,"2",0
4,"1",0.75222792571294,1,"3",0
4,"1",0.75222792571294,1,"4",0
4,"1",0.75222792571294,1,"5",0
5,"1",1.5256419619029,1,"1",0
5,"1",1.5256419619029,1,"2",0
5,"1",1.5256419619029,1,"3",0
5,"1",1.5256419619029,1,"4",0
5,"1",1.5256419619029,1,"5",0
5,"1",1.5256419619029,1,"6",0
6,"1",-1.63709342585811,0,"1",0
6,"1",-1.63709342585811,0,"2",0
6,"1",-1.63709342585811,0,"3",0
7,"1",-1.45008914162452,0,"1",0
7,"1",-1.45008914162452,0,"2",0
7,"1",-1.45008914162452,0,"3",0
8,"1",-1.26962603195179,0,"1",0
8,"1",-1.26962603195179,0,"2",0
8,"1",-1.26962603195179,0,"3",0
8,"1",-1.26962603195179,0,"4",0
8,"1",-1.26962603195179,0,"5",0
8,"1",-1.26962603195179,0,"6",0
9,"1",1.13482427015516,0,"1",0
9,"1",1.13482427015516,0,"2",0
9,"1",1.13482427015516,0,"3",0
9,"1",1.13482427015516,0,"4",0
10,"1",-0.161308148571286,0,"1",0
10,"1",-0.161308148571286,0,"2",0
10,"1",-0.161308148571286,0,"3",0
10,"1",-0.161308148571286,0,"4",1
11,"1",0.457290628028999,1,"1",0
11,"1",0.457290628028999,1,"2",0
11,"1",0.457290628028999,1,"3",0
11,"1",0.457290628028999,1,"4",0
11,"1",0.457290628028999,1,"5",0
11,"1",0.457290628028999,1,"6",0
12,"1",0.552198439544089,1,"1",0
12,"1",0.552198439544089,1,"2",0
12,"1",0.552198439544089,1,"3",0
13,"1",0.0412230751164824,0,"1",0
13,"1",0.0412230751164824,0,"2",0
13,"1",0.0412230751164824,0,"3",0
14,"1",0.0504338162012485,1,"1",0
14,"1",0.0504338162012485,1,"2",0
14,"1",0.0504338162012485,1,"3",0
15,"1",0.125539418178994,1,"1",0
15,"1",0.125539418178994,1,"2",0
15,"1",0.125539418178994,1,"3",0
16,"1",-0.407424043789532,0,"1",0
16,"1",-0.407424043789532,0,"2",0
16,"1",-0.407424043789532,0,"3",0
16,"1",-0.407424043789532,0,"4",0
16,"1",-0.407424043789532,0,"5",0
17,"1",1.06593484878247,0,"1",0
17,"1",1.06593484878247,0,"2",0
17,"1",1.06593484878247,0,"3",0
17,"1",1.06593484878247,0,"4",0
18,"1",-1.81419879503364,0,"1",0
18,"1",-1.81419879503364,0,"2",0
18,"1",-1.81419879503364,0,"3",0
18,"1",-1.81419879503364,0,"4",0
19,"1",-1.32268990479653,1,"1",0
19,"1",-1.32268990479653,1,"2",0
19,"1",-1.32268990479653,1,"3",0
19,"1",-1.32268990479653,1,"4",0
19,"1",-1.32268990479653,1,"5",0
20,"1",0.592229350582956,0,"1",0
20,"1",0.592229350582956,0,"2",0
20,"1",0.592229350582956,0,"3",0
20,"1",0.592229350582956,0,"4",1
21,"1",-0.580871675037844,1,"1",0
21,"1",-0.580871675037844,1,"2",0
21,"1",-0.580871675037844,1,"3",0
21,"1",-0.580871675037844,1,"4",0
21,"1",-0.580871675037844,1,"5",0
22,"1",-0.39434061472085,0,"1",0
22,"1",-0.39434061472085,0,"2",0
22,"1",-0.39434061472085,0,"3",0
23,"1",0.624422541192189,0,"1",0
23,"1",0.624422541192189,0,"2",1
24,"1",-0.755421435179155,0,"1",0
24,"1",-0.755421435179155,0,"2",0
24,"1",-0.755421435179155,0,"3",1
25,"1",-0.111711473818901,1,"1",0
25,"1",-0.111711473818901,1,"2",0
25,"1",-0.111711473818901,1,"3",0
25,"1",-0.111711473818901,1,"4",0
25,"1",-0.111711473818901,1,"5",0
25,"1",-0.111711473818901,1,"6",0
26,"1",-1.52636323016967,1,"1",0
26,"1",-1.52636323016967,1,"2",0
26,"1",-1.52636323016967,1,"3",0
26,"1",-1.52636323016967,1,"4",0
26,"1",-1.52636323016967,1,"5",0
26,"1",-1.52636323016967,1,"6",0
27,"1",1.45996205859067,0,"1",0
27,"1",1.45996205859067,0,"2",0
27,"1",1.45996205859067,0,"3",0
27,"1",1.45996205859067,0,"4",1
28,"1",0.273761436958964,1,"1",0
28,"1",0.273761436958964,1,"2",0
28,"1",0.273761436958964,1,"3",0
28,"1",0.273761436958964,1,"4",0
29,"1",-0.177832786512378,1,"1",0
29,"1",-0.177832786512378,1,"2",0
29,"1",-0.177832786512378,1,"3",0
29,"1",-0.177832786512378,1,"4",0
29,"1",-0.177832786512378,1,"5",0
30,"1",-0.321000107067056,1,"1",0
30,"1",-0.321000107067056,1,"2",0
30,"1",-0.321000107067056,1,"3",0
30,"1",-0.321000107067056,1,"4",0
30,"1",-0.321000107067056,1,"5",0
31,"1",-0.799120219117464,1,"1",0
31,"1",-0.799120219117464,1,"2",0
31,"1",-0.799120219117464,1,"3",0
31,"1",-0.799120219117464,1,"4",0
31,"1",-0.799120219117464,1,"5",0
31,"1",-0.799120219117464,1,"6",0
32,"1",-0.28087106602038,1,"1",0
32,"1",-0.28087106602038,1,"2",0
32,"1",-0.28087106602038,1,"3",0
32,"1",-0.28087106602038,1,"4",0
32,"1",-0.28087106602038,1,"5",0
33,"1",0.639985934971109,0,"1",0
33,"1",0.639985934971109,0,"2",0
33,"1",0.639985934971109,0,"3",0
33,"1",0.639985934971109,0,"4",0
34,"1",0.392497864935639,1,"1",0
34,"1",0.392497864935639,1,"2",0
34,"1",0.392497864935639,1,"3",0
34,"1",0.392497864935639,1,"4",0
34,"1",0.392497864935639,1,"5",0
34,"1",0.392497864935639,1,"6",0
35,"2",0.862896953027052,1,"1",1
36,"2",0.81927760890768,1,"1",0
36,"2",0.81927760890768,1,"2",0
36,"2",0.81927760890768,1,"3",0
36,"2",0.81927760890768,1,"4",0
36,"2",0.81927760890768,1,"5",0
36,"2",0.81927760890768,1,"6",0
37,"2",1.17817551727632,0,"1",1
38,"2",-0.190836442165708,0,"1",0
38,"2",-0.190836442165708,0,"2",1
39,"2",-0.142145386112967,0,"1",0
39,"2",-0.142145386112967,0,"2",0
39,"2",-0.142145386112967,0,"3",1
40,"2",0.0883194285879954,0,"1",1
41,"2",-0.54447195084909,0,"1",0
41,"2",-0.54447195084909,0,"2",0
41,"2",-0.54447195084909,0,"3",0
41,"2",-0.54447195084909,0,"4",0
41,"2",-0.54447195084909,0,"5",0
42,"2",-0.785133402761218,1,"1",0
42,"2",-0.785133402761218,1,"2",0
42,"2",-0.785133402761218,1,"3",0
42,"2",-0.785133402761218,1,"4",0
42,"2",-0.785133402761218,1,"5",0
42,"2",-0.785133402761218,1,"6",0
43,"2",-0.498624132440965,0,"1",0
43,"2",-0.498624132440965,0,"2",0
43,"2",-0.498624132440965,0,"3",1
44,"2",-0.945333514367272,0,"1",0
44,"2",-0.945333514367272,0,"2",0
44,"2",-0.945333514367272,0,"3",0
44,"2",-0.945333514367272,0,"4",0
44,"2",-0.945333514367272,0,"5",0
44,"2",-0.945333514367272,0,"6",0
45,"2",-0.304913514804633,1,"1",0
45,"2",-0.304913514804633,1,"2",0
45,"2",-0.304913514804633,1,"3",0
45,"2",-0.304913514804633,1,"4",0
45,"2",-0.304913514804633,1,"5",0
46,"2",-0.663954933871831,0,"1",1
47,"2",0.0199034188926564,0,"1",1
48,"2",0.235430945922506,0,"1",1
49,"2",-0.585834945050483,0,"1",0
49,"2",-0.585834945050483,0,"2",0
49,"2",-0.585834945050483,0,"3",0
49,"2",-0.585834945050483,0,"4",1
50,"2",-0.511393242251761,0,"1",0
50,"2",-0.511393242251761,0,"2",0
50,"2",-0.511393242251761,0,"3",0
50,"2",-0.511393242251761,0,"4",0
50,"2",-0.511393242251761,0,"5",0
50,"2",-0.511393242251761,0,"6",0
51,"2",1.80927481898759,0,"1",1
52,"2",0.504784610120407,0,"1",0
52,"2",0.504784610120407,0,"2",0
52,"2",0.504784610120407,0,"3",0
52,"2",0.504784610120407,0,"4",0
52,"2",0.504784610120407,0,"5",0
53,"2",-0.841424189352697,1,"1",0
53,"2",-0.841424189352697,1,"2",0
53,"2",-0.841424189352697,1,"3",0
53,"2",-0.841424189352697,1,"4",0
54,"2",1.41461383217379,0,"1",0
54,"2",1.41461383217379,0,"2",1
55,"2",-1.00926643583563,1,"1",0
55,"2",-1.00926643583563,1,"2",1
56,"2",-0.022907188944029,1,"1",0
56,"2",-0.022907188944029,1,"2",0
56,"2",-0.022907188944029,1,"3",0
57,"2",0.811272024095825,1,"1",0
57,"2",0.811272024095825,1,"2",0
57,"2",0.811272024095825,1,"3",0
57,"2",0.811272024095825,1,"4",1
58,"2",0.140635742609568,0,"1",0
58,"2",0.140635742609568,0,"2",0
58,"2",0.140635742609568,0,"3",1
59,"2",-0.958944072593504,1,"1",0
59,"2",-0.958944072593504,1,"2",0
59,"2",-0.958944072593504,1,"3",0
59,"2",-0.958944072593504,1,"4",0
59,"2",-0.958944072593504,1,"5",0
60,"2",0.709755190762708,1,"1",0
60,"2",0.709755190762708,1,"2",0
60,"2",0.709755190762708,1,"3",0
60,"2",0.709755190762708,1,"4",0
60,"2",0.709755190762708,1,"5",0
60,"2",0.709755190762708,1,"6",0
61,"2",-1.77788123451663,0,"1",0
61,"2",-1.77788123451663,0,"2",0
61,"2",-1.77788123451663,0,"3",0
62,"2",-1.4770981519159,0,"1",0
62,"2",-1.4770981519159,0,"2",0
62,"2",-1.4770981519159,0,"3",0
63,"2",2.25264869097548,0,"1",1
64,"2",0.413349615557993,0,"1",0
64,"2",0.413349615557993,0,"2",1
65,"2",-0.799251465543553,0,"1",0
65,"2",-0.799251465543553,0,"2",0
65,"2",-0.799251465543553,0,"3",0
65,"2",-0.799251465543553,0,"4",0
66,"2",0.645588787708177,0,"1",0
66,"2",0.645588787708177,0,"2",0
66,"2",0.645588787708177,0,"3",0
66,"2",0.645588787708177,0,"4",0
66,"2",0.645588787708177,0,"5",1
67,"2",-1.56379508349875,1,"1",0
67,"2",-1.56379508349875,1,"2",0
67,"2",-1.56379508349875,1,"3",0
67,"2",-1.56379508349875,1,"4",0
68,"2",-0.652626447946262,1,"1",0
68,"2",-0.652626447946262,1,"2",0
68,"2",-0.652626447946262,1,"3",0
68,"2",-0.652626447946262,1,"4",0
69,"2",1.31073115509346,1,"1",1
70,"2",-1.77052619728371,1,"1",0
70,"2",-1.77052619728371,1,"2",0
70,"2",-1.77052619728371,1,"3",0
70,"2",-1.77052619728371,1,"4",0
70,"2",-1.77052619728371,1,"5",0
70,"2",-1.77052619728371,1,"6",0
71,"3",-0.374552608846579,1,"1",0
71,"3",-0.374552608846579,1,"2",0
71,"3",-0.374552608846579,1,"3",0
71,"3",-0.374552608846579,1,"4",0
71,"3",-0.374552608846579,1,"5",0
72,"3",-0.091375413689979,0,"1",0
72,"3",-0.091375413689979,0,"2",0
72,"3",-0.091375413689979,0,"3",0
72,"3",-0.091375413689979,0,"4",1
73,"3",1.70638547005834,0,"1",1
74,"3",-0.903231153046668,0,"1",0
74,"3",-0.903231153046668,0,"2",0
74,"3",-0.903231153046668,0,"3",0
75,"3",1.09000943464541,0,"1",0
75,"3",1.09000943464541,0,"2",0
75,"3",1.09000943464541,0,"3",0
75,"3",1.09000943464541,0,"4",1
76,"3",-0.220123516748908,0,"1",0
76,"3",-0.220123516748908,0,"2",0
76,"3",-0.220123516748908,0,"3",0
76,"3",-0.220123516748908,0,"4",0
76,"3",-0.220123516748908,0,"5",0
76,"3",-0.220123516748908,0,"6",0
77,"3",-0.75898254119601,1,"1",0
77,"3",-0.75898254119601,1,"2",0
77,"3",-0.75898254119601,1,"3",0
77,"3",-0.75898254119601,1,"4",0
78,"3",-1.7809479537427,0,"1",0
78,"3",-1.7809479537427,0,"2",0
78,"3",-1.7809479537427,0,"3",0
79,"3",-0.404737693220929,0,"1",0
79,"3",-0.404737693220929,0,"2",0
79,"3",-0.404737693220929,0,"3",0
79,"3",-0.404737693220929,0,"4",0
80,"3",-0.858880796939249,0,"1",0
80,"3",-0.858880796939249,0,"2",0
80,"3",-0.858880796939249,0,"3",0
81,"3",0.183716385212154,0,"1",0
81,"3",0.183716385212154,0,"2",0
81,"3",0.183716385212154,0,"3",0
81,"3",0.183716385212154,0,"4",0
81,"3",0.183716385212154,0,"5",1
82,"3",1.25871348457983,0,"1",0
82,"3",1.25871348457983,0,"2",0
82,"3",1.25871348457983,0,"3",0
83,"3",-1.57609995854238,0,"1",0
83,"3",-1.57609995854238,0,"2",0
83,"3",-1.57609995854238,0,"3",0
84,"3",-1.59403692137078,1,"1",0
84,"3",-1.59403692137078,1,"2",0
84,"3",-1.59403692137078,1,"3",0
85,"3",-3.5564631101794,0,"1",0
85,"3",-3.5564631101794,0,"2",0
85,"3",-3.5564631101794,0,"3",0
86,"3",-1.14607652065953,0,"1",0
86,"3",-1.14607652065953,0,"2",0
86,"3",-1.14607652065953,0,"3",0
86,"3",-1.14607652065953,0,"4",0
86,"3",-1.14607652065953,0,"5",0
87,"3",-1.13299414948821,1,"1",0
87,"3",-1.13299414948821,1,"2",0
87,"3",-1.13299414948821,1,"3",0
87,"3",-1.13299414948821,1,"4",0
88,"3",-0.0495971769895299,0,"1",0
88,"3",-0.0495971769895299,0,"2",0
88,"3",-0.0495971769895299,0,"3",0
89,"3",0.94197424878168,0,"1",0
89,"3",0.94197424878168,0,"2",0
89,"3",0.94197424878168,0,"3",0
89,"3",0.94197424878168,0,"4",0
89,"3",0.94197424878168,0,"5",0
90,"3",-1.02341604388269,1,"1",0
90,"3",-1.02341604388269,1,"2",0
90,"3",-1.02341604388269,1,"3",0
90,"3",-1.02341604388269,1,"4",0
90,"3",-1.02341604388269,1,"5",0
90,"3",-1.02341604388269,1,"6",0
91,"3",-1.90458231034605,0,"1",0
91,"3",-1.90458231034605,0,"2",0
91,"3",-1.90458231034605,0,"3",0
91,"3",-1.90458231034605,0,"4",0
92,"3",0.336081095166101,0,"1",0
92,"3",0.336081095166101,0,"2",0
92,"3",0.336081095166101,0,"3",0
93,"3",2.49752228880386,1,"1",0
93,"3",2.49752228880386,1,"2",0
93,"3",2.49752228880386,1,"3",0
93,"3",2.49752228880386,1,"4",0
93,"3",2.49752228880386,1,"5",1
94,"3",0.287155268955912,1,"1",0
94,"3",0.287155268955912,1,"2",0
94,"3",0.287155268955912,1,"3",0
94,"3",0.287155268955912,1,"4",0
94,"3",0.287155268955912,1,"5",0
94,"3",0.287155268955912,1,"6",0
95,"3",2.21277367429911,0,"1",0
95,"3",2.21277367429911,0,"2",0
95,"3",2.21277367429911,0,"3",0
95,"3",2.21277367429911,0,"4",0
95,"3",2.21277367429911,0,"5",0
95,"3",2.21277367429911,0,"6",1
96,"3",1.91220888559291,1,"1",0
96,"3",1.91220888559291,1,"2",0
96,"3",1.91220888559291,1,"3",0
97,"3",0.349661840339632,0,"1",0
97,"3",0.349661840339632,0,"2",0
97,"3",0.349661840339632,0,"3",0
97,"3",0.349661840339632,0,"4",0
98,"3",-1.29921269856142,0,"1",0
98,"3",-1.29921269856142,0,"2",0
98,"3",-1.29921269856142,0,"3",0
98,"3",-1.29921269856142,0,"4",0
98,"3",-1.29921269856142,0,"5",0
98,"3",-1.29921269856142,0,"6",0
99,"3",1.20526680452285,0,"1",0
99,"3",1.20526680452285,0,"2",0
99,"3",1.20526680452285,0,"3",0
99,"3",1.20526680452285,0,"4",0
100,"3",-0.996285136959512,1,"1",0
100,"3",-0.996285136959512,1,"2",0
100,"3",-0.996285136959512,1,"3",0
100,"3",-0.996285136959512,1,"4",0
100,"3",-0.996285136959512,1,"5",0
100,"3",-0.996285136959512,1,"6",0
101,"3",-0.301123271500496,0,"1",0
101,"3",-0.301123271500496,0,"2",0
101,"3",-0.301123271500496,0,"3",0
102,"4",-1.26766580653268,0,"1",0
102,"4",-1.26766580653268,0,"2",0
102,"4",-1.26766580653268,0,"3",0
102,"4",-1.26766580653268,0,"4",0
102,"4",-1.26766580653268,0,"5",0
102,"4",-1.26766580653268,0,"6",0
103,"4",0.179729095169497,1,"1",0
103,"4",0.179729095169497,1,"2",0
103,"4",0.179729095169497,1,"3",0
103,"4",0.179729095169497,1,"4",0
103,"4",0.179729095169497,1,"5",0
104,"4",-1.65471204631906,1,"1",1
105,"4",0.405108607798207,1,"1",0
105,"4",0.405108607798207,1,"2",0
105,"4",0.405108607798207,1,"3",0
106,"4",-1.3727222031346,1,"1",0
106,"4",-1.3727222031346,1,"2",0
106,"4",-1.3727222031346,1,"3",0
106,"4",-1.3727222031346,1,"4",0
106,"4",-1.3727222031346,1,"5",0
106,"4",-1.3727222031346,1,"6",0
107,"4",0.857144870501799,0,"1",1
108,"4",-0.24283209616607,0,"1",0
108,"4",-0.24283209616607,0,"2",0
108,"4",-0.24283209616607,0,"3",1
109,"4",1.56422316651279,0,"1",0
109,"4",1.56422316651279,0,"2",1
110,"4",1.38133705364831,1,"1",0
110,"4",1.38133705364831,1,"2",1
111,"4",0.715106022561569,1,"1",0
111,"4",0.715106022561569,1,"2",0
111,"4",0.715106022561569,1,"3",0
111,"4",0.715106022561569,1,"4",0
111,"4",0.715106022561569,1,"5",0
111,"4",0.715106022561569,1,"6",0
112,"4",0.789312519395277,1,"1",0
112,"4",0.789312519395277,1,"2",0
112,"4",0.789312519395277,1,"3",0
112,"4",0.789312519395277,1,"4",0
112,"4",0.789312519395277,1,"5",0
113,"4",-0.439593415598588,0,"1",0
113,"4",-0.439593415598588,0,"2",0
113,"4",-0.439593415598588,0,"3",0
113,"4",-0.439593415598588,0,"4",0
114,"4",-0.0746222707032358,0,"1",0
114,"4",-0.0746222707032358,0,"2",0
114,"4",-0.0746222707032358,0,"3",0
114,"4",-0.0746222707032358,0,"4",0
115,"4",0.290814060191174,0,"1",0
115,"4",0.290814060191174,0,"2",0
115,"4",0.290814060191174,0,"3",1
116,"4",-0.245774622570768,1,"1",0
116,"4",-0.245774622570768,1,"2",0
116,"4",-0.245774622570768,1,"3",0
116,"4",-0.245774622570768,1,"4",0
117,"4",0.842984792437073,0,"1",0
117,"4",0.842984792437073,0,"2",0
117,"4",0.842984792437073,0,"3",0
118,"4",1.1730838387945,1,"1",0
118,"4",1.1730838387945,1,"2",0
118,"4",1.1730838387945,1,"3",0
118,"4",1.1730838387945,1,"4",0
118,"4",1.1730838387945,1,"5",0
118,"4",1.1730838387945,1,"6",0
119,"4",0.396204304000091,1,"1",0
119,"4",0.396204304000091,1,"2",0
119,"4",0.396204304000091,1,"3",0
119,"4",0.396204304000091,1,"4",1
120,"4",0.378105000068747,0,"1",0
120,"4",0.378105000068747,0,"2",0
120,"4",0.378105000068747,0,"3",1
121,"4",1.00566741567252,0,"1",0
121,"4",1.00566741567252,0,"2",0
121,"4",1.00566741567252,0,"3",0
122,"4",-1.6824568756719,1,"1",0
122,"4",-1.6824568756719,1,"2",0
122,"4",-1.6824568756719,1,"3",0
122,"4",-1.6824568756719,1,"4",0
123,"4",-1.98578301843797,0,"1",0
123,"4",-1.98578301843797,0,"2",0
123,"4",-1.98578301843797,0,"3",0
123,"4",-1.98578301843797,0,"4",0
123,"4",-1.98578301843797,0,"5",0
124,"4",0.491748255536316,1,"1",0
124,"4",0.491748255536316,1,"2",0
124,"4",0.491748255536316,1,"3",0
124,"4",0.491748255536316,1,"4",0
124,"4",0.491748255536316,1,"5",0
125,"4",-0.54724979636481,0,"1",1
126,"4",-1.27812483810049,1,"1",0
126,"4",-1.27812483810049,1,"2",0
126,"4",-1.27812483810049,1,"3",0
126,"4",-1.27812483810049,1,"4",0
127,"5",-2.36909189165767,1,"1",0
127,"5",-2.36909189165767,1,"2",0
127,"5",-2.36909189165767,1,"3",0
128,"5",-0.999688329225399,1,"1",0
128,"5",-0.999688329225399,1,"2",0
128,"5",-0.999688329225399,1,"3",0
129,"5",0.121515531369246,1,"1",0
129,"5",0.121515531369246,1,"2",0
129,"5",0.121515531369246,1,"3",0
129,"5",0.121515531369246,1,"4",0
129,"5",0.121515531369246,1,"5",0
130,"5",0.794144348448513,0,"1",0
130,"5",0.794144348448513,0,"2",0
130,"5",0.794144348448513,0,"3",0
130,"5",0.794144348448513,0,"4",0
130,"5",0.794144348448513,0,"5",0
130,"5",0.794144348448513,0,"6",0
131,"5",-0.91409436341025,0,"1",0
131,"5",-0.91409436341025,0,"2",0
131,"5",-0.91409436341025,0,"3",0
131,"5",-0.91409436341025,0,"4",0
131,"5",-0.91409436341025,0,"5",0
131,"5",-0.91409436341025,0,"6",0
132,"5",0.00996731588925936,1,"1",0
132,"5",0.00996731588925936,1,"2",0
132,"5",0.00996731588925936,1,"3",0
133,"5",2.6594643008116,0,"1",0
133,"5",2.6594643008116,0,"2",0
133,"5",2.6594643008116,0,"3",0
134,"5",-0.875368541850235,1,"1",0
134,"5",-0.875368541850235,1,"2",0
134,"5",-0.875368541850235,1,"3",0
135,"5",0.330466219211356,0,"1",0
135,"5",0.330466219211356,0,"2",0
135,"5",0.330466219211356,0,"3",0
135,"5",0.330466219211356,0,"4",0
136,"5",0.704385794252188,1,"1",0
136,"5",0.704385794252188,1,"2",0
136,"5",0.704385794252188,1,"3",0
136,"5",0.704385794252188,1,"4",0
137,"5",-0.327856856800312,1,"1",0
137,"5",-0.327856856800312,1,"2",0
137,"5",-0.327856856800312,1,"3",0
137,"5",-0.327856856800312,1,"4",0
138,"5",0.272376066790658,0,"1",0
138,"5",0.272376066790658,0,"2",0
138,"5",0.272376066790658,0,"3",0
138,"5",0.272376066790658,0,"4",0
139,"5",1.12543847749204,0,"1",1
140,"5",0.139793299837042,1,"1",0
140,"5",0.139793299837042,1,"2",0
140,"5",0.139793299837042,1,"3",0
140,"5",0.139793299837042,1,"4",0
141,"5",1.52539804584311,0,"1",0
141,"5",1.52539804584311,0,"2",0
141,"5",1.52539804584311,0,"3",0
141,"5",1.52539804584311,0,"4",0
141,"5",1.52539804584311,0,"5",0
142,"5",-1.67810248247927,0,"1",0
142,"5",-1.67810248247927,0,"2",0
142,"5",-1.67810248247927,0,"3",0
142,"5",-1.67810248247927,0,"4",0
143,"5",-0.961913333953658,0,"1",0
143,"5",-0.961913333953658,0,"2",0
143,"5",-0.961913333953658,0,"3",0
143,"5",-0.961913333953658,0,"4",0
143,"5",-0.961913333953658,0,"5",0
143,"5",-0.961913333953658,0,"6",0
144,"5",-0.0718397698207496,1,"1",0
144,"5",-0.0718397698207496,1,"2",0
144,"5",-0.0718397698207496,1,"3",0
144,"5",-0.0718397698207496,1,"4",0
144,"5",-0.0718397698207496,1,"5",0
145,"5",-0.228761471921949,1,"1",0
145,"5",-0.228761471921949,1,"2",0
145,"5",-0.228761471921949,1,"3",0
145,"5",-0.228761471921949,1,"4",0
146,"5",0.492608549236599,0,"1",0
146,"5",0.492608549236599,0,"2",0
146,"5",0.492608549236599,0,"3",0
146,"5",0.492608549236599,0,"4",0
147,"5",-0.436501034113563,0,"1",0
147,"5",-0.436501034113563,0,"2",0
147,"5",-0.436501034113563,0,"3",0
147,"5",-0.436501034113563,0,"4",0
148,"5",-1.25689667978974,1,"1",0
148,"5",-1.25689667978974,1,"2",0
148,"5",-1.25689667978974,1,"3",0
148,"5",-1.25689667978974,1,"4",0
149,"5",2.72783846736137,0,"1",0
149,"5",2.72783846736137,0,"2",1
150,"5",1.48033883738239,1,"1",1
151,"6",0.914273151563181,1,"1",0
151,"6",0.914273151563181,1,"2",0
151,"6",0.914273151563181,1,"3",1
152,"6",0.107787420489988,0,"1",0
152,"6",0.107787420489988,0,"2",0
152,"6",0.107787420489988,0,"3",0
153,"6",0.159431438256853,0,"1",0
153,"6",0.159431438256853,0,"2",0
153,"6",0.159431438256853,0,"3",0
153,"6",0.159431438256853,0,"4",0
153,"6",0.159431438256853,0,"5",1
154,"6",-1.82515974899317,0,"1",0
154,"6",-1.82515974899317,0,"2",0
154,"6",-1.82515974899317,0,"3",0
154,"6",-1.82515974899317,0,"4",1
155,"6",-0.832068767821479,1,"1",0
155,"6",-0.832068767821479,1,"2",0
155,"6",-0.832068767821479,1,"3",0
155,"6",-0.832068767821479,1,"4",0
155,"6",-0.832068767821479,1,"5",0
156,"6",1.32169333314931,1,"1",0
156,"6",1.32169333314931,1,"2",1
157,"6",2.25048084358159,0,"1",0
157,"6",2.25048084358159,0,"2",1
158,"6",-0.689046737600238,0,"1",0
158,"6",-0.689046737600238,0,"2",0
158,"6",-0.689046737600238,0,"3",1
159,"6",0.183054763565873,0,"1",0
159,"6",0.183054763565873,0,"2",1
160,"6",-0.310281975641202,1,"1",0
160,"6",-0.310281975641202,1,"2",0
160,"6",-0.310281975641202,1,"3",0
160,"6",-0.310281975641202,1,"4",0
161,"6",-0.316213835119503,1,"1",0
161,"6",-0.316213835119503,1,"2",0
161,"6",-0.316213835119503,1,"3",0
162,"6",1.42424665162717,0,"1",1
163,"6",2.09977024200237,0,"1",0
163,"6",2.09977024200237,0,"2",1
164,"6",-0.23350915844401,1,"1",0
164,"6",-0.23350915844401,1,"2",0
164,"6",-0.23350915844401,1,"3",0
164,"6",-0.23350915844401,1,"4",0
164,"6",-0.23350915844401,1,"5",0
164,"6",-0.23350915844401,1,"6",0
165,"6",-0.459458187681807,0,"1",0
165,"6",-0.459458187681807,0,"2",0
165,"6",-0.459458187681807,0,"3",0
165,"6",-0.459458187681807,0,"4",0
166,"6",0.873466325968255,1,"1",0
166,"6",0.873466325968255,1,"2",0
166,"6",0.873466325968255,1,"3",1
167,"6",0.664580242611598,0,"1",0
167,"6",0.664580242611598,0,"2",0
167,"6",0.664580242611598,0,"3",0
167,"6",0.664580242611598,0,"4",0
167,"6",0.664580242611598,0,"5",1
168,"6",0.407206697130548,1,"1",0
168,"6",0.407206697130548,1,"2",0
168,"6",0.407206697130548,1,"3",0
168,"6",0.407206697130548,1,"4",0
169,"6",0.82132084014792,0,"1",0
169,"6",0.82132084014792,0,"2",0
169,"6",0.82132084014792,0,"3",0
169,"6",0.82132084014792,0,"4",1
170,"6",1.45100024079571,0,"1",0
170,"6",1.45100024079571,0,"2",0
170,"6",1.45100024079571,0,"3",1
171,"6",0.558874710645937,0,"1",1
172,"6",0.853526851971948,0,"1",0
172,"6",0.853526851971948,0,"2",1
173,"6",0.659105318581138,1,"1",0
173,"6",0.659105318581138,1,"2",1
174,"6",0.801663152439053,0,"1",0
174,"6",0.801663152439053,0,"2",1
175,"6",-1.10874386716456,1,"1",0
175,"6",-1.10874386716456,1,"2",0
175,"6",-1.10874386716456,1,"3",0
175,"6",-1.10874386716456,1,"4",0
175,"6",-1.10874386716456,1,"5",0
175,"6",-1.10874386716456,1,"6",0
176,"6",0.822646741007922,1,"1",0
176,"6",0.822646741007922,1,"2",0
176,"6",0.822646741007922,1,"3",0
176,"6",0.822646741007922,1,"4",0
176,"6",0.822646741007922,1,"5",1
177,"6",-0.693691500062861,1,"1",0
177,"6",-0.693691500062861,1,"2",0
177,"6",-0.693691500062861,1,"3",0
178,"6",-0.829556061096217,1,"1",0
178,"6",-0.829556061096217,1,"2",0
178,"6",-0.829556061096217,1,"3",0
179,"6",-0.526271522196081,1,"1",0
179,"6",-0.526271522196081,1,"2",0
179,"6",-0.526271522196081,1,"3",0
179,"6",-0.526271522196081,1,"4",0
179,"6",-0.526271522196081,1,"5",0
179,"6",-0.526271522196081,1,"6",0
180,"6",-0.435041343212244,0,"1",0
180,"6",-0.435041343212244,0,"2",0
180,"6",-0.435041343212244,0,"3",0
180,"6",-0.435041343212244,0,"4",0
181,"6",-0.0137762465948666,0,"1",0
181,"6",-0.0137762465948666,0,"2",0
181,"6",-0.0137762465948666,0,"3",0
181,"6",-0.0137762465948666,0,"4",0
181,"6",-0.0137762465948666,0,"5",0
182,"6",0.891234807075987,0,"1",0
182,"6",0.891234807075987,0,"2",0
182,"6",0.891234807075987,0,"3",1
183,"6",0.835703097281338,0,"1",0
183,"6",0.835703097281338,0,"2",0
183,"6",0.835703097281338,0,"3",0
183,"6",0.835703097281338,0,"4",0
183,"6",0.835703097281338,0,"5",1
184,"6",0.287282374251929,0,"1",0
184,"6",0.287282374251929,0,"2",0
184,"6",0.287282374251929,0,"3",0
184,"6",0.287282374251929,0,"4",0
184,"6",0.287282374251929,0,"5",1
185,"6",-0.483491656291255,0,"1",0
185,"6",-0.483491656291255,0,"2",0
185,"6",-0.483491656291255,0,"3",0
185,"6",-0.483491656291255,0,"4",0
185,"6",-0.483491656291255,0,"5",0
186,"6",0.468542948563242,0,"1",0
186,"6",0.468542948563242,0,"2",0
186,"6",0.468542948563242,0,"3",1
187,"7",-0.19208335110072,1,"1",0
187,"7",-0.19208335110072,1,"2",0
187,"7",-0.19208335110072,1,"3",0
187,"7",-0.19208335110072,1,"4",0
187,"7",-0.19208335110072,1,"5",0
188,"7",0.649356435452936,0,"1",0
188,"7",0.649356435452936,0,"2",1
189,"7",0.334727208349996,0,"1",0
189,"7",0.334727208349996,0,"2",0
189,"7",0.334727208349996,0,"3",1
190,"7",0.967367762158148,0,"1",0
190,"7",0.967367762158148,0,"2",0
190,"7",0.967367762158148,0,"3",0
190,"7",0.967367762158148,0,"4",0
191,"7",0.330213852826679,0,"1",0
191,"7",0.330213852826679,0,"2",0
191,"7",0.330213852826679,0,"3",0
192,"7",-0.73609706777697,1,"1",0
192,"7",-0.73609706777697,1,"2",0
192,"7",-0.73609706777697,1,"3",0
192,"7",-0.73609706777697,1,"4",0
192,"7",-0.73609706777697,1,"5",0
193,"7",0.378487853675879,1,"1",0
193,"7",0.378487853675879,1,"2",0
193,"7",0.378487853675879,1,"3",0
194,"7",-0.488673382408057,0,"1",0
194,"7",-0.488673382408057,0,"2",0
194,"7",-0.488673382408057,0,"3",0
194,"7",-0.488673382408057,0,"4",0
195,"7",-0.903242641757078,0,"1",0
195,"7",-0.903242641757078,0,"2",0
195,"7",-0.903242641757078,0,"3",0
195,"7",-0.903242641757078,0,"4",0
195,"7",-0.903242641757078,0,"5",0
196,"7",0.0431478361270921,1,"1",0
196,"7",0.0431478361270921,1,"2",0
196,"7",0.0431478361270921,1,"3",0
196,"7",0.0431478361270921,1,"4",0
196,"7",0.0431478361270921,1,"5",1
197,"7",0.242974071904477,1,"1",0
197,"7",0.242974071904477,1,"2",0
197,"7",0.242974071904477,1,"3",0
198,"7",-0.324959075854689,1,"1",0
198,"7",-0.324959075854689,1,"2",0
198,"7",-0.324959075854689,1,"3",0
198,"7",-0.324959075854689,1,"4",0
199,"7",-1.17667507797954,1,"1",0
199,"7",-1.17667507797954,1,"2",0
199,"7",-1.17667507797954,1,"3",0
199,"7",-1.17667507797954,1,"4",0
200,"7",-0.123722424148203,0,"1",0
200,"7",-0.123722424148203,0,"2",0
200,"7",-0.123722424148203,0,"3",0
200,"7",-0.123722424148203,0,"4",0
200,"7",-0.123722424148203,0,"5",0
201,"7",-1.373554241218,0,"1",0
201,"7",-1.373554241218,0,"2",0
201,"7",-1.373554241218,0,"3",0
201,"7",-1.373554241218,0,"4",0
201,"7",-1.373554241218,0,"5",0
201,"7",-1.373554241218,0,"6",0
202,"7",-0.104492609451328,1,"1",0
202,"7",-0.104492609451328,1,"2",0
202,"7",-0.104492609451328,1,"3",0
202,"7",-0.104492609451328,1,"4",0
202,"7",-0.104492609451328,1,"5",0
202,"7",-0.104492609451328,1,"6",0
203,"7",0.640700834810775,0,"1",1
204,"7",-0.542196562883,0,"1",0
204,"7",-0.542196562883,0,"2",0
204,"7",-0.542196562883,0,"3",0
204,"7",-0.542196562883,0,"4",0
205,"7",-0.898821973700764,0,"1",0
205,"7",-0.898821973700764,0,"2",0
205,"7",-0.898821973700764,0,"3",0
206,"7",1.44981964029017,0,"1",0
206,"7",1.44981964029017,0,"2",0
206,"7",1.44981964029017,0,"3",0
206,"7",1.44981964029017,0,"4",0
207,"7",0.74756063521336,0,"1",0
207,"7",0.74756063521336,0,"2",0
207,"7",0.74756063521336,0,"3",0
207,"7",0.74756063521336,0,"4",0
208,"7",0.452331803583888,0,"1",0
208,"7",0.452331803583888,0,"2",0
208,"7",0.452331803583888,0,"3",0
209,"7",-0.201766459738056,1,"1",0
209,"7",-0.201766459738056,1,"2",0
209,"7",-0.201766459738056,1,"3",0
210,"7",-0.47833524320345,1,"1",0
210,"7",-0.47833524320345,1,"2",0
210,"7",-0.47833524320345,1,"3",0
211,"7",-1.13604777626838,0,"1",0
211,"7",-1.13604777626838,0,"2",0
211,"7",-1.13604777626838,0,"3",0
211,"7",-1.13604777626838,0,"4",0
211,"7",-1.13604777626838,0,"5",0
212,"7",-0.563911522678582,1,"1",0
212,"7",-0.563911522678582,1,"2",0
212,"7",-0.563911522678582,1,"3",0
212,"7",-0.563911522678582,1,"4",1
213,"7",0.695340359711036,0,"1",0
213,"7",0.695340359711036,0,"2",0
213,"7",0.695340359711036,0,"3",0
213,"7",0.695340359711036,0,"4",0
213,"7",0.695340359711036,0,"5",0
213,"7",0.695340359711036,0,"6",0
214,"7",-1.12773003511146,0,"1",0
214,"7",-1.12773003511146,0,"2",0
214,"7",-1.12773003511146,0,"3",0
215,"7",-0.710726558867681,0,"1",0
215,"7",-0.710726558867681,0,"2",0
215,"7",-0.710726558867681,0,"3",0
215,"7",-0.710726558867681,0,"4",0
216,"7",-2.25453372001469,0,"1",0
216,"7",-2.25453372001469,0,"2",0
216,"7",-2.25453372001469,0,"3",0
216,"7",-2.25453372001469,0,"4",0
216,"7",-2.25453372001469,0,"5",0
216,"7",-2.25453372001469,0,"6",0
217,"7",0.0547205372210688,0,"1",0
217,"7",0.0547205372210688,0,"2",0
217,"7",0.0547205372210688,0,"3",0
217,"7",0.0547205372210688,0,"4",0
217,"7",0.0547205372210688,0,"5",0
217,"7",0.0547205372210688,0,"6",0
218,"7",0.588283733866361,1,"1",0
218,"7",0.588283733866361,1,"2",0
218,"7",0.588283733866361,1,"3",0
219,"7",0.105858954918336,0,"1",0
219,"7",0.105858954918336,0,"2",0
219,"7",0.105858954918336,0,"3",0
220,"7",-0.00208812387309443,0,"1",0
220,"7",-0.00208812387309443,0,"2",0
220,"7",-0.00208812387309443,0,"3",0
220,"7",-0.00208812387309443,0,"4",1
221,"7",0.836934935643872,0,"1",0
221,"7",0.836934935643872,0,"2",0
221,"7",0.836934935643872,0,"3",1
222,"7",-0.613947832111127,0,"1",0
222,"7",-0.613947832111127,0,"2",0
222,"7",-0.613947832111127,0,"3",0
223,"7",0.948566767923359,1,"1",1
224,"7",-0.609354203209472,0,"1",0
224,"7",-0.609354203209472,0,"2",0
224,"7",-0.609354203209472,0,"3",0
224,"7",-0.609354203209472,0,"4",0
225,"7",1.02765421339227,0,"1",0
225,"7",1.02765421339227,0,"2",0
225,"7",1.02765421339227,0,"3",0
226,"7",1.71841758895168,0,"1",0
226,"7",1.71841758895168,0,"2",0
226,"7",1.71841758895168,0,"3",0
226,"7",1.71841758895168,0,"4",0
227,"7",-0.373632797778805,0,"1",0
227,"7",-0.373632797778805,0,"2",0
227,"7",-0.373632797778805,0,"3",0
228,"7",0.270445797709288,1,"1",0
228,"7",0.270445797709288,1,"2",0
228,"7",0.270445797709288,1,"3",0
228,"7",0.270445797709288,1,"4",0
228,"7",0.270445797709288,1,"5",0
229,"7",0.647505619225464,1,"1",0
229,"7",0.647505619225464,1,"2",0
229,"7",0.647505619225464,1,"3",0
229,"7",0.647505619225464,1,"4",0
230,"8",-0.653627377564447,0,"1",0
230,"8",-0.653627377564447,0,"2",0
230,"8",-0.653627377564447,0,"3",0
230,"8",-0.653627377564447,0,"4",0
231,"8",0.751884018979956,0,"1",0
231,"8",0.751884018979956,0,"2",0
231,"8",0.751884018979956,0,"3",0
231,"8",0.751884018979956,0,"4",0
231,"8",0.751884018979956,0,"5",0
231,"8",0.751884018979956,0,"6",0
232,"8",0.814635571109608,1,"1",0
232,"8",0.814635571109608,1,"2",0
232,"8",0.814635571109608,1,"3",0
232,"8",0.814635571109608,1,"4",0
232,"8",0.814635571109608,1,"5",0
233,"8",-0.190419992852196,0,"1",0
233,"8",-0.190419992852196,0,"2",0
233,"8",-0.190419992852196,0,"3",0
233,"8",-0.190419992852196,0,"4",0
233,"8",-0.190419992852196,0,"5",0
233,"8",-0.190419992852196,0,"6",0
234,"8",1.48803137215368,0,"1",0
234,"8",1.48803137215368,0,"2",0
234,"8",1.48803137215368,0,"3",0
234,"8",1.48803137215368,0,"4",0
235,"8",-1.63350549917913,0,"1",0
235,"8",-1.63350549917913,0,"2",0
235,"8",-1.63350549917913,0,"3",0
236,"8",-2.10201429231529,0,"1",0
236,"8",-2.10201429231529,0,"2",0
236,"8",-2.10201429231529,0,"3",0
236,"8",-2.10201429231529,0,"4",0
236,"8",-2.10201429231529,0,"5",0
237,"8",0.455173233572352,0,"1",0
237,"8",0.455173233572352,0,"2",0
237,"8",0.455173233572352,0,"3",0
237,"8",0.455173233572352,0,"4",0
238,"8",0.239163015707803,0,"1",0
238,"8",0.239163015707803,0,"2",0
238,"8",0.239163015707803,0,"3",0
238,"8",0.239163015707803,0,"4",1
239,"8",0.230827523404411,1,"1",0
239,"8",0.230827523404411,1,"2",0
239,"8",0.230827523404411,1,"3",0
239,"8",0.230827523404411,1,"4",0
239,"8",0.230827523404411,1,"5",0
239,"8",0.230827523404411,1,"6",0
240,"8",-0.538742752575868,0,"1",0
240,"8",-0.538742752575868,0,"2",0
240,"8",-0.538742752575868,0,"3",0
240,"8",-0.538742752575868,0,"4",0
240,"8",-0.538742752575868,0,"5",0
240,"8",-0.538742752575868,0,"6",0
241,"8",0.475146768671122,1,"1",0
241,"8",0.475146768671122,1,"2",0
241,"8",0.475146768671122,1,"3",0
241,"8",0.475146768671122,1,"4",0
241,"8",0.475146768671122,1,"5",0
242,"8",-0.358324908720872,0,"1",0
242,"8",-0.358324908720872,0,"2",0
242,"8",-0.358324908720872,0,"3",0
243,"8",0.159064170556227,1,"1",0
243,"8",0.159064170556227,1,"2",0
243,"8",0.159064170556227,1,"3",0
243,"8",0.159064170556227,1,"4",0
243,"8",0.159064170556227,1,"5",0
243,"8",0.159064170556227,1,"6",0
244,"8",-0.349250445725219,0,"1",0
244,"8",-0.349250445725219,0,"2",0
244,"8",-0.349250445725219,0,"3",0
244,"8",-0.349250445725219,0,"4",0
245,"8",0.24424419758495,0,"1",0
245,"8",0.24424419758495,0,"2",0
245,"8",0.24424419758495,0,"3",0
245,"8",0.24424419758495,0,"4",0
245,"8",0.24424419758495,0,"5",0
246,"8",1.20074255296846,0,"1",0
246,"8",1.20074255296846,0,"2",0
246,"8",1.20074255296846,0,"3",0
246,"8",1.20074255296846,0,"4",0
246,"8",1.20074255296846,0,"5",0
246,"8",1.20074255296846,0,"6",0
247,"8",0.133309311461043,1,"1",0
247,"8",0.133309311461043,1,"2",0
247,"8",0.133309311461043,1,"3",0
248,"8",0.872112725338489,1,"1",0
248,"8",0.872112725338489,1,"2",0
248,"8",0.872112725338489,1,"3",0
248,"8",0.872112725338489,1,"4",0
248,"8",0.872112725338489,1,"5",0
249,"8",-0.197755021481607,1,"1",0
249,"8",-0.197755021481607,1,"2",0
249,"8",-0.197755021481607,1,"3",0
249,"8",-0.197755021481607,1,"4",0
250,"8",-0.777690510756193,0,"1",0
250,"8",-0.777690510756193,0,"2",0
250,"8",-0.777690510756193,0,"3",0
250,"8",-0.777690510756193,0,"4",0
250,"8",-0.777690510756193,0,"5",0
251,"8",0.619829324103726,0,"1",0
251,"8",0.619829324103726,0,"2",0
251,"8",0.619829324103726,0,"3",0
251,"8",0.619829324103726,0,"4",0
251,"8",0.619829324103726,0,"5",0
252,"8",0.596111461570411,0,"1",0
252,"8",0.596111461570411,0,"2",0
252,"8",0.596111461570411,0,"3",0
252,"8",0.596111461570411,0,"4",0
252,"8",0.596111461570411,0,"5",0
253,"8",0.0826586335313962,0,"1",1
254,"8",0.778599617875933,0,"1",0
254,"8",0.778599617875933,0,"2",0
254,"8",0.778599617875933,0,"3",0
254,"8",0.778599617875933,0,"4",0
254,"8",0.778599617875933,0,"5",0
254,"8",0.778599617875933,0,"6",0
255,"8",-0.600060854573195,1,"1",0
255,"8",-0.600060854573195,1,"2",0
255,"8",-0.600060854573195,1,"3",0
256,"8",-0.696829799898394,1,"1",0
256,"8",-0.696829799898394,1,"2",0
256,"8",-0.696829799898394,1,"3",0
257,"8",1.30323616646822,1,"1",0
257,"8",1.30323616646822,1,"2",0
257,"8",1.30323616646822,1,"3",0
257,"8",1.30323616646822,1,"4",0
257,"8",1.30323616646822,1,"5",0
257,"8",1.30323616646822,1,"6",0
258,"8",-0.040633990569971,0,"1",0
258,"8",-0.040633990569971,0,"2",0
258,"8",-0.040633990569971,0,"3",0
258,"8",-0.040633990569971,0,"4",0
258,"8",-0.040633990569971,0,"5",0
258,"8",-0.040633990569971,0,"6",0
259,"8",-0.239297918170646,0,"1",0
259,"8",-0.239297918170646,0,"2",0
259,"8",-0.239297918170646,0,"3",0
260,"9",-0.692320281704833,0,"1",0
260,"9",-0.692320281704833,0,"2",0
260,"9",-0.692320281704833,0,"3",0
261,"9",0.75672827159665,1,"1",0
261,"9",0.75672827159665,1,"2",0
261,"9",0.75672827159665,1,"3",0
261,"9",0.75672827159665,1,"4",0
261,"9",0.75672827159665,1,"5",1
262,"9",1.48339443944552,1,"1",0
262,"9",1.48339443944552,1,"2",0
262,"9",1.48339443944552,1,"3",0
263,"9",0.701901543886405,0,"1",0
263,"9",0.701901543886405,0,"2",0
263,"9",0.701901543886405,0,"3",0
263,"9",0.701901543886405,0,"4",1
264,"9",1.05627298243236,0,"1",0
264,"9",1.05627298243236,0,"2",0
264,"9",1.05627298243236,0,"3",0
264,"9",1.05627298243236,0,"4",1
265,"9",1.08639213942792,1,"1",0
265,"9",1.08639213942792,1,"2",0
265,"9",1.08639213942792,1,"3",0
265,"9",1.08639213942792,1,"4",0
266,"9",1.2793236765861,1,"1",0
266,"9",1.2793236765861,1,"2",0
266,"9",1.2793236765861,1,"3",0
266,"9",1.2793236765861,1,"4",0
266,"9",1.2793236765861,1,"5",0
266,"9",1.2793236765861,1,"6",1
267,"9",-1.21005865294315,1,"1",0
267,"9",-1.21005865294315,1,"2",0
267,"9",-1.21005865294315,1,"3",0
267,"9",-1.21005865294315,1,"4",0
268,"9",-1.45618085080332,1,"1",0
268,"9",-1.45618085080332,1,"2",0
268,"9",-1.45618085080332,1,"3",0
269,"9",0.0380510415055497,0,"1",0
269,"9",0.0380510415055497,0,"2",0
269,"9",0.0380510415055497,0,"3",0
269,"9",0.0380510415055497,0,"4",0
270,"9",1.89901836682555,0,"1",1
271,"9",1.50039690010394,0,"1",1
272,"9",-0.110108873270936,1,"1",0
272,"9",-0.110108873270936,1,"2",0
272,"9",-0.110108873270936,1,"3",0
272,"9",-0.110108873270936,1,"4",0
272,"9",-0.110108873270936,1,"5",0
272,"9",-0.110108873270936,1,"6",0
273,"9",-0.619661278984486,1,"1",0
273,"9",-0.619661278984486,1,"2",0
273,"9",-0.619661278984486,1,"3",0
273,"9",-0.619661278984486,1,"4",0
274,"9",0.578850599369066,0,"1",0
274,"9",0.578850599369066,0,"2",0
274,"9",0.578850599369066,0,"3",0
275,"9",0.609390460626108,0,"1",0
275,"9",0.609390460626108,0,"2",0
275,"9",0.609390460626108,0,"3",0
275,"9",0.609390460626108,0,"4",0
275,"9",0.609390460626108,0,"5",0
276,"9",-1.30504117089146,1,"1",0
276,"9",-1.30504117089146,1,"2",0
276,"9",-1.30504117089146,1,"3",0
276,"9",-1.30504117089146,1,"4",0
277,"9",0.250496144806981,0,"1",0
277,"9",0.250496144806981,0,"2",0
277,"9",0.250496144806981,0,"3",0
277,"9",0.250496144806981,0,"4",0
277,"9",0.250496144806981,0,"5",0
278,"9",0.33752120776281,0,"1",0
278,"9",0.33752120776281,0,"2",0
278,"9",0.33752120776281,0,"3",0
278,"9",0.33752120776281,0,"4",0
278,"9",0.33752120776281,0,"5",0
279,"9",0.954212805538871,0,"1",0
279,"9",0.954212805538871,0,"2",1
280,"9",0.5658432814289,1,"1",0
280,"9",0.5658432814289,1,"2",0
280,"9",0.5658432814289,1,"3",0
280,"9",0.5658432814289,1,"4",0
280,"9",0.5658432814289,1,"5",0
281,"9",-1.12431580397469,0,"1",0
281,"9",-1.12431580397469,0,"2",0
281,"9",-1.12431580397469,0,"3",0
281,"9",-1.12431580397469,0,"4",0
281,"9",-1.12431580397469,0,"5",0
282,"9",-1.13458740138238,1,"1",0
282,"9",-1.13458740138238,1,"2",0
282,"9",-1.13458740138238,1,"3",0
282,"9",-1.13458740138238,1,"4",0
282,"9",-1.13458740138238,1,"5",0
282,"9",-1.13458740138238,1,"6",0
283,"9",-0.0225040663201885,0,"1",0
283,"9",-0.0225040663201885,0,"2",0
283,"9",-0.0225040663201885,0,"3",1
284,"9",-0.746077560631705,0,"1",0
284,"9",-0.746077560631705,0,"2",0
284,"9",-0.746077560631705,0,"3",0
284,"9",-0.746077560631705,0,"4",0
284,"9",-0.746077560631705,0,"5",0
285,"9",-0.46546117363792,0,"1",0
285,"9",-0.46546117363792,0,"2",1
286,"9",-0.695835611873825,0,"1",0
286,"9",-0.695835611873825,0,"2",0
286,"9",-0.695835611873825,0,"3",0
286,"9",-0.695835611873825,0,"4",0
287,"9",-0.592066042306707,0,"1",0
287,"9",-0.592066042306707,0,"2",0
287,"9",-0.592066042306707,0,"3",0
288,"9",-1.45462369857031,1,"1",0
288,"9",-1.45462369857031,1,"2",0
288,"9",-1.45462369857031,1,"3",0
289,"9",1.98865069580908,1,"1",0
289,"9",1.98865069580908,1,"2",0
289,"9",1.98865069580908,1,"3",0
290,"9",0.280000578058016,0,"1",1
291,"9",0.647266065791469,0,"1",0
291,"9",0.647266065791469,0,"2",0
291,"9",0.647266065791469,0,"3",1
292,"9",0.140706198266778,1,"1",0
292,"9",0.140706198266778,1,"2",0
292,"9",0.140706198266778,1,"3",0
292,"9",0.140706198266778,1,"4",0
292,"9",0.140706198266778,1,"5",0
292,"9",0.140706198266778,1,"6",0
293,"10",0.683759542224764,0,"1",0
293,"10",0.683759542224764,0,"2",1
294,"10",-0.250203731544531,0,"1",0
294,"10",-0.250203731544531,0,"2",0
294,"10",-0.250203731544531,0,"3",0
294,"10",-0.250203731544531,0,"4",0
294,"10",-0.250203731544531,0,"5",0
294,"10",-0.250203731544531,0,"6",0
295,"10",-0.994200700054893,0,"1",0
295,"10",-0.994200700054893,0,"2",0
295,"10",-0.994200700054893,0,"3",0
295,"10",-0.994200700054893,0,"4",0
295,"10",-0.994200700054893,0,"5",1
296,"10",-0.82423292971016,0,"1",0
296,"10",-0.82423292971016,0,"2",0
296,"10",-0.82423292971016,0,"3",1
297,"10",0.29328872536812,0,"1",1
298,"10",0.193689125520268,0,"1",0
298,"10",0.193689125520268,0,"2",1
299,"10",-0.233125737762535,0,"1",0
299,"10",-0.233125737762535,0,"2",0
299,"10",-0.233125737762535,0,"3",0
300,"10",-0.563455036963476,1,"1",0
300,"10",-0.563455036963476,1,"2",0
300,"10",-0.563455036963476,1,"3",0
300,"10",-0.563455036963476,1,"4",0
300,"10",-0.563455036963476,1,"5",0
301,"10",0.245863438216108,1,"1",0
301,"10",0.245863438216108,1,"2",0
301,"10",0.245863438216108,1,"3",0
302,"10",1.36043876541674,1,"1",0
302,"10",1.36043876541674,1,"2",0
302,"10",1.36043876541674,1,"3",1
303,"10",2.13297681096939,0,"1",0
303,"10",2.13297681096939,0,"2",0
303,"10",2.13297681096939,0,"3",1
304,"10",0.284989069237636,0,"1",0
304,"10",0.284989069237636,0,"2",0
304,"10",0.284989069237636,0,"3",0
305,"10",-1.00057222345195,1,"1",0
305,"10",-1.00057222345195,1,"2",0
305,"10",-1.00057222345195,1,"3",0
305,"10",-1.00057222345195,1,"4",0
305,"10",-1.00057222345195,1,"5",0
306,"10",0.23437890426869,1,"1",1
307,"10",-0.68499030745257,0,"1",0
307,"10",-0.68499030745257,0,"2",0
307,"10",-0.68499030745257,0,"3",0
308,"10",0.728499757457414,0,"1",0
308,"10",0.728499757457414,0,"2",0
308,"10",0.728499757457414,0,"3",0
308,"10",0.728499757457414,0,"4",1
309,"10",-1.82608915468934,1,"1",0
309,"10",-1.82608915468934,1,"2",0
309,"10",-1.82608915468934,1,"3",0
309,"10",-1.82608915468934,1,"4",0
309,"10",-1.82608915468934,1,"5",0
309,"10",-1.82608915468934,1,"6",0
310,"10",-0.362160072175508,1,"1",0
310,"10",-0.362160072175508,1,"2",0
310,"10",-0.362160072175508,1,"3",0
310,"10",-0.362160072175508,1,"4",0
310,"10",-0.362160072175508,1,"5",0
311,"10",-0.446925160565739,1,"1",0
311,"10",-0.446925160565739,1,"2",0
311,"10",-0.446925160565739,1,"3",0
311,"10",-0.446925160565739,1,"4",0
311,"10",-0.446925160565739,1,"5",0
312,"10",0.403810428318328,0,"1",0
312,"10",0.403810428318328,0,"2",0
312,"10",0.403810428318328,0,"3",0
312,"10",0.403810428318328,0,"4",0
312,"10",0.403810428318328,0,"5",1
313,"10",-1.08159573484463,1,"1",0
313,"10",-1.08159573484463,1,"2",0
313,"10",-1.08159573484463,1,"3",0
313,"10",-1.08159573484463,1,"4",0
314,"10",-1.4730528660728,0,"1",0
314,"10",-1.4730528660728,0,"2",0
314,"10",-1.4730528660728,0,"3",0
314,"10",-1.4730528660728,0,"4",0
315,"10",0.334844261462878,0,"1",0
315,"10",0.334844261462878,0,"2",0
315,"10",0.334844261462878,0,"3",0
316,"10",-3.25096463293194,1,"1",0
316,"10",-3.25096463293194,1,"2",0
316,"10",-3.25096463293194,1,"3",0
316,"10",-3.25096463293194,1,"4",0
316,"10",-3.25096463293194,1,"5",0
317,"10",0.389523331116649,1,"1",0
317,"10",0.389523331116649,1,"2",0
317,"10",0.389523331116649,1,"3",0
318,"10",0.0863086519508713,1,"1",0
318,"10",0.0863086519508713,1,"2",0
318,"10",0.0863086519508713,1,"3",0
318,"10",0.0863086519508713,1,"4",1
319,"10",0.693596477074652,1,"1",0
319,"10",0.693596477074652,1,"2",0
319,"10",0.693596477074652,1,"3",0
319,"10",0.693596477074652,1,"4",0
320,"10",-1.77090818657163,1,"1",0
320,"10",-1.77090818657163,1,"2",0
320,"10",-1.77090818657163,1,"3",0
320,"10",-1.77090818657163,1,"4",0
320,"10",-1.77090818657163,1,"5",0
320,"10",-1.77090818657163,1,"6",0
321,"10",0.0765088912025079,0,"1",0
321,"10",0.0765088912025079,0,"2",0
321,"10",0.0765088912025079,0,"3",0
321,"10",0.0765088912025079,0,"4",1
322,"10",0.470127514289029,0,"1",0
322,"10",0.470127514289029,0,"2",0
322,"10",0.470127514289029,0,"3",0
322,"10",0.470127514289029,0,"4",1
323,"10",0.168728699125799,1,"1",0
323,"10",0.168728699125799,1,"2",0
323,"10",0.168728699125799,1,"3",0
323,"10",0.168728699125799,1,"4",0
323,"10",0.168728699125799,1,"5",0
323,"10",0.168728699125799,1,"6",0
324,"10",1.09721178475626,0,"1",0
324,"10",1.09721178475626,0,"2",0
324,"10",1.09721178475626,0,"3",0
324,"10",1.09721178475626,0,"4",1
325,"10",-0.590617393733756,1,"1",0
325,"10",-0.590617393733756,1,"2",0
325,"10",-0.590617393733756,1,"3",0
325,"10",-0.590617393733756,1,"4",0
326,"10",0.711952848564652,0,"1",1
327,"10",-1.60457135420488,1,"1",0
327,"10",-1.60457135420488,1,"2",0
327,"10",-1.60457135420488,1,"3",0
328,"10",-0.920167500491463,1,"1",0
328,"10",-0.920167500491463,1,"2",0
328,"10",-0.920167500491463,1,"3",0
328,"10",-0.920167500491463,1,"4",0
329,"10",0.483024990143224,1,"1",0
329,"10",0.483024990143224,1,"2",0
329,"10",0.483024990143224,1,"3",0
329,"10",0.483024990143224,1,"4",0
329,"10",0.483024990143224,1,"5",0
330,"10",0.294876394525202,1,"1",0
330,"10",0.294876394525202,1,"2",0
330,"10",0.294876394525202,1,"3",0
330,"10",0.294876394525202,1,"4",0
330,"10",0.294876394525202,1,"5",0
330,"10",0.294876394525202,1,"6",0
331,"10",-0.425926451818812,0,"1",0
331,"10",-0.425926451818812,0,"2",0
331,"10",-0.425926451818812,0,"3",0
331,"10",-0.425926451818812,0,"4",0
331,"10",-0.425926451818812,0,"5",0
331,"10",-0.425926451818812,0,"6",0
332,"10",1.86313987729173,0,"1",0
332,"10",1.86313987729173,0,"2",0
332,"10",1.86313987729173,0,"3",0
333,"10",0.970462834735419,0,"1",0
333,"10",0.970462834735419,0,"2",0
333,"10",0.970462834735419,0,"3",0
333,"10",0.970462834735419,0,"4",0
333,"10",0.970462834735419,0,"5",0
333,"10",0.970462834735419,0,"6",0
334,"10",-0.160754667837924,1,"1",0
334,"10",-0.160754667837924,1,"2",0
334,"10",-0.160754667837924,1,"3",0
334,"10",-0.160754667837924,1,"4",0
335,"10",0.645655412323516,0,"1",0
335,"10",0.645655412323516,0,"2",1
336,"10",-2.96117267502423,0,"1",0
336,"10",-2.96117267502423,0,"2",0
336,"10",-2.96117267502423,0,"3",0
336,"10",-2.96117267502423,0,"4",0
337,"11",-0.941724855752248,0,"1",0
337,"11",-0.941724855752248,0,"2",0
337,"11",-0.941724855752248,0,"3",0
337,"11",-0.941724855752248,0,"4",0
338,"11",1.72427572859991,1,"1",0
338,"11",1.72427572859991,1,"2",1
339,"11",2.28920749465768,0,"1",0
339,"11",2.28920749465768,0,"2",1
340,"11",0.312829123703897,0,"1",1
341,"11",0.585654857676075,1,"1",0
341,"11",0.585654857676075,1,"2",0
341,"11",0.585654857676075,1,"3",0
341,"11",0.585654857676075,1,"4",0
341,"11",0.585654857676075,1,"5",0
341,"11",0.585654857676075,1,"6",0
342,"11",-1.66359477382048,0,"1",0
342,"11",-1.66359477382048,0,"2",0
342,"11",-1.66359477382048,0,"3",0
342,"11",-1.66359477382048,0,"4",1
343,"11",-1.76129058674248,0,"1",0
343,"11",-1.76129058674248,0,"2",0
343,"11",-1.76129058674248,0,"3",0
343,"11",-1.76129058674248,0,"4",0
343,"11",-1.76129058674248,0,"5",0
343,"11",-1.76129058674248,0,"6",0
344,"11",2.46821365267423,1,"1",1
345,"11",0.651125085417653,1,"1",0
345,"11",0.651125085417653,1,"2",0
345,"11",0.651125085417653,1,"3",0
346,"11",-0.0417714368101651,1,"1",0
346,"11",-0.0417714368101651,1,"2",0
346,"11",-0.0417714368101651,1,"3",0
347,"11",0.342862743988723,0,"1",0
347,"11",0.342862743988723,0,"2",0
347,"11",0.342862743988723,0,"3",0
347,"11",0.342862743988723,0,"4",0
347,"11",0.342862743988723,0,"5",1
348,"11",-0.720565249703349,0,"1",0
348,"11",-0.720565249703349,0,"2",0
348,"11",-0.720565249703349,0,"3",0
348,"11",-0.720565249703349,0,"4",0
349,"11",0.732802461422666,1,"1",0
349,"11",0.732802461422666,1,"2",0
349,"11",0.732802461422666,1,"3",0
350,"11",0.03164142619316,0,"1",0
350,"11",0.03164142619316,0,"2",0
350,"11",0.03164142619316,0,"3",0
350,"11",0.03164142619316,0,"4",0
351,"11",1.06587877571429,1,"1",0
351,"11",1.06587877571429,1,"2",0
351,"11",1.06587877571429,1,"3",0
351,"11",1.06587877571429,1,"4",0
351,"11",1.06587877571429,1,"5",0
352,"11",1.13177684636268,1,"1",0
352,"11",1.13177684636268,1,"2",1
353,"11",1.15736138079958,0,"1",0
353,"11",1.15736138079958,0,"2",0
353,"11",1.15736138079958,0,"3",0
353,"11",1.15736138079958,0,"4",1
354,"11",-0.404446639096849,0,"1",0
354,"11",-0.404446639096849,0,"2",0
354,"11",-0.404446639096849,0,"3",0
354,"11",-0.404446639096849,0,"4",0
355,"11",-0.0509797947044853,0,"1",0
355,"11",-0.0509797947044853,0,"2",0
355,"11",-0.0509797947044853,0,"3",0
355,"11",-0.0509797947044853,0,"4",0
355,"11",-0.0509797947044853,0,"5",0
356,"11",1.09952440984827,0,"1",0
356,"11",1.09952440984827,0,"2",0
356,"11",1.09952440984827,0,"3",1
357,"11",0.680441780947022,1,"1",0
357,"11",0.680441780947022,1,"2",0
357,"11",0.680441780947022,1,"3",0
357,"11",0.680441780947022,1,"4",0
357,"11",0.680441780947022,1,"5",0
358,"11",-2.47393850548885,1,"1",0
358,"11",-2.47393850548885,1,"2",0
358,"11",-2.47393850548885,1,"3",0
358,"11",-2.47393850548885,1,"4",0
358,"11",-2.47393850548885,1,"5",0
359,"11",-0.11423033917501,0,"1",0
359,"11",-0.11423033917501,0,"2",0
359,"11",-0.11423033917501,0,"3",0
360,"11",-0.127931008280259,1,"1",0
360,"11",-0.127931008280259,1,"2",0
360,"11",-0.127931008280259,1,"3",0
360,"11",-0.127931008280259,1,"4",0
360,"11",-0.127931008280259,1,"5",0
360,"11",-0.127931008280259,1,"6",0
361,"11",0.0558389694706,1,"1",1
362,"11",0.0806376345910291,0,"1",0
362,"11",0.0806376345910291,0,"2",0
362,"11",0.0806376345910291,0,"3",0
362,"11",0.0806376345910291,0,"4",0
363,"11",-0.277254160968292,0,"1",0
363,"11",-0.277254160968292,0,"2",0
363,"11",-0.277254160968292,0,"3",1
364,"11",-0.283141777859442,1,"1",1
365,"11",-0.322375540374111,0,"1",0
365,"11",-0.322375540374111,0,"2",0
365,"11",-0.322375540374111,0,"3",0
365,"11",-0.322375540374111,0,"4",0
365,"11",-0.322375540374111,0,"5",0
366,"11",-0.071628223359894,0,"1",0
366,"11",-0.071628223359894,0,"2",0
366,"11",-0.071628223359894,0,"3",0
366,"11",-0.071628223359894,0,"4",0
367,"11",-0.657155434013951,1,"1",0
367,"11",-0.657155434013951,1,"2",0
367,"11",-0.657155434013951,1,"3",0
368,"11",-1.24614827013704,1,"1",0
368,"11",-1.24614827013704,1,"2",0
368,"11",-1.24614827013704,1,"3",0
368,"11",-1.24614827013704,1,"4",1
369,"11",1.48400797587024,0,"1",1
370,"11",1.58632919395341,0,"1",1
371,"11",2.4499098533528,1,"1",0
371,"11",2.4499098533528,1,"2",1
372,"11",0.848794142057313,1,"1",0
372,"11",0.848794142057313,1,"2",0
372,"11",0.848794142057313,1,"3",0
373,"12",0.662248479095268,1,"1",0
373,"12",0.662248479095268,1,"2",0
373,"12",0.662248479095268,1,"3",0
373,"12",0.662248479095268,1,"4",0
373,"12",0.662248479095268,1,"5",1
374,"12",-0.614496717532542,0,"1",0
374,"12",-0.614496717532542,0,"2",0
374,"12",-0.614496717532542,0,"3",0
374,"12",-0.614496717532542,0,"4",0
374,"12",-0.614496717532542,0,"5",0
374,"12",-0.614496717532542,0,"6",0
375,"12",-0.354430114643103,0,"1",0
375,"12",-0.354430114643103,0,"2",0
375,"12",-0.354430114643103,0,"3",0
375,"12",-0.354430114643103,0,"4",0
375,"12",-0.354430114643103,0,"5",0
376,"12",-0.777027031372013,0,"1",0
376,"12",-0.777027031372013,0,"2",0
376,"12",-0.777027031372013,0,"3",0
376,"12",-0.777027031372013,0,"4",0
376,"12",-0.777027031372013,0,"5",0
377,"12",0.851248054135611,0,"1",0
377,"12",0.851248054135611,0,"2",0
377,"12",0.851248054135611,0,"3",1
378,"12",-0.416129664342328,1,"1",0
378,"12",-0.416129664342328,1,"2",0
378,"12",-0.416129664342328,1,"3",0
379,"12",2.16130830907197,0,"1",0
379,"12",2.16130830907197,0,"2",0
379,"12",2.16130830907197,0,"3",0
380,"12",1.47835248565162,0,"1",0
380,"12",1.47835248565162,0,"2",0
380,"12",1.47835248565162,0,"3",0
381,"12",-1.12494810881247,0,"1",0
381,"12",-1.12494810881247,0,"2",0
381,"12",-1.12494810881247,0,"3",0
381,"12",-1.12494810881247,0,"4",0
381,"12",-1.12494810881247,0,"5",0
381,"12",-1.12494810881247,0,"6",0
382,"12",-0.585333208973734,0,"1",0
382,"12",-0.585333208973734,0,"2",0
382,"12",-0.585333208973734,0,"3",0
383,"12",-1.39473202595132,1,"1",0
383,"12",-1.39473202595132,1,"2",0
383,"12",-1.39473202595132,1,"3",0
384,"12",-0.595614980256733,0,"1",1
385,"12",-0.436059103552608,1,"1",0
385,"12",-0.436059103552608,1,"2",0
385,"12",-0.436059103552608,1,"3",0
385,"12",-0.436059103552608,1,"4",0
385,"12",-0.436059103552608,1,"5",0
385,"12",-0.436059103552608,1,"6",0
386,"12",1.97365231187584,0,"1",0
386,"12",1.97365231187584,0,"2",1
387,"12",-1.06935996666029,0,"1",0
387,"12",-1.06935996666029,0,"2",0
387,"12",-1.06935996666029,0,"3",0
388,"12",-0.611564967720866,0,"1",0
388,"12",-0.611564967720866,0,"2",0
388,"12",-0.611564967720866,0,"3",0
388,"12",-0.611564967720866,0,"4",0
388,"12",-0.611564967720866,0,"5",0
389,"12",1.2286803368254,0,"1",0
389,"12",1.2286803368254,0,"2",1
390,"12",0.763211720101019,0,"1",0
390,"12",0.763211720101019,0,"2",0
390,"12",0.763211720101019,0,"3",0
390,"12",0.763211720101019,0,"4",0
390,"12",0.763211720101019,0,"5",1
391,"12",-2.0849159212842,0,"1",0
391,"12",-2.0849159212842,0,"2",0
391,"12",-2.0849159212842,0,"3",0
391,"12",-2.0849159212842,0,"4",0
392,"12",0.453995234175767,0,"1",0
392,"12",0.453995234175767,0,"2",0
392,"12",0.453995234175767,0,"3",1
393,"12",2.48954085485668,1,"1",0
393,"12",2.48954085485668,1,"2",0
393,"12",2.48954085485668,1,"3",0
393,"12",2.48954085485668,1,"4",1
394,"12",1.72869592152676,1,"1",0
394,"12",1.72869592152676,1,"2",1
395,"12",-0.581604682622864,0,"1",0
395,"12",-0.581604682622864,0,"2",0
395,"12",-0.581604682622864,0,"3",0
396,"12",0.890250556703376,0,"1",0
396,"12",0.890250556703376,0,"2",0
396,"12",0.890250556703376,0,"3",0
396,"12",0.890250556703376,0,"4",0
396,"12",0.890250556703376,0,"5",0
396,"12",0.890250556703376,0,"6",0
397,"12",0.144865240797315,0,"1",0
397,"12",0.144865240797315,0,"2",0
397,"12",0.144865240797315,0,"3",0
398,"12",-0.634043253298896,0,"1",0
398,"12",-0.634043253298896,0,"2",0
398,"12",-0.634043253298896,0,"3",0
398,"12",-0.634043253298896,0,"4",0
398,"12",-0.634043253298896,0,"5",0
399,"12",1.34300599219892,1,"1",1
400,"12",0.986374965625274,1,"1",0
400,"12",0.986374965625274,1,"2",0
400,"12",0.986374965625274,1,"3",1
401,"12",-0.136903017906871,1,"1",0
401,"12",-0.136903017906871,1,"2",0
401,"12",-0.136903017906871,1,"3",0
401,"12",-0.136903017906871,1,"4",0
402,"12",1.04837788764306,0,"1",1
403,"12",0.0750363848715902,1,"1",0
403,"12",0.0750363848715902,1,"2",0
403,"12",0.0750363848715902,1,"3",0
404,"12",-0.53051491297979,0,"1",0
404,"12",-0.53051491297979,0,"2",0
404,"12",-0.53051491297979,0,"3",0
404,"12",-0.53051491297979,0,"4",0
404,"12",-0.53051491297979,0,"5",0
404,"12",-0.53051491297979,0,"6",0
405,"12",-0.726684033159274,0,"1",0
405,"12",-0.726684033159274,0,"2",0
405,"12",-0.726684033159274,0,"3",0
405,"12",-0.726684033159274,0,"4",0
405,"12",-0.726684033159274,0,"5",0
406,"12",-0.239374324230375,0,"1",0
406,"12",-0.239374324230375,0,"2",0
406,"12",-0.239374324230375,0,"3",0
406,"12",-0.239374324230375,0,"4",0
406,"12",-0.239374324230375,0,"5",0
407,"12",-1.60671715318993,0,"1",0
407,"12",-1.60671715318993,0,"2",0
407,"12",-1.60671715318993,0,"3",0
407,"12",-1.60671715318993,0,"4",0
408,"12",-0.104553933100571,1,"1",0
408,"12",-0.104553933100571,1,"2",0
408,"12",-0.104553933100571,1,"3",0
408,"12",-0.104553933100571,1,"4",0
408,"12",-0.104553933100571,1,"5",0
408,"12",-0.104553933100571,1,"6",0
409,"12",0.164540355289529,1,"1",0
409,"12",0.164540355289529,1,"2",0
409,"12",0.164540355289529,1,"3",0
409,"12",0.164540355289529,1,"4",0
410,"12",-0.715962839412485,0,"1",0
410,"12",-0.715962839412485,0,"2",0
410,"12",-0.715962839412485,0,"3",0
411,"12",1.23426352131381,0,"1",0
411,"12",1.23426352131381,0,"2",1
412,"12",1.35379581211852,0,"1",0
412,"12",1.35379581211852,0,"2",1
413,"13",1.42464440514399,1,"1",0
413,"13",1.42464440514399,1,"2",0
413,"13",1.42464440514399,1,"3",0
414,"13",0.494819204829711,0,"1",0
414,"13",0.494819204829711,0,"2",0
414,"13",0.494819204829711,0,"3",0
414,"13",0.494819204829711,0,"4",0
414,"13",0.494819204829711,0,"5",0
415,"13",-0.397973511381459,0,"1",0
415,"13",-0.397973511381459,0,"2",0
415,"13",-0.397973511381459,0,"3",0
415,"13",-0.397973511381459,0,"4",0
415,"13",-0.397973511381459,0,"5",0
415,"13",-0.397973511381459,0,"6",0
416,"13",0.458230673026773,1,"1",0
416,"13",0.458230673026773,1,"2",0
416,"13",0.458230673026773,1,"3",0
416,"13",0.458230673026773,1,"4",0
416,"13",0.458230673026773,1,"5",0
417,"13",-0.40653118048732,1,"1",0
417,"13",-0.40653118048732,1,"2",0
417,"13",-0.40653118048732,1,"3",0
417,"13",-0.40653118048732,1,"4",0
418,"13",-0.263557367478093,0,"1",0
418,"13",-0.263557367478093,0,"2",0
418,"13",-0.263557367478093,0,"3",0
418,"13",-0.263557367478093,0,"4",0
418,"13",-0.263557367478093,0,"5",0
418,"13",-0.263557367478093,0,"6",0
419,"13",0.571727861398483,0,"1",0
419,"13",0.571727861398483,0,"2",0
419,"13",0.571727861398483,0,"3",0
419,"13",0.571727861398483,0,"4",0
419,"13",0.571727861398483,0,"5",0
419,"13",0.571727861398483,0,"6",0
420,"13",0.0958036164947612,1,"1",0
420,"13",0.0958036164947612,1,"2",0
420,"13",0.0958036164947612,1,"3",0
420,"13",0.0958036164947612,1,"4",0
420,"13",0.0958036164947612,1,"5",0
421,"13",-0.559490460263839,0,"1",0
421,"13",-0.559490460263839,0,"2",0
421,"13",-0.559490460263839,0,"3",0
422,"13",-0.315890654125184,0,"1",0
422,"13",-0.315890654125184,0,"2",0
422,"13",-0.315890654125184,0,"3",0
423,"13",0.548083954988765,1,"1",0
423,"13",0.548083954988765,1,"2",0
423,"13",0.548083954988765,1,"3",0
423,"13",0.548083954988765,1,"4",0
423,"13",0.548083954988765,1,"5",0
424,"13",-0.46317359481176,0,"1",0
424,"13",-0.46317359481176,0,"2",0
424,"13",-0.46317359481176,0,"3",0
424,"13",-0.46317359481176,0,"4",0
425,"13",-0.461892424661285,1,"1",0
425,"13",-0.461892424661285,1,"2",0
425,"13",-0.461892424661285,1,"3",0
425,"13",-0.461892424661285,1,"4",0
425,"13",-0.461892424661285,1,"5",0
425,"13",-0.461892424661285,1,"6",0
426,"13",-0.476903723511974,0,"1",0
426,"13",-0.476903723511974,0,"2",0
426,"13",-0.476903723511974,0,"3",0
427,"13",-1.93820006776853,1,"1",0
427,"13",-1.93820006776853,1,"2",0
427,"13",-1.93820006776853,1,"3",0
427,"13",-1.93820006776853,1,"4",0
427,"13",-1.93820006776853,1,"5",0
427,"13",-1.93820006776853,1,"6",0
428,"13",0.742119239547702,0,"1",0
428,"13",0.742119239547702,0,"2",0
428,"13",0.742119239547702,0,"3",0
429,"13",-0.745258257936062,0,"1",0
429,"13",-0.745258257936062,0,"2",0
429,"13",-0.745258257936062,0,"3",0
429,"13",-0.745258257936062,0,"4",0
429,"13",-0.745258257936062,0,"5",0
429,"13",-0.745258257936062,0,"6",0
430,"13",0.837884536333323,1,"1",0
430,"13",0.837884536333323,1,"2",0
430,"13",0.837884536333323,1,"3",0
430,"13",0.837884536333323,1,"4",0
430,"13",0.837884536333323,1,"5",0
431,"13",1.04683625741874,1,"1",0
431,"13",1.04683625741874,1,"2",0
431,"13",1.04683625741874,1,"3",1
432,"13",-0.275337435963654,0,"1",0
432,"13",-0.275337435963654,0,"2",0
432,"13",-0.275337435963654,0,"3",0
432,"13",-0.275337435963654,0,"4",0
433,"13",-0.447070584285241,0,"1",0
433,"13",-0.447070584285241,0,"2",0
433,"13",-0.447070584285241,0,"3",0
433,"13",-0.447070584285241,0,"4",0
434,"13",1.07097803665294,0,"1",0
434,"13",1.07097803665294,0,"2",0
434,"13",1.07097803665294,0,"3",0
434,"13",1.07097803665294,0,"4",0
434,"13",1.07097803665294,0,"5",0
435,"13",0.242497970118612,1,"1",0
435,"13",0.242497970118612,1,"2",0
435,"13",0.242497970118612,1,"3",0
435,"13",0.242497970118612,1,"4",0
436,"13",2.2621992653428,0,"1",0
436,"13",2.2621992653428,0,"2",0
436,"13",2.2621992653428,0,"3",0
436,"13",2.2621992653428,0,"4",0
437,"13",0.678915305170233,0,"1",0
437,"13",0.678915305170233,0,"2",0
437,"13",0.678915305170233,0,"3",0
437,"13",0.678915305170233,0,"4",0
437,"13",0.678915305170233,0,"5",1
438,"13",-1.33010401157468,0,"1",0
438,"13",-1.33010401157468,0,"2",0
438,"13",-1.33010401157468,0,"3",0
438,"13",-1.33010401157468,0,"4",0
439,"13",0.602946558064458,0,"1",0
439,"13",0.602946558064458,0,"2",0
439,"13",0.602946558064458,0,"3",0
439,"13",0.602946558064458,0,"4",0
439,"13",0.602946558064458,0,"5",0
439,"13",0.602946558064458,0,"6",0
440,"13",-0.830272254236349,1,"1",0
440,"13",-0.830272254236349,1,"2",1
441,"13",1.49021437938681,1,"1",0
441,"13",1.49021437938681,1,"2",0
441,"13",1.49021437938681,1,"3",0
441,"13",1.49021437938681,1,"4",0
441,"13",1.49021437938681,1,"5",0
441,"13",1.49021437938681,1,"6",1
442,"13",-0.265169780978847,1,"1",0
442,"13",-0.265169780978847,1,"2",0
442,"13",-0.265169780978847,1,"3",0
443,"14",1.31617079725163,1,"1",0
443,"14",1.31617079725163,1,"2",0
443,"14",1.31617079725163,1,"3",1
444,"14",1.12456350731582,1,"1",0
444,"14",1.12456350731582,1,"2",1
445,"14",0.676779990944906,0,"1",0
445,"14",0.676779990944906,0,"2",0
445,"14",0.676779990944906,0,"3",0
445,"14",0.676779990944906,0,"4",0
445,"14",0.676779990944906,0,"5",0
445,"14",0.676779990944906,0,"6",0
446,"14",-0.299144664628881,1,"1",0
446,"14",-0.299144664628881,1,"2",0
446,"14",-0.299144664628881,1,"3",0
446,"14",-0.299144664628881,1,"4",0
446,"14",-0.299144664628881,1,"5",0
447,"14",-0.689339409265441,0,"1",0
447,"14",-0.689339409265441,0,"2",0
447,"14",-0.689339409265441,0,"3",0
448,"14",0.217410782435923,0,"1",0
448,"14",0.217410782435923,0,"2",0
448,"14",0.217410782435923,0,"3",0
449,"14",1.81854643702644,0,"1",0
449,"14",1.81854643702644,0,"2",1
450,"14",1.0409400424221,0,"1",0
450,"14",1.0409400424221,0,"2",0
450,"14",1.0409400424221,0,"3",0
450,"14",1.0409400424221,0,"4",0
450,"14",1.0409400424221,0,"5",0
450,"14",1.0409400424221,0,"6",0
451,"14",0.392881198800739,0,"1",0
451,"14",0.392881198800739,0,"2",0
451,"14",0.392881198800739,0,"3",0
451,"14",0.392881198800739,0,"4",0
451,"14",0.392881198800739,0,"5",0
452,"14",0.413827950645562,1,"1",0
452,"14",0.413827950645562,1,"2",0
452,"14",0.413827950645562,1,"3",0
452,"14",0.413827950645562,1,"4",0
452,"14",0.413827950645562,1,"5",0
453,"14",0.447398816778808,1,"1",0
453,"14",0.447398816778808,1,"2",1
454,"14",-0.949244729470139,1,"1",0
454,"14",-0.949244729470139,1,"2",0
454,"14",-0.949244729470139,1,"3",0
454,"14",-0.949244729470139,1,"4",0
454,"14",-0.949244729470139,1,"5",0
454,"14",-0.949244729470139,1,"6",0
455,"14",0.0580230023988252,1,"1",0
455,"14",0.0580230023988252,1,"2",0
455,"14",0.0580230023988252,1,"3",0
456,"14",1.58183043314454,1,"1",0
456,"14",1.58183043314454,1,"2",1
457,"14",-0.542421615907214,0,"1",0
457,"14",-0.542421615907214,0,"2",0
457,"14",-0.542421615907214,0,"3",0
457,"14",-0.542421615907214,0,"4",0
458,"14",-0.153243030860893,0,"1",0
458,"14",-0.153243030860893,0,"2",0
458,"14",-0.153243030860893,0,"3",0
458,"14",-0.153243030860893,0,"4",0
458,"14",-0.153243030860893,0,"5",0
458,"14",-0.153243030860893,0,"6",1
459,"14",-1.21169578028681,0,"1",0
459,"14",-1.21169578028681,0,"2",0
459,"14",-1.21169578028681,0,"3",0
459,"14",-1.21169578028681,0,"4",0
459,"14",-1.21169578028681,0,"5",0
459,"14",-1.21169578028681,0,"6",0
460,"14",0.0712925633021007,0,"1",0
460,"14",0.0712925633021007,0,"2",1
461,"14",0.426681699124989,0,"1",0
461,"14",0.426681699124989,0,"2",0
461,"14",0.426681699124989,0,"3",0
462,"14",-0.752968442774821,0,"1",0
462,"14",-0.752968442774821,0,"2",0
462,"14",-0.752968442774821,0,"3",0
462,"14",-0.752968442774821,0,"4",0
462,"14",-0.752968442774821,0,"5",0
462,"14",-0.752968442774821,0,"6",0
463,"14",-1.46633422559355,1,"1",0
463,"14",-1.46633422559355,1,"2",0
463,"14",-1.46633422559355,1,"3",0
463,"14",-1.46633422559355,1,"4",0
463,"14",-1.46633422559355,1,"5",0
463,"14",-1.46633422559355,1,"6",0
464,"14",-0.0599542647462524,1,"1",0
464,"14",-0.0599542647462524,1,"2",0
464,"14",-0.0599542647462524,1,"3",0
464,"14",-0.0599542647462524,1,"4",0
464,"14",-0.0599542647462524,1,"5",0
465,"14",-0.940810038078407,0,"1",0
465,"14",-0.940810038078407,0,"2",0
465,"14",-0.940810038078407,0,"3",0
465,"14",-0.940810038078407,0,"4",0
465,"14",-0.940810038078407,0,"5",0
466,"14",0.275109513867179,1,"1",0
466,"14",0.275109513867179,1,"2",0
466,"14",0.275109513867179,1,"3",0
466,"14",0.275109513867179,1,"4",0
466,"14",0.275109513867179,1,"5",0
467,"14",0.37643799520181,0,"1",0
467,"14",0.37643799520181,0,"2",0
467,"14",0.37643799520181,0,"3",0
467,"14",0.37643799520181,0,"4",0
467,"14",0.37643799520181,0,"5",0
467,"14",0.37643799520181,0,"6",0
468,"14",1.12786287806567,0,"1",0
468,"14",1.12786287806567,0,"2",0
468,"14",1.12786287806567,0,"3",0
468,"14",1.12786287806567,0,"4",0
468,"14",1.12786287806567,0,"5",0
469,"14",-1.19801909332116,0,"1",0
469,"14",-1.19801909332116,0,"2",0
469,"14",-1.19801909332116,0,"3",0
469,"14",-1.19801909332116,0,"4",0
469,"14",-1.19801909332116,0,"5",0
470,"14",-1.16569136594985,1,"1",0
470,"14",-1.16569136594985,1,"2",0
470,"14",-1.16569136594985,1,"3",0
470,"14",-1.16569136594985,1,"4",0
470,"14",-1.16569136594985,1,"5",0
470,"14",-1.16569136594985,1,"6",0
471,"14",0.114975604131364,1,"1",0
471,"14",0.114975604131364,1,"2",0
471,"14",0.114975604131364,1,"3",0
471,"14",0.114975604131364,1,"4",0
472,"14",-0.51224790648604,0,"1",0
472,"14",-0.51224790648604,0,"2",0
472,"14",-0.51224790648604,0,"3",0
472,"14",-0.51224790648604,0,"4",0
472,"14",-0.51224790648604,0,"5",0
472,"14",-0.51224790648604,0,"6",0
473,"14",-0.40516051927435,1,"1",0
473,"14",-0.40516051927435,1,"2",0
473,"14",-0.40516051927435,1,"3",0
473,"14",-0.40516051927435,1,"4",0
473,"14",-0.40516051927435,1,"5",0
473,"14",-0.40516051927435,1,"6",0
474,"14",-0.0877382352525643,0,"1",0
474,"14",-0.0877382352525643,0,"2",0
474,"14",-0.0877382352525643,0,"3",0
474,"14",-0.0877382352525643,0,"4",0
474,"14",-0.0877382352525643,0,"5",0
474,"14",-0.0877382352525643,0,"6",0
475,"14",1.9352940069126,1,"1",0
475,"14",1.9352940069126,1,"2",1
476,"14",1.59275347353258,1,"1",0
476,"14",1.59275347353258,1,"2",1
477,"14",-1.82143422704458,1,"1",0
477,"14",-1.82143422704458,1,"2",0
477,"14",-1.82143422704458,1,"3",0
477,"14",-1.82143422704458,1,"4",0
478,"14",1.0679812146139,1,"1",0
478,"14",1.0679812146139,1,"2",0
478,"14",1.0679812146139,1,"3",0
478,"14",1.0679812146139,1,"4",0
479,"14",0.526600326652956,0,"1",0
479,"14",0.526600326652956,0,"2",0
479,"14",0.526600326652956,0,"3",0
479,"14",0.526600326652956,0,"4",0
480,"14",1.16958430024022,0,"1",0
480,"14",1.16958430024022,0,"2",0
480,"14",1.16958430024022,0,"3",0
480,"14",1.16958430024022,0,"4",0
480,"14",1.16958430024022,0,"5",0
480,"14",1.16958430024022,0,"6",1
481,"15",-0.857373119208454,0,"1",0
481,"15",-0.857373119208454,0,"2",0
481,"15",-0.857373119208454,0,"3",0
481,"15",-0.857373119208454,0,"4",0
482,"15",0.494104309954911,0,"1",0
482,"15",0.494104309954911,0,"2",0
482,"15",0.494104309954911,0,"3",0
482,"15",0.494104309954911,0,"4",0
483,"15",0.854799461858391,1,"1",0
483,"15",0.854799461858391,1,"2",0
483,"15",0.854799461858391,1,"3",0
483,"15",0.854799461858391,1,"4",0
483,"15",0.854799461858391,1,"5",0
483,"15",0.854799461858391,1,"6",0
484,"15",1.2548302357361,1,"1",0
484,"15",1.2548302357361,1,"2",0
484,"15",1.2548302357361,1,"3",1
485,"15",-1.02392291546756,0,"1",0
485,"15",-1.02392291546756,0,"2",0
485,"15",-1.02392291546756,0,"3",0
485,"15",-1.02392291546756,0,"4",0
485,"15",-1.02392291546756,0,"5",0
486,"15",-0.715022449033017,0,"1",0
486,"15",-0.715022449033017,0,"2",0
486,"15",-0.715022449033017,0,"3",0
487,"15",0.340898519757222,1,"1",0
487,"15",0.340898519757222,1,"2",1
488,"15",0.629877234971307,0,"1",0
488,"15",0.629877234971307,0,"2",1
489,"15",-0.671190163879065,1,"1",0
489,"15",-0.671190163879065,1,"2",0
489,"15",-0.671190163879065,1,"3",0
490,"15",0.386822518072923,0,"1",0
490,"15",0.386822518072923,0,"2",0
490,"15",0.386822518072923,0,"3",0
490,"15",0.386822518072923,0,"4",0
491,"15",0.531248745292928,1,"1",0
491,"15",0.531248745292928,1,"2",0
491,"15",0.531248745292928,1,"3",1
492,"15",1.09878094646253,1,"1",0
492,"15",1.09878094646253,1,"2",0
492,"15",1.09878094646253,1,"3",0
492,"15",1.09878094646253,1,"4",0
492,"15",1.09878094646253,1,"5",0
493,"15",0.61215081858238,0,"1",0
493,"15",0.61215081858238,0,"2",0
493,"15",0.61215081858238,0,"3",0
493,"15",0.61215081858238,0,"4",1
494,"15",-0.168941337274586,1,"1",0
494,"15",-0.168941337274586,1,"2",0
494,"15",-0.168941337274586,1,"3",0
494,"15",-0.168941337274586,1,"4",0
494,"15",-0.168941337274586,1,"5",0
495,"15",1.47580807838323,0,"1",0
495,"15",1.47580807838323,0,"2",1
496,"15",0.202306831561161,0,"1",0
496,"15",0.202306831561161,0,"2",0
496,"15",0.202306831561161,0,"3",0
496,"15",0.202306831561161,0,"4",0
496,"15",0.202306831561161,0,"5",0
496,"15",0.202306831561161,0,"6",0
497,"15",1.52443906818009,0,"1",1
498,"15",1.66495722123939,1,"1",0
498,"15",1.66495722123939,1,"2",1
499,"15",1.02293492017746,1,"1",0
499,"15",1.02293492017746,1,"2",1
500,"15",-0.203285798609176,0,"1",0
500,"15",-0.203285798609176,0,"2",0
500,"15",-0.203285798609176,0,"3",0
501,"15",-1.0551417716914,1,"1",0
501,"15",-1.0551417716914,1,"2",0
501,"15",-1.0551417716914,1,"3",0
501,"15",-1.0551417716914,1,"4",0
501,"15",-1.0551417716914,1,"5",0
501,"15",-1.0551417716914,1,"6",0
502,"15",-0.126853515571522,0,"1",0
502,"15",-0.126853515571522,0,"2",0
502,"15",-0.126853515571522,0,"3",0
502,"15",-0.126853515571522,0,"4",0
502,"15",-0.126853515571522,0,"5",0
502,"15",-0.126853515571522,0,"6",1
503,"15",-0.285121000349103,1,"1",0
503,"15",-0.285121000349103,1,"2",0
503,"15",-0.285121000349103,1,"3",0
503,"15",-0.285121000349103,1,"4",0
504,"15",0.12812262034429,1,"1",0
504,"15",0.12812262034429,1,"2",0
504,"15",0.12812262034429,1,"3",0
505,"15",-0.721384703880912,1,"1",0
505,"15",-0.721384703880912,1,"2",0
505,"15",-0.721384703880912,1,"3",0
505,"15",-0.721384703880912,1,"4",0
505,"15",-0.721384703880912,1,"5",0
506,"15",-0.603166415978394,0,"1",0
506,"15",-0.603166415978394,0,"2",0
506,"15",-0.603166415978394,0,"3",0
507,"15",0.613939771216316,1,"1",0
507,"15",0.613939771216316,1,"2",0
507,"15",0.613939771216316,1,"3",0
507,"15",0.613939771216316,1,"4",0
507,"15",0.613939771216316,1,"5",0
508,"15",-0.0933695722198996,1,"1",0
508,"15",-0.0933695722198996,1,"2",0
508,"15",-0.0933695722198996,1,"3",0
508,"15",-0.0933695722198996,1,"4",0
509,"16",-0.46041037424659,1,"1",0
509,"16",-0.46041037424659,1,"2",0
509,"16",-0.46041037424659,1,"3",0
509,"16",-0.46041037424659,1,"4",0
510,"16",0.781883632371033,0,"1",0
510,"16",0.781883632371033,0,"2",0
510,"16",0.781883632371033,0,"3",0
510,"16",0.781883632371033,0,"4",0
511,"16",1.52399035524121,0,"1",0
511,"16",1.52399035524121,0,"2",1
512,"16",0.513216118017017,1,"1",0
512,"16",0.513216118017017,1,"2",0
512,"16",0.513216118017017,1,"3",0
513,"16",-0.993099420884198,0,"1",0
513,"16",-0.993099420884198,0,"2",0
513,"16",-0.993099420884198,0,"3",0
513,"16",-0.993099420884198,0,"4",0
514,"16",0.914963909761137,0,"1",0
514,"16",0.914963909761137,0,"2",0
514,"16",0.914963909761137,0,"3",0
514,"16",0.914963909761137,0,"4",0
514,"16",0.914963909761137,0,"5",0
515,"16",-0.500542960248554,1,"1",0
515,"16",-0.500542960248554,1,"2",0
515,"16",-0.500542960248554,1,"3",0
515,"16",-0.500542960248554,1,"4",0
515,"16",-0.500542960248554,1,"5",0
516,"16",1.05220000308457,1,"1",0
516,"16",1.05220000308457,1,"2",0
516,"16",1.05220000308457,1,"3",1
517,"16",-1.91156603596046,1,"1",0
517,"16",-1.91156603596046,1,"2",0
517,"16",-1.91156603596046,1,"3",0
518,"16",-0.584269902662763,1,"1",0
518,"16",-0.584269902662763,1,"2",0
518,"16",-0.584269902662763,1,"3",0
519,"16",-0.236694996877824,1,"1",0
519,"16",-0.236694996877824,1,"2",0
519,"16",-0.236694996877824,1,"3",0
519,"16",-0.236694996877824,1,"4",0
519,"16",-0.236694996877824,1,"5",0
520,"16",-1.20852573119571,1,"1",0
520,"16",-1.20852573119571,1,"2",0
520,"16",-1.20852573119571,1,"3",0
521,"16",-0.0477320406137872,1,"1",0
521,"16",-0.0477320406137872,1,"2",0
521,"16",-0.0477320406137872,1,"3",0
522,"16",-0.0470336565849134,0,"1",0
522,"16",-0.0470336565849134,0,"2",0
522,"16",-0.0470336565849134,0,"3",0
522,"16",-0.0470336565849134,0,"4",0
522,"16",-0.0470336565849134,0,"5",0
523,"16",0.871205826177891,0,"1",0
523,"16",0.871205826177891,0,"2",0
523,"16",0.871205826177891,0,"3",0
524,"16",-0.94760966722892,1,"1",0
524,"16",-0.94760966722892,1,"2",0
524,"16",-0.94760966722892,1,"3",0
524,"16",-0.94760966722892,1,"4",0
524,"16",-0.94760966722892,1,"5",0
524,"16",-0.94760966722892,1,"6",0
525,"16",0.0620065120829476,0,"1",0
525,"16",0.0620065120829476,0,"2",0
525,"16",0.0620065120829476,0,"3",0
525,"16",0.0620065120829476,0,"4",0
526,"16",-0.113412850859814,1,"1",0
526,"16",-0.113412850859814,1,"2",0
526,"16",-0.113412850859814,1,"3",0
527,"16",1.46389323963859,1,"1",0
527,"16",1.46389323963859,1,"2",0
527,"16",1.46389323963859,1,"3",0
527,"16",1.46389323963859,1,"4",0
527,"16",1.46389323963859,1,"5",0
527,"16",1.46389323963859,1,"6",1
528,"16",1.15761712456621,1,"1",0
528,"16",1.15761712456621,1,"2",0
528,"16",1.15761712456621,1,"3",1
529,"16",1.42976080863929,0,"1",0
529,"16",1.42976080863929,0,"2",1
530,"16",-0.333735839168065,1,"1",0
530,"16",-0.333735839168065,1,"2",0
530,"16",-0.333735839168065,1,"3",0
530,"16",-0.333735839168065,1,"4",0
530,"16",-0.333735839168065,1,"5",0
531,"16",0.72323264643818,0,"1",0
531,"16",0.72323264643818,0,"2",0
531,"16",0.72323264643818,0,"3",0
531,"16",0.72323264643818,0,"4",0
531,"16",0.72323264643818,0,"5",0
532,"16",0.261713326559295,1,"1",0
532,"16",0.261713326559295,1,"2",0
532,"16",0.261713326559295,1,"3",0
533,"16",-0.288553992314481,0,"1",0
533,"16",-0.288553992314481,0,"2",0
533,"16",-0.288553992314481,0,"3",0
533,"16",-0.288553992314481,0,"4",0
533,"16",-0.288553992314481,0,"5",0
534,"16",-0.528202797688597,0,"1",0
534,"16",-0.528202797688597,0,"2",0
534,"16",-0.528202797688597,0,"3",0
534,"16",-0.528202797688597,0,"4",0
534,"16",-0.528202797688597,0,"5",0
535,"16",-0.890603289864922,0,"1",0
535,"16",-0.890603289864922,0,"2",0
535,"16",-0.890603289864922,0,"3",0
536,"16",0.625648832046355,0,"1",0
536,"16",0.625648832046355,0,"2",0
536,"16",0.625648832046355,0,"3",0
536,"16",0.625648832046355,0,"4",0
536,"16",0.625648832046355,0,"5",0
537,"16",-0.603743012916616,1,"1",0
537,"16",-0.603743012916616,1,"2",0
537,"16",-0.603743012916616,1,"3",0
537,"16",-0.603743012916616,1,"4",0
538,"16",0.606303812178094,0,"1",0
538,"16",0.606303812178094,0,"2",0
538,"16",0.606303812178094,0,"3",0
538,"16",0.606303812178094,0,"4",0
538,"16",0.606303812178094,0,"5",0
539,"16",-1.68624794244155,0,"1",0
539,"16",-1.68624794244155,0,"2",0
539,"16",-1.68624794244155,0,"3",0
539,"16",-1.68624794244155,0,"4",0
539,"16",-1.68624794244155,0,"5",0
539,"16",-1.68624794244155,0,"6",0
540,"16",0.803914241424997,1,"1",0
540,"16",0.803914241424997,1,"2",0
540,"16",0.803914241424997,1,"3",0
540,"16",0.803914241424997,1,"4",0
540,"16",0.803914241424997,1,"5",0
540,"16",0.803914241424997,1,"6",0
541,"16",0.424721433188941,0,"1",0
541,"16",0.424721433188941,0,"2",0
541,"16",0.424721433188941,0,"3",0
542,"16",0.178299640005089,1,"1",0
542,"16",0.178299640005089,1,"2",0
542,"16",0.178299640005089,1,"3",0
542,"16",0.178299640005089,1,"4",0
542,"16",0.178299640005089,1,"5",1
543,"16",-2.4429857159876,0,"1",0
543,"16",-2.4429857159876,0,"2",0
543,"16",-2.4429857159876,0,"3",0
544,"16",0.187902318917609,0,"1",0
544,"16",0.187902318917609,0,"2",0
544,"16",0.187902318917609,0,"3",0
544,"16",0.187902318917609,0,"4",0
544,"16",0.187902318917609,0,"5",0
545,"16",0.454681216173266,1,"1",0
545,"16",0.454681216173266,1,"2",0
545,"16",0.454681216173266,1,"3",0
545,"16",0.454681216173266,1,"4",0
546,"16",1.11055142956117,1,"1",0
546,"16",1.11055142956117,1,"2",0
546,"16",1.11055142956117,1,"3",0
546,"16",1.11055142956117,1,"4",0
547,"17",0.140472708712198,0,"1",0
547,"17",0.140472708712198,0,"2",0
547,"17",0.140472708712198,0,"3",0
547,"17",0.140472708712198,0,"4",0
548,"17",-0.166720767633162,1,"1",0
548,"17",-0.166720767633162,1,"2",0
548,"17",-0.166720767633162,1,"3",0
549,"17",0.215303268689945,0,"1",0
549,"17",0.215303268689945,0,"2",0
549,"17",0.215303268689945,0,"3",0
550,"17",-0.51158401857172,0,"1",1
551,"17",0.285777276376403,1,"1",0
551,"17",0.285777276376403,1,"2",0
551,"17",0.285777276376403,1,"3",0
552,"17",-0.821214381967968,1,"1",0
552,"17",-0.821214381967968,1,"2",0
552,"17",-0.821214381967968,1,"3",0
552,"17",-0.821214381967968,1,"4",0
553,"17",-0.154337284872237,0,"1",0
553,"17",-0.154337284872237,0,"2",0
553,"17",-0.154337284872237,0,"3",0
554,"17",-0.00859961500029442,0,"1",0
554,"17",-0.00859961500029442,0,"2",0
554,"17",-0.00859961500029442,0,"3",0
554,"17",-0.00859961500029442,0,"4",0
554,"17",-0.00859961500029442,0,"5",0
554,"17",-0.00859961500029442,0,"6",0
555,"17",0.804201640611912,1,"1",0
555,"17",0.804201640611912,1,"2",0
555,"17",0.804201640611912,1,"3",0
555,"17",0.804201640611912,1,"4",0
556,"17",0.925093057898692,1,"1",0
556,"17",0.925093057898692,1,"2",1
557,"17",0.273078376489729,0,"1",0
557,"17",0.273078376489729,0,"2",0
557,"17",0.273078376489729,0,"3",0
557,"17",0.273078376489729,0,"4",0
557,"17",0.273078376489729,0,"5",1
558,"17",-3.07254173036208,1,"1",0
558,"17",-3.07254173036208,1,"2",0
558,"17",-3.07254173036208,1,"3",0
558,"17",-3.07254173036208,1,"4",0
558,"17",-3.07254173036208,1,"5",0
558,"17",-3.07254173036208,1,"6",0
559,"17",2.23269176359028,0,"1",1
560,"17",2.08781100257691,1,"1",0
560,"17",2.08781100257691,1,"2",0
560,"17",2.08781100257691,1,"3",0
561,"17",0.204715480712095,1,"1",0
561,"17",0.204715480712095,1,"2",1
562,"17",-0.85301583863455,0,"1",0
562,"17",-0.85301583863455,0,"2",0
562,"17",-0.85301583863455,0,"3",0
562,"17",-0.85301583863455,0,"4",0
562,"17",-0.85301583863455,0,"5",0
563,"17",-0.300773233316899,1,"1",0
563,"17",-0.300773233316899,1,"2",0
563,"17",-0.300773233316899,1,"3",0
564,"17",-0.552344186374475,1,"1",0
564,"17",-0.552344186374475,1,"2",0
564,"17",-0.552344186374475,1,"3",0
564,"17",-0.552344186374475,1,"4",0
564,"17",-0.552344186374475,1,"5",0
564,"17",-0.552344186374475,1,"6",0
565,"17",-1.10304124056754,1,"1",0
565,"17",-1.10304124056754,1,"2",0
565,"17",-1.10304124056754,1,"3",0
565,"17",-1.10304124056754,1,"4",0
566,"17",-0.154939179943738,0,"1",0
566,"17",-0.154939179943738,0,"2",0
566,"17",-0.154939179943738,0,"3",0
566,"17",-0.154939179943738,0,"4",0
566,"17",-0.154939179943738,0,"5",0
567,"17",1.67504661748466,1,"1",0
567,"17",1.67504661748466,1,"2",0
567,"17",1.67504661748466,1,"3",0
567,"17",1.67504661748466,1,"4",0
568,"17",1.38698766168779,0,"1",0
568,"17",1.38698766168779,0,"2",0
568,"17",1.38698766168779,0,"3",1
569,"17",1.57523255404862,1,"1",0
569,"17",1.57523255404862,1,"2",0
569,"17",1.57523255404862,1,"3",0
569,"17",1.57523255404862,1,"4",0
570,"17",0.847611111837403,0,"1",0
570,"17",0.847611111837403,0,"2",0
570,"17",0.847611111837403,0,"3",0
571,"17",-2.28569011290842,0,"1",0
571,"17",-2.28569011290842,0,"2",0
571,"17",-2.28569011290842,0,"3",0
571,"17",-2.28569011290842,0,"4",0
571,"17",-2.28569011290842,0,"5",0
572,"17",0.513946351902107,0,"1",0
572,"17",0.513946351902107,0,"2",0
572,"17",0.513946351902107,0,"3",0
572,"17",0.513946351902107,0,"4",0
573,"17",-0.762147243223553,1,"1",0
573,"17",-0.762147243223553,1,"2",0
573,"17",-0.762147243223553,1,"3",0
573,"17",-0.762147243223553,1,"4",0
573,"17",-0.762147243223553,1,"5",0
574,"17",-0.997011846878077,1,"1",0
574,"17",-0.997011846878077,1,"2",0
574,"17",-0.997011846878077,1,"3",0
574,"17",-0.997011846878077,1,"4",0
574,"17",-0.997011846878077,1,"5",0
575,"17",-0.545383998884008,1,"1",0
575,"17",-0.545383998884008,1,"2",0
575,"17",-0.545383998884008,1,"3",0
575,"17",-0.545383998884008,1,"4",0
575,"17",-0.545383998884008,1,"5",0
575,"17",-0.545383998884008,1,"6",0
576,"17",-0.692887400850525,1,"1",0
576,"17",-0.692887400850525,1,"2",0
576,"17",-0.692887400850525,1,"3",0
576,"17",-0.692887400850525,1,"4",0
577,"17",0.66189047620563,1,"1",0
577,"17",0.66189047620563,1,"2",0
577,"17",0.66189047620563,1,"3",0
578,"17",0.629298471700963,0,"1",0
578,"17",0.629298471700963,0,"2",1
579,"18",0.337247839166944,0,"1",0
579,"18",0.337247839166944,0,"2",0
579,"18",0.337247839166944,0,"3",1
580,"18",-0.91085671303055,1,"1",0
580,"18",-0.91085671303055,1,"2",0
580,"18",-0.91085671303055,1,"3",1
581,"18",0.620519840620168,0,"1",1
582,"18",0.829775168729123,1,"1",0
582,"18",0.829775168729123,1,"2",0
582,"18",0.829775168729123,1,"3",0
582,"18",0.829775168729123,1,"4",0
582,"18",0.829775168729123,1,"5",0
583,"18",0.770903514194716,1,"1",0
583,"18",0.770903514194716,1,"2",0
583,"18",0.770903514194716,1,"3",0
583,"18",0.770903514194716,1,"4",1
584,"18",1.89938563281517,0,"1",1
585,"18",1.68287827872666,0,"1",1
586,"18",-0.65870777085306,0,"1",0
586,"18",-0.65870777085306,0,"2",1
587,"18",-0.0169360775473328,0,"1",0
587,"18",-0.0169360775473328,0,"2",0
587,"18",-0.0169360775473328,0,"3",0
588,"18",2.12746681257967,1,"1",1
589,"18",0.174605745915331,1,"1",0
589,"18",0.174605745915331,1,"2",1
590,"18",-0.145688331001855,0,"1",0
590,"18",-0.145688331001855,0,"2",0
590,"18",-0.145688331001855,0,"3",0
590,"18",-0.145688331001855,0,"4",0
590,"18",-0.145688331001855,0,"5",0
590,"18",-0.145688331001855,0,"6",0
591,"18",-1.92010193534896,1,"1",0
591,"18",-1.92010193534896,1,"2",0
591,"18",-1.92010193534896,1,"3",0
591,"18",-1.92010193534896,1,"4",0
592,"18",1.16076871098081,1,"1",1
593,"18",0.381323440925506,0,"1",0
593,"18",0.381323440925506,0,"2",0
593,"18",0.381323440925506,0,"3",0
593,"18",0.381323440925506,0,"4",0
593,"18",0.381323440925506,0,"5",1
594,"18",0.0350851590343231,0,"1",0
594,"18",0.0350851590343231,0,"2",0
594,"18",0.0350851590343231,0,"3",0
595,"18",0.41222352012132,1,"1",0
595,"18",0.41222352012132,1,"2",0
595,"18",0.41222352012132,1,"3",0
595,"18",0.41222352012132,1,"4",0
595,"18",0.41222352012132,1,"5",0
596,"18",1.75518845173244,1,"1",0
596,"18",1.75518845173244,1,"2",1
597,"18",2.52433699891092,0,"1",0
597,"18",2.52433699891092,0,"2",0
597,"18",2.52433699891092,0,"3",1
598,"19",0.169584855232189,1,"1",0
598,"19",0.169584855232189,1,"2",1
599,"19",-0.242468308297511,0,"1",0
599,"19",-0.242468308297511,0,"2",0
599,"19",-0.242468308297511,0,"3",0
599,"19",-0.242468308297511,0,"4",0
599,"19",-0.242468308297511,0,"5",0
600,"19",-0.807428825864388,0,"1",0
600,"19",-0.807428825864388,0,"2",0
600,"19",-0.807428825864388,0,"3",0
600,"19",-0.807428825864388,0,"4",1
601,"19",0.555130006419049,1,"1",0
601,"19",0.555130006419049,1,"2",0
601,"19",0.555130006419049,1,"3",0
601,"19",0.555130006419049,1,"4",0
601,"19",0.555130006419049,1,"5",0
602,"19",-0.261694938437086,0,"1",0
602,"19",-0.261694938437086,0,"2",0
602,"19",-0.261694938437086,0,"3",0
603,"19",0.638401070791041,1,"1",0
603,"19",0.638401070791041,1,"2",0
603,"19",0.638401070791041,1,"3",0
603,"19",0.638401070791041,1,"4",0
603,"19",0.638401070791041,1,"5",0
604,"19",0.0746808675296997,1,"1",0
604,"19",0.0746808675296997,1,"2",0
604,"19",0.0746808675296997,1,"3",0
605,"19",1.50193553968038,0,"1",0
605,"19",1.50193553968038,0,"2",0
605,"19",1.50193553968038,0,"3",1
606,"19",1.80520521897901,1,"1",0
606,"19",1.80520521897901,1,"2",0
606,"19",1.80520521897901,1,"3",0
606,"19",1.80520521897901,1,"4",0
607,"19",-0.976971627006518,0,"1",0
607,"19",-0.976971627006518,0,"2",0
607,"19",-0.976971627006518,0,"3",0
608,"19",-1.23049057429713,1,"1",0
608,"19",-1.23049057429713,1,"2",0
608,"19",-1.23049057429713,1,"3",1
609,"19",-0.919964759171885,1,"1",0
609,"19",-0.919964759171885,1,"2",0
609,"19",-0.919964759171885,1,"3",0
609,"19",-0.919964759171885,1,"4",0
609,"19",-0.919964759171885,1,"5",0
609,"19",-0.919964759171885,1,"6",0
610,"19",0.302135247166374,1,"1",0
610,"19",0.302135247166374,1,"2",0
610,"19",0.302135247166374,1,"3",0
611,"19",-0.238804471248951,0,"1",0
611,"19",-0.238804471248951,0,"2",0
611,"19",-0.238804471248951,0,"3",1
612,"19",-0.0905431760531351,0,"1",0
612,"19",-0.0905431760531351,0,"2",0
612,"19",-0.0905431760531351,0,"3",0
612,"19",-0.0905431760531351,0,"4",0
612,"19",-0.0905431760531351,0,"5",0
612,"19",-0.0905431760531351,0,"6",0
613,"19",0.0898094885848255,1,"1",0
613,"19",0.0898094885848255,1,"2",0
613,"19",0.0898094885848255,1,"3",0
613,"19",0.0898094885848255,1,"4",0
614,"19",-1.11775109490667,0,"1",0
614,"19",-1.11775109490667,0,"2",0
614,"19",-1.11775109490667,0,"3",0
614,"19",-1.11775109490667,0,"4",0
614,"19",-1.11775109490667,0,"5",0
614,"19",-1.11775109490667,0,"6",0
615,"19",1.53530616622067,0,"1",0
615,"19",1.53530616622067,0,"2",0
615,"19",1.53530616622067,0,"3",0
615,"19",1.53530616622067,0,"4",0
615,"19",1.53530616622067,0,"5",0
616,"19",0.672835196085846,1,"1",0
616,"19",0.672835196085846,1,"2",0
616,"19",0.672835196085846,1,"3",0
616,"19",0.672835196085846,1,"4",0
617,"19",-0.873423480643283,0,"1",0
617,"19",-0.873423480643283,0,"2",0
617,"19",-0.873423480643283,0,"3",0
617,"19",-0.873423480643283,0,"4",0
618,"19",0.885713019365206,0,"1",1
619,"19",0.101549115824392,1,"1",0
619,"19",0.101549115824392,1,"2",0
619,"19",0.101549115824392,1,"3",0
619,"19",0.101549115824392,1,"4",0
619,"19",0.101549115824392,1,"5",0
620,"19",-0.556733581536817,0,"1",0
620,"19",-0.556733581536817,0,"2",0
620,"19",-0.556733581536817,0,"3",0
621,"19",-2.10503661788897,1,"1",0
621,"19",-2.10503661788897,1,"2",0
621,"19",-2.10503661788897,1,"3",0
621,"19",-2.10503661788897,1,"4",0
621,"19",-2.10503661788897,1,"5",0
621,"19",-2.10503661788897,1,"6",0
622,"19",0.422239093241535,0,"1",0
622,"19",0.422239093241535,0,"2",0
622,"19",0.422239093241535,0,"3",0
623,"19",1.96024792863349,1,"1",0
623,"19",1.96024792863349,1,"2",0
623,"19",1.96024792863349,1,"3",0
623,"19",1.96024792863349,1,"4",0
623,"19",1.96024792863349,1,"5",1
624,"19",-0.857514898424691,0,"1",0
624,"19",-0.857514898424691,0,"2",0
624,"19",-0.857514898424691,0,"3",0
624,"19",-0.857514898424691,0,"4",0
624,"19",-0.857514898424691,0,"5",0
624,"19",-0.857514898424691,0,"6",0
625,"19",-0.651876356461215,0,"1",0
625,"19",-0.651876356461215,0,"2",0
625,"19",-0.651876356461215,0,"3",0
625,"19",-0.651876356461215,0,"4",0
625,"19",-0.651876356461215,0,"5",0
625,"19",-0.651876356461215,0,"6",0
626,"19",1.2556105951537,0,"1",0
626,"19",1.2556105951537,0,"2",0
626,"19",1.2556105951537,0,"3",0
626,"19",1.2556105951537,0,"4",0
627,"19",-0.257211246689954,0,"1",0
627,"19",-0.257211246689954,0,"2",0
627,"19",-0.257211246689954,0,"3",1
628,"19",-0.303494170947004,1,"1",0
628,"19",-0.303494170947004,1,"2",0
628,"19",-0.303494170947004,1,"3",0
628,"19",-0.303494170947004,1,"4",0
628,"19",-0.303494170947004,1,"5",0
628,"19",-0.303494170947004,1,"6",0
629,"19",-0.253812122587361,1,"1",0
629,"19",-0.253812122587361,1,"2",0
629,"19",-0.253812122587361,1,"3",1
630,"20",0.584765036790135,1,"1",0
630,"20",0.584765036790135,1,"2",0
630,"20",0.584765036790135,1,"3",0
630,"20",0.584765036790135,1,"4",0
630,"20",0.584765036790135,1,"5",0
631,"20",-0.541474132512941,0,"1",0
631,"20",-0.541474132512941,0,"2",0
631,"20",-0.541474132512941,0,"3",0
632,"20",0.29893812321687,0,"1",0
632,"20",0.29893812321687,0,"2",0
632,"20",0.29893812321687,0,"3",0
632,"20",0.29893812321687,0,"4",0
632,"20",0.29893812321687,0,"5",0
632,"20",0.29893812321687,0,"6",0
633,"20",0.686519992828762,1,"1",0
633,"20",0.686519992828762,1,"2",0
633,"20",0.686519992828762,1,"3",0
633,"20",0.686519992828762,1,"4",0
634,"20",1.89416908814278,1,"1",0
634,"20",1.89416908814278,1,"2",1
635,"20",-0.219835828329435,1,"1",0
635,"20",-0.219835828329435,1,"2",0
635,"20",-0.219835828329435,1,"3",0
635,"20",-0.219835828329435,1,"4",0
636,"20",-1.12742346646099,0,"1",0
636,"20",-1.12742346646099,0,"2",0
636,"20",-1.12742346646099,0,"3",0
636,"20",-1.12742346646099,0,"4",0
636,"20",-1.12742346646099,0,"5",0
637,"20",1.48502295581993,0,"1",0
637,"20",1.48502295581993,0,"2",0
637,"20",1.48502295581993,0,"3",1
638,"20",0.0986021142480878,0,"1",0
638,"20",0.0986021142480878,0,"2",0
638,"20",0.0986021142480878,0,"3",0
638,"20",0.0986021142480878,0,"4",0
638,"20",0.0986021142480878,0,"5",0
638,"20",0.0986021142480878,0,"6",0
639,"20",2.35070725233737,0,"1",0
639,"20",2.35070725233737,0,"2",0
639,"20",2.35070725233737,0,"3",1
640,"20",1.31170887630317,1,"1",0
640,"20",1.31170887630317,1,"2",0
640,"20",1.31170887630317,1,"3",0
640,"20",1.31170887630317,1,"4",0
640,"20",1.31170887630317,1,"5",0
641,"20",0.176224744183416,0,"1",0
641,"20",0.176224744183416,0,"2",0
641,"20",0.176224744183416,0,"3",0
641,"20",0.176224744183416,0,"4",0
641,"20",0.176224744183416,0,"5",0
642,"20",-0.761143302374268,1,"1",0
642,"20",-0.761143302374268,1,"2",0
642,"20",-0.761143302374268,1,"3",0
642,"20",-0.761143302374268,1,"4",0
642,"20",-0.761143302374268,1,"5",0
643,"20",0.444262909754849,1,"1",0
643,"20",0.444262909754849,1,"2",0
643,"20",0.444262909754849,1,"3",0
643,"20",0.444262909754849,1,"4",0
643,"20",0.444262909754849,1,"5",0
644,"20",1.78363685368274,1,"1",1
645,"20",1.12680233284073,0,"1",0
645,"20",1.12680233284073,0,"2",0
645,"20",1.12680233284073,0,"3",1
646,"20",-0.498816386552592,0,"1",0
646,"20",-0.498816386552592,0,"2",0
646,"20",-0.498816386552592,0,"3",0
647,"20",-0.651328511147576,0,"1",0
647,"20",-0.651328511147576,0,"2",0
647,"20",-0.651328511147576,0,"3",0
647,"20",-0.651328511147576,0,"4",0
647,"20",-0.651328511147576,0,"5",0
648,"20",-1.39477071823221,0,"1",0
648,"20",-1.39477071823221,0,"2",0
648,"20",-1.39477071823221,0,"3",0
649,"20",0.637717981453323,0,"1",0
649,"20",0.637717981453323,0,"2",0
649,"20",0.637717981453323,0,"3",0
650,"20",-1.9561977076988,1,"1",0
650,"20",-1.9561977076988,1,"2",0
650,"20",-1.9561977076988,1,"3",0
651,"20",1.60860384268613,0,"1",0
651,"20",1.60860384268613,0,"2",0
651,"20",1.60860384268613,0,"3",0
651,"20",1.60860384268613,0,"4",1
652,"20",-0.499083298556573,1,"1",0
652,"20",-0.499083298556573,1,"2",0
652,"20",-0.499083298556573,1,"3",0
652,"20",-0.499083298556573,1,"4",0
653,"20",1.54100395067912,0,"1",1
654,"20",2.68293844348877,0,"1",1
655,"20",0.316791881907288,1,"1",0
655,"20",0.316791881907288,1,"2",0
655,"20",0.316791881907288,1,"3",0
655,"20",0.316791881907288,1,"4",0
655,"20",0.316791881907288,1,"5",0
655,"20",0.316791881907288,1,"6",0
656,"20",-1.18744146194195,1,"1",0
656,"20",-1.18744146194195,1,"2",0
656,"20",-1.18744146194195,1,"3",0
656,"20",-1.18744146194195,1,"4",0
656,"20",-1.18744146194195,1,"5",0
657,"20",-0.23475155273473,0,"1",0
657,"20",-0.23475155273473,0,"2",0
657,"20",-0.23475155273473,0,"3",1
658,"20",0.535520544121802,1,"1",0
658,"20",0.535520544121802,1,"2",0
658,"20",0.535520544121802,1,"3",0
659,"20",0.441068975166056,0,"1",0
659,"20",0.441068975166056,0,"2",0
659,"20",0.441068975166056,0,"3",0
659,"20",0.441068975166056,0,"4",0
659,"20",0.441068975166056,0,"5",1
660,"20",1.22214986317327,0,"1",0
660,"20",1.22214986317327,0,"2",1
661,"20",-0.119770088367148,1,"1",0
661,"20",-0.119770088367148,1,"2",0
661,"20",-0.119770088367148,1,"3",1
662,"21",0.00670615287822834,1,"1",0
662,"21",0.00670615287822834,1,"2",0
662,"21",0.00670615287822834,1,"3",0
662,"21",0.00670615287822834,1,"4",0
663,"21",-0.459989175063212,1,"1",0
663,"21",-0.459989175063212,1,"2",0
663,"21",-0.459989175063212,1,"3",0
663,"21",-0.459989175063212,1,"4",0
663,"21",-0.459989175063212,1,"5",0
664,"21",-0.571781413149387,0,"1",0
664,"21",-0.571781413149387,0,"2",0
664,"21",-0.571781413149387,0,"3",1
665,"21",-0.250523811542854,0,"1",0
665,"21",-0.250523811542854,0,"2",0
665,"21",-0.250523811542854,0,"3",0
666,"21",-0.680579769818744,0,"1",0
666,"21",-0.680579769818744,0,"2",0
666,"21",-0.680579769818744,0,"3",0
666,"21",-0.680579769818744,0,"4",1
667,"21",1.32753519150042,1,"1",0
667,"21",1.32753519150042,1,"2",0
667,"21",1.32753519150042,1,"3",0
667,"21",1.32753519150042,1,"4",0
668,"21",-0.788197976503555,1,"1",0
668,"21",-0.788197976503555,1,"2",0
668,"21",-0.788197976503555,1,"3",0
668,"21",-0.788197976503555,1,"4",0
669,"21",0.959838731371599,1,"1",0
669,"21",0.959838731371599,1,"2",0
669,"21",0.959838731371599,1,"3",0
669,"21",0.959838731371599,1,"4",1
670,"21",0.572083814694594,0,"1",0
670,"21",0.572083814694594,0,"2",0
670,"21",0.572083814694594,0,"3",0
670,"21",0.572083814694594,0,"4",0
670,"21",0.572083814694594,0,"5",0
670,"21",0.572083814694594,0,"6",0
671,"21",-0.87014089510656,0,"1",0
671,"21",-0.87014089510656,0,"2",0
671,"21",-0.87014089510656,0,"3",0
671,"21",-0.87014089510656,0,"4",0
672,"21",0.815013084686438,0,"1",0
672,"21",0.815013084686438,0,"2",0
672,"21",0.815013084686438,0,"3",0
672,"21",0.815013084686438,0,"4",1
673,"21",0.621364380731314,1,"1",0
673,"21",0.621364380731314,1,"2",0
673,"21",0.621364380731314,1,"3",0
673,"21",0.621364380731314,1,"4",0
674,"21",-0.467583798572188,0,"1",0
674,"21",-0.467583798572188,0,"2",0
674,"21",-0.467583798572188,0,"3",0
674,"21",-0.467583798572188,0,"4",0
674,"21",-0.467583798572188,0,"5",0
674,"21",-0.467583798572188,0,"6",0
675,"21",1.1841505209974,0,"1",0
675,"21",1.1841505209974,0,"2",1
676,"21",0.529162011496129,0,"1",0
676,"21",0.529162011496129,0,"2",0
676,"21",0.529162011496129,0,"3",0
676,"21",0.529162011496129,0,"4",0
676,"21",0.529162011496129,0,"5",0
677,"21",0.199277843669886,0,"1",0
677,"21",0.199277843669886,0,"2",0
677,"21",0.199277843669886,0,"3",0
677,"21",0.199277843669886,0,"4",0
677,"21",0.199277843669886,0,"5",0
677,"21",0.199277843669886,0,"6",0
678,"21",0.504064863314141,1,"1",0
678,"21",0.504064863314141,1,"2",0
678,"21",0.504064863314141,1,"3",0
678,"21",0.504064863314141,1,"4",0
678,"21",0.504064863314141,1,"5",0
679,"21",-1.4454363718679,1,"1",0
679,"21",-1.4454363718679,1,"2",0
679,"21",-1.4454363718679,1,"3",0
680,"21",-0.00151280567628268,1,"1",0
680,"21",-0.00151280567628268,1,"2",0
680,"21",-0.00151280567628268,1,"3",0
680,"21",-0.00151280567628268,1,"4",0
680,"21",-0.00151280567628268,1,"5",0
680,"21",-0.00151280567628268,1,"6",0
681,"21",0.690104521051326,1,"1",0
681,"21",0.690104521051326,1,"2",0
681,"21",0.690104521051326,1,"3",0
681,"21",0.690104521051326,1,"4",0
682,"21",0.00836453134092548,1,"1",1
683,"21",-0.331505862367635,0,"1",0
683,"21",-0.331505862367635,0,"2",0
683,"21",-0.331505862367635,0,"3",0
683,"21",-0.331505862367635,0,"4",0
683,"21",-0.331505862367635,0,"5",0
684,"21",0.835618723359721,1,"1",0
684,"21",0.835618723359721,1,"2",0
684,"21",0.835618723359721,1,"3",0
684,"21",0.835618723359721,1,"4",0
684,"21",0.835618723359721,1,"5",0
684,"21",0.835618723359721,1,"6",0
685,"21",2.36831078198142,1,"1",0
685,"21",2.36831078198142,1,"2",0
685,"21",2.36831078198142,1,"3",0
685,"21",2.36831078198142,1,"4",0
686,"21",1.00280344684713,0,"1",0
686,"21",1.00280344684713,0,"2",0
686,"21",1.00280344684713,0,"3",0
686,"21",1.00280344684713,0,"4",0
687,"21",0.252546185328464,0,"1",0
687,"21",0.252546185328464,0,"2",0
687,"21",0.252546185328464,0,"3",0
687,"21",0.252546185328464,0,"4",0
687,"21",0.252546185328464,0,"5",1
688,"21",-1.16010776455315,0,"1",0
688,"21",-1.16010776455315,0,"2",0
688,"21",-1.16010776455315,0,"3",0
688,"21",-1.16010776455315,0,"4",0
688,"21",-1.16010776455315,0,"5",0
689,"21",-1.09249140411355,0,"1",0
689,"21",-1.09249140411355,0,"2",0
689,"21",-1.09249140411355,0,"3",0
689,"21",-1.09249140411355,0,"4",0
690,"21",-0.332449900688792,0,"1",0
690,"21",-0.332449900688792,0,"2",1
691,"21",-1.06294620441482,1,"1",0
691,"21",-1.06294620441482,1,"2",0
691,"21",-1.06294620441482,1,"3",0
691,"21",-1.06294620441482,1,"4",0
691,"21",-1.06294620441482,1,"5",0
692,"21",-0.472991277323233,0,"1",0
692,"21",-0.472991277323233,0,"2",0
692,"21",-0.472991277323233,0,"3",0
692,"21",-0.472991277323233,0,"4",0
692,"21",-0.472991277323233,0,"5",0
692,"21",-0.472991277323233,0,"6",0
693,"21",-0.219814038146414,1,"1",0
693,"21",-0.219814038146414,1,"2",1
694,"22",0.692162310701471,1,"1",0
694,"22",0.692162310701471,1,"2",0
694,"22",0.692162310701471,1,"3",0
694,"22",0.692162310701471,1,"4",1
695,"22",-1.23639800810146,0,"1",0
695,"22",-1.23639800810146,0,"2",0
695,"22",-1.23639800810146,0,"3",0
696,"22",0.669418349118443,0,"1",0
696,"22",0.669418349118443,0,"2",0
696,"22",0.669418349118443,0,"3",0
696,"22",0.669418349118443,0,"4",0
696,"22",0.669418349118443,0,"5",0
696,"22",0.669418349118443,0,"6",0
697,"22",-1.05811826538637,1,"1",0
697,"22",-1.05811826538637,1,"2",0
697,"22",-1.05811826538637,1,"3",0
698,"22",-0.0441632236059914,0,"1",0
698,"22",-0.0441632236059914,0,"2",0
698,"22",-0.0441632236059914,0,"3",0
699,"22",-1.47958548108138,0,"1",0
699,"22",-1.47958548108138,0,"2",0
699,"22",-1.47958548108138,0,"3",0
700,"22",1.65358962431898,0,"1",0
700,"22",1.65358962431898,0,"2",0
700,"22",1.65358962431898,0,"3",0
700,"22",1.65358962431898,0,"4",1
701,"22",-0.163586823842349,0,"1",0
701,"22",-0.163586823842349,0,"2",0
701,"22",-0.163586823842349,0,"3",0
701,"22",-0.163586823842349,0,"4",0
702,"22",0.207457219842177,0,"1",0
702,"22",0.207457219842177,0,"2",0
702,"22",0.207457219842177,0,"3",0
703,"22",-0.583812294130519,1,"1",0
703,"22",-0.583812294130519,1,"2",0
703,"22",-0.583812294130519,1,"3",0
703,"22",-0.583812294130519,1,"4",0
703,"22",-0.583812294130519,1,"5",0
703,"22",-0.583812294130519,1,"6",0
704,"22",0.0524148991378808,0,"1",0
704,"22",0.0524148991378808,0,"2",0
704,"22",0.0524148991378808,0,"3",0
704,"22",0.0524148991378808,0,"4",1
705,"22",1.25533118826147,0,"1",0
705,"22",1.25533118826147,0,"2",0
705,"22",1.25533118826147,0,"3",0
705,"22",1.25533118826147,0,"4",0
705,"22",1.25533118826147,0,"5",0
705,"22",1.25533118826147,0,"6",1
706,"22",-1.58856063506162,0,"1",0
706,"22",-1.58856063506162,0,"2",0
706,"22",-1.58856063506162,0,"3",0
706,"22",-1.58856063506162,0,"4",0
706,"22",-1.58856063506162,0,"5",0
707,"22",-0.102425779119491,0,"1",0
707,"22",-0.102425779119491,0,"2",0
707,"22",-0.102425779119491,0,"3",0
707,"22",-0.102425779119491,0,"4",0
707,"22",-0.102425779119491,0,"5",0
708,"22",-1.10048753818487,0,"1",0
708,"22",-1.10048753818487,0,"2",0
708,"22",-1.10048753818487,0,"3",0
708,"22",-1.10048753818487,0,"4",0
708,"22",-1.10048753818487,0,"5",0
709,"22",-0.725303570234332,1,"1",0
709,"22",-0.725303570234332,1,"2",0
709,"22",-0.725303570234332,1,"3",0
709,"22",-0.725303570234332,1,"4",0
710,"22",1.02652375062184,0,"1",0
710,"22",1.02652375062184,0,"2",0
710,"22",1.02652375062184,0,"3",0
710,"22",1.02652375062184,0,"4",0
711,"22",-0.538848244522506,1,"1",0
711,"22",-0.538848244522506,1,"2",0
711,"22",-0.538848244522506,1,"3",0
712,"22",0.470688580506262,0,"1",0
712,"22",0.470688580506262,0,"2",1
713,"22",-0.146498611781584,0,"1",0
713,"22",-0.146498611781584,0,"2",0
713,"22",-0.146498611781584,0,"3",0
713,"22",-0.146498611781584,0,"4",0
713,"22",-0.146498611781584,0,"5",0
713,"22",-0.146498611781584,0,"6",0
714,"22",0.0283630845003734,0,"1",0
714,"22",0.0283630845003734,0,"2",0
714,"22",0.0283630845003734,0,"3",0
715,"22",-1.03900096310971,1,"1",0
715,"22",-1.03900096310971,1,"2",0
715,"22",-1.03900096310971,1,"3",0
715,"22",-1.03900096310971,1,"4",0
715,"22",-1.03900096310971,1,"5",0
716,"22",0.144011600344546,0,"1",0
716,"22",0.144011600344546,0,"2",1
717,"22",-1.21509773702786,0,"1",0
717,"22",-1.21509773702786,0,"2",0
717,"22",-1.21509773702786,0,"3",0
718,"22",0.601612501603316,0,"1",0
718,"22",0.601612501603316,0,"2",1
719,"22",-0.753139271757396,0,"1",0
719,"22",-0.753139271757396,0,"2",0
719,"22",-0.753139271757396,0,"3",0
719,"22",-0.753139271757396,0,"4",0
719,"22",-0.753139271757396,0,"5",1
720,"22",0.363759484213286,1,"1",0
720,"22",0.363759484213286,1,"2",0
720,"22",0.363759484213286,1,"3",0
720,"22",0.363759484213286,1,"4",1
721,"22",1.62832810587505,0,"1",1
722,"22",-1.7216831130042,0,"1",0
722,"22",-1.7216831130042,0,"2",0
722,"22",-1.7216831130042,0,"3",0
723,"22",-0.142779978275911,1,"1",0
723,"22",-0.142779978275911,1,"2",0
723,"22",-0.142779978275911,1,"3",0
724,"22",-1.1202912918781,0,"1",0
724,"22",-1.1202912918781,0,"2",0
724,"22",-1.1202912918781,0,"3",0
724,"22",-1.1202912918781,0,"4",0
724,"22",-1.1202912918781,0,"5",0
725,"22",-0.365333427850052,0,"1",0
725,"22",-0.365333427850052,0,"2",0
725,"22",-0.365333427850052,0,"3",0
725,"22",-0.365333427850052,0,"4",0
725,"22",-0.365333427850052,0,"5",0
726,"22",0.00229679433017967,1,"1",0
726,"22",0.00229679433017967,1,"2",0
726,"22",0.00229679433017967,1,"3",0
726,"22",0.00229679433017967,1,"4",1
727,"22",-0.722549024957062,0,"1",0
727,"22",-0.722549024957062,0,"2",0
727,"22",-0.722549024957062,0,"3",0
727,"22",-0.722549024957062,0,"4",0
728,"22",-1.56976713001689,0,"1",0
728,"22",-1.56976713001689,0,"2",0
728,"22",-1.56976713001689,0,"3",0
728,"22",-1.56976713001689,0,"4",0
729,"22",1.73857854349107,0,"1",0
729,"22",1.73857854349107,0,"2",0
729,"22",1.73857854349107,0,"3",0
730,"22",0.947385475725846,0,"1",0
730,"22",0.947385475725846,0,"2",0
730,"22",0.947385475725846,0,"3",1
731,"23",-0.97273138322711,1,"1",0
731,"23",-0.97273138322711,1,"2",0
731,"23",-0.97273138322711,1,"3",0
732,"23",1.09301919036482,0,"1",1
733,"23",1.46816741536017,1,"1",0
733,"23",1.46816741536017,1,"2",1
734,"23",-0.974028978449957,0,"1",0
734,"23",-0.974028978449957,0,"2",0
734,"23",-0.974028978449957,0,"3",0
734,"23",-0.974028978449957,0,"4",0
734,"23",-0.974028978449957,0,"5",0
735,"23",-0.540283660940295,1,"1",0
735,"23",-0.540283660940295,1,"2",0
735,"23",-0.540283660940295,1,"3",0
736,"23",-0.287132498551655,0,"1",0
736,"23",-0.287132498551655,0,"2",0
736,"23",-0.287132498551655,0,"3",0
737,"23",1.79788632412166,1,"1",0
737,"23",1.79788632412166,1,"2",1
738,"23",-0.356909803438346,1,"1",0
738,"23",-0.356909803438346,1,"2",0
738,"23",-0.356909803438346,1,"3",0
738,"23",-0.356909803438346,1,"4",0
739,"23",-0.204613094500164,1,"1",0
739,"23",-0.204613094500164,1,"2",0
739,"23",-0.204613094500164,1,"3",1
740,"23",0.650173092365535,0,"1",0
740,"23",0.650173092365535,0,"2",1
741,"23",-0.751430730565448,0,"1",0
741,"23",-0.751430730565448,0,"2",0
741,"23",-0.751430730565448,0,"3",0
742,"23",0.924145192239095,0,"1",1
743,"23",-1.61628934577816,0,"1",0
743,"23",-1.61628934577816,0,"2",0
743,"23",-1.61628934577816,0,"3",0
743,"23",-1.61628934577816,0,"4",0
743,"23",-1.61628934577816,0,"5",0
744,"23",-3.07510143241213,0,"1",0
744,"23",-3.07510143241213,0,"2",0
744,"23",-3.07510143241213,0,"3",0
745,"23",2.15256865607231,0,"1",1
746,"23",-1.07144954045213,0,"1",0
746,"23",-1.07144954045213,0,"2",0
746,"23",-1.07144954045213,0,"3",0
746,"23",-1.07144954045213,0,"4",0
747,"23",-2.85234921750704,0,"1",0
747,"23",-2.85234921750704,0,"2",0
747,"23",-2.85234921750704,0,"3",0
747,"23",-2.85234921750704,0,"4",0
747,"23",-2.85234921750704,0,"5",0
747,"23",-2.85234921750704,0,"6",0
748,"23",-1.51951537123967,0,"1",0
748,"23",-1.51951537123967,0,"2",0
748,"23",-1.51951537123967,0,"3",0
748,"23",-1.51951537123967,0,"4",0
748,"23",-1.51951537123967,0,"5",0
748,"23",-1.51951537123967,0,"6",0
749,"23",0.974382123279408,1,"1",0
749,"23",0.974382123279408,1,"2",0
749,"23",0.974382123279408,1,"3",1
750,"23",-1.56249902093713,0,"1",0
750,"23",-1.56249902093713,0,"2",0
750,"23",-1.56249902093713,0,"3",0
750,"23",-1.56249902093713,0,"4",1
751,"23",0.0959734469252068,0,"1",0
751,"23",0.0959734469252068,0,"2",0
751,"23",0.0959734469252068,0,"3",0
751,"23",0.0959734469252068,0,"4",0
751,"23",0.0959734469252068,0,"5",1
752,"23",-1.62156249510055,1,"1",0
752,"23",-1.62156249510055,1,"2",0
752,"23",-1.62156249510055,1,"3",0
752,"23",-1.62156249510055,1,"4",0
753,"23",-0.116867067819779,1,"1",0
753,"23",-0.116867067819779,1,"2",0
753,"23",-0.116867067819779,1,"3",0
753,"23",-0.116867067819779,1,"4",0
753,"23",-0.116867067819779,1,"5",1
754,"23",-0.338546158091185,1,"1",0
754,"23",-0.338546158091185,1,"2",0
754,"23",-0.338546158091185,1,"3",0
754,"23",-0.338546158091185,1,"4",0
754,"23",-0.338546158091185,1,"5",0
754,"23",-0.338546158091185,1,"6",1
755,"23",-0.181292376993353,0,"1",0
755,"23",-0.181292376993353,0,"2",0
755,"23",-0.181292376993353,0,"3",1
756,"23",1.42596029351778,0,"1",0
756,"23",1.42596029351778,0,"2",1
757,"23",1.93680811481483,1,"1",1
758,"24",-1.1515648430577,0,"1",0
758,"24",-1.1515648430577,0,"2",0
758,"24",-1.1515648430577,0,"3",0
758,"24",-1.1515648430577,0,"4",0
759,"24",-1.58723964430209,0,"1",0
759,"24",-1.58723964430209,0,"2",0
759,"24",-1.58723964430209,0,"3",0
759,"24",-1.58723964430209,0,"4",0
759,"24",-1.58723964430209,0,"5",0
759,"24",-1.58723964430209,0,"6",0
760,"24",-0.255527282579517,0,"1",0
760,"24",-0.255527282579517,0,"2",1
761,"24",-0.234785389168477,0,"1",0
761,"24",-0.234785389168477,0,"2",0
761,"24",-0.234785389168477,0,"3",1
762,"24",-0.606958954997901,1,"1",0
762,"24",-0.606958954997901,1,"2",0
762,"24",-0.606958954997901,1,"3",0
762,"24",-0.606958954997901,1,"4",0
762,"24",-0.606958954997901,1,"5",0
763,"24",-0.00880026724709125,1,"1",0
763,"24",-0.00880026724709125,1,"2",0
763,"24",-0.00880026724709125,1,"3",0
764,"24",0.126873638723132,1,"1",0
764,"24",0.126873638723132,1,"2",0
764,"24",0.126873638723132,1,"3",0
764,"24",0.126873638723132,1,"4",0
764,"24",0.126873638723132,1,"5",0
764,"24",0.126873638723132,1,"6",0
765,"24",-0.162577494794,0,"1",0
765,"24",-0.162577494794,0,"2",0
765,"24",-0.162577494794,0,"3",0
765,"24",-0.162577494794,0,"4",1
766,"24",-0.87994541018803,0,"1",1
767,"24",-0.0225985253239212,1,"1",0
767,"24",-0.0225985253239212,1,"2",0
767,"24",-0.0225985253239212,1,"3",0
767,"24",-0.0225985253239212,1,"4",0
767,"24",-0.0225985253239212,1,"5",1
768,"24",-0.294281670736539,0,"1",0
768,"24",-0.294281670736539,0,"2",0
768,"24",-0.294281670736539,0,"3",0
768,"24",-0.294281670736539,0,"4",0
768,"24",-0.294281670736539,0,"5",0
769,"24",-0.391919167113855,1,"1",1
770,"24",-1.83951124769952,0,"1",0
770,"24",-1.83951124769952,0,"2",0
770,"24",-1.83951124769952,0,"3",0
771,"24",-0.749723617114014,0,"1",0
771,"24",-0.749723617114014,0,"2",0
771,"24",-0.749723617114014,0,"3",0
772,"24",0.982468561084456,0,"1",0
772,"24",0.982468561084456,0,"2",0
772,"24",0.982468561084456,0,"3",1
773,"24",-0.558952096900598,0,"1",0
773,"24",-0.558952096900598,0,"2",0
773,"24",-0.558952096900598,0,"3",0
773,"24",-0.558952096900598,0,"4",1
774,"24",-0.224113339190405,1,"1",0
774,"24",-0.224113339190405,1,"2",0
774,"24",-0.224113339190405,1,"3",0
774,"24",-0.224113339190405,1,"4",0
774,"24",-0.224113339190405,1,"5",0
774,"24",-0.224113339190405,1,"6",0
775,"24",1.7889279159422,1,"1",1
776,"24",-0.675414872293588,1,"1",0
776,"24",-0.675414872293588,1,"2",0
776,"24",-0.675414872293588,1,"3",0
776,"24",-0.675414872293588,1,"4",1
777,"24",0.319210949429495,1,"1",0
777,"24",0.319210949429495,1,"2",0
777,"24",0.319210949429495,1,"3",0
777,"24",0.319210949429495,1,"4",1
778,"24",1.71267631514225,0,"1",1
779,"24",0.52320381579044,1,"1",0
779,"24",0.52320381579044,1,"2",0
779,"24",0.52320381579044,1,"3",0
779,"24",0.52320381579044,1,"4",0
779,"24",0.52320381579044,1,"5",0
779,"24",0.52320381579044,1,"6",0
780,"24",0.335101321978624,0,"1",1
781,"24",0.0390519818882136,0,"1",0
781,"24",0.0390519818882136,0,"2",0
781,"24",0.0390519818882136,0,"3",0
782,"24",-0.714069326099875,0,"1",0
782,"24",-0.714069326099875,0,"2",0
782,"24",-0.714069326099875,0,"3",1
783,"24",0.481278385420255,0,"1",1
784,"24",-0.558000426730234,1,"1",0
784,"24",-0.558000426730234,1,"2",0
784,"24",-0.558000426730234,1,"3",0
784,"24",-0.558000426730234,1,"4",0
784,"24",-0.558000426730234,1,"5",1
785,"24",-0.469768048464349,1,"1",0
785,"24",-0.469768048464349,1,"2",0
785,"24",-0.469768048464349,1,"3",0
786,"24",-0.244124979374603,0,"1",0
786,"24",-0.244124979374603,0,"2",0
786,"24",-0.244124979374603,0,"3",0
786,"24",-0.244124979374603,0,"4",0
786,"24",-0.244124979374603,0,"5",1
787,"24",1.12182241913776,0,"1",1
