"id_poliza","id_agencia","id_region","antiguedad","exposicion","edad_conductor","edad_tramo","antiguedad_carnet","potencia_cv","cilindrada","antiguedad_vehiculo","valor_vehiculo","densidad","zona_circulacion","km_anuales","uso","tipo_vehiculo","combustible","sexo","color_vehiculo","estado_civil","forma_pago","financiado","n_conductores","nivel_estudios","medio_contacto","n_siniestros","n_asistencia","n_fraude","n_gestiones","t_primer_sin","evento","t_baja","baja","motivo_fin","coste_total","coste_medio","tuvo_siniestro","bonus_malus_prev","bonus_malus_act"
1,"1","1",9.683,0.9683,20,"18-25",1,135,1880,3,12286,63,"rural",7770,"particular","turismo","gasolina","M","rojo","soltero","anual",0,1,"superior","telefonico",3,4,0,1,4.321,1,10,0,"fin_estudio",7725.52,2575.17,1,"5","4"
2,"1","1",2.54,0.254,34,"25-35",15,137,1858,7,23047,1429,"urbana",19807,"particular","turismo","gasolina","H","otro","soltero","anual",1,1,"superior","telematico",1,0,0,0,1.921,1,4.678,0,"fin_estudio",498.13,498.13,1,"3","2"
3,"1","1",2.298,0.2298,27,"25-35",4,94,1636,8,25733,565,"mixta",15266,"comercial","moto","diesel","H","gris","soltero","anual",0,2,"superior","presencial",0,0,0,1,2.298,0,2.298,1,"baja",0,NA,0,"1","1"
4,"1","1",5.688,0.5688,47,"35-65",11,141,2167,12,25296,414,"mixta",11791,"particular","turismo","gasolina","H","gris","soltero","anual",0,1,"basico","presencial",1,1,0,0,2.891,1,10,0,"fin_estudio",504.08,504.08,1,"3","3"
5,"1","1",6.448,0.6448,18,"18-25",0,55,860,2,37156,224,"mixta",18891,"comercial","turismo","gasolina","M","rojo","soltero","anual",0,2,"basico","presencial",1,3,1,0,5.632,1,10,0,"fin_estudio",2667.16,2667.16,1,"2","2"
6,"1","1",2.775,0.2775,35,"25-35",9,132,2348,13,21105,156,"mixta",10894,"particular","turismo","diesel","H","gris","casado","anual",1,1,"superior","presencial",1,0,0,1,1.118,1,2.775,1,"baja",968.85,968.85,1,"2","1"
7,"1","1",3.677,0.3677,18,"18-25",0,184,2635,13,34756,563,"mixta",13027,"comercial","moto","gasolina","H","rojo","casado","anual",0,1,"medio","telematico",0,2,0,1,3.677,0,5.978,0,"fin_estudio",0,NA,0,"1","1"
8,"1","1",4.28,0.428,43,"35-65",11,123,2113,11,25518,2020,"urbana",21937,"particular","turismo","gasolina","H","negro","casado","mensual",0,1,"basico","telefonico",2,1,1,2,1.042,1,4.28,1,"baja",2704.91,1352.45,1,"4","4"
9,"1","1",1.011,0.1011,35,"25-35",7,101,1718,5,30620,393,"mixta",11844,"particular","moto","gasolina","M","gris","soltero","anual",0,1,"basico","presencial",0,1,0,0,1.011,0,1.011,1,"baja",0,NA,0,"3","2"
10,"1","1",3.056,0.3056,53,"35-65",18,112,1981,15,25346,477,"mixta",12637,"particular","turismo","gasolina","M","rojo","casado","anual",0,1,"medio","telematico",0,0,0,0,3.056,0,3.056,1,"baja",0,NA,0,"2","1"
11,"1","1",3.182,0.3182,54,"35-65",29,68,985,2,30289,73,"rural",6503,"particular","furgoneta","gasolina","H","blanco","casado","anual",1,1,"superior","telefonico",1,0,0,0,2.281,1,3.182,1,"baja",1722.62,1722.62,1,"3","2"
12,"1","1",7.445,0.7445,60,"35-65",20,209,3319,21,27004,36,"rural",6918,"particular","turismo","gasolina","M","negro","otro","mensual",0,1,"medio","presencial",0,0,0,0,7.445,0,7.445,1,"baja",0,NA,0,"2","2"
13,"1","1",6.722,0.6722,27,"25-35",8,147,2530,11,28250,58,"rural",11164,"particular","furgoneta","diesel","H","blanco","casado","mensual",1,2,"basico","presencial",1,2,0,3,6.519,1,6.722,1,"baja",4106.04,4106.04,1,"2","3"
14,"1","1",1.214,0.1214,35,"25-35",14,135,2021,14,18000,168,"mixta",5497,"particular","turismo","diesel","M","gris","soltero","anual",1,1,"medio","presencial",0,0,0,0,1.214,0,1.214,1,"baja",0,NA,0,"2","2"
15,"1","1",0.27,0.027,34,"25-35",9,112,1923,10,23786,177,"mixta",12468,"particular","turismo","diesel","H","gris","soltero","anual",1,1,"medio","presencial",0,0,0,0,0.27,0,0.27,1,"baja",0,NA,0,"2","2"
16,"1","1",3.252,0.3252,52,"35-65",29,81,1385,8,18756,290,"mixta",6479,"particular","turismo","gasolina","M","rojo","soltero","anual",0,1,"medio","telefonico",0,0,0,1,3.252,0,3.252,1,"baja",0,NA,0,"1","1"
17,"1","1",6.372,0.6372,69,"65+",35,129,2307,1,6513,114,"rural",13375,"particular","turismo","diesel","H","otro","casado","anual",0,1,"basico","presencial",0,2,0,1,6.372,0,10,0,"fin_estudio",0,NA,0,"2","2"
18,"1","1",9.261,0.9261,59,"35-65",20,89,1575,7,33396,925,"mixta",17863,"particular","moto","gasolina","H","rojo","soltero","anual",0,1,"medio","telefonico",2,3,1,2,1.209,1,10,0,"fin_estudio",9451.78,4725.89,1,"2","1"
19,"1","1",4.387,0.4387,39,"35-65",14,180,2961,6,21985,437,"mixta",11656,"comercial","moto","gasolina","H","rojo","casado","anual",0,1,"basico","telematico",0,0,0,0,4.387,0,10,0,"fin_estudio",0,NA,0,"2","2"
20,"1","1",3.805,0.3805,45,"35-65",13,117,1952,10,16731,56,"rural",14108,"particular","turismo","diesel","H","blanco","casado","anual",0,2,"superior","presencial",0,0,0,0,3.805,0,3.805,1,"baja",0,NA,0,"1","1"
21,"1","1",1.805,0.1805,62,"35-65",29,78,1354,4,36336,809,"mixta",5198,"particular","turismo","diesel","H","otro","soltero","anual",0,1,"medio","presencial",0,1,0,0,1.805,0,10,0,"fin_estudio",0,NA,0,"2","2"
22,"1","1",2.873,0.2873,36,"35-65",17,55,955,6,25499,120,"rural",13264,"particular","turismo","gasolina","M","negro","otro","mensual",0,1,"superior","telematico",1,0,0,0,1.561,1,10,0,"fin_estudio",4239.07,4239.07,1,"5","4"
23,"1","1",8.402,0.8402,60,"35-65",40,55,800,8,30214,1424,"urbana",10405,"particular","moto","diesel","H","negro","soltero","anual",1,1,"medio","presencial",2,2,0,2,0.641,1,10,0,"fin_estudio",10605.73,5302.86,1,"2","2"
24,"1","1",3.592,0.3592,53,"35-65",33,103,1723,10,20070,416,"mixta",7091,"particular","furgoneta","diesel","M","blanco","soltero","mensual",0,2,"medio","presencial",2,0,0,0,2.256,1,10,0,"fin_estudio",1743.15,871.58,1,"4","5"
25,"1","1",9.595,0.9595,32,"25-35",10,101,1458,7,32277,2015,"urbana",18487,"particular","moto","gasolina","H","otro","otro","anual",1,1,"basico","presencial",9,3,0,4,1.842,1,10,0,"fin_estudio",33243.54,3693.73,1,"5","5"
26,"1","1",6.178,0.6178,26,"25-35",7,131,2249,6,19178,114,"rural",10914,"particular","turismo","diesel","H","rojo","casado","mensual",0,2,"medio","presencial",0,0,1,1,6.178,0,10,0,"fin_estudio",0,NA,0,"2","2"
27,"1","1",2.135,0.2135,67,"65+",29,98,1727,3,27702,2289,"urbana",24478,"particular","moto","gasolina","H","rojo","soltero","anual",1,1,"basico","telefonico",2,3,0,0,1.125,1,2.135,1,"baja",7259.84,3629.92,1,"5","5"
28,"1","1",1.485,0.1485,26,"25-35",5,105,1273,11,10072,432,"mixta",15053,"particular","turismo","diesel","H","blanco","soltero","anual",0,1,"basico","telefonico",0,2,0,0,1.485,0,1.485,1,"baja",0,NA,0,"4","4"
29,"1","1",3.33,0.333,27,"25-35",7,135,1759,5,26412,83,"rural",5475,"particular","turismo","gasolina","M","blanco","soltero","anual",0,1,"medio","presencial",0,2,0,0,3.33,0,6.924,0,"fin_estudio",0,NA,0,"1","1"
30,"1","1",9.768,0.9768,19,"18-25",1,154,1871,8,31938,198,"mixta",5476,"particular","turismo","diesel","M","blanco","casado","mensual",0,1,"superior","presencial",1,2,0,2,5.87,1,10,0,"fin_estudio",1502.07,1502.07,1,"4","4"
31,"1","1",9.539,0.9539,38,"35-65",15,152,1892,6,25269,541,"mixta",11064,"comercial","furgoneta","gasolina","H","rojo","casado","mensual",0,1,"basico","presencial",9,3,2,0,1.774,1,10,0,"fin_estudio",31763.96,3529.33,1,"5","5"
32,"1","1",0.302,0.0302,45,"35-65",27,95,1180,11,22833,689,"mixta",8381,"particular","turismo","gasolina","M","gris","casado","anual",0,1,"medio","presencial",0,0,0,0,0.302,0,0.302,1,"baja",0,NA,0,"4","4"
33,"1","1",1.015,0.1015,32,"25-35",11,123,1715,4,22843,1278,"urbana",3494,"particular","turismo","diesel","H","gris","soltero","anual",1,1,"superior","presencial",0,0,0,1,1.015,0,10,0,"fin_estudio",0,NA,0,"4","4"
34,"1","1",5.725,0.5725,64,"35-65",33,103,1760,5,22263,98,"rural",20550,"particular","turismo","diesel","H","otro","casado","mensual",0,1,"basico","presencial",2,4,0,0,2.949,1,10,0,"fin_estudio",3580.02,1790.01,1,"3","2"
35,"1","1",6.171,0.6171,35,"25-35",12,78,1338,4,23916,301,"mixta",12694,"comercial","turismo","gasolina","H","gris","soltero","mensual",1,1,"basico","presencial",0,3,1,1,6.171,0,10,0,"fin_estudio",0,NA,0,"1","1"
36,"1","1",1.731,0.1731,20,"18-25",2,151,1841,4,22257,62,"rural",9888,"comercial","turismo","gasolina","M","blanco","casado","mensual",1,3,"basico","presencial",0,0,0,1,1.731,0,1.731,1,"baja",0,NA,0,"3","2"
37,"1","1",1.073,0.1073,37,"35-65",10,99,1568,8,27333,36,"rural",7578,"particular","furgoneta","gasolina","H","blanco","otro","mensual",1,1,"medio","telematico",0,1,0,0,1.073,0,10,0,"fin_estudio",0,NA,0,"1","1"
38,"1","1",1.138,0.1138,40,"35-65",19,80,1161,2,34532,285,"mixta",8981,"particular","moto","diesel","H","otro","soltero","mensual",0,1,"medio","presencial",0,0,0,0,1.138,0,1.138,1,"baja",0,NA,0,"3","3"
39,"1","1",3.589,0.3589,65,"35-65",21,91,1617,13,26540,1754,"urbana",11353,"particular","moto","gasolina","H","blanco","casado","mensual",0,1,"basico","presencial",1,2,0,1,2.42,1,4.783,0,"fin_estudio",5441.78,5441.78,1,"2","2"
40,"1","1",6.55,0.655,59,"35-65",36,109,1449,9,30154,811,"mixta",15746,"particular","turismo","gasolina","H","gris","soltero","anual",0,2,"medio","telefonico",1,0,0,1,5.102,1,6.55,1,"baja",6015.8,6015.8,1,"4","4"
41,"1","1",3.804,0.3804,18,"18-25",0,77,996,5,16333,275,"mixta",17281,"particular","turismo","diesel","M","gris","casado","mensual",0,1,"superior","telematico",1,2,0,0,3.332,1,3.804,1,"baja",979.77,979.77,1,"1","2"
42,"1","1",2.297,0.2297,67,"65+",46,72,1260,10,3550,113,"rural",8723,"particular","turismo","diesel","H","otro","soltero","anual",0,1,"basico","presencial",0,0,0,0,2.297,0,3.791,0,"fin_estudio",0,NA,0,"3","2"
43,"1","1",9.988,0.9988,34,"25-35",14,205,2589,14,43107,762,"mixta",28592,"particular","furgoneta","diesel","M","gris","soltero","mensual",1,1,"basico","presencial",5,4,0,1,3.396,1,10,0,"fin_estudio",36272.18,7254.44,1,"5","5"
44,"1","1",1.876,0.1876,58,"35-65",30,151,1894,4,33772,201,"mixta",8921,"particular","moto","gasolina","H","gris","casado","mensual",1,1,"medio","telematico",0,0,0,1,1.876,0,1.876,1,"baja",0,NA,0,"2","2"
45,"1","1",8.16,0.816,37,"35-65",10,127,2103,14,22054,235,"mixta",9021,"particular","turismo","gasolina","H","blanco","casado","anual",0,2,"medio","presencial",2,2,1,1,0.132,1,10,0,"fin_estudio",6739.59,3369.8,1,"3","3"
46,"1","1",4.003,0.4003,36,"35-65",15,111,1926,9,17602,423,"mixta",10283,"particular","turismo","gasolina","M","rojo","otro","mensual",0,1,"basico","presencial",1,0,0,1,0.536,1,10,0,"fin_estudio",1409.72,1409.72,1,"4","4"
47,"1","1",5.737,0.5737,50,"35-65",31,119,1532,9,33116,1298,"urbana",35709,"comercial","turismo","gasolina","M","negro","soltero","anual",0,2,"superior","telematico",0,5,0,0,5.737,0,5.737,1,"baja",0,NA,0,"1","1"
48,"1","1",2.1,0.21,61,"35-65",28,133,2367,4,22663,584,"mixta",9447,"particular","turismo","diesel","M","negro","soltero","mensual",1,2,"basico","presencial",0,2,0,0,2.1,0,10,0,"fin_estudio",0,NA,0,"1","1"
49,"1","1",1.633,0.1633,35,"25-35",8,89,1415,2,17592,393,"mixta",9489,"particular","turismo","gasolina","H","otro","soltero","mensual",0,1,"basico","presencial",0,1,0,0,1.633,0,6.829,0,"fin_estudio",0,NA,0,"3","3"
50,"1","1",4.137,0.4137,39,"35-65",19,90,1203,11,22544,200,"mixta",9350,"comercial","turismo","gasolina","M","blanco","soltero","anual",1,3,"basico","presencial",1,2,0,1,1.631,1,10,0,"fin_estudio",1182.07,1182.07,1,"3","3"
51,"1","1",3.291,0.3291,22,"18-25",1,55,856,13,4940,146,"rural",6826,"particular","turismo","gasolina","M","otro","casado","anual",0,2,"basico","telefonico",0,1,0,1,3.291,0,9.462,0,"fin_estudio",0,NA,0,"1","1"
52,"1","1",2.455,0.2455,30,"25-35",5,83,1455,4,19674,396,"mixta",10569,"particular","turismo","diesel","H","rojo","soltero","anual",0,1,"superior","presencial",0,1,1,0,2.455,0,2.455,1,"baja",0,NA,0,"3","3"
53,"1","1",3.332,0.3332,42,"35-65",10,75,1028,11,20854,464,"mixta",19288,"comercial","turismo","diesel","H","negro","casado","anual",0,1,"superior","telematico",1,1,0,1,0.945,1,3.332,1,"baja",1536.5,1536.5,1,"2","2"
54,"1","1",7.82,0.782,72,"65+",44,90,1617,7,27841,1139,"urbana",8010,"particular","turismo","diesel","H","rojo","soltero","anual",1,2,"medio","presencial",0,2,0,5,7.82,0,10,0,"fin_estudio",0,NA,0,"1","1"
55,"1","1",1.539,0.1539,32,"25-35",13,58,800,9,24912,112,"rural",5813,"comercial","turismo","gasolina","M","otro","soltero","mensual",0,1,"medio","presencial",0,1,0,0,1.539,0,7.552,0,"fin_estudio",0,NA,0,"1","1"
56,"1","1",3.927,0.3927,34,"25-35",14,96,1618,16,42198,287,"mixta",10334,"particular","turismo","gasolina","M","negro","soltero","mensual",1,1,"medio","presencial",2,1,0,0,3.405,1,4.952,0,"fin_estudio",8837.13,4418.57,1,"2","4"
57,"1","1",1.873,0.1873,43,"35-65",14,139,1880,3,35126,186,"mixta",14589,"particular","turismo","diesel","M","blanco","otro","anual",1,2,"basico","telematico",1,0,0,0,0.529,1,1.873,1,"baja",1268.78,1268.78,1,"4","4"
58,"1","1",5.259,0.5259,53,"35-65",33,152,2210,11,42001,545,"mixta",40258,"particular","furgoneta","diesel","H","blanco","soltero","mensual",0,1,"basico","telematico",9,1,0,1,1.552,1,5.259,1,"baja",37490.88,4165.65,1,"5","5"
59,"1","1",5.764,0.5764,57,"35-65",32,70,1199,8,33338,100,"rural",13915,"particular","turismo","diesel","H","negro","soltero","anual",0,1,"medio","presencial",2,3,0,0,4.645,1,10,0,"fin_estudio",5654.07,2827.03,1,"3","4"
60,"1","1",4.083,0.4083,88,"65+",57,104,1334,8,29460,184,"mixta",17007,"particular","moto","gasolina","H","otro","soltero","anual",0,1,"basico","telefonico",0,2,3,0,4.083,0,10,0,"fin_estudio",0,NA,0,"1","1"
61,"1","1",3.569,0.3569,54,"35-65",21,118,1946,3,28948,406,"mixta",10762,"particular","turismo","gasolina","M","negro","casado","anual",0,1,"basico","telematico",1,1,0,2,2.995,1,3.569,1,"baja",2547.93,2547.93,1,"3","2"
62,"1","1",3.428,0.3428,72,"65+",51,115,1913,17,25200,31,"rural",15213,"particular","furgoneta","diesel","M","rojo","soltero","mensual",0,2,"basico","presencial",0,0,0,0,3.428,0,10,0,"fin_estudio",0,NA,0,"4","3"
63,"1","1",7.68,0.768,24,"18-25",3,103,1809,15,25550,110,"rural",22929,"particular","turismo","diesel","M","blanco","casado","anual",0,1,"medio","presencial",2,4,0,0,1.208,1,10,0,"fin_estudio",5867.32,2933.66,1,"4","4"
64,"1","1",1.552,0.1552,35,"25-35",12,132,2012,5,33947,242,"mixta",16581,"particular","turismo","gasolina","M","rojo","casado","anual",1,1,"superior","telematico",0,0,0,0,1.552,0,10,0,"fin_estudio",0,NA,0,"2","2"
65,"1","1",2.37,0.237,69,"65+",18,89,1483,0,24532,399,"mixta",10982,"particular","turismo","diesel","H","blanco","casado","anual",0,1,"superior","telematico",0,2,0,0,2.37,0,2.37,1,"baja",0,NA,0,"4","4"
66,"1","1",5.49,0.549,58,"35-65",21,103,1513,9,35965,551,"mixta",35004,"particular","turismo","diesel","H","rojo","casado","mensual",1,2,"medio","presencial",0,5,2,0,5.49,0,5.49,1,"baja",0,NA,0,"1","1"
67,"1","1",7.82,0.782,53,"35-65",23,55,800,5,17579,70,"rural",18210,"particular","moto","gasolina","H","negro","soltero","anual",1,3,"basico","presencial",0,4,0,2,7.82,0,9.505,0,"fin_estudio",0,NA,0,"2","1"
68,"1","1",2.952,0.2952,39,"35-65",17,74,943,0,31162,138,"rural",4682,"particular","turismo","gasolina","H","blanco","casado","anual",1,2,"medio","presencial",0,0,2,0,2.952,0,4.949,0,"fin_estudio",0,NA,0,"4","4"
69,"1","1",5.74,0.574,21,"18-25",2,62,913,16,1531,583,"mixta",7934,"particular","turismo","gasolina","H","otro","soltero","anual",0,1,"medio","telefonico",1,2,0,0,0.622,1,7.657,0,"fin_estudio",1652.47,1652.47,1,"1","1"
70,"1","1",5.462,0.5462,49,"35-65",17,109,1410,4,28681,167,"mixta",6325,"particular","turismo","gasolina","M","rojo","casado","mensual",1,2,"medio","presencial",1,0,0,0,2.305,1,10,0,"fin_estudio",1359.74,1359.74,1,"3","3"
71,"1","1",9.313,0.9313,47,"35-65",15,55,882,3,14004,115,"rural",10560,"particular","turismo","diesel","M","blanco","casado","anual",1,2,"basico","telefonico",0,1,0,1,9.313,0,10,0,"fin_estudio",0,NA,0,"2","1"
72,"1","1",1.468,0.1468,33,"25-35",6,125,1748,10,24956,187,"mixta",9303,"particular","turismo","diesel","H","negro","casado","anual",0,2,"medio","presencial",0,0,0,1,1.468,0,8.207,0,"fin_estudio",0,NA,0,"3","2"
73,"1","1",6.535,0.6535,29,"25-35",4,149,2465,11,36201,205,"mixta",20373,"particular","turismo","gasolina","M","blanco","casado","anual",0,1,"basico","presencial",1,1,0,1,6.523,1,10,0,"fin_estudio",1813.31,1813.31,1,"1","2"
74,"1","1",3.896,0.3896,37,"35-65",15,90,1163,13,28231,207,"mixta",11938,"particular","furgoneta","gasolina","H","negro","soltero","anual",0,1,"basico","telematico",0,1,0,0,3.896,0,4.877,0,"fin_estudio",0,NA,0,"1","1"
75,"1","1",8.758,0.8758,34,"25-35",10,61,857,7,22075,81,"rural",12800,"particular","furgoneta","diesel","H","negro","soltero","anual",0,1,"medio","telefonico",2,8,1,0,4.292,1,10,0,"fin_estudio",3946.87,1973.43,1,"3","3"
76,"1","1",3.874,0.3874,55,"35-65",16,141,1887,21,46962,203,"mixta",30842,"particular","turismo","gasolina","M","negro","soltero","mensual",0,2,"basico","telematico",0,0,0,0,3.874,0,10,0,"fin_estudio",0,NA,0,"3","3"
77,"1","1",0.196,0.0196,48,"35-65",15,129,2073,8,30482,115,"rural",15759,"particular","moto","diesel","H","otro","casado","anual",0,1,"basico","presencial",0,0,0,0,0.196,0,0.196,1,"baja",0,NA,0,"4","4"
78,"1","1",8.323,0.8323,32,"25-35",6,61,847,11,16757,139,"rural",10183,"comercial","turismo","diesel","H","otro","soltero","mensual",0,3,"medio","presencial",0,3,0,2,8.323,0,10,0,"fin_estudio",0,NA,0,"1","1"
79,"1","1",7.26,0.726,28,"25-35",5,90,1611,8,36655,212,"mixta",24276,"particular","turismo","diesel","H","blanco","casado","anual",0,1,"basico","telematico",2,4,0,1,2.102,1,7.697,0,"fin_estudio",1579.16,789.58,1,"3","2"
80,"1","1",8.872,0.8872,21,"18-25",2,103,1509,1,25308,3938,"urbana",8329,"particular","moto","diesel","M","otro","casado","mensual",0,1,"superior","telefonico",2,4,2,0,2.918,1,9.936,0,"fin_estudio",6024.78,3012.39,1,"2","2"
81,"1","1",1.256,0.1256,29,"25-35",9,154,1993,3,33177,159,"mixta",8294,"particular","turismo","diesel","H","blanco","casado","anual",0,1,"superior","telefonico",0,0,1,0,1.256,0,1.256,1,"baja",0,NA,0,"2","2"
82,"1","1",9.36,0.936,22,"18-25",2,102,1719,14,18378,199,"mixta",6726,"particular","turismo","gasolina","M","negro","soltero","mensual",1,2,"medio","presencial",1,1,0,0,8.415,1,10,0,"fin_estudio",4090.63,4090.63,1,"3","3"
83,"1","1",2.568,0.2568,42,"35-65",10,148,2322,4,22643,172,"mixta",10272,"particular","furgoneta","diesel","M","otro","soltero","anual",0,1,"basico","presencial",1,0,0,0,1.227,1,8.469,0,"fin_estudio",2804.21,2804.21,1,"4","3"
84,"1","1",2.751,0.2751,49,"35-65",19,92,1632,0,15651,2443,"urbana",13642,"particular","turismo","gasolina","M","rojo","soltero","mensual",0,2,"medio","presencial",1,1,0,1,0.881,1,2.751,1,"baja",2315.87,2315.87,1,"4","3"
85,"1","1",4.524,0.4524,59,"35-65",26,55,977,11,26926,185,"mixta",12054,"particular","turismo","diesel","H","rojo","casado","mensual",0,2,"superior","presencial",0,1,0,2,4.524,0,4.524,1,"baja",0,NA,0,"1","1"
86,"1","1",3.644,0.3644,53,"35-65",33,92,1338,13,29042,445,"mixta",6877,"particular","turismo","diesel","H","rojo","casado","anual",0,1,"medio","presencial",1,0,0,1,0.649,1,3.644,1,"baja",374.35,374.35,1,"1","1"
87,"1","1",4.313,0.4313,37,"35-65",17,149,2419,4,40768,578,"mixta",35255,"particular","furgoneta","gasolina","H","gris","casado","mensual",0,1,"superior","presencial",0,3,0,2,4.313,0,8.71,0,"fin_estudio",0,NA,0,"1","1"
88,"1","1",6.04,0.604,31,"25-35",8,141,1762,9,33283,678,"mixta",34799,"particular","turismo","gasolina","M","negro","soltero","anual",0,3,"basico","presencial",2,3,0,1,1.697,1,6.04,1,"baja",7138,3569,1,"3","3"
89,"1","1",8.011,0.8011,34,"25-35",14,142,2048,9,16361,101,"rural",25711,"particular","furgoneta","diesel","H","rojo","soltero","anual",1,2,"medio","telefonico",0,4,0,3,8.011,0,10,0,"fin_estudio",0,NA,0,"3","3"
90,"1","1",2.251,0.2251,28,"25-35",5,161,2763,5,24922,203,"mixta",13257,"comercial","turismo","diesel","M","negro","soltero","anual",0,1,"basico","telematico",0,1,0,0,2.251,0,2.251,1,"baja",0,NA,0,"4","4"
91,"1","1",4.31,0.431,54,"35-65",20,70,947,14,6429,497,"mixta",21135,"particular","turismo","gasolina","M","gris","casado","anual",1,2,"medio","telefonico",0,5,0,0,4.31,0,9.536,0,"fin_estudio",0,NA,0,"1","1"
92,"1","1",4.152,0.4152,20,"18-25",2,128,2164,11,25780,949,"mixta",13458,"particular","moto","diesel","H","blanco","casado","mensual",0,1,"medio","presencial",0,3,0,2,4.152,0,4.152,1,"baja",0,NA,0,"4","3"
93,"1","1",1.546,0.1546,35,"25-35",15,102,1396,17,25383,766,"mixta",8411,"particular","moto","gasolina","M","rojo","casado","anual",0,2,"basico","telefonico",0,2,0,2,1.546,0,3.105,0,"fin_estudio",0,NA,0,"4","3"
94,"1","1",3.464,0.3464,18,"18-25",0,89,1182,8,21893,118,"rural",10680,"particular","furgoneta","gasolina","M","gris","soltero","mensual",0,1,"basico","telefonico",0,2,0,0,3.464,0,10,0,"fin_estudio",0,NA,0,"4","3"
95,"1","1",5.196,0.5196,51,"35-65",22,85,1343,1,19685,395,"mixta",28069,"particular","turismo","diesel","H","blanco","soltero","mensual",0,1,"basico","presencial",0,0,0,0,5.196,0,5.566,0,"fin_estudio",0,NA,0,"1","1"
96,"1","1",1.383,0.1383,39,"35-65",17,90,1608,7,47078,217,"mixta",17206,"particular","turismo","diesel","M","negro","soltero","mensual",0,2,"basico","presencial",0,0,0,1,1.383,0,6.672,0,"fin_estudio",0,NA,0,"1","1"
97,"1","1",2.647,0.2647,53,"35-65",18,115,1574,12,21238,401,"mixta",13370,"particular","turismo","diesel","H","gris","casado","anual",1,2,"superior","telematico",1,1,0,0,0.102,1,2.647,1,"baja",3583.8,3583.8,1,"5","5"
98,"1","1",3.404,0.3404,50,"35-65",13,122,2168,1,30983,42,"rural",15687,"comercial","moto","diesel","M","blanco","soltero","mensual",0,1,"basico","telematico",2,3,0,0,0.34,1,3.404,1,"baja",6041.36,3020.68,1,"5","5"
99,"1","1",1.718,0.1718,52,"35-65",25,117,1729,7,5874,540,"mixta",11365,"particular","turismo","diesel","H","negro","soltero","anual",0,1,"basico","presencial",0,0,0,0,1.718,0,1.718,1,"baja",0,NA,0,"1","1"
100,"1","1",3.172,0.3172,23,"18-25",4,102,1709,6,31180,96,"rural",17162,"particular","turismo","diesel","M","otro","casado","anual",0,2,"basico","telefonico",0,0,0,1,3.172,0,10,0,"fin_estudio",0,NA,0,"2","2"
101,"1","1",1.729,0.1729,33,"25-35",12,129,1926,9,29989,498,"mixta",17755,"comercial","turismo","diesel","M","blanco","casado","anual",0,1,"basico","presencial",0,1,1,1,1.729,0,1.729,1,"baja",0,NA,0,"2","1"
102,"1","1",0.164,0.0164,46,"35-65",21,95,1396,1,17400,178,"mixta",6526,"particular","turismo","diesel","M","gris","casado","anual",1,1,"medio","telefonico",0,0,0,0,0.164,0,0.164,1,"baja",0,NA,0,"3","3"
103,"2","1",6.274,0.6274,37,"35-65",17,178,2950,14,32101,215,"mixta",7840,"particular","turismo","gasolina","M","rojo","otro","mensual",0,2,"medio","presencial",1,2,0,0,0.849,1,10,0,"fin_estudio",141.52,141.52,1,"2","1"
104,"2","1",1.624,0.1624,63,"35-65",24,55,966,9,21443,109,"rural",8551,"particular","turismo","diesel","H","rojo","soltero","anual",0,1,"basico","presencial",0,1,0,0,1.624,0,1.624,1,"baja",0,NA,0,"3","2"
105,"2","1",7.114,0.7114,18,"18-25",0,140,2359,15,13851,389,"mixta",30728,"comercial","turismo","diesel","M","gris","casado","anual",0,1,"medio","telematico",7,6,1,0,1.92,1,7.114,1,"baja",16773.31,2396.19,1,"5","4"
106,"2","1",2.539,0.2539,53,"35-65",22,123,2162,15,17866,926,"mixta",27469,"particular","turismo","gasolina","H","otro","casado","anual",0,1,"superior","presencial",1,0,0,0,0.669,1,3.461,0,"fin_estudio",3372.19,3372.19,1,"4","4"
107,"2","1",2.097,0.2097,29,"25-35",11,172,2640,15,24505,313,"mixta",9151,"particular","turismo","diesel","M","negro","casado","mensual",0,2,"basico","presencial",0,2,0,0,2.097,0,2.097,1,"baja",0,NA,0,"1","1"
108,"2","1",1.724,0.1724,30,"25-35",8,89,1122,2,24124,1185,"urbana",23121,"comercial","turismo","gasolina","M","blanco","casado","anual",0,2,"basico","telefonico",0,0,0,0,1.724,0,3.161,0,"fin_estudio",0,NA,0,"1","1"
109,"2","1",4.833,0.4833,41,"35-65",22,118,2083,15,16579,282,"mixta",4011,"particular","turismo","diesel","M","gris","soltero","anual",1,2,"medio","presencial",1,0,0,0,3.338,1,10,0,"fin_estudio",1413.35,1413.35,1,"4","4"
110,"2","1",3.201,0.3201,48,"35-65",28,100,1594,7,23983,505,"mixta",5208,"particular","turismo","gasolina","M","gris","casado","anual",1,2,"basico","presencial",0,0,0,0,3.201,0,3.326,0,"fin_estudio",0,NA,0,"4","3"
111,"2","1",7.845,0.7845,47,"35-65",20,173,2421,8,35299,319,"mixta",24068,"particular","turismo","gasolina","M","gris","casado","anual",0,2,"superior","telematico",0,0,0,1,7.845,0,8.975,0,"fin_estudio",0,NA,0,"1","1"
112,"2","1",1.067,0.1067,39,"35-65",15,109,1910,12,33312,1079,"urbana",16249,"particular","turismo","diesel","H","rojo","casado","anual",0,3,"medio","presencial",0,0,0,0,1.067,0,9.014,0,"fin_estudio",0,NA,0,"4","4"
113,"2","1",1.656,0.1656,56,"35-65",25,108,1332,6,17113,192,"mixta",7179,"particular","turismo","diesel","H","blanco","casado","mensual",0,2,"medio","presencial",0,0,0,0,1.656,0,1.656,1,"baja",0,NA,0,"1","1"
114,"2","1",2.417,0.2417,63,"35-65",26,169,3021,14,26763,330,"mixta",7419,"particular","turismo","gasolina","H","negro","soltero","anual",0,2,"basico","presencial",0,1,0,0,2.417,0,2.417,1,"baja",0,NA,0,"3","2"
115,"2","1",5.865,0.5865,47,"35-65",13,83,1492,11,22417,147,"rural",15770,"particular","turismo","gasolina","H","otro","casado","anual",1,2,"medio","telefonico",3,0,0,1,3.764,1,6.1,0,"fin_estudio",2625.39,875.13,1,"3","4"
116,"2","1",2.219,0.2219,64,"35-65",17,100,1224,14,36361,87,"rural",8653,"particular","turismo","gasolina","M","otro","soltero","anual",1,1,"basico","telefonico",0,0,0,0,2.219,0,3.738,0,"fin_estudio",0,NA,0,"3","2"
117,"2","1",2.181,0.2181,47,"35-65",23,112,1496,10,22932,56,"rural",8697,"particular","turismo","gasolina","H","otro","casado","mensual",1,1,"medio","presencial",0,0,0,2,2.181,0,2.181,1,"baja",0,NA,0,"4","3"
118,"2","1",3.12,0.312,29,"25-35",7,103,1570,11,24196,552,"mixta",13139,"particular","turismo","gasolina","H","blanco","soltero","anual",0,1,"basico","presencial",0,0,0,1,3.12,0,3.12,1,"baja",0,NA,0,"1","1"
119,"2","1",1.122,0.1122,27,"25-35",4,142,1909,8,34551,150,"rural",5065,"particular","moto","diesel","H","gris","soltero","anual",1,1,"basico","telematico",0,0,0,0,1.122,0,1.122,1,"baja",0,NA,0,"3","3"
120,"2","1",2.774,0.2774,18,"18-25",0,75,1226,16,18543,4656,"urbana",11152,"particular","furgoneta","diesel","M","gris","soltero","anual",1,1,"basico","presencial",1,1,0,0,1.898,1,10,0,"fin_estudio",1622.52,1622.52,1,"4","3"
121,"2","1",4.772,0.4772,39,"35-65",20,150,2675,9,36573,92,"rural",11660,"particular","turismo","gasolina","H","negro","casado","anual",0,2,"superior","telefonico",0,1,1,1,4.772,0,4.772,1,"baja",0,NA,0,"3","2"
122,"2","1",6.483,0.6483,47,"35-65",16,81,1399,16,39857,129,"rural",15395,"particular","turismo","diesel","H","rojo","casado","mensual",1,1,"superior","presencial",1,1,0,1,4.246,1,6.511,0,"fin_estudio",3309.13,3309.13,1,"1","1"
123,"2","1",1.682,0.1682,28,"25-35",4,161,2009,6,31094,230,"mixta",12325,"particular","furgoneta","gasolina","M","blanco","soltero","mensual",1,1,"basico","presencial",0,1,0,3,1.682,0,1.682,1,"baja",0,NA,0,"4","4"
124,"2","1",3.345,0.3345,55,"35-65",24,67,1127,3,16165,32,"rural",9027,"comercial","furgoneta","gasolina","M","blanco","soltero","mensual",0,1,"basico","presencial",0,1,0,0,3.345,0,5.262,0,"fin_estudio",0,NA,0,"1","1"
125,"2","1",4.764,0.4764,35,"25-35",8,151,2598,14,36106,238,"mixta",18211,"particular","turismo","gasolina","M","negro","casado","anual",1,1,"medio","presencial",1,2,1,1,1.144,1,7.443,0,"fin_estudio",4261.32,4261.32,1,"2","2"
126,"2","1",5.44,0.544,69,"65+",45,74,1146,0,21790,177,"mixta",14990,"comercial","furgoneta","gasolina","H","gris","soltero","anual",0,2,"superior","presencial",2,3,2,0,0.662,1,10,0,"fin_estudio",3830.08,1915.04,1,"3","3"
127,"2","1",1.614,0.1614,26,"25-35",6,92,1548,14,36918,1624,"urbana",17403,"particular","turismo","diesel","M","gris","casado","anual",0,1,"basico","telefonico",1,0,0,1,0.653,1,1.614,1,"baja",2083.67,2083.67,1,"5","5"
128,"2","1",1.054,0.1054,40,"35-65",10,105,1505,2,13114,337,"mixta",13521,"particular","turismo","diesel","H","negro","casado","mensual",0,1,"basico","presencial",0,0,0,0,1.054,0,1.054,1,"baja",0,NA,0,"2","1"
129,"2","1",2.297,0.2297,40,"35-65",16,94,1587,10,12756,642,"mixta",17827,"particular","turismo","diesel","H","gris","casado","anual",0,2,"medio","presencial",0,1,0,0,2.297,0,10,0,"fin_estudio",0,NA,0,"4","3"
130,"2","1",5.865,0.5865,18,"18-25",0,102,1791,16,23226,3294,"urbana",14393,"particular","turismo","gasolina","H","gris","otro","mensual",1,1,"basico","presencial",2,1,0,0,3.185,1,5.865,1,"baja",2989.34,1494.67,1,"1","2"
131,"2","1",4.551,0.4551,29,"25-35",8,127,2010,0,18719,138,"rural",20263,"particular","turismo","gasolina","M","blanco","casado","anual",0,1,"basico","telematico",3,2,0,0,1.394,1,4.551,1,"baja",14321.87,4773.96,1,"5","5"
132,"2","1",1.564,0.1564,33,"25-35",12,142,2176,0,28299,123,"rural",13273,"particular","moto","gasolina","H","blanco","soltero","anual",0,2,"medio","presencial",0,2,0,0,1.564,0,1.564,1,"baja",0,NA,0,"2","1"
133,"2","1",2.888,0.2888,63,"35-65",32,139,1728,15,19807,15136,"urbana",19569,"particular","turismo","gasolina","H","negro","casado","anual",0,2,"basico","presencial",3,0,0,2,0.511,1,2.929,0,"fin_estudio",9465.33,3155.11,1,"4","5"
134,"2","1",1.31,0.131,25,"18-25",4,128,2267,1,19011,208,"mixta",15616,"particular","turismo","diesel","M","otro","casado","anual",1,1,"medio","presencial",1,0,0,0,0.4,1,1.31,1,"baja",1409.26,1409.26,1,"3","3"
135,"2","1",1.473,0.1473,62,"35-65",29,143,1718,4,29174,792,"mixta",11496,"particular","turismo","diesel","M","otro","casado","mensual",0,2,"superior","presencial",0,1,0,0,1.473,0,1.473,1,"baja",0,NA,0,"4","4"
136,"2","1",2.093,0.2093,36,"35-65",16,67,999,8,29124,201,"mixta",19807,"particular","turismo","diesel","M","blanco","otro","anual",0,1,"medio","presencial",0,1,0,0,2.093,0,2.795,0,"fin_estudio",0,NA,0,"1","1"
137,"2","1",1.873,0.1873,51,"35-65",18,89,1568,14,15719,323,"mixta",20861,"particular","turismo","diesel","M","negro","casado","anual",0,1,"medio","presencial",0,0,0,0,1.873,0,4.363,0,"fin_estudio",0,NA,0,"1","1"
138,"2","1",4.78,0.478,51,"35-65",31,93,1140,3,24822,438,"mixta",14441,"particular","turismo","diesel","M","rojo","soltero","mensual",1,2,"basico","presencial",3,2,0,1,1.928,1,10,0,"fin_estudio",8972.52,2990.84,1,"5","5"
139,"2","1",2.69,0.269,35,"25-35",16,87,1169,4,21889,83,"rural",21814,"particular","turismo","gasolina","H","otro","casado","anual",0,3,"superior","telematico",0,0,0,1,2.69,0,4.62,0,"fin_estudio",0,NA,0,"4","3"
140,"2","1",6.217,0.6217,45,"35-65",19,102,1441,15,27664,315,"mixta",12828,"particular","moto","diesel","H","negro","casado","mensual",1,2,"superior","telefonico",0,4,0,0,6.217,0,10,0,"fin_estudio",0,NA,0,"1","1"
141,"2","1",1.033,0.1033,42,"35-65",10,104,1392,6,22355,289,"mixta",14752,"particular","turismo","diesel","M","gris","casado","mensual",0,1,"medio","presencial",0,0,0,0,1.033,0,1.033,1,"baja",0,NA,0,"3","3"
142,"2","1",1.863,0.1863,51,"35-65",18,149,2518,10,33397,470,"mixta",9090,"particular","turismo","gasolina","M","blanco","soltero","mensual",0,2,"medio","presencial",0,2,0,0,1.863,0,2.439,0,"fin_estudio",0,NA,0,"2","1"
143,"2","1",1.252,0.1252,36,"35-65",12,140,2486,12,34320,102,"rural",18860,"particular","turismo","diesel","M","rojo","soltero","anual",0,1,"medio","presencial",0,0,1,0,1.252,0,1.252,1,"baja",0,NA,0,"3","3"
144,"2","1",2.486,0.2486,68,"65+",30,172,2871,12,15229,426,"mixta",18777,"comercial","turismo","gasolina","M","rojo","casado","mensual",0,2,"basico","presencial",1,2,0,0,0.846,1,2.486,1,"baja",627.27,627.27,1,"3","2"
145,"2","1",2.186,0.2186,49,"35-65",28,142,2485,11,23838,720,"mixta",23769,"particular","turismo","gasolina","H","otro","soltero","anual",0,1,"medio","presencial",0,2,0,0,2.186,0,2.807,0,"fin_estudio",0,NA,0,"1","1"
146,"2","1",3.868,0.3868,52,"35-65",18,78,1275,10,28838,224,"mixta",14501,"particular","turismo","diesel","M","negro","soltero","anual",1,1,"basico","telematico",0,1,0,0,3.868,0,10,0,"fin_estudio",0,NA,0,"1","1"
147,"2","1",3.157,0.3157,58,"35-65",38,55,800,6,26959,281,"mixta",19261,"particular","turismo","diesel","M","negro","casado","mensual",0,1,"basico","telefonico",0,3,0,0,3.157,0,10,0,"fin_estudio",0,NA,0,"3","3"
148,"2","1",4.818,0.4818,30,"25-35",11,76,1122,11,16133,428,"mixta",7712,"particular","turismo","diesel","H","gris","soltero","mensual",0,3,"basico","presencial",0,2,1,0,4.818,0,10,0,"fin_estudio",0,NA,0,"1","1"
149,"2","1",1.653,0.1653,48,"35-65",17,98,1402,11,32754,298,"mixta",7247,"particular","furgoneta","diesel","M","rojo","soltero","mensual",0,2,"basico","presencial",1,1,0,0,1.537,1,10,0,"fin_estudio",1976.91,1976.91,1,"3","4"
150,"2","1",2.112,0.2112,51,"35-65",33,69,1105,8,11841,69,"rural",8964,"particular","turismo","diesel","H","gris","soltero","anual",0,1,"medio","presencial",0,0,0,0,2.112,0,2.112,1,"baja",0,NA,0,"1","1"
151,"2","1",9.855,0.9855,75,"65+",43,139,2286,13,29716,381,"mixta",17932,"particular","moto","diesel","H","blanco","soltero","mensual",0,2,"basico","presencial",1,3,1,0,7.779,1,10,0,"fin_estudio",2512.24,2512.24,1,"3","3"
152,"2","1",4.649,0.4649,42,"35-65",23,112,1613,8,20091,1019,"urbana",4489,"comercial","turismo","gasolina","H","gris","soltero","anual",0,1,"medio","telefonico",0,4,0,3,4.649,0,4.649,1,"baja",0,NA,0,"1","1"
153,"2","1",1.04,0.104,51,"35-65",18,82,1211,7,18891,208,"mixta",7752,"particular","moto","diesel","H","rojo","casado","anual",0,1,"basico","presencial",0,0,0,0,1.04,0,10,0,"fin_estudio",0,NA,0,"1","1"
154,"2","1",0.571,0.0571,56,"35-65",19,103,1590,2,40339,203,"mixta",8669,"particular","turismo","gasolina","M","blanco","soltero","mensual",0,2,"medio","presencial",0,1,0,0,0.571,0,0.571,1,"baja",0,NA,0,"2","2"
155,"2","1",2.357,0.2357,74,"65+",26,109,1353,6,22517,763,"mixta",15300,"particular","turismo","diesel","M","rojo","soltero","anual",0,1,"medio","telematico",0,1,0,0,2.357,0,2.637,0,"fin_estudio",0,NA,0,"1","1"
156,"2","1",2.631,0.2631,18,"18-25",0,181,3252,7,13604,734,"mixta",12023,"particular","furgoneta","diesel","H","negro","soltero","anual",0,1,"basico","telematico",0,1,0,0,2.631,0,4.339,0,"fin_estudio",0,NA,0,"4","3"
157,"2","1",5.097,0.5097,33,"25-35",12,109,1933,6,30671,101,"rural",5754,"particular","turismo","gasolina","H","otro","soltero","anual",0,1,"basico","telefonico",1,0,1,0,2.695,1,5.097,1,"baja",1580.95,1580.95,1,"5","5"
158,"2","1",3.095,0.3095,21,"18-25",3,109,1614,10,26464,295,"mixta",13158,"particular","turismo","diesel","M","otro","soltero","anual",1,2,"basico","presencial",0,0,0,0,3.095,0,3.881,0,"fin_estudio",0,NA,0,"4","3"
159,"2","1",1.518,0.1518,18,"18-25",0,183,2455,8,36044,50,"rural",9675,"particular","turismo","gasolina","M","gris","soltero","mensual",0,1,"basico","presencial",0,0,0,0,1.518,0,4.749,0,"fin_estudio",0,NA,0,"2","2"
160,"2","1",2.124,0.2124,47,"35-65",24,76,997,8,30239,229,"mixta",9840,"particular","furgoneta","gasolina","M","otro","soltero","anual",0,1,"basico","presencial",0,0,0,1,2.124,0,3.969,0,"fin_estudio",0,NA,0,"1","1"
161,"2","1",6.496,0.6496,31,"25-35",6,93,1581,0,10091,166,"mixta",23726,"particular","turismo","diesel","M","rojo","casado","mensual",0,1,"medio","telematico",4,1,0,2,1.382,1,6.496,1,"baja",8702.53,2175.63,1,"5","5"
162,"2","1",1.058,0.1058,26,"25-35",6,119,1811,2,26105,347,"mixta",7189,"particular","turismo","diesel","M","rojo","soltero","anual",0,3,"basico","telefonico",0,0,0,0,1.058,0,1.378,0,"fin_estudio",0,NA,0,"1","1"
163,"2","1",2.703,0.2703,39,"35-65",9,134,2350,4,38675,171,"mixta",12615,"particular","turismo","gasolina","H","negro","casado","anual",0,2,"basico","presencial",0,1,1,0,2.703,0,10,0,"fin_estudio",0,NA,0,"1","1"
164,"2","1",5.875,0.5875,34,"25-35",15,110,1678,9,20929,346,"mixta",7464,"particular","turismo","diesel","M","otro","casado","mensual",1,1,"medio","presencial",0,2,0,0,5.875,0,7.042,0,"fin_estudio",0,NA,0,"1","1"
165,"2","1",3.64,0.364,56,"35-65",36,55,800,7,4783,346,"mixta",20703,"particular","turismo","gasolina","H","negro","soltero","mensual",0,3,"medio","presencial",3,3,0,0,0.16,1,3.64,1,"baja",4143.53,1381.18,1,"5","5"
166,"2","1",0.167,0.0167,38,"35-65",19,123,1686,6,13067,186,"mixta",17851,"particular","turismo","gasolina","M","otro","otro","anual",0,2,"superior","presencial",0,0,0,0,0.167,0,0.167,1,"baja",0,NA,0,"2","2"
167,"2","1",3.02,0.302,51,"35-65",31,125,1625,1,25943,191,"mixta",22311,"particular","turismo","gasolina","M","blanco","casado","anual",0,1,"basico","presencial",0,0,0,0,3.02,0,10,0,"fin_estudio",0,NA,0,"3","3"
168,"2","1",4.016,0.4016,50,"35-65",21,139,2043,8,9304,282,"mixta",6242,"particular","turismo","diesel","M","gris","casado","mensual",1,1,"medio","presencial",0,1,0,0,4.016,0,10,0,"fin_estudio",0,NA,0,"3","3"
169,"2","1",6.882,0.6882,40,"35-65",15,103,1521,13,23474,589,"mixta",8740,"particular","turismo","diesel","H","blanco","soltero","anual",0,1,"superior","presencial",0,0,0,0,6.882,0,6.882,1,"baja",0,NA,0,"2","1"
170,"2","1",8.268,0.8268,44,"35-65",20,115,1986,8,16179,417,"mixta",9317,"comercial","turismo","diesel","M","otro","soltero","anual",0,2,"basico","telefonico",1,2,1,2,2.211,1,10,0,"fin_estudio",996.35,996.35,1,"1","1"
171,"2","1",4.887,0.4887,52,"35-65",30,105,1764,7,23186,223,"mixta",10938,"particular","turismo","gasolina","H","rojo","soltero","mensual",0,1,"medio","presencial",1,1,1,2,4.515,1,10,0,"fin_estudio",4786.61,4786.61,1,"3","4"
172,"2","1",7.637,0.7637,44,"35-65",11,154,2437,14,19612,3635,"urbana",13125,"particular","turismo","diesel","M","negro","otro","mensual",1,1,"basico","presencial",8,1,0,1,0.915,1,10,0,"fin_estudio",20737.05,2592.13,1,"5","4"
173,"2","1",5.269,0.5269,67,"65+",35,85,1234,12,17327,1034,"urbana",11021,"particular","furgoneta","gasolina","H","negro","casado","anual",1,1,"superior","telefonico",0,1,0,0,5.269,0,10,0,"fin_estudio",0,NA,0,"1","1"
174,"2","1",9.586,0.9586,51,"35-65",14,108,1922,14,24997,149,"rural",7587,"particular","turismo","diesel","H","otro","soltero","anual",1,1,"basico","presencial",0,3,0,2,9.586,0,10,0,"fin_estudio",0,NA,0,"1","1"
175,"2","1",7.822,0.7822,53,"35-65",27,120,2063,11,14993,574,"mixta",11571,"particular","turismo","diesel","M","gris","casado","anual",0,1,"medio","telefonico",0,1,0,2,7.822,0,10,0,"fin_estudio",0,NA,0,"1","1"
176,"2","1",8.702,0.8702,56,"35-65",22,145,2031,14,31477,58,"rural",19966,"comercial","moto","diesel","H","negro","soltero","anual",0,2,"basico","telefonico",2,6,0,2,0.811,1,10,0,"fin_estudio",10068.23,5034.12,1,"1","1"
177,"2","1",3.889,0.3889,59,"35-65",37,147,2349,13,24932,365,"mixta",21539,"particular","furgoneta","diesel","M","rojo","casado","anual",0,2,"medio","presencial",2,3,0,0,2.075,1,3.889,1,"baja",1861.5,930.75,1,"2","3"
178,"2","1",4.384,0.4384,70,"65+",24,101,1225,4,17935,53,"rural",28940,"particular","turismo","gasolina","M","otro","soltero","mensual",0,1,"medio","presencial",2,7,1,0,3.906,1,5.517,0,"fin_estudio",5238.26,2619.13,1,"3","4"
179,"2","1",4.215,0.4215,54,"35-65",30,118,1891,2,29125,132,"rural",17293,"comercial","furgoneta","diesel","H","otro","soltero","mensual",0,1,"medio","presencial",0,1,0,1,4.215,0,4.215,1,"baja",0,NA,0,"2","1"
180,"2","1",5.832,0.5832,31,"25-35",11,154,2741,5,28611,205,"mixta",11148,"particular","turismo","diesel","H","blanco","soltero","anual",1,1,"basico","presencial",5,2,2,2,3.219,1,5.832,1,"baja",17165.72,3433.14,1,"5","5"
181,"2","1",1.101,0.1101,18,"18-25",0,55,893,11,20041,172,"mixta",9158,"particular","turismo","diesel","M","rojo","casado","anual",0,1,"medio","presencial",0,0,0,0,1.101,0,10,0,"fin_estudio",0,NA,0,"3","3"
182,"2","1",4.563,0.4563,51,"35-65",19,75,935,15,33203,265,"mixta",7435,"particular","turismo","diesel","H","negro","soltero","anual",0,1,"basico","telematico",1,0,1,0,2.449,1,6.988,0,"fin_estudio",3898.31,3898.31,1,"4","4"
183,"2","1",1.01,0.101,42,"35-65",12,162,2358,14,27379,143,"rural",15327,"particular","turismo","diesel","M","gris","otro","anual",0,2,"medio","telematico",0,1,0,0,1.01,0,1.01,1,"baja",0,NA,0,"1","1"
184,"2","1",7.936,0.7936,22,"18-25",3,92,1560,6,7728,46,"rural",5485,"particular","turismo","gasolina","M","otro","soltero","anual",1,1,"medio","presencial",1,1,0,3,3.364,1,10,0,"fin_estudio",791.45,791.45,1,"1","1"
185,"2","1",3.672,0.3672,32,"25-35",7,114,1738,9,36136,291,"mixta",18953,"particular","turismo","diesel","M","rojo","soltero","anual",0,1,"basico","presencial",1,0,0,0,2.864,1,10,0,"fin_estudio",671.96,671.96,1,"5","4"
186,"2","1",2.974,0.2974,23,"18-25",2,62,1052,7,24724,170,"mixta",8051,"particular","turismo","diesel","H","blanco","otro","anual",0,2,"superior","presencial",0,1,0,0,2.974,0,2.974,1,"baja",0,NA,0,"2","2"
187,"2","1",5.293,0.5293,70,"65+",28,234,3478,2,33586,70,"rural",13007,"particular","turismo","gasolina","H","blanco","otro","mensual",1,1,"basico","presencial",1,2,0,2,1.25,1,9.394,0,"fin_estudio",7520.06,7520.06,1,"5","5"
188,"2","1",7.55,0.755,37,"35-65",10,80,1310,8,14180,48,"rural",6098,"particular","turismo","diesel","M","rojo","casado","anual",0,1,"medio","presencial",2,0,0,1,4.728,1,10,0,"fin_estudio",3008.91,1504.45,1,"1","2"
189,"2","1",2.834,0.2834,52,"35-65",15,55,833,7,11352,651,"mixta",6740,"particular","turismo","diesel","M","rojo","casado","mensual",0,1,"basico","presencial",0,2,0,0,2.834,0,8.306,0,"fin_estudio",0,NA,0,"1","1"
190,"2","1",0.931,0.0931,46,"35-65",17,98,1621,0,14203,721,"mixta",15488,"particular","furgoneta","diesel","H","blanco","soltero","mensual",0,1,"medio","telefonico",0,0,0,0,0.931,0,0.931,1,"baja",0,NA,0,"1","1"
191,"2","1",3.878,0.3878,58,"35-65",28,165,2047,5,20851,681,"mixta",12834,"particular","turismo","diesel","M","rojo","casado","anual",0,1,"basico","telematico",0,0,0,3,3.878,0,3.878,1,"baja",0,NA,0,"3","2"
192,"2","1",4.233,0.4233,52,"35-65",18,123,1721,3,27389,66,"rural",9124,"comercial","moto","diesel","H","gris","soltero","anual",1,2,"superior","presencial",1,1,1,0,1.894,1,6.52,0,"fin_estudio",2083.01,2083.01,1,"2","1"
193,"2","1",1.48,0.148,36,"35-65",15,130,2109,9,26347,367,"mixta",11289,"particular","turismo","diesel","M","otro","casado","anual",0,1,"medio","telematico",0,1,0,1,1.48,0,10,0,"fin_estudio",0,NA,0,"4","4"
194,"2","1",4.327,0.4327,41,"35-65",16,98,1511,1,24254,157,"mixta",5043,"particular","furgoneta","diesel","H","gris","soltero","mensual",0,2,"medio","presencial",0,0,0,1,4.327,0,10,0,"fin_estudio",0,NA,0,"1","1"
195,"2","1",6.415,0.6415,43,"35-65",20,123,2154,13,20007,710,"mixta",5152,"particular","turismo","diesel","M","blanco","casado","mensual",0,1,"medio","telefonico",3,1,0,2,0.361,1,6.415,1,"baja",3326.27,1108.76,1,"3","2"
196,"2","1",1.258,0.1258,30,"25-35",11,79,1310,6,13169,56,"rural",13310,"particular","turismo","gasolina","M","gris","soltero","anual",0,2,"basico","presencial",0,1,0,1,1.258,0,1.258,1,"baja",0,NA,0,"1","1"
197,"3","1",3.264,0.3264,53,"35-65",29,66,1112,6,15738,287,"mixta",11860,"particular","turismo","gasolina","M","gris","soltero","mensual",1,2,"superior","presencial",0,1,0,0,3.264,0,10,0,"fin_estudio",0,NA,0,"1","1"
198,"3","1",3.656,0.3656,63,"35-65",40,171,2160,11,22280,670,"mixta",11619,"particular","turismo","gasolina","H","otro","casado","mensual",1,1,"medio","presencial",0,2,0,2,3.656,0,5.707,0,"fin_estudio",0,NA,0,"4","4"
199,"3","1",1.453,0.1453,47,"35-65",26,79,1279,5,28331,68,"rural",12250,"comercial","turismo","gasolina","H","negro","casado","anual",1,1,"superior","presencial",0,0,0,0,1.453,0,10,0,"fin_estudio",0,NA,0,"1","1"
200,"3","1",8.766,0.8766,47,"35-65",23,156,2707,7,27167,2187,"urbana",21776,"particular","turismo","gasolina","M","otro","otro","anual",1,2,"basico","telefonico",0,6,0,3,8.766,0,10,0,"fin_estudio",0,NA,0,"2","1"
201,"3","1",6.117,0.6117,43,"35-65",19,81,1084,10,41531,179,"mixta",10241,"particular","moto","diesel","H","negro","casado","anual",0,1,"basico","presencial",0,2,0,0,6.117,0,7.768,0,"fin_estudio",0,NA,0,"1","1"
202,"3","1",2.113,0.2113,18,"18-25",0,168,2949,12,25127,1803,"urbana",11945,"particular","turismo","diesel","M","gris","soltero","mensual",0,1,"medio","presencial",0,2,0,0,2.113,0,5.146,0,"fin_estudio",0,NA,0,"1","1"
203,"3","1",7.006,0.7006,33,"25-35",13,148,2078,0,12017,84,"rural",8265,"particular","furgoneta","diesel","H","blanco","soltero","anual",0,2,"medio","presencial",1,1,0,5,4.54,1,10,0,"fin_estudio",1914.6,1914.6,1,"4","4"
204,"3","1",2.7,0.27,60,"35-65",31,112,1787,6,27620,968,"mixta",7366,"particular","turismo","diesel","H","rojo","soltero","mensual",1,1,"superior","telefonico",0,0,0,0,2.7,0,2.7,1,"baja",0,NA,0,"1","1"
205,"3","1",1.591,0.1591,18,"18-25",0,55,800,8,8787,83,"rural",7911,"particular","turismo","diesel","H","gris","casado","mensual",0,1,"basico","presencial",0,1,0,1,1.591,0,2.087,0,"fin_estudio",0,NA,0,"1","1"
206,"3","1",3.982,0.3982,25,"18-25",7,55,800,21,25910,101,"rural",15546,"particular","turismo","diesel","M","blanco","casado","anual",1,1,"basico","presencial",0,2,0,1,3.982,0,3.982,1,"baja",0,NA,0,"1","1"
207,"3","1",3.316,0.3316,43,"35-65",10,59,897,3,8568,1307,"urbana",8676,"comercial","turismo","diesel","H","rojo","casado","anual",1,1,"superior","presencial",0,2,0,1,3.316,0,10,0,"fin_estudio",0,NA,0,"2","2"
208,"3","1",5.779,0.5779,43,"35-65",10,165,2611,6,14732,498,"mixta",11863,"particular","turismo","diesel","H","gris","casado","mensual",0,1,"basico","telefonico",2,3,0,4,3.055,1,10,0,"fin_estudio",2887.49,1443.74,1,"4","4"
209,"3","1",4.738,0.4738,38,"35-65",13,57,844,3,18977,96,"rural",9063,"particular","turismo","diesel","M","rojo","casado","mensual",0,2,"basico","presencial",0,1,0,1,4.738,0,4.738,1,"baja",0,NA,0,"1","1"
210,"3","1",8.616,0.8616,26,"25-35",6,97,1264,11,36371,415,"mixta",3893,"particular","turismo","diesel","H","gris","casado","mensual",0,1,"basico","presencial",1,2,0,2,5.166,1,10,0,"fin_estudio",3920.36,3920.36,1,"2","2"
211,"3","1",6.568,0.6568,56,"35-65",24,120,1831,6,23501,93,"rural",3419,"comercial","turismo","diesel","M","otro","casado","mensual",0,4,"basico","telefonico",1,0,0,2,4.39,1,6.568,1,"baja",4119.11,4119.11,1,"4","3"
212,"3","1",1.081,0.1081,70,"65+",27,168,2743,8,32050,939,"mixta",10909,"particular","turismo","diesel","H","blanco","casado","anual",1,1,"basico","presencial",0,1,0,0,1.081,0,1.081,1,"baja",0,NA,0,"4","4"
213,"3","1",7.295,0.7295,50,"35-65",22,120,1789,5,35041,981,"mixta",8645,"comercial","turismo","gasolina","M","rojo","otro","anual",0,1,"medio","presencial",2,1,3,1,4.763,1,7.295,1,"baja",3360.93,1680.47,1,"5","4"
214,"3","1",2.714,0.2714,30,"25-35",4,155,1971,7,37095,1078,"urbana",12782,"particular","furgoneta","diesel","H","blanco","casado","anual",0,1,"medio","telematico",0,2,1,1,2.714,0,2.714,1,"baja",0,NA,0,"1","1"
215,"3","1",6.781,0.6781,43,"35-65",16,219,2853,12,37981,282,"mixta",7066,"particular","turismo","gasolina","H","rojo","soltero","anual",0,2,"basico","presencial",3,2,1,3,2.749,1,10,0,"fin_estudio",11690.74,3896.91,1,"4","5"
216,"3","1",5.968,0.5968,20,"18-25",2,93,1510,12,21190,390,"mixta",5694,"particular","turismo","diesel","M","otro","casado","anual",0,1,"medio","presencial",1,0,0,2,3.394,1,10,0,"fin_estudio",7071.43,7071.43,1,"2","2"
217,"3","1",1.104,0.1104,42,"35-65",19,176,2594,12,28094,58,"rural",29591,"particular","turismo","diesel","H","gris","otro","mensual",0,2,"basico","presencial",0,1,0,2,1.104,0,10,0,"fin_estudio",0,NA,0,"3","3"
218,"3","1",2.884,0.2884,56,"35-65",32,72,1141,2,15464,81,"rural",8382,"comercial","turismo","diesel","H","otro","soltero","anual",0,1,"superior","telefonico",0,1,0,0,2.884,0,10,0,"fin_estudio",0,NA,0,"1","1"
219,"3","1",1.437,0.1437,34,"25-35",14,111,1581,0,32537,357,"mixta",18071,"particular","turismo","gasolina","H","negro","soltero","mensual",0,1,"basico","presencial",0,0,0,1,1.437,0,10,0,"fin_estudio",0,NA,0,"2","2"
220,"3","1",9.834,0.9834,34,"25-35",13,120,1573,6,21888,492,"mixta",18718,"particular","turismo","diesel","H","otro","soltero","mensual",0,1,"superior","telematico",0,5,1,5,9.834,0,10,0,"fin_estudio",0,NA,0,"1","1"
221,"3","1",3.348,0.3348,47,"35-65",28,124,1620,2,21191,199,"mixta",7671,"particular","turismo","diesel","H","negro","casado","mensual",0,2,"superior","telematico",0,0,0,3,3.348,0,5.468,0,"fin_estudio",0,NA,0,"1","1"
222,"3","1",9.599,0.9599,62,"35-65",37,113,1446,6,12200,30,"rural",8717,"particular","furgoneta","diesel","H","blanco","casado","mensual",0,1,"superior","telefonico",0,1,0,2,9.599,0,10,0,"fin_estudio",0,NA,0,"1","1"
223,"3","1",4.339,0.4339,35,"25-35",14,59,904,1,24478,378,"mixta",13441,"comercial","turismo","gasolina","M","rojo","casado","anual",0,1,"medio","presencial",0,0,0,1,4.339,0,10,0,"fin_estudio",0,NA,0,"1","1"
224,"3","1",1.268,0.1268,39,"35-65",12,67,969,16,31664,627,"mixta",10022,"particular","turismo","diesel","M","gris","soltero","anual",0,2,"superior","presencial",0,0,0,0,1.268,0,1.268,1,"baja",0,NA,0,"3","3"
225,"3","1",3.591,0.3591,56,"35-65",14,111,1418,5,22493,446,"mixta",8734,"particular","turismo","diesel","H","rojo","casado","mensual",1,1,"basico","telefonico",0,0,0,2,3.591,0,3.591,1,"baja",0,NA,0,"1","1"
226,"3","1",4.62,0.462,56,"35-65",31,124,1692,5,20324,192,"mixta",17155,"particular","moto","gasolina","H","gris","casado","mensual",0,1,"superior","presencial",1,2,0,2,3.555,1,10,0,"fin_estudio",2502.45,2502.45,1,"2","2"
227,"3","1",4.001,0.4001,41,"35-65",21,114,1443,7,27633,116,"rural",16533,"particular","moto","diesel","H","rojo","soltero","anual",0,3,"medio","presencial",0,3,0,0,4.001,0,10,0,"fin_estudio",0,NA,0,"2","1"
228,"3","1",7.148,0.7148,44,"35-65",23,74,1024,10,16167,134,"rural",28610,"particular","turismo","diesel","H","negro","soltero","anual",1,1,"medio","telefonico",0,0,0,1,7.148,0,10,0,"fin_estudio",0,NA,0,"3","3"
229,"3","1",1.185,0.1185,36,"35-65",8,94,1499,12,21508,468,"mixta",5449,"particular","turismo","diesel","H","blanco","casado","anual",1,1,"medio","presencial",0,1,0,0,1.185,0,1.185,1,"baja",0,NA,0,"5","5"
230,"3","1",5.193,0.5193,79,"65+",44,154,2322,7,13979,1207,"urbana",11726,"particular","furgoneta","diesel","M","negro","soltero","anual",0,1,"superior","presencial",0,4,0,2,5.193,0,5.193,1,"baja",0,NA,0,"1","1"
231,"3","1",5.549,0.5549,55,"35-65",14,101,1607,9,35420,155,"mixta",9347,"particular","turismo","gasolina","H","blanco","soltero","anual",0,2,"medio","presencial",1,1,0,1,2.128,1,5.549,1,"baja",1613.83,1613.83,1,"1","1"
232,"3","1",3.89,0.389,60,"35-65",30,125,1737,4,22984,332,"mixta",8553,"particular","furgoneta","diesel","H","otro","soltero","mensual",0,2,"superior","presencial",0,0,3,0,3.89,0,5.259,0,"fin_estudio",0,NA,0,"1","1"
233,"3","1",1.3,0.13,47,"35-65",18,124,1858,8,20937,254,"mixta",13483,"particular","turismo","diesel","M","negro","casado","mensual",1,1,"basico","presencial",0,0,0,1,1.3,0,1.3,1,"baja",0,NA,0,"3","2"
234,"3","1",2.833,0.2833,27,"25-35",4,106,1672,6,21497,56,"rural",9332,"particular","turismo","diesel","H","otro","casado","anual",1,2,"superior","telefonico",0,1,0,2,2.833,0,10,0,"fin_estudio",0,NA,0,"4","4"
235,"3","1",5.548,0.5548,30,"25-35",4,150,2234,10,28088,96,"rural",8281,"particular","turismo","gasolina","M","otro","soltero","anual",0,2,"basico","presencial",1,1,0,1,1.343,1,10,0,"fin_estudio",789.33,789.33,1,"2","2"
236,"3","1",8.388,0.8388,45,"35-65",17,79,1234,4,20931,163,"mixta",13680,"particular","moto","diesel","H","otro","otro","anual",1,2,"medio","presencial",2,2,1,2,3.503,1,10,0,"fin_estudio",5102.47,2551.23,1,"2","2"
237,"3","1",1.406,0.1406,41,"35-65",13,128,1874,11,22358,251,"mixta",16768,"particular","moto","diesel","M","rojo","casado","anual",0,1,"medio","telematico",0,0,0,0,1.406,0,10,0,"fin_estudio",0,NA,0,"1","1"
238,"3","1",1.328,0.1328,40,"35-65",8,219,2866,5,28414,208,"mixta",18159,"particular","turismo","diesel","M","otro","soltero","anual",1,1,"medio","presencial",0,0,0,0,1.328,0,1.328,1,"baja",0,NA,0,"1","1"
239,"3","1",2.053,0.2053,54,"35-65",20,173,2844,0,35069,1411,"urbana",60000,"particular","furgoneta","diesel","M","gris","casado","mensual",0,1,"medio","presencial",1,1,1,0,1.73,1,2.053,1,"baja",1434.14,1434.14,1,"3","2"
240,"3","1",3.757,0.3757,48,"35-65",13,118,1838,10,28253,730,"mixta",9544,"particular","turismo","gasolina","H","otro","soltero","mensual",1,2,"basico","telefonico",0,1,0,0,3.757,0,3.757,1,"baja",0,NA,0,"1","1"
241,"3","1",4.417,0.4417,47,"35-65",27,97,1239,10,13661,764,"mixta",9323,"particular","turismo","diesel","H","blanco","soltero","anual",0,1,"superior","presencial",0,2,0,2,4.417,0,10,0,"fin_estudio",0,NA,0,"4","4"
242,"3","1",1.016,0.1016,57,"35-65",38,121,1593,5,14508,68,"rural",7271,"particular","moto","diesel","M","negro","casado","mensual",0,1,"superior","presencial",0,0,0,0,1.016,0,7.928,0,"fin_estudio",0,NA,0,"1","1"
243,"3","1",1.88,0.188,40,"35-65",18,145,1911,1,23194,18,"rural",5255,"particular","turismo","gasolina","H","negro","otro","mensual",1,1,"basico","presencial",0,1,0,2,1.88,0,10,0,"fin_estudio",0,NA,0,"2","2"
244,"3","1",3.085,0.3085,39,"35-65",12,68,1203,10,44496,43,"rural",18326,"particular","turismo","gasolina","H","blanco","casado","mensual",1,1,"basico","presencial",0,3,0,0,3.085,0,7.386,0,"fin_estudio",0,NA,0,"1","1"
245,"3","1",3.954,0.3954,35,"25-35",14,108,1686,3,32598,334,"mixta",10154,"particular","turismo","gasolina","H","otro","casado","anual",0,1,"superior","telematico",1,0,0,0,3.288,1,3.954,1,"baja",3785.65,3785.65,1,"1","2"
246,"3","1",7.256,0.7256,42,"35-65",18,82,1351,13,37958,336,"mixta",13888,"particular","turismo","diesel","M","otro","casado","anual",1,1,"superior","presencial",4,0,1,2,1.039,1,10,0,"fin_estudio",12610.32,3152.58,1,"5","5"
247,"3","1",2.15,0.215,50,"35-65",31,119,1974,1,36603,942,"mixta",13494,"particular","turismo","diesel","M","negro","soltero","anual",0,2,"medio","presencial",0,0,0,0,2.15,0,10,0,"fin_estudio",0,NA,0,"1","1"
248,"3","1",3.78,0.378,38,"35-65",17,71,992,11,16239,209,"mixta",23724,"particular","turismo","diesel","M","gris","soltero","anual",0,1,"medio","presencial",0,0,0,0,3.78,0,3.78,1,"baja",0,NA,0,"3","3"
249,"3","1",0.477,0.0477,50,"35-65",19,108,1888,3,22405,179,"mixta",11744,"particular","turismo","gasolina","H","rojo","soltero","mensual",1,2,"basico","presencial",0,0,0,0,0.477,0,0.477,1,"baja",0,NA,0,"4","4"
250,"3","1",1.989,0.1989,43,"35-65",23,171,2411,10,18755,206,"mixta",27121,"particular","turismo","gasolina","M","gris","soltero","anual",0,2,"medio","presencial",1,1,0,0,0.662,1,1.989,1,"baja",1178.23,1178.23,1,"4","4"
251,"3","1",3.279,0.3279,25,"18-25",4,162,2253,3,29693,206,"mixta",13009,"comercial","furgoneta","diesel","H","negro","otro","anual",0,3,"superior","presencial",0,2,0,1,3.279,0,6.463,0,"fin_estudio",0,NA,0,"1","1"
252,"3","1",7.465,0.7465,40,"35-65",13,103,1575,9,24458,862,"mixta",27430,"particular","turismo","diesel","M","gris","soltero","anual",0,1,"basico","presencial",8,8,0,1,1.037,1,10,0,"fin_estudio",20103.02,2512.88,1,"5","5"
253,"3","1",1.825,0.1825,56,"35-65",33,96,1717,10,29136,220,"mixta",7353,"particular","turismo","gasolina","H","negro","soltero","mensual",0,2,"medio","presencial",1,0,0,0,1.753,1,7.471,0,"fin_estudio",3241.51,3241.51,1,"3","4"
254,"3","1",8.075,0.8075,48,"35-65",25,104,1318,6,15007,558,"mixta",6653,"particular","turismo","gasolina","H","blanco","soltero","mensual",0,1,"medio","presencial",1,2,2,1,3.867,1,9.998,0,"fin_estudio",645.09,645.09,1,"1","1"
255,"3","1",1.046,0.1046,25,"18-25",6,63,982,6,30849,814,"mixta",13337,"particular","furgoneta","gasolina","H","negro","casado","mensual",0,1,"superior","presencial",0,0,0,0,1.046,0,10,0,"fin_estudio",0,NA,0,"2","2"
256,"3","1",8.992,0.8992,53,"35-65",15,103,1780,14,24318,630,"mixta",32173,"particular","furgoneta","diesel","M","blanco","casado","mensual",0,2,"medio","telefonico",0,3,0,1,8.992,0,9.298,0,"fin_estudio",0,NA,0,"1","1"
257,"3","1",4.561,0.4561,39,"35-65",16,105,1614,11,29549,121,"rural",20057,"particular","turismo","gasolina","M","rojo","casado","anual",1,1,"basico","telematico",0,2,0,0,4.561,0,4.561,1,"baja",0,NA,0,"1","1"
258,"3","1",3.616,0.3616,32,"25-35",6,122,1494,5,18505,231,"mixta",15462,"particular","turismo","gasolina","M","rojo","soltero","anual",1,2,"superior","presencial",0,0,0,3,3.616,0,3.616,1,"baja",0,NA,0,"1","1"
259,"3","1",2.228,0.2228,39,"35-65",15,141,2108,8,25451,457,"mixta",21749,"particular","turismo","gasolina","H","rojo","soltero","anual",1,1,"medio","presencial",0,2,0,0,2.228,0,7.35,0,"fin_estudio",0,NA,0,"1","1"
260,"3","1",6.607,0.6607,66,"65+",30,139,2153,8,24177,131,"rural",45026,"particular","furgoneta","diesel","H","blanco","soltero","anual",0,1,"medio","presencial",4,3,0,3,4.242,1,6.703,0,"fin_estudio",11199.23,2799.81,1,"5","5"
261,"3","1",4.569,0.4569,46,"35-65",13,179,2671,15,30148,281,"mixta",11011,"particular","turismo","gasolina","H","otro","soltero","anual",1,1,"basico","telefonico",0,2,0,1,4.569,0,4.569,1,"baja",0,NA,0,"1","1"
262,"3","1",1.839,0.1839,41,"35-65",11,74,1113,12,26265,472,"mixta",12422,"particular","turismo","diesel","M","negro","soltero","anual",1,1,"medio","telematico",0,0,0,1,1.839,0,1.839,1,"baja",0,NA,0,"2","2"
263,"3","1",5.029,0.5029,65,"35-65",26,76,1144,3,21819,970,"mixta",12013,"particular","turismo","diesel","M","blanco","casado","anual",0,2,"superior","presencial",0,2,0,1,5.029,0,5.56,0,"fin_estudio",0,NA,0,"1","1"
264,"3","1",3.638,0.3638,40,"35-65",18,67,985,16,28644,224,"mixta",9851,"particular","turismo","gasolina","M","rojo","soltero","anual",0,1,"medio","presencial",0,1,0,1,3.638,0,4.064,0,"fin_estudio",0,NA,0,"1","1"
265,"3","1",9.076,0.9076,40,"35-65",20,172,2871,2,17985,194,"mixta",11774,"particular","turismo","diesel","M","gris","soltero","mensual",1,2,"medio","presencial",0,1,0,1,9.076,0,9.076,1,"baja",0,NA,0,"1","1"
266,"3","1",2.947,0.2947,37,"35-65",11,101,1238,9,26952,737,"mixta",19926,"particular","turismo","gasolina","H","rojo","soltero","anual",0,1,"superior","presencial",2,0,0,0,2.18,1,2.947,1,"baja",4614.14,2307.07,1,"4","5"
267,"3","1",2.789,0.2789,47,"35-65",15,112,1436,5,28284,279,"mixta",13260,"particular","turismo","gasolina","H","rojo","soltero","anual",0,1,"basico","presencial",0,0,0,2,2.789,0,2.789,1,"baja",0,NA,0,"4","4"
268,"3","1",0.695,0.0695,40,"35-65",16,181,2920,10,27713,90,"rural",6322,"particular","turismo","gasolina","H","blanco","otro","anual",0,1,"basico","presencial",1,0,0,1,0.031,1,0.695,1,"baja",4058.55,4058.55,1,"4","4"
269,"3","1",1.074,0.1074,59,"35-65",36,130,2042,13,28510,353,"mixta",4714,"particular","turismo","diesel","M","gris","soltero","mensual",1,1,"basico","presencial",0,0,0,1,1.074,0,10,0,"fin_estudio",0,NA,0,"3","3"
270,"3","1",9.123,0.9123,18,"18-25",0,118,1771,7,24266,698,"mixta",13945,"particular","turismo","gasolina","H","otro","soltero","mensual",1,1,"basico","telefonico",1,2,0,2,5.116,1,10,0,"fin_estudio",2338.13,2338.13,1,"3","3"
271,"3","1",4.801,0.4801,42,"35-65",16,76,1310,1,22144,1006,"urbana",10956,"particular","turismo","gasolina","H","otro","casado","anual",0,1,"medio","telematico",1,1,1,0,1.812,1,4.801,1,"baja",2396.54,2396.54,1,"3","2"
272,"3","1",4.655,0.4655,43,"35-65",9,78,1295,7,22022,42,"rural",13723,"particular","moto","diesel","H","otro","casado","mensual",1,2,"superior","presencial",2,4,0,2,3.626,1,4.655,1,"baja",6961.64,3480.82,1,"5","5"
273,"3","1",0.642,0.0642,43,"35-65",18,96,1685,7,20482,1199,"urbana",15267,"particular","turismo","diesel","H","gris","casado","anual",0,1,"basico","telematico",0,1,0,1,0.642,0,0.642,1,"baja",0,NA,0,"1","1"
274,"3","1",0.365,0.0365,18,"18-25",0,133,1649,0,12107,688,"mixta",10346,"particular","turismo","gasolina","M","negro","soltero","mensual",0,3,"basico","presencial",0,0,0,0,0.365,0,0.365,1,"baja",0,NA,0,"3","3"
275,"3","1",6.642,0.6642,54,"35-65",19,60,817,8,17116,543,"mixta",13684,"particular","turismo","diesel","M","rojo","casado","anual",0,1,"basico","presencial",0,0,0,4,6.642,0,8.973,0,"fin_estudio",0,NA,0,"1","1"
276,"3","1",5.895,0.5895,33,"25-35",14,85,1459,2,11373,655,"mixta",15375,"particular","turismo","diesel","M","gris","soltero","anual",1,1,"superior","telematico",0,3,0,2,5.895,0,5.895,1,"baja",0,NA,0,"1","1"
277,"3","1",3.47,0.347,51,"35-65",22,111,1592,6,29850,140,"rural",6709,"particular","furgoneta","gasolina","M","gris","casado","anual",0,1,"basico","telefonico",0,0,1,2,3.47,0,10,0,"fin_estudio",0,NA,0,"3","3"
278,"3","1",5.362,0.5362,88,"65+",44,101,1731,0,22332,244,"mixta",12408,"particular","turismo","diesel","M","blanco","soltero","anual",1,1,"basico","telefonico",0,1,0,2,5.362,0,5.362,1,"baja",0,NA,0,"1","1"
279,"3","1",5.552,0.5552,65,"35-65",30,179,2725,9,12992,101,"rural",21173,"particular","turismo","gasolina","M","otro","casado","anual",1,2,"medio","presencial",0,1,0,2,5.552,0,6.331,0,"fin_estudio",0,NA,0,"1","1"
280,"3","1",5.197,0.5197,40,"35-65",8,55,896,7,19375,735,"mixta",21223,"particular","turismo","diesel","H","rojo","casado","anual",1,2,"basico","presencial",2,2,0,0,1.734,1,5.197,1,"baja",2864.09,1432.05,1,"2","2"
281,"3","1",7.743,0.7743,66,"65+",26,84,1342,5,14755,291,"mixta",11239,"particular","turismo","gasolina","H","gris","soltero","mensual",0,1,"basico","presencial",0,2,0,2,7.743,0,7.743,1,"baja",0,NA,0,"1","1"
282,"3","1",1.488,0.1488,42,"35-65",13,85,1316,10,3224,349,"mixta",8934,"particular","furgoneta","diesel","M","blanco","casado","mensual",0,1,"basico","presencial",0,2,1,0,1.488,0,1.488,1,"baja",0,NA,0,"3","2"
283,"3","1",2.117,0.2117,28,"25-35",8,55,922,7,12333,140,"rural",12801,"particular","turismo","gasolina","H","negro","soltero","anual",0,1,"basico","telematico",0,0,0,0,2.117,0,10,0,"fin_estudio",0,NA,0,"1","1"
284,"3","1",8.551,0.8551,36,"35-65",11,66,1034,10,23122,96,"rural",7489,"particular","turismo","diesel","H","blanco","soltero","anual",0,1,"basico","telematico",0,2,1,2,8.551,0,8.801,0,"fin_estudio",0,NA,0,"2","1"
285,"3","1",5.095,0.5095,39,"35-65",11,136,2201,11,21975,2800,"urbana",12484,"particular","furgoneta","diesel","M","blanco","casado","anual",0,1,"medio","presencial",4,1,1,2,2.485,1,10,0,"fin_estudio",7449.14,1862.29,1,"5","5"
286,"3","1",6.439,0.6439,46,"35-65",15,55,800,9,19250,34,"rural",16481,"particular","turismo","gasolina","M","otro","soltero","anual",0,3,"basico","telematico",0,2,1,0,6.439,0,6.439,1,"baja",0,NA,0,"1","1"
287,"3","1",7.08,0.708,18,"18-25",0,107,1845,16,23007,155,"mixta",4518,"particular","turismo","diesel","M","rojo","casado","anual",0,1,"basico","presencial",0,5,0,0,7.08,0,10,0,"fin_estudio",0,NA,0,"1","1"
288,"3","1",3.695,0.3695,46,"35-65",22,198,3017,3,27083,64,"rural",21415,"particular","turismo","diesel","M","rojo","casado","anual",0,1,"medio","presencial",0,2,0,0,3.695,0,10,0,"fin_estudio",0,NA,0,"2","2"
289,"3","1",2.94,0.294,44,"35-65",14,141,1996,7,6960,1073,"urbana",14699,"comercial","turismo","diesel","M","otro","casado","mensual",0,2,"basico","telematico",1,2,1,3,1.212,1,2.94,1,"baja",1219.19,1219.19,1,"4","4"
290,"3","1",6.024,0.6024,41,"35-65",18,114,1663,6,27715,152,"mixta",24179,"particular","moto","diesel","M","gris","casado","anual",0,1,"medio","telematico",1,1,0,1,3.723,1,6.207,0,"fin_estudio",5997.61,5997.61,1,"1","1"
291,"3","1",8.462,0.8462,56,"35-65",31,92,1599,18,21252,438,"mixta",8186,"particular","furgoneta","diesel","M","negro","casado","mensual",0,2,"basico","presencial",2,0,1,3,1.25,1,10,0,"fin_estudio",3274.42,1637.21,1,"4","4"
292,"3","1",5.579,0.5579,56,"35-65",20,124,2224,7,27892,215,"mixta",8560,"particular","turismo","diesel","H","otro","soltero","mensual",1,1,"basico","telematico",0,2,1,0,5.579,0,5.619,0,"fin_estudio",0,NA,0,"1","1"
293,"3","1",9.715,0.9715,39,"35-65",16,96,1545,0,22490,147,"rural",11499,"particular","turismo","diesel","H","gris","soltero","anual",1,2,"medio","telematico",3,0,0,4,1.007,1,10,0,"fin_estudio",3747.98,1249.33,1,"5","4"
294,"3","1",9.746,0.9746,62,"35-65",20,159,2290,5,24651,447,"mixta",12260,"particular","turismo","diesel","M","gris","soltero","anual",1,2,"medio","presencial",4,2,0,1,3.99,1,10,0,"fin_estudio",7611.13,1902.78,1,"3","2"
295,"3","1",7.74,0.774,50,"35-65",14,136,1944,10,11325,68,"rural",12462,"particular","turismo","gasolina","H","blanco","soltero","anual",0,1,"medio","presencial",0,1,0,5,7.74,0,10,0,"fin_estudio",0,NA,0,"1","1"
296,"3","1",0.414,0.0414,49,"35-65",23,101,1382,17,47318,92,"rural",18312,"particular","turismo","gasolina","H","otro","soltero","anual",1,1,"basico","telefonico",0,0,0,0,0.414,0,0.414,1,"baja",0,NA,0,"5","5"
297,"3","1",6.115,0.6115,46,"35-65",24,158,2471,9,38543,609,"mixta",11138,"particular","turismo","gasolina","H","otro","soltero","anual",0,1,"basico","telematico",0,1,1,1,6.115,0,10,0,"fin_estudio",0,NA,0,"5","5"
298,"3","1",7.303,0.7303,38,"35-65",15,104,1691,4,26203,179,"mixta",19618,"particular","turismo","gasolina","M","negro","soltero","anual",0,2,"medio","presencial",0,3,1,3,7.303,0,10,0,"fin_estudio",0,NA,0,"3","3"
299,"3","1",9.024,0.9024,30,"25-35",10,121,1923,7,26882,890,"mixta",26748,"particular","turismo","diesel","M","negro","soltero","anual",1,1,"basico","presencial",6,2,2,4,1.875,1,10,0,"fin_estudio",18020.81,3003.47,1,"5","5"
300,"3","1",9.695,0.9695,53,"35-65",24,138,2221,6,17802,212,"mixta",14577,"comercial","turismo","diesel","M","rojo","casado","anual",0,1,"medio","presencial",0,4,0,4,9.695,0,10,0,"fin_estudio",0,NA,0,"1","1"
301,"3","1",3.677,0.3677,62,"35-65",43,189,3340,0,42412,84,"rural",16140,"particular","turismo","gasolina","H","gris","casado","anual",0,1,"medio","telematico",1,0,0,1,1.75,1,3.677,1,"baja",1624.5,1624.5,1,"3","3"
302,"3","1",8.857,0.8857,73,"65+",23,64,935,6,15379,125,"rural",19516,"particular","turismo","gasolina","H","negro","soltero","mensual",0,1,"medio","presencial",0,6,2,2,8.857,0,10,0,"fin_estudio",0,NA,0,"1","1"
303,"3","1",5,0.5,47,"35-65",29,157,2678,6,18962,39,"rural",20917,"particular","turismo","gasolina","H","negro","soltero","mensual",0,1,"basico","presencial",0,1,0,0,5,0,5,1,"baja",0,NA,0,"1","1"
304,"3","1",5.668,0.5668,32,"25-35",12,96,1309,8,29251,74,"rural",23273,"particular","turismo","diesel","M","gris","casado","anual",0,1,"superior","presencial",0,2,0,2,5.668,0,7.502,0,"fin_estudio",0,NA,0,"2","1"
305,"3","1",4.067,0.4067,32,"25-35",8,136,1952,17,23769,207,"mixta",11729,"comercial","turismo","diesel","M","otro","casado","anual",1,1,"medio","telefonico",3,0,0,4,0.28,1,4.615,0,"fin_estudio",3815.4,1271.8,1,"5","4"
306,"3","1",5.907,0.5907,61,"35-65",41,65,1091,9,11784,100,"rural",11303,"particular","turismo","gasolina","M","gris","soltero","mensual",1,2,"basico","telefonico",0,4,1,1,5.907,0,10,0,"fin_estudio",0,NA,0,"1","1"
307,"3","1",4.942,0.4942,54,"35-65",32,115,1666,0,17572,395,"mixta",8131,"particular","turismo","gasolina","H","blanco","casado","anual",0,1,"superior","telefonico",0,0,0,4,4.942,0,5.438,0,"fin_estudio",0,NA,0,"1","1"
308,"4","1",3.083,0.3083,27,"25-35",7,73,1013,11,19987,3537,"urbana",13156,"comercial","turismo","gasolina","M","rojo","casado","anual",0,1,"basico","presencial",1,1,1,0,0.197,1,3.083,1,"baja",5122.67,5122.67,1,"2","2"
309,"4","1",3.904,0.3904,53,"35-65",28,133,1656,5,34861,3740,"urbana",12357,"particular","turismo","diesel","H","blanco","casado","anual",0,3,"basico","presencial",4,0,0,0,1.588,1,4.512,0,"fin_estudio",24018.49,6004.62,1,"4","5"
310,"4","1",6.189,0.6189,38,"35-65",8,106,1905,9,18762,153,"mixta",6432,"particular","moto","diesel","H","negro","casado","anual",0,2,"superior","telefonico",0,0,1,0,6.189,0,10,0,"fin_estudio",0,NA,0,"1","1"
311,"4","1",3.319,0.3319,41,"35-65",22,121,1665,7,25416,365,"mixta",13967,"particular","turismo","diesel","M","otro","soltero","mensual",0,1,"medio","presencial",0,0,0,2,3.319,0,3.319,1,"baja",0,NA,0,"1","1"
312,"4","1",3.89,0.389,55,"35-65",25,109,1782,4,20287,735,"mixta",15002,"particular","turismo","gasolina","M","gris","casado","mensual",0,2,"medio","presencial",0,1,0,2,3.89,0,3.89,1,"baja",0,NA,0,"1","1"
313,"4","1",3.316,0.3316,64,"35-65",19,142,2541,4,26388,360,"mixta",13919,"particular","turismo","diesel","M","otro","casado","mensual",0,1,"basico","presencial",1,3,0,1,3.088,1,3.316,1,"baja",1779.85,1779.85,1,"1","2"
314,"4","1",1.542,0.1542,34,"25-35",10,84,1129,9,4236,244,"mixta",9025,"particular","turismo","gasolina","H","blanco","soltero","anual",0,2,"superior","presencial",0,1,1,0,1.542,0,10,0,"fin_estudio",0,NA,0,"1","1"
315,"4","1",6.7,0.67,40,"35-65",16,118,2105,13,28705,247,"mixta",13299,"particular","turismo","gasolina","H","negro","soltero","mensual",0,1,"basico","presencial",0,1,1,2,6.7,0,10,0,"fin_estudio",0,NA,0,"2","1"
316,"4","1",3.871,0.3871,62,"35-65",40,66,932,16,23033,193,"mixta",11407,"particular","turismo","gasolina","M","rojo","casado","anual",1,1,"superior","telefonico",0,3,0,1,3.871,0,4.73,0,"fin_estudio",0,NA,0,"5","5"
317,"4","1",3.972,0.3972,28,"25-35",9,148,2495,10,19596,118,"rural",5017,"particular","turismo","gasolina","H","otro","otro","anual",1,1,"basico","presencial",0,2,0,1,3.972,0,3.972,1,"baja",0,NA,0,"3","3"
318,"4","1",2.256,0.2256,37,"35-65",11,149,2429,9,30930,682,"mixta",52486,"particular","turismo","diesel","H","blanco","casado","anual",0,1,"basico","telefonico",1,0,0,1,1.827,1,10,0,"fin_estudio",2486.05,2486.05,1,"5","4"
319,"4","1",1.324,0.1324,51,"35-65",15,151,1975,13,37983,265,"mixta",6245,"particular","turismo","diesel","M","negro","soltero","anual",0,2,"superior","presencial",0,0,0,0,1.324,0,4.297,0,"fin_estudio",0,NA,0,"3","3"
320,"4","1",4.438,0.4438,30,"25-35",5,136,2290,6,32916,159,"mixta",8793,"comercial","turismo","diesel","M","blanco","casado","mensual",0,2,"basico","telematico",0,1,0,0,4.438,0,4.438,1,"baja",0,NA,0,"3","2"
321,"4","1",6.924,0.6924,36,"35-65",7,112,1457,14,12073,198,"mixta",13896,"particular","turismo","diesel","H","blanco","casado","anual",1,1,"basico","presencial",0,3,0,2,6.924,0,10,0,"fin_estudio",0,NA,0,"1","1"
322,"4","1",5.044,0.5044,51,"35-65",25,175,2736,11,37218,175,"mixta",6429,"particular","turismo","gasolina","H","rojo","soltero","mensual",1,1,"medio","presencial",0,0,0,1,5.044,0,10,0,"fin_estudio",0,NA,0,"1","1"
323,"4","1",1.431,0.1431,26,"25-35",6,103,1450,12,31452,239,"mixta",20796,"particular","turismo","gasolina","H","otro","soltero","anual",1,1,"superior","telefonico",0,0,0,0,1.431,0,10,0,"fin_estudio",0,NA,0,"2","1"
324,"4","1",8.43,0.843,18,"18-25",0,55,866,8,8609,420,"mixta",11488,"comercial","turismo","gasolina","H","negro","otro","anual",1,1,"superior","presencial",2,1,0,3,6.211,1,10,0,"fin_estudio",5784.46,2892.23,1,"3","3"
325,"4","1",5.248,0.5248,63,"35-65",35,99,1704,6,22573,2766,"urbana",20581,"comercial","turismo","diesel","M","rojo","soltero","mensual",0,1,"basico","presencial",1,3,0,0,1.506,1,8.054,0,"fin_estudio",498.02,498.02,1,"1","1"
326,"4","1",3.639,0.3639,63,"35-65",29,71,1198,12,29031,270,"mixta",18464,"particular","turismo","gasolina","M","gris","casado","mensual",1,1,"basico","telematico",0,3,1,0,3.639,0,10,0,"fin_estudio",0,NA,0,"4","3"
327,"4","1",5.952,0.5952,37,"35-65",16,55,800,6,17445,107,"rural",3486,"particular","furgoneta","diesel","H","blanco","casado","mensual",1,1,"basico","presencial",1,0,0,2,3.93,1,10,0,"fin_estudio",2115.04,2115.04,1,"3","3"
328,"4","1",5.27,0.527,45,"35-65",24,114,1799,4,38818,94,"rural",7698,"comercial","turismo","gasolina","M","otro","casado","mensual",0,1,"medio","telefonico",0,1,0,2,5.27,0,6.401,0,"fin_estudio",0,NA,0,"1","1"
329,"4","1",3.944,0.3944,28,"25-35",6,55,913,12,17128,356,"mixta",7523,"particular","turismo","diesel","M","rojo","otro","mensual",0,1,"basico","presencial",0,1,0,0,3.944,0,10,0,"fin_estudio",0,NA,0,"1","1"
330,"4","1",3.852,0.3852,35,"25-35",16,137,1938,9,22806,304,"mixta",8120,"comercial","turismo","gasolina","H","blanco","soltero","anual",0,1,"basico","presencial",0,0,0,2,3.852,0,10,0,"fin_estudio",0,NA,0,"3","2"
331,"4","1",7.629,0.7629,37,"35-65",11,108,1599,4,22630,311,"mixta",21469,"particular","turismo","diesel","H","blanco","casado","mensual",0,1,"medio","telefonico",0,4,0,0,7.629,0,10,0,"fin_estudio",0,NA,0,"2","1"
332,"4","1",6.02,0.602,31,"25-35",11,55,800,9,15457,1827,"urbana",19927,"particular","turismo","diesel","M","blanco","soltero","anual",0,1,"basico","presencial",5,3,0,2,1.292,1,8.166,0,"fin_estudio",5035.08,1007.02,1,"5","5"
333,"4","1",3.26,0.326,58,"35-65",28,55,985,5,28428,469,"mixta",9884,"particular","turismo","diesel","H","gris","casado","anual",0,3,"basico","presencial",1,1,0,1,0.164,1,3.26,1,"baja",2004.53,2004.53,1,"4","4"
334,"4","1",6.703,0.6703,42,"35-65",20,176,2521,0,20445,1296,"urbana",11032,"particular","turismo","diesel","M","negro","casado","anual",0,1,"medio","presencial",2,1,0,0,1.642,1,6.703,1,"baja",4894.91,2447.46,1,"3","3"
335,"4","1",9.853,0.9853,57,"35-65",24,104,1330,14,26243,171,"mixta",5382,"particular","turismo","gasolina","H","negro","casado","anual",0,2,"medio","presencial",0,3,0,5,9.853,0,10,0,"fin_estudio",0,NA,0,"1","1"
336,"4","1",1.417,0.1417,66,"65+",22,57,1007,11,13696,52,"rural",14695,"particular","furgoneta","diesel","M","negro","soltero","mensual",0,1,"superior","presencial",0,0,0,1,1.417,0,1.483,0,"fin_estudio",0,NA,0,"2","1"
337,"4","1",1.634,0.1634,54,"35-65",18,55,910,13,27228,410,"mixta",34099,"comercial","furgoneta","diesel","H","gris","soltero","anual",0,1,"medio","presencial",0,0,0,0,1.634,0,1.634,1,"baja",0,NA,0,"3","3"
338,"4","1",4.535,0.4535,82,"65+",29,124,1559,4,26566,433,"mixta",18224,"particular","turismo","diesel","H","negro","casado","anual",0,1,"medio","telematico",1,3,0,0,3.999,1,10,0,"fin_estudio",3661.71,3661.71,1,"2","2"
339,"4","1",5.062,0.5062,53,"35-65",18,66,1022,9,24646,138,"rural",17494,"particular","furgoneta","diesel","M","rojo","casado","anual",1,2,"superior","telematico",1,0,0,3,2.986,1,5.768,0,"fin_estudio",1826.49,1826.49,1,"4","4"
340,"4","1",6.822,0.6822,41,"35-65",17,55,840,0,20190,1221,"urbana",11819,"particular","turismo","diesel","H","otro","casado","anual",1,2,"superior","telematico",0,0,1,0,6.822,0,6.822,1,"baja",0,NA,0,"1","1"
341,"4","1",8.746,0.8746,55,"35-65",26,156,2161,3,10575,68,"rural",5281,"particular","turismo","gasolina","M","otro","soltero","anual",0,2,"medio","presencial",0,1,0,1,8.746,0,9.073,0,"fin_estudio",0,NA,0,"1","1"
342,"4","1",3.991,0.3991,45,"35-65",10,126,2266,2,30399,157,"mixta",27302,"particular","turismo","diesel","H","otro","casado","mensual",0,1,"medio","presencial",0,3,0,0,3.991,0,9.668,0,"fin_estudio",0,NA,0,"1","1"
343,"4","1",1.07,0.107,48,"35-65",22,94,1503,13,29034,96,"rural",10595,"particular","moto","gasolina","M","otro","soltero","mensual",0,2,"basico","telefonico",0,1,0,0,1.07,0,1.07,1,"baja",0,NA,0,"1","1"
344,"4","1",2.153,0.2153,21,"18-25",1,170,2423,2,33751,300,"mixta",8814,"particular","turismo","diesel","M","otro","casado","anual",0,3,"superior","presencial",0,0,0,0,2.153,0,2.649,0,"fin_estudio",0,NA,0,"5","5"
345,"4","1",5.429,0.5429,51,"35-65",22,115,1866,8,21721,741,"mixta",14603,"particular","furgoneta","gasolina","M","gris","casado","anual",1,2,"superior","presencial",0,2,0,1,5.429,0,8.585,0,"fin_estudio",0,NA,0,"2","1"
346,"4","1",8.156,0.8156,27,"25-35",6,116,1983,15,29399,499,"mixta",9552,"particular","moto","diesel","H","gris","casado","anual",0,1,"superior","presencial",3,5,1,2,3.642,1,10,0,"fin_estudio",10187.12,3395.71,1,"4","4"
347,"4","1",3.546,0.3546,47,"35-65",14,119,1815,5,20044,937,"mixta",15609,"comercial","turismo","diesel","H","gris","soltero","anual",1,2,"basico","presencial",0,1,0,1,3.546,0,3.546,1,"baja",0,NA,0,"3","3"
348,"4","1",8.257,0.8257,48,"35-65",14,94,1135,6,2457,1136,"urbana",19107,"particular","turismo","diesel","H","rojo","soltero","anual",0,1,"superior","telematico",1,4,0,4,0.093,1,8.257,1,"baja",2326.32,2326.32,1,"2","2"
349,"4","1",9.44,0.944,65,"35-65",18,90,1144,10,22288,567,"mixta",9443,"particular","turismo","gasolina","H","otro","soltero","anual",0,1,"medio","presencial",0,2,0,3,9.44,0,9.899,0,"fin_estudio",0,NA,0,"1","1"
350,"4","1",1.349,0.1349,50,"35-65",16,101,1285,2,23092,435,"mixta",8653,"particular","turismo","diesel","H","otro","soltero","anual",0,1,"basico","telefonico",0,0,0,0,1.349,0,5.764,0,"fin_estudio",0,NA,0,"3","3"
351,"4","1",0.751,0.0751,51,"35-65",29,120,1790,0,24074,105,"rural",16643,"particular","turismo","diesel","H","gris","soltero","anual",0,1,"medio","telematico",0,2,0,1,0.751,0,0.751,1,"baja",0,NA,0,"2","2"
352,"4","1",1.042,0.1042,41,"35-65",19,66,882,6,33920,117,"rural",27693,"particular","moto","gasolina","H","rojo","casado","anual",1,1,"medio","presencial",0,1,0,0,1.042,0,4.044,0,"fin_estudio",0,NA,0,"1","1"
353,"4","1",8.791,0.8791,41,"35-65",10,65,1063,0,18322,2262,"urbana",15167,"particular","turismo","diesel","M","gris","soltero","mensual",0,1,"superior","presencial",7,1,1,1,2.854,1,8.791,1,"baja",11368.83,1624.12,1,"5","4"
354,"4","1",2.966,0.2966,72,"65+",43,102,1718,13,29234,579,"mixta",7220,"particular","moto","diesel","H","rojo","soltero","mensual",1,1,"medio","telematico",0,0,0,0,2.966,0,10,0,"fin_estudio",0,NA,0,"2","2"
355,"4","1",4.027,0.4027,41,"35-65",20,147,2584,11,12310,91,"rural",11968,"particular","turismo","diesel","H","gris","otro","anual",0,2,"superior","presencial",0,1,1,1,4.027,0,4.811,0,"fin_estudio",0,NA,0,"2","2"
356,"4","1",7.469,0.7469,44,"35-65",24,59,800,10,18524,565,"mixta",19416,"particular","turismo","gasolina","M","otro","casado","anual",0,1,"medio","telefonico",2,2,0,1,0.103,1,10,0,"fin_estudio",3648.27,1824.13,1,"5","4"
357,"4","1",6.433,0.6433,49,"35-65",18,60,869,13,23651,2776,"urbana",17643,"particular","turismo","diesel","M","negro","casado","mensual",1,1,"superior","presencial",1,2,1,0,3.307,1,6.586,0,"fin_estudio",2155.52,2155.52,1,"2","2"
358,"4","1",7.431,0.7431,67,"65+",41,171,2998,5,30701,100,"rural",20573,"particular","turismo","gasolina","M","negro","otro","anual",0,1,"basico","presencial",2,2,0,2,4.221,1,7.431,1,"baja",14154.11,7077.06,1,"4","3"
359,"4","1",0.601,0.0601,64,"35-65",33,104,1761,7,26045,535,"mixta",15333,"comercial","furgoneta","gasolina","H","rojo","casado","anual",0,1,"basico","presencial",0,2,0,0,0.601,0,0.601,1,"baja",0,NA,0,"3","3"
360,"4","1",1.585,0.1585,50,"35-65",25,124,1860,1,29394,379,"mixta",11563,"particular","turismo","diesel","H","rojo","casado","mensual",0,2,"medio","presencial",0,0,0,1,1.585,0,1.585,1,"baja",0,NA,0,"1","1"
361,"4","1",3.022,0.3022,29,"25-35",11,124,2203,4,35497,224,"mixta",9707,"particular","turismo","gasolina","M","blanco","casado","anual",0,2,"medio","telefonico",0,2,0,1,3.022,0,5.527,0,"fin_estudio",0,NA,0,"1","1"
362,"4","1",7.179,0.7179,77,"65+",59,125,2037,8,33463,691,"mixta",14016,"particular","turismo","diesel","H","negro","soltero","anual",0,1,"basico","presencial",3,4,0,2,1.341,1,7.978,0,"fin_estudio",10277.07,3425.69,1,"4","3"
363,"4","1",0.642,0.0642,51,"35-65",15,116,1625,8,31085,71,"rural",10793,"particular","moto","gasolina","H","gris","soltero","mensual",0,1,"superior","presencial",0,0,0,0,0.642,0,0.642,1,"baja",0,NA,0,"1","1"
364,"4","1",4.358,0.4358,52,"35-65",22,55,800,1,22892,578,"mixta",7096,"particular","furgoneta","gasolina","M","blanco","soltero","mensual",1,2,"superior","telefonico",0,1,0,1,4.358,0,4.876,0,"fin_estudio",0,NA,0,"3","3"
365,"4","1",3.887,0.3887,58,"35-65",34,55,800,13,15171,49,"rural",15906,"particular","turismo","diesel","M","blanco","casado","mensual",0,3,"basico","presencial",0,0,0,1,3.887,0,3.887,1,"baja",0,NA,0,"3","2"
366,"4","1",3.947,0.3947,73,"65+",23,147,1943,5,27213,2581,"urbana",10418,"particular","turismo","gasolina","H","otro","soltero","anual",1,1,"medio","telefonico",1,2,0,0,0.657,1,6.905,0,"fin_estudio",1314.97,1314.97,1,"3","2"
367,"4","1",1.392,0.1392,35,"25-35",13,159,2836,11,34220,825,"mixta",6081,"comercial","turismo","gasolina","H","negro","casado","anual",0,1,"medio","presencial",1,0,0,0,1.046,1,1.392,1,"baja",3737.86,3737.86,1,"1","2"
368,"4","1",6.595,0.6595,39,"35-65",21,131,1842,3,28622,753,"mixta",6797,"particular","turismo","gasolina","M","blanco","casado","anual",0,2,"medio","telefonico",0,2,0,2,6.595,0,6.595,1,"baja",0,NA,0,"1","1"
369,"4","1",2,0.2,35,"25-35",7,129,1684,8,31729,139,"rural",6806,"particular","moto","diesel","H","rojo","casado","mensual",1,2,"basico","presencial",0,0,0,3,2,0,2,1,"baja",0,NA,0,"3","3"
370,"4","1",4.891,0.4891,32,"25-35",6,107,1458,2,33128,103,"rural",8625,"particular","turismo","diesel","M","gris","casado","anual",1,2,"medio","presencial",0,0,1,2,4.891,0,10,0,"fin_estudio",0,NA,0,"1","1"
371,"4","1",4.096,0.4096,43,"35-65",16,72,966,3,33366,193,"mixta",17713,"particular","moto","gasolina","H","negro","soltero","mensual",0,2,"medio","presencial",3,2,0,1,1.823,1,4.096,1,"baja",13651.61,4550.54,1,"5","5"
372,"4","1",2.545,0.2545,59,"35-65",38,109,1336,6,18184,150,"rural",7436,"particular","furgoneta","diesel","H","negro","casado","anual",0,1,"basico","telematico",0,0,0,1,2.545,0,6.213,0,"fin_estudio",0,NA,0,"1","1"
373,"4","1",3.624,0.3624,53,"35-65",28,55,800,12,15775,1050,"urbana",19220,"particular","turismo","gasolina","M","negro","casado","anual",1,1,"medio","presencial",0,2,1,0,3.624,0,3.624,1,"baja",0,NA,0,"3","3"
374,"4","1",3.074,0.3074,47,"35-65",29,208,2509,5,31821,55,"rural",27134,"particular","furgoneta","diesel","H","otro","casado","mensual",0,1,"superior","presencial",0,0,0,0,3.074,0,3.074,1,"baja",0,NA,0,"3","3"
375,"4","1",6.084,0.6084,65,"35-65",38,118,1712,8,24047,197,"mixta",7831,"particular","turismo","diesel","H","negro","casado","anual",1,1,"basico","telematico",0,3,0,0,6.084,0,6.084,1,"baja",0,NA,0,"1","1"
376,"4","1",2.972,0.2972,58,"35-65",17,125,1554,20,26826,264,"mixta",12268,"particular","turismo","gasolina","M","negro","soltero","anual",0,3,"basico","telematico",0,2,0,0,2.972,0,10,0,"fin_estudio",0,NA,0,"2","2"
377,"4","1",4.127,0.4127,62,"35-65",20,89,1231,5,43416,109,"rural",9410,"particular","moto","diesel","M","blanco","casado","anual",0,1,"medio","telematico",1,1,0,1,1.538,1,10,0,"fin_estudio",2742.83,2742.83,1,"5","5"
378,"4","1",4.164,0.4164,44,"35-65",15,80,1333,4,12197,348,"mixta",4347,"particular","furgoneta","diesel","M","blanco","casado","anual",0,1,"superior","telefonico",0,0,0,1,4.164,0,9.549,0,"fin_estudio",0,NA,0,"1","1"
379,"4","1",6.128,0.6128,47,"35-65",18,160,2046,6,19667,696,"mixta",20238,"comercial","turismo","diesel","M","negro","casado","mensual",0,1,"medio","presencial",1,2,1,1,6.103,1,6.128,1,"baja",7369.4,7369.4,1,"2","3"
380,"4","1",3.054,0.3054,31,"25-35",10,130,2003,11,31513,431,"mixta",9847,"particular","furgoneta","diesel","M","negro","casado","anual",0,2,"superior","telematico",1,0,0,1,2.697,1,6.711,0,"fin_estudio",2356.49,2356.49,1,"2","1"
381,"4","1",4.451,0.4451,23,"18-25",2,119,1623,13,33282,947,"mixta",15433,"particular","turismo","gasolina","H","blanco","soltero","anual",1,1,"basico","presencial",5,0,0,0,1.338,1,10,0,"fin_estudio",13877.01,2775.4,1,"5","4"
382,"4","1",4.621,0.4621,44,"35-65",18,88,1343,20,12142,558,"mixta",18938,"particular","turismo","gasolina","H","blanco","soltero","mensual",0,1,"basico","telefonico",1,2,2,2,1.277,1,6.623,0,"fin_estudio",2369.28,2369.28,1,"2","1"
383,"4","1",4.322,0.4322,37,"35-65",12,108,1307,10,21604,1153,"urbana",23243,"particular","turismo","gasolina","M","rojo","casado","anual",0,1,"basico","telefonico",1,2,0,0,3.99,1,4.322,1,"baja",333.01,333.01,1,"2","1"
384,"4","1",9.603,0.9603,53,"35-65",28,129,2048,5,24991,378,"mixta",25704,"comercial","moto","diesel","H","blanco","casado","mensual",1,1,"medio","telematico",4,5,0,1,0.885,1,10,0,"fin_estudio",15973.68,3993.42,1,"5","4"
385,"4","1",3.428,0.3428,49,"35-65",18,98,1512,10,24191,2253,"urbana",15671,"particular","turismo","gasolina","H","blanco","casado","anual",0,1,"superior","telefonico",2,0,0,0,0.297,1,4.737,0,"fin_estudio",8702.86,4351.43,1,"5","5"
386,"4","1",2.697,0.2697,50,"35-65",30,105,1688,0,30373,339,"mixta",14168,"particular","turismo","diesel","M","rojo","casado","mensual",0,1,"superior","telematico",1,2,0,0,2.536,1,4.525,0,"fin_estudio",841.06,841.06,1,"3","4"
387,"4","1",8.211,0.8211,56,"35-65",24,189,2725,7,26466,413,"mixta",11207,"particular","turismo","gasolina","M","gris","otro","anual",0,2,"basico","telematico",0,1,1,1,8.211,0,10,0,"fin_estudio",0,NA,0,"1","1"
388,"4","1",0.491,0.0491,48,"35-65",26,113,1652,8,18664,166,"mixta",19047,"comercial","turismo","gasolina","H","otro","casado","mensual",1,1,"basico","presencial",0,0,0,0,0.491,0,0.491,1,"baja",0,NA,0,"3","3"
389,"4","1",0.172,0.0172,43,"35-65",21,55,819,8,31863,227,"mixta",12628,"particular","turismo","gasolina","H","negro","otro","anual",0,1,"medio","presencial",0,0,0,0,0.172,0,0.172,1,"baja",0,NA,0,"3","3"
390,"4","1",6.945,0.6945,59,"35-65",30,157,2249,16,35354,2924,"urbana",6290,"particular","turismo","diesel","H","negro","casado","anual",1,2,"medio","presencial",1,3,0,2,3.756,1,10,0,"fin_estudio",10620.69,10620.69,1,"2","1"
391,"4","1",5.303,0.5303,41,"35-65",13,64,800,3,17889,131,"rural",9188,"particular","turismo","diesel","H","blanco","casado","anual",1,1,"basico","presencial",0,5,0,3,5.303,0,5.303,1,"baja",0,NA,0,"1","1"
392,"4","1",5.307,0.5307,50,"35-65",18,85,1090,18,21551,717,"mixta",30071,"particular","moto","gasolina","H","gris","soltero","anual",0,2,"basico","presencial",0,1,0,1,5.307,0,5.307,1,"baja",0,NA,0,"2","1"
393,"4","1",1.024,0.1024,55,"35-65",27,79,1412,7,18388,1080,"urbana",8032,"particular","moto","diesel","H","negro","soltero","mensual",0,1,"basico","presencial",1,0,0,0,0.922,1,10,0,"fin_estudio",1632.97,1632.97,1,"5","4"
394,"4","1",1.359,0.1359,55,"35-65",34,101,1642,14,25873,444,"mixta",8082,"particular","turismo","diesel","M","rojo","soltero","mensual",0,1,"basico","presencial",0,0,0,0,1.359,0,1.359,1,"baja",0,NA,0,"3","3"
395,"4","1",5.645,0.5645,60,"35-65",17,133,2249,7,27103,71,"rural",12687,"particular","moto","diesel","H","gris","soltero","mensual",0,1,"basico","presencial",0,3,0,1,5.645,0,5.645,1,"baja",0,NA,0,"1","1"
396,"4","1",2.944,0.2944,59,"35-65",20,87,1503,13,22580,203,"mixta",17904,"particular","furgoneta","diesel","H","blanco","casado","mensual",1,2,"medio","telematico",0,2,0,0,2.944,0,6.475,0,"fin_estudio",0,NA,0,"3","3"
397,"5","1",1.457,0.1457,57,"35-65",21,138,1779,19,33105,187,"mixta",12949,"particular","turismo","gasolina","M","negro","casado","mensual",1,1,"medio","telematico",1,0,0,0,0.904,1,1.457,1,"baja",10506.64,10506.64,1,"5","4"
398,"5","1",3.681,0.3681,53,"35-65",22,73,1223,18,8455,429,"mixta",13166,"particular","turismo","gasolina","M","otro","casado","anual",1,1,"medio","presencial",0,3,0,0,3.681,0,10,0,"fin_estudio",0,NA,0,"1","1"
399,"5","1",4.384,0.4384,58,"35-65",24,103,1797,11,23205,46,"rural",5669,"particular","furgoneta","diesel","M","rojo","otro","mensual",0,1,"basico","telefonico",0,2,2,0,4.384,0,10,0,"fin_estudio",0,NA,0,"2","2"
400,"5","1",5.068,0.5068,56,"35-65",25,175,2968,7,35525,1387,"urbana",11982,"particular","turismo","diesel","H","blanco","casado","anual",0,1,"medio","presencial",0,3,0,1,5.068,0,10,0,"fin_estudio",0,NA,0,"1","1"
401,"5","1",5.898,0.5898,45,"35-65",23,159,2480,8,35910,488,"mixta",15265,"particular","turismo","diesel","H","rojo","soltero","anual",1,2,"medio","presencial",1,4,0,1,3.539,1,5.898,1,"baja",1745.91,1745.91,1,"2","2"
402,"5","1",1.795,0.1795,48,"35-65",20,160,1920,14,36405,555,"mixta",23498,"particular","moto","gasolina","H","rojo","casado","mensual",0,2,"medio","presencial",0,0,0,0,1.795,0,10,0,"fin_estudio",0,NA,0,"3","2"
403,"5","1",5.259,0.5259,52,"35-65",24,109,1367,11,27652,166,"mixta",5016,"particular","turismo","gasolina","M","otro","soltero","anual",1,2,"basico","presencial",0,2,1,0,5.259,0,10,0,"fin_estudio",0,NA,0,"1","1"
404,"5","1",4.209,0.4209,70,"65+",22,110,1583,10,12227,915,"mixta",25281,"particular","turismo","gasolina","M","otro","soltero","anual",0,1,"medio","telematico",1,0,0,0,1.324,1,9.319,0,"fin_estudio",820.96,820.96,1,"1","1"
405,"5","1",4.079,0.4079,21,"18-25",1,136,2100,7,17158,95,"rural",3620,"particular","turismo","diesel","M","gris","casado","anual",0,1,"medio","presencial",1,1,1,1,3.119,1,5.522,0,"fin_estudio",911.11,911.11,1,"5","4"
406,"5","1",2.82,0.282,42,"35-65",16,114,1939,0,31064,271,"mixta",9097,"particular","furgoneta","diesel","M","negro","soltero","mensual",1,1,"basico","presencial",0,1,0,0,2.82,0,2.82,1,"baja",0,NA,0,"2","2"
407,"5","1",5.254,0.5254,47,"35-65",19,77,1235,14,21148,279,"mixta",10277,"comercial","turismo","diesel","H","gris","casado","anual",1,4,"basico","presencial",0,1,0,0,5.254,0,10,0,"fin_estudio",0,NA,0,"1","1"
408,"5","1",4.693,0.4693,56,"35-65",20,107,1305,14,16921,224,"mixta",5645,"particular","turismo","diesel","M","rojo","casado","anual",0,1,"medio","presencial",1,2,1,0,1.859,1,6.896,0,"fin_estudio",492.69,492.69,1,"2","1"
409,"5","1",4.35,0.435,59,"35-65",35,91,1321,3,29224,1178,"urbana",8977,"comercial","turismo","gasolina","H","gris","casado","anual",1,1,"medio","presencial",0,1,0,0,4.35,0,4.35,1,"baja",0,NA,0,"1","1"
410,"5","1",9.005,0.9005,57,"35-65",18,186,3057,6,21561,276,"mixta",10513,"particular","moto","gasolina","H","gris","casado","mensual",0,1,"basico","telefonico",1,3,0,1,3.115,1,10,0,"fin_estudio",4528.67,4528.67,1,"1","1"
411,"5","1",3.728,0.3728,41,"35-65",12,168,2906,1,34085,1284,"urbana",16739,"particular","turismo","gasolina","H","rojo","casado","mensual",0,2,"basico","telefonico",1,3,0,1,2.726,1,4.998,0,"fin_estudio",1191.6,1191.6,1,"4","4"
412,"5","1",3.932,0.3932,24,"18-25",3,64,800,13,28964,465,"mixta",16271,"particular","moto","gasolina","H","otro","soltero","anual",1,2,"medio","telefonico",1,1,0,0,2.444,1,5.741,0,"fin_estudio",1736.18,1736.18,1,"4","4"
413,"5","1",0.487,0.0487,44,"35-65",12,117,1548,15,23183,314,"mixta",10308,"particular","furgoneta","gasolina","M","blanco","casado","anual",0,1,"basico","presencial",0,0,0,0,0.487,0,0.487,1,"baja",0,NA,0,"1","1"
414,"5","1",0.378,0.0378,30,"25-35",12,136,2234,1,30599,75,"rural",15359,"comercial","moto","gasolina","H","blanco","casado","anual",1,1,"basico","telematico",0,0,0,0,0.378,0,0.378,1,"baja",0,NA,0,"1","1"
415,"5","1",1.763,0.1763,18,"18-25",0,96,1582,3,16099,212,"mixta",13077,"particular","moto","gasolina","M","blanco","casado","anual",1,1,"basico","telematico",0,2,0,0,1.763,0,1.763,1,"baja",0,NA,0,"4","3"
416,"5","1",2.922,0.2922,35,"25-35",13,144,2288,8,25502,480,"mixta",9146,"particular","turismo","gasolina","M","gris","casado","anual",1,1,"medio","presencial",1,0,0,0,2.482,1,2.922,1,"baja",490.19,490.19,1,"1","2"
417,"5","1",1.817,0.1817,40,"35-65",17,129,1730,3,30063,1724,"urbana",6048,"particular","moto","diesel","H","negro","soltero","mensual",0,1,"superior","presencial",0,1,0,0,1.817,0,1.817,1,"baja",0,NA,0,"4","3"
418,"5","1",7.486,0.7486,60,"35-65",31,59,836,13,24230,430,"mixta",8263,"particular","turismo","gasolina","H","blanco","soltero","anual",0,1,"medio","presencial",1,1,1,2,6.572,1,7.486,1,"baja",530.64,530.64,1,"2","2"
419,"5","1",2.513,0.2513,28,"25-35",7,109,1717,9,10161,1202,"urbana",15660,"particular","moto","diesel","H","otro","otro","mensual",1,1,"basico","telefonico",1,2,0,0,0.167,1,2.513,1,"baja",2549.76,2549.76,1,"4","4"
420,"5","1",6.41,0.641,47,"35-65",25,138,2095,4,11212,269,"mixta",31786,"comercial","turismo","gasolina","M","gris","soltero","anual",0,1,"superior","presencial",1,6,0,1,3.691,1,10,0,"fin_estudio",721.61,721.61,1,"4","3"
421,"5","1",2.095,0.2095,27,"25-35",7,88,1470,14,15980,1365,"urbana",14092,"particular","turismo","diesel","H","blanco","soltero","anual",1,1,"basico","telefonico",0,0,0,1,2.095,0,2.095,1,"baja",0,NA,0,"1","1"
422,"5","1",5.486,0.5486,64,"35-65",40,127,2067,12,32015,352,"mixta",8892,"particular","furgoneta","gasolina","H","gris","casado","anual",1,3,"basico","presencial",2,2,0,1,3.286,1,5.486,1,"baja",4310.04,2155.02,1,"2","3"
423,"5","1",7.018,0.7018,44,"35-65",23,86,1333,8,20380,257,"mixta",10501,"particular","turismo","gasolina","M","otro","soltero","mensual",1,1,"basico","presencial",0,5,0,0,7.018,0,8.116,0,"fin_estudio",0,NA,0,"2","2"
424,"5","1",1.891,0.1891,45,"35-65",18,159,2021,12,31166,248,"mixta",6726,"particular","turismo","diesel","H","otro","soltero","mensual",1,1,"medio","telefonico",0,0,0,0,1.891,0,10,0,"fin_estudio",0,NA,0,"4","3"
425,"5","1",1.037,0.1037,33,"25-35",9,121,2145,11,18437,1100,"urbana",13048,"particular","turismo","gasolina","H","rojo","casado","anual",0,1,"superior","presencial",0,0,0,0,1.037,0,1.037,1,"baja",0,NA,0,"4","3"
426,"5","1",5.595,0.5595,62,"35-65",18,100,1710,4,23442,153,"mixta",8087,"particular","turismo","gasolina","M","negro","casado","anual",1,2,"medio","telefonico",0,3,2,0,5.595,0,5.595,1,"baja",0,NA,0,"1","1"
427,"5","1",8.862,0.8862,64,"35-65",38,102,1764,9,30132,136,"rural",16504,"comercial","turismo","diesel","M","otro","casado","anual",0,1,"superior","presencial",1,2,2,0,6.714,1,10,0,"fin_estudio",2414.57,2414.57,1,"3","3"
428,"5","1",8.712,0.8712,39,"35-65",11,106,1284,12,21529,738,"mixta",15001,"particular","turismo","gasolina","M","rojo","casado","anual",0,1,"basico","presencial",1,4,0,2,7.048,1,10,0,"fin_estudio",7143.44,7143.44,1,"2","1"
429,"5","1",3.492,0.3492,69,"65+",50,87,1455,5,25944,244,"mixta",24378,"particular","furgoneta","diesel","H","otro","soltero","mensual",1,1,"medio","presencial",0,2,0,1,3.492,0,10,0,"fin_estudio",0,NA,0,"1","1"
430,"5","1",0.266,0.0266,37,"35-65",10,148,2579,14,37104,199,"mixta",14819,"particular","turismo","diesel","M","negro","casado","mensual",0,1,"medio","telefonico",0,0,1,0,0.266,0,0.266,1,"baja",0,NA,0,"4","4"
431,"5","1",1.598,0.1598,43,"35-65",19,111,1509,11,13770,161,"mixta",8004,"particular","turismo","diesel","H","blanco","soltero","anual",1,2,"basico","presencial",0,0,0,0,1.598,0,3.121,0,"fin_estudio",0,NA,0,"4","3"
432,"5","1",1.873,0.1873,46,"35-65",26,84,1200,14,18732,278,"mixta",22646,"particular","turismo","diesel","M","gris","soltero","anual",1,1,"basico","presencial",0,2,0,1,1.873,0,1.873,1,"baja",0,NA,0,"2","2"
433,"5","1",5.737,0.5737,39,"35-65",14,158,2211,5,20944,77,"rural",5999,"particular","moto","gasolina","H","gris","soltero","mensual",0,1,"medio","presencial",2,0,0,1,0.296,1,10,0,"fin_estudio",3202.95,1601.47,1,"5","4"
434,"5","1",8.343,0.8343,49,"35-65",30,116,2005,8,18669,581,"mixta",3371,"particular","turismo","diesel","M","gris","casado","anual",0,1,"medio","telefonico",1,2,1,1,3.544,1,9.377,0,"fin_estudio",919.04,919.04,1,"1","1"
435,"5","1",3.514,0.3514,62,"35-65",20,98,1283,5,24799,191,"mixta",15144,"particular","turismo","gasolina","M","negro","soltero","mensual",0,2,"superior","telematico",0,3,0,0,3.514,0,3.514,1,"baja",0,NA,0,"1","1"
436,"5","1",0.949,0.0949,30,"25-35",7,157,2298,4,27889,1590,"urbana",10907,"comercial","turismo","diesel","M","rojo","soltero","mensual",1,1,"basico","presencial",0,0,1,0,0.949,0,0.949,1,"baja",0,NA,0,"4","4"
437,"5","1",3.323,0.3323,54,"35-65",32,142,1752,10,36045,66,"rural",15097,"particular","turismo","gasolina","M","otro","soltero","mensual",1,1,"basico","presencial",0,2,0,0,3.323,0,5.203,0,"fin_estudio",0,NA,0,"1","1"
438,"5","1",1.374,0.1374,41,"35-65",13,116,1422,14,23132,2186,"urbana",19775,"comercial","moto","diesel","H","rojo","soltero","mensual",0,1,"superior","presencial",1,0,0,1,0.222,1,6.385,0,"fin_estudio",5318.32,5318.32,1,"4","3"
439,"5","1",1.602,0.1602,25,"18-25",6,182,3147,21,43251,1581,"urbana",15956,"particular","turismo","gasolina","H","negro","casado","anual",0,1,"basico","presencial",0,0,0,0,1.602,0,1.602,1,"baja",0,NA,0,"4","4"
440,"5","1",1.324,0.1324,57,"35-65",24,66,841,0,29390,423,"mixta",10148,"particular","turismo","diesel","H","negro","soltero","anual",0,2,"medio","presencial",0,0,0,0,1.324,0,2.191,0,"fin_estudio",0,NA,0,"4","4"
441,"5","1",5.42,0.542,51,"35-65",31,108,1386,12,20223,420,"mixta",17776,"particular","turismo","gasolina","H","otro","casado","anual",1,2,"basico","presencial",0,4,0,0,5.42,0,10,0,"fin_estudio",0,NA,0,"1","1"
442,"5","1",2.42,0.242,55,"35-65",18,74,1125,14,26363,69,"rural",19034,"comercial","furgoneta","gasolina","H","otro","soltero","mensual",1,1,"medio","telefonico",0,0,1,0,2.42,0,2.42,1,"baja",0,NA,0,"3","3"
443,"5","1",3.765,0.3765,35,"25-35",13,153,2484,8,39793,554,"mixta",10071,"particular","moto","diesel","H","blanco","soltero","anual",1,3,"medio","telefonico",1,0,0,0,0.393,1,3.765,1,"baja",13764.53,13764.53,1,"2","2"
444,"5","1",9.017,0.9017,42,"35-65",18,122,1815,6,25281,80,"rural",18012,"particular","turismo","gasolina","M","rojo","casado","mensual",0,1,"medio","presencial",2,1,0,0,5.21,1,10,0,"fin_estudio",4356.83,2178.42,1,"2","1"
445,"5","1",2.519,0.2519,52,"35-65",14,110,1487,7,40370,615,"mixta",5051,"particular","turismo","diesel","H","blanco","casado","mensual",0,2,"medio","presencial",0,0,0,0,2.519,0,2.519,1,"baja",0,NA,0,"1","1"
446,"5","1",3.343,0.3343,44,"35-65",24,136,2388,9,37750,51,"rural",11301,"particular","turismo","diesel","H","gris","soltero","anual",0,2,"basico","presencial",1,1,0,0,2.547,1,3.343,1,"baja",2456.91,2456.91,1,"4","3"
447,"5","1",7.471,0.7471,51,"35-65",29,187,2424,9,15450,432,"mixta",16719,"particular","turismo","diesel","M","gris","casado","anual",1,1,"medio","presencial",0,1,0,2,7.471,0,10,0,"fin_estudio",0,NA,0,"2","2"
448,"5","1",7.04,0.704,49,"35-65",19,106,1348,14,27751,3324,"urbana",7567,"particular","turismo","diesel","H","otro","casado","anual",1,2,"medio","presencial",0,2,0,1,7.04,0,10,0,"fin_estudio",0,NA,0,"2","1"
449,"5","1",4.583,0.4583,34,"25-35",7,142,2012,11,17690,503,"mixta",6622,"particular","turismo","diesel","M","negro","soltero","mensual",1,1,"basico","presencial",0,1,0,1,4.583,0,10,0,"fin_estudio",0,NA,0,"2","1"
450,"5","1",2.21,0.221,42,"35-65",24,79,1355,11,22705,591,"mixta",5524,"particular","turismo","gasolina","M","blanco","casado","anual",0,1,"basico","presencial",1,1,0,0,1.657,1,2.21,1,"baja",2702.96,2702.96,1,"4","3"
451,"5","1",1.778,0.1778,40,"35-65",17,103,1838,14,29360,124,"rural",6712,"particular","furgoneta","diesel","H","otro","soltero","mensual",0,1,"basico","presencial",0,1,0,0,1.778,0,10,0,"fin_estudio",0,NA,0,"4","4"
452,"5","1",2.243,0.2243,68,"65+",40,133,2346,17,24659,162,"mixta",11856,"particular","turismo","gasolina","H","blanco","casado","anual",1,1,"medio","presencial",0,1,0,0,2.243,0,2.243,1,"baja",0,NA,0,"3","3"
453,"5","1",3.957,0.3957,53,"35-65",16,120,1588,9,40020,1315,"urbana",13909,"comercial","turismo","diesel","M","negro","soltero","anual",0,1,"basico","telematico",2,0,0,0,2.848,1,3.957,1,"baja",4408.74,2204.37,1,"4","4"
454,"5","1",5.144,0.5144,68,"65+",34,115,1810,7,31210,774,"mixta",24656,"particular","turismo","gasolina","M","gris","soltero","mensual",0,1,"medio","presencial",1,5,0,0,3.61,1,10,0,"fin_estudio",2616.63,2616.63,1,"2","2"
455,"5","1",1.277,0.1277,41,"35-65",17,117,1818,3,20578,103,"rural",9843,"particular","turismo","gasolina","H","otro","casado","anual",0,1,"medio","presencial",0,0,0,0,1.277,0,1.277,1,"baja",0,NA,0,"4","3"
456,"5","1",6.047,0.6047,27,"25-35",7,136,2151,6,32425,646,"mixta",17280,"particular","turismo","gasolina","M","gris","casado","mensual",1,2,"basico","presencial",0,4,0,2,6.047,0,6.047,1,"baja",0,NA,0,"2","1"
457,"5","1",7.15,0.715,58,"35-65",32,116,1671,10,21163,248,"mixta",22119,"particular","turismo","gasolina","H","rojo","soltero","anual",0,1,"basico","presencial",2,4,0,0,2.111,1,10,0,"fin_estudio",3408.69,1704.35,1,"5","5"
458,"5","1",4.779,0.4779,22,"18-25",1,107,1898,4,32923,303,"mixta",7965,"comercial","turismo","diesel","M","otro","soltero","anual",0,1,"medio","presencial",0,1,0,0,4.779,0,4.779,1,"baja",0,NA,0,"1","1"
459,"5","1",1.144,0.1144,30,"25-35",8,165,2147,7,32579,795,"mixta",10284,"particular","moto","gasolina","H","negro","soltero","mensual",0,2,"basico","presencial",0,1,0,2,1.144,0,1.144,1,"baja",0,NA,0,"2","1"
460,"5","1",2.112,0.2112,24,"18-25",2,103,1725,17,20588,87,"rural",14196,"particular","moto","diesel","H","blanco","soltero","anual",1,1,"medio","telefonico",0,5,0,0,2.112,0,2.112,1,"baja",0,NA,0,"1","1"
461,"5","1",5.736,0.5736,65,"35-65",27,79,1391,16,21131,124,"rural",4358,"particular","furgoneta","diesel","M","negro","soltero","anual",0,1,"medio","telefonico",1,1,0,3,5.487,1,10,0,"fin_estudio",2015.09,2015.09,1,"1","2"
462,"5","1",1.015,0.1015,35,"25-35",11,114,1711,10,35368,254,"mixta",14554,"particular","turismo","gasolina","M","blanco","soltero","anual",0,1,"medio","presencial",0,0,0,0,1.015,0,1.015,1,"baja",0,NA,0,"1","1"
463,"5","1",1.767,0.1767,27,"25-35",4,102,1566,5,30197,510,"mixta",21868,"particular","turismo","diesel","H","rojo","casado","anual",0,1,"medio","presencial",0,0,0,0,1.767,0,1.767,1,"baja",0,NA,0,"2","1"
464,"5","1",0.347,0.0347,60,"35-65",35,135,1706,12,24760,1875,"urbana",6439,"particular","furgoneta","diesel","M","blanco","casado","anual",0,1,"medio","presencial",0,0,0,0,0.347,0,0.347,1,"baja",0,NA,0,"3","3"
465,"5","1",7.511,0.7511,46,"35-65",25,75,1085,5,24080,1335,"urbana",7704,"particular","moto","diesel","H","blanco","casado","anual",0,1,"basico","telefonico",2,1,0,0,2.72,1,7.511,1,"baja",5558.41,2779.2,1,"2","2"
466,"5","1",1.42,0.142,48,"35-65",16,55,922,5,30400,618,"mixta",6386,"particular","turismo","diesel","M","gris","casado","anual",1,1,"basico","presencial",0,1,0,0,1.42,0,5.071,0,"fin_estudio",0,NA,0,"3","2"
467,"5","1",5.918,0.5918,45,"35-65",21,55,800,4,22720,299,"mixta",40503,"comercial","turismo","diesel","M","gris","soltero","anual",0,2,"medio","presencial",1,1,2,0,0.378,1,8.89,0,"fin_estudio",279.25,279.25,1,"4","3"
468,"5","1",0.1,0.01,25,"18-25",5,160,2211,6,13936,275,"mixta",21598,"comercial","turismo","diesel","H","gris","casado","anual",0,2,"basico","telefonico",0,0,0,0,0.1,0,0.087,1,"baja",0,NA,0,"3","3"
469,"5","1",2.572,0.2572,43,"35-65",19,103,1828,18,14210,297,"mixta",9800,"particular","turismo","diesel","M","negro","casado","anual",1,1,"basico","presencial",0,1,0,1,2.572,0,9.329,0,"fin_estudio",0,NA,0,"2","2"
470,"5","1",5.737,0.5737,38,"35-65",19,118,1655,7,14045,353,"mixta",19591,"particular","turismo","diesel","M","gris","casado","mensual",0,1,"basico","presencial",1,1,0,1,3.528,1,10,0,"fin_estudio",496.33,496.33,1,"2","2"
471,"5","1",9.55,0.955,42,"35-65",10,136,2113,13,26982,51,"rural",16552,"particular","turismo","diesel","M","blanco","casado","mensual",0,2,"medio","presencial",1,5,1,2,8.976,1,10,0,"fin_estudio",1618.7,1618.7,1,"2","2"
472,"5","1",2.205,0.2205,66,"65+",42,122,1543,12,27197,63,"rural",9914,"particular","moto","diesel","M","gris","casado","mensual",0,3,"basico","presencial",0,1,0,0,2.205,0,2.205,1,"baja",0,NA,0,"1","1"
473,"5","1",9.988,0.9988,68,"65+",31,146,2346,0,19741,537,"mixta",11992,"particular","turismo","gasolina","H","blanco","soltero","anual",1,2,"basico","telefonico",3,4,0,3,7.878,1,10,0,"fin_estudio",6176.05,2058.68,1,"4","4"
474,"5","1",2.979,0.2979,40,"35-65",15,154,2415,9,13057,127,"rural",9298,"particular","furgoneta","diesel","M","rojo","casado","mensual",0,2,"basico","presencial",0,2,0,0,2.979,0,2.979,1,"baja",0,NA,0,"3","2"
475,"5","1",1.344,0.1344,36,"35-65",8,100,1650,9,26845,260,"mixta",27361,"particular","turismo","diesel","H","negro","casado","anual",0,1,"superior","presencial",0,1,0,0,1.344,0,10,0,"fin_estudio",0,NA,0,"2","2"
476,"5","1",1.295,0.1295,29,"25-35",4,86,1538,16,21120,797,"mixta",21876,"particular","turismo","diesel","M","rojo","casado","anual",1,1,"basico","telefonico",0,1,0,0,1.295,0,1.295,1,"baja",0,NA,0,"4","4"
477,"5","1",7.514,0.7514,25,"18-25",5,161,2648,0,36536,333,"mixta",3649,"particular","moto","diesel","H","otro","otro","mensual",0,1,"superior","telefonico",3,0,2,1,1.958,1,7.514,1,"baja",15768.51,5256.17,1,"1","2"
478,"5","1",8.057,0.8057,49,"35-65",19,106,1434,0,17213,469,"mixta",13163,"particular","turismo","diesel","M","blanco","casado","anual",0,1,"superior","presencial",0,2,1,1,8.057,0,8.057,1,"baja",0,NA,0,"3","3"
479,"5","1",2.107,0.2107,31,"25-35",7,161,2484,13,15834,192,"mixta",10576,"particular","turismo","gasolina","M","gris","otro","anual",0,1,"basico","presencial",0,0,0,0,2.107,0,10,0,"fin_estudio",0,NA,0,"3","3"
480,"5","1",3.229,0.3229,63,"35-65",24,124,2079,15,19560,481,"mixta",15580,"particular","turismo","gasolina","M","otro","casado","mensual",0,1,"medio","telefonico",2,4,0,0,0.876,1,4.362,0,"fin_estudio",5352.64,2676.32,1,"3","3"
481,"5","1",9.466,0.9466,47,"35-65",27,147,2468,0,20847,188,"mixta",23547,"comercial","turismo","gasolina","M","otro","soltero","anual",0,1,"basico","telematico",2,5,0,3,2.087,1,10,0,"fin_estudio",2640.99,1320.49,1,"1","1"
482,"5","1",4.534,0.4534,49,"35-65",24,87,1550,14,16650,772,"mixta",16145,"particular","turismo","gasolina","H","blanco","casado","anual",0,2,"medio","presencial",1,1,0,0,4.341,1,4.534,1,"baja",1125.39,1125.39,1,"1","2"
483,"5","1",7.141,0.7141,48,"35-65",30,129,1641,15,22489,404,"mixta",6466,"particular","turismo","gasolina","M","rojo","soltero","anual",0,2,"superior","telefonico",0,3,0,2,7.141,0,10,0,"fin_estudio",0,NA,0,"3","3"
484,"5","1",8.649,0.8649,31,"25-35",9,83,1195,2,15593,109,"rural",17771,"comercial","turismo","gasolina","M","blanco","soltero","anual",0,1,"medio","presencial",5,3,0,1,2.619,1,10,0,"fin_estudio",5615.31,1123.06,1,"5","5"
485,"5","1",2.597,0.2597,69,"65+",30,150,2333,0,33644,420,"mixta",16883,"particular","turismo","gasolina","H","rojo","casado","anual",0,1,"superior","presencial",1,2,0,0,1.888,1,6.698,0,"fin_estudio",7398.62,7398.62,1,"3","2"
486,"5","1",4.855,0.4855,59,"35-65",37,147,2403,13,29649,574,"mixta",11840,"particular","furgoneta","diesel","H","otro","casado","mensual",1,1,"superior","presencial",1,0,0,1,1.893,1,4.855,1,"baja",1556.88,1556.88,1,"1","1"
487,"5","1",8.798,0.8798,36,"35-65",11,184,2409,11,21197,433,"mixta",15912,"particular","turismo","diesel","H","negro","casado","mensual",1,2,"medio","presencial",1,5,0,0,7.916,1,10,0,"fin_estudio",4617.22,4617.22,1,"4","3"
488,"5","1",6.734,0.6734,49,"35-65",13,75,938,8,24511,50,"rural",10624,"particular","turismo","gasolina","M","rojo","soltero","mensual",1,3,"medio","presencial",0,3,0,0,6.734,0,10,0,"fin_estudio",0,NA,0,"1","1"
489,"5","1",4.529,0.4529,36,"35-65",9,82,1385,11,18193,1171,"urbana",12893,"particular","turismo","diesel","H","negro","soltero","mensual",0,1,"basico","presencial",0,3,0,0,4.529,0,4.529,1,"baja",0,NA,0,"1","1"
490,"5","1",5.479,0.5479,34,"25-35",8,103,1768,4,19432,696,"mixta",10156,"particular","turismo","gasolina","M","gris","soltero","anual",0,1,"medio","telefonico",1,2,0,0,4.377,1,10,0,"fin_estudio",1424.61,1424.61,1,"3","2"
491,"5","1",1.315,0.1315,65,"35-65",27,73,1213,12,28727,28,"rural",10363,"particular","turismo","diesel","M","blanco","soltero","mensual",1,2,"medio","presencial",0,0,0,0,1.315,0,1.315,1,"baja",0,NA,0,"2","1"
492,"5","1",2.944,0.2944,62,"35-65",30,126,1879,7,27307,687,"mixta",33465,"particular","turismo","diesel","H","blanco","casado","mensual",0,2,"basico","telefonico",1,2,0,0,2.309,1,2.944,1,"baja",5045.19,5045.19,1,"5","5"
493,"5","1",4.893,0.4893,33,"25-35",14,55,800,13,29505,124,"rural",22535,"particular","turismo","gasolina","M","gris","casado","mensual",0,2,"medio","presencial",0,3,0,0,4.893,0,6.651,0,"fin_estudio",0,NA,0,"3","2"
494,"5","1",1.102,0.1102,29,"25-35",10,132,1739,5,13254,4295,"urbana",12514,"particular","moto","gasolina","H","otro","casado","anual",1,1,"medio","presencial",1,0,0,1,0.888,1,1.102,1,"baja",2067.64,2067.64,1,"4","4"
495,"5","1",1.583,0.1583,41,"35-65",19,158,2250,5,24897,450,"mixta",4627,"particular","furgoneta","diesel","M","negro","soltero","anual",0,1,"medio","presencial",0,1,0,0,1.583,0,10,0,"fin_estudio",0,NA,0,"3","3"
496,"5","1",5.037,0.5037,41,"35-65",8,55,800,4,28148,683,"mixta",8081,"particular","furgoneta","gasolina","M","otro","casado","anual",0,1,"basico","telematico",1,1,0,0,3.104,1,10,0,"fin_estudio",905.85,905.85,1,"4","4"
497,"5","1",6.852,0.6852,46,"35-65",10,79,1357,3,17771,93,"rural",15903,"particular","furgoneta","gasolina","M","gris","soltero","anual",0,1,"superior","presencial",0,2,0,0,6.852,0,6.852,1,"baja",0,NA,0,"2","2"
498,"5","1",5.462,0.5462,32,"25-35",13,167,2575,6,32219,149,"rural",15208,"particular","turismo","diesel","H","rojo","soltero","mensual",0,1,"superior","presencial",4,1,1,1,0.846,1,8.992,0,"fin_estudio",17317.6,4329.4,1,"5","5"
499,"5","1",4.156,0.4156,55,"35-65",24,181,2853,8,36837,162,"mixta",9154,"particular","moto","gasolina","H","blanco","soltero","anual",0,2,"superior","telefonico",0,1,0,1,4.156,0,10,0,"fin_estudio",0,NA,0,"1","1"
500,"5","1",9.996,0.9996,50,"35-65",23,86,1509,12,22965,223,"mixta",14199,"particular","turismo","gasolina","M","rojo","casado","anual",0,1,"basico","presencial",5,3,0,1,1.714,1,10,0,"fin_estudio",5305.45,1061.09,1,"5","5"
501,"5","1",2.68,0.268,50,"35-65",15,116,1396,15,37994,445,"mixta",15541,"particular","furgoneta","diesel","M","negro","otro","anual",1,1,"medio","presencial",1,2,0,0,1.027,1,10,0,"fin_estudio",4474.03,4474.03,1,"2","2"
502,"5","1",8.712,0.8712,23,"18-25",3,73,957,9,12450,39,"rural",12456,"particular","turismo","diesel","M","negro","casado","anual",1,2,"basico","telefonico",0,4,2,1,8.712,0,8.712,1,"baja",0,NA,0,"1","1"
503,"5","1",3.426,0.3426,42,"35-65",12,100,1606,8,6396,1019,"urbana",4386,"particular","turismo","diesel","M","otro","soltero","mensual",0,2,"basico","telefonico",0,1,0,1,3.426,0,3.426,1,"baja",0,NA,0,"2","2"
504,"5","1",4.445,0.4445,60,"35-65",25,142,1717,9,32393,1064,"urbana",23456,"comercial","turismo","gasolina","H","gris","soltero","mensual",1,1,"medio","telematico",0,3,0,0,4.445,0,4.445,1,"baja",0,NA,0,"2","1"
505,"5","1",3.949,0.3949,51,"35-65",22,55,800,5,25602,484,"mixta",33778,"particular","turismo","diesel","H","gris","casado","anual",0,1,"medio","presencial",1,1,0,0,2.651,1,3.949,1,"baja",581.94,581.94,1,"3","2"
506,"6","2",3.699,0.3699,53,"35-65",19,109,1352,4,15849,360,"mixta",13047,"particular","turismo","gasolina","M","otro","casado","mensual",0,1,"basico","presencial",0,2,1,1,3.699,0,9.58,0,"fin_estudio",0,NA,0,"1","1"
507,"6","2",3.449,0.3449,18,"18-25",0,161,1972,2,24481,211,"mixta",11932,"particular","turismo","diesel","H","otro","casado","anual",1,1,"superior","telefonico",0,2,0,0,3.449,0,3.449,1,"baja",0,NA,0,"3","2"
508,"6","2",2.263,0.2263,52,"35-65",32,161,2726,4,35467,85,"rural",8254,"particular","turismo","diesel","H","blanco","otro","mensual",1,1,"superior","presencial",0,1,0,1,2.263,0,2.263,1,"baja",0,NA,0,"4","3"
509,"6","2",5.864,0.5864,18,"18-25",0,134,2014,0,36749,257,"mixta",20623,"particular","moto","diesel","H","blanco","soltero","anual",1,1,"superior","presencial",2,9,0,0,3.897,1,5.864,1,"baja",7405.68,3702.84,1,"4","5"
510,"6","2",1.29,0.129,34,"25-35",9,143,2323,11,21749,324,"mixta",9847,"particular","turismo","diesel","H","gris","soltero","mensual",0,2,"medio","presencial",0,0,0,1,1.29,0,3.599,0,"fin_estudio",0,NA,0,"4","4"
511,"6","2",4.512,0.4512,37,"35-65",8,81,1372,6,21016,506,"mixta",24187,"comercial","turismo","diesel","H","rojo","casado","mensual",0,1,"medio","presencial",3,2,0,1,0.698,1,10,0,"fin_estudio",2062.06,687.35,1,"3","4"
512,"6","2",2.052,0.2052,26,"25-35",5,86,1172,10,22609,521,"mixta",17082,"particular","moto","diesel","H","blanco","soltero","anual",0,2,"basico","presencial",0,1,0,1,2.052,0,2.052,1,"baja",0,NA,0,"1","1"
513,"6","2",3.753,0.3753,37,"35-65",13,138,2121,8,26104,2288,"urbana",11190,"comercial","turismo","gasolina","M","negro","casado","anual",0,1,"basico","telefonico",1,1,1,1,2.36,1,4.224,0,"fin_estudio",4758.94,4758.94,1,"3","2"
514,"6","2",1.513,0.1513,56,"35-65",38,55,800,10,14011,148,"rural",8663,"comercial","turismo","diesel","H","blanco","casado","mensual",1,1,"medio","presencial",0,0,0,0,1.513,0,1.513,1,"baja",0,NA,0,"3","3"
515,"6","2",2.005,0.2005,31,"25-35",9,111,1529,5,25242,214,"mixta",19276,"particular","turismo","gasolina","M","gris","casado","mensual",1,3,"basico","telefonico",0,0,0,0,2.005,0,2.005,1,"baja",0,NA,0,"3","3"
516,"6","2",4.464,0.4464,53,"35-65",20,104,1637,12,26635,344,"mixta",13726,"particular","turismo","diesel","H","rojo","soltero","mensual",0,1,"basico","telefonico",0,0,1,1,4.464,0,10,0,"fin_estudio",0,NA,0,"1","1"
517,"6","2",1.39,0.139,52,"35-65",25,87,1159,3,31436,3885,"urbana",10911,"particular","furgoneta","diesel","M","otro","casado","anual",1,1,"medio","presencial",1,0,0,0,0.451,1,1.39,1,"baja",2169.93,2169.93,1,"5","4"
518,"6","2",1.699,0.1699,60,"35-65",24,56,964,8,22657,25,"rural",6393,"particular","moto","diesel","H","blanco","casado","mensual",1,1,"basico","presencial",0,1,0,1,1.699,0,10,0,"fin_estudio",0,NA,0,"2","1"
519,"6","2",1.342,0.1342,60,"35-65",29,145,2460,17,26234,821,"mixta",22421,"particular","turismo","gasolina","M","otro","casado","mensual",0,2,"medio","presencial",1,0,0,0,1.146,1,1.342,1,"baja",437.95,437.95,1,"2","3"
520,"6","2",5.869,0.5869,18,"18-25",0,60,800,9,7321,118,"rural",15494,"particular","turismo","gasolina","M","blanco","soltero","mensual",0,1,"medio","telematico",1,0,0,0,3.407,1,10,0,"fin_estudio",1190.72,1190.72,1,"2","2"
521,"6","2",3.351,0.3351,23,"18-25",2,151,2148,4,32470,1279,"urbana",9206,"particular","turismo","diesel","H","blanco","casado","anual",0,1,"basico","telefonico",0,1,0,1,3.351,0,3.351,1,"baja",0,NA,0,"1","1"
522,"6","2",4.979,0.4979,46,"35-65",27,99,1595,2,19385,530,"mixta",5061,"particular","turismo","gasolina","H","negro","soltero","anual",0,2,"medio","telefonico",0,3,0,0,4.979,0,5.934,0,"fin_estudio",0,NA,0,"3","3"
523,"6","2",6.514,0.6514,30,"25-35",9,77,1071,1,27985,243,"mixta",21091,"particular","moto","gasolina","H","otro","casado","mensual",1,1,"basico","presencial",1,3,0,0,0.328,1,6.514,1,"baja",2680.57,2680.57,1,"5","5"
524,"6","2",2.166,0.2166,38,"35-65",18,109,1730,12,32540,928,"mixta",20457,"comercial","turismo","diesel","H","blanco","casado","mensual",1,1,"medio","telematico",0,0,0,0,2.166,0,7.244,0,"fin_estudio",0,NA,0,"2","2"
525,"6","2",7.615,0.7615,46,"35-65",22,101,1558,0,32747,318,"mixta",39862,"particular","turismo","diesel","H","rojo","casado","anual",1,2,"medio","presencial",0,3,0,0,7.615,0,10,0,"fin_estudio",0,NA,0,"1","1"
526,"6","2",2.942,0.2942,37,"35-65",19,161,2513,12,22621,366,"mixta",10463,"particular","turismo","diesel","M","negro","soltero","mensual",0,1,"medio","presencial",0,0,1,0,2.942,0,4.412,0,"fin_estudio",0,NA,0,"2","1"
527,"6","2",1.977,0.1977,37,"35-65",11,62,923,6,7529,139,"rural",8037,"particular","moto","diesel","H","blanco","casado","anual",0,1,"medio","presencial",1,0,0,0,1.23,1,1.977,1,"baja",4732.25,4732.25,1,"1","2"
528,"6","2",8.333,0.8333,70,"65+",22,83,1030,5,27613,402,"mixta",17767,"particular","turismo","diesel","H","gris","casado","anual",1,1,"superior","presencial",5,0,2,1,2.575,1,8.333,1,"baja",10342.08,2068.42,1,"4","3"
529,"6","2",2.68,0.268,68,"65+",33,132,2376,10,30580,269,"mixta",9136,"comercial","turismo","gasolina","M","gris","soltero","mensual",0,1,"basico","presencial",0,0,0,0,2.68,0,10,0,"fin_estudio",0,NA,0,"1","1"
530,"6","2",2.301,0.2301,36,"35-65",13,55,978,3,14534,291,"mixta",20984,"particular","turismo","gasolina","H","negro","otro","mensual",0,2,"basico","telefonico",0,0,0,0,2.301,0,2.301,1,"baja",0,NA,0,"3","3"
531,"6","2",1.286,0.1286,46,"35-65",20,84,1261,3,8101,844,"mixta",9883,"particular","turismo","diesel","H","gris","casado","mensual",0,2,"basico","presencial",0,0,0,0,1.286,0,10,0,"fin_estudio",0,NA,0,"2","2"
532,"6","2",3.587,0.3587,38,"35-65",12,55,876,7,22739,61,"rural",3242,"particular","moto","gasolina","M","gris","casado","anual",0,1,"medio","presencial",0,1,0,0,3.587,0,3.587,1,"baja",0,NA,0,"2","2"
533,"6","2",4.517,0.4517,69,"65+",34,131,1826,8,22530,1044,"urbana",7507,"particular","furgoneta","diesel","H","otro","casado","anual",0,2,"superior","presencial",2,2,0,0,1.768,1,10,0,"fin_estudio",6862.99,3431.5,1,"4","3"
534,"6","2",3.226,0.3226,56,"35-65",16,135,1863,8,24108,63,"rural",16130,"comercial","turismo","gasolina","M","gris","soltero","mensual",0,1,"medio","telefonico",0,2,0,0,3.226,0,9.023,0,"fin_estudio",0,NA,0,"1","1"
535,"6","2",1.309,0.1309,55,"35-65",22,57,800,10,16733,4832,"urbana",8899,"particular","furgoneta","diesel","M","gris","soltero","mensual",0,1,"medio","presencial",0,0,0,0,1.309,0,1.309,1,"baja",0,NA,0,"1","1"
536,"6","2",3.578,0.3578,54,"35-65",25,173,2208,0,29802,580,"mixta",13194,"particular","turismo","gasolina","M","rojo","casado","anual",1,2,"basico","telematico",1,2,0,0,1.722,1,3.578,1,"baja",4545.48,4545.48,1,"1","1"
537,"6","2",7.21,0.721,58,"35-65",17,100,1398,10,19260,116,"rural",27598,"comercial","turismo","diesel","H","rojo","casado","anual",0,1,"medio","presencial",3,3,0,3,2.808,1,7.684,0,"fin_estudio",2539.15,846.38,1,"5","5"
538,"6","2",3.936,0.3936,53,"35-65",30,101,1338,5,33962,274,"mixta",6617,"particular","furgoneta","diesel","H","negro","casado","anual",0,1,"basico","presencial",0,3,1,1,3.936,0,3.936,1,"baja",0,NA,0,"1","1"
539,"6","2",0.834,0.0834,24,"18-25",5,143,2173,9,25814,357,"mixta",13987,"comercial","moto","gasolina","H","rojo","casado","anual",0,2,"medio","telematico",0,1,0,0,0.834,0,0.834,1,"baja",0,NA,0,"3","3"
540,"6","2",4.503,0.4503,27,"25-35",5,170,2570,7,30146,546,"mixta",9741,"comercial","turismo","diesel","M","gris","soltero","mensual",0,2,"medio","presencial",1,3,0,0,1.429,1,5.751,0,"fin_estudio",3092.56,3092.56,1,"2","1"
541,"6","2",1.793,0.1793,37,"35-65",17,86,1500,11,11298,564,"mixta",4898,"particular","turismo","diesel","H","negro","casado","mensual",0,1,"medio","telefonico",0,0,0,0,1.793,0,1.793,1,"baja",0,NA,0,"2","2"
542,"6","2",2.069,0.2069,49,"35-65",12,137,2464,5,30093,391,"mixta",5728,"comercial","furgoneta","gasolina","M","rojo","otro","anual",1,2,"basico","presencial",0,0,0,0,2.069,0,2.069,1,"baja",0,NA,0,"1","1"
543,"6","2",6.329,0.6329,67,"65+",34,76,933,1,16697,1086,"urbana",16308,"particular","turismo","gasolina","H","gris","soltero","anual",0,2,"medio","telematico",4,6,0,2,0.789,1,6.329,1,"baja",5430.36,1357.59,1,"5","5"
544,"6","2",3.238,0.3238,29,"25-35",10,87,1116,17,16352,61,"rural",11271,"particular","turismo","diesel","H","rojo","casado","anual",0,1,"medio","presencial",0,2,0,0,3.238,0,4.698,0,"fin_estudio",0,NA,0,"2","2"
545,"6","2",4.771,0.4771,44,"35-65",20,178,3106,12,38054,109,"rural",24247,"particular","turismo","diesel","M","rojo","soltero","mensual",0,1,"basico","telefonico",0,3,0,2,4.771,0,4.771,1,"baja",0,NA,0,"4","3"
546,"6","2",3.328,0.3328,50,"35-65",29,90,1365,15,19310,100,"rural",9545,"particular","furgoneta","gasolina","H","negro","soltero","anual",0,2,"superior","presencial",0,2,0,0,3.328,0,3.328,1,"baja",0,NA,0,"1","1"
547,"6","2",6.576,0.6576,43,"35-65",10,118,1574,13,24915,435,"mixta",10652,"particular","turismo","diesel","H","rojo","soltero","mensual",0,1,"medio","telefonico",2,5,0,1,1.827,1,10,0,"fin_estudio",3069.4,1534.7,1,"3","3"
548,"6","2",5.435,0.5435,31,"25-35",10,126,1541,11,7942,956,"mixta",7239,"particular","turismo","gasolina","M","otro","soltero","mensual",1,1,"basico","telematico",0,1,0,1,5.435,0,10,0,"fin_estudio",0,NA,0,"1","1"
549,"6","2",5.622,0.5622,38,"35-65",15,124,2155,5,22073,47,"rural",14321,"particular","turismo","diesel","H","otro","soltero","anual",0,1,"basico","presencial",0,0,0,0,5.622,0,5.622,1,"baja",0,NA,0,"1","1"
550,"6","2",2.61,0.261,61,"35-65",24,108,1346,10,28522,57,"rural",7974,"particular","turismo","diesel","M","blanco","casado","anual",0,2,"medio","telefonico",0,0,0,0,2.61,0,10,0,"fin_estudio",0,NA,0,"3","3"
551,"6","2",5.464,0.5464,30,"25-35",9,138,1944,3,13346,407,"mixta",10609,"particular","moto","gasolina","M","rojo","soltero","anual",1,2,"superior","presencial",2,2,0,1,1.223,1,5.464,1,"baja",2648.42,1324.21,1,"3","2"
552,"6","2",6.968,0.6968,35,"25-35",10,82,1433,7,14269,116,"rural",15965,"particular","moto","diesel","H","gris","soltero","anual",0,1,"medio","telefonico",3,4,0,1,1.319,1,6.968,1,"baja",6922.24,2307.41,1,"5","5"
553,"6","2",1.767,0.1767,35,"25-35",12,124,1739,11,29764,1519,"urbana",5856,"comercial","turismo","diesel","H","blanco","soltero","mensual",0,2,"basico","telefonico",1,0,1,0,0.811,1,6.435,0,"fin_estudio",747.63,747.63,1,"3","3"
554,"6","2",5.349,0.5349,27,"25-35",8,117,1488,4,18854,137,"rural",20927,"particular","turismo","diesel","H","blanco","casado","anual",1,1,"basico","telematico",2,2,0,0,1.658,1,10,0,"fin_estudio",2430.42,1215.21,1,"3","2"
555,"6","2",3.555,0.3555,52,"35-65",26,55,800,11,29435,223,"mixta",6739,"particular","moto","gasolina","H","rojo","soltero","anual",0,1,"basico","presencial",0,2,0,0,3.555,0,10,0,"fin_estudio",0,NA,0,"1","1"
556,"6","2",4.713,0.4713,58,"35-65",31,103,1750,4,23257,433,"mixta",16612,"particular","turismo","gasolina","M","rojo","casado","anual",1,2,"medio","telefonico",0,1,0,0,4.713,0,10,0,"fin_estudio",0,NA,0,"2","2"
557,"6","2",1.826,0.1826,64,"35-65",37,168,2563,11,34991,378,"mixta",16796,"comercial","turismo","gasolina","M","otro","soltero","anual",0,2,"basico","telematico",0,0,1,0,1.826,0,3.263,0,"fin_estudio",0,NA,0,"2","2"
558,"6","2",3.59,0.359,43,"35-65",21,132,2258,0,18308,94,"rural",12816,"particular","turismo","gasolina","H","rojo","soltero","anual",0,1,"basico","presencial",0,2,2,0,3.59,0,9.878,0,"fin_estudio",0,NA,0,"3","2"
559,"6","2",1.385,0.1385,68,"65+",49,144,2306,11,26210,436,"mixta",12869,"particular","turismo","gasolina","M","negro","casado","anual",0,1,"medio","telefonico",0,0,0,0,1.385,0,10,0,"fin_estudio",0,NA,0,"1","1"
560,"6","2",8.729,0.8729,53,"35-65",22,155,1870,0,16360,500,"mixta",6185,"particular","turismo","gasolina","H","blanco","casado","mensual",1,2,"medio","presencial",0,0,1,0,8.729,0,10,0,"fin_estudio",0,NA,0,"1","1"
561,"6","2",6.664,0.6664,59,"35-65",32,128,1637,5,29922,2356,"urbana",10669,"particular","moto","gasolina","M","blanco","otro","mensual",0,1,"basico","presencial",0,6,0,0,6.664,0,9.759,0,"fin_estudio",0,NA,0,"1","1"
562,"6","2",4.137,0.4137,50,"35-65",22,103,1618,7,21742,1085,"urbana",14001,"particular","turismo","gasolina","H","blanco","casado","anual",1,3,"medio","presencial",0,2,0,0,4.137,0,4.137,1,"baja",0,NA,0,"2","2"
563,"6","2",4.771,0.4771,51,"35-65",27,169,2460,4,34648,820,"mixta",10141,"particular","moto","gasolina","M","otro","casado","anual",0,1,"superior","presencial",0,1,0,1,4.771,0,4.771,1,"baja",0,NA,0,"1","1"
564,"6","2",9.354,0.9354,22,"18-25",3,114,1663,5,23990,791,"mixta",12894,"particular","moto","diesel","M","gris","soltero","mensual",0,1,"basico","presencial",4,3,1,2,2.307,1,9.354,1,"baja",8562.79,2140.7,1,"5","4"
565,"6","2",1.911,0.1911,59,"35-65",21,174,2397,2,31565,139,"rural",11073,"particular","moto","gasolina","H","blanco","soltero","anual",0,1,"medio","telefonico",0,1,1,0,1.911,0,2.137,0,"fin_estudio",0,NA,0,"2","2"
566,"6","2",7.317,0.7317,51,"35-65",24,149,1991,16,39163,1648,"urbana",28643,"particular","turismo","gasolina","M","gris","soltero","anual",0,2,"superior","telematico",1,4,0,1,3.271,1,7.733,0,"fin_estudio",7734.03,7734.03,1,"1","1"
567,"6","2",6.335,0.6335,46,"35-65",19,66,871,11,38366,896,"mixta",9812,"particular","turismo","diesel","M","gris","casado","anual",1,1,"basico","telefonico",0,3,0,0,6.335,0,7.377,0,"fin_estudio",0,NA,0,"2","2"
568,"6","2",6.662,0.6662,48,"35-65",19,125,1667,1,33798,422,"mixta",16661,"comercial","furgoneta","gasolina","M","negro","soltero","mensual",1,2,"superior","presencial",2,2,1,1,4.123,1,10,0,"fin_estudio",6423.84,3211.92,1,"5","5"
569,"6","2",1.446,0.1446,44,"35-65",21,91,1317,6,18304,54,"rural",6926,"particular","moto","diesel","H","negro","casado","anual",0,1,"superior","presencial",0,0,0,0,1.446,0,1.446,1,"baja",0,NA,0,"1","1"
570,"6","2",8.054,0.8054,58,"35-65",32,141,1779,9,23445,225,"mixta",13867,"particular","turismo","diesel","H","rojo","casado","anual",0,1,"superior","presencial",0,4,0,1,8.054,0,10,0,"fin_estudio",0,NA,0,"3","2"
571,"6","2",1.349,0.1349,43,"35-65",19,55,800,8,19390,124,"rural",8987,"particular","moto","diesel","H","negro","soltero","mensual",0,2,"medio","presencial",0,0,0,0,1.349,0,10,0,"fin_estudio",0,NA,0,"3","3"
572,"6","2",3.402,0.3402,72,"65+",41,98,1532,8,34111,675,"mixta",25438,"comercial","turismo","gasolina","M","negro","soltero","anual",0,1,"basico","presencial",2,5,0,0,2.492,1,3.539,0,"fin_estudio",2453.78,1226.89,1,"2","3"
573,"6","2",1.3,0.13,53,"35-65",19,126,2209,9,27365,145,"rural",24599,"particular","turismo","gasolina","M","gris","soltero","mensual",0,1,"superior","telefonico",0,1,0,0,1.3,0,1.3,1,"baja",0,NA,0,"1","1"
574,"6","2",2.01,0.201,42,"35-65",22,110,1502,8,30716,633,"mixta",7117,"particular","turismo","gasolina","M","rojo","soltero","anual",0,1,"medio","presencial",0,1,0,1,2.01,0,8.23,0,"fin_estudio",0,NA,0,"3","2"
575,"6","2",5.553,0.5553,60,"35-65",15,89,1180,8,16192,301,"mixta",10993,"particular","turismo","diesel","M","otro","casado","mensual",0,1,"medio","presencial",1,2,0,1,1.544,1,6.06,0,"fin_estudio",1817.29,1817.29,1,"2","2"
576,"6","2",1.468,0.1468,18,"18-25",0,133,2144,9,21419,271,"mixta",13366,"particular","turismo","gasolina","M","gris","soltero","mensual",0,1,"medio","presencial",0,0,0,0,1.468,0,8.527,0,"fin_estudio",0,NA,0,"1","1"
577,"6","2",5.918,0.5918,58,"35-65",37,113,1831,19,25766,81,"rural",24592,"particular","turismo","gasolina","M","otro","casado","mensual",1,1,"basico","telefonico",1,2,0,2,2.201,1,5.918,1,"baja",3940.31,3940.31,1,"1","1"
578,"6","2",8.843,0.8843,43,"35-65",20,66,997,9,16192,307,"mixta",6409,"particular","furgoneta","gasolina","H","gris","soltero","anual",0,3,"basico","telematico",0,3,0,0,8.843,0,10,0,"fin_estudio",0,NA,0,"2","2"
579,"6","2",3.812,0.3812,25,"18-25",7,64,943,8,21097,1059,"urbana",12908,"particular","turismo","gasolina","H","otro","casado","mensual",0,2,"superior","presencial",3,0,0,0,0.091,1,3.812,1,"baja",3908.73,1302.91,1,"5","5"
580,"6","2",6.743,0.6743,69,"65+",33,61,848,3,30294,660,"mixta",17565,"particular","turismo","diesel","M","negro","casado","anual",0,2,"basico","telematico",0,4,0,1,6.743,0,10,0,"fin_estudio",0,NA,0,"1","1"
581,"6","2",6.883,0.6883,43,"35-65",15,137,2333,10,21381,464,"mixta",26758,"particular","turismo","gasolina","H","blanco","casado","mensual",0,1,"medio","presencial",1,4,0,2,0.537,1,6.883,1,"baja",2043.32,2043.32,1,"1","1"
582,"6","2",3.46,0.346,58,"35-65",17,126,1801,0,25325,162,"mixta",9887,"particular","moto","diesel","H","otro","soltero","anual",0,1,"basico","telematico",0,0,0,3,3.46,0,3.46,1,"baja",0,NA,0,"2","1"
583,"6","2",7.405,0.7405,76,"65+",43,155,2245,5,25152,117,"rural",5863,"comercial","turismo","diesel","M","gris","soltero","mensual",0,1,"medio","presencial",3,3,0,2,3.15,1,10,0,"fin_estudio",3270.34,1090.11,1,"4","3"
584,"6","2",1.186,0.1186,53,"35-65",32,115,1452,16,35248,165,"mixta",12753,"comercial","turismo","diesel","M","otro","soltero","mensual",0,1,"basico","telefonico",0,0,0,0,1.186,0,9.584,0,"fin_estudio",0,NA,0,"4","4"
585,"6","2",0.458,0.0458,49,"35-65",26,55,966,0,18252,423,"mixta",20450,"particular","turismo","diesel","H","rojo","casado","anual",0,1,"basico","presencial",0,0,0,0,0.458,0,0.458,1,"baja",0,NA,0,"3","3"
586,"6","2",4.582,0.4582,45,"35-65",17,202,2981,4,26428,233,"mixta",25633,"particular","turismo","diesel","M","otro","otro","anual",1,1,"basico","presencial",1,3,0,1,3.977,1,8.505,0,"fin_estudio",471,471,1,"3","2"
587,"6","2",1.506,0.1506,20,"18-25",2,144,1957,10,19540,470,"mixta",25399,"particular","turismo","diesel","H","otro","soltero","anual",0,2,"medio","telefonico",0,2,0,0,1.506,0,1.506,1,"baja",0,NA,0,"1","1"
588,"6","2",4.891,0.4891,18,"18-25",0,132,2103,6,28787,207,"mixta",10695,"particular","turismo","gasolina","M","rojo","casado","mensual",0,1,"basico","presencial",0,1,2,0,4.891,0,5.642,0,"fin_estudio",0,NA,0,"3","3"
589,"6","2",2.561,0.2561,60,"35-65",33,102,1678,0,13946,58,"rural",8976,"particular","turismo","diesel","H","gris","soltero","mensual",0,3,"medio","telematico",0,1,0,0,2.561,0,2.561,1,"baja",0,NA,0,"2","2"
590,"6","2",5.006,0.5006,45,"35-65",21,55,800,17,18987,301,"mixta",14780,"particular","turismo","diesel","M","blanco","soltero","anual",1,2,"medio","telefonico",0,3,0,0,5.006,0,5.006,1,"baja",0,NA,0,"3","2"
591,"6","2",3.011,0.3011,43,"35-65",10,137,1910,9,22541,121,"rural",20859,"particular","turismo","diesel","H","rojo","otro","mensual",0,1,"basico","telefonico",1,0,0,0,1.087,1,4.547,0,"fin_estudio",4257.85,4257.85,1,"2","2"
592,"6","2",5.688,0.5688,21,"18-25",2,55,843,18,2688,1131,"urbana",5310,"particular","moto","diesel","H","blanco","casado","mensual",0,2,"medio","telefonico",6,2,0,1,0.788,1,10,0,"fin_estudio",14434.56,2405.76,1,"5","5"
593,"6","2",6.664,0.6664,44,"35-65",17,112,1764,15,29090,28,"rural",8794,"particular","turismo","gasolina","M","rojo","soltero","anual",1,2,"basico","telefonico",0,2,0,0,6.664,0,10,0,"fin_estudio",0,NA,0,"1","1"
594,"6","2",7.732,0.7732,56,"35-65",20,84,1049,14,20214,2890,"urbana",7141,"particular","turismo","gasolina","M","otro","casado","mensual",0,1,"medio","presencial",0,1,0,0,7.732,0,10,0,"fin_estudio",0,NA,0,"1","1"
595,"6","2",2.509,0.2509,18,"18-25",0,70,1018,14,33407,179,"mixta",17078,"particular","furgoneta","gasolina","H","gris","casado","mensual",1,1,"superior","telefonico",0,1,0,2,2.509,0,3.592,0,"fin_estudio",0,NA,0,"3","2"
596,"6","2",1.204,0.1204,32,"25-35",11,108,1865,2,26283,765,"mixta",13469,"particular","turismo","diesel","H","gris","casado","anual",0,2,"basico","telefonico",0,0,0,0,1.204,0,6.673,0,"fin_estudio",0,NA,0,"1","1"
597,"6","2",2.934,0.2934,50,"35-65",17,108,1442,10,31438,415,"mixta",15128,"particular","furgoneta","diesel","M","otro","otro","mensual",1,2,"medio","presencial",1,2,0,0,1.832,1,10,0,"fin_estudio",4381.85,4381.85,1,"4","4"
598,"6","2",4.842,0.4842,57,"35-65",21,87,1549,5,22232,291,"mixta",8956,"particular","turismo","gasolina","H","rojo","casado","anual",0,1,"medio","telematico",1,1,0,1,3.411,1,4.842,1,"baja",443.34,443.34,1,"5","5"
599,"6","2",8.883,0.8883,41,"35-65",19,102,1787,12,30570,327,"mixta",6195,"comercial","turismo","gasolina","H","otro","soltero","anual",0,1,"basico","presencial",0,3,1,0,8.883,0,8.883,1,"baja",0,NA,0,"1","1"
600,"6","2",2.707,0.2707,23,"18-25",3,100,1269,2,22438,42,"rural",28056,"particular","turismo","gasolina","M","gris","soltero","mensual",1,1,"basico","telematico",2,2,0,0,0.875,1,10,0,"fin_estudio",7215.02,3607.51,1,"4","4"
601,"6","2",2.94,0.294,44,"35-65",20,140,2106,18,21807,457,"mixta",12238,"particular","turismo","diesel","H","rojo","casado","anual",1,2,"basico","telefonico",0,4,1,0,2.94,0,2.94,1,"baja",0,NA,0,"3","3"
602,"6","2",3.799,0.3799,39,"35-65",17,152,1831,8,26886,426,"mixta",6784,"particular","turismo","gasolina","M","otro","soltero","anual",0,1,"medio","telefonico",0,1,0,0,3.799,0,10,0,"fin_estudio",0,NA,0,"4","3"
603,"6","2",6.518,0.6518,70,"65+",45,137,1752,3,25959,354,"mixta",26148,"particular","turismo","gasolina","H","negro","soltero","anual",1,1,"medio","telefonico",0,3,1,1,6.518,0,10,0,"fin_estudio",0,NA,0,"1","1"
604,"6","2",6.519,0.6519,72,"65+",51,134,1611,10,21466,101,"rural",10794,"comercial","furgoneta","gasolina","H","gris","soltero","mensual",0,1,"basico","telefonico",0,2,0,0,6.519,0,6.519,1,"baja",0,NA,0,"1","1"
605,"6","2",3.683,0.3683,32,"25-35",6,124,1951,6,22302,61,"rural",6712,"particular","turismo","diesel","M","blanco","soltero","mensual",0,1,"superior","presencial",0,0,0,0,3.683,0,3.683,1,"baja",0,NA,0,"3","3"
606,"6","2",6.034,0.6034,33,"25-35",15,141,2278,9,29609,478,"mixta",12984,"particular","turismo","diesel","M","blanco","soltero","mensual",0,1,"medio","presencial",0,1,1,1,6.034,0,7.04,0,"fin_estudio",0,NA,0,"1","1"
607,"6","2",4.459,0.4459,33,"25-35",14,145,1939,10,26223,287,"mixta",8583,"particular","turismo","diesel","M","rojo","soltero","mensual",0,1,"medio","telefonico",0,0,1,0,4.459,0,10,0,"fin_estudio",0,NA,0,"1","1"
608,"6","2",8.991,0.8991,51,"35-65",30,123,1588,1,39902,412,"mixta",12902,"particular","moto","gasolina","M","negro","casado","mensual",0,1,"basico","presencial",1,3,0,0,7.644,1,10,0,"fin_estudio",10314.7,10314.7,1,"2","1"
609,"6","2",8.767,0.8767,69,"65+",48,72,1148,21,15821,140,"rural",16392,"particular","turismo","diesel","H","blanco","otro","anual",0,1,"basico","presencial",1,6,0,1,2.124,1,10,0,"fin_estudio",1240.05,1240.05,1,"1","1"
610,"6","2",4.335,0.4335,49,"35-65",18,111,1364,6,28979,451,"mixta",6181,"particular","turismo","gasolina","M","blanco","casado","anual",1,1,"medio","presencial",0,0,1,1,4.335,0,4.335,1,"baja",0,NA,0,"3","3"
611,"6","2",1.857,0.1857,48,"35-65",19,170,2472,4,26031,912,"mixta",10305,"particular","turismo","diesel","M","negro","casado","anual",1,1,"medio","presencial",0,0,0,0,1.857,0,9.563,0,"fin_estudio",0,NA,0,"2","1"
612,"6","2",4.103,0.4103,38,"35-65",9,115,1653,17,32919,32,"rural",10792,"particular","turismo","diesel","H","gris","soltero","anual",0,1,"superior","telefonico",0,1,1,0,4.103,0,4.103,1,"baja",0,NA,0,"2","2"
613,"6","2",4.867,0.4867,41,"35-65",16,84,1268,2,26975,254,"mixta",4429,"particular","turismo","diesel","M","otro","soltero","anual",1,1,"basico","telefonico",0,1,0,1,4.867,0,10,0,"fin_estudio",0,NA,0,"2","2"
614,"6","2",2.46,0.246,65,"35-65",20,55,800,12,23941,497,"mixta",14246,"particular","turismo","gasolina","M","rojo","casado","anual",0,1,"basico","presencial",0,2,1,0,2.46,0,2.46,1,"baja",0,NA,0,"4","4"
615,"6","2",4.403,0.4403,22,"18-25",2,74,1305,8,11138,474,"mixta",30252,"particular","turismo","diesel","M","blanco","casado","mensual",0,2,"basico","presencial",0,3,0,1,4.403,0,10,0,"fin_estudio",0,NA,0,"1","1"
616,"6","2",3.467,0.3467,59,"35-65",27,75,1199,7,10384,215,"mixta",11380,"particular","moto","diesel","M","negro","casado","anual",0,1,"medio","presencial",0,1,0,1,3.467,0,3.467,1,"baja",0,NA,0,"2","2"
617,"7","2",5.433,0.5433,61,"35-65",16,104,1473,16,33311,516,"mixta",7928,"particular","turismo","gasolina","M","rojo","casado","mensual",0,1,"superior","presencial",0,0,0,1,5.433,0,5.876,0,"fin_estudio",0,NA,0,"1","1"
618,"7","2",5.409,0.5409,24,"18-25",5,202,2533,11,22762,180,"mixta",15950,"particular","turismo","diesel","H","rojo","casado","anual",1,1,"medio","telefonico",1,0,0,1,4.326,1,5.409,1,"baja",3369.02,3369.02,1,"3","3"
619,"7","2",4.914,0.4914,66,"65+",34,86,1195,8,23013,545,"mixta",33061,"particular","turismo","gasolina","M","negro","soltero","anual",0,1,"medio","presencial",4,6,1,0,1.389,1,10,0,"fin_estudio",7517.69,1879.42,1,"4","5"
620,"7","2",1.179,0.1179,18,"18-25",0,95,1223,17,19383,243,"mixta",9557,"particular","turismo","diesel","H","negro","soltero","anual",0,2,"basico","telematico",0,1,0,0,1.179,0,1.179,1,"baja",0,NA,0,"1","1"
621,"7","2",3.245,0.3245,48,"35-65",21,97,1697,13,20153,162,"mixta",18361,"particular","turismo","gasolina","M","rojo","casado","anual",1,1,"medio","presencial",0,1,0,0,3.245,0,3.245,1,"baja",0,NA,0,"4","4"
622,"7","2",2.642,0.2642,48,"35-65",25,118,1801,19,33734,79,"rural",10945,"comercial","furgoneta","gasolina","M","blanco","soltero","mensual",0,1,"medio","presencial",0,2,0,0,2.642,0,10,0,"fin_estudio",0,NA,0,"3","2"
623,"7","2",2.269,0.2269,19,"18-25",0,141,1718,0,36574,442,"mixta",8645,"particular","furgoneta","diesel","H","gris","casado","mensual",0,1,"basico","presencial",1,0,0,0,0.352,1,2.269,1,"baja",1290.25,1290.25,1,"4","4"
624,"7","2",5.16,0.516,24,"18-25",4,162,2263,7,29758,766,"mixta",10276,"particular","turismo","diesel","H","otro","soltero","anual",0,1,"basico","telematico",2,1,0,3,3.585,1,10,0,"fin_estudio",13799.79,6899.9,1,"5","4"
625,"7","2",3.357,0.3357,59,"35-65",34,69,888,9,22192,228,"mixta",8602,"particular","turismo","diesel","M","gris","soltero","mensual",1,3,"basico","presencial",0,0,0,1,3.357,0,3.357,1,"baja",0,NA,0,"3","2"
626,"7","2",4.181,0.4181,85,"65+",26,55,973,8,18853,560,"mixta",6602,"particular","turismo","gasolina","M","blanco","soltero","anual",0,1,"basico","telematico",0,1,0,0,4.181,0,4.741,0,"fin_estudio",0,NA,0,"1","1"
627,"7","2",8.316,0.8316,28,"25-35",5,139,2142,10,48841,669,"mixta",9081,"particular","turismo","gasolina","M","negro","casado","mensual",0,1,"superior","telefonico",1,1,0,0,5.937,1,9.194,0,"fin_estudio",2607.31,2607.31,1,"2","1"
628,"7","2",0.819,0.0819,32,"25-35",7,114,1414,13,26429,216,"mixta",9518,"particular","turismo","diesel","M","otro","soltero","anual",0,1,"medio","telematico",0,0,0,0,0.819,0,0.819,1,"baja",0,NA,0,"3","3"
629,"7","2",4.672,0.4672,27,"25-35",7,98,1516,9,16667,87,"rural",24854,"particular","turismo","diesel","M","rojo","casado","mensual",0,2,"medio","telefonico",1,0,0,0,1.674,1,10,0,"fin_estudio",1228.07,1228.07,1,"3","3"
630,"7","2",8.083,0.8083,30,"25-35",7,55,810,19,11887,624,"mixta",8497,"particular","turismo","diesel","M","blanco","soltero","anual",1,1,"medio","presencial",0,2,0,1,8.083,0,10,0,"fin_estudio",0,NA,0,"1","1"
631,"7","2",8.774,0.8774,72,"65+",52,79,1014,13,15625,192,"mixta",4532,"comercial","moto","gasolina","M","otro","casado","anual",0,1,"medio","telefonico",0,1,0,0,8.774,0,10,0,"fin_estudio",0,NA,0,"1","1"
632,"7","2",3.695,0.3695,45,"35-65",23,166,2970,5,30704,246,"mixta",20128,"particular","turismo","diesel","M","blanco","soltero","mensual",1,1,"medio","presencial",0,1,0,0,3.695,0,5.752,0,"fin_estudio",0,NA,0,"3","3"
633,"7","2",1.108,0.1108,36,"35-65",10,104,1614,8,16887,206,"mixta",13810,"particular","turismo","diesel","H","rojo","soltero","mensual",0,1,"basico","presencial",0,0,0,0,1.108,0,7.642,0,"fin_estudio",0,NA,0,"2","2"
634,"7","2",2.319,0.2319,30,"25-35",11,146,1867,5,36822,1398,"urbana",11957,"particular","turismo","gasolina","M","blanco","casado","anual",0,3,"medio","presencial",1,0,0,0,0.403,1,2.319,1,"baja",2296.84,2296.84,1,"4","4"
635,"7","2",8.59,0.859,79,"65+",41,122,1789,12,29159,250,"mixta",23905,"comercial","turismo","diesel","M","otro","casado","anual",0,1,"basico","telefonico",3,2,1,2,4.057,1,8.59,1,"baja",3061.39,1020.46,1,"3","4"
636,"7","2",1.568,0.1568,53,"35-65",32,95,1357,1,29375,70,"rural",27578,"comercial","turismo","diesel","M","otro","soltero","mensual",0,1,"medio","presencial",0,1,0,1,1.568,0,5.592,0,"fin_estudio",0,NA,0,"2","2"
637,"7","2",1.824,0.1824,35,"25-35",10,130,2164,8,24279,95,"rural",11034,"particular","turismo","gasolina","M","rojo","soltero","mensual",0,2,"superior","presencial",0,0,0,0,1.824,0,3.505,0,"fin_estudio",0,NA,0,"4","3"
638,"7","2",2.202,0.2202,68,"65+",40,55,810,12,28964,157,"mixta",5831,"particular","turismo","gasolina","H","blanco","soltero","anual",0,1,"basico","presencial",1,0,0,0,2.141,1,6.384,0,"fin_estudio",6196.71,6196.71,1,"3","4"
639,"7","2",7.849,0.7849,46,"35-65",16,88,1269,4,25364,444,"mixta",8301,"particular","turismo","diesel","H","rojo","otro","mensual",0,1,"superior","presencial",2,3,0,0,0.96,1,10,0,"fin_estudio",1291.63,645.82,1,"5","4"
640,"7","2",1.878,0.1878,71,"65+",29,156,2117,14,33348,351,"mixta",12443,"particular","turismo","diesel","H","blanco","casado","anual",0,1,"superior","presencial",0,1,0,0,1.878,0,10,0,"fin_estudio",0,NA,0,"3","3"
641,"7","2",3.092,0.3092,56,"35-65",35,144,2288,9,30050,674,"mixta",14970,"particular","moto","gasolina","M","blanco","otro","mensual",1,1,"medio","telefonico",0,1,0,0,3.092,0,3.092,1,"baja",0,NA,0,"1","1"
642,"7","2",4.071,0.4071,43,"35-65",13,100,1745,4,28912,3664,"urbana",17025,"particular","turismo","diesel","M","gris","casado","anual",0,1,"superior","presencial",3,1,0,1,0.882,1,9.12,0,"fin_estudio",6804.34,2268.11,1,"5","5"
643,"7","2",4.181,0.4181,54,"35-65",16,96,1222,9,7478,645,"mixta",25253,"particular","turismo","gasolina","H","rojo","soltero","anual",1,2,"basico","telematico",5,3,1,2,1.006,1,7.88,0,"fin_estudio",6693.61,1338.72,1,"5","5"
644,"7","2",1.515,0.1515,40,"35-65",18,95,1182,16,29614,187,"mixta",14366,"particular","turismo","gasolina","M","rojo","casado","anual",1,1,"basico","presencial",0,1,0,0,1.515,0,8.086,0,"fin_estudio",0,NA,0,"1","1"
645,"7","2",0.558,0.0558,74,"65+",31,55,924,9,17580,198,"mixta",16716,"particular","moto","diesel","H","blanco","casado","mensual",0,2,"basico","telefonico",0,0,0,0,0.558,0,0.558,1,"baja",0,NA,0,"2","2"
646,"7","2",2.081,0.2081,45,"35-65",24,77,1057,17,30023,166,"mixta",25807,"particular","turismo","gasolina","H","otro","soltero","mensual",0,1,"basico","presencial",0,0,0,1,2.081,0,2.081,1,"baja",0,NA,0,"2","2"
647,"7","2",4.977,0.4977,38,"35-65",12,144,2565,13,23776,679,"mixta",6921,"particular","turismo","diesel","H","gris","soltero","anual",1,3,"medio","presencial",0,0,0,1,4.977,0,10,0,"fin_estudio",0,NA,0,"1","1"
648,"7","2",4.534,0.4534,32,"25-35",10,108,1456,17,17552,128,"rural",31860,"particular","turismo","gasolina","H","negro","soltero","mensual",0,1,"basico","telefonico",3,1,0,0,1.802,1,4.534,1,"baja",5915.98,1971.99,1,"4","3"
649,"7","2",4.091,0.4091,63,"35-65",30,118,2121,14,21483,73,"rural",33858,"particular","turismo","gasolina","H","negro","casado","anual",0,1,"basico","presencial",0,2,0,0,4.091,0,4.091,1,"baja",0,NA,0,"1","1"
650,"7","2",5.535,0.5535,57,"35-65",37,155,2527,7,14974,159,"mixta",21081,"comercial","furgoneta","diesel","M","negro","casado","mensual",0,3,"superior","telematico",2,5,3,0,1.556,1,10,0,"fin_estudio",5495.91,2747.96,1,"5","4"
651,"7","2",2.33,0.233,50,"35-65",32,94,1270,5,29731,927,"mixta",28235,"particular","turismo","gasolina","H","gris","casado","mensual",0,1,"basico","presencial",1,1,0,0,0.203,1,4.923,0,"fin_estudio",1826.51,1826.51,1,"4","3"
652,"7","2",2.844,0.2844,38,"35-65",14,70,939,9,22518,611,"mixta",8855,"particular","turismo","gasolina","M","rojo","soltero","anual",1,1,"medio","presencial",1,0,0,1,2.025,1,9.353,0,"fin_estudio",2645.64,2645.64,1,"1","2"
653,"7","2",2.392,0.2392,48,"35-65",18,100,1303,2,28363,351,"mixta",11815,"particular","turismo","diesel","M","negro","casado","anual",0,1,"basico","telefonico",0,1,0,0,2.392,0,2.392,1,"baja",0,NA,0,"4","4"
654,"7","2",2.246,0.2246,49,"35-65",19,96,1374,1,23853,440,"mixta",18865,"comercial","furgoneta","gasolina","H","otro","casado","mensual",0,1,"basico","telefonico",0,2,0,0,2.246,0,6.464,0,"fin_estudio",0,NA,0,"1","1"
655,"7","2",1.66,0.166,39,"35-65",15,115,1644,5,18210,237,"mixta",19657,"particular","turismo","gasolina","H","otro","casado","mensual",1,1,"basico","telematico",0,2,0,0,1.66,0,4.693,0,"fin_estudio",0,NA,0,"1","1"
656,"7","2",4.626,0.4626,47,"35-65",12,62,889,5,26751,370,"mixta",6267,"particular","turismo","diesel","M","negro","soltero","anual",0,1,"medio","presencial",0,3,0,0,4.626,0,9.703,0,"fin_estudio",0,NA,0,"1","1"
657,"7","2",2.365,0.2365,32,"25-35",8,125,1772,6,26559,475,"mixta",17539,"particular","turismo","diesel","H","otro","otro","mensual",0,2,"medio","presencial",0,2,0,0,2.365,0,2.365,1,"baja",0,NA,0,"1","1"
658,"7","2",2.031,0.2031,51,"35-65",31,61,820,11,19060,224,"mixta",9795,"particular","moto","diesel","M","negro","soltero","anual",1,1,"superior","presencial",1,1,0,0,1.521,1,2.031,1,"baja",1411.4,1411.4,1,"3","3"
659,"7","2",2.092,0.2092,24,"18-25",2,138,2123,3,19463,42,"rural",14721,"particular","turismo","diesel","H","gris","casado","anual",1,1,"basico","presencial",0,1,0,0,2.092,0,2.092,1,"baja",0,NA,0,"1","1"
660,"7","2",5.064,0.5064,58,"35-65",16,171,2737,0,35358,261,"mixta",11061,"comercial","turismo","diesel","M","gris","soltero","anual",0,1,"superior","telematico",1,3,0,0,0.128,1,5.064,1,"baja",3951.99,3951.99,1,"2","1"
661,"7","2",1.222,0.1222,60,"35-65",16,147,2596,7,34357,243,"mixta",17406,"particular","turismo","diesel","M","blanco","casado","anual",1,1,"basico","presencial",0,0,0,0,1.222,0,10,0,"fin_estudio",0,NA,0,"2","1"
662,"7","2",3.407,0.3407,56,"35-65",37,120,1981,7,32393,1133,"urbana",9336,"particular","turismo","gasolina","M","rojo","soltero","mensual",0,2,"medio","presencial",0,0,0,0,3.407,0,5.82,0,"fin_estudio",0,NA,0,"4","4"
663,"7","2",2.694,0.2694,40,"35-65",10,137,1899,18,22561,105,"rural",20486,"particular","furgoneta","diesel","H","rojo","soltero","anual",0,1,"medio","telefonico",0,0,0,0,2.694,0,9.923,0,"fin_estudio",0,NA,0,"1","1"
664,"7","2",1.306,0.1306,54,"35-65",32,55,800,11,46777,187,"mixta",9727,"particular","turismo","gasolina","M","gris","casado","anual",0,2,"basico","telefonico",0,0,0,0,1.306,0,1.306,1,"baja",0,NA,0,"2","1"
665,"7","2",2.898,0.2898,68,"65+",27,55,800,13,17448,231,"mixta",12599,"comercial","turismo","gasolina","M","gris","casado","mensual",1,1,"basico","presencial",1,1,0,0,2.833,1,3.03,0,"fin_estudio",2554.65,2554.65,1,"2","3"
666,"7","2",5.815,0.5815,71,"65+",52,101,1652,8,32224,139,"rural",17789,"particular","turismo","diesel","M","blanco","casado","anual",0,1,"basico","presencial",0,3,0,0,5.815,0,10,0,"fin_estudio",0,NA,0,"1","1"
667,"7","2",4.349,0.4349,54,"35-65",21,56,910,6,10662,1122,"urbana",17530,"particular","turismo","diesel","H","otro","soltero","anual",0,1,"medio","presencial",0,1,0,0,4.349,0,4.349,1,"baja",0,NA,0,"1","1"
668,"7","2",1.874,0.1874,39,"35-65",21,196,2584,12,33073,359,"mixta",9196,"particular","furgoneta","diesel","M","blanco","otro","mensual",0,1,"medio","telefonico",1,1,0,0,1.602,1,1.874,1,"baja",2258.19,2258.19,1,"3","4"
669,"7","2",2.881,0.2881,63,"35-65",23,78,1287,18,22456,319,"mixta",13126,"particular","moto","gasolina","H","blanco","soltero","anual",0,1,"medio","telefonico",0,2,0,1,2.881,0,10,0,"fin_estudio",0,NA,0,"4","4"
670,"7","2",1.09,0.109,51,"35-65",30,160,2288,16,25809,377,"mixta",11373,"particular","turismo","gasolina","M","otro","soltero","anual",1,1,"basico","presencial",0,0,0,0,1.09,0,1.09,1,"baja",0,NA,0,"1","1"
671,"7","2",6.361,0.6361,30,"25-35",9,152,2592,8,36211,285,"mixta",5194,"particular","turismo","gasolina","M","rojo","soltero","mensual",0,2,"medio","telefonico",1,1,2,1,4.576,1,6.361,1,"baja",720.72,720.72,1,"1","1"
672,"7","2",2.311,0.2311,37,"35-65",13,159,2741,13,21090,1312,"urbana",9974,"particular","turismo","diesel","M","negro","casado","mensual",0,2,"basico","presencial",0,0,0,0,2.311,0,2.311,1,"baja",0,NA,0,"1","1"
673,"7","2",1.547,0.1547,22,"18-25",3,155,2280,1,14086,40,"rural",24414,"particular","turismo","diesel","H","gris","soltero","anual",0,2,"basico","presencial",0,0,0,0,1.547,0,1.547,1,"baja",0,NA,0,"4","4"
674,"7","2",4.046,0.4046,43,"35-65",11,100,1569,6,13847,157,"mixta",17372,"particular","moto","gasolina","H","otro","casado","mensual",1,1,"medio","presencial",0,2,1,0,4.046,0,4.046,1,"baja",0,NA,0,"1","1"
675,"7","2",1.889,0.1889,57,"35-65",20,106,1599,16,19300,1171,"urbana",9564,"particular","moto","gasolina","H","negro","casado","anual",0,2,"superior","telefonico",0,0,0,1,1.889,0,1.889,1,"baja",0,NA,0,"4","4"
676,"7","2",8.056,0.8056,57,"35-65",34,55,800,8,19368,96,"rural",8941,"comercial","furgoneta","gasolina","M","rojo","casado","mensual",0,1,"medio","telematico",1,1,0,2,1.517,1,10,0,"fin_estudio",2209.59,2209.59,1,"4","4"
677,"7","2",4.418,0.4418,53,"35-65",32,100,1350,11,36382,1577,"urbana",13956,"comercial","turismo","diesel","M","rojo","soltero","anual",1,1,"medio","presencial",0,2,0,0,4.418,0,8.008,0,"fin_estudio",0,NA,0,"1","1"
678,"7","2",2.942,0.2942,50,"35-65",22,118,1650,9,33081,298,"mixta",10311,"particular","turismo","gasolina","M","gris","casado","mensual",0,1,"medio","telefonico",0,1,0,2,2.942,0,7.21,0,"fin_estudio",0,NA,0,"2","2"
679,"7","2",3.505,0.3505,49,"35-65",16,153,2153,6,12821,536,"mixta",7041,"comercial","moto","gasolina","H","otro","soltero","anual",0,1,"basico","presencial",2,1,1,0,1.96,1,3.505,1,"baja",10665.01,5332.5,1,"5","5"
680,"7","2",4.255,0.4255,56,"35-65",28,155,2720,15,24670,566,"mixta",6690,"comercial","turismo","diesel","H","gris","casado","anual",1,2,"basico","presencial",0,1,0,0,4.255,0,4.255,1,"baja",0,NA,0,"5","5"
681,"7","2",7.524,0.7524,60,"35-65",37,63,1087,5,28642,410,"mixta",3144,"particular","turismo","diesel","H","gris","soltero","anual",1,1,"medio","presencial",0,0,0,0,7.524,0,10,0,"fin_estudio",0,NA,0,"1","1"
682,"7","2",5.607,0.5607,31,"25-35",9,191,2909,9,37410,1429,"urbana",11338,"particular","moto","diesel","M","rojo","soltero","anual",0,1,"medio","telematico",1,2,0,0,5.408,1,6.703,0,"fin_estudio",7201.09,7201.09,1,"1","2"
683,"7","2",3.238,0.3238,70,"65+",30,87,1415,7,20757,25,"rural",27960,"particular","turismo","gasolina","M","blanco","casado","mensual",1,1,"basico","telefonico",0,2,0,0,3.238,0,3.238,1,"baja",0,NA,0,"2","1"
684,"7","2",1.927,0.1927,18,"18-25",0,71,962,1,10070,402,"mixta",6838,"particular","turismo","diesel","H","gris","casado","anual",0,2,"basico","presencial",0,1,0,0,1.927,0,1.927,1,"baja",0,NA,0,"2","2"
685,"7","2",3.756,0.3756,74,"65+",30,83,1480,18,26501,283,"mixta",8055,"particular","turismo","diesel","M","blanco","casado","anual",0,1,"medio","telematico",0,2,0,0,3.756,0,10,0,"fin_estudio",0,NA,0,"1","1"
686,"7","2",4.292,0.4292,45,"35-65",12,109,1718,0,18485,344,"mixta",5936,"particular","turismo","diesel","H","otro","soltero","anual",1,2,"basico","presencial",2,0,0,0,2.407,1,4.292,1,"baja",2931.21,1465.61,1,"4","3"
687,"7","2",8.884,0.8884,62,"35-65",35,97,1535,10,29887,140,"rural",3836,"particular","turismo","gasolina","H","blanco","soltero","mensual",1,2,"superior","presencial",0,5,0,1,8.884,0,10,0,"fin_estudio",0,NA,0,"1","1"
688,"7","2",8.862,0.8862,63,"35-65",21,112,1361,6,29907,469,"mixta",7559,"particular","turismo","diesel","H","negro","soltero","anual",0,1,"basico","presencial",0,2,2,0,8.862,0,10,0,"fin_estudio",0,NA,0,"1","1"
689,"8","2",4.666,0.4666,70,"65+",43,132,1808,7,28933,57,"rural",13875,"comercial","turismo","diesel","M","negro","casado","anual",1,2,"superior","telematico",0,2,0,2,4.666,0,4.666,1,"baja",0,NA,0,"2","2"
690,"8","2",3.255,0.3255,25,"18-25",7,113,1821,0,30410,69,"rural",20906,"particular","turismo","diesel","H","negro","casado","mensual",1,2,"basico","telefonico",0,1,1,1,3.255,0,3.255,1,"baja",0,NA,0,"3","3"
691,"8","2",1.586,0.1586,21,"18-25",2,102,1294,13,25148,1827,"urbana",6639,"particular","furgoneta","diesel","H","gris","casado","anual",0,1,"medio","presencial",0,0,0,0,1.586,0,7.194,0,"fin_estudio",0,NA,0,"2","2"
692,"8","2",2.188,0.2188,37,"35-65",11,96,1598,7,28372,126,"rural",14502,"particular","moto","gasolina","H","rojo","casado","anual",0,2,"superior","presencial",0,1,0,0,2.188,0,6.479,0,"fin_estudio",0,NA,0,"3","3"
693,"8","2",3.596,0.3596,54,"35-65",19,94,1499,6,19947,169,"mixta",11522,"particular","turismo","gasolina","H","rojo","soltero","mensual",1,1,"medio","telefonico",0,0,0,0,3.596,0,10,0,"fin_estudio",0,NA,0,"1","1"
694,"8","2",4.171,0.4171,20,"18-25",1,140,2301,7,34959,130,"rural",8021,"particular","turismo","gasolina","M","gris","casado","anual",0,1,"medio","presencial",0,3,0,0,4.171,0,10,0,"fin_estudio",0,NA,0,"4","3"
695,"8","2",2.119,0.2119,58,"35-65",25,55,800,3,34206,281,"mixta",16810,"particular","turismo","diesel","H","rojo","casado","anual",0,1,"basico","telefonico",0,1,0,0,2.119,0,10,0,"fin_estudio",0,NA,0,"1","1"
696,"8","2",5.431,0.5431,28,"25-35",8,164,2064,10,33227,182,"mixta",12753,"particular","turismo","gasolina","M","rojo","casado","anual",0,1,"medio","telefonico",0,3,0,0,5.431,0,9.639,0,"fin_estudio",0,NA,0,"4","4"
697,"8","2",8.682,0.8682,56,"35-65",15,92,1427,4,21962,31,"rural",7135,"particular","turismo","gasolina","M","rojo","soltero","anual",0,2,"medio","presencial",0,2,0,1,8.682,0,8.682,1,"baja",0,NA,0,"1","1"
698,"8","2",2.077,0.2077,54,"35-65",13,93,1672,15,20345,1040,"urbana",19259,"particular","furgoneta","gasolina","M","otro","casado","mensual",0,1,"medio","presencial",3,0,0,0,1.512,1,2.077,1,"baja",4805.29,1601.76,1,"4","5"
699,"8","2",1.566,0.1566,25,"18-25",6,55,941,0,20517,157,"mixta",10647,"comercial","moto","diesel","M","rojo","casado","mensual",0,1,"medio","presencial",0,0,0,1,1.566,0,2.201,0,"fin_estudio",0,NA,0,"4","3"
700,"8","2",1.522,0.1522,45,"35-65",12,96,1202,9,27478,405,"mixta",17861,"particular","turismo","diesel","H","gris","soltero","mensual",0,1,"medio","presencial",1,0,0,0,0.4,1,10,0,"fin_estudio",2835.56,2835.56,1,"5","4"
701,"8","2",6.916,0.6916,56,"35-65",23,64,800,13,14954,20,"rural",13884,"particular","turismo","gasolina","H","blanco","soltero","mensual",0,2,"medio","presencial",1,5,2,0,4.013,1,10,0,"fin_estudio",1369.3,1369.3,1,"1","1"
702,"8","2",2.896,0.2896,37,"35-65",9,72,921,8,19876,210,"mixta",6630,"particular","moto","gasolina","H","blanco","soltero","anual",1,1,"superior","presencial",1,1,0,0,2.652,1,2.896,1,"baja",3664.01,3664.01,1,"2","3"
703,"8","2",2.854,0.2854,56,"35-65",31,156,2076,6,32686,237,"mixta",19790,"comercial","turismo","gasolina","H","gris","soltero","anual",0,1,"superior","presencial",1,1,1,2,1.695,1,4.04,0,"fin_estudio",8066.99,8066.99,1,"5","4"
704,"8","2",3.434,0.3434,58,"35-65",14,106,1636,9,19453,106,"rural",20604,"particular","turismo","diesel","M","rojo","casado","mensual",0,2,"medio","presencial",0,0,0,0,3.434,0,3.638,0,"fin_estudio",0,NA,0,"1","1"
705,"8","2",5.801,0.5801,52,"35-65",30,64,908,6,26511,484,"mixta",20402,"comercial","turismo","gasolina","M","negro","soltero","mensual",0,2,"medio","telefonico",1,1,1,1,3.622,1,5.801,1,"baja",792.67,792.67,1,"2","2"
706,"8","2",9.433,0.9433,18,"18-25",0,61,973,11,17496,1500,"urbana",17609,"particular","turismo","gasolina","M","otro","soltero","anual",0,2,"basico","telematico",4,4,1,0,0.432,1,10,0,"fin_estudio",6912.46,1728.12,1,"2","2"
707,"8","2",4.135,0.4135,36,"35-65",14,140,2517,6,26726,56,"rural",19306,"particular","furgoneta","diesel","M","rojo","casado","mensual",1,1,"medio","telefonico",0,0,0,0,4.135,0,4.135,1,"baja",0,NA,0,"1","1"
708,"8","2",1.397,0.1397,49,"35-65",24,103,1794,19,26202,284,"mixta",7535,"particular","turismo","diesel","M","blanco","soltero","anual",1,1,"medio","telefonico",1,0,1,0,1.332,1,1.855,0,"fin_estudio",3716.92,3716.92,1,"2","3"
709,"8","2",2.105,0.2105,33,"25-35",9,95,1473,3,30591,509,"mixta",18515,"particular","furgoneta","gasolina","H","otro","soltero","anual",0,1,"basico","presencial",0,0,0,1,2.105,0,3.464,0,"fin_estudio",0,NA,0,"2","1"
710,"8","2",8.837,0.8837,22,"18-25",4,86,1393,4,28203,97,"rural",6390,"particular","turismo","diesel","M","otro","casado","mensual",0,1,"superior","presencial",0,4,0,0,8.837,0,9.31,0,"fin_estudio",0,NA,0,"1","1"
711,"8","2",0.499,0.0499,29,"25-35",5,124,2027,0,20971,1331,"urbana",18335,"particular","moto","diesel","H","negro","casado","anual",1,2,"medio","presencial",0,0,0,0,0.499,0,0.499,1,"baja",0,NA,0,"4","4"
712,"8","2",6.113,0.6113,54,"35-65",22,109,1743,4,23545,7557,"urbana",10415,"particular","turismo","diesel","M","blanco","casado","anual",1,1,"superior","telefonico",0,2,0,1,6.113,0,10,0,"fin_estudio",0,NA,0,"1","1"
713,"8","2",0.809,0.0809,48,"35-65",18,55,927,16,27155,475,"mixta",20218,"particular","turismo","gasolina","M","otro","soltero","anual",0,1,"basico","presencial",0,0,0,0,0.809,0,0.809,1,"baja",0,NA,0,"1","1"
714,"8","2",1.456,0.1456,34,"25-35",6,128,2111,15,25287,217,"mixta",12318,"particular","moto","gasolina","H","gris","casado","anual",0,1,"basico","presencial",0,0,0,0,1.456,0,5.369,0,"fin_estudio",0,NA,0,"3","3"
715,"8","2",3.353,0.3353,36,"35-65",8,151,2257,14,13659,541,"mixta",3857,"particular","moto","diesel","M","blanco","soltero","anual",0,1,"basico","presencial",1,1,0,0,2.797,1,10,0,"fin_estudio",603.36,603.36,1,"4","4"
716,"8","2",8.047,0.8047,52,"35-65",21,115,1575,6,28259,135,"rural",13443,"particular","moto","diesel","H","rojo","casado","anual",0,1,"superior","presencial",0,4,0,1,8.047,0,10,0,"fin_estudio",0,NA,0,"1","1"
717,"8","2",5.435,0.5435,63,"35-65",44,160,2317,16,13828,425,"mixta",19513,"particular","furgoneta","diesel","H","otro","casado","anual",1,1,"basico","presencial",0,0,1,0,5.435,0,5.435,1,"baja",0,NA,0,"1","1"
718,"8","2",4.071,0.4071,62,"35-65",39,148,2042,10,19236,2110,"urbana",4807,"particular","turismo","diesel","H","blanco","otro","mensual",0,1,"basico","presencial",0,1,2,0,4.071,0,10,0,"fin_estudio",0,NA,0,"4","4"
719,"8","2",6.885,0.6885,37,"35-65",8,131,1773,11,16639,379,"mixta",8882,"particular","moto","diesel","M","rojo","casado","mensual",0,2,"basico","presencial",1,2,0,1,4.745,1,6.885,1,"baja",1252.15,1252.15,1,"2","1"
720,"8","2",3.912,0.3912,49,"35-65",26,106,1363,1,29524,355,"mixta",14388,"particular","furgoneta","gasolina","H","otro","casado","anual",1,2,"medio","presencial",0,1,0,0,3.912,0,3.912,1,"baja",0,NA,0,"3","3"
721,"8","2",1.601,0.1601,67,"65+",42,144,2525,14,12831,1170,"urbana",13478,"particular","turismo","gasolina","M","negro","otro","anual",0,1,"superior","presencial",0,1,2,1,1.601,0,1.601,1,"baja",0,NA,0,"2","1"
722,"8","2",3.464,0.3464,26,"25-35",8,159,2041,5,25861,46,"rural",16724,"particular","moto","gasolina","H","otro","soltero","anual",0,1,"superior","presencial",0,3,0,1,3.464,0,3.464,1,"baja",0,NA,0,"2","2"
723,"8","2",8.611,0.8611,41,"35-65",14,176,2328,6,37984,222,"mixta",17553,"particular","turismo","diesel","H","gris","casado","anual",1,1,"medio","presencial",4,4,0,0,2.866,1,10,0,"fin_estudio",15726.85,3931.71,1,"5","4"
724,"8","2",4.806,0.4806,37,"35-65",19,119,1756,13,22772,20,"rural",22180,"particular","turismo","gasolina","M","otro","soltero","mensual",0,1,"medio","telefonico",0,3,0,0,4.806,0,4.806,1,"baja",0,NA,0,"2","2"
725,"8","2",2.23,0.223,37,"35-65",8,121,1618,8,39270,283,"mixta",4873,"particular","turismo","gasolina","H","rojo","soltero","anual",0,1,"basico","presencial",0,0,0,0,2.23,0,7.154,0,"fin_estudio",0,NA,0,"3","2"
726,"8","2",4.214,0.4214,39,"35-65",11,55,986,1,16028,233,"mixta",20587,"particular","turismo","gasolina","M","gris","casado","anual",1,1,"basico","telematico",0,1,0,0,4.214,0,4.491,0,"fin_estudio",0,NA,0,"3","2"
727,"8","2",2.78,0.278,45,"35-65",20,156,2296,8,32030,2417,"urbana",13032,"particular","turismo","gasolina","H","negro","casado","anual",1,2,"basico","presencial",0,1,2,0,2.78,0,2.78,1,"baja",0,NA,0,"4","4"
728,"8","2",8.546,0.8546,45,"35-65",16,95,1358,13,29964,290,"mixta",21311,"particular","turismo","diesel","H","otro","otro","anual",0,1,"basico","presencial",0,6,1,0,8.546,0,10,0,"fin_estudio",0,NA,0,"1","1"
729,"8","2",7.658,0.7658,26,"25-35",4,60,965,4,26960,1031,"urbana",15607,"particular","turismo","diesel","M","otro","casado","mensual",1,1,"basico","presencial",2,2,0,0,4.192,1,7.658,1,"baja",3226.36,1613.18,1,"4","4"
730,"8","2",6.268,0.6268,33,"25-35",13,68,851,4,14624,90,"rural",9743,"particular","turismo","gasolina","M","otro","casado","anual",0,1,"medio","telefonico",0,1,0,0,6.268,0,6.268,1,"baja",0,NA,0,"4","4"
731,"8","2",2.15,0.215,62,"35-65",39,115,1710,17,15076,1201,"urbana",11079,"particular","turismo","diesel","M","negro","soltero","mensual",1,2,"basico","telefonico",3,0,0,0,0.803,1,2.343,0,"fin_estudio",6519.93,2173.31,1,"5","4"
732,"8","2",6.432,0.6432,59,"35-65",34,124,1554,8,32258,28,"rural",20022,"particular","turismo","gasolina","M","negro","soltero","mensual",0,1,"superior","telefonico",0,7,0,0,6.432,0,6.432,1,"baja",0,NA,0,"2","2"
733,"8","2",3.664,0.3664,23,"18-25",4,55,800,10,22041,3944,"urbana",10638,"particular","turismo","diesel","H","rojo","soltero","anual",1,2,"medio","presencial",1,5,0,0,0.168,1,3.664,1,"baja",930.64,930.64,1,"2","1"
734,"8","2",4.19,0.419,57,"35-65",18,131,2082,15,18610,225,"mixta",17661,"particular","turismo","diesel","H","otro","soltero","mensual",0,1,"basico","presencial",0,1,2,0,4.19,0,4.19,1,"baja",0,NA,0,"1","1"
735,"8","2",2.279,0.2279,34,"25-35",11,134,2409,10,21879,227,"mixta",6240,"particular","turismo","gasolina","H","gris","casado","anual",0,1,"superior","telefonico",0,2,0,0,2.279,0,2.279,1,"baja",0,NA,0,"3","2"
736,"8","2",0.239,0.0239,29,"25-35",10,112,1682,8,19887,484,"mixta",12181,"particular","turismo","gasolina","M","rojo","casado","mensual",0,1,"medio","presencial",0,0,0,1,0.239,0,0.239,1,"baja",0,NA,0,"1","1"
737,"8","2",6.592,0.6592,49,"35-65",27,96,1359,2,34868,248,"mixta",15716,"particular","turismo","gasolina","M","rojo","soltero","anual",0,1,"superior","presencial",0,1,0,0,6.592,0,10,0,"fin_estudio",0,NA,0,"1","1"
738,"8","2",3.039,0.3039,41,"35-65",9,59,895,7,26105,1232,"urbana",14212,"particular","turismo","diesel","M","otro","casado","mensual",0,1,"medio","presencial",0,1,0,0,3.039,0,10,0,"fin_estudio",0,NA,0,"4","4"
739,"8","2",4.601,0.4601,36,"35-65",7,115,1632,14,29344,120,"rural",7192,"comercial","turismo","gasolina","M","otro","casado","anual",1,3,"medio","presencial",1,1,0,0,3.382,1,7.661,0,"fin_estudio",5583.63,5583.63,1,"2","2"
740,"8","2",1.103,0.1103,62,"35-65",40,71,1275,11,13631,1759,"urbana",13447,"particular","turismo","diesel","H","negro","otro","anual",1,1,"basico","presencial",0,1,0,0,1.103,0,10,0,"fin_estudio",0,NA,0,"1","1"
741,"8","2",3.54,0.354,50,"35-65",13,137,2317,4,17678,750,"mixta",24319,"particular","turismo","gasolina","H","rojo","soltero","anual",1,1,"medio","presencial",1,0,1,0,1.549,1,8.957,0,"fin_estudio",3914.58,3914.58,1,"4","4"
742,"8","2",8.833,0.8833,55,"35-65",32,81,1029,0,14334,266,"mixta",12785,"particular","turismo","diesel","M","rojo","casado","anual",1,2,"basico","presencial",0,3,0,2,8.833,0,10,0,"fin_estudio",0,NA,0,"1","1"
743,"8","2",6.227,0.6227,40,"35-65",19,75,1113,12,28947,400,"mixta",12528,"particular","turismo","diesel","H","otro","casado","mensual",0,1,"medio","telematico",0,1,0,3,6.227,0,7.06,0,"fin_estudio",0,NA,0,"1","1"
744,"8","2",9.182,0.9182,31,"25-35",12,108,1562,5,23411,480,"mixta",8884,"particular","turismo","diesel","H","rojo","casado","anual",1,1,"basico","presencial",0,6,0,0,9.182,0,10,0,"fin_estudio",0,NA,0,"1","1"
745,"8","2",1.59,0.159,72,"65+",37,105,1380,17,36467,112,"rural",8269,"particular","moto","diesel","M","otro","casado","mensual",0,1,"medio","presencial",0,0,0,0,1.59,0,10,0,"fin_estudio",0,NA,0,"3","3"
746,"8","2",3.455,0.3455,35,"25-35",13,117,1455,11,29404,129,"rural",8482,"particular","turismo","gasolina","M","negro","soltero","mensual",1,1,"basico","presencial",2,1,0,0,1.773,1,10,0,"fin_estudio",6247.54,3123.77,1,"4","4"
747,"8","2",6.9,0.69,50,"35-65",28,99,1189,6,30934,163,"mixta",17384,"particular","furgoneta","gasolina","H","negro","casado","mensual",1,5,"basico","presencial",2,2,0,0,5.065,1,10,0,"fin_estudio",3246.31,1623.15,1,"4","5"
748,"8","2",3.593,0.3593,42,"35-65",18,172,2247,12,17443,1554,"urbana",12953,"particular","turismo","gasolina","H","blanco","casado","mensual",1,1,"basico","presencial",0,0,1,1,3.593,0,3.593,1,"baja",0,NA,0,"1","1"
749,"8","2",6.993,0.6993,53,"35-65",21,104,1615,1,22319,342,"mixta",14665,"particular","furgoneta","diesel","H","otro","soltero","anual",1,1,"basico","presencial",0,2,0,0,6.993,0,10,0,"fin_estudio",0,NA,0,"1","1"
750,"8","2",3.26,0.326,32,"25-35",10,82,1310,8,21657,500,"mixta",16197,"particular","turismo","diesel","M","blanco","casado","mensual",1,1,"medio","telefonico",0,0,1,0,3.26,0,3.26,1,"baja",0,NA,0,"4","4"
751,"8","2",1.677,0.1677,46,"35-65",26,102,1684,11,18272,139,"rural",8955,"comercial","turismo","diesel","H","blanco","casado","anual",0,4,"superior","presencial",0,0,1,0,1.677,0,1.677,1,"baja",0,NA,0,"3","3"
752,"8","2",1.836,0.1836,50,"35-65",21,239,4042,2,30760,453,"mixta",13789,"particular","furgoneta","diesel","M","negro","soltero","mensual",0,1,"superior","presencial",0,0,2,0,1.836,0,1.836,1,"baja",0,NA,0,"3","3"
753,"8","2",1.282,0.1282,55,"35-65",20,114,1594,5,12781,142,"rural",14436,"particular","moto","diesel","H","negro","casado","anual",0,1,"basico","presencial",0,2,0,0,1.282,0,2.231,0,"fin_estudio",0,NA,0,"4","4"
754,"8","2",2.348,0.2348,39,"35-65",12,105,1724,9,25216,1185,"urbana",15666,"particular","turismo","diesel","H","rojo","soltero","anual",1,3,"medio","presencial",0,1,0,0,2.348,0,2.348,1,"baja",0,NA,0,"2","2"
755,"8","2",8.1,0.81,63,"35-65",33,118,1869,8,22682,58,"rural",32718,"particular","furgoneta","diesel","H","blanco","casado","anual",1,1,"medio","presencial",1,7,0,1,7.282,1,10,0,"fin_estudio",972.49,972.49,1,"5","4"
756,"8","2",1.259,0.1259,68,"65+",48,60,887,5,23954,1193,"urbana",5702,"particular","turismo","gasolina","M","rojo","casado","mensual",0,2,"superior","telefonico",0,1,0,0,1.259,0,1.259,1,"baja",0,NA,0,"3","3"
757,"8","2",2.923,0.2923,45,"35-65",14,108,1707,16,31835,29,"rural",14392,"particular","turismo","diesel","H","otro","casado","mensual",0,1,"superior","presencial",0,0,0,0,2.923,0,10,0,"fin_estudio",0,NA,0,"5","4"
758,"8","2",3.79,0.379,58,"35-65",30,62,1016,8,20256,886,"mixta",9062,"particular","turismo","diesel","M","rojo","soltero","anual",1,1,"medio","presencial",0,0,0,0,3.79,0,9.504,0,"fin_estudio",0,NA,0,"3","3"
759,"8","2",1.033,0.1033,26,"25-35",3,135,1707,9,24662,439,"mixta",19105,"comercial","moto","diesel","H","negro","casado","mensual",0,2,"basico","telematico",0,0,0,0,1.033,0,2.685,0,"fin_estudio",0,NA,0,"2","2"
760,"8","2",4.646,0.4646,56,"35-65",24,90,1316,3,15688,117,"rural",38215,"comercial","turismo","diesel","H","otro","casado","mensual",0,2,"medio","presencial",2,3,0,0,0.713,1,10,0,"fin_estudio",3339.56,1669.78,1,"3","3"
761,"8","2",4.734,0.4734,60,"35-65",28,78,1089,2,28348,76,"rural",6117,"particular","turismo","gasolina","H","rojo","soltero","mensual",0,1,"medio","telematico",0,0,0,1,4.734,0,7.028,0,"fin_estudio",0,NA,0,"1","1"
762,"8","2",7.023,0.7023,70,"65+",42,150,2000,2,20187,1678,"urbana",10030,"particular","turismo","gasolina","H","gris","soltero","anual",1,1,"basico","telefonico",0,0,2,0,7.023,0,10,0,"fin_estudio",0,NA,0,"1","1"
763,"8","2",1.194,0.1194,36,"35-65",11,112,1555,4,28251,264,"mixta",6356,"particular","turismo","gasolina","H","otro","otro","anual",0,2,"basico","presencial",0,1,0,0,1.194,0,1.194,1,"baja",0,NA,0,"2","2"
764,"8","2",5.773,0.5773,31,"25-35",11,213,2841,13,41255,303,"mixta",8496,"particular","turismo","diesel","M","rojo","casado","mensual",0,2,"medio","presencial",2,2,0,0,0.977,1,5.773,1,"baja",10625.7,5312.85,1,"3","3"
765,"8","2",2.052,0.2052,54,"35-65",33,98,1734,14,23321,226,"mixta",13484,"particular","turismo","gasolina","H","negro","soltero","anual",1,2,"basico","telefonico",0,0,0,0,2.052,0,2.285,0,"fin_estudio",0,NA,0,"1","1"
766,"8","2",4.706,0.4706,48,"35-65",30,147,1820,8,28128,57,"rural",30277,"particular","turismo","diesel","H","rojo","soltero","mensual",1,2,"basico","presencial",2,2,0,0,1.208,1,4.937,0,"fin_estudio",8245.14,4122.57,1,"3","4"
767,"8","2",1.538,0.1538,21,"18-25",2,81,1130,1,26984,612,"mixta",15820,"comercial","furgoneta","diesel","H","otro","soltero","anual",0,1,"basico","telefonico",1,2,0,0,1.312,1,1.538,1,"baja",3438.08,3438.08,1,"1","2"
768,"8","2",1.064,0.1064,26,"25-35",6,87,1381,2,29440,345,"mixta",5697,"particular","turismo","gasolina","H","negro","casado","mensual",0,2,"medio","telefonico",0,1,0,0,1.064,0,10,0,"fin_estudio",0,NA,0,"5","4"
769,"8","2",2.082,0.2082,18,"18-25",0,65,959,7,16192,922,"mixta",13476,"particular","turismo","gasolina","M","blanco","otro","anual",0,3,"basico","presencial",0,1,0,1,2.082,0,2.082,1,"baja",0,NA,0,"2","1"
770,"8","2",4.436,0.4436,61,"35-65",24,111,1594,15,21176,82,"rural",9745,"particular","furgoneta","diesel","M","gris","otro","anual",0,1,"medio","presencial",1,1,0,0,2.569,1,10,0,"fin_estudio",1592.35,1592.35,1,"4","3"
771,"8","2",1.329,0.1329,48,"35-65",20,128,2175,4,14658,75,"rural",16107,"particular","turismo","diesel","H","negro","soltero","mensual",0,1,"basico","presencial",0,1,0,0,1.329,0,4.52,0,"fin_estudio",0,NA,0,"2","2"
772,"8","2",3.613,0.3613,60,"35-65",29,103,1477,13,23304,329,"mixta",8559,"particular","turismo","diesel","H","gris","casado","mensual",1,1,"superior","telefonico",0,2,0,1,3.613,0,6.153,0,"fin_estudio",0,NA,0,"2","1"
773,"9","2",1.003,0.1003,36,"35-65",15,99,1766,14,14983,216,"mixta",13134,"comercial","turismo","diesel","H","negro","casado","anual",0,1,"medio","presencial",0,0,0,0,1.003,0,7.912,0,"fin_estudio",0,NA,0,"2","2"
774,"9","2",3.998,0.3998,51,"35-65",30,141,1710,0,27998,143,"rural",30731,"particular","moto","diesel","M","negro","soltero","anual",0,2,"medio","presencial",0,0,0,1,3.998,0,3.998,1,"baja",0,NA,0,"2","1"
775,"9","2",4.462,0.4462,50,"35-65",22,102,1710,8,16740,60,"rural",21934,"particular","turismo","diesel","H","otro","casado","mensual",1,1,"superior","presencial",0,1,0,0,4.462,0,10,0,"fin_estudio",0,NA,0,"4","3"
776,"9","2",6.931,0.6931,48,"35-65",26,59,812,14,31233,128,"rural",13627,"particular","turismo","diesel","M","gris","soltero","mensual",1,1,"basico","presencial",0,1,0,0,6.931,0,6.931,1,"baja",0,NA,0,"2","2"
777,"9","2",1.922,0.1922,63,"35-65",40,84,1210,0,12139,285,"mixta",11719,"particular","turismo","gasolina","M","rojo","casado","anual",0,2,"basico","presencial",0,0,0,0,1.922,0,10,0,"fin_estudio",0,NA,0,"3","3"
778,"9","2",4.774,0.4774,46,"35-65",18,144,2220,11,21242,305,"mixta",10880,"particular","turismo","gasolina","M","blanco","casado","anual",0,2,"medio","presencial",2,4,1,1,0.021,1,8.552,0,"fin_estudio",1780.1,890.05,1,"4","3"
779,"9","2",2.152,0.2152,31,"25-35",10,112,1756,7,35615,173,"mixta",15498,"particular","turismo","diesel","M","gris","soltero","anual",1,1,"basico","presencial",0,0,0,0,2.152,0,9.886,0,"fin_estudio",0,NA,0,"2","2"
780,"9","2",1.241,0.1241,66,"65+",33,134,1697,3,35204,194,"mixta",23485,"particular","turismo","gasolina","M","blanco","otro","anual",1,1,"basico","presencial",0,1,0,0,1.241,0,1.241,1,"baja",0,NA,0,"3","3"
781,"9","2",9.026,0.9026,41,"35-65",17,61,800,10,30758,187,"mixta",11814,"comercial","turismo","gasolina","H","otro","soltero","mensual",0,1,"superior","presencial",3,3,1,0,1.106,1,10,0,"fin_estudio",8786.24,2928.75,1,"3","2"
782,"9","2",1.315,0.1315,66,"65+",32,55,925,6,28089,60,"rural",22399,"particular","turismo","diesel","H","negro","soltero","anual",1,1,"medio","telefonico",0,0,2,0,1.315,0,5.26,0,"fin_estudio",0,NA,0,"3","3"
783,"9","2",8.307,0.8307,68,"65+",49,115,1466,7,24401,601,"mixta",13289,"particular","turismo","diesel","M","rojo","casado","mensual",1,1,"superior","presencial",5,4,2,2,1.805,1,8.307,1,"baja",12386.53,2477.31,1,"5","5"
784,"9","2",8.446,0.8446,46,"35-65",24,82,1019,0,14384,1410,"urbana",22673,"particular","furgoneta","diesel","H","gris","soltero","anual",0,1,"basico","presencial",2,2,1,1,4.042,1,9.006,0,"fin_estudio",2851.99,1425.99,1,"2","2"
785,"9","2",3.587,0.3587,74,"65+",24,72,1117,4,29899,709,"mixta",7820,"particular","turismo","diesel","M","blanco","casado","mensual",1,2,"medio","telematico",0,1,0,0,3.587,0,10,0,"fin_estudio",0,NA,0,"3","3"
786,"9","2",6.582,0.6582,51,"35-65",14,85,1130,10,20217,504,"mixta",5897,"particular","turismo","gasolina","M","gris","casado","anual",0,3,"medio","telefonico",1,0,0,0,5.481,1,10,0,"fin_estudio",1965.1,1965.1,1,"2","2"
787,"9","2",8.195,0.8195,48,"35-65",16,132,1665,0,26600,234,"mixta",9291,"particular","turismo","diesel","M","rojo","soltero","anual",1,1,"superior","telematico",0,3,0,2,8.195,0,10,0,"fin_estudio",0,NA,0,"1","1"
788,"9","2",6.878,0.6878,59,"35-65",39,195,2484,11,26393,645,"mixta",16945,"particular","furgoneta","diesel","H","rojo","casado","mensual",0,2,"basico","presencial",0,4,0,0,6.878,0,10,0,"fin_estudio",0,NA,0,"1","1"
789,"9","2",8.172,0.8172,51,"35-65",15,79,1025,6,37301,1588,"urbana",6433,"particular","turismo","diesel","M","negro","casado","anual",0,1,"medio","telematico",0,3,1,1,8.172,0,10,0,"fin_estudio",0,NA,0,"1","1"
790,"9","2",2.701,0.2701,54,"35-65",28,109,1575,0,15505,244,"mixta",11143,"comercial","furgoneta","diesel","M","otro","casado","anual",1,1,"superior","presencial",0,0,0,2,2.701,0,7.787,0,"fin_estudio",0,NA,0,"2","2"
791,"9","2",3.52,0.352,57,"35-65",29,131,2302,8,30747,295,"mixta",10541,"particular","moto","diesel","H","gris","casado","mensual",0,1,"medio","telematico",0,0,0,0,3.52,0,10,0,"fin_estudio",0,NA,0,"3","3"
792,"9","2",9.801,0.9801,48,"35-65",14,115,1847,0,23397,326,"mixta",6168,"particular","turismo","gasolina","M","rojo","casado","anual",0,1,"superior","presencial",2,3,0,1,2.588,1,10,0,"fin_estudio",4987.22,2493.61,1,"4","3"
793,"9","2",4.978,0.4978,57,"35-65",34,84,1511,11,25734,473,"mixta",4574,"particular","turismo","diesel","M","gris","soltero","anual",0,1,"superior","telefonico",0,2,0,1,4.978,0,4.978,1,"baja",0,NA,0,"1","1"
794,"9","2",3.227,0.3227,45,"35-65",16,135,1670,9,16633,58,"rural",5539,"particular","turismo","diesel","M","blanco","soltero","anual",1,2,"medio","presencial",0,1,0,1,3.227,0,3.467,0,"fin_estudio",0,NA,0,"4","4"
795,"9","2",8.004,0.8004,22,"18-25",3,110,1889,10,30693,185,"mixta",8902,"particular","furgoneta","diesel","H","gris","soltero","anual",1,2,"superior","presencial",4,3,1,3,1.035,1,10,0,"fin_estudio",13620.4,3405.1,1,"5","5"
796,"9","2",1.493,0.1493,63,"35-65",32,125,1645,10,41523,478,"mixta",26081,"particular","furgoneta","diesel","M","otro","casado","anual",0,1,"medio","presencial",0,0,0,0,1.493,0,4.739,0,"fin_estudio",0,NA,0,"2","2"
797,"9","2",8.439,0.8439,34,"25-35",16,55,867,11,23543,233,"mixta",16179,"particular","turismo","diesel","M","blanco","casado","anual",0,1,"superior","presencial",1,2,2,1,1.766,1,8.439,1,"baja",6156.05,6156.05,1,"1","1"
798,"9","2",4.562,0.4562,34,"25-35",10,137,2130,7,26637,1051,"urbana",17500,"particular","turismo","diesel","H","blanco","soltero","anual",1,2,"basico","presencial",2,2,0,1,1.201,1,4.768,0,"fin_estudio",7466.81,3733.4,1,"4","4"
799,"9","2",3,0.3,34,"25-35",11,116,1777,0,25667,248,"mixta",31858,"particular","turismo","gasolina","H","blanco","casado","anual",0,2,"basico","telematico",0,0,2,1,3,0,10,0,"fin_estudio",0,NA,0,"3","3"
800,"9","2",7.25,0.725,53,"35-65",19,111,1834,0,19338,608,"mixta",29041,"particular","turismo","gasolina","H","negro","soltero","anual",0,1,"basico","presencial",1,1,0,2,2.839,1,10,0,"fin_estudio",1129.91,1129.91,1,"2","2"
801,"9","2",6.6,0.66,55,"35-65",25,134,1611,13,26703,44,"rural",18603,"particular","turismo","diesel","H","rojo","otro","anual",1,1,"medio","presencial",0,3,1,2,6.6,0,7.144,0,"fin_estudio",0,NA,0,"1","1"
802,"9","2",3.458,0.3458,51,"35-65",28,134,2368,7,25874,1501,"urbana",16449,"particular","moto","gasolina","H","otro","soltero","anual",0,1,"superior","telefonico",4,1,1,0,0.662,1,3.458,1,"baja",16895.47,4223.87,1,"4","4"
803,"9","2",3.424,0.3424,18,"18-25",0,118,1753,7,17037,185,"mixta",9129,"particular","turismo","gasolina","M","rojo","soltero","mensual",1,1,"medio","presencial",0,2,1,4,3.424,0,3.424,1,"baja",0,NA,0,"2","1"
804,"9","2",1.728,0.1728,56,"35-65",19,95,1141,2,33025,953,"mixta",12162,"comercial","furgoneta","gasolina","M","rojo","casado","anual",1,1,"basico","telefonico",0,0,0,1,1.728,0,6.706,0,"fin_estudio",0,NA,0,"2","1"
805,"9","2",5.166,0.5166,24,"18-25",3,169,3012,16,30350,58,"rural",15819,"particular","furgoneta","gasolina","M","rojo","soltero","anual",0,1,"basico","telematico",4,5,0,1,0.876,1,8.28,0,"fin_estudio",12588.54,3147.13,1,"5","5"
806,"9","2",1.773,0.1773,42,"35-65",12,137,2040,20,30285,47,"rural",19131,"particular","turismo","gasolina","M","gris","casado","mensual",0,2,"medio","presencial",0,0,1,0,1.773,0,1.773,1,"baja",0,NA,0,"3","3"
807,"9","2",1.851,0.1851,49,"35-65",27,105,1495,10,22111,127,"rural",50137,"particular","turismo","diesel","H","blanco","soltero","mensual",1,1,"medio","telefonico",0,0,0,0,1.851,0,1.851,1,"baja",0,NA,0,"2","2"
808,"9","2",1.282,0.1282,34,"25-35",12,55,830,16,32675,379,"mixta",26414,"particular","turismo","diesel","H","negro","soltero","anual",1,1,"basico","telematico",0,0,0,0,1.282,0,1.282,1,"baja",0,NA,0,"3","2"
809,"9","2",4.71,0.471,37,"35-65",12,116,1835,8,41969,266,"mixta",15859,"particular","turismo","diesel","H","rojo","soltero","anual",1,1,"superior","telefonico",1,2,0,1,3.125,1,4.71,1,"baja",4541.03,4541.03,1,"3","3"
810,"9","2",9.561,0.9561,80,"65+",33,89,1162,11,22636,245,"mixta",8794,"particular","turismo","diesel","M","negro","soltero","anual",0,1,"basico","presencial",7,3,0,2,0.649,1,9.561,1,"baja",16638.33,2376.9,1,"4","4"
811,"9","2",5.581,0.5581,53,"35-65",33,118,1477,8,16298,465,"mixta",11052,"particular","turismo","gasolina","H","gris","otro","anual",0,1,"basico","presencial",0,1,0,3,5.581,0,10,0,"fin_estudio",0,NA,0,"1","1"
812,"9","2",6.326,0.6326,36,"35-65",7,127,1956,12,44062,81,"rural",9398,"particular","turismo","diesel","M","rojo","casado","anual",1,1,"basico","presencial",0,2,1,0,6.326,0,6.326,1,"baja",0,NA,0,"1","1"
813,"9","2",3.557,0.3557,51,"35-65",29,130,1785,13,40211,389,"mixta",15767,"particular","turismo","diesel","M","rojo","soltero","anual",0,1,"basico","presencial",0,2,0,0,3.557,0,3.916,0,"fin_estudio",0,NA,0,"3","3"
814,"9","2",5.111,0.5111,40,"35-65",18,113,1710,9,36510,325,"mixta",18327,"comercial","moto","gasolina","H","rojo","casado","anual",0,2,"superior","presencial",0,4,2,1,5.111,0,5.672,0,"fin_estudio",0,NA,0,"1","1"
815,"9","2",4.694,0.4694,44,"35-65",12,129,2287,7,28586,588,"mixta",12121,"particular","moto","diesel","H","otro","casado","anual",0,1,"basico","presencial",2,2,0,1,0.691,1,4.694,1,"baja",4305.08,2152.54,1,"3","4"
816,"9","2",2.692,0.2692,42,"35-65",10,163,2051,5,5046,1928,"urbana",14682,"particular","turismo","gasolina","M","blanco","soltero","anual",1,1,"medio","telefonico",0,2,0,0,2.692,0,2.692,1,"baja",0,NA,0,"1","1"
817,"9","2",1.122,0.1122,71,"65+",39,103,1258,13,31639,317,"mixta",9777,"particular","turismo","diesel","H","blanco","soltero","anual",0,1,"medio","telefonico",0,1,0,0,1.122,0,9.084,0,"fin_estudio",0,NA,0,"4","3"
818,"9","2",1.176,0.1176,69,"65+",26,139,2082,9,15926,21,"rural",14453,"comercial","turismo","diesel","H","negro","casado","mensual",0,1,"basico","telefonico",0,0,0,1,1.176,0,4.208,0,"fin_estudio",0,NA,0,"3","3"
819,"9","2",3.6,0.36,53,"35-65",33,124,1775,2,25173,171,"mixta",19464,"particular","turismo","diesel","H","gris","soltero","mensual",1,1,"basico","telefonico",0,0,0,2,3.6,0,5.619,0,"fin_estudio",0,NA,0,"5","5"
820,"9","2",3.122,0.3122,46,"35-65",21,118,1963,6,24523,368,"mixta",13295,"particular","turismo","diesel","H","otro","casado","anual",0,1,"medio","presencial",0,3,0,0,3.122,0,9.628,0,"fin_estudio",0,NA,0,"4","3"
821,"9","2",1.562,0.1562,37,"35-65",9,126,1727,7,12026,269,"mixta",6196,"particular","moto","diesel","H","blanco","otro","anual",1,1,"medio","telefonico",0,1,0,1,1.562,0,10,0,"fin_estudio",0,NA,0,"1","1"
822,"9","2",4.841,0.4841,34,"25-35",8,76,1155,7,15313,94,"rural",15008,"particular","moto","diesel","H","otro","casado","mensual",1,1,"basico","telefonico",0,2,1,2,4.841,0,10,0,"fin_estudio",0,NA,0,"1","1"
823,"9","2",6.743,0.6743,31,"25-35",7,117,1781,5,35033,54,"rural",11132,"particular","turismo","gasolina","M","blanco","casado","anual",1,2,"superior","presencial",1,1,0,0,4.908,1,6.743,1,"baja",808.02,808.02,1,"1","1"
824,"9","2",1.065,0.1065,37,"35-65",18,97,1194,13,37313,83,"rural",12298,"particular","turismo","diesel","M","otro","soltero","mensual",0,1,"medio","presencial",0,1,0,0,1.065,0,1.065,1,"baja",0,NA,0,"1","1"
825,"9","2",4.799,0.4799,47,"35-65",18,135,1749,7,22201,175,"mixta",11497,"particular","turismo","gasolina","H","gris","casado","mensual",0,1,"superior","telefonico",0,1,0,2,4.799,0,4.799,1,"baja",0,NA,0,"3","3"
826,"9","2",1.982,0.1982,26,"25-35",4,134,1936,8,27265,184,"mixta",7378,"particular","turismo","diesel","H","negro","casado","anual",0,2,"medio","presencial",0,1,0,0,1.982,0,6.693,0,"fin_estudio",0,NA,0,"3","2"
827,"9","2",9.118,0.9118,53,"35-65",13,104,1677,13,16698,748,"mixta",19910,"particular","turismo","diesel","H","rojo","otro","anual",0,1,"basico","telefonico",3,6,0,5,3.345,1,10,0,"fin_estudio",4307.07,1435.69,1,"3","2"
828,"9","2",5.47,0.547,23,"18-25",3,151,2628,6,30472,149,"rural",6292,"particular","turismo","gasolina","M","gris","soltero","anual",1,3,"superior","telefonico",0,2,0,3,5.47,0,10,0,"fin_estudio",0,NA,0,"1","1"
829,"9","2",3.569,0.3569,22,"18-25",4,115,1483,16,26105,160,"mixta",49203,"particular","turismo","diesel","H","blanco","soltero","anual",1,1,"basico","telefonico",4,2,0,0,0.669,1,3.569,1,"baja",9861.25,2465.31,1,"5","5"
830,"9","2",5.057,0.5057,49,"35-65",25,96,1322,10,24419,827,"mixta",10243,"particular","turismo","gasolina","H","otro","casado","anual",1,1,"basico","telefonico",1,1,0,2,3.946,1,10,0,"fin_estudio",632.14,632.14,1,"3","3"
831,"9","2",1.639,0.1639,63,"35-65",18,73,928,1,18632,976,"mixta",13845,"comercial","turismo","gasolina","M","otro","soltero","mensual",0,1,"medio","presencial",0,0,0,0,1.639,0,10,0,"fin_estudio",0,NA,0,"1","1"
832,"9","2",1.652,0.1652,66,"65+",25,166,2820,10,39307,948,"mixta",19356,"comercial","furgoneta","diesel","M","negro","casado","mensual",0,1,"basico","presencial",0,2,0,1,1.652,0,1.652,1,"baja",0,NA,0,"3","3"
833,"9","2",3.117,0.3117,53,"35-65",21,55,966,8,12392,4160,"urbana",36944,"particular","turismo","diesel","H","gris","casado","anual",0,1,"medio","presencial",0,0,0,1,3.117,0,10,0,"fin_estudio",0,NA,0,"1","1"
834,"9","2",3.65,0.365,62,"35-65",22,135,2308,4,17396,659,"mixta",8976,"particular","turismo","gasolina","M","rojo","soltero","anual",1,1,"basico","presencial",0,2,0,2,3.65,0,3.65,1,"baja",0,NA,0,"1","1"
835,"9","2",2.356,0.2356,52,"35-65",19,116,1461,10,12940,138,"rural",9427,"particular","turismo","diesel","M","otro","soltero","anual",0,2,"basico","presencial",0,0,0,0,2.356,0,10,0,"fin_estudio",0,NA,0,"1","1"
836,"9","2",4.415,0.4415,45,"35-65",9,111,1505,0,18665,543,"mixta",16512,"particular","turismo","gasolina","M","gris","soltero","mensual",0,2,"basico","presencial",2,1,0,2,0.338,1,10,0,"fin_estudio",734.78,367.39,1,"5","5"
837,"9","2",6.404,0.6404,60,"35-65",36,103,1677,1,14097,61,"rural",9782,"particular","turismo","diesel","M","otro","soltero","anual",0,1,"medio","presencial",1,3,1,0,5.864,1,6.993,0,"fin_estudio",2679.96,2679.96,1,"2","2"
838,"9","2",2.906,0.2906,44,"35-65",21,173,2684,15,30560,196,"mixta",10183,"particular","moto","diesel","M","blanco","casado","mensual",0,1,"medio","presencial",1,1,0,0,2.53,1,2.906,1,"baja",3853.22,3853.22,1,"1","2"
839,"9","2",5.981,0.5981,34,"25-35",12,213,2823,7,31556,938,"mixta",3598,"particular","turismo","gasolina","M","rojo","otro","mensual",0,1,"basico","telefonico",0,0,0,0,5.981,0,10,0,"fin_estudio",0,NA,0,"1","1"
840,"9","2",7.769,0.7769,44,"35-65",25,145,1878,0,33234,204,"mixta",12698,"particular","turismo","gasolina","M","gris","casado","anual",0,3,"superior","telefonico",0,2,1,0,7.769,0,7.769,1,"baja",0,NA,0,"1","1"
841,"9","2",1.136,0.1136,53,"35-65",23,77,1267,7,20839,733,"mixta",7558,"particular","turismo","gasolina","M","rojo","soltero","mensual",1,1,"medio","telefonico",0,0,0,0,1.136,0,1.136,1,"baja",0,NA,0,"4","4"
842,"9","2",2.948,0.2948,52,"35-65",17,174,2217,2,17070,396,"mixta",13214,"comercial","moto","diesel","H","gris","soltero","anual",0,2,"basico","presencial",0,0,0,2,2.948,0,2.948,1,"baja",0,NA,0,"1","1"
843,"9","2",1.777,0.1777,36,"35-65",8,114,1720,3,37192,216,"mixta",18743,"particular","turismo","diesel","H","blanco","soltero","anual",0,1,"medio","telematico",0,0,0,0,1.777,0,5.415,0,"fin_estudio",0,NA,0,"2","1"
844,"9","2",6.39,0.639,28,"25-35",9,173,2653,6,28905,1164,"urbana",8512,"particular","furgoneta","diesel","H","blanco","soltero","anual",0,1,"superior","presencial",5,0,0,1,1.787,1,10,0,"fin_estudio",20439.23,4087.85,1,"4","3"
845,"9","2",1.261,0.1261,23,"18-25",2,95,1621,12,20193,217,"mixta",17823,"particular","moto","diesel","H","otro","soltero","mensual",1,1,"medio","presencial",0,3,0,0,1.261,0,9.021,0,"fin_estudio",0,NA,0,"2","2"
846,"9","2",8.795,0.8795,40,"35-65",14,110,1707,9,22353,103,"rural",3017,"particular","turismo","gasolina","H","otro","otro","anual",1,2,"basico","presencial",0,0,0,0,8.795,0,10,0,"fin_estudio",0,NA,0,"1","1"
847,"9","2",7.195,0.7195,24,"18-25",5,69,1189,3,18481,1021,"urbana",8672,"particular","turismo","gasolina","H","negro","casado","anual",1,2,"superior","telefonico",0,1,0,0,7.195,0,8.067,0,"fin_estudio",0,NA,0,"3","3"
848,"9","2",3.265,0.3265,21,"18-25",2,104,1555,4,35050,108,"rural",6967,"particular","turismo","diesel","H","rojo","casado","anual",1,2,"superior","presencial",1,3,0,2,0.282,1,3.265,1,"baja",7884.04,7884.04,1,"2","1"
849,"9","2",4.733,0.4733,56,"35-65",22,59,805,6,32515,186,"mixta",11550,"comercial","turismo","diesel","H","gris","soltero","mensual",0,1,"medio","telematico",0,2,0,5,4.733,0,4.733,1,"baja",0,NA,0,"1","1"
850,"9","2",4.125,0.4125,28,"25-35",5,62,800,6,17553,498,"mixta",9907,"particular","moto","diesel","M","otro","soltero","anual",0,1,"basico","telematico",0,2,0,0,4.125,0,10,0,"fin_estudio",0,NA,0,"2","1"
851,"9","2",2.152,0.2152,41,"35-65",19,103,1684,15,11012,846,"mixta",6297,"particular","turismo","diesel","M","otro","soltero","mensual",0,2,"basico","presencial",0,1,0,0,2.152,0,10,0,"fin_estudio",0,NA,0,"1","1"
852,"9","2",8.728,0.8728,35,"25-35",15,101,1275,5,27547,363,"mixta",5874,"comercial","moto","gasolina","H","negro","casado","mensual",0,2,"medio","presencial",1,6,1,2,8.654,1,10,0,"fin_estudio",5283.94,5283.94,1,"4","5"
853,"9","2",4.486,0.4486,25,"18-25",3,139,2235,10,25366,108,"rural",29560,"particular","turismo","diesel","H","rojo","otro","mensual",0,2,"medio","presencial",0,5,2,3,4.486,0,4.486,1,"baja",0,NA,0,"1","1"
854,"9","2",6.249,0.6249,40,"35-65",11,92,1473,4,16409,584,"mixta",11117,"particular","turismo","gasolina","M","gris","casado","anual",0,1,"medio","presencial",1,1,0,1,0.409,1,6.249,1,"baja",817.72,817.72,1,"1","1"
855,"9","2",1.531,0.1531,51,"35-65",13,95,1428,8,22775,288,"mixta",9721,"particular","turismo","gasolina","M","otro","soltero","anual",1,1,"medio","presencial",0,0,0,0,1.531,0,1.531,1,"baja",0,NA,0,"3","3"
856,"9","2",1.202,0.1202,68,"65+",26,100,1792,15,13424,279,"mixta",5991,"particular","turismo","diesel","H","otro","casado","mensual",1,3,"medio","presencial",0,0,0,0,1.202,0,1.202,1,"baja",0,NA,0,"3","3"
857,"9","2",1.527,0.1527,32,"25-35",13,101,1740,12,31043,1060,"urbana",6834,"particular","turismo","gasolina","M","gris","casado","mensual",0,1,"medio","telematico",0,0,0,1,1.527,0,10,0,"fin_estudio",0,NA,0,"2","2"
858,"9","2",3.361,0.3361,48,"35-65",23,79,1230,14,6555,135,"rural",13831,"particular","furgoneta","diesel","M","otro","casado","anual",0,1,"superior","telefonico",2,1,0,1,0.596,1,3.361,1,"baja",1714.09,857.05,1,"4","4"
859,"9","2",3.127,0.3127,35,"25-35",15,154,2655,5,31221,222,"mixta",8383,"comercial","furgoneta","diesel","H","otro","otro","mensual",0,1,"medio","presencial",0,1,0,1,3.127,0,10,0,"fin_estudio",0,NA,0,"4","3"
860,"9","2",4.136,0.4136,29,"25-35",8,124,1872,11,32390,172,"mixta",11857,"particular","turismo","diesel","M","rojo","soltero","anual",1,1,"medio","telefonico",0,2,0,0,4.136,0,4.55,0,"fin_estudio",0,NA,0,"3","2"
861,"9","2",7.312,0.7312,49,"35-65",18,93,1169,4,26931,40,"rural",15949,"particular","turismo","gasolina","M","blanco","soltero","anual",0,1,"basico","telefonico",0,3,0,2,7.312,0,10,0,"fin_estudio",0,NA,0,"1","1"
862,"9","2",1.704,0.1704,56,"35-65",32,87,1351,5,17695,252,"mixta",13590,"particular","turismo","diesel","M","gris","casado","anual",1,1,"medio","presencial",0,1,0,0,1.704,0,3.382,0,"fin_estudio",0,NA,0,"3","2"
863,"9","2",8.394,0.8394,37,"35-65",8,55,800,2,18340,536,"mixta",6773,"particular","turismo","gasolina","M","negro","soltero","mensual",1,1,"medio","presencial",0,0,0,4,8.394,0,10,0,"fin_estudio",0,NA,0,"1","1"
864,"9","2",9.847,0.9847,46,"35-65",25,168,2120,13,27062,42,"rural",12892,"particular","turismo","diesel","H","blanco","soltero","mensual",0,1,"medio","telematico",1,2,0,3,1.741,1,10,0,"fin_estudio",2291.07,2291.07,1,"1","1"
865,"9","2",8.861,0.8861,28,"25-35",9,100,1318,0,42436,125,"rural",4544,"comercial","turismo","gasolina","M","rojo","casado","anual",0,2,"medio","telefonico",0,1,0,1,8.861,0,8.861,1,"baja",0,NA,0,"1","1"
866,"10","2",2.923,0.2923,59,"35-65",28,152,1838,9,29782,43,"rural",15445,"particular","moto","diesel","H","otro","soltero","anual",1,1,"basico","presencial",0,0,0,2,2.923,0,2.923,1,"baja",0,NA,0,"2","2"
867,"10","2",7.635,0.7635,62,"35-65",39,89,1341,7,33060,947,"mixta",19248,"particular","moto","diesel","H","gris","otro","anual",0,1,"basico","presencial",0,2,0,2,7.635,0,7.635,1,"baja",0,NA,0,"1","1"
868,"10","2",3.311,0.3311,26,"25-35",7,159,2176,2,29272,326,"mixta",12366,"particular","turismo","gasolina","M","gris","soltero","mensual",1,1,"medio","presencial",1,1,0,1,0.594,1,3.989,0,"fin_estudio",6620.54,6620.54,1,"4","3"
869,"10","2",7.288,0.7288,39,"35-65",15,111,1592,0,28821,573,"mixta",11858,"particular","turismo","gasolina","M","blanco","soltero","mensual",1,2,"medio","telematico",0,1,0,1,7.288,0,7.288,1,"baja",0,NA,0,"1","1"
870,"10","2",3.828,0.3828,36,"35-65",12,110,1803,0,26180,275,"mixta",16408,"particular","turismo","gasolina","M","negro","casado","mensual",0,1,"basico","telefonico",0,1,1,4,3.828,0,4.121,0,"fin_estudio",0,NA,0,"3","2"
871,"10","2",5.525,0.5525,19,"18-25",1,136,1974,20,19431,148,"rural",22255,"particular","moto","gasolina","M","rojo","casado","anual",1,1,"basico","presencial",2,3,1,0,1.32,1,5.525,1,"baja",5841.71,2920.85,1,"3","2"
872,"10","2",7.325,0.7325,23,"18-25",3,55,800,6,29752,148,"rural",8797,"particular","turismo","gasolina","M","rojo","casado","anual",1,3,"basico","telefonico",2,2,0,1,1.245,1,7.325,1,"baja",1569.86,784.93,1,"4","4"
873,"10","2",9.78,0.978,36,"35-65",13,151,2545,6,24390,344,"mixta",5161,"particular","turismo","gasolina","M","blanco","soltero","anual",0,1,"basico","presencial",3,2,0,1,5.274,1,10,0,"fin_estudio",5877.18,1959.06,1,"4","4"
874,"10","2",8.354,0.8354,64,"35-65",19,104,1362,14,16477,408,"mixta",4759,"particular","turismo","gasolina","H","rojo","casado","mensual",0,1,"basico","telematico",0,0,0,3,8.354,0,8.354,1,"baja",0,NA,0,"1","1"
875,"10","2",1.54,0.154,28,"25-35",10,55,905,8,23710,124,"rural",6141,"particular","moto","diesel","H","rojo","soltero","mensual",0,2,"medio","telefonico",0,0,0,0,1.54,0,10,0,"fin_estudio",0,NA,0,"2","2"
876,"10","2",1.365,0.1365,56,"35-65",30,112,1376,14,31966,108,"rural",24260,"particular","turismo","diesel","M","blanco","casado","mensual",1,1,"basico","presencial",0,0,0,0,1.365,0,1.365,1,"baja",0,NA,0,"2","2"
877,"10","2",2.799,0.2799,55,"35-65",24,182,2208,9,17811,262,"mixta",14265,"particular","turismo","gasolina","M","gris","casado","anual",0,1,"superior","telefonico",1,1,0,0,2.08,1,2.799,1,"baja",968.91,968.91,1,"3","4"
878,"10","2",3.035,0.3035,35,"25-35",10,55,806,8,19259,315,"mixta",6273,"comercial","turismo","diesel","H","negro","soltero","anual",1,2,"medio","presencial",0,2,0,0,3.035,0,3.035,1,"baja",0,NA,0,"1","1"
879,"10","2",0.54,0.054,35,"25-35",15,137,2069,8,26371,421,"mixta",9793,"particular","turismo","gasolina","H","blanco","soltero","mensual",1,1,"basico","presencial",0,0,0,1,0.54,0,0.54,1,"baja",0,NA,0,"2","2"
880,"10","2",0.848,0.0848,47,"35-65",22,94,1145,3,26987,795,"mixta",9184,"particular","furgoneta","gasolina","M","gris","casado","anual",0,3,"medio","telefonico",1,0,0,0,0.727,1,0.848,1,"baja",1186.65,1186.65,1,"3","3"
881,"10","2",2.102,0.2102,29,"25-35",5,84,1192,1,32570,2253,"urbana",8491,"particular","turismo","diesel","M","negro","casado","anual",1,2,"basico","presencial",0,0,0,0,2.102,0,2.102,1,"baja",0,NA,0,"1","1"
882,"10","2",3.869,0.3869,61,"35-65",25,124,2117,3,25972,430,"mixta",19634,"particular","turismo","gasolina","M","rojo","casado","mensual",0,2,"medio","telefonico",1,2,0,0,2.305,1,3.869,1,"baja",182.2,182.2,1,"4","3"
883,"10","2",1.917,0.1917,42,"35-65",11,167,2241,6,26984,215,"mixta",14242,"comercial","turismo","gasolina","M","blanco","soltero","mensual",0,2,"superior","presencial",0,1,0,0,1.917,0,3.188,0,"fin_estudio",0,NA,0,"3","3"
884,"10","2",0.845,0.0845,48,"35-65",17,151,2067,10,40938,145,"rural",18762,"particular","turismo","gasolina","H","otro","soltero","anual",0,1,"basico","presencial",0,1,0,1,0.845,0,0.845,1,"baja",0,NA,0,"3","3"
885,"10","2",2.518,0.2518,69,"65+",18,137,1727,14,30975,117,"rural",30629,"comercial","turismo","diesel","M","negro","casado","anual",1,1,"superior","telefonico",0,1,0,2,2.518,0,2.518,1,"baja",0,NA,0,"1","1"
886,"10","2",2.89,0.289,24,"18-25",4,116,1479,6,21627,219,"mixta",12639,"particular","turismo","diesel","H","rojo","casado","mensual",0,2,"medio","presencial",1,2,0,2,1.213,1,2.89,1,"baja",521.43,521.43,1,"4","3"
887,"10","2",5.13,0.513,46,"35-65",10,176,2436,0,44096,429,"mixta",13094,"particular","turismo","diesel","M","otro","casado","anual",1,1,"medio","telefonico",0,2,1,1,5.13,0,5.13,1,"baja",0,NA,0,"2","2"
888,"10","2",1.693,0.1693,69,"65+",37,79,1232,16,25451,126,"rural",7975,"particular","moto","diesel","M","negro","casado","mensual",1,1,"basico","telematico",0,0,0,0,1.693,0,1.693,1,"baja",0,NA,0,"1","1"
889,"10","2",6.821,0.6821,44,"35-65",21,97,1614,3,26008,624,"mixta",10951,"particular","turismo","diesel","H","gris","casado","anual",1,1,"basico","telefonico",2,1,0,0,6.445,1,6.821,1,"baja",1069.93,534.96,1,"1","3"
890,"10","2",1.595,0.1595,38,"35-65",10,164,2474,6,19193,932,"mixta",8675,"particular","moto","gasolina","H","otro","soltero","anual",1,1,"medio","presencial",0,0,0,0,1.595,0,4.209,0,"fin_estudio",0,NA,0,"2","2"
891,"10","2",1.664,0.1664,73,"65+",36,131,1809,7,17867,128,"rural",6481,"comercial","turismo","gasolina","H","rojo","casado","anual",0,1,"superior","telefonico",0,0,0,0,1.664,0,5.099,0,"fin_estudio",0,NA,0,"2","2"
892,"10","2",5.321,0.5321,41,"35-65",20,69,1149,4,8371,282,"mixta",5518,"comercial","moto","diesel","H","negro","soltero","anual",1,1,"basico","telematico",0,0,0,0,5.321,0,10,0,"fin_estudio",0,NA,0,"3","2"
893,"10","2",7.785,0.7785,49,"35-65",19,137,1797,8,23695,240,"mixta",16667,"particular","turismo","diesel","H","negro","otro","anual",0,1,"medio","presencial",1,5,1,2,5.161,1,9.137,0,"fin_estudio",3745.61,3745.61,1,"2","2"
894,"10","2",2.828,0.2828,28,"25-35",5,172,2581,0,37195,100,"rural",13246,"particular","turismo","gasolina","M","negro","soltero","anual",1,2,"medio","presencial",2,0,0,1,1.898,1,4.153,0,"fin_estudio",6594.68,3297.34,1,"2","3"
895,"10","2",2.722,0.2722,41,"35-65",23,63,1027,4,28265,240,"mixta",12208,"particular","turismo","gasolina","H","rojo","soltero","anual",1,1,"medio","telematico",0,1,1,1,2.722,0,2.722,1,"baja",0,NA,0,"4","3"
896,"10","2",1.817,0.1817,47,"35-65",25,99,1596,16,25767,97,"rural",10452,"comercial","turismo","gasolina","M","gris","soltero","anual",0,1,"basico","telematico",0,1,0,2,1.817,0,9.532,0,"fin_estudio",0,NA,0,"2","2"
897,"10","2",2.123,0.2123,24,"18-25",2,147,2530,16,30219,402,"mixta",22358,"particular","moto","gasolina","H","negro","casado","anual",1,2,"medio","telefonico",1,2,0,1,0.101,1,2.123,1,"baja",5168.03,5168.03,1,"5","5"
898,"10","2",2.977,0.2977,60,"35-65",27,110,1577,4,34250,1676,"urbana",16411,"particular","turismo","diesel","M","rojo","soltero","anual",0,2,"medio","presencial",1,0,0,1,1.096,1,2.977,1,"baja",3906.75,3906.75,1,"4","4"
899,"10","2",4.508,0.4508,35,"25-35",16,128,1713,15,27107,667,"mixta",12527,"comercial","turismo","diesel","M","blanco","soltero","mensual",0,1,"basico","presencial",1,2,0,3,4.001,1,4.508,1,"baja",5482.67,5482.67,1,"1","2"
900,"10","2",4.729,0.4729,54,"35-65",13,119,1645,5,15469,264,"mixta",17640,"particular","turismo","diesel","M","negro","soltero","mensual",0,3,"medio","telefonico",1,0,0,3,3.481,1,4.982,0,"fin_estudio",1368.98,1368.98,1,"2","2"
901,"10","2",5.13,0.513,49,"35-65",27,161,2387,7,26851,1759,"urbana",12310,"particular","turismo","gasolina","M","rojo","casado","mensual",0,1,"medio","presencial",1,3,0,0,2.632,1,10,0,"fin_estudio",7935.79,7935.79,1,"4","4"
902,"10","2",2.068,0.2068,56,"35-65",31,173,2076,19,27585,2095,"urbana",9869,"particular","moto","diesel","H","blanco","otro","mensual",1,1,"basico","presencial",0,0,0,0,2.068,0,2.068,1,"baja",0,NA,0,"2","2"
903,"10","2",5.158,0.5158,42,"35-65",10,146,2132,18,19178,272,"mixta",11382,"comercial","turismo","gasolina","M","gris","soltero","mensual",0,1,"medio","presencial",0,1,0,2,5.158,0,10,0,"fin_estudio",0,NA,0,"1","1"
904,"10","2",2.198,0.2198,32,"25-35",12,86,1447,14,27687,44,"rural",7759,"particular","turismo","gasolina","M","negro","soltero","anual",0,1,"superior","presencial",0,1,1,0,2.198,0,2.198,1,"baja",0,NA,0,"2","2"
905,"10","2",1.818,0.1818,59,"35-65",38,68,1207,5,10877,269,"mixta",16412,"particular","furgoneta","diesel","H","otro","otro","anual",0,1,"basico","presencial",0,1,2,0,1.818,0,3.007,0,"fin_estudio",0,NA,0,"3","3"
906,"10","2",3.088,0.3088,81,"65+",35,108,1919,15,12136,2315,"urbana",13487,"particular","turismo","diesel","H","blanco","casado","mensual",0,1,"basico","telematico",0,1,0,1,3.088,0,4.184,0,"fin_estudio",0,NA,0,"2","1"
907,"10","2",3.699,0.3699,36,"35-65",16,142,2087,5,18224,211,"mixta",10778,"particular","turismo","diesel","H","blanco","casado","mensual",1,2,"medio","telematico",0,0,0,1,3.699,0,10,0,"fin_estudio",0,NA,0,"1","1"
908,"10","2",3.814,0.3814,50,"35-65",23,55,800,13,15464,134,"rural",6308,"comercial","turismo","gasolina","H","blanco","soltero","anual",0,2,"medio","telefonico",0,1,0,0,3.814,0,5.937,0,"fin_estudio",0,NA,0,"3","2"
909,"10","2",2.383,0.2383,57,"35-65",15,198,3547,8,26633,1583,"urbana",11082,"particular","turismo","diesel","M","negro","casado","anual",0,1,"superior","presencial",0,1,0,1,2.383,0,10,0,"fin_estudio",0,NA,0,"5","4"
910,"10","2",3.781,0.3781,51,"35-65",28,55,808,9,34103,1466,"urbana",9033,"particular","moto","gasolina","H","gris","otro","anual",0,1,"basico","presencial",0,3,0,3,3.781,0,10,0,"fin_estudio",0,NA,0,"1","1"
911,"10","2",4.774,0.4774,57,"35-65",28,86,1137,4,19133,869,"mixta",11377,"particular","turismo","gasolina","M","rojo","otro","anual",0,1,"basico","presencial",0,1,0,0,4.774,0,7.024,0,"fin_estudio",0,NA,0,"1","1"
912,"10","2",8.534,0.8534,43,"35-65",18,83,1174,16,19419,123,"rural",11030,"particular","turismo","gasolina","M","otro","otro","anual",0,2,"basico","presencial",1,4,0,2,7.925,1,10,0,"fin_estudio",1671.27,1671.27,1,"2","1"
913,"10","2",4.105,0.4105,29,"25-35",6,142,1796,3,26626,340,"mixta",22483,"particular","furgoneta","gasolina","M","blanco","casado","mensual",0,1,"medio","presencial",0,1,0,0,4.105,0,4.105,1,"baja",0,NA,0,"3","3"
914,"10","2",3.422,0.3422,73,"65+",22,147,2257,7,36270,338,"mixta",8581,"particular","moto","gasolina","M","negro","soltero","mensual",0,1,"medio","presencial",0,1,2,0,3.422,0,5.508,0,"fin_estudio",0,NA,0,"2","1"
915,"10","2",3.699,0.3699,48,"35-65",28,161,2420,13,17816,18,"rural",9385,"particular","furgoneta","gasolina","M","otro","casado","mensual",0,3,"basico","telefonico",0,2,0,0,3.699,0,10,0,"fin_estudio",0,NA,0,"1","1"
916,"10","2",4.472,0.4472,39,"35-65",10,105,1321,16,20765,252,"mixta",26467,"particular","moto","diesel","H","otro","casado","mensual",1,1,"superior","presencial",0,4,0,0,4.472,0,10,0,"fin_estudio",0,NA,0,"3","3"
917,"10","2",0.748,0.0748,29,"25-35",9,94,1522,14,35796,244,"mixta",8869,"comercial","turismo","diesel","M","gris","soltero","mensual",0,1,"medio","telematico",0,0,0,0,0.748,0,0.748,1,"baja",0,NA,0,"2","2"
918,"10","2",4.932,0.4932,36,"35-65",12,131,1978,22,24068,176,"mixta",14438,"particular","turismo","gasolina","M","otro","casado","anual",0,1,"basico","telefonico",3,3,0,1,1.57,1,4.932,1,"baja",6628.16,2209.39,1,"5","4"
919,"10","2",3.253,0.3253,36,"35-65",12,135,2169,7,34096,72,"rural",5324,"particular","furgoneta","diesel","M","blanco","soltero","anual",0,1,"medio","presencial",0,1,0,1,3.253,0,7.423,0,"fin_estudio",0,NA,0,"1","1"
920,"10","2",3.925,0.3925,51,"35-65",20,146,2220,10,32398,284,"mixta",8959,"comercial","turismo","diesel","M","blanco","soltero","mensual",1,1,"basico","presencial",1,0,1,3,3.258,1,3.925,1,"baja",3913.21,3913.21,1,"2","3"
921,"10","2",5.218,0.5218,23,"18-25",5,142,1924,9,33319,81,"rural",17331,"particular","turismo","diesel","H","negro","soltero","mensual",1,1,"basico","telefonico",1,2,0,1,0.627,1,8.34,0,"fin_estudio",4947.72,4947.72,1,"2","1"
922,"10","2",1.188,0.1188,37,"35-65",16,93,1391,14,25284,158,"mixta",9597,"particular","furgoneta","diesel","H","negro","casado","anual",0,1,"medio","telematico",0,0,0,2,1.188,0,9.786,0,"fin_estudio",0,NA,0,"2","2"
923,"10","2",2.346,0.2346,79,"65+",28,130,2063,12,20844,2525,"urbana",13732,"particular","turismo","gasolina","M","blanco","casado","mensual",0,3,"medio","presencial",0,4,0,0,2.346,0,2.346,1,"baja",0,NA,0,"1","1"
924,"10","2",2.452,0.2452,72,"65+",46,150,1948,1,28766,62,"rural",9619,"particular","turismo","gasolina","H","gris","soltero","mensual",0,1,"medio","telematico",0,0,0,0,2.452,0,5.486,0,"fin_estudio",0,NA,0,"3","3"
925,"10","2",9.708,0.9708,48,"35-65",21,111,1387,20,32856,619,"mixta",12258,"particular","turismo","gasolina","M","gris","soltero","anual",0,1,"medio","presencial",0,1,0,0,9.708,0,9.708,1,"baja",0,NA,0,"1","1"
926,"10","2",9.304,0.9304,64,"35-65",18,126,1896,4,19292,67,"rural",14521,"particular","turismo","diesel","M","gris","soltero","anual",0,1,"medio","presencial",4,3,3,1,2.513,1,9.304,1,"baja",7394.23,1848.56,1,"3","3"
927,"10","2",3.28,0.328,57,"35-65",32,112,1865,13,12020,188,"mixta",5661,"particular","moto","diesel","M","otro","soltero","mensual",1,1,"medio","presencial",0,0,1,0,3.28,0,5.381,0,"fin_estudio",0,NA,0,"1","1"
928,"10","2",1.546,0.1546,20,"18-25",1,89,1280,6,28597,33,"rural",7324,"comercial","turismo","diesel","H","otro","casado","anual",0,2,"basico","presencial",0,1,1,0,1.546,0,1.546,1,"baja",0,NA,0,"3","3"
929,"10","2",1.066,0.1066,33,"25-35",6,171,2303,7,10305,145,"rural",17548,"particular","turismo","diesel","M","gris","otro","anual",0,1,"basico","presencial",0,0,1,0,1.066,0,1.066,1,"baja",0,NA,0,"2","2"
930,"10","2",8.728,0.8728,42,"35-65",12,164,2181,13,29358,99,"rural",10836,"particular","furgoneta","diesel","M","gris","soltero","mensual",0,4,"superior","presencial",0,0,0,4,8.728,0,8.728,1,"baja",0,NA,0,"1","1"
931,"10","2",3.357,0.3357,18,"18-25",0,115,2063,18,23899,230,"mixta",12142,"comercial","moto","gasolina","H","blanco","casado","anual",0,2,"superior","presencial",0,1,0,2,3.357,0,3.357,1,"baja",0,NA,0,"2","2"
932,"10","2",5.18,0.518,47,"35-65",23,97,1224,7,34859,301,"mixta",16320,"comercial","moto","gasolina","M","blanco","otro","mensual",0,2,"medio","telefonico",0,1,0,1,5.18,0,5.18,1,"baja",0,NA,0,"1","1"
933,"10","2",3.71,0.371,32,"25-35",11,73,1112,1,18594,999,"mixta",19978,"particular","turismo","diesel","M","otro","otro","anual",1,2,"medio","presencial",0,2,0,2,3.71,0,7.365,0,"fin_estudio",0,NA,0,"3","3"
934,"10","2",6.778,0.6778,44,"35-65",17,143,1868,7,34903,195,"mixta",11967,"particular","turismo","gasolina","M","rojo","casado","mensual",0,2,"basico","presencial",3,4,0,2,2.426,1,7.511,0,"fin_estudio",10298.77,3432.92,1,"2","3"
935,"10","2",6.542,0.6542,31,"25-35",7,136,1843,0,31316,115,"rural",6691,"particular","turismo","diesel","M","gris","casado","anual",1,1,"basico","presencial",0,5,1,1,6.542,0,10,0,"fin_estudio",0,NA,0,"1","1"
936,"10","2",5.412,0.5412,29,"25-35",9,139,1875,13,39654,74,"rural",5139,"particular","turismo","gasolina","H","otro","soltero","anual",0,1,"basico","presencial",0,1,0,3,5.412,0,10,0,"fin_estudio",0,NA,0,"1","1"
937,"10","2",2.987,0.2987,34,"25-35",14,76,1250,2,19924,2461,"urbana",17370,"particular","turismo","diesel","M","rojo","soltero","mensual",0,3,"medio","telefonico",4,4,0,1,0.728,1,2.987,1,"baja",7300.16,1825.04,1,"5","5"
938,"10","2",1.401,0.1401,28,"25-35",8,127,1623,5,26142,351,"mixta",8599,"comercial","moto","diesel","H","gris","casado","mensual",0,1,"basico","presencial",0,0,0,1,1.401,0,1.401,1,"baja",0,NA,0,"2","2"
939,"10","2",7.336,0.7336,47,"35-65",26,113,1533,10,14840,686,"mixta",8566,"particular","furgoneta","gasolina","H","blanco","casado","mensual",0,2,"medio","presencial",5,6,0,1,2.057,1,10,0,"fin_estudio",8850.77,1770.15,1,"5","5"
940,"10","2",7.967,0.7967,74,"65+",31,76,1079,25,32898,208,"mixta",11394,"particular","turismo","gasolina","H","otro","casado","mensual",0,2,"medio","presencial",0,0,1,0,7.967,0,10,0,"fin_estudio",0,NA,0,"1","1"
941,"10","2",1.548,0.1548,56,"35-65",18,96,1162,12,32973,587,"mixta",10771,"particular","turismo","diesel","H","otro","soltero","mensual",1,1,"basico","telefonico",0,1,0,0,1.548,0,8.16,0,"fin_estudio",0,NA,0,"1","1"
942,"10","2",5.725,0.5725,41,"35-65",18,130,2263,7,29712,84,"rural",9572,"particular","turismo","gasolina","H","gris","casado","anual",0,1,"medio","telematico",0,2,1,1,5.725,0,5.725,1,"baja",0,NA,0,"1","1"
943,"10","2",7.859,0.7859,36,"35-65",7,80,979,17,20788,185,"mixta",13903,"particular","turismo","gasolina","M","negro","casado","mensual",0,1,"medio","presencial",0,3,0,2,7.859,0,7.859,1,"baja",0,NA,0,"3","3"
944,"10","2",3.63,0.363,35,"25-35",10,77,1356,13,22172,364,"mixta",10438,"particular","turismo","diesel","M","negro","soltero","anual",0,2,"basico","telefonico",0,1,0,2,3.63,0,10,0,"fin_estudio",0,NA,0,"3","3"
945,"10","2",0.722,0.0722,45,"35-65",14,115,1844,7,34652,107,"rural",12853,"particular","turismo","gasolina","M","otro","soltero","anual",0,1,"medio","telematico",0,0,0,0,0.722,0,0.722,1,"baja",0,NA,0,"1","1"
946,"10","2",6.765,0.6765,43,"35-65",18,144,2096,2,22666,188,"mixta",15918,"particular","turismo","gasolina","H","negro","casado","anual",0,1,"medio","telefonico",2,1,1,3,2.121,1,6.765,1,"baja",3989.98,1994.99,1,"2","1"
947,"10","2",8.581,0.8581,50,"35-65",19,80,1288,14,26039,49,"rural",7646,"particular","turismo","diesel","M","gris","casado","mensual",0,1,"basico","telefonico",5,0,0,3,0.987,1,8.581,1,"baja",12908.87,2581.77,1,"5","5"
948,"10","2",5.834,0.5834,46,"35-65",21,90,1554,0,29225,352,"mixta",15905,"particular","turismo","diesel","M","gris","soltero","anual",0,1,"medio","presencial",3,3,1,0,1.464,1,10,0,"fin_estudio",4999.46,1666.49,1,"2","3"
949,"10","2",1.154,0.1154,18,"18-25",0,73,1217,0,12917,43,"rural",18088,"particular","turismo","gasolina","H","gris","casado","anual",0,1,"medio","telematico",0,0,0,0,1.154,0,10,0,"fin_estudio",0,NA,0,"4","3"
950,"10","2",2.64,0.264,62,"35-65",31,126,2084,0,32382,226,"mixta",10204,"comercial","turismo","gasolina","M","blanco","casado","mensual",1,2,"medio","telefonico",0,2,0,2,2.64,0,2.64,1,"baja",0,NA,0,"2","2"
951,"10","2",2.936,0.2936,42,"35-65",21,117,1937,5,13295,14,"rural",3714,"particular","turismo","gasolina","M","gris","soltero","anual",0,1,"basico","telematico",0,0,0,0,2.936,0,2.936,1,"baja",0,NA,0,"3","2"
952,"10","2",7.445,0.7445,18,"18-25",0,175,3018,23,42162,920,"mixta",6841,"comercial","moto","gasolina","H","negro","otro","anual",0,1,"medio","telefonico",1,2,0,2,3.753,1,10,0,"fin_estudio",2957.15,2957.15,1,"1","1"
953,"10","2",5.388,0.5388,44,"35-65",23,89,1386,4,9841,61,"rural",17798,"particular","furgoneta","gasolina","M","gris","otro","anual",0,1,"basico","presencial",0,2,0,1,5.388,0,10,0,"fin_estudio",0,NA,0,"1","1"
954,"10","2",4.655,0.4655,18,"18-25",0,87,1230,0,19921,222,"mixta",10582,"comercial","turismo","gasolina","M","otro","casado","anual",1,2,"medio","presencial",2,1,1,0,2.324,1,5.496,0,"fin_estudio",4687.36,2343.68,1,"3","2"
955,"10","2",6.182,0.6182,62,"35-65",44,87,1528,12,23357,57,"rural",10351,"particular","moto","diesel","H","blanco","otro","mensual",0,3,"medio","presencial",0,0,2,3,6.182,0,10,0,"fin_estudio",0,NA,0,"4","3"
956,"10","2",5.212,0.5212,55,"35-65",18,120,1898,7,23883,105,"rural",11916,"particular","turismo","diesel","M","negro","soltero","anual",0,2,"basico","presencial",0,1,0,1,5.212,0,5.212,1,"baja",0,NA,0,"1","1"
957,"10","2",0.936,0.0936,49,"35-65",13,124,1572,8,27948,451,"mixta",5912,"particular","turismo","gasolina","M","rojo","soltero","mensual",0,1,"basico","telefonico",0,0,0,0,0.936,0,0.936,1,"baja",0,NA,0,"5","5"
958,"10","2",1.188,0.1188,47,"35-65",24,62,1087,9,34531,112,"rural",15353,"particular","turismo","diesel","M","otro","casado","mensual",0,2,"medio","presencial",1,0,0,0,0.333,1,10,0,"fin_estudio",3292.43,3292.43,1,"4","4"
959,"10","2",2.545,0.2545,78,"65+",52,85,1337,8,13088,328,"mixta",19258,"particular","moto","diesel","H","rojo","otro","anual",1,1,"medio","presencial",3,3,0,1,0.163,1,2.545,1,"baja",3752.15,1250.72,1,"5","5"
960,"11","3",1.008,0.1008,45,"35-65",22,104,1631,8,12076,687,"mixta",20915,"particular","turismo","gasolina","H","gris","casado","anual",0,1,"basico","presencial",0,0,0,0,1.008,0,1.008,1,"baja",0,NA,0,"2","2"
961,"11","3",6.25,0.625,35,"25-35",15,67,1121,10,42639,211,"mixta",16969,"particular","turismo","diesel","M","rojo","soltero","anual",0,1,"basico","presencial",0,2,1,0,6.25,0,6.25,1,"baja",0,NA,0,"2","2"
962,"11","3",5.888,0.5888,65,"35-65",30,126,2004,3,40303,178,"mixta",7327,"particular","turismo","gasolina","H","rojo","casado","mensual",0,1,"basico","presencial",2,1,0,1,2.51,1,10,0,"fin_estudio",9298.33,4649.16,1,"3","4"
963,"11","3",2.199,0.2199,18,"18-25",0,68,857,15,28153,212,"mixta",18182,"particular","furgoneta","diesel","H","rojo","casado","anual",0,2,"basico","telematico",0,1,0,0,2.199,0,10,0,"fin_estudio",0,NA,0,"3","3"
964,"11","3",7.973,0.7973,44,"35-65",12,122,1561,8,31295,4028,"urbana",18393,"particular","moto","gasolina","H","gris","casado","mensual",0,1,"basico","presencial",11,2,0,0,0.576,1,10,0,"fin_estudio",64295.44,5845.04,1,"5","5"
965,"11","3",2.409,0.2409,60,"35-65",36,106,1712,7,16635,56,"rural",12793,"particular","turismo","diesel","M","gris","casado","mensual",0,1,"superior","presencial",0,0,0,0,2.409,0,10,0,"fin_estudio",0,NA,0,"1","1"
966,"11","3",4.858,0.4858,24,"18-25",2,77,1085,9,8426,228,"mixta",12439,"particular","furgoneta","gasolina","M","blanco","soltero","anual",1,2,"basico","telefonico",0,3,0,3,4.858,0,10,0,"fin_estudio",0,NA,0,"2","2"
967,"11","3",1.052,0.1052,49,"35-65",29,56,800,7,28459,122,"rural",25203,"particular","turismo","gasolina","M","blanco","casado","anual",0,1,"medio","telematico",1,1,0,0,0.081,1,1.052,1,"baja",1922.48,1922.48,1,"5","5"
968,"11","3",1.324,0.1324,44,"35-65",10,170,2317,2,36311,446,"mixta",23680,"particular","turismo","diesel","M","blanco","casado","anual",0,1,"medio","presencial",1,0,0,0,0.633,1,1.324,1,"baja",8536.43,8536.43,1,"5","4"
969,"11","3",6.581,0.6581,75,"65+",51,161,2113,12,21228,67,"rural",7518,"particular","turismo","diesel","M","rojo","soltero","mensual",0,1,"basico","presencial",3,5,0,1,0.15,1,10,0,"fin_estudio",9127.59,3042.53,1,"2","2"
970,"11","3",3.185,0.3185,35,"25-35",12,86,1484,15,24549,2462,"urbana",4546,"particular","turismo","diesel","M","otro","soltero","anual",1,1,"basico","telefonico",0,2,0,0,3.185,0,6.944,0,"fin_estudio",0,NA,0,"1","1"
971,"11","3",1.173,0.1173,35,"25-35",15,115,1701,10,26250,424,"mixta",20241,"particular","turismo","diesel","M","rojo","casado","anual",0,1,"medio","telefonico",0,1,0,0,1.173,0,1.173,1,"baja",0,NA,0,"5","4"
972,"11","3",5.571,0.5571,40,"35-65",17,76,1105,7,28775,897,"mixta",19835,"particular","turismo","gasolina","M","otro","casado","mensual",0,1,"basico","presencial",1,1,0,2,3.782,1,5.571,1,"baja",3233.57,3233.57,1,"2","2"
973,"11","3",1.671,0.1671,64,"35-65",29,95,1311,10,23694,240,"mixta",26485,"particular","turismo","gasolina","H","gris","soltero","anual",1,2,"medio","telematico",0,0,0,0,1.671,0,6.537,0,"fin_estudio",0,NA,0,"3","3"
974,"11","3",3.863,0.3863,51,"35-65",15,120,1448,7,20766,832,"mixta",4296,"particular","furgoneta","diesel","H","blanco","soltero","mensual",0,1,"superior","presencial",0,0,0,0,3.863,0,10,0,"fin_estudio",0,NA,0,"3","2"
975,"11","3",2.345,0.2345,78,"65+",26,70,1136,5,24191,608,"mixta",5703,"comercial","turismo","diesel","M","blanco","casado","mensual",0,2,"basico","telefonico",0,1,0,2,2.345,0,10,0,"fin_estudio",0,NA,0,"1","1"
976,"11","3",1.717,0.1717,32,"25-35",11,126,1844,13,21227,76,"rural",3923,"particular","turismo","diesel","H","rojo","casado","anual",0,1,"basico","presencial",0,0,0,0,1.717,0,2.161,0,"fin_estudio",0,NA,0,"2","2"
977,"11","3",2.886,0.2886,40,"35-65",18,149,2668,8,27211,119,"rural",14558,"comercial","turismo","gasolina","M","otro","casado","mensual",0,1,"medio","presencial",0,4,1,0,2.886,0,9.218,0,"fin_estudio",0,NA,0,"3","2"
978,"11","3",5.789,0.5789,30,"25-35",6,66,848,4,37425,174,"mixta",17915,"comercial","furgoneta","gasolina","H","rojo","soltero","anual",0,2,"superior","telematico",3,6,1,0,2.717,1,5.789,1,"baja",13151.5,4383.83,1,"3","5"
979,"11","3",6.628,0.6628,50,"35-65",12,169,2637,10,37365,582,"mixta",9683,"particular","moto","diesel","M","otro","casado","anual",1,2,"superior","presencial",1,0,0,2,6.524,1,10,0,"fin_estudio",5035.18,5035.18,1,"1","2"
980,"11","3",5.191,0.5191,48,"35-65",27,102,1491,10,23936,230,"mixta",12876,"particular","turismo","gasolina","M","gris","casado","anual",1,1,"basico","presencial",0,2,0,1,5.191,0,10,0,"fin_estudio",0,NA,0,"1","1"
981,"11","3",4.909,0.4909,36,"35-65",16,55,850,5,23186,262,"mixta",7505,"particular","furgoneta","gasolina","M","negro","otro","anual",0,1,"basico","presencial",2,1,0,0,1.01,1,4.909,1,"baja",6899.22,3449.61,1,"4","5"
982,"11","3",7.742,0.7742,41,"35-65",18,100,1666,12,16743,848,"mixta",10683,"particular","turismo","gasolina","H","negro","soltero","anual",0,1,"basico","presencial",1,2,0,0,6.406,1,8.799,0,"fin_estudio",382.21,382.21,1,"2","2"
983,"11","3",2.44,0.244,34,"25-35",13,141,2408,7,21246,65,"rural",7772,"particular","turismo","gasolina","H","rojo","casado","anual",0,2,"medio","presencial",1,0,0,0,0.24,1,2.44,1,"baja",4627.35,4627.35,1,"5","5"
984,"11","3",4.732,0.4732,39,"35-65",11,56,976,10,11450,196,"mixta",12638,"particular","turismo","gasolina","M","rojo","soltero","mensual",1,3,"superior","telefonico",1,3,0,2,1.989,1,5.38,0,"fin_estudio",1855.89,1855.89,1,"3","2"
985,"11","3",0.935,0.0935,32,"25-35",12,111,1807,15,16379,261,"mixta",8288,"particular","turismo","diesel","M","negro","soltero","mensual",1,1,"superior","presencial",0,0,0,0,0.935,0,0.935,1,"baja",0,NA,0,"3","3"
986,"11","3",1.191,0.1191,18,"18-25",0,59,800,8,26644,633,"mixta",16136,"particular","furgoneta","gasolina","H","negro","soltero","mensual",1,1,"basico","presencial",0,0,0,0,1.191,0,1.191,1,"baja",0,NA,0,"1","1"
987,"11","3",5.965,0.5965,48,"35-65",12,55,800,7,14385,66,"rural",10753,"particular","turismo","gasolina","H","blanco","casado","anual",1,1,"basico","presencial",0,3,0,2,5.965,0,10,0,"fin_estudio",0,NA,0,"2","2"
988,"11","3",1.756,0.1756,24,"18-25",5,110,1708,4,20748,1556,"urbana",8965,"comercial","furgoneta","gasolina","H","blanco","soltero","mensual",0,1,"superior","presencial",0,0,0,0,1.756,0,1.756,1,"baja",0,NA,0,"1","1"
989,"11","3",4.448,0.4448,69,"65+",32,149,2293,13,19746,3205,"urbana",12368,"particular","turismo","gasolina","M","rojo","otro","mensual",1,2,"superior","telematico",1,0,0,0,4.376,1,7.828,0,"fin_estudio",2082.05,2082.05,1,"1","2"
990,"11","3",3.457,0.3457,33,"25-35",5,55,800,6,12999,66,"rural",7184,"particular","turismo","diesel","M","gris","soltero","anual",0,2,"medio","presencial",1,1,0,1,0.192,1,5.322,0,"fin_estudio",1059.31,1059.31,1,"1","1"
991,"11","3",2.392,0.2392,44,"35-65",17,116,1522,9,21430,268,"mixta",8408,"particular","furgoneta","gasolina","H","rojo","casado","anual",0,2,"basico","presencial",0,0,0,2,2.392,0,2.392,1,"baja",0,NA,0,"3","2"
992,"11","3",7.905,0.7905,37,"35-65",12,98,1673,12,38077,761,"mixta",6652,"particular","turismo","diesel","H","gris","soltero","mensual",0,1,"medio","presencial",1,1,2,1,5.935,1,7.905,1,"baja",1765.07,1765.07,1,"2","2"
993,"11","3",0.914,0.0914,36,"35-65",8,106,1519,0,27697,450,"mixta",15814,"particular","turismo","gasolina","M","gris","otro","anual",0,2,"medio","presencial",0,0,0,0,0.914,0,0.914,1,"baja",0,NA,0,"4","4"
994,"11","3",6.448,0.6448,35,"25-35",11,97,1729,12,28515,1817,"urbana",4222,"particular","moto","diesel","M","blanco","casado","anual",1,1,"basico","telematico",0,4,0,2,6.448,0,10,0,"fin_estudio",0,NA,0,"1","1"
995,"11","3",6.957,0.6957,54,"35-65",14,203,2681,8,14613,961,"mixta",13585,"particular","turismo","diesel","M","gris","soltero","mensual",0,1,"medio","presencial",0,2,1,0,6.957,0,9.198,0,"fin_estudio",0,NA,0,"1","1"
996,"11","3",4.864,0.4864,57,"35-65",14,136,1965,12,15648,90,"rural",18337,"comercial","turismo","diesel","M","negro","casado","anual",0,1,"medio","presencial",0,0,0,1,4.864,0,5.138,0,"fin_estudio",0,NA,0,"1","1"
997,"11","3",8.061,0.8061,54,"35-65",21,98,1196,1,17027,1786,"urbana",14301,"particular","turismo","diesel","M","gris","soltero","mensual",0,2,"basico","presencial",1,8,0,0,4.997,1,10,0,"fin_estudio",2352.81,2352.81,1,"5","5"
998,"11","3",8.833,0.8833,18,"18-25",0,123,1846,13,19549,85,"rural",13967,"comercial","turismo","gasolina","H","rojo","casado","mensual",0,1,"medio","presencial",3,1,1,1,0.267,1,10,0,"fin_estudio",7102.36,2367.45,1,"3","2"
999,"11","3",3.602,0.3602,31,"25-35",8,183,2705,9,28355,603,"mixta",8023,"particular","turismo","gasolina","M","otro","soltero","mensual",0,2,"medio","telefonico",3,3,0,1,1.036,1,3.602,1,"baja",9849.56,3283.19,1,"5","5"
1000,"11","3",3.343,0.3343,51,"35-65",17,91,1234,6,23700,1552,"urbana",9076,"particular","moto","gasolina","M","blanco","casado","anual",1,2,"basico","presencial",1,0,0,0,2.91,1,3.343,1,"baja",416.28,416.28,1,"3","3"
1001,"11","3",5.535,0.5535,43,"35-65",25,81,1040,3,20650,212,"mixta",12061,"particular","furgoneta","diesel","H","rojo","casado","anual",0,3,"superior","presencial",0,1,0,3,5.535,0,5.535,1,"baja",0,NA,0,"1","1"
1002,"11","3",4.267,0.4267,50,"35-65",15,114,2036,9,32771,866,"mixta",14108,"particular","turismo","gasolina","M","gris","soltero","mensual",0,1,"superior","presencial",0,2,0,0,4.267,0,4.267,1,"baja",0,NA,0,"1","1"
1003,"11","3",7.862,0.7862,39,"35-65",14,106,1798,13,25136,313,"mixta",10355,"particular","turismo","diesel","H","otro","casado","anual",0,1,"medio","telematico",1,5,1,1,6.963,1,10,0,"fin_estudio",2223.93,2223.93,1,"2","2"
1004,"11","3",4.336,0.4336,20,"18-25",1,98,1532,7,24929,297,"mixta",6036,"particular","furgoneta","diesel","H","gris","soltero","anual",0,1,"basico","presencial",0,1,0,2,4.336,0,10,0,"fin_estudio",0,NA,0,"1","1"
1005,"11","3",8.179,0.8179,57,"35-65",18,55,800,12,36007,82,"rural",12039,"particular","moto","diesel","H","rojo","casado","anual",1,1,"basico","telefonico",1,2,0,1,6.535,1,10,0,"fin_estudio",945.58,945.58,1,"1","1"
1006,"11","3",5.898,0.5898,71,"65+",27,82,1333,2,16024,595,"mixta",7610,"particular","moto","gasolina","H","gris","casado","mensual",1,1,"medio","telefonico",0,2,0,0,5.898,0,10,0,"fin_estudio",0,NA,0,"1","1"
1007,"11","3",3.101,0.3101,22,"18-25",2,96,1336,0,16791,489,"mixta",12203,"particular","turismo","diesel","H","otro","soltero","mensual",0,1,"medio","presencial",1,2,0,0,1.143,1,7.886,0,"fin_estudio",511.19,511.19,1,"4","4"
1008,"11","3",6.741,0.6741,33,"25-35",12,105,1416,14,23713,281,"mixta",13816,"comercial","turismo","diesel","H","blanco","casado","mensual",0,1,"basico","presencial",2,2,0,2,3.44,1,10,0,"fin_estudio",3818.99,1909.49,1,"3","3"
1009,"11","3",5.29,0.529,33,"25-35",11,78,1257,7,32531,52,"rural",12346,"comercial","turismo","diesel","M","blanco","soltero","mensual",0,1,"medio","presencial",1,2,0,1,1.686,1,5.29,1,"baja",1492.71,1492.71,1,"4","4"
1010,"11","3",6.684,0.6684,40,"35-65",19,118,1789,4,20396,321,"mixta",7269,"particular","furgoneta","diesel","H","rojo","casado","anual",1,2,"medio","telematico",0,2,0,2,6.684,0,8.478,0,"fin_estudio",0,NA,0,"1","1"
1011,"11","3",6.01,0.601,55,"35-65",17,161,2048,13,21898,759,"mixta",13514,"comercial","turismo","diesel","H","blanco","otro","anual",1,2,"basico","presencial",3,3,0,1,1.191,1,10,0,"fin_estudio",5272.51,1757.5,1,"5","4"
1012,"11","3",5.776,0.5776,37,"35-65",18,87,1285,4,10269,59,"rural",16266,"particular","moto","diesel","H","rojo","soltero","mensual",0,1,"basico","presencial",0,1,0,1,5.776,0,10,0,"fin_estudio",0,NA,0,"2","2"
1013,"11","3",1.733,0.1733,23,"18-25",4,93,1527,10,24191,99,"rural",17065,"comercial","turismo","gasolina","H","rojo","casado","mensual",1,1,"superior","presencial",0,1,1,1,1.733,0,6.85,0,"fin_estudio",0,NA,0,"1","1"
1014,"11","3",1.081,0.1081,22,"18-25",4,55,895,13,25554,60,"rural",6187,"particular","turismo","gasolina","M","negro","soltero","anual",0,1,"basico","telematico",1,0,0,1,0.022,1,4.447,0,"fin_estudio",2512.5,2512.5,1,"5","5"
1015,"11","3",0.917,0.0917,32,"25-35",7,121,2034,12,20220,1632,"urbana",13108,"particular","turismo","gasolina","H","rojo","casado","mensual",0,1,"basico","telematico",0,0,0,0,0.917,0,0.917,1,"baja",0,NA,0,"2","2"
1016,"11","3",4.18,0.418,59,"35-65",37,86,1479,0,8270,382,"mixta",14369,"particular","turismo","diesel","M","gris","soltero","anual",0,2,"medio","presencial",0,3,0,1,4.18,0,10,0,"fin_estudio",0,NA,0,"3","3"
1017,"11","3",1.544,0.1544,58,"35-65",28,99,1201,17,16536,59,"rural",12426,"particular","turismo","diesel","M","gris","soltero","anual",1,1,"medio","presencial",0,0,0,0,1.544,0,10,0,"fin_estudio",0,NA,0,"1","1"
1018,"11","3",1.51,0.151,52,"35-65",23,100,1266,7,27374,457,"mixta",26965,"particular","turismo","gasolina","H","gris","soltero","anual",1,1,"medio","presencial",0,2,0,0,1.51,0,1.51,1,"baja",0,NA,0,"3","2"
1019,"11","3",1.274,0.1274,43,"35-65",17,96,1193,7,27685,194,"mixta",9380,"particular","turismo","gasolina","H","blanco","soltero","anual",0,1,"superior","telematico",0,0,0,0,1.274,0,10,0,"fin_estudio",0,NA,0,"5","4"
1020,"11","3",6.105,0.6105,53,"35-65",17,124,2121,8,19891,68,"rural",16786,"particular","turismo","gasolina","M","blanco","casado","anual",0,2,"basico","telematico",0,0,0,2,6.105,0,6.105,1,"baja",0,NA,0,"1","1"
1021,"11","3",3.217,0.3217,57,"35-65",18,72,934,1,22444,601,"mixta",8565,"particular","turismo","diesel","M","rojo","soltero","mensual",0,2,"superior","presencial",1,1,0,1,2.312,1,10,0,"fin_estudio",5424.72,5424.72,1,"5","4"
1022,"11","3",2.843,0.2843,23,"18-25",2,105,1765,5,18661,154,"mixta",20369,"particular","turismo","diesel","H","otro","casado","mensual",0,2,"superior","telefonico",0,2,0,1,2.843,0,4.656,0,"fin_estudio",0,NA,0,"4","4"
1023,"11","3",2.933,0.2933,29,"25-35",7,122,2108,18,21979,344,"mixta",11636,"particular","moto","diesel","H","rojo","otro","anual",0,2,"medio","presencial",0,2,0,0,2.933,0,10,0,"fin_estudio",0,NA,0,"2","2"
1024,"11","3",3.242,0.3242,43,"35-65",14,179,2400,0,29993,1087,"urbana",15146,"particular","turismo","gasolina","H","blanco","otro","anual",0,1,"medio","telematico",1,2,1,1,0.13,1,10,0,"fin_estudio",2059.3,2059.3,1,"4","3"
1025,"11","3",4.247,0.4247,57,"35-65",27,138,2468,7,17242,158,"mixta",7849,"particular","turismo","gasolina","M","rojo","soltero","anual",0,1,"medio","telefonico",1,3,0,2,3.689,1,4.247,1,"baja",1237.83,1237.83,1,"2","2"
1026,"11","3",1.173,0.1173,49,"35-65",18,68,891,13,21030,134,"rural",7621,"particular","turismo","diesel","H","blanco","casado","anual",0,2,"basico","telefonico",0,0,0,0,1.173,0,1.173,1,"baja",0,NA,0,"2","2"
1027,"11","3",7.921,0.7921,34,"25-35",10,93,1561,11,23263,81,"rural",29437,"particular","turismo","diesel","M","blanco","soltero","anual",0,1,"medio","presencial",1,4,0,2,3.949,1,10,0,"fin_estudio",544.28,544.28,1,"3","3"
1028,"11","3",9.401,0.9401,39,"35-65",17,123,2000,8,28613,295,"mixta",15314,"comercial","turismo","diesel","M","rojo","otro","anual",0,1,"basico","telefonico",0,2,0,0,9.401,0,10,0,"fin_estudio",0,NA,0,"2","2"
1029,"11","3",4.604,0.4604,45,"35-65",21,71,1120,7,27143,2434,"urbana",7123,"particular","turismo","gasolina","H","blanco","casado","mensual",0,1,"basico","presencial",2,1,0,1,1.033,1,10,0,"fin_estudio",1690.29,845.14,1,"4","3"
1030,"11","3",3.858,0.3858,60,"35-65",27,163,2586,12,35902,246,"mixta",7795,"particular","turismo","gasolina","M","rojo","casado","anual",1,2,"medio","telematico",0,2,0,1,3.858,0,10,0,"fin_estudio",0,NA,0,"1","1"
1031,"11","3",2.971,0.2971,30,"25-35",7,128,2248,15,26790,409,"mixta",29021,"comercial","turismo","diesel","M","blanco","casado","mensual",1,1,"basico","telefonico",0,3,2,0,2.971,0,2.971,1,"baja",0,NA,0,"1","1"
1032,"11","3",2.751,0.2751,38,"35-65",18,123,2096,13,24638,815,"mixta",20941,"particular","moto","gasolina","M","gris","otro","mensual",0,1,"medio","presencial",1,4,0,2,0.425,1,2.751,1,"baja",4854.72,4854.72,1,"1","1"
1033,"11","3",3.789,0.3789,44,"35-65",10,65,1046,2,14807,5732,"urbana",6818,"particular","turismo","diesel","M","rojo","casado","mensual",0,1,"basico","presencial",1,1,0,0,2.611,1,10,0,"fin_estudio",4171.01,4171.01,1,"2","1"
1034,"11","3",1.751,0.1751,46,"35-65",27,74,1143,11,20537,99,"rural",12706,"particular","turismo","gasolina","H","rojo","otro","mensual",0,1,"medio","telematico",0,2,0,0,1.751,0,8.653,0,"fin_estudio",0,NA,0,"2","2"
1035,"11","3",7.579,0.7579,41,"35-65",8,114,1386,0,25559,162,"mixta",6174,"comercial","moto","diesel","M","rojo","casado","mensual",0,1,"basico","telematico",1,2,2,1,4.324,1,7.579,1,"baja",4640.98,4640.98,1,"1","1"
1036,"11","3",8.873,0.8873,56,"35-65",26,127,1974,3,13882,206,"mixta",11334,"particular","turismo","gasolina","M","negro","casado","mensual",0,1,"superior","presencial",1,2,1,1,6.324,1,10,0,"fin_estudio",1562.79,1562.79,1,"1","1"
1037,"11","3",2.976,0.2976,62,"35-65",18,92,1288,14,20367,488,"mixta",6046,"particular","furgoneta","diesel","H","blanco","otro","anual",0,1,"basico","presencial",0,0,1,0,2.976,0,7.829,0,"fin_estudio",0,NA,0,"1","1"
1038,"11","3",3.981,0.3981,35,"25-35",8,102,1634,10,24591,168,"mixta",8155,"particular","turismo","gasolina","H","otro","otro","anual",0,1,"basico","telematico",2,2,0,0,1.695,1,3.981,1,"baja",11968.14,5984.07,1,"5","5"
1039,"11","3",1.667,0.1667,42,"35-65",12,97,1232,6,21509,57,"rural",9697,"particular","turismo","diesel","M","gris","soltero","anual",0,1,"basico","presencial",0,1,1,0,1.667,0,4.452,0,"fin_estudio",0,NA,0,"2","2"
1040,"11","3",7.371,0.7371,62,"35-65",18,87,1161,9,25673,52,"rural",8676,"comercial","turismo","gasolina","H","blanco","casado","anual",0,1,"basico","telefonico",3,1,1,0,3.687,1,7.371,1,"baja",6668.31,2222.77,1,"4","3"
1041,"11","3",5.363,0.5363,62,"35-65",29,55,800,3,10906,389,"mixta",24201,"comercial","turismo","gasolina","M","rojo","soltero","anual",1,1,"superior","presencial",1,3,0,0,1.701,1,5.363,1,"baja",349.71,349.71,1,"2","2"
1042,"11","3",5.884,0.5884,24,"18-25",5,76,989,6,18702,732,"mixta",13417,"comercial","turismo","diesel","H","gris","otro","mensual",0,1,"basico","presencial",0,0,1,0,5.884,0,10,0,"fin_estudio",0,NA,0,"1","1"
1043,"11","3",2.04,0.204,53,"35-65",18,89,1285,10,1500,1069,"urbana",10318,"particular","furgoneta","gasolina","M","blanco","casado","mensual",1,1,"medio","presencial",0,1,0,0,2.04,0,2.04,1,"baja",0,NA,0,"3","2"
1044,"11","3",2.454,0.2454,70,"65+",38,106,1498,10,31812,169,"mixta",3578,"particular","turismo","diesel","M","blanco","otro","anual",0,1,"superior","presencial",0,1,0,0,2.454,0,8.644,0,"fin_estudio",0,NA,0,"4","4"
1045,"11","3",2.063,0.2063,35,"25-35",17,106,1714,1,27090,1183,"urbana",5149,"particular","furgoneta","gasolina","H","negro","casado","mensual",0,1,"medio","presencial",0,0,0,0,2.063,0,2.063,1,"baja",0,NA,0,"3","3"
1046,"11","3",3.138,0.3138,57,"35-65",16,82,1393,3,19178,537,"mixta",4701,"particular","turismo","diesel","M","rojo","casado","anual",0,1,"basico","telefonico",0,0,0,1,3.138,0,3.138,1,"baja",0,NA,0,"1","1"
1047,"11","3",2.305,0.2305,53,"35-65",24,124,2224,9,25331,1444,"urbana",9648,"particular","moto","gasolina","M","gris","casado","mensual",1,1,"superior","presencial",0,1,0,1,2.305,0,2.305,1,"baja",0,NA,0,"3","2"
1048,"11","3",4.948,0.4948,48,"35-65",27,180,3105,7,30506,498,"mixta",9635,"comercial","turismo","gasolina","M","blanco","soltero","anual",1,2,"basico","presencial",0,4,0,0,4.948,0,4.948,1,"baja",0,NA,0,"1","1"
1049,"11","3",3.513,0.3513,44,"35-65",15,89,1138,16,35429,64,"rural",9519,"comercial","moto","diesel","H","gris","casado","anual",0,2,"basico","presencial",1,2,2,0,1.786,1,3.513,1,"baja",937.85,937.85,1,"2","1"
1050,"11","3",4.069,0.4069,63,"35-65",20,78,1081,9,30683,293,"mixta",11649,"particular","turismo","diesel","M","negro","casado","mensual",0,1,"basico","presencial",0,3,0,0,4.069,0,6.054,0,"fin_estudio",0,NA,0,"1","1"
1051,"11","3",2.95,0.295,62,"35-65",30,91,1519,5,15255,1080,"urbana",12289,"particular","furgoneta","gasolina","M","gris","casado","mensual",0,1,"superior","presencial",0,1,0,0,2.95,0,10,0,"fin_estudio",0,NA,0,"1","1"
1052,"11","3",4.04,0.404,47,"35-65",26,131,1918,13,30589,109,"rural",12483,"particular","turismo","diesel","M","rojo","casado","mensual",0,1,"medio","telematico",0,0,0,0,4.04,0,4.04,1,"baja",0,NA,0,"4","4"
1053,"11","3",7.856,0.7856,57,"35-65",17,76,1083,9,23652,90,"rural",30247,"particular","turismo","diesel","M","blanco","soltero","anual",0,1,"superior","telematico",0,3,0,2,7.856,0,7.856,1,"baja",0,NA,0,"2","2"
1054,"11","3",6.934,0.6934,49,"35-65",16,99,1392,9,13681,235,"mixta",22143,"particular","furgoneta","gasolina","M","blanco","casado","mensual",0,1,"basico","presencial",2,2,0,2,5.437,1,6.934,1,"baja",2205.55,1102.78,1,"3","2"
1055,"11","3",5.398,0.5398,35,"25-35",15,103,1262,3,26549,126,"rural",26328,"particular","furgoneta","diesel","H","blanco","casado","anual",0,2,"superior","telematico",4,3,0,1,1.572,1,10,0,"fin_estudio",15955.22,3988.8,1,"5","5"
1056,"11","3",6.401,0.6401,25,"18-25",7,111,1389,16,11383,809,"mixta",9703,"particular","turismo","gasolina","H","rojo","casado","anual",0,1,"medio","presencial",1,2,0,2,3.974,1,6.415,0,"fin_estudio",1841.54,1841.54,1,"4","4"
1057,"11","3",9.835,0.9835,64,"35-65",27,85,1515,1,19649,904,"mixta",6649,"particular","turismo","diesel","H","rojo","casado","anual",0,1,"basico","presencial",1,0,1,4,1.466,1,10,0,"fin_estudio",1513.08,1513.08,1,"1","1"
1058,"11","3",3.856,0.3856,32,"25-35",10,201,3599,4,33220,499,"mixta",8473,"particular","furgoneta","gasolina","M","rojo","casado","mensual",0,1,"medio","presencial",0,1,1,1,3.856,0,3.856,1,"baja",0,NA,0,"3","3"
1059,"11","3",5.09,0.509,61,"35-65",33,114,1774,1,24557,438,"mixta",9751,"particular","turismo","diesel","M","blanco","soltero","mensual",0,1,"medio","telematico",0,1,1,1,5.09,0,10,0,"fin_estudio",0,NA,0,"1","1"
1060,"11","3",6.853,0.6853,56,"35-65",20,204,3332,16,19606,121,"rural",11791,"particular","turismo","gasolina","M","gris","casado","mensual",0,2,"superior","telematico",0,2,1,2,6.853,0,10,0,"fin_estudio",0,NA,0,"1","1"
1061,"11","3",5.112,0.5112,82,"65+",43,55,898,0,22127,252,"mixta",17031,"particular","turismo","diesel","H","negro","casado","anual",1,2,"superior","presencial",0,1,0,1,5.112,0,10,0,"fin_estudio",0,NA,0,"3","3"
1062,"11","3",4.019,0.4019,52,"35-65",20,78,989,15,20580,3020,"urbana",15263,"particular","turismo","gasolina","M","rojo","soltero","mensual",1,2,"superior","presencial",0,0,0,0,4.019,0,4.019,1,"baja",0,NA,0,"1","1"
1063,"11","3",6.197,0.6197,48,"35-65",13,125,1818,7,25104,165,"mixta",3764,"particular","turismo","diesel","M","gris","soltero","anual",1,1,"superior","presencial",0,1,0,2,6.197,0,10,0,"fin_estudio",0,NA,0,"3","3"
1064,"11","3",7.816,0.7816,48,"35-65",22,79,1277,10,22344,284,"mixta",9634,"particular","turismo","diesel","M","gris","casado","mensual",0,1,"medio","telefonico",0,3,0,2,7.816,0,10,0,"fin_estudio",0,NA,0,"1","1"
1065,"11","3",5.819,0.5819,44,"35-65",22,114,1946,13,22878,601,"mixta",13486,"particular","turismo","diesel","M","negro","soltero","anual",0,1,"medio","presencial",0,5,0,2,5.819,0,5.819,1,"baja",0,NA,0,"1","1"
1066,"11","3",5.153,0.5153,65,"35-65",36,118,1535,15,33132,389,"mixta",21860,"particular","turismo","diesel","H","otro","soltero","anual",0,1,"superior","presencial",0,0,0,0,5.153,0,10,0,"fin_estudio",0,NA,0,"2","2"
1067,"12","3",7.396,0.7396,62,"35-65",29,149,2375,9,35314,900,"mixta",7152,"particular","turismo","diesel","M","negro","soltero","mensual",0,1,"basico","telefonico",1,6,0,3,5.663,1,10,0,"fin_estudio",3041.42,3041.42,1,"2","2"
1068,"12","3",3.863,0.3863,47,"35-65",16,144,1759,6,31688,388,"mixta",16145,"particular","turismo","gasolina","M","otro","soltero","mensual",1,1,"medio","telematico",1,1,0,2,3.406,1,3.863,1,"baja",1608.8,1608.8,1,"2","3"
1069,"12","3",2.451,0.2451,22,"18-25",2,76,1229,11,26715,570,"mixta",10928,"particular","turismo","diesel","H","rojo","soltero","mensual",0,1,"medio","telefonico",0,0,0,1,2.451,0,2.451,1,"baja",0,NA,0,"3","3"
1070,"12","3",2.978,0.2978,68,"65+",40,114,1582,9,40657,385,"mixta",30887,"particular","turismo","gasolina","H","otro","casado","mensual",0,2,"superior","presencial",1,2,0,0,2.501,1,2.978,1,"baja",5543.52,5543.52,1,"1","2"
1071,"12","3",9.489,0.9489,30,"25-35",8,107,1546,16,1500,129,"rural",6317,"particular","turismo","gasolina","M","otro","otro","mensual",0,1,"medio","telematico",0,1,0,5,9.489,0,10,0,"fin_estudio",0,NA,0,"1","1"
1072,"12","3",9.418,0.9418,23,"18-25",5,64,1025,13,24079,365,"mixta",6167,"comercial","turismo","gasolina","H","blanco","casado","mensual",0,1,"superior","telematico",2,4,0,6,0.134,1,10,0,"fin_estudio",8405.15,4202.58,1,"3","2"
1073,"12","3",2.429,0.2429,52,"35-65",22,95,1404,0,12406,149,"rural",9881,"particular","turismo","diesel","M","blanco","soltero","anual",0,1,"medio","telefonico",0,0,0,3,2.429,0,2.429,1,"baja",0,NA,0,"4","3"
1074,"12","3",1.663,0.1663,44,"35-65",22,90,1458,8,9642,233,"mixta",11572,"particular","turismo","diesel","M","otro","soltero","mensual",0,1,"medio","telefonico",0,0,0,0,1.663,0,1.663,1,"baja",0,NA,0,"2","1"
1075,"12","3",6.052,0.6052,46,"35-65",17,138,1814,8,21735,78,"rural",4177,"particular","turismo","diesel","H","otro","casado","mensual",1,2,"basico","presencial",0,1,0,5,6.052,0,10,0,"fin_estudio",0,NA,0,"1","1"
1076,"12","3",3.856,0.3856,29,"25-35",9,102,1476,12,25662,112,"rural",56406,"particular","turismo","gasolina","H","negro","casado","anual",0,1,"basico","presencial",0,0,1,3,3.856,0,6.89,0,"fin_estudio",0,NA,0,"3","2"
1077,"12","3",3.272,0.3272,39,"35-65",9,146,1794,15,27434,304,"mixta",7291,"particular","turismo","diesel","H","gris","soltero","mensual",1,2,"superior","presencial",1,1,0,6,1.322,1,3.272,1,"baja",3003.81,3003.81,1,"3","2"
1078,"12","3",7.472,0.7472,61,"35-65",30,67,1118,5,10345,2970,"urbana",15150,"particular","turismo","diesel","H","negro","soltero","anual",0,1,"basico","presencial",0,6,0,2,7.472,0,10,0,"fin_estudio",0,NA,0,"2","1"
1079,"12","3",5.546,0.5546,18,"18-25",0,140,1967,10,20076,422,"mixta",18309,"particular","turismo","gasolina","H","rojo","casado","anual",1,2,"basico","telefonico",2,1,0,2,2.067,1,5.546,1,"baja",4084.87,2042.43,1,"4","3"
1080,"12","3",8.661,0.8661,41,"35-65",10,124,1569,8,23085,346,"mixta",9286,"particular","turismo","gasolina","M","blanco","casado","anual",0,1,"medio","presencial",0,5,0,4,8.661,0,10,0,"fin_estudio",0,NA,0,"2","2"
1081,"12","3",3.13,0.313,23,"18-25",4,92,1232,2,13049,104,"rural",16417,"particular","turismo","diesel","M","rojo","soltero","mensual",0,2,"superior","telefonico",0,1,0,0,3.13,0,10,0,"fin_estudio",0,NA,0,"1","1"
1082,"12","3",2.17,0.217,56,"35-65",37,57,971,7,26192,213,"mixta",5908,"particular","turismo","diesel","H","negro","casado","mensual",0,1,"medio","telefonico",3,1,0,1,0.364,1,9.494,0,"fin_estudio",6580.18,2193.39,1,"5","4"
1083,"12","3",6.463,0.6463,59,"35-65",40,168,3019,7,27925,335,"mixta",10093,"particular","turismo","diesel","M","rojo","soltero","anual",1,1,"superior","telematico",0,1,0,2,6.463,0,10,0,"fin_estudio",0,NA,0,"1","1"
1084,"12","3",3.844,0.3844,48,"35-65",23,108,1700,11,15435,387,"mixta",16919,"particular","turismo","diesel","M","rojo","casado","anual",1,2,"medio","telefonico",1,0,0,3,3.165,1,10,0,"fin_estudio",649.92,649.92,1,"5","5"
1085,"12","3",4.332,0.4332,29,"25-35",11,80,1366,2,23407,117,"rural",24234,"particular","moto","diesel","H","negro","soltero","mensual",0,1,"medio","telematico",0,2,0,3,4.332,0,10,0,"fin_estudio",0,NA,0,"3","3"
1086,"12","3",3.058,0.3058,43,"35-65",12,130,2170,8,26324,1967,"urbana",11541,"particular","turismo","gasolina","H","rojo","soltero","mensual",0,1,"basico","presencial",1,2,0,1,2.295,1,3.058,1,"baja",3472.11,3472.11,1,"4","4"
1087,"12","3",2.174,0.2174,30,"25-35",9,55,933,9,31655,138,"rural",13556,"particular","turismo","gasolina","M","blanco","soltero","anual",1,2,"basico","presencial",0,0,0,1,2.174,0,2.174,1,"baja",0,NA,0,"1","1"
1088,"12","3",0.573,0.0573,19,"18-25",1,118,1464,8,28816,216,"mixta",10013,"particular","turismo","diesel","H","negro","casado","mensual",0,1,"medio","presencial",1,0,0,0,0.219,1,0.573,1,"baja",5767.43,5767.43,1,"3","3"
1089,"12","3",4.802,0.4802,47,"35-65",11,141,1770,16,32021,76,"rural",16686,"particular","turismo","gasolina","M","rojo","casado","anual",1,2,"superior","presencial",0,1,1,2,4.802,0,4.802,1,"baja",0,NA,0,"1","1"
1090,"12","3",7.619,0.7619,38,"35-65",12,163,2777,9,29503,229,"mixta",3316,"particular","turismo","gasolina","M","negro","soltero","anual",0,1,"medio","telefonico",0,0,0,4,7.619,0,10,0,"fin_estudio",0,NA,0,"1","1"
1091,"12","3",4.477,0.4477,42,"35-65",10,191,2588,10,10534,648,"mixta",7489,"particular","turismo","gasolina","M","blanco","casado","mensual",0,4,"basico","presencial",0,0,1,2,4.477,0,10,0,"fin_estudio",0,NA,0,"2","1"
1092,"12","3",1.152,0.1152,47,"35-65",15,60,892,15,8163,319,"mixta",7230,"particular","turismo","diesel","M","blanco","soltero","anual",1,1,"medio","presencial",0,0,0,1,1.152,0,10,0,"fin_estudio",0,NA,0,"4","3"
1093,"12","3",0.793,0.0793,18,"18-25",0,128,1844,8,34534,77,"rural",9823,"comercial","turismo","gasolina","M","blanco","casado","anual",0,1,"medio","presencial",0,1,0,0,0.793,0,0.793,1,"baja",0,NA,0,"1","1"
1094,"12","3",1.106,0.1106,44,"35-65",17,58,939,10,28476,277,"mixta",21088,"particular","moto","gasolina","H","rojo","soltero","anual",0,1,"medio","telefonico",0,0,0,0,1.106,0,9.187,0,"fin_estudio",0,NA,0,"4","3"
1095,"12","3",1.233,0.1233,55,"35-65",34,70,1220,11,13767,190,"mixta",21027,"particular","turismo","diesel","M","otro","otro","mensual",0,4,"superior","presencial",1,1,0,0,0.077,1,2.476,0,"fin_estudio",3695.33,3695.33,1,"4","4"
1096,"12","3",8.959,0.8959,54,"35-65",25,115,1622,6,13372,398,"mixta",9553,"particular","moto","diesel","H","negro","soltero","anual",0,1,"medio","presencial",2,4,0,5,7.129,1,10,0,"fin_estudio",5638.58,2819.29,1,"3","3"
1097,"12","3",2.311,0.2311,54,"35-65",20,86,1308,9,14112,482,"mixta",22194,"particular","moto","gasolina","M","rojo","casado","anual",0,1,"superior","presencial",0,1,0,0,2.311,0,2.311,1,"baja",0,NA,0,"1","1"
1098,"12","3",3.135,0.3135,49,"35-65",28,114,1550,7,27303,451,"mixta",12078,"particular","turismo","diesel","M","negro","otro","mensual",1,1,"basico","presencial",0,1,1,2,3.135,0,3.135,1,"baja",0,NA,0,"2","1"
1099,"12","3",2.695,0.2695,53,"35-65",24,88,1412,0,34916,518,"mixta",17689,"particular","furgoneta","diesel","M","otro","casado","anual",0,2,"medio","presencial",1,3,0,0,1.563,1,2.695,1,"baja",4248.16,4248.16,1,"5","4"
1100,"12","3",1.833,0.1833,26,"25-35",7,69,1063,0,30274,3318,"urbana",8039,"particular","turismo","gasolina","H","otro","soltero","mensual",0,2,"basico","telefonico",0,1,0,1,1.833,0,5.3,0,"fin_estudio",0,NA,0,"2","2"
1101,"12","3",2.217,0.2217,37,"35-65",9,103,1783,15,38127,156,"mixta",10817,"comercial","furgoneta","gasolina","H","negro","casado","mensual",1,1,"superior","telefonico",1,1,0,0,1.81,1,10,0,"fin_estudio",879.44,879.44,1,"4","4"
1102,"12","3",2.458,0.2458,45,"35-65",17,150,2409,4,21421,299,"mixta",26686,"comercial","turismo","gasolina","M","blanco","soltero","anual",0,1,"superior","telefonico",1,0,0,0,2.346,1,2.458,1,"baja",3252.98,3252.98,1,"1","2"
1103,"12","3",7.405,0.7405,76,"65+",32,111,1630,0,15598,39,"rural",18152,"particular","turismo","diesel","M","rojo","otro","anual",0,1,"medio","telematico",0,2,1,1,7.405,0,10,0,"fin_estudio",0,NA,0,"1","1"
1104,"12","3",1.034,0.1034,31,"25-35",11,124,1815,8,15762,214,"mixta",7680,"particular","turismo","diesel","M","rojo","soltero","anual",0,1,"medio","telefonico",0,0,0,0,1.034,0,2.463,0,"fin_estudio",0,NA,0,"4","3"
1105,"12","3",6.954,0.6954,52,"35-65",29,107,1838,11,33155,497,"mixta",10521,"comercial","turismo","diesel","M","rojo","casado","anual",0,1,"medio","presencial",2,5,1,3,1.165,1,10,0,"fin_estudio",5279.47,2639.73,1,"3","2"
1106,"12","3",2.359,0.2359,56,"35-65",31,108,1567,7,36894,362,"mixta",15500,"particular","turismo","gasolina","M","negro","soltero","mensual",0,2,"basico","presencial",0,0,0,0,2.359,0,2.359,1,"baja",0,NA,0,"3","3"
1107,"12","3",3.9,0.39,25,"18-25",6,76,1270,1,11532,1123,"urbana",15975,"particular","turismo","diesel","M","rojo","soltero","anual",0,1,"medio","presencial",0,2,0,1,3.9,0,10,0,"fin_estudio",0,NA,0,"1","1"
1108,"12","3",0.773,0.0773,37,"35-65",12,66,808,5,16259,99,"rural",11759,"particular","turismo","gasolina","H","blanco","casado","anual",1,1,"basico","telefonico",0,0,0,0,0.773,0,0.773,1,"baja",0,NA,0,"4","4"
1109,"12","3",3.457,0.3457,79,"65+",57,176,2800,8,29957,1223,"urbana",9075,"particular","furgoneta","gasolina","M","blanco","casado","anual",0,2,"basico","presencial",0,0,0,2,3.457,0,3.457,1,"baja",0,NA,0,"1","1"
1110,"12","3",3.056,0.3056,44,"35-65",22,81,1367,6,31409,742,"mixta",9711,"particular","moto","gasolina","H","gris","soltero","anual",0,1,"superior","telefonico",0,1,0,0,3.056,0,3.35,0,"fin_estudio",0,NA,0,"1","1"
1111,"12","3",5.808,0.5808,60,"35-65",23,130,2192,8,17607,202,"mixta",9626,"particular","turismo","gasolina","M","otro","soltero","mensual",1,1,"basico","presencial",0,4,1,2,5.808,0,10,0,"fin_estudio",0,NA,0,"4","4"
1112,"12","3",6.125,0.6125,66,"65+",27,113,1568,1,17307,129,"rural",12885,"particular","turismo","gasolina","H","rojo","soltero","anual",0,1,"medio","telefonico",1,2,0,1,5.886,1,10,0,"fin_estudio",2121.11,2121.11,1,"2","1"
1113,"12","3",1.857,0.1857,18,"18-25",0,150,2457,3,41600,295,"mixta",19572,"particular","turismo","diesel","M","otro","soltero","mensual",0,1,"basico","presencial",0,3,0,0,1.857,0,3.591,0,"fin_estudio",0,NA,0,"1","1"
1114,"12","3",1.03,0.103,34,"25-35",14,56,989,4,11493,168,"mixta",9177,"comercial","moto","gasolina","H","otro","soltero","mensual",0,1,"superior","presencial",0,0,0,0,1.03,0,1.03,1,"baja",0,NA,0,"3","3"
1115,"12","3",4.763,0.4763,42,"35-65",20,151,2063,14,32286,105,"rural",22815,"particular","turismo","gasolina","M","gris","soltero","mensual",1,2,"superior","presencial",1,1,0,2,4.628,1,5.488,0,"fin_estudio",1053.77,1053.77,1,"1","2"
1116,"12","3",6.135,0.6135,56,"35-65",31,114,1459,12,24712,206,"mixta",7787,"comercial","turismo","gasolina","H","negro","casado","anual",0,1,"superior","presencial",0,0,0,4,6.135,0,6.135,1,"baja",0,NA,0,"3","3"
1117,"12","3",3.843,0.3843,46,"35-65",19,169,2997,6,21936,473,"mixta",7826,"particular","turismo","diesel","H","blanco","soltero","mensual",0,1,"medio","presencial",0,2,0,1,3.843,0,10,0,"fin_estudio",0,NA,0,"4","4"
1118,"12","3",1.843,0.1843,81,"65+",51,92,1488,13,27525,712,"mixta",38311,"particular","turismo","diesel","M","blanco","otro","mensual",0,1,"medio","presencial",0,0,0,0,1.843,0,1.843,1,"baja",0,NA,0,"2","1"
1119,"12","3",6.396,0.6396,34,"25-35",10,55,847,12,21652,527,"mixta",8849,"particular","furgoneta","gasolina","H","blanco","casado","anual",0,1,"basico","presencial",0,3,0,3,6.396,0,8.259,0,"fin_estudio",0,NA,0,"1","1"
1120,"12","3",6.565,0.6565,34,"25-35",15,87,1121,10,15837,107,"rural",4439,"particular","moto","gasolina","H","negro","casado","anual",1,1,"medio","telefonico",2,2,0,4,1.005,1,6.565,1,"baja",2142.01,1071.01,1,"2","1"
1121,"12","3",7.093,0.7093,44,"35-65",10,55,800,6,28649,252,"mixta",10523,"particular","furgoneta","gasolina","H","blanco","soltero","anual",1,1,"superior","telematico",0,2,0,6,7.093,0,10,0,"fin_estudio",0,NA,0,"1","1"
1122,"12","3",1.214,0.1214,57,"35-65",33,122,2112,11,22608,267,"mixta",5997,"particular","moto","gasolina","M","negro","soltero","anual",0,1,"superior","telematico",0,0,1,2,1.214,0,1.214,1,"baja",0,NA,0,"2","1"
1123,"12","3",6.185,0.6185,32,"25-35",12,139,1995,3,29307,76,"rural",28088,"particular","turismo","diesel","H","rojo","soltero","anual",1,3,"superior","telefonico",2,7,0,1,1.704,1,7.443,0,"fin_estudio",4843.27,2421.63,1,"3","3"
1124,"12","3",3.952,0.3952,64,"35-65",46,60,800,8,19456,659,"mixta",20855,"particular","turismo","diesel","H","rojo","casado","mensual",1,1,"medio","presencial",0,2,0,2,3.952,0,3.952,1,"baja",0,NA,0,"1","1"
1125,"12","3",5.964,0.5964,18,"18-25",0,55,853,6,35246,388,"mixta",9204,"particular","turismo","diesel","M","rojo","casado","anual",1,1,"medio","presencial",0,1,0,4,5.964,0,5.964,1,"baja",0,NA,0,"1","1"
1126,"12","3",5.926,0.5926,39,"35-65",19,106,1615,10,13211,1013,"urbana",8460,"comercial","turismo","diesel","H","gris","casado","anual",0,1,"superior","telematico",1,0,1,5,1.85,1,5.926,1,"baja",1399.64,1399.64,1,"3","3"
1127,"12","3",3.98,0.398,30,"25-35",12,83,1417,7,9703,164,"mixta",7168,"comercial","turismo","gasolina","M","blanco","casado","anual",0,1,"medio","presencial",1,2,0,2,1.619,1,10,0,"fin_estudio",3090.63,3090.63,1,"3","3"
1128,"12","3",3.237,0.3237,71,"65+",44,96,1399,15,19334,235,"mixta",10461,"particular","turismo","gasolina","M","blanco","casado","mensual",0,1,"basico","presencial",0,1,0,3,3.237,0,10,0,"fin_estudio",0,NA,0,"1","1"
1129,"12","3",9.144,0.9144,45,"35-65",23,120,1860,18,38897,632,"mixta",6483,"particular","furgoneta","diesel","M","rojo","casado","anual",1,4,"basico","telefonico",0,4,1,5,9.144,0,10,0,"fin_estudio",0,NA,0,"2","2"
1130,"12","3",4.874,0.4874,73,"65+",49,104,1338,10,33433,169,"mixta",8121,"particular","turismo","gasolina","H","negro","casado","mensual",0,2,"basico","telefonico",0,2,0,6,4.874,0,9.747,0,"fin_estudio",0,NA,0,"3","3"
1131,"12","3",6.488,0.6488,30,"25-35",7,77,1172,8,23694,704,"mixta",16056,"particular","turismo","gasolina","H","gris","casado","anual",0,2,"medio","telefonico",1,0,0,2,3.266,1,6.488,1,"baja",1846.97,1846.97,1,"1","1"
1132,"12","3",4.248,0.4248,38,"35-65",7,174,2690,13,30973,91,"rural",27179,"particular","turismo","gasolina","H","blanco","otro","mensual",1,1,"medio","telematico",0,1,0,1,4.248,0,5.61,0,"fin_estudio",0,NA,0,"3","2"
1133,"12","3",1.244,0.1244,62,"35-65",44,111,1750,8,22635,1034,"urbana",15483,"particular","moto","diesel","M","rojo","casado","anual",1,1,"basico","presencial",0,0,0,3,1.244,0,10,0,"fin_estudio",0,NA,0,"3","3"
1134,"12","3",6.299,0.6299,38,"35-65",19,70,1075,13,20451,514,"mixta",12550,"particular","turismo","diesel","M","negro","soltero","mensual",0,1,"basico","telefonico",2,1,0,2,0.358,1,6.724,0,"fin_estudio",2848.15,1424.08,1,"4","4"
1135,"12","3",1.661,0.1661,48,"35-65",12,126,1938,10,26764,140,"rural",22281,"particular","turismo","diesel","H","blanco","soltero","anual",0,1,"medio","telefonico",1,1,1,2,0.709,1,1.661,1,"baja",3115.7,3115.7,1,"4","4"
1136,"12","3",3.675,0.3675,43,"35-65",16,82,1249,7,15638,121,"rural",6004,"particular","turismo","gasolina","H","rojo","soltero","anual",0,1,"medio","presencial",0,0,0,2,3.675,0,3.675,1,"baja",0,NA,0,"3","3"
1137,"12","3",2.04,0.204,41,"35-65",18,139,2053,0,20529,603,"mixta",20125,"particular","turismo","gasolina","M","otro","casado","anual",0,1,"medio","presencial",0,2,0,1,2.04,0,2.04,1,"baja",0,NA,0,"1","1"
1138,"12","3",2.36,0.236,18,"18-25",0,55,800,7,17951,160,"mixta",26009,"particular","turismo","diesel","H","rojo","soltero","anual",0,1,"medio","telematico",1,1,0,1,0.884,1,3.314,0,"fin_estudio",1183.3,1183.3,1,"4","4"
1139,"12","3",1.656,0.1656,36,"35-65",13,104,1378,16,24461,390,"mixta",8797,"particular","turismo","diesel","M","otro","casado","mensual",0,2,"superior","presencial",0,2,0,1,1.656,0,6.864,0,"fin_estudio",0,NA,0,"4","3"
1140,"12","3",6.629,0.6629,54,"35-65",35,185,2258,1,21014,186,"mixta",12208,"particular","moto","gasolina","H","rojo","casado","mensual",1,1,"medio","telematico",1,0,1,1,5.097,1,6.629,1,"baja",3092.14,3092.14,1,"2","2"
1141,"12","3",6.754,0.6754,33,"25-35",6,101,1295,11,17715,87,"rural",15576,"particular","turismo","gasolina","H","blanco","soltero","anual",1,1,"medio","telematico",1,1,0,3,2.62,1,7.392,0,"fin_estudio",948.15,948.15,1,"3","3"
1142,"12","3",4.573,0.4573,56,"35-65",24,55,892,7,33833,132,"rural",8549,"particular","turismo","diesel","M","otro","otro","mensual",0,1,"basico","presencial",0,1,0,2,4.573,0,5.15,0,"fin_estudio",0,NA,0,"2","2"
1143,"12","3",2.694,0.2694,58,"35-65",20,55,821,5,6503,29,"rural",19213,"particular","moto","diesel","H","blanco","casado","anual",1,1,"medio","presencial",3,0,0,0,0.208,1,2.694,1,"baja",4018.7,1339.57,1,"3","4"
1144,"12","3",8.642,0.8642,71,"65+",42,87,1205,7,17275,383,"mixta",8562,"particular","turismo","diesel","M","gris","casado","anual",0,1,"basico","presencial",1,2,0,2,1.621,1,9.417,0,"fin_estudio",2402.42,2402.42,1,"1","1"
1145,"12","3",4.704,0.4704,61,"35-65",16,95,1424,19,41793,978,"mixta",12480,"particular","moto","diesel","M","gris","soltero","anual",0,1,"basico","presencial",0,1,0,1,4.704,0,9.811,0,"fin_estudio",0,NA,0,"1","1"
1146,"12","3",6.984,0.6984,30,"25-35",9,70,1250,7,14949,171,"mixta",16336,"particular","moto","gasolina","M","gris","soltero","mensual",0,2,"medio","telematico",1,1,0,3,0.721,1,6.984,1,"baja",3981.5,3981.5,1,"4","3"
1147,"12","3",2.821,0.2821,44,"35-65",13,55,923,9,15231,693,"mixta",14259,"particular","moto","gasolina","H","rojo","soltero","mensual",1,1,"medio","presencial",1,0,0,0,0.321,1,2.821,1,"baja",2077.48,2077.48,1,"2","2"
1148,"12","3",1.085,0.1085,18,"18-25",0,106,1408,5,15008,293,"mixta",7766,"particular","turismo","diesel","H","negro","soltero","anual",0,3,"basico","presencial",0,0,0,0,1.085,0,1.085,1,"baja",0,NA,0,"3","2"
1149,"12","3",2.797,0.2797,59,"35-65",37,114,1632,8,26256,66,"rural",10158,"comercial","turismo","diesel","H","gris","soltero","anual",1,1,"superior","presencial",0,1,0,0,2.797,0,2.797,1,"baja",0,NA,0,"4","3"
1150,"12","3",8.021,0.8021,47,"35-65",14,144,2099,9,37559,174,"mixta",7144,"particular","turismo","diesel","M","blanco","casado","anual",0,2,"medio","telematico",1,1,1,6,7.343,1,10,0,"fin_estudio",2655.83,2655.83,1,"3","2"
1151,"12","3",8.356,0.8356,47,"35-65",25,161,2442,10,18578,607,"mixta",17463,"comercial","furgoneta","diesel","H","gris","soltero","anual",0,1,"medio","presencial",0,3,1,8,8.356,0,10,0,"fin_estudio",0,NA,0,"1","1"
1152,"12","3",8.471,0.8471,36,"35-65",12,101,1685,13,22609,90,"rural",6559,"particular","turismo","diesel","M","blanco","casado","anual",0,1,"basico","presencial",1,6,0,4,5.623,1,10,0,"fin_estudio",442.05,442.05,1,"5","5"
1153,"12","3",9.161,0.9161,30,"25-35",12,142,1768,16,18500,98,"rural",19747,"comercial","turismo","diesel","M","rojo","casado","mensual",0,1,"medio","telefonico",0,5,0,2,9.161,0,10,0,"fin_estudio",0,NA,0,"1","1"
1154,"12","3",3.939,0.3939,54,"35-65",20,63,975,13,30232,858,"mixta",42043,"comercial","turismo","diesel","H","gris","soltero","mensual",0,1,"basico","presencial",0,0,0,1,3.939,0,6.56,0,"fin_estudio",0,NA,0,"1","1"
1155,"12","3",3.423,0.3423,52,"35-65",15,171,3040,4,33445,366,"mixta",21043,"particular","furgoneta","gasolina","H","rojo","soltero","mensual",1,2,"basico","telematico",1,2,0,1,2.584,1,3.423,1,"baja",1467.04,1467.04,1,"4","4"
1156,"12","3",0.542,0.0542,39,"35-65",17,116,1748,3,26965,437,"mixta",8240,"particular","turismo","gasolina","H","blanco","casado","mensual",0,3,"basico","presencial",0,0,0,0,0.542,0,0.542,1,"baja",0,NA,0,"1","1"
1157,"12","3",1.649,0.1649,46,"35-65",21,55,800,8,21927,599,"mixta",13543,"particular","turismo","gasolina","H","negro","casado","anual",0,1,"medio","telematico",0,1,0,0,1.649,0,10,0,"fin_estudio",0,NA,0,"2","2"
1158,"12","3",5.154,0.5154,32,"25-35",12,133,1711,8,21809,138,"rural",5861,"particular","turismo","diesel","H","negro","casado","anual",1,1,"medio","telefonico",1,0,0,4,2.119,1,10,0,"fin_estudio",1623.15,1623.15,1,"1","1"
1159,"12","3",3.979,0.3979,47,"35-65",18,115,1391,12,42936,679,"mixta",8159,"particular","turismo","diesel","M","rojo","otro","mensual",0,2,"basico","telematico",0,2,0,1,3.979,0,3.979,1,"baja",0,NA,0,"2","1"
1160,"12","3",7.231,0.7231,22,"18-25",2,94,1541,19,19347,1885,"urbana",12676,"comercial","turismo","gasolina","H","otro","casado","mensual",1,2,"medio","presencial",1,3,0,6,6.448,1,8.424,0,"fin_estudio",1202.09,1202.09,1,"2","1"
1161,"12","3",4.099,0.4099,61,"35-65",35,102,1598,8,26935,272,"mixta",14110,"particular","moto","gasolina","H","rojo","otro","anual",1,1,"superior","telematico",0,1,0,2,4.099,0,4.099,1,"baja",0,NA,0,"1","1"
1162,"12","3",1.62,0.162,46,"35-65",12,75,1145,3,24108,122,"rural",9738,"particular","turismo","diesel","M","blanco","otro","anual",1,1,"superior","presencial",0,1,0,0,1.62,0,10,0,"fin_estudio",0,NA,0,"3","3"
1163,"12","3",6.01,0.601,25,"18-25",5,118,1878,7,26234,215,"mixta",10990,"particular","furgoneta","diesel","M","gris","soltero","mensual",0,1,"basico","presencial",0,2,0,1,6.01,0,6.39,0,"fin_estudio",0,NA,0,"1","1"
1164,"12","3",1.44,0.144,53,"35-65",15,96,1381,9,29649,50,"rural",9458,"particular","furgoneta","diesel","H","otro","otro","anual",0,1,"medio","presencial",0,0,1,0,1.44,0,1.44,1,"baja",0,NA,0,"1","1"
1165,"12","3",1.301,0.1301,61,"35-65",34,92,1334,12,5218,1010,"urbana",11685,"particular","furgoneta","gasolina","H","negro","casado","anual",0,1,"basico","presencial",0,0,0,0,1.301,0,10,0,"fin_estudio",0,NA,0,"3","2"
1166,"12","3",1.863,0.1863,29,"25-35",9,62,800,14,23668,912,"mixta",10668,"particular","moto","gasolina","M","rojo","casado","anual",0,1,"medio","telefonico",0,0,0,2,1.863,0,1.863,1,"baja",0,NA,0,"2","1"
1167,"12","3",4.02,0.402,44,"35-65",16,167,2604,5,22684,158,"mixta",17295,"particular","turismo","gasolina","M","negro","casado","anual",0,3,"basico","presencial",0,1,0,1,4.02,0,4.02,1,"baja",0,NA,0,"1","1"
1168,"12","3",1.392,0.1392,69,"65+",44,143,1878,5,29619,432,"mixta",19096,"comercial","furgoneta","diesel","H","gris","soltero","anual",1,3,"basico","presencial",0,1,0,0,1.392,0,1.392,1,"baja",0,NA,0,"1","1"
1169,"12","3",1.016,0.1016,46,"35-65",21,100,1742,17,7586,147,"rural",13283,"particular","furgoneta","diesel","M","gris","otro","mensual",0,2,"basico","presencial",1,0,0,0,0.63,1,10,0,"fin_estudio",1443.51,1443.51,1,"4","4"
1170,"12","3",8.874,0.8874,42,"35-65",12,88,1489,23,26797,190,"mixta",30978,"particular","furgoneta","gasolina","H","negro","casado","mensual",1,1,"medio","telefonico",4,4,0,4,0.606,1,9.088,0,"fin_estudio",5682.37,1420.59,1,"3","3"
1171,"12","3",3.991,0.3991,29,"25-35",8,81,1351,1,11778,1350,"urbana",13070,"comercial","turismo","gasolina","H","negro","soltero","anual",0,1,"medio","presencial",1,2,1,1,2.957,1,3.991,1,"baja",245.67,245.67,1,"3","2"
1172,"13","3",5.466,0.5466,57,"35-65",22,144,2445,8,17423,570,"mixta",11681,"particular","turismo","diesel","M","rojo","soltero","anual",0,1,"basico","presencial",4,0,0,0,0.454,1,5.466,1,"baja",4063.89,1015.97,1,"5","5"
1173,"13","3",3.624,0.3624,61,"35-65",39,106,1885,0,9870,155,"mixta",10076,"particular","turismo","diesel","M","blanco","casado","mensual",0,2,"basico","telefonico",0,0,0,0,3.624,0,6.361,0,"fin_estudio",0,NA,0,"4","3"
1174,"13","3",2.599,0.2599,44,"35-65",20,133,1842,6,32009,179,"mixta",14836,"particular","turismo","gasolina","H","otro","soltero","mensual",0,1,"medio","telematico",1,0,0,3,1.835,1,2.599,1,"baja",5487.35,5487.35,1,"2","2"
1175,"13","3",8.325,0.8325,45,"35-65",17,131,2120,5,27754,345,"mixta",16648,"particular","turismo","diesel","M","gris","casado","mensual",1,2,"superior","presencial",1,2,0,1,7.852,1,9.492,0,"fin_estudio",923.14,923.14,1,"2","2"
1176,"13","3",3.563,0.3563,19,"18-25",1,76,1272,0,31414,88,"rural",12560,"particular","turismo","gasolina","M","gris","casado","anual",0,1,"superior","telematico",1,1,0,0,1.853,1,3.563,1,"baja",1817.99,1817.99,1,"3","3"
1177,"13","3",5.668,0.5668,35,"25-35",8,73,1026,14,34115,214,"mixta",12282,"particular","furgoneta","diesel","H","negro","soltero","anual",0,1,"basico","telematico",1,3,0,1,1.277,1,5.668,1,"baja",3695.54,3695.54,1,"2","1"
1178,"13","3",1.206,0.1206,45,"35-65",19,118,1601,3,30825,167,"mixta",3935,"particular","turismo","diesel","M","gris","soltero","anual",0,1,"basico","telefonico",0,1,0,0,1.206,0,9.055,0,"fin_estudio",0,NA,0,"2","1"
1179,"13","3",5.877,0.5877,49,"35-65",12,107,1523,14,17079,250,"mixta",8955,"comercial","turismo","gasolina","M","blanco","casado","mensual",0,2,"basico","presencial",0,2,0,3,5.877,0,8.234,0,"fin_estudio",0,NA,0,"1","1"
1180,"13","3",2.768,0.2768,76,"65+",45,140,2225,0,22615,162,"mixta",14786,"comercial","turismo","diesel","M","negro","casado","anual",0,1,"medio","presencial",1,3,0,1,2.691,1,9.39,0,"fin_estudio",2509.8,2509.8,1,"1","2"
1181,"13","3",1.885,0.1885,72,"65+",46,58,800,5,32749,453,"mixta",18535,"particular","moto","gasolina","H","gris","soltero","mensual",0,1,"basico","presencial",0,3,0,0,1.885,0,1.885,1,"baja",0,NA,0,"4","3"
1182,"13","3",9.294,0.9294,37,"35-65",18,140,2473,12,25757,637,"mixta",6301,"particular","turismo","gasolina","M","negro","soltero","mensual",0,1,"medio","telefonico",0,0,3,8,9.294,0,10,0,"fin_estudio",0,NA,0,"1","1"
1183,"13","3",1.174,0.1174,75,"65+",33,158,2702,7,25194,137,"rural",11373,"particular","turismo","diesel","M","blanco","otro","anual",0,1,"medio","telefonico",0,2,0,0,1.174,0,1.174,1,"baja",0,NA,0,"1","1"
1184,"13","3",4.756,0.4756,24,"18-25",5,55,978,16,27354,105,"rural",24293,"particular","turismo","diesel","M","blanco","soltero","anual",1,1,"medio","presencial",3,2,0,2,3.866,1,4.756,1,"baja",5986.38,1995.46,1,"5","5"
1185,"13","3",2.278,0.2278,64,"35-65",37,84,1353,6,25213,296,"mixta",20875,"particular","turismo","gasolina","H","blanco","casado","mensual",0,1,"medio","telefonico",1,1,0,0,1.545,1,10,0,"fin_estudio",1223.6,1223.6,1,"5","4"
1186,"13","3",1.399,0.1399,61,"35-65",32,125,2113,11,17180,1569,"urbana",15711,"particular","moto","diesel","H","otro","casado","anual",1,1,"superior","telematico",1,1,0,0,1.077,1,7.463,0,"fin_estudio",858.92,858.92,1,"3","4"
1187,"13","3",2.454,0.2454,68,"65+",24,95,1362,2,32682,220,"mixta",17601,"particular","moto","diesel","H","gris","soltero","anual",0,2,"basico","presencial",0,1,0,3,2.454,0,2.454,1,"baja",0,NA,0,"1","1"
1188,"13","3",3.851,0.3851,39,"35-65",17,55,800,12,13469,120,"rural",6503,"particular","turismo","gasolina","H","blanco","casado","anual",1,1,"medio","presencial",0,1,0,1,3.851,0,3.851,1,"baja",0,NA,0,"2","2"
1189,"13","3",2.793,0.2793,72,"65+",52,87,1452,12,19784,302,"mixta",13256,"particular","turismo","gasolina","H","otro","casado","mensual",0,1,"medio","telefonico",1,1,0,1,1.827,1,10,0,"fin_estudio",1696.3,1696.3,1,"3","3"
1190,"13","3",2.571,0.2571,18,"18-25",0,74,965,6,19730,303,"mixta",16956,"particular","turismo","gasolina","H","blanco","otro","anual",0,1,"medio","telefonico",1,0,0,0,1.699,1,2.571,1,"baja",1575.8,1575.8,1,"5","5"
1191,"13","3",3.063,0.3063,60,"35-65",34,162,2653,5,26669,154,"mixta",5194,"particular","furgoneta","gasolina","M","rojo","casado","anual",0,1,"basico","presencial",0,2,0,1,3.063,0,6.367,0,"fin_estudio",0,NA,0,"4","4"
1192,"13","3",0.781,0.0781,31,"25-35",7,128,2059,0,23355,304,"mixta",33622,"particular","turismo","diesel","M","rojo","soltero","mensual",1,2,"superior","telefonico",0,0,0,0,0.781,0,0.781,1,"baja",0,NA,0,"1","1"
1193,"13","3",0.669,0.0669,18,"18-25",0,142,2116,0,25311,3103,"urbana",10442,"particular","turismo","gasolina","H","otro","casado","anual",0,2,"medio","telefonico",0,0,0,0,0.669,0,0.669,1,"baja",0,NA,0,"2","2"
1194,"13","3",6.735,0.6735,59,"35-65",35,118,1762,11,24937,490,"mixta",36854,"particular","turismo","gasolina","H","blanco","casado","anual",0,1,"superior","presencial",3,9,0,2,1.663,1,9.518,0,"fin_estudio",7891.82,2630.61,1,"5","5"
1195,"13","3",0.278,0.0278,52,"35-65",23,73,1303,12,19322,473,"mixta",8160,"particular","turismo","gasolina","M","blanco","soltero","mensual",1,1,"superior","presencial",0,0,0,0,0.278,0,0.278,1,"baja",0,NA,0,"1","1"
1196,"13","3",4.978,0.4978,31,"25-35",11,94,1332,4,17335,76,"rural",14076,"particular","turismo","diesel","M","otro","casado","anual",0,1,"basico","presencial",0,4,0,3,4.978,0,4.978,1,"baja",0,NA,0,"3","2"
1197,"13","3",1.799,0.1799,51,"35-65",25,85,1475,8,25420,1318,"urbana",13702,"particular","turismo","diesel","M","otro","soltero","mensual",0,1,"basico","telematico",0,0,0,0,1.799,0,10,0,"fin_estudio",0,NA,0,"1","1"
1198,"13","3",4.987,0.4987,56,"35-65",14,140,2001,3,35533,164,"mixta",38478,"comercial","turismo","diesel","M","negro","soltero","anual",0,1,"superior","telefonico",1,5,0,3,2.699,1,10,0,"fin_estudio",2922.97,2922.97,1,"4","4"
1199,"13","3",5.095,0.5095,46,"35-65",26,81,1191,5,41016,357,"mixta",3720,"particular","furgoneta","gasolina","M","otro","casado","anual",1,1,"basico","telefonico",0,1,0,3,5.095,0,10,0,"fin_estudio",0,NA,0,"1","1"
1200,"13","3",4.593,0.4593,27,"25-35",4,154,2266,7,33589,430,"mixta",9588,"particular","moto","diesel","H","negro","soltero","mensual",0,3,"superior","presencial",2,0,2,1,2.19,1,5.768,0,"fin_estudio",2032.45,1016.22,1,"3","3"
1201,"13","3",4.159,0.4159,53,"35-65",18,104,1305,4,24381,752,"mixta",5509,"particular","turismo","diesel","H","otro","casado","mensual",0,2,"superior","presencial",1,0,0,1,1.624,1,4.159,1,"baja",843.9,843.9,1,"3","3"
1202,"13","3",6.692,0.6692,38,"35-65",13,111,1643,10,40614,44,"rural",7329,"particular","turismo","gasolina","M","rojo","soltero","mensual",0,3,"medio","presencial",0,3,2,3,6.692,0,10,0,"fin_estudio",0,NA,0,"1","1"
1203,"13","3",2.1,0.21,57,"35-65",24,77,1104,6,26174,1030,"urbana",34697,"particular","furgoneta","diesel","H","gris","casado","anual",0,1,"basico","presencial",1,5,0,0,2.001,1,2.1,1,"baja",6280.35,6280.35,1,"3","4"
1204,"13","3",6.982,0.6982,54,"35-65",32,55,800,11,31096,360,"mixta",8276,"particular","turismo","diesel","H","negro","casado","anual",0,2,"superior","telefonico",0,4,0,0,6.982,0,10,0,"fin_estudio",0,NA,0,"1","1"
1205,"13","3",9.826,0.9826,54,"35-65",29,61,800,5,7195,637,"mixta",33286,"particular","turismo","gasolina","H","blanco","soltero","anual",0,1,"basico","presencial",7,1,0,1,0.607,1,10,0,"fin_estudio",8487.7,1212.53,1,"5","4"
1206,"13","3",1.91,0.191,49,"35-65",26,184,2646,8,23389,397,"mixta",7933,"particular","turismo","gasolina","M","negro","casado","anual",0,1,"medio","presencial",0,0,0,0,1.91,0,9.181,0,"fin_estudio",0,NA,0,"2","2"
1207,"13","3",3.856,0.3856,45,"35-65",22,138,1857,5,32431,1328,"urbana",24083,"particular","turismo","diesel","H","rojo","casado","anual",0,1,"medio","telefonico",0,4,0,0,3.856,0,3.856,1,"baja",0,NA,0,"1","1"
1208,"13","3",6.743,0.6743,27,"25-35",4,88,1248,13,34442,1439,"urbana",6134,"particular","turismo","diesel","M","rojo","otro","mensual",0,3,"medio","presencial",0,0,0,0,6.743,0,6.743,1,"baja",0,NA,0,"1","1"
1209,"13","3",1.18,0.118,47,"35-65",25,189,2444,9,27837,276,"mixta",11660,"particular","moto","gasolina","H","gris","soltero","mensual",0,3,"basico","telefonico",0,0,0,2,1.18,0,10,0,"fin_estudio",0,NA,0,"2","1"
1210,"13","3",5.072,0.5072,24,"18-25",4,106,1553,5,33781,1660,"urbana",27002,"particular","turismo","diesel","H","gris","soltero","anual",1,1,"basico","telefonico",0,1,0,1,5.072,0,10,0,"fin_estudio",0,NA,0,"1","1"
1211,"13","3",4.636,0.4636,57,"35-65",37,127,2246,14,24487,96,"rural",9706,"particular","turismo","gasolina","M","blanco","soltero","mensual",0,2,"superior","telematico",0,1,0,1,4.636,0,9.515,0,"fin_estudio",0,NA,0,"1","1"
1212,"13","3",3.548,0.3548,67,"65+",48,149,2265,8,33366,699,"mixta",16066,"particular","turismo","diesel","H","blanco","otro","anual",1,1,"superior","presencial",0,2,0,1,3.548,0,5.399,0,"fin_estudio",0,NA,0,"3","3"
1213,"13","3",4.112,0.4112,33,"25-35",15,95,1412,8,14388,1640,"urbana",12135,"comercial","turismo","diesel","H","blanco","soltero","anual",1,2,"basico","presencial",1,0,0,0,1.638,1,4.112,1,"baja",597.48,597.48,1,"2","2"
1214,"13","3",1.479,0.1479,55,"35-65",27,198,3013,0,28678,24,"rural",7463,"particular","turismo","gasolina","M","blanco","casado","anual",1,1,"basico","presencial",0,0,0,0,1.479,0,1.479,1,"baja",0,NA,0,"3","2"
1215,"13","3",3.699,0.3699,51,"35-65",12,130,2027,1,15849,263,"mixta",6149,"particular","turismo","diesel","M","negro","soltero","mensual",0,3,"superior","telefonico",0,1,0,2,3.699,0,5.782,0,"fin_estudio",0,NA,0,"1","1"
1216,"13","3",2.437,0.2437,33,"25-35",10,121,1668,7,23411,317,"mixta",10806,"particular","turismo","gasolina","H","otro","soltero","mensual",0,2,"medio","presencial",1,1,1,1,0.17,1,2.437,1,"baja",1655.75,1655.75,1,"3","3"
1217,"13","3",4.367,0.4367,82,"65+",32,103,1402,11,21882,243,"mixta",11683,"particular","furgoneta","gasolina","M","blanco","casado","anual",0,1,"basico","telematico",0,5,0,1,4.367,0,10,0,"fin_estudio",0,NA,0,"2","1"
1218,"13","3",2.622,0.2622,32,"25-35",7,119,1632,12,27795,1548,"urbana",13905,"particular","turismo","diesel","M","gris","casado","anual",1,2,"basico","presencial",3,0,0,1,0.295,1,2.622,1,"baja",9803.26,3267.75,1,"5","5"
1219,"13","3",5.783,0.5783,46,"35-65",24,99,1764,1,15544,200,"mixta",18694,"particular","turismo","diesel","H","rojo","soltero","anual",0,1,"medio","presencial",0,3,0,2,5.783,0,5.783,1,"baja",0,NA,0,"2","1"
1220,"13","3",4.611,0.4611,38,"35-65",13,89,1560,10,11115,311,"mixta",18454,"particular","turismo","diesel","M","otro","casado","anual",1,1,"superior","presencial",1,1,0,4,4.434,1,6.679,0,"fin_estudio",846.89,846.89,1,"1","2"
1221,"13","3",1.627,0.1627,76,"65+",47,140,2142,12,14870,382,"mixta",2224,"particular","turismo","diesel","M","gris","soltero","anual",0,2,"superior","telematico",0,0,0,1,1.627,0,1.627,1,"baja",0,NA,0,"3","3"
1222,"13","3",6.779,0.6779,44,"35-65",24,94,1673,15,24537,1130,"urbana",25957,"particular","turismo","gasolina","M","blanco","casado","anual",1,3,"superior","presencial",4,3,0,0,2.368,1,10,0,"fin_estudio",11163.93,2790.98,1,"4","4"
1223,"13","3",2.81,0.281,62,"35-65",40,105,1287,6,34932,187,"mixta",10387,"particular","turismo","diesel","M","gris","soltero","mensual",0,1,"basico","telematico",0,1,0,1,2.81,0,2.81,1,"baja",0,NA,0,"4","3"
1224,"13","3",1.698,0.1698,52,"35-65",20,106,1775,12,13133,1291,"urbana",22574,"particular","turismo","diesel","M","otro","casado","mensual",0,1,"superior","telematico",0,0,0,1,1.698,0,1.698,1,"baja",0,NA,0,"1","1"
1225,"13","3",6.176,0.6176,41,"35-65",11,109,1664,5,11117,315,"mixta",12067,"particular","turismo","gasolina","M","gris","casado","anual",0,1,"basico","presencial",0,0,1,0,6.176,0,10,0,"fin_estudio",0,NA,0,"1","1"
1226,"13","3",1.411,0.1411,62,"35-65",21,120,2008,13,22545,1074,"urbana",15614,"particular","turismo","gasolina","M","gris","casado","anual",1,1,"medio","telefonico",0,2,0,1,1.411,0,1.411,1,"baja",0,NA,0,"2","2"
1227,"13","3",9.973,0.9973,23,"18-25",3,55,812,14,24294,1143,"urbana",9777,"comercial","turismo","diesel","H","otro","soltero","mensual",0,1,"superior","telefonico",2,4,1,1,6.146,1,10,0,"fin_estudio",5232.29,2616.14,1,"3","4"
1228,"13","3",9.087,0.9087,71,"65+",39,73,969,7,20071,348,"mixta",12507,"particular","turismo","diesel","H","otro","soltero","mensual",0,2,"basico","presencial",1,2,0,2,4.996,1,10,0,"fin_estudio",2488.3,2488.3,1,"1","1"
1229,"13","3",5.385,0.5385,55,"35-65",25,134,1702,6,28229,1458,"urbana",24809,"particular","turismo","diesel","H","rojo","casado","mensual",0,1,"basico","presencial",1,1,0,0,4.895,1,5.385,1,"baja",4281.44,4281.44,1,"3","3"
1230,"13","3",3.345,0.3345,29,"25-35",5,104,1450,7,23854,1676,"urbana",20429,"particular","turismo","diesel","M","otro","casado","anual",0,1,"basico","telematico",1,1,0,1,1.884,1,3.345,1,"baja",5858.06,5858.06,1,"2","2"
1231,"13","3",2.098,0.2098,34,"25-35",15,132,2185,15,22863,393,"mixta",7081,"comercial","turismo","diesel","M","blanco","soltero","anual",0,1,"basico","presencial",0,2,1,2,2.098,0,2.098,1,"baja",0,NA,0,"1","1"
1232,"13","3",1.203,0.1203,56,"35-65",18,201,3130,3,19368,153,"mixta",13331,"comercial","turismo","gasolina","H","otro","casado","anual",0,2,"medio","telefonico",0,0,0,0,1.203,0,10,0,"fin_estudio",0,NA,0,"2","1"
1233,"13","3",3.42,0.342,21,"18-25",2,113,1641,6,30712,561,"mixta",16212,"particular","turismo","diesel","M","gris","soltero","anual",0,2,"basico","telefonico",0,2,0,0,3.42,0,10,0,"fin_estudio",0,NA,0,"4","4"
1234,"13","3",6.827,0.6827,48,"35-65",24,66,1095,1,34465,224,"mixta",10156,"comercial","turismo","gasolina","M","rojo","casado","mensual",1,3,"medio","presencial",1,1,0,0,2.166,1,7.899,0,"fin_estudio",586.98,586.98,1,"1","1"
1235,"13","3",4.335,0.4335,46,"35-65",26,80,1183,0,28721,248,"mixta",4834,"particular","moto","diesel","H","blanco","casado","mensual",0,1,"basico","presencial",1,0,0,2,1.374,1,4.335,1,"baja",1942.55,1942.55,1,"1","1"
1236,"13","3",0.461,0.0461,60,"35-65",26,108,1652,15,14180,314,"mixta",16228,"comercial","turismo","diesel","H","gris","soltero","anual",0,1,"medio","presencial",0,0,0,0,0.461,0,0.461,1,"baja",0,NA,0,"1","1"
1237,"13","3",6.555,0.6555,38,"35-65",9,77,1252,9,15447,205,"mixta",12935,"particular","turismo","gasolina","M","negro","casado","anual",0,1,"superior","presencial",2,0,0,0,1.928,1,6.993,0,"fin_estudio",2660.57,1330.28,1,"4","4"
1238,"13","3",7.861,0.7861,52,"35-65",26,72,869,6,25953,227,"mixta",14970,"particular","turismo","gasolina","H","otro","casado","anual",1,1,"medio","telematico",0,2,0,1,7.861,0,10,0,"fin_estudio",0,NA,0,"2","1"
1239,"13","3",1.799,0.1799,64,"35-65",44,60,804,9,20275,642,"mixta",22094,"comercial","turismo","gasolina","M","rojo","soltero","anual",1,1,"medio","presencial",0,1,0,0,1.799,0,10,0,"fin_estudio",0,NA,0,"1","1"
1240,"13","3",8.841,0.8841,55,"35-65",16,138,2300,4,33950,229,"mixta",26534,"particular","turismo","diesel","M","otro","soltero","anual",0,1,"basico","presencial",1,3,0,4,3.486,1,10,0,"fin_estudio",2145.68,2145.68,1,"1","1"
1241,"13","3",8.469,0.8469,57,"35-65",20,88,1147,11,22348,123,"rural",26619,"particular","turismo","diesel","M","negro","casado","anual",0,1,"superior","telematico",3,4,2,4,0.683,1,9.285,0,"fin_estudio",5973.13,1991.04,1,"4","4"
1242,"13","3",1.788,0.1788,24,"18-25",2,79,983,10,20209,354,"mixta",10710,"particular","moto","gasolina","M","blanco","soltero","anual",1,1,"basico","telefonico",0,0,0,1,1.788,0,1.788,1,"baja",0,NA,0,"4","3"
1243,"13","3",2.823,0.2823,44,"35-65",11,96,1506,2,22284,911,"mixta",7451,"particular","moto","gasolina","H","otro","casado","mensual",1,1,"basico","presencial",0,2,0,1,2.823,0,2.823,1,"baja",0,NA,0,"3","2"
1244,"13","3",1.832,0.1832,70,"65+",41,89,1232,2,22581,96,"rural",8136,"particular","turismo","gasolina","H","negro","casado","anual",1,2,"basico","presencial",0,1,0,0,1.832,0,10,0,"fin_estudio",0,NA,0,"1","1"
1245,"13","3",9.303,0.9303,50,"35-65",26,158,2649,13,33968,163,"mixta",18295,"particular","turismo","gasolina","M","blanco","soltero","anual",0,3,"medio","telematico",3,4,1,2,4.809,1,10,0,"fin_estudio",3239.84,1079.95,1,"3","4"
1246,"13","3",4.24,0.424,60,"35-65",39,132,1858,2,16586,137,"rural",16939,"comercial","turismo","diesel","H","blanco","soltero","anual",1,2,"basico","presencial",1,1,1,1,3.325,1,4.24,1,"baja",615.43,615.43,1,"3","3"
1247,"13","3",5.479,0.5479,25,"18-25",6,190,3145,6,24888,859,"mixta",10311,"particular","moto","gasolina","H","blanco","soltero","mensual",0,3,"basico","telematico",2,0,0,1,0.189,1,7.751,0,"fin_estudio",6436.06,3218.03,1,"4","4"
1248,"13","3",9.505,0.9505,60,"35-65",23,140,1704,14,30278,472,"mixta",20144,"particular","turismo","gasolina","H","negro","otro","anual",0,2,"basico","presencial",0,5,0,0,9.505,0,9.505,1,"baja",0,NA,0,"3","2"
1249,"13","3",5.694,0.5694,44,"35-65",13,161,2581,13,23580,102,"rural",13877,"particular","furgoneta","diesel","M","gris","soltero","anual",0,1,"medio","presencial",2,3,1,3,2.48,1,7.711,0,"fin_estudio",4117.22,2058.61,1,"2","3"
1250,"13","3",5.701,0.5701,27,"25-35",4,163,2111,18,19963,43,"rural",11802,"comercial","turismo","diesel","M","otro","soltero","mensual",0,1,"basico","presencial",0,2,0,0,5.701,0,5.701,1,"baja",0,NA,0,"3","2"
1251,"13","3",1.273,0.1273,70,"65+",27,123,1483,9,34166,147,"rural",14255,"particular","turismo","gasolina","M","gris","casado","anual",1,1,"superior","telematico",0,1,0,0,1.273,0,2.179,0,"fin_estudio",0,NA,0,"2","2"
1252,"13","3",1.517,0.1517,29,"25-35",7,153,2512,8,26736,1044,"urbana",15938,"comercial","turismo","gasolina","H","negro","casado","mensual",1,1,"medio","presencial",0,0,0,0,1.517,0,3.754,0,"fin_estudio",0,NA,0,"2","2"
1253,"13","3",6.777,0.6777,40,"35-65",9,88,1086,7,28158,576,"mixta",22507,"particular","turismo","gasolina","H","gris","casado","anual",0,1,"medio","presencial",2,3,0,3,1.442,1,6.952,0,"fin_estudio",3047.99,1523.99,1,"3","2"
1254,"13","3",4.741,0.4741,47,"35-65",22,65,902,9,31293,292,"mixta",10482,"comercial","turismo","diesel","M","negro","soltero","mensual",1,1,"basico","presencial",0,1,0,0,4.741,0,4.741,1,"baja",0,NA,0,"5","4"
1255,"13","3",3.682,0.3682,29,"25-35",9,55,800,10,23850,1296,"urbana",8307,"particular","turismo","diesel","H","gris","soltero","anual",0,1,"basico","presencial",2,1,0,0,0.475,1,3.682,1,"baja",1833.62,916.81,1,"2","3"
1256,"13","3",1.602,0.1602,49,"35-65",20,133,1610,10,17292,221,"mixta",7783,"particular","turismo","gasolina","H","rojo","soltero","mensual",1,1,"basico","presencial",0,2,0,1,1.602,0,9.498,0,"fin_estudio",0,NA,0,"1","1"
1257,"13","3",1.896,0.1896,54,"35-65",33,76,1298,0,22666,67,"rural",11226,"particular","turismo","gasolina","M","gris","soltero","anual",0,1,"medio","presencial",0,0,0,1,1.896,0,1.896,1,"baja",0,NA,0,"5","4"
1258,"13","3",8.429,0.8429,48,"35-65",24,55,800,6,25140,1508,"urbana",10670,"particular","turismo","diesel","M","rojo","soltero","mensual",1,1,"basico","presencial",4,2,0,1,4.884,1,10,0,"fin_estudio",6721.07,1680.27,1,"5","4"
1259,"13","3",9.796,0.9796,33,"25-35",9,80,1208,5,47517,183,"mixta",15715,"particular","moto","gasolina","H","blanco","casado","mensual",0,2,"superior","presencial",1,3,0,1,7.65,1,10,0,"fin_estudio",7996.37,7996.37,1,"2","2"
1260,"13","3",3.937,0.3937,82,"65+",60,114,1858,6,28479,726,"mixta",11263,"comercial","turismo","diesel","H","blanco","soltero","anual",1,1,"superior","presencial",0,4,0,1,3.937,0,5.271,0,"fin_estudio",0,NA,0,"5","4"
1261,"13","3",5.9,0.59,45,"35-65",20,73,1203,19,16067,655,"mixta",13617,"comercial","turismo","diesel","H","negro","casado","anual",0,2,"basico","presencial",0,3,0,2,5.9,0,7.796,0,"fin_estudio",0,NA,0,"1","1"
1262,"13","3",1.249,0.1249,33,"25-35",10,140,2449,0,13310,116,"rural",6707,"particular","turismo","diesel","H","blanco","casado","mensual",0,2,"medio","telefonico",0,0,0,0,1.249,0,1.249,1,"baja",0,NA,0,"2","1"
1263,"13","3",3.514,0.3514,62,"35-65",38,137,1804,13,27985,227,"mixta",11784,"particular","turismo","diesel","M","rojo","casado","mensual",0,1,"basico","telefonico",0,1,0,1,3.514,0,3.514,1,"baja",0,NA,0,"2","1"
1264,"13","3",1.329,0.1329,39,"35-65",8,81,1398,10,19810,200,"mixta",9128,"particular","moto","diesel","H","otro","casado","mensual",0,1,"medio","presencial",0,0,0,0,1.329,0,10,0,"fin_estudio",0,NA,0,"1","1"
1265,"13","3",5.9,0.59,48,"35-65",28,70,941,5,24395,105,"rural",5823,"particular","turismo","diesel","H","rojo","soltero","anual",0,1,"medio","presencial",0,1,0,1,5.9,0,5.9,1,"baja",0,NA,0,"2","1"
1266,"13","3",1.629,0.1629,44,"35-65",22,131,2330,6,9676,372,"mixta",13841,"particular","turismo","diesel","M","gris","casado","anual",1,1,"basico","telematico",0,1,1,1,1.629,0,7.638,0,"fin_estudio",0,NA,0,"2","1"
1267,"13","3",5.154,0.5154,38,"35-65",10,99,1782,16,28050,859,"mixta",37567,"particular","turismo","diesel","M","otro","soltero","anual",1,2,"medio","telematico",5,1,0,0,2.231,1,10,0,"fin_estudio",8110.74,1622.15,1,"5","5"
1268,"13","3",4.315,0.4315,34,"25-35",10,67,973,0,22504,247,"mixta",15709,"particular","turismo","diesel","M","negro","otro","anual",0,1,"basico","presencial",0,2,0,1,4.315,0,10,0,"fin_estudio",0,NA,0,"2","2"
1269,"14","3",4.28,0.428,52,"35-65",29,130,1726,4,36320,586,"mixta",5527,"particular","turismo","gasolina","M","otro","soltero","mensual",1,1,"medio","presencial",0,1,0,1,4.28,0,10,0,"fin_estudio",0,NA,0,"1","1"
1270,"14","3",1.887,0.1887,25,"18-25",7,61,958,14,12401,2431,"urbana",15440,"particular","turismo","gasolina","H","gris","casado","anual",0,1,"medio","presencial",0,1,0,1,1.887,0,1.887,1,"baja",0,NA,0,"3","3"
1271,"14","3",2.448,0.2448,58,"35-65",39,116,1583,5,13802,1275,"urbana",12276,"particular","turismo","diesel","M","blanco","otro","mensual",0,1,"medio","presencial",0,1,0,1,2.448,0,9.234,0,"fin_estudio",0,NA,0,"2","2"
1272,"14","3",1.86,0.186,45,"35-65",23,122,2122,8,26278,875,"mixta",17870,"comercial","turismo","gasolina","M","rojo","soltero","anual",1,1,"medio","presencial",1,0,0,0,1.851,1,10,0,"fin_estudio",378.62,378.62,1,"3","4"
1273,"14","3",7.24,0.724,40,"35-65",16,96,1193,2,24679,329,"mixta",11157,"particular","moto","gasolina","H","negro","casado","anual",1,1,"medio","presencial",0,2,0,6,7.24,0,10,0,"fin_estudio",0,NA,0,"2","2"
1274,"14","3",2.275,0.2275,39,"35-65",11,118,1748,1,10264,244,"mixta",15096,"particular","furgoneta","diesel","M","otro","soltero","anual",1,2,"medio","presencial",0,0,0,1,2.275,0,2.275,1,"baja",0,NA,0,"1","1"
1275,"14","3",9.862,0.9862,45,"35-65",11,74,1282,9,14022,56,"rural",24564,"particular","turismo","diesel","H","blanco","casado","anual",0,1,"medio","telefonico",0,1,0,1,9.862,0,10,0,"fin_estudio",0,NA,0,"1","1"
1276,"14","3",9.693,0.9693,40,"35-65",16,62,925,8,21709,268,"mixta",5053,"comercial","moto","diesel","H","blanco","casado","anual",1,1,"basico","presencial",0,3,0,5,9.693,0,10,0,"fin_estudio",0,NA,0,"1","1"
1277,"14","3",2.512,0.2512,45,"35-65",10,111,1866,5,20501,32,"rural",3900,"particular","furgoneta","gasolina","H","blanco","soltero","anual",1,2,"superior","presencial",0,0,1,1,2.512,0,5.872,0,"fin_estudio",0,NA,0,"1","1"
1278,"14","3",1.933,0.1933,34,"25-35",7,132,1739,6,43088,151,"mixta",19760,"comercial","turismo","gasolina","M","otro","soltero","anual",0,2,"basico","telefonico",0,0,0,3,1.933,0,3.824,0,"fin_estudio",0,NA,0,"2","2"
1279,"14","3",1.149,0.1149,49,"35-65",12,100,1257,0,9408,335,"mixta",16247,"particular","turismo","diesel","M","rojo","soltero","anual",0,1,"medio","telefonico",0,0,0,0,1.149,0,10,0,"fin_estudio",0,NA,0,"1","1"
1280,"14","3",1.377,0.1377,42,"35-65",18,100,1533,10,10401,470,"mixta",16340,"particular","moto","gasolina","H","otro","soltero","anual",0,1,"medio","telefonico",0,0,0,0,1.377,0,1.377,1,"baja",0,NA,0,"4","3"
1281,"14","3",3.528,0.3528,26,"25-35",5,78,1212,13,34615,337,"mixta",12994,"particular","turismo","diesel","H","gris","soltero","anual",0,3,"basico","presencial",0,1,0,1,3.528,0,9.876,0,"fin_estudio",0,NA,0,"1","1"
1282,"14","3",4.034,0.4034,43,"35-65",19,63,819,0,10502,26,"rural",7497,"particular","furgoneta","diesel","H","negro","soltero","anual",0,2,"medio","telematico",0,0,0,3,4.034,0,8.607,0,"fin_estudio",0,NA,0,"2","2"
1283,"14","3",1.023,0.1023,49,"35-65",28,77,1377,7,36694,95,"rural",7815,"particular","furgoneta","gasolina","M","otro","soltero","mensual",1,3,"medio","presencial",0,0,0,0,1.023,0,5.771,0,"fin_estudio",0,NA,0,"3","3"
1284,"14","3",7.101,0.7101,38,"35-65",19,62,800,10,25487,350,"mixta",14382,"particular","turismo","diesel","M","rojo","casado","anual",0,1,"basico","telematico",3,4,0,2,3.002,1,10,0,"fin_estudio",6143.02,2047.67,1,"2","2"
1285,"14","3",1.307,0.1307,65,"35-65",32,109,1447,10,13084,139,"rural",6003,"particular","furgoneta","gasolina","M","rojo","soltero","anual",0,2,"medio","telematico",0,2,0,0,1.307,0,10,0,"fin_estudio",0,NA,0,"1","1"
1286,"14","3",6.654,0.6654,29,"25-35",9,65,800,6,28423,1116,"urbana",8410,"comercial","moto","diesel","M","rojo","soltero","mensual",0,1,"medio","telematico",3,2,2,2,0.981,1,10,0,"fin_estudio",5739.71,1913.24,1,"5","5"
1287,"14","3",7.485,0.7485,60,"35-65",35,126,1982,6,16386,24,"rural",6946,"particular","turismo","diesel","M","gris","casado","mensual",1,1,"basico","telefonico",1,0,0,2,4.018,1,8.762,0,"fin_estudio",3017.4,3017.4,1,"2","2"
1288,"14","3",4.089,0.4089,63,"35-65",32,104,1714,10,7345,1022,"urbana",5297,"comercial","turismo","gasolina","M","negro","soltero","anual",0,3,"medio","presencial",0,2,0,2,4.089,0,4.089,1,"baja",0,NA,0,"2","2"
1289,"14","3",6.57,0.657,35,"25-35",17,87,1432,5,11628,57,"rural",7859,"particular","turismo","gasolina","M","negro","otro","mensual",0,2,"medio","presencial",2,2,1,4,1.286,1,6.57,1,"baja",5893.91,2946.96,1,"1","1"
1290,"14","3",9.331,0.9331,65,"35-65",41,131,1607,14,24518,283,"mixta",5520,"particular","turismo","diesel","H","otro","casado","anual",1,2,"superior","telefonico",1,2,2,5,1.843,1,10,0,"fin_estudio",1620.86,1620.86,1,"1","1"
1291,"14","3",5.471,0.5471,29,"25-35",8,101,1347,0,15931,137,"rural",10393,"particular","turismo","gasolina","M","rojo","soltero","anual",0,2,"medio","presencial",2,4,0,3,1.518,1,10,0,"fin_estudio",2633.52,1316.76,1,"3","3"
1292,"14","3",2.268,0.2268,44,"35-65",17,93,1454,4,13150,639,"mixta",10642,"particular","turismo","diesel","M","otro","soltero","mensual",0,2,"superior","presencial",0,0,0,0,2.268,0,2.268,1,"baja",0,NA,0,"2","1"
1293,"14","3",3.027,0.3027,31,"25-35",6,81,1003,23,11851,206,"mixta",20947,"particular","turismo","diesel","H","otro","soltero","anual",0,1,"superior","presencial",0,1,1,1,3.027,0,3.588,0,"fin_estudio",0,NA,0,"2","1"
1294,"14","3",4.117,0.4117,57,"35-65",30,63,990,6,35364,771,"mixta",3582,"particular","turismo","gasolina","M","blanco","casado","mensual",1,1,"medio","telematico",1,2,0,0,2.887,1,10,0,"fin_estudio",2278.33,2278.33,1,"4","4"
1295,"14","3",0.335,0.0335,57,"35-65",28,92,1351,0,23602,433,"mixta",7923,"particular","turismo","diesel","M","rojo","soltero","anual",1,2,"basico","presencial",0,0,0,0,0.335,0,0.335,1,"baja",0,NA,0,"5","5"
1296,"14","3",1.374,0.1374,25,"18-25",2,115,1550,13,27678,869,"mixta",30753,"particular","turismo","diesel","H","otro","casado","anual",0,1,"basico","presencial",1,2,0,0,0.545,1,1.374,1,"baja",1440.56,1440.56,1,"3","2"
1297,"14","3",2.352,0.2352,39,"35-65",16,150,1805,1,27831,435,"mixta",12924,"comercial","turismo","diesel","M","rojo","soltero","anual",0,1,"superior","presencial",0,0,2,1,2.352,0,3.514,0,"fin_estudio",0,NA,0,"4","4"
1298,"14","3",4.062,0.4062,58,"35-65",40,106,1616,3,31996,207,"mixta",27378,"particular","turismo","gasolina","M","gris","soltero","anual",0,1,"medio","presencial",0,4,0,0,4.062,0,4.062,1,"baja",0,NA,0,"1","1"
1299,"14","3",4.719,0.4719,55,"35-65",26,109,1778,4,36073,670,"mixta",15795,"particular","turismo","diesel","H","otro","casado","anual",1,2,"superior","presencial",1,2,0,1,1.187,1,4.905,0,"fin_estudio",4166.25,4166.25,1,"1","1"
1300,"14","3",6.461,0.6461,70,"65+",34,125,1666,12,45812,1329,"urbana",8482,"particular","turismo","gasolina","M","gris","casado","anual",1,1,"superior","presencial",0,2,1,3,6.461,0,6.913,0,"fin_estudio",0,NA,0,"1","1"
1301,"14","3",2.233,0.2233,58,"35-65",31,58,838,4,16935,130,"rural",8830,"particular","turismo","gasolina","H","otro","soltero","mensual",1,2,"superior","presencial",0,0,0,1,2.233,0,2.833,0,"fin_estudio",0,NA,0,"4","3"
1302,"14","3",2.32,0.232,53,"35-65",13,140,2336,3,21621,1070,"urbana",10507,"particular","furgoneta","gasolina","M","blanco","soltero","anual",0,1,"superior","telematico",0,0,0,1,2.32,0,6.666,0,"fin_estudio",0,NA,0,"2","1"
1303,"14","3",6.372,0.6372,36,"35-65",7,90,1114,10,15434,1039,"urbana",4651,"particular","moto","diesel","M","negro","casado","anual",0,1,"medio","telefonico",1,0,0,3,3.152,1,6.372,1,"baja",1391.57,1391.57,1,"2","2"
1304,"14","3",5.076,0.5076,25,"18-25",5,83,1202,14,17384,185,"mixta",7444,"particular","turismo","gasolina","M","gris","casado","mensual",1,1,"basico","telematico",0,1,0,1,5.076,0,8.532,0,"fin_estudio",0,NA,0,"1","1"
1305,"14","3",6.048,0.6048,19,"18-25",0,120,1455,5,23523,141,"rural",7683,"particular","moto","gasolina","H","gris","casado","anual",0,1,"basico","telematico",0,2,1,6,6.048,0,6.048,1,"baja",0,NA,0,"2","1"
1306,"14","3",8.619,0.8619,40,"35-65",16,102,1681,11,19113,376,"mixta",9151,"particular","turismo","gasolina","M","rojo","otro","anual",0,2,"superior","telematico",2,3,1,2,2.685,1,10,0,"fin_estudio",3167.63,1583.82,1,"4","4"
1307,"14","3",5.125,0.5125,38,"35-65",14,163,2614,11,26670,258,"mixta",5415,"particular","furgoneta","diesel","M","gris","casado","mensual",1,1,"medio","presencial",1,0,0,4,2.456,1,5.674,0,"fin_estudio",7000.83,7000.83,1,"2","2"
1308,"14","3",7.173,0.7173,41,"35-65",12,86,1152,8,25643,172,"mixta",16283,"particular","turismo","diesel","M","gris","casado","anual",1,1,"medio","presencial",2,2,0,3,4.308,1,9.854,0,"fin_estudio",7622.62,3811.31,1,"3","3"
1309,"14","3",1.896,0.1896,54,"35-65",14,155,2586,12,29789,1843,"urbana",20190,"particular","turismo","diesel","M","negro","casado","mensual",0,1,"basico","presencial",1,0,0,0,1.505,1,1.896,1,"baja",598.26,598.26,1,"4","5"
1310,"14","3",1.309,0.1309,52,"35-65",19,98,1236,16,31447,42,"rural",10920,"particular","furgoneta","gasolina","H","negro","otro","mensual",0,1,"medio","telematico",0,0,0,1,1.309,0,1.309,1,"baja",0,NA,0,"2","2"
1311,"14","3",4.841,0.4841,62,"35-65",19,140,1746,6,25661,254,"mixta",15721,"particular","turismo","gasolina","M","rojo","soltero","anual",0,1,"superior","presencial",0,3,0,0,4.841,0,4.841,1,"baja",0,NA,0,"1","1"
1312,"14","3",1.197,0.1197,25,"18-25",3,79,1274,0,12601,94,"rural",9577,"particular","turismo","gasolina","M","rojo","casado","anual",0,1,"medio","telematico",0,0,0,0,1.197,0,1.197,1,"baja",0,NA,0,"1","1"
1313,"14","3",1.188,0.1188,28,"25-35",9,115,1604,5,41375,271,"mixta",11186,"particular","moto","diesel","H","gris","soltero","anual",1,1,"medio","presencial",1,1,0,0,0.41,1,9.23,0,"fin_estudio",5278.47,5278.47,1,"5","4"
1314,"14","3",6.269,0.6269,48,"35-65",29,115,1727,3,18746,591,"mixta",11576,"particular","turismo","gasolina","H","negro","soltero","anual",1,2,"medio","presencial",3,1,1,3,1.476,1,10,0,"fin_estudio",3736.93,1245.64,1,"4","4"
1315,"14","3",4.866,0.4866,59,"35-65",27,146,2075,12,30112,513,"mixta",13322,"particular","turismo","diesel","H","gris","soltero","mensual",1,2,"basico","presencial",0,1,1,1,4.866,0,10,0,"fin_estudio",0,NA,0,"1","1"
1316,"14","3",3.359,0.3359,45,"35-65",17,163,2675,10,27620,1718,"urbana",11164,"comercial","turismo","gasolina","M","gris","soltero","anual",1,1,"basico","presencial",0,0,0,1,3.359,0,10,0,"fin_estudio",0,NA,0,"1","1"
1317,"14","3",2.282,0.2282,63,"35-65",31,55,970,0,31322,94,"rural",18200,"particular","turismo","gasolina","H","rojo","casado","mensual",0,3,"medio","presencial",0,2,0,1,2.282,0,2.282,1,"baja",0,NA,0,"1","1"
1318,"14","3",7.149,0.7149,57,"35-65",38,149,1924,5,26885,430,"mixta",10696,"particular","furgoneta","diesel","H","negro","soltero","anual",0,2,"medio","presencial",0,1,0,4,7.149,0,10,0,"fin_estudio",0,NA,0,"1","1"
1319,"14","3",5.057,0.5057,69,"65+",29,111,1440,5,28077,189,"mixta",3308,"particular","turismo","diesel","M","negro","soltero","anual",0,1,"basico","presencial",1,1,0,3,4.717,1,5.557,0,"fin_estudio",2398.77,2398.77,1,"2","2"
1320,"14","3",3.536,0.3536,65,"35-65",42,107,1606,12,34227,186,"mixta",4326,"comercial","turismo","diesel","M","rojo","soltero","mensual",0,2,"basico","telematico",0,2,0,2,3.536,0,3.536,1,"baja",0,NA,0,"1","1"
1321,"14","3",0.468,0.0468,62,"35-65",42,106,1686,8,29642,106,"rural",13168,"particular","turismo","gasolina","H","rojo","casado","mensual",0,2,"medio","presencial",0,0,0,0,0.468,0,0.468,1,"baja",0,NA,0,"4","4"
1322,"14","3",9.174,0.9174,48,"35-65",25,55,828,0,28545,40,"rural",21636,"particular","furgoneta","diesel","M","negro","soltero","anual",0,1,"basico","telematico",0,2,1,4,9.174,0,10,0,"fin_estudio",0,NA,0,"1","1"
1323,"14","3",2.688,0.2688,43,"35-65",24,149,2505,9,20486,235,"mixta",5031,"particular","moto","gasolina","H","negro","casado","mensual",0,1,"medio","presencial",0,0,0,1,2.688,0,2.688,1,"baja",0,NA,0,"1","1"
1324,"14","3",1.877,0.1877,37,"35-65",11,85,1409,0,16171,2605,"urbana",6368,"particular","turismo","gasolina","H","negro","casado","anual",0,1,"basico","presencial",0,0,0,1,1.877,0,10,0,"fin_estudio",0,NA,0,"3","3"
1325,"14","3",1.126,0.1126,73,"65+",51,67,1129,13,26819,78,"rural",14984,"particular","turismo","gasolina","H","blanco","casado","mensual",0,1,"superior","presencial",0,2,1,0,1.126,0,10,0,"fin_estudio",0,NA,0,"3","3"
1326,"14","3",1.211,0.1211,61,"35-65",30,137,2349,8,29374,1316,"urbana",14480,"particular","turismo","gasolina","H","blanco","otro","anual",0,1,"basico","presencial",0,1,1,0,1.211,0,1.211,1,"baja",0,NA,0,"4","4"
1327,"14","3",2.011,0.2011,34,"25-35",8,123,1945,14,27074,321,"mixta",4790,"particular","turismo","diesel","M","gris","casado","mensual",0,2,"medio","telematico",0,0,0,0,2.011,0,2.011,1,"baja",0,NA,0,"2","2"
1328,"14","3",4.058,0.4058,39,"35-65",9,137,1961,15,33862,2544,"urbana",15183,"particular","turismo","gasolina","M","blanco","soltero","anual",0,1,"superior","telefonico",1,2,0,2,1.753,1,10,0,"fin_estudio",5957.19,5957.19,1,"2","1"
1329,"14","3",4.382,0.4382,76,"65+",46,98,1305,4,25216,352,"mixta",17762,"particular","furgoneta","gasolina","M","gris","casado","mensual",1,1,"superior","presencial",1,1,0,4,3.133,1,10,0,"fin_estudio",5390.23,5390.23,1,"4","4"
1330,"14","3",2.798,0.2798,18,"18-25",0,222,2802,16,35262,245,"mixta",14404,"particular","moto","diesel","H","negro","casado","mensual",1,1,"medio","telefonico",2,2,0,1,0.689,1,2.798,1,"baja",15072.89,7536.44,1,"5","5"
1331,"14","3",2.445,0.2445,33,"25-35",14,55,800,11,14933,142,"rural",11516,"comercial","turismo","diesel","H","rojo","soltero","anual",0,2,"medio","telematico",0,2,0,0,2.445,0,2.445,1,"baja",0,NA,0,"2","2"
1332,"14","3",3.62,0.362,35,"25-35",14,151,2145,10,15306,440,"mixta",15593,"particular","moto","gasolina","M","otro","soltero","anual",0,1,"medio","presencial",1,2,0,4,2.743,1,3.62,1,"baja",1993.31,1993.31,1,"2","2"
1333,"14","3",1.444,0.1444,43,"35-65",14,103,1243,12,21185,66,"rural",15971,"particular","turismo","diesel","H","gris","casado","anual",0,1,"medio","presencial",0,0,0,1,1.444,0,1.444,1,"baja",0,NA,0,"4","4"
1334,"14","3",2.277,0.2277,30,"25-35",10,55,800,9,21614,73,"rural",13679,"particular","turismo","gasolina","H","rojo","casado","anual",1,3,"basico","presencial",0,0,0,1,2.277,0,6.222,0,"fin_estudio",0,NA,0,"3","3"
1335,"14","3",5.616,0.5616,36,"35-65",14,74,1288,5,25440,53,"rural",5905,"particular","moto","diesel","H","otro","soltero","mensual",0,2,"medio","presencial",0,2,0,2,5.616,0,10,0,"fin_estudio",0,NA,0,"1","1"
1336,"14","3",2.353,0.2353,35,"25-35",12,142,2521,8,18088,2023,"urbana",11981,"particular","turismo","gasolina","M","otro","soltero","anual",0,1,"superior","presencial",2,1,0,4,0.327,1,5.698,0,"fin_estudio",1954.13,977.07,1,"5","5"
1337,"14","3",3.753,0.3753,25,"18-25",5,169,2304,8,23931,699,"mixta",15917,"particular","turismo","diesel","M","blanco","otro","anual",0,1,"medio","presencial",1,1,1,3,2.621,1,3.753,1,"baja",1283.05,1283.05,1,"5","4"
1338,"14","3",0.916,0.0916,45,"35-65",23,141,2258,10,28987,426,"mixta",8810,"comercial","turismo","gasolina","M","negro","casado","anual",1,1,"medio","telematico",0,0,0,0,0.916,0,0.916,1,"baja",0,NA,0,"1","1"
1339,"14","3",4.813,0.4813,43,"35-65",11,75,927,0,11810,304,"mixta",6109,"particular","turismo","diesel","H","negro","casado","mensual",1,2,"medio","telefonico",2,0,0,1,0.237,1,10,0,"fin_estudio",1330.03,665.02,1,"2","3"
1340,"14","3",6.414,0.6414,52,"35-65",22,83,1256,0,31374,323,"mixta",13362,"particular","moto","gasolina","H","negro","casado","anual",0,1,"medio","telefonico",0,3,0,1,6.414,0,6.617,0,"fin_estudio",0,NA,0,"1","1"
1341,"14","3",4.544,0.4544,39,"35-65",16,96,1396,7,17554,198,"mixta",10341,"comercial","turismo","diesel","M","negro","casado","mensual",0,1,"medio","presencial",0,2,0,2,4.544,0,10,0,"fin_estudio",0,NA,0,"1","1"
1342,"14","3",6.386,0.6386,18,"18-25",0,64,840,8,10774,990,"mixta",23250,"particular","turismo","diesel","M","otro","casado","anual",0,1,"medio","presencial",2,3,0,3,2.438,1,10,0,"fin_estudio",4170.39,2085.19,1,"5","5"
1343,"14","3",0.494,0.0494,74,"65+",42,140,2292,11,23604,536,"mixta",17904,"particular","turismo","diesel","H","negro","soltero","mensual",0,2,"basico","presencial",0,0,0,1,0.494,0,0.494,1,"baja",0,NA,0,"4","4"
1344,"14","3",3.617,0.3617,50,"35-65",16,119,1459,0,29849,176,"mixta",8539,"particular","turismo","diesel","M","otro","soltero","anual",0,1,"basico","presencial",0,1,0,1,3.617,0,3.617,1,"baja",0,NA,0,"1","1"
1345,"14","3",7.776,0.7776,62,"35-65",31,160,2053,3,36670,418,"mixta",7860,"particular","turismo","diesel","H","rojo","casado","mensual",0,2,"basico","telefonico",4,2,2,4,0.394,1,7.776,1,"baja",22520.89,5630.22,1,"4","5"
1346,"14","3",3.158,0.3158,23,"18-25",3,64,1140,12,25876,76,"rural",7237,"particular","turismo","diesel","M","rojo","soltero","mensual",0,1,"basico","telefonico",1,0,0,1,1.716,1,3.938,0,"fin_estudio",625.13,625.13,1,"4","3"
1347,"14","3",6.709,0.6709,46,"35-65",28,85,1336,9,17420,624,"mixta",9738,"particular","furgoneta","gasolina","H","negro","soltero","anual",0,1,"medio","presencial",3,2,0,1,3.592,1,10,0,"fin_estudio",6138.72,2046.24,1,"2","3"
1348,"14","3",8.202,0.8202,74,"65+",21,66,1113,12,12941,90,"rural",19149,"particular","moto","gasolina","H","gris","otro","mensual",0,1,"basico","telefonico",0,5,0,3,8.202,0,8.819,0,"fin_estudio",0,NA,0,"1","1"
1349,"14","3",2.945,0.2945,19,"18-25",1,61,800,16,22623,188,"mixta",17582,"particular","turismo","diesel","H","otro","casado","anual",0,1,"superior","telefonico",0,4,0,2,2.945,0,2.945,1,"baja",0,NA,0,"1","1"
1350,"14","3",1.533,0.1533,53,"35-65",21,131,2258,0,38485,1632,"urbana",15085,"comercial","turismo","gasolina","M","gris","soltero","anual",0,1,"basico","telefonico",0,0,0,0,1.533,0,1.533,1,"baja",0,NA,0,"1","1"
1351,"14","3",5.962,0.5962,24,"18-25",3,93,1671,7,26090,74,"rural",4557,"comercial","furgoneta","diesel","M","gris","soltero","anual",0,1,"basico","telefonico",0,0,0,4,5.962,0,5.962,1,"baja",0,NA,0,"1","1"
1352,"14","3",4.398,0.4398,65,"35-65",22,167,2772,9,24460,80,"rural",8419,"particular","turismo","gasolina","M","rojo","casado","mensual",0,1,"superior","presencial",0,0,1,3,4.398,0,9.357,0,"fin_estudio",0,NA,0,"1","1"
1353,"14","3",6.26,0.626,62,"35-65",31,87,1474,14,20301,104,"rural",11437,"particular","turismo","diesel","H","gris","soltero","anual",0,1,"basico","telefonico",1,1,0,2,5.986,1,6.26,1,"baja",1687.44,1687.44,1,"4","4"
1354,"14","3",6.24,0.624,61,"35-65",30,55,803,7,22414,625,"mixta",15164,"comercial","furgoneta","gasolina","M","rojo","casado","mensual",0,1,"superior","telefonico",0,3,0,2,6.24,0,10,0,"fin_estudio",0,NA,0,"1","1"
1355,"14","3",3.016,0.3016,40,"35-65",17,143,1728,5,35292,560,"mixta",12351,"particular","turismo","diesel","M","rojo","casado","anual",0,2,"basico","presencial",0,1,0,1,3.016,0,3.016,1,"baja",0,NA,0,"2","2"
1356,"14","3",6.8,0.68,34,"25-35",6,106,1712,5,22281,174,"mixta",9457,"particular","turismo","gasolina","H","negro","soltero","anual",1,2,"superior","presencial",0,3,0,3,6.8,0,7.146,0,"fin_estudio",0,NA,0,"1","1"
1357,"15","3",4.184,0.4184,43,"35-65",25,121,2038,9,15281,110,"rural",9092,"particular","turismo","diesel","M","negro","otro","anual",0,1,"medio","telefonico",1,4,0,1,0.791,1,4.184,1,"baja",4964.25,4964.25,1,"3","2"
1358,"15","3",4.745,0.4745,31,"25-35",13,122,1888,6,9484,352,"mixta",8201,"particular","turismo","diesel","M","gris","casado","mensual",1,2,"superior","telefonico",0,1,0,0,4.745,0,4.745,1,"baja",0,NA,0,"3","2"
1359,"15","3",1.426,0.1426,31,"25-35",10,102,1779,10,19039,103,"rural",7362,"particular","moto","diesel","H","gris","casado","mensual",0,1,"medio","presencial",0,0,1,0,1.426,0,5.955,0,"fin_estudio",0,NA,0,"2","2"
1360,"15","3",4.221,0.4221,41,"35-65",13,134,2033,10,22479,305,"mixta",41186,"particular","turismo","diesel","H","negro","casado","anual",0,2,"basico","telefonico",1,1,0,1,0.962,1,10,0,"fin_estudio",861.65,861.65,1,"3","2"
1361,"15","3",6.172,0.6172,58,"35-65",33,190,2776,0,36316,405,"mixta",11912,"particular","turismo","gasolina","M","rojo","soltero","anual",0,1,"basico","telematico",0,1,0,2,6.172,0,10,0,"fin_estudio",0,NA,0,"1","1"
1362,"15","3",3.878,0.3878,36,"35-65",11,123,1607,3,19494,85,"rural",6297,"particular","turismo","gasolina","M","rojo","casado","anual",0,2,"basico","telefonico",1,0,0,0,1.346,1,6.638,0,"fin_estudio",636.07,636.07,1,"3","3"
1363,"15","3",3.836,0.3836,47,"35-65",13,152,2732,0,21712,830,"mixta",17354,"particular","moto","diesel","H","negro","soltero","mensual",0,2,"basico","telematico",0,2,1,0,3.836,0,3.836,1,"baja",0,NA,0,"2","2"
1364,"15","3",9.789,0.9789,27,"25-35",6,104,1324,7,26403,557,"mixta",12267,"particular","turismo","gasolina","M","blanco","soltero","anual",0,2,"superior","presencial",0,4,1,4,9.789,0,10,0,"fin_estudio",0,NA,0,"1","1"
1365,"15","3",4.756,0.4756,63,"35-65",22,84,1140,11,2443,347,"mixta",10081,"particular","turismo","gasolina","M","gris","casado","anual",0,1,"medio","presencial",1,2,0,0,0.687,1,10,0,"fin_estudio",466.97,466.97,1,"3","3"
1366,"15","3",5.696,0.5696,46,"35-65",11,65,811,3,22478,420,"mixta",21047,"particular","turismo","gasolina","M","otro","soltero","anual",0,1,"medio","presencial",0,1,0,2,5.696,0,10,0,"fin_estudio",0,NA,0,"1","1"
1367,"15","3",7.403,0.7403,57,"35-65",25,87,1539,7,7810,47,"rural",8750,"particular","furgoneta","diesel","M","gris","soltero","mensual",0,1,"medio","presencial",0,2,0,3,7.403,0,7.656,0,"fin_estudio",0,NA,0,"1","1"
1368,"15","3",6.702,0.6702,47,"35-65",16,153,2322,13,19619,257,"mixta",24089,"particular","turismo","diesel","H","negro","casado","anual",0,1,"basico","telefonico",0,0,2,0,6.702,0,10,0,"fin_estudio",0,NA,0,"1","1"
1369,"15","3",1.615,0.1615,56,"35-65",32,72,995,7,22055,45,"rural",10945,"comercial","turismo","gasolina","M","rojo","otro","anual",1,2,"basico","telefonico",0,1,0,1,1.615,0,10,0,"fin_estudio",0,NA,0,"2","2"
1370,"15","3",7.74,0.774,50,"35-65",29,124,1512,4,15777,937,"mixta",6678,"particular","turismo","gasolina","H","blanco","otro","anual",0,3,"superior","presencial",0,1,0,3,7.74,0,10,0,"fin_estudio",0,NA,0,"5","5"
1371,"15","3",1.489,0.1489,39,"35-65",11,175,2930,8,34203,440,"mixta",16958,"particular","turismo","gasolina","M","rojo","soltero","anual",0,2,"superior","presencial",1,0,1,0,1.411,1,10,0,"fin_estudio",4399.77,4399.77,1,"3","4"
1372,"15","3",4.31,0.431,32,"25-35",5,120,1982,3,23139,1570,"urbana",13286,"particular","turismo","diesel","H","gris","soltero","mensual",0,1,"superior","presencial",0,3,0,3,4.31,0,10,0,"fin_estudio",0,NA,0,"3","2"
1373,"15","3",7.408,0.7408,34,"25-35",8,55,930,9,17181,96,"rural",8905,"comercial","turismo","diesel","M","blanco","casado","mensual",1,2,"basico","presencial",1,3,0,1,3.005,1,7.707,0,"fin_estudio",368.39,368.39,1,"2","1"
1374,"15","3",3.093,0.3093,72,"65+",41,82,1461,0,23488,861,"mixta",8013,"particular","turismo","diesel","M","gris","soltero","anual",1,1,"basico","telematico",0,1,0,1,3.093,0,3.093,1,"baja",0,NA,0,"4","3"
1375,"15","3",3.296,0.3296,41,"35-65",21,115,1556,6,22336,118,"rural",8240,"particular","turismo","diesel","M","gris","casado","anual",1,2,"basico","presencial",0,0,1,0,3.296,0,3.296,1,"baja",0,NA,0,"1","1"
1376,"15","3",5.449,0.5449,39,"35-65",18,55,950,0,33245,570,"mixta",8474,"particular","turismo","diesel","M","rojo","casado","mensual",0,1,"basico","presencial",1,3,0,1,1.601,1,10,0,"fin_estudio",1284.83,1284.83,1,"2","2"
1377,"15","3",5.091,0.5091,47,"35-65",15,55,855,6,29730,162,"mixta",9582,"particular","turismo","gasolina","H","otro","otro","anual",1,1,"basico","telematico",0,3,0,0,5.091,0,10,0,"fin_estudio",0,NA,0,"1","1"
1378,"15","3",1.107,0.1107,41,"35-65",10,142,2313,2,19522,1268,"urbana",15891,"particular","turismo","gasolina","M","otro","soltero","anual",0,2,"superior","presencial",0,1,0,1,1.107,0,8.944,0,"fin_estudio",0,NA,0,"3","3"
1379,"15","3",2.449,0.2449,39,"35-65",18,77,1328,2,28756,986,"mixta",6346,"particular","turismo","gasolina","M","otro","casado","mensual",0,1,"superior","presencial",0,0,0,0,2.449,0,7.103,0,"fin_estudio",0,NA,0,"1","1"
1380,"15","3",4.21,0.421,45,"35-65",18,162,2493,15,30120,120,"rural",20846,"particular","turismo","gasolina","H","blanco","otro","mensual",1,1,"medio","telefonico",6,2,0,0,0.206,1,6.746,0,"fin_estudio",17927.58,2987.93,1,"5","5"
1381,"15","3",0.579,0.0579,55,"35-65",22,198,2687,5,25452,168,"mixta",9763,"particular","furgoneta","gasolina","M","blanco","casado","mensual",1,1,"basico","presencial",0,0,0,0,0.579,0,0.579,1,"baja",0,NA,0,"2","2"
1382,"15","3",5.031,0.5031,41,"35-65",12,108,1806,11,31057,8704,"urbana",27139,"particular","turismo","gasolina","H","rojo","soltero","anual",1,3,"superior","telematico",1,3,0,0,0.991,1,5.031,1,"baja",2556.35,2556.35,1,"1","1"
1383,"15","3",4.588,0.4588,23,"18-25",3,123,2208,9,31071,708,"mixta",13740,"particular","turismo","diesel","H","gris","casado","mensual",0,1,"medio","telematico",1,1,1,0,3.463,1,4.588,1,"baja",3512.27,3512.27,1,"3","3"
1384,"15","3",2.456,0.2456,49,"35-65",29,142,1800,7,35887,101,"rural",9247,"comercial","turismo","gasolina","H","otro","casado","anual",1,1,"medio","presencial",0,1,0,2,2.456,0,8.304,0,"fin_estudio",0,NA,0,"2","1"
1385,"15","3",1.645,0.1645,51,"35-65",21,80,1089,4,27516,709,"mixta",3961,"particular","turismo","diesel","M","rojo","casado","mensual",0,1,"medio","telefonico",0,1,0,0,1.645,0,8.667,0,"fin_estudio",0,NA,0,"3","2"
1386,"15","3",9.548,0.9548,18,"18-25",0,56,813,10,16783,681,"mixta",19744,"particular","turismo","diesel","M","blanco","casado","anual",0,1,"superior","presencial",9,4,0,0,1.177,1,10,0,"fin_estudio",15554.12,1728.24,1,"4","5"
1387,"15","3",1.715,0.1715,72,"65+",41,127,1593,10,39984,74,"rural",21248,"particular","turismo","gasolina","M","otro","casado","mensual",0,1,"basico","presencial",0,4,1,1,1.715,0,1.715,1,"baja",0,NA,0,"5","5"
1388,"15","3",5.692,0.5692,58,"35-65",22,142,2010,7,18785,722,"mixta",8357,"particular","moto","diesel","H","gris","casado","anual",0,2,"superior","presencial",2,3,1,1,1.197,1,10,0,"fin_estudio",6878.67,3439.34,1,"4","4"
1389,"15","3",3.997,0.3997,59,"35-65",25,55,903,8,28234,1018,"urbana",7468,"particular","furgoneta","diesel","M","negro","casado","anual",1,1,"superior","presencial",1,0,0,1,3.292,1,3.997,1,"baja",2082.87,2082.87,1,"2","3"
1390,"15","3",9.936,0.9936,50,"35-65",24,136,1729,0,21128,270,"mixta",22815,"particular","turismo","gasolina","M","negro","casado","mensual",1,1,"medio","presencial",3,1,0,0,0.623,1,10,0,"fin_estudio",3830.54,1276.85,1,"1","1"
1391,"15","3",2.826,0.2826,57,"35-65",23,94,1485,15,36906,337,"mixta",10262,"particular","moto","gasolina","H","negro","otro","mensual",0,2,"superior","presencial",0,0,0,1,2.826,0,10,0,"fin_estudio",0,NA,0,"2","1"
1392,"15","3",1.88,0.188,38,"35-65",19,107,1606,9,17529,501,"mixta",14417,"particular","turismo","diesel","M","otro","casado","anual",1,1,"basico","presencial",0,1,0,0,1.88,0,10,0,"fin_estudio",0,NA,0,"1","1"
1393,"15","3",3.133,0.3133,69,"65+",40,175,3080,0,43317,138,"rural",11501,"particular","furgoneta","diesel","M","rojo","casado","mensual",0,2,"superior","telematico",0,0,0,1,3.133,0,3.133,1,"baja",0,NA,0,"1","1"
1394,"15","3",8.878,0.8878,44,"35-65",21,147,2142,8,21389,177,"mixta",11507,"comercial","turismo","gasolina","M","blanco","soltero","anual",0,1,"medio","telematico",1,6,0,5,4.241,1,10,0,"fin_estudio",3138.74,3138.74,1,"1","1"
1395,"15","3",4.91,0.491,48,"35-65",28,77,947,10,15533,1480,"urbana",14415,"comercial","turismo","diesel","M","rojo","soltero","anual",1,1,"superior","telematico",2,2,0,0,1.173,1,10,0,"fin_estudio",4119.1,2059.55,1,"4","4"
1396,"15","3",6.503,0.6503,29,"25-35",9,157,2185,9,29314,198,"mixta",5321,"particular","furgoneta","gasolina","H","blanco","soltero","anual",1,1,"basico","presencial",1,1,1,2,4.042,1,9.263,0,"fin_estudio",1492.85,1492.85,1,"2","1"
1397,"15","3",1.59,0.159,55,"35-65",32,140,1734,17,13624,685,"mixta",6472,"particular","moto","diesel","H","gris","casado","mensual",1,3,"basico","telefonico",0,0,0,0,1.59,0,10,0,"fin_estudio",0,NA,0,"3","2"
1398,"15","3",6.492,0.6492,42,"35-65",19,84,1275,10,35205,63,"rural",6998,"particular","turismo","gasolina","M","rojo","otro","mensual",1,2,"superior","presencial",0,0,0,0,6.492,0,7.848,0,"fin_estudio",0,NA,0,"1","1"
1399,"15","3",4.701,0.4701,47,"35-65",21,146,2466,7,28728,183,"mixta",6437,"particular","furgoneta","diesel","M","rojo","soltero","anual",0,2,"basico","telefonico",0,2,0,0,4.701,0,6.526,0,"fin_estudio",0,NA,0,"1","1"
1400,"15","3",2.301,0.2301,44,"35-65",22,74,1166,0,38471,865,"mixta",6409,"comercial","turismo","gasolina","M","gris","soltero","anual",1,3,"superior","presencial",0,1,0,0,2.301,0,2.301,1,"baja",0,NA,0,"3","3"
1401,"15","3",1.462,0.1462,71,"65+",20,92,1140,8,11101,379,"mixta",3524,"particular","moto","diesel","H","rojo","soltero","mensual",1,1,"basico","telematico",0,0,0,0,1.462,0,1.951,0,"fin_estudio",0,NA,0,"2","2"
1402,"15","3",2.368,0.2368,40,"35-65",21,75,1293,14,34057,90,"rural",13129,"comercial","moto","diesel","H","gris","soltero","mensual",0,1,"basico","presencial",0,1,0,0,2.368,0,3.045,0,"fin_estudio",0,NA,0,"1","1"
1403,"15","3",2.426,0.2426,43,"35-65",16,133,1602,10,32877,4175,"urbana",25785,"particular","turismo","diesel","M","negro","soltero","anual",0,1,"medio","presencial",2,1,0,0,0.988,1,2.426,1,"baja",3558.93,1779.46,1,"5","5"
1404,"15","3",1.846,0.1846,41,"35-65",13,79,1365,17,12436,155,"mixta",8805,"particular","turismo","gasolina","M","gris","casado","anual",0,2,"superior","telefonico",0,1,0,0,1.846,0,4.924,0,"fin_estudio",0,NA,0,"2","2"
1405,"15","3",8.002,0.8002,42,"35-65",17,89,1419,2,20917,2708,"urbana",6735,"particular","turismo","gasolina","M","blanco","casado","mensual",0,1,"superior","presencial",2,2,0,2,1.749,1,8.002,1,"baja",1343.27,671.64,1,"2","1"
1406,"15","3",4.214,0.4214,59,"35-65",40,102,1539,12,36658,244,"mixta",17512,"comercial","turismo","diesel","H","otro","casado","anual",1,1,"basico","telefonico",1,1,0,0,0.681,1,5.954,0,"fin_estudio",5093.64,5093.64,1,"3","2"
1407,"15","3",3.697,0.3697,33,"25-35",9,97,1631,6,20797,1525,"urbana",10215,"particular","turismo","gasolina","M","rojo","casado","anual",1,1,"basico","telematico",0,2,0,2,3.697,0,3.697,1,"baja",0,NA,0,"3","2"
1408,"15","3",1.893,0.1893,41,"35-65",18,94,1539,8,26469,1923,"urbana",8107,"particular","turismo","diesel","H","negro","soltero","anual",0,1,"medio","presencial",1,0,0,0,1.284,1,1.893,1,"baja",2273.51,2273.51,1,"2","3"
1409,"15","3",5.086,0.5086,30,"25-35",10,92,1302,9,37719,84,"rural",40233,"particular","turismo","gasolina","M","negro","otro","mensual",0,1,"medio","presencial",0,4,0,0,5.086,0,5.086,1,"baja",0,NA,0,"1","1"
1410,"15","3",6.637,0.6637,54,"35-65",24,56,878,2,15678,54,"rural",13096,"particular","turismo","diesel","M","blanco","casado","anual",1,2,"superior","presencial",1,1,3,0,5,1,6.637,1,"baja",645.82,645.82,1,"3","2"
1411,"15","3",2.479,0.2479,23,"18-25",5,162,2889,14,24032,189,"mixta",6769,"particular","turismo","gasolina","M","negro","soltero","anual",0,1,"basico","telematico",0,0,0,0,2.479,0,8.115,0,"fin_estudio",0,NA,0,"3","3"
1412,"15","3",2.426,0.2426,55,"35-65",26,113,1425,15,28091,218,"mixta",8062,"particular","turismo","gasolina","M","blanco","casado","anual",0,1,"medio","presencial",1,2,0,0,0.86,1,2.426,1,"baja",1567,1567,1,"5","4"
1413,"15","3",1.157,0.1157,32,"25-35",11,153,1892,18,21926,215,"mixta",6377,"particular","turismo","diesel","H","gris","soltero","mensual",0,1,"superior","telematico",0,0,0,0,1.157,0,4.422,0,"fin_estudio",0,NA,0,"4","4"
1414,"15","3",2.654,0.2654,46,"35-65",27,168,2098,9,30837,464,"mixta",11191,"particular","turismo","gasolina","M","negro","soltero","mensual",0,1,"medio","presencial",1,2,0,2,2.25,1,10,0,"fin_estudio",3935.36,3935.36,1,"3","4"
1415,"15","3",4.704,0.4704,53,"35-65",22,89,1127,11,14930,271,"mixta",11780,"particular","turismo","diesel","H","otro","casado","mensual",1,2,"medio","telematico",1,2,0,3,0.863,1,10,0,"fin_estudio",706.17,706.17,1,"2","1"
1416,"15","3",7.163,0.7163,39,"35-65",9,114,1368,5,25428,357,"mixta",18213,"particular","turismo","diesel","H","otro","otro","mensual",0,1,"basico","presencial",0,1,0,1,7.163,0,10,0,"fin_estudio",0,NA,0,"2","2"
1417,"15","3",3.063,0.3063,45,"35-65",26,55,800,11,25934,296,"mixta",5676,"particular","turismo","gasolina","H","gris","casado","anual",0,1,"medio","presencial",0,1,1,0,3.063,0,10,0,"fin_estudio",0,NA,0,"1","1"
1418,"15","3",4.101,0.4101,48,"35-65",23,109,1753,6,19264,512,"mixta",11188,"particular","moto","diesel","H","gris","casado","mensual",0,1,"basico","telematico",0,2,0,1,4.101,0,7.863,0,"fin_estudio",0,NA,0,"2","1"
1419,"15","3",5.423,0.5423,59,"35-65",24,146,2545,6,30851,375,"mixta",26699,"particular","turismo","gasolina","M","negro","soltero","anual",0,1,"basico","presencial",1,2,1,1,1.356,1,5.92,0,"fin_estudio",6928.87,6928.87,1,"3","3"
1420,"15","3",1.222,0.1222,43,"35-65",25,74,1267,2,20526,562,"mixta",4349,"particular","turismo","diesel","H","blanco","soltero","anual",1,3,"medio","presencial",0,0,0,0,1.222,0,10,0,"fin_estudio",0,NA,0,"3","3"
1421,"15","3",7.131,0.7131,56,"35-65",19,116,1974,0,25973,1324,"urbana",25817,"particular","moto","diesel","H","blanco","casado","mensual",0,2,"medio","presencial",0,3,0,1,7.131,0,10,0,"fin_estudio",0,NA,0,"1","1"
1422,"15","3",5.178,0.5178,36,"35-65",7,168,2184,9,43988,230,"mixta",13630,"particular","furgoneta","diesel","M","negro","casado","mensual",1,1,"basico","presencial",1,0,2,0,3.067,1,10,0,"fin_estudio",10115,10115,1,"2","2"
1423,"15","3",1.434,0.1434,61,"35-65",16,80,1077,1,13229,322,"mixta",10031,"particular","turismo","diesel","M","otro","casado","anual",0,1,"medio","presencial",0,0,0,1,1.434,0,10,0,"fin_estudio",0,NA,0,"2","2"
1424,"15","3",3.306,0.3306,44,"35-65",18,80,1135,10,29578,1235,"urbana",31534,"particular","turismo","diesel","M","negro","casado","anual",1,1,"superior","presencial",1,3,0,1,1.312,1,3.306,1,"baja",2587.87,2587.87,1,"3","3"
1425,"15","3",5.307,0.5307,19,"18-25",1,137,2424,7,27779,1011,"urbana",28512,"comercial","turismo","gasolina","H","otro","soltero","mensual",1,1,"medio","presencial",10,4,2,1,1.117,1,5.307,1,"baja",30828.41,3082.84,1,"5","4"
1426,"15","3",2.828,0.2828,25,"18-25",5,114,2024,5,21997,115,"rural",10069,"particular","turismo","diesel","M","blanco","casado","anual",0,1,"superior","presencial",0,2,0,1,2.828,0,2.828,1,"baja",0,NA,0,"2","2"
1427,"15","3",3.793,0.3793,41,"35-65",13,162,2242,7,5337,602,"mixta",6801,"particular","furgoneta","diesel","M","gris","casado","anual",1,2,"superior","telefonico",1,2,0,0,3.356,1,3.793,1,"baja",808.34,808.34,1,"3","4"
1428,"15","3",6.065,0.6065,51,"35-65",31,114,1642,5,16190,1884,"urbana",12465,"particular","turismo","gasolina","H","otro","casado","anual",1,2,"basico","presencial",1,2,0,0,2.106,1,6.065,1,"baja",874.56,874.56,1,"5","5"
1429,"15","3",1.768,0.1768,71,"65+",51,55,800,14,20157,55,"rural",9007,"comercial","moto","diesel","H","otro","soltero","mensual",1,2,"basico","telefonico",0,1,0,0,1.768,0,4.979,0,"fin_estudio",0,NA,0,"1","1"
1430,"15","3",5.421,0.5421,40,"35-65",12,107,1882,3,24983,157,"mixta",12437,"particular","turismo","gasolina","M","blanco","soltero","anual",1,1,"medio","presencial",0,0,0,0,5.421,0,6.588,0,"fin_estudio",0,NA,0,"2","2"
1431,"15","3",5.124,0.5124,64,"35-65",37,112,1566,2,9968,172,"mixta",5956,"comercial","turismo","gasolina","H","rojo","soltero","mensual",1,1,"superior","presencial",0,0,2,1,5.124,0,5.124,1,"baja",0,NA,0,"4","3"
1432,"15","3",8.577,0.8577,64,"35-65",26,68,1170,0,15160,141,"rural",17602,"particular","turismo","diesel","H","blanco","soltero","anual",1,1,"basico","presencial",2,2,0,3,1.841,1,10,0,"fin_estudio",3049.47,1524.74,1,"1","2"
1433,"15","3",4.975,0.4975,33,"25-35",9,100,1636,9,17136,804,"mixta",11283,"particular","turismo","gasolina","H","negro","otro","anual",1,1,"superior","presencial",3,4,0,0,1.4,1,9.871,0,"fin_estudio",5354.33,1784.78,1,"4","5"
1434,"15","3",2.16,0.216,20,"18-25",1,112,1712,11,27620,508,"mixta",5220,"particular","furgoneta","diesel","M","negro","soltero","anual",0,1,"superior","presencial",1,0,0,0,1.812,1,4.979,0,"fin_estudio",2552.81,2552.81,1,"3","2"
1435,"15","3",3.785,0.3785,40,"35-65",10,64,800,3,22513,50,"rural",21682,"particular","turismo","gasolina","H","blanco","casado","mensual",0,1,"basico","presencial",0,0,0,1,3.785,0,6.44,0,"fin_estudio",0,NA,0,"3","2"
1436,"15","3",2.526,0.2526,73,"65+",41,140,2317,16,17734,263,"mixta",10035,"particular","turismo","gasolina","H","otro","casado","anual",0,1,"medio","presencial",0,0,1,0,2.526,0,3.333,0,"fin_estudio",0,NA,0,"2","2"
1437,"15","3",2.385,0.2385,42,"35-65",11,171,2604,2,23702,433,"mixta",6614,"particular","turismo","gasolina","M","negro","soltero","mensual",0,1,"medio","presencial",0,0,1,0,2.385,0,2.385,1,"baja",0,NA,0,"5","5"
1438,"15","3",3.62,0.362,39,"35-65",8,99,1642,12,22238,277,"mixta",22717,"comercial","turismo","diesel","M","negro","soltero","anual",0,1,"medio","telematico",0,1,1,0,3.62,0,3.62,1,"baja",0,NA,0,"2","1"
1439,"15","3",5.265,0.5265,46,"35-65",22,153,2192,15,34862,454,"mixta",6166,"particular","turismo","gasolina","M","otro","otro","anual",1,1,"medio","telefonico",2,0,0,1,4.507,1,5.265,1,"baja",5950.23,2975.11,1,"3","2"
1440,"15","3",7.513,0.7513,61,"35-65",36,168,2733,8,24849,262,"mixta",30387,"comercial","turismo","diesel","H","rojo","casado","anual",1,2,"medio","presencial",0,4,2,1,7.513,0,10,0,"fin_estudio",0,NA,0,"1","1"
1441,"15","3",5.496,0.5496,53,"35-65",13,152,2174,14,18719,1333,"urbana",5372,"comercial","turismo","diesel","M","otro","casado","mensual",0,4,"basico","presencial",0,3,1,0,5.496,0,10,0,"fin_estudio",0,NA,0,"1","1"
1442,"15","3",2.211,0.2211,19,"18-25",0,55,800,5,3602,863,"mixta",29158,"particular","turismo","gasolina","M","otro","soltero","anual",0,3,"medio","presencial",0,0,0,0,2.211,0,5.559,0,"fin_estudio",0,NA,0,"1","1"
1443,"15","3",5.264,0.5264,18,"18-25",0,105,1562,19,27093,121,"rural",8385,"particular","turismo","gasolina","H","otro","casado","mensual",0,1,"basico","presencial",1,2,0,1,1.882,1,10,0,"fin_estudio",4815.31,4815.31,1,"1","1"
1444,"15","3",3.016,0.3016,61,"35-65",41,63,890,11,22914,224,"mixta",9429,"comercial","turismo","gasolina","M","otro","casado","mensual",1,2,"basico","presencial",0,1,1,0,3.016,0,3.016,1,"baja",0,NA,0,"1","1"
1445,"15","3",2.814,0.2814,37,"35-65",11,125,1808,13,30702,89,"rural",12200,"particular","turismo","gasolina","H","negro","casado","anual",0,2,"basico","presencial",1,1,0,0,1.416,1,6.775,0,"fin_estudio",893.06,893.06,1,"2","1"
1446,"15","3",3.736,0.3736,37,"35-65",15,170,2534,5,37554,61,"rural",8668,"particular","moto","diesel","H","otro","soltero","anual",0,2,"superior","telefonico",0,1,0,0,3.736,0,5.771,0,"fin_estudio",0,NA,0,"3","2"
1447,"15","3",6.446,0.6446,51,"35-65",19,97,1380,16,24174,102,"rural",13924,"particular","moto","diesel","H","gris","casado","mensual",0,3,"basico","telefonico",1,2,2,1,3.429,1,8.003,0,"fin_estudio",1375.89,1375.89,1,"3","2"
1448,"15","3",4.371,0.4371,45,"35-65",11,131,1697,7,16736,1392,"urbana",11767,"particular","turismo","diesel","H","gris","casado","mensual",0,2,"medio","telefonico",0,2,0,0,4.371,0,4.371,1,"baja",0,NA,0,"1","1"
1449,"15","3",6.647,0.6647,58,"35-65",18,72,908,0,23480,849,"mixta",22763,"particular","turismo","diesel","H","otro","soltero","mensual",1,1,"basico","presencial",0,1,0,2,6.647,0,8.064,0,"fin_estudio",0,NA,0,"1","1"
1450,"15","3",2.609,0.2609,58,"35-65",21,56,800,12,20772,1383,"urbana",13536,"particular","turismo","diesel","M","gris","otro","anual",0,2,"basico","telematico",1,0,0,0,2.338,1,4.177,0,"fin_estudio",336.28,336.28,1,"4","5"
1451,"15","3",5.874,0.5874,35,"25-35",16,134,2029,8,22024,715,"mixta",11220,"comercial","turismo","gasolina","H","rojo","casado","mensual",1,2,"superior","presencial",1,0,0,2,1.864,1,5.874,1,"baja",1514.67,1514.67,1,"2","2"
1452,"15","3",3.797,0.3797,38,"35-65",16,131,2153,11,24882,517,"mixta",7082,"comercial","moto","gasolina","M","otro","casado","anual",0,1,"medio","presencial",0,1,0,1,3.797,0,4.894,0,"fin_estudio",0,NA,0,"4","3"
1453,"15","3",1.638,0.1638,56,"35-65",19,82,1233,7,20495,344,"mixta",43956,"particular","moto","diesel","H","negro","soltero","mensual",0,1,"basico","presencial",0,0,0,0,1.638,0,10,0,"fin_estudio",0,NA,0,"2","1"
1454,"16","4",4.616,0.4616,32,"25-35",13,91,1557,0,15362,299,"mixta",14214,"particular","furgoneta","diesel","H","gris","soltero","anual",1,1,"medio","telefonico",0,2,0,1,4.616,0,4.616,1,"baja",0,NA,0,"1","1"
1455,"16","4",1.125,0.1125,66,"65+",46,137,1737,10,35498,1923,"urbana",12150,"particular","turismo","diesel","M","blanco","casado","anual",0,1,"basico","telematico",0,0,0,0,1.125,0,6.884,0,"fin_estudio",0,NA,0,"4","4"
1456,"16","4",2.873,0.2873,61,"35-65",24,133,2204,0,31355,558,"mixta",30402,"particular","turismo","gasolina","M","negro","casado","mensual",1,2,"basico","presencial",1,2,0,2,1.524,1,2.873,1,"baja",2296.82,2296.82,1,"2","2"
1457,"16","4",8.007,0.8007,40,"35-65",15,191,2379,4,25703,111,"rural",17749,"particular","turismo","gasolina","M","negro","soltero","mensual",1,2,"medio","presencial",0,3,1,5,8.007,0,8.838,0,"fin_estudio",0,NA,0,"1","1"
1458,"16","4",4.37,0.437,50,"35-65",28,192,3030,7,32869,345,"mixta",12907,"particular","turismo","diesel","M","otro","casado","anual",1,2,"superior","presencial",0,0,0,1,4.37,0,10,0,"fin_estudio",0,NA,0,"1","1"
1459,"16","4",1.898,0.1898,24,"18-25",4,133,2039,14,19586,102,"rural",21520,"particular","turismo","gasolina","M","rojo","casado","mensual",0,2,"superior","telefonico",1,1,1,0,1.026,1,1.898,1,"baja",1965.72,1965.72,1,"3","4"
1460,"16","4",4.132,0.4132,44,"35-65",21,55,800,9,16500,186,"mixta",24193,"particular","turismo","diesel","M","blanco","soltero","anual",0,1,"basico","presencial",0,4,0,1,4.132,0,4.132,1,"baja",0,NA,0,"4","4"
1461,"16","4",1.39,0.139,37,"35-65",11,176,2936,6,17166,198,"mixta",5636,"particular","turismo","gasolina","H","otro","casado","mensual",0,2,"medio","presencial",1,2,1,2,0.184,1,3.672,0,"fin_estudio",4651.84,4651.84,1,"4","3"
1462,"16","4",2.306,0.2306,42,"35-65",16,118,1670,5,16629,70,"rural",13681,"comercial","moto","gasolina","H","negro","soltero","mensual",0,1,"basico","presencial",0,1,0,1,2.306,0,2.306,1,"baja",0,NA,0,"1","1"
1463,"16","4",0.914,0.0914,32,"25-35",8,110,1620,10,29639,472,"mixta",10373,"particular","turismo","gasolina","M","rojo","soltero","anual",1,3,"medio","telefonico",0,0,0,0,0.914,0,0.914,1,"baja",0,NA,0,"3","3"
1464,"16","4",5.738,0.5738,32,"25-35",7,119,2042,13,44200,308,"mixta",6709,"particular","turismo","diesel","M","gris","soltero","anual",1,1,"superior","telematico",1,0,1,2,4.218,1,10,0,"fin_estudio",2162.85,2162.85,1,"2","2"
1465,"16","4",1.696,0.1696,45,"35-65",18,160,2017,13,24736,215,"mixta",15580,"particular","turismo","diesel","M","blanco","casado","anual",1,1,"basico","presencial",0,0,0,1,1.696,0,1.696,1,"baja",0,NA,0,"1","1"
1466,"16","4",1.098,0.1098,66,"65+",22,91,1322,9,41176,150,"rural",14261,"comercial","turismo","gasolina","M","gris","casado","anual",1,1,"superior","telefonico",0,1,0,0,1.098,0,1.098,1,"baja",0,NA,0,"2","2"
1467,"16","4",4.352,0.4352,67,"65+",36,118,1905,6,20867,501,"mixta",12843,"particular","turismo","gasolina","H","blanco","soltero","mensual",0,2,"medio","telefonico",1,1,0,2,1.542,1,4.352,1,"baja",2868.2,2868.2,1,"5","4"
1468,"16","4",3.07,0.307,33,"25-35",8,124,1926,7,25766,1096,"urbana",5788,"particular","turismo","diesel","H","rojo","soltero","mensual",1,1,"medio","telefonico",1,1,0,2,2.136,1,6.873,0,"fin_estudio",746.12,746.12,1,"3","3"
1469,"16","4",1.205,0.1205,45,"35-65",13,71,1013,8,11802,52,"rural",7246,"particular","turismo","diesel","M","gris","casado","anual",0,1,"basico","telefonico",0,0,0,0,1.205,0,1.205,1,"baja",0,NA,0,"2","2"
1470,"16","4",0.91,0.091,34,"25-35",12,62,900,0,20044,499,"mixta",19176,"particular","turismo","diesel","H","otro","soltero","anual",0,1,"medio","presencial",0,1,0,1,0.91,0,0.91,1,"baja",0,NA,0,"2","2"
1471,"16","4",3.849,0.3849,42,"35-65",22,203,2979,8,26888,2704,"urbana",13655,"particular","turismo","diesel","H","otro","soltero","mensual",0,1,"medio","telefonico",0,2,0,0,3.849,0,10,0,"fin_estudio",0,NA,0,"3","2"
1472,"16","4",4.16,0.416,47,"35-65",10,138,1946,12,32612,144,"rural",5758,"particular","turismo","diesel","M","otro","casado","mensual",0,1,"medio","presencial",0,3,0,3,4.16,0,4.16,1,"baja",0,NA,0,"2","1"
1473,"16","4",4.5,0.45,51,"35-65",21,98,1571,6,25486,36,"rural",4495,"particular","moto","gasolina","H","gris","soltero","mensual",0,1,"medio","telefonico",0,2,0,3,4.5,0,7.818,0,"fin_estudio",0,NA,0,"4","4"
1474,"16","4",8.285,0.8285,49,"35-65",28,121,1540,13,36979,493,"mixta",10221,"particular","turismo","diesel","H","otro","casado","anual",0,1,"basico","presencial",2,4,1,4,2.3,1,10,0,"fin_estudio",8598.76,4299.38,1,"5","4"
1475,"16","4",2.321,0.2321,46,"35-65",23,135,2099,3,28134,426,"mixta",28897,"particular","turismo","gasolina","M","negro","soltero","anual",0,1,"medio","telefonico",1,2,0,1,2.073,1,10,0,"fin_estudio",1681.59,1681.59,1,"1","2"
1476,"16","4",5.87,0.587,65,"35-65",37,131,2288,13,12771,35,"rural",25335,"comercial","turismo","diesel","H","otro","casado","mensual",1,1,"basico","telefonico",0,3,0,4,5.87,0,10,0,"fin_estudio",0,NA,0,"1","1"
1477,"16","4",3.535,0.3535,27,"25-35",7,66,1015,4,11552,190,"mixta",35682,"particular","turismo","diesel","M","gris","soltero","anual",0,1,"basico","presencial",0,2,0,0,3.535,0,6.697,0,"fin_estudio",0,NA,0,"2","2"
1478,"16","4",4.656,0.4656,67,"65+",19,69,1210,15,21876,310,"mixta",10483,"particular","turismo","gasolina","M","rojo","casado","anual",0,1,"basico","telematico",0,0,0,1,4.656,0,9.138,0,"fin_estudio",0,NA,0,"2","2"
1479,"16","4",8.046,0.8046,57,"35-65",20,130,2061,6,29552,239,"mixta",20014,"particular","turismo","diesel","H","blanco","soltero","anual",0,2,"medio","telematico",1,3,2,2,1.11,1,10,0,"fin_estudio",1550.77,1550.77,1,"1","1"
1480,"16","4",1.049,0.1049,43,"35-65",20,55,800,14,17178,516,"mixta",6711,"particular","turismo","diesel","H","otro","soltero","anual",1,2,"superior","presencial",0,1,0,1,1.049,0,2.255,0,"fin_estudio",0,NA,0,"5","4"
1481,"16","4",2.818,0.2818,47,"35-65",19,172,2765,0,24111,259,"mixta",14985,"particular","turismo","diesel","H","rojo","casado","mensual",1,2,"medio","telematico",0,1,0,1,2.818,0,3.06,0,"fin_estudio",0,NA,0,"2","2"
1482,"16","4",2.117,0.2117,61,"35-65",41,133,2259,11,10528,365,"mixta",15483,"particular","turismo","diesel","M","rojo","otro","anual",0,2,"medio","presencial",1,1,0,2,1.883,1,2.117,1,"baja",2626.24,2626.24,1,"2","2"
1483,"16","4",4.322,0.4322,48,"35-65",18,194,2902,10,26515,282,"mixta",16622,"particular","turismo","diesel","M","negro","soltero","anual",1,1,"basico","presencial",0,3,0,0,4.322,0,4.322,1,"baja",0,NA,0,"3","3"
1484,"16","4",3.661,0.3661,53,"35-65",24,121,2126,8,28331,476,"mixta",13695,"particular","moto","diesel","H","otro","casado","anual",0,1,"medio","presencial",0,2,0,2,3.661,0,10,0,"fin_estudio",0,NA,0,"1","1"
1485,"16","4",4.989,0.4989,64,"35-65",36,103,1250,12,22884,668,"mixta",10988,"particular","turismo","gasolina","M","negro","casado","mensual",0,1,"medio","presencial",0,2,1,1,4.989,0,8.043,0,"fin_estudio",0,NA,0,"3","3"
1486,"16","4",4.472,0.4472,60,"35-65",32,109,1800,6,13830,387,"mixta",7886,"particular","furgoneta","diesel","M","blanco","casado","anual",1,2,"superior","presencial",0,0,0,1,4.472,0,10,0,"fin_estudio",0,NA,0,"2","1"
1487,"16","4",2.503,0.2503,34,"25-35",14,157,2581,6,33297,868,"mixta",3482,"particular","furgoneta","diesel","M","otro","soltero","anual",1,1,"medio","presencial",0,1,0,2,2.503,0,2.503,1,"baja",0,NA,0,"4","3"
1488,"16","4",2.376,0.2376,40,"35-65",22,75,1183,8,20369,182,"mixta",22630,"particular","turismo","gasolina","M","otro","soltero","mensual",0,1,"basico","presencial",0,0,0,1,2.376,0,2.376,1,"baja",0,NA,0,"4","3"
1489,"16","4",8.677,0.8677,43,"35-65",17,140,2213,2,28232,1895,"urbana",12025,"particular","turismo","diesel","M","rojo","soltero","anual",0,2,"basico","presencial",1,5,1,1,5.048,1,10,0,"fin_estudio",1214.49,1214.49,1,"2","1"
1490,"16","4",6.054,0.6054,62,"35-65",22,117,1818,14,28397,140,"rural",31296,"particular","turismo","diesel","M","negro","soltero","mensual",0,1,"medio","telematico",1,2,0,2,2.922,1,10,0,"fin_estudio",4327.73,4327.73,1,"3","3"
1491,"16","4",8.096,0.8096,60,"35-65",26,109,1447,4,24450,101,"rural",13358,"particular","furgoneta","diesel","M","gris","soltero","anual",1,1,"superior","telefonico",0,0,0,4,8.096,0,10,0,"fin_estudio",0,NA,0,"1","1"
1492,"16","4",1.577,0.1577,44,"35-65",22,143,1935,5,43251,94,"rural",12702,"comercial","moto","gasolina","H","otro","soltero","anual",1,1,"basico","telematico",0,0,0,0,1.577,0,1.577,1,"baja",0,NA,0,"3","2"
1493,"16","4",7.785,0.7785,47,"35-65",19,142,2460,5,24537,436,"mixta",2412,"particular","turismo","gasolina","M","gris","casado","mensual",0,2,"basico","telefonico",1,1,0,3,7.595,1,10,0,"fin_estudio",3273.78,3273.78,1,"1","2"
1494,"16","4",7.038,0.7038,53,"35-65",28,111,1882,13,13721,140,"rural",20327,"particular","turismo","diesel","H","otro","otro","anual",1,1,"basico","telematico",0,3,2,3,7.038,0,10,0,"fin_estudio",0,NA,0,"1","1"
1495,"16","4",6.301,0.6301,32,"25-35",10,161,2236,19,25943,105,"rural",12778,"particular","moto","diesel","H","gris","soltero","mensual",1,2,"basico","telefonico",0,1,2,1,6.301,0,6.301,1,"baja",0,NA,0,"1","1"
1496,"16","4",7.815,0.7815,22,"18-25",2,87,1318,1,25860,259,"mixta",22413,"particular","turismo","gasolina","M","blanco","soltero","mensual",0,1,"superior","presencial",2,4,0,2,1.471,1,10,0,"fin_estudio",7190.51,3595.26,1,"1","1"
1497,"16","4",0.604,0.0604,39,"35-65",12,61,800,3,17175,234,"mixta",20516,"particular","furgoneta","diesel","H","gris","soltero","mensual",0,4,"superior","telematico",0,0,0,0,0.604,0,0.604,1,"baja",0,NA,0,"1","1"
1498,"16","4",4.248,0.4248,39,"35-65",14,105,1773,7,34533,298,"mixta",10887,"particular","moto","gasolina","M","negro","casado","anual",0,2,"medio","presencial",0,1,0,1,4.248,0,10,0,"fin_estudio",0,NA,0,"2","2"
1499,"16","4",3.044,0.3044,34,"25-35",14,80,1383,5,12910,200,"mixta",7236,"particular","turismo","gasolina","H","gris","casado","anual",0,1,"basico","telematico",0,1,0,0,3.044,0,10,0,"fin_estudio",0,NA,0,"1","1"
1500,"16","4",5.575,0.5575,31,"25-35",7,55,800,10,9610,302,"mixta",7720,"particular","turismo","gasolina","H","gris","soltero","anual",0,2,"medio","presencial",0,2,0,5,5.575,0,10,0,"fin_estudio",0,NA,0,"4","3"
1501,"16","4",2.47,0.247,34,"25-35",6,105,1367,3,26281,699,"mixta",6022,"particular","turismo","gasolina","M","gris","soltero","anual",0,2,"medio","presencial",0,1,1,0,2.47,0,10,0,"fin_estudio",0,NA,0,"1","1"
1502,"16","4",1.563,0.1563,61,"35-65",31,142,2517,8,29390,953,"mixta",13765,"comercial","moto","diesel","H","rojo","soltero","anual",0,1,"superior","telematico",0,1,0,0,1.563,0,4.157,0,"fin_estudio",0,NA,0,"4","4"
1503,"16","4",3.2,0.32,41,"35-65",21,89,1370,2,31949,493,"mixta",9898,"particular","turismo","gasolina","M","otro","casado","mensual",0,1,"basico","telefonico",0,2,0,1,3.2,0,10,0,"fin_estudio",0,NA,0,"1","1"
1504,"16","4",1.387,0.1387,24,"18-25",4,55,800,0,23012,365,"mixta",15864,"particular","moto","diesel","M","negro","soltero","anual",0,1,"medio","telefonico",0,1,0,1,1.387,0,3.207,0,"fin_estudio",0,NA,0,"2","1"
1505,"16","4",7.739,0.7739,48,"35-65",16,77,1110,10,37134,156,"mixta",20377,"particular","turismo","gasolina","M","rojo","soltero","anual",1,1,"medio","presencial",0,7,0,2,7.739,0,10,0,"fin_estudio",0,NA,0,"1","1"
1506,"16","4",1.067,0.1067,57,"35-65",16,156,2595,7,15853,258,"mixta",21972,"comercial","turismo","diesel","M","otro","soltero","mensual",0,1,"basico","presencial",0,0,0,0,1.067,0,1.067,1,"baja",0,NA,0,"3","3"
1507,"16","4",5.346,0.5346,66,"65+",44,81,1023,16,15002,654,"mixta",42010,"particular","turismo","gasolina","H","gris","casado","anual",1,1,"medio","presencial",2,5,0,3,4.101,1,10,0,"fin_estudio",7674.48,3837.24,1,"3","4"
1508,"16","4",2.841,0.2841,53,"35-65",30,161,2392,2,19372,270,"mixta",17689,"comercial","turismo","diesel","M","rojo","casado","mensual",1,2,"superior","presencial",0,1,1,1,2.841,0,2.841,1,"baja",0,NA,0,"3","3"
1509,"16","4",8.377,0.8377,53,"35-65",29,133,1666,9,32496,47,"rural",10956,"particular","turismo","diesel","M","blanco","casado","anual",0,1,"basico","presencial",0,2,1,5,8.377,0,10,0,"fin_estudio",0,NA,0,"1","1"
1510,"16","4",8.026,0.8026,31,"25-35",12,177,2333,5,29700,409,"mixta",5189,"particular","moto","gasolina","M","blanco","casado","mensual",0,1,"medio","presencial",0,2,0,2,8.026,0,10,0,"fin_estudio",0,NA,0,"1","1"
1511,"16","4",2.188,0.2188,18,"18-25",0,123,2203,8,32030,102,"rural",12134,"particular","turismo","diesel","M","blanco","soltero","anual",1,1,"superior","presencial",1,0,0,0,1.014,1,2.188,1,"baja",4155.26,4155.26,1,"4","3"
1512,"16","4",1.15,0.115,37,"35-65",19,70,1240,9,13886,426,"mixta",9281,"particular","furgoneta","gasolina","H","otro","otro","mensual",0,1,"medio","telefonico",0,0,0,0,1.15,0,10,0,"fin_estudio",0,NA,0,"3","2"
1513,"16","4",3.192,0.3192,46,"35-65",21,81,1354,7,6359,120,"rural",6858,"particular","turismo","gasolina","M","negro","otro","mensual",0,2,"medio","presencial",0,1,0,2,3.192,0,10,0,"fin_estudio",0,NA,0,"3","2"
1514,"16","4",2.444,0.2444,20,"18-25",1,179,2516,15,19358,173,"mixta",15708,"particular","turismo","gasolina","M","negro","soltero","anual",0,1,"basico","telematico",1,0,0,0,1.901,1,4.447,0,"fin_estudio",520.52,520.52,1,"5","5"
1515,"16","4",4.544,0.4544,33,"25-35",11,96,1435,9,23350,271,"mixta",33386,"particular","turismo","diesel","H","rojo","soltero","anual",0,1,"medio","presencial",1,4,0,3,3.472,1,4.544,1,"baja",5578.53,5578.53,1,"2","1"
1516,"16","4",7.312,0.7312,67,"65+",20,137,1778,19,54404,1039,"urbana",9210,"particular","turismo","diesel","M","negro","soltero","mensual",0,1,"superior","telematico",4,1,0,1,0.101,1,7.312,1,"baja",30847.15,7711.79,1,"3","2"
1517,"16","4",4.325,0.4325,28,"25-35",5,105,1728,14,27026,2076,"urbana",20945,"particular","moto","diesel","M","otro","casado","anual",0,1,"medio","telefonico",1,3,1,0,2.47,1,4.325,1,"baja",7375.79,7375.79,1,"3","2"
1518,"16","4",8.001,0.8001,88,"65+",60,110,1942,5,14889,120,"rural",26840,"particular","turismo","diesel","M","blanco","casado","anual",0,1,"medio","presencial",0,3,0,1,8.001,0,8.001,1,"baja",0,NA,0,"1","1"
1519,"16","4",1.42,0.142,19,"18-25",1,150,2249,4,36203,312,"mixta",6304,"particular","turismo","diesel","H","blanco","casado","mensual",1,1,"basico","telefonico",0,0,0,0,1.42,0,6.675,0,"fin_estudio",0,NA,0,"3","2"
1520,"16","4",5.797,0.5797,56,"35-65",26,133,2029,7,18123,269,"mixta",9177,"particular","furgoneta","diesel","H","otro","casado","mensual",0,1,"medio","presencial",0,2,1,1,5.797,0,9.161,0,"fin_estudio",0,NA,0,"1","1"
1521,"16","4",7.38,0.738,40,"35-65",13,120,1963,14,18059,103,"rural",13294,"comercial","turismo","diesel","H","blanco","soltero","mensual",1,1,"superior","telematico",5,2,0,3,3.978,1,7.7,0,"fin_estudio",11346.09,2269.22,1,"4","4"
1522,"16","4",6.965,0.6965,60,"35-65",32,124,1583,8,31753,1069,"urbana",19593,"particular","furgoneta","gasolina","M","negro","soltero","anual",0,1,"basico","telefonico",0,2,1,3,6.965,0,6.965,1,"baja",0,NA,0,"1","1"
1523,"16","4",0.512,0.0512,28,"25-35",7,81,1164,13,24210,617,"mixta",13123,"comercial","furgoneta","diesel","M","negro","casado","mensual",0,1,"basico","telefonico",0,0,0,0,0.512,0,0.512,1,"baja",0,NA,0,"3","3"
1524,"16","4",2.061,0.2061,59,"35-65",17,142,1776,2,17741,107,"rural",19964,"particular","turismo","diesel","H","negro","soltero","mensual",0,1,"medio","telefonico",0,1,0,1,2.061,0,2.061,1,"baja",0,NA,0,"3","3"
1525,"16","4",5.351,0.5351,50,"35-65",26,130,2301,6,33900,208,"mixta",17935,"particular","furgoneta","gasolina","H","negro","casado","anual",0,1,"basico","telematico",1,2,1,3,2.168,1,6.473,0,"fin_estudio",8166.4,8166.4,1,"4","3"
1526,"16","4",1.453,0.1453,43,"35-65",14,100,1766,14,33009,2564,"urbana",7589,"particular","turismo","gasolina","H","negro","casado","anual",0,1,"basico","presencial",0,0,0,0,1.453,0,1.453,1,"baja",0,NA,0,"1","1"
1527,"16","4",5.112,0.5112,18,"18-25",0,86,1314,6,30046,192,"mixta",7486,"particular","turismo","diesel","H","negro","casado","anual",0,1,"superior","presencial",0,1,0,4,5.112,0,5.112,1,"baja",0,NA,0,"2","2"
1528,"16","4",1.95,0.195,32,"25-35",9,113,1944,11,32690,69,"rural",29680,"particular","turismo","diesel","M","negro","otro","anual",0,3,"medio","presencial",0,1,0,0,1.95,0,1.95,1,"baja",0,NA,0,"1","1"
1529,"16","4",2.004,0.2004,63,"35-65",40,125,2204,2,36568,137,"rural",11664,"particular","turismo","diesel","H","otro","casado","anual",0,2,"basico","telematico",0,2,0,0,2.004,0,2.004,1,"baja",0,NA,0,"2","1"
1530,"16","4",6.742,0.6742,44,"35-65",17,106,1578,4,21662,694,"mixta",4964,"particular","turismo","diesel","H","gris","casado","anual",0,1,"medio","telefonico",1,0,0,4,1.772,1,10,0,"fin_estudio",1351.68,1351.68,1,"1","1"
1531,"16","4",1.413,0.1413,63,"35-65",18,86,1344,9,15964,614,"mixta",25479,"particular","turismo","gasolina","M","negro","otro","anual",0,1,"superior","presencial",0,3,0,0,1.413,0,1.413,1,"baja",0,NA,0,"2","2"
1532,"16","4",2.291,0.2291,46,"35-65",14,110,1349,11,32736,224,"mixta",8646,"particular","turismo","diesel","H","blanco","otro","mensual",0,2,"basico","telefonico",0,0,0,1,2.291,0,2.291,1,"baja",0,NA,0,"1","1"
1533,"16","4",4.443,0.4443,32,"25-35",9,81,1380,2,25032,132,"rural",15989,"particular","turismo","diesel","H","gris","casado","anual",0,2,"superior","telematico",0,4,0,2,4.443,0,4.957,0,"fin_estudio",0,NA,0,"1","1"
1534,"16","4",3.061,0.3061,60,"35-65",17,92,1392,7,20987,1115,"urbana",13080,"particular","turismo","gasolina","M","gris","casado","anual",0,1,"medio","presencial",1,2,0,4,1.73,1,10,0,"fin_estudio",2313.23,2313.23,1,"4","4"
1535,"16","4",5.558,0.5558,80,"65+",22,111,1398,6,30850,201,"mixta",16142,"particular","turismo","diesel","M","gris","soltero","anual",0,1,"basico","presencial",0,1,0,3,5.558,0,5.558,1,"baja",0,NA,0,"1","1"
1536,"16","4",2.622,0.2622,26,"25-35",7,100,1450,8,22976,202,"mixta",20112,"comercial","turismo","gasolina","M","negro","soltero","mensual",0,1,"basico","presencial",0,3,0,1,2.622,0,2.622,1,"baja",0,NA,0,"1","1"
1537,"16","4",3.925,0.3925,39,"35-65",20,132,1683,5,22554,1162,"urbana",33813,"comercial","furgoneta","gasolina","M","negro","casado","anual",1,1,"superior","presencial",0,4,0,3,3.925,0,10,0,"fin_estudio",0,NA,0,"3","2"
1538,"16","4",4.03,0.403,45,"35-65",23,132,1702,14,30264,19,"rural",15264,"particular","turismo","gasolina","H","negro","casado","anual",0,1,"superior","presencial",0,0,0,0,4.03,0,4.03,1,"baja",0,NA,0,"3","3"
1539,"16","4",6.351,0.6351,52,"35-65",24,127,1945,16,29213,179,"mixta",5537,"particular","turismo","diesel","H","otro","casado","anual",0,2,"medio","presencial",0,1,0,3,6.351,0,10,0,"fin_estudio",0,NA,0,"1","1"
1540,"16","4",3.135,0.3135,40,"35-65",19,126,1800,9,39418,122,"rural",9564,"particular","turismo","diesel","H","gris","soltero","anual",0,1,"superior","telematico",1,2,0,1,2.829,1,3.135,1,"baja",5645.95,5645.95,1,"4","3"
1541,"16","4",9.554,0.9554,47,"35-65",22,55,916,11,24559,315,"mixta",12963,"particular","turismo","gasolina","M","rojo","soltero","anual",1,1,"basico","presencial",0,1,0,3,9.554,0,9.6,0,"fin_estudio",0,NA,0,"1","1"
1542,"16","4",3.737,0.3737,55,"35-65",23,104,1542,10,27011,165,"mixta",10056,"particular","turismo","diesel","H","otro","soltero","mensual",1,1,"basico","telefonico",1,2,1,1,0.999,1,7.91,0,"fin_estudio",4146.92,4146.92,1,"2","1"
1543,"16","4",4.671,0.4671,46,"35-65",21,105,1374,13,2282,33,"rural",7133,"particular","turismo","gasolina","M","blanco","soltero","anual",1,3,"medio","presencial",0,1,0,2,4.671,0,10,0,"fin_estudio",0,NA,0,"1","1"
1544,"16","4",1.643,0.1643,65,"35-65",30,87,1165,6,34156,30,"rural",49237,"particular","turismo","gasolina","H","otro","casado","anual",1,3,"superior","presencial",0,0,0,1,1.643,0,7.246,0,"fin_estudio",0,NA,0,"3","3"
1545,"16","4",3.03,0.303,41,"35-65",22,139,1819,5,18611,1135,"urbana",22942,"particular","turismo","diesel","M","gris","otro","mensual",0,1,"medio","presencial",0,0,0,1,3.03,0,3.766,0,"fin_estudio",0,NA,0,"3","2"
1546,"16","4",3.623,0.3623,46,"35-65",23,84,1418,8,14987,140,"rural",8633,"particular","turismo","gasolina","H","rojo","casado","anual",0,1,"medio","telefonico",0,1,0,2,3.623,0,5.168,0,"fin_estudio",0,NA,0,"3","2"
1547,"16","4",4.089,0.4089,29,"25-35",10,164,2847,19,22105,157,"mixta",7984,"comercial","turismo","gasolina","M","rojo","otro","mensual",0,2,"basico","telefonico",2,2,0,2,2.536,1,4.089,1,"baja",4828.8,2414.4,1,"4","3"
1548,"16","4",2.253,0.2253,43,"35-65",22,55,805,6,23172,469,"mixta",5771,"comercial","turismo","gasolina","M","rojo","otro","anual",0,2,"medio","presencial",0,1,0,0,2.253,0,4.778,0,"fin_estudio",0,NA,0,"1","1"
1549,"16","4",9.35,0.935,49,"35-65",14,119,1597,7,14382,105,"rural",14370,"comercial","turismo","diesel","M","gris","soltero","mensual",1,1,"superior","presencial",3,2,1,3,1.791,1,10,0,"fin_estudio",7850.11,2616.7,1,"3","2"
1550,"16","4",1.143,0.1143,45,"35-65",10,81,1242,4,16375,226,"mixta",10876,"particular","turismo","gasolina","H","rojo","casado","anual",1,2,"basico","presencial",0,0,0,1,1.143,0,1.736,0,"fin_estudio",0,NA,0,"3","3"
1551,"16","4",4.782,0.4782,55,"35-65",35,146,1962,11,25448,416,"mixta",45714,"particular","turismo","gasolina","M","gris","casado","anual",0,1,"superior","presencial",1,0,0,2,3.058,1,10,0,"fin_estudio",1275.28,1275.28,1,"4","4"
1552,"16","4",7.915,0.7915,34,"25-35",10,87,1339,11,1500,251,"mixta",12826,"particular","turismo","gasolina","M","gris","soltero","anual",0,1,"medio","presencial",1,4,0,2,7.473,1,7.915,1,"baja",76.35,76.35,1,"1","2"
1553,"16","4",3.337,0.3337,53,"35-65",22,113,1560,9,12362,820,"mixta",17850,"particular","turismo","gasolina","M","otro","casado","anual",0,2,"medio","telefonico",0,2,0,1,3.337,0,8.987,0,"fin_estudio",0,NA,0,"1","1"
1554,"16","4",6.237,0.6237,54,"35-65",32,108,1440,6,33145,846,"mixta",12148,"particular","moto","diesel","H","otro","casado","mensual",1,1,"medio","presencial",0,2,0,1,6.237,0,10,0,"fin_estudio",0,NA,0,"1","1"
1555,"16","4",3.018,0.3018,34,"25-35",7,119,1554,9,18253,439,"mixta",10557,"particular","turismo","diesel","H","rojo","casado","anual",0,2,"medio","telematico",0,1,0,3,3.018,0,5.966,0,"fin_estudio",0,NA,0,"4","4"
1556,"16","4",1.415,0.1415,49,"35-65",28,164,2868,14,39377,107,"rural",15233,"particular","turismo","diesel","H","blanco","soltero","mensual",1,1,"basico","presencial",0,0,0,0,1.415,0,7.769,0,"fin_estudio",0,NA,0,"4","4"
1557,"16","4",3.036,0.3036,52,"35-65",24,127,2146,8,25330,537,"mixta",14130,"particular","turismo","diesel","H","rojo","soltero","anual",0,2,"medio","presencial",1,0,1,0,1.281,1,8.199,0,"fin_estudio",3599.88,3599.88,1,"3","3"
1558,"16","4",4.647,0.4647,66,"65+",43,80,1008,1,36965,348,"mixta",14002,"particular","turismo","gasolina","H","negro","casado","mensual",1,2,"medio","presencial",0,1,0,1,4.647,0,4.647,1,"baja",0,NA,0,"2","2"
1559,"16","4",0.378,0.0378,51,"35-65",33,92,1282,21,14911,174,"mixta",27418,"particular","turismo","diesel","M","otro","soltero","mensual",0,1,"basico","presencial",0,0,0,0,0.378,0,0.378,1,"baja",0,NA,0,"2","2"
1560,"16","4",2.85,0.285,54,"35-65",34,139,2272,11,20474,54,"rural",12303,"particular","turismo","gasolina","M","negro","soltero","anual",0,2,"medio","presencial",0,1,0,4,2.85,0,2.85,1,"baja",0,NA,0,"4","4"
1561,"16","4",2.307,0.2307,78,"65+",37,55,843,0,17870,126,"rural",12702,"particular","turismo","diesel","H","negro","casado","mensual",0,2,"superior","telefonico",0,3,0,2,2.307,0,3.463,0,"fin_estudio",0,NA,0,"3","2"
1562,"16","4",4.509,0.4509,18,"18-25",0,102,1441,8,23102,88,"rural",10881,"particular","turismo","diesel","M","blanco","casado","anual",0,1,"basico","presencial",0,1,0,1,4.509,0,5.53,0,"fin_estudio",0,NA,0,"1","1"
1563,"16","4",4.272,0.4272,52,"35-65",13,123,1496,1,36913,307,"mixta",9138,"particular","turismo","gasolina","M","gris","casado","anual",1,4,"medio","presencial",0,0,0,1,4.272,0,10,0,"fin_estudio",0,NA,0,"3","3"
1564,"16","4",6.939,0.6939,53,"35-65",32,117,1895,15,20063,129,"rural",5854,"particular","moto","diesel","H","otro","casado","anual",1,1,"medio","telematico",0,2,0,4,6.939,0,6.939,1,"baja",0,NA,0,"1","1"
1565,"16","4",2.039,0.2039,65,"35-65",32,87,1223,13,33304,133,"rural",14443,"particular","turismo","diesel","H","negro","soltero","mensual",0,1,"basico","telefonico",0,1,0,0,2.039,0,9.052,0,"fin_estudio",0,NA,0,"1","1"
1566,"17","4",4.861,0.4861,44,"35-65",18,109,1824,9,24401,78,"rural",18995,"particular","turismo","diesel","M","negro","casado","anual",0,1,"medio","presencial",0,0,0,0,4.861,0,6.872,0,"fin_estudio",0,NA,0,"4","4"
1567,"17","4",1.639,0.1639,21,"18-25",2,163,2739,17,44756,478,"mixta",16078,"particular","turismo","diesel","M","blanco","soltero","anual",0,1,"superior","presencial",0,1,0,0,1.639,0,1.639,1,"baja",0,NA,0,"1","1"
1568,"17","4",1.616,0.1616,27,"25-35",7,102,1702,1,20862,53,"rural",25193,"comercial","turismo","diesel","H","blanco","soltero","mensual",0,2,"basico","telefonico",0,1,0,0,1.616,0,10,0,"fin_estudio",0,NA,0,"3","3"
1569,"17","4",1.95,0.195,30,"25-35",6,75,926,0,30967,481,"mixta",10956,"particular","turismo","diesel","H","rojo","casado","mensual",0,2,"superior","telefonico",1,1,0,0,1.376,1,5.91,0,"fin_estudio",2182.74,2182.74,1,"3","4"
1570,"17","4",2.297,0.2297,48,"35-65",20,130,2291,3,32567,981,"mixta",9770,"particular","moto","gasolina","M","otro","soltero","mensual",1,2,"medio","telefonico",0,0,0,0,2.297,0,7.626,0,"fin_estudio",0,NA,0,"1","1"
1571,"17","4",1.75,0.175,39,"35-65",13,108,1349,13,29654,1214,"urbana",7708,"particular","turismo","diesel","M","negro","otro","mensual",1,1,"superior","presencial",0,1,1,1,1.75,0,1.75,1,"baja",0,NA,0,"2","1"
1572,"17","4",4.184,0.4184,44,"35-65",13,109,1556,18,31906,495,"mixta",5996,"particular","turismo","diesel","M","otro","casado","mensual",1,2,"basico","presencial",0,2,0,0,4.184,0,4.184,1,"baja",0,NA,0,"1","1"
1573,"17","4",3.709,0.3709,54,"35-65",14,84,1476,7,29554,342,"mixta",38548,"particular","turismo","diesel","H","otro","soltero","anual",1,1,"basico","presencial",1,1,0,0,3.026,1,8.936,0,"fin_estudio",3171.39,3171.39,1,"2","3"
1574,"17","4",5.357,0.5357,52,"35-65",22,98,1485,20,36341,200,"mixta",8927,"particular","furgoneta","gasolina","H","blanco","otro","anual",1,1,"medio","presencial",0,6,1,0,5.357,0,5.357,1,"baja",0,NA,0,"1","1"
1575,"17","4",4.316,0.4316,49,"35-65",12,71,906,5,27267,442,"mixta",16009,"particular","turismo","diesel","H","otro","casado","mensual",1,1,"medio","presencial",2,1,0,0,1.794,1,4.316,1,"baja",4708.14,2354.07,1,"4","3"
1576,"17","4",4.152,0.4152,58,"35-65",35,135,2408,1,20373,404,"mixta",23857,"particular","turismo","gasolina","H","otro","otro","anual",1,1,"medio","telefonico",0,2,0,0,4.152,0,4.152,1,"baja",0,NA,0,"2","2"
1577,"17","4",1,0.1,48,"35-65",23,158,1947,7,25132,345,"mixta",7944,"particular","turismo","gasolina","M","otro","soltero","anual",1,2,"medio","telefonico",0,0,0,0,1,0,2.235,0,"fin_estudio",0,NA,0,"2","2"
1578,"17","4",1.805,0.1805,74,"65+",49,71,1137,16,31241,52,"rural",13239,"particular","moto","gasolina","H","negro","casado","anual",0,1,"medio","presencial",0,1,0,0,1.805,0,1.805,1,"baja",0,NA,0,"1","1"
1579,"17","4",9.245,0.9245,35,"25-35",7,115,1721,3,3512,404,"mixta",7340,"particular","turismo","diesel","M","negro","soltero","anual",0,1,"superior","presencial",4,0,0,0,4.636,1,10,0,"fin_estudio",9541.17,2385.29,1,"5","5"
1580,"17","4",7.895,0.7895,40,"35-65",20,62,829,4,8195,149,"rural",17346,"comercial","turismo","gasolina","M","otro","casado","anual",1,1,"basico","telematico",0,7,0,0,7.895,0,10,0,"fin_estudio",0,NA,0,"1","1"
1581,"17","4",4.754,0.4754,59,"35-65",15,60,913,0,45160,205,"mixta",6728,"particular","turismo","diesel","M","negro","casado","anual",0,2,"basico","telematico",0,1,0,0,4.754,0,10,0,"fin_estudio",0,NA,0,"1","1"
1582,"17","4",4.844,0.4844,50,"35-65",15,109,1475,16,27358,432,"mixta",12399,"comercial","turismo","gasolina","M","blanco","casado","mensual",0,3,"basico","telefonico",0,0,0,0,4.844,0,9.096,0,"fin_estudio",0,NA,0,"4","3"
1583,"17","4",5.574,0.5574,42,"35-65",13,158,1981,12,33560,186,"mixta",16039,"particular","turismo","gasolina","H","blanco","otro","anual",1,2,"medio","telematico",2,1,0,0,4.219,1,6.685,0,"fin_estudio",12972.46,6486.23,1,"2","3"
1584,"17","4",5.975,0.5975,59,"35-65",35,177,2828,0,30992,641,"mixta",8972,"particular","turismo","gasolina","H","rojo","otro","anual",0,2,"basico","telefonico",0,4,0,0,5.975,0,8.468,0,"fin_estudio",0,NA,0,"1","1"
1585,"17","4",3.026,0.3026,23,"18-25",3,55,800,0,15625,42,"rural",6470,"comercial","turismo","gasolina","H","rojo","soltero","anual",0,1,"basico","presencial",0,2,0,0,3.026,0,5.681,0,"fin_estudio",0,NA,0,"1","1"
1586,"17","4",9.268,0.9268,48,"35-65",29,133,2128,0,34945,445,"mixta",15240,"particular","turismo","gasolina","H","negro","soltero","mensual",0,1,"basico","telefonico",0,1,0,1,9.268,0,10,0,"fin_estudio",0,NA,0,"1","1"
1587,"17","4",6.644,0.6644,39,"35-65",10,96,1526,9,12899,2496,"urbana",13939,"particular","turismo","gasolina","H","rojo","casado","anual",1,1,"superior","telematico",1,2,0,2,3.455,1,6.644,1,"baja",1380.45,1380.45,1,"4","4"
1588,"17","4",7.589,0.7589,57,"35-65",37,114,1612,0,23910,164,"mixta",6271,"particular","moto","gasolina","H","negro","soltero","mensual",0,2,"medio","presencial",0,4,0,1,7.589,0,10,0,"fin_estudio",0,NA,0,"1","1"
1589,"17","4",3.107,0.3107,27,"25-35",4,115,1864,8,28048,104,"rural",22224,"particular","turismo","gasolina","M","otro","casado","mensual",0,1,"basico","telefonico",1,0,0,0,2.348,1,8.225,0,"fin_estudio",635.96,635.96,1,"3","3"
1590,"17","4",8.746,0.8746,42,"35-65",17,131,1737,4,11561,711,"mixta",9362,"particular","moto","diesel","H","rojo","soltero","mensual",0,1,"basico","telematico",2,2,0,0,6.339,1,10,0,"fin_estudio",1562.04,781.02,1,"3","3"
1591,"17","4",5.491,0.5491,34,"25-35",13,140,1758,2,19205,867,"mixta",9970,"particular","turismo","gasolina","H","blanco","soltero","mensual",0,1,"basico","telefonico",1,1,1,0,4.71,1,10,0,"fin_estudio",4565.07,4565.07,1,"3","3"
1592,"17","4",1.011,0.1011,39,"35-65",20,95,1450,5,13185,602,"mixta",13457,"comercial","turismo","diesel","M","otro","soltero","anual",1,1,"basico","presencial",0,0,0,0,1.011,0,1.011,1,"baja",0,NA,0,"1","1"
1593,"17","4",1.498,0.1498,50,"35-65",19,148,2118,6,18666,41,"rural",10717,"particular","turismo","diesel","M","blanco","casado","mensual",0,1,"medio","telefonico",0,0,0,0,1.498,0,1.498,1,"baja",0,NA,0,"5","5"
1594,"17","4",8.564,0.8564,28,"25-35",5,162,2534,3,40430,194,"mixta",19667,"particular","moto","gasolina","M","otro","casado","anual",0,1,"medio","presencial",7,3,0,0,0.513,1,10,0,"fin_estudio",51116.49,7302.36,1,"5","5"
1595,"17","4",1.188,0.1188,42,"35-65",24,60,800,4,15962,132,"rural",22381,"particular","furgoneta","gasolina","M","blanco","casado","mensual",0,3,"superior","telefonico",0,0,0,0,1.188,0,7.694,0,"fin_estudio",0,NA,0,"2","2"
1596,"17","4",1.356,0.1356,49,"35-65",29,94,1225,14,28271,445,"mixta",8020,"particular","furgoneta","diesel","M","blanco","otro","mensual",1,2,"basico","presencial",0,0,0,0,1.356,0,10,0,"fin_estudio",0,NA,0,"3","2"
1597,"17","4",1.511,0.1511,46,"35-65",26,105,1521,13,17495,139,"rural",6092,"particular","furgoneta","gasolina","M","otro","soltero","anual",1,1,"superior","presencial",0,0,0,0,1.511,0,1.511,1,"baja",0,NA,0,"1","1"
1598,"17","4",9.947,0.9947,46,"35-65",22,65,1126,8,22540,122,"rural",12829,"comercial","moto","gasolina","H","rojo","otro","anual",0,1,"medio","telematico",0,2,3,0,9.947,0,10,0,"fin_estudio",0,NA,0,"1","1"
1599,"17","4",0.525,0.0525,49,"35-65",16,55,800,8,22685,94,"rural",10791,"particular","turismo","gasolina","M","gris","soltero","anual",0,2,"basico","presencial",0,1,0,0,0.525,0,0.525,1,"baja",0,NA,0,"3","3"
1600,"17","4",4.923,0.4923,34,"25-35",14,97,1413,12,20566,161,"mixta",20277,"particular","turismo","gasolina","H","gris","soltero","mensual",0,1,"basico","presencial",2,1,1,1,1.131,1,5.711,0,"fin_estudio",7504.18,3752.09,1,"2","2"
1601,"17","4",7.404,0.7404,47,"35-65",17,98,1570,8,24216,150,"rural",20452,"particular","moto","diesel","H","gris","soltero","anual",1,1,"medio","telematico",0,1,0,1,7.404,0,7.404,1,"baja",0,NA,0,"3","3"
1602,"17","4",7.069,0.7069,21,"18-25",2,133,2212,7,13493,12,"rural",3671,"particular","turismo","gasolina","M","negro","soltero","mensual",0,1,"medio","presencial",1,2,1,0,1.95,1,7.069,1,"baja",935.9,935.9,1,"1","1"
1603,"17","4",6.771,0.6771,55,"35-65",14,147,2169,0,21477,86,"rural",14477,"particular","furgoneta","diesel","M","rojo","soltero","anual",0,1,"basico","presencial",1,2,0,0,3.825,1,10,0,"fin_estudio",2239.87,2239.87,1,"4","4"
1604,"17","4",0.818,0.0818,38,"35-65",20,59,800,4,24935,849,"mixta",6846,"particular","turismo","diesel","M","blanco","soltero","anual",0,2,"medio","telefonico",0,0,0,0,0.818,0,0.818,1,"baja",0,NA,0,"3","3"
1605,"17","4",3.134,0.3134,42,"35-65",13,105,1536,15,29365,1732,"urbana",17863,"particular","moto","gasolina","H","otro","casado","mensual",1,2,"basico","presencial",0,3,1,0,3.134,0,3.134,1,"baja",0,NA,0,"1","1"
1606,"17","4",1.483,0.1483,65,"35-65",25,162,2055,1,31203,144,"rural",10810,"particular","moto","diesel","M","negro","casado","anual",1,1,"basico","presencial",0,0,0,0,1.483,0,1.483,1,"baja",0,NA,0,"2","2"
1607,"17","4",1.098,0.1098,51,"35-65",21,115,2048,0,11404,57,"rural",15699,"particular","turismo","diesel","M","negro","soltero","mensual",1,2,"basico","telematico",0,1,0,0,1.098,0,6.004,0,"fin_estudio",0,NA,0,"1","1"
1608,"17","4",6.269,0.6269,44,"35-65",14,101,1343,16,26529,509,"mixta",44774,"particular","furgoneta","diesel","H","gris","soltero","mensual",0,1,"superior","presencial",4,2,0,0,0.883,1,10,0,"fin_estudio",11082.7,2770.67,1,"4","4"
1609,"17","4",6.783,0.6783,44,"35-65",25,102,1253,13,27483,384,"mixta",15246,"particular","turismo","diesel","M","gris","casado","mensual",0,2,"superior","telefonico",0,0,2,0,6.783,0,10,0,"fin_estudio",0,NA,0,"2","1"
1610,"17","4",1.873,0.1873,65,"35-65",44,132,2023,6,33168,191,"mixta",16993,"particular","turismo","diesel","H","gris","soltero","anual",0,3,"superior","presencial",0,1,0,0,1.873,0,1.873,1,"baja",0,NA,0,"3","3"
1611,"17","4",3.402,0.3402,52,"35-65",30,55,906,14,24721,61,"rural",16718,"particular","turismo","diesel","H","rojo","casado","mensual",0,1,"medio","presencial",1,0,0,2,2.728,1,10,0,"fin_estudio",4588.38,4588.38,1,"2","1"
1612,"17","4",9.044,0.9044,53,"35-65",28,91,1558,15,44358,750,"mixta",25327,"comercial","moto","gasolina","H","negro","casado","anual",1,2,"basico","telefonico",0,5,0,1,9.044,0,10,0,"fin_estudio",0,NA,0,"1","1"
1613,"17","4",3.267,0.3267,49,"35-65",24,55,800,17,6516,244,"mixta",4947,"particular","turismo","gasolina","M","rojo","soltero","mensual",1,3,"basico","presencial",0,1,0,0,3.267,0,7.335,0,"fin_estudio",0,NA,0,"1","1"
1614,"17","4",9.606,0.9606,40,"35-65",13,58,800,7,11370,226,"mixta",5644,"particular","turismo","gasolina","M","otro","soltero","anual",1,1,"basico","presencial",0,2,0,0,9.606,0,10,0,"fin_estudio",0,NA,0,"1","1"
1615,"17","4",5.909,0.5909,37,"35-65",18,81,1368,5,27157,934,"mixta",6711,"particular","turismo","gasolina","M","blanco","casado","anual",1,1,"basico","telefonico",0,1,0,1,5.909,0,10,0,"fin_estudio",0,NA,0,"1","1"
1616,"17","4",5.519,0.5519,61,"35-65",31,109,1721,7,7195,247,"mixta",10419,"particular","turismo","gasolina","H","gris","casado","anual",0,2,"superior","presencial",1,6,0,0,1.791,1,10,0,"fin_estudio",1431.35,1431.35,1,"3","2"
1617,"17","4",7.125,0.7125,18,"18-25",0,109,1605,3,35453,199,"mixta",19767,"particular","turismo","diesel","M","otro","soltero","mensual",0,1,"basico","presencial",2,1,0,1,1.075,1,10,0,"fin_estudio",3082.7,1541.35,1,"3","3"
1618,"17","4",2.557,0.2557,26,"25-35",5,75,1029,12,7074,211,"mixta",22809,"particular","turismo","diesel","H","gris","casado","anual",0,1,"basico","telefonico",0,0,0,0,2.557,0,7.142,0,"fin_estudio",0,NA,0,"1","1"
1619,"17","4",3.344,0.3344,53,"35-65",25,160,2433,12,14345,553,"mixta",9273,"particular","turismo","gasolina","M","rojo","soltero","mensual",1,1,"medio","presencial",0,0,0,0,3.344,0,3.344,1,"baja",0,NA,0,"2","1"
1620,"17","4",2.179,0.2179,30,"25-35",9,66,837,9,10953,187,"mixta",16457,"particular","turismo","gasolina","M","rojo","casado","mensual",0,1,"basico","presencial",0,3,0,0,2.179,0,2.179,1,"baja",0,NA,0,"4","4"
1621,"17","4",5.386,0.5386,79,"65+",23,74,1052,8,28613,860,"mixta",9895,"particular","turismo","diesel","M","gris","soltero","anual",0,3,"superior","presencial",0,0,0,0,5.386,0,5.386,1,"baja",0,NA,0,"2","1"
1622,"17","4",7.619,0.7619,49,"35-65",23,55,873,14,8477,166,"mixta",11222,"comercial","moto","diesel","H","rojo","soltero","mensual",0,1,"basico","telematico",0,1,0,1,7.619,0,10,0,"fin_estudio",0,NA,0,"1","1"
1623,"17","4",5.876,0.5876,38,"35-65",11,138,2206,8,29726,394,"mixta",16714,"particular","turismo","gasolina","H","blanco","casado","mensual",1,3,"medio","presencial",3,1,0,1,1.458,1,10,0,"fin_estudio",10047.01,3349,1,"3","3"
1624,"17","4",2.602,0.2602,28,"25-35",6,144,2289,12,34973,711,"mixta",7274,"particular","turismo","gasolina","M","blanco","soltero","mensual",0,1,"medio","telematico",0,2,0,0,2.602,0,2.602,1,"baja",0,NA,0,"3","3"
1625,"17","4",8.519,0.8519,74,"65+",42,78,1105,10,20733,1040,"urbana",3527,"particular","turismo","diesel","H","gris","soltero","anual",0,1,"medio","presencial",3,2,1,0,2.752,1,10,0,"fin_estudio",8217.99,2739.33,1,"2","1"
1626,"17","4",1.627,0.1627,47,"35-65",19,110,1396,3,24479,2839,"urbana",18079,"particular","turismo","gasolina","H","otro","casado","anual",0,1,"basico","presencial",0,0,0,0,1.627,0,1.627,1,"baja",0,NA,0,"3","3"
1627,"17","4",4.185,0.4185,41,"35-65",13,84,1282,13,17175,69,"rural",8653,"particular","turismo","gasolina","H","negro","casado","mensual",0,1,"basico","telefonico",0,1,0,0,4.185,0,4.185,1,"baja",0,NA,0,"1","1"
1628,"17","4",7.566,0.7566,46,"35-65",22,136,2229,9,15379,1166,"urbana",9204,"particular","turismo","diesel","M","otro","otro","mensual",1,1,"medio","telefonico",0,0,0,0,7.566,0,10,0,"fin_estudio",0,NA,0,"3","3"
1629,"17","4",2.189,0.2189,48,"35-65",20,98,1592,8,24925,67,"rural",6405,"particular","turismo","gasolina","M","blanco","casado","anual",0,2,"basico","telematico",0,1,0,0,2.189,0,2.189,1,"baja",0,NA,0,"2","2"
1630,"17","4",3.974,0.3974,35,"25-35",13,92,1124,3,10948,88,"rural",16407,"comercial","turismo","gasolina","M","blanco","otro","anual",0,1,"medio","presencial",0,0,0,0,3.974,0,10,0,"fin_estudio",0,NA,0,"4","4"
1631,"17","4",5.316,0.5316,41,"35-65",10,111,1955,7,24454,581,"mixta",11872,"particular","furgoneta","diesel","M","blanco","casado","anual",0,1,"medio","presencial",0,1,0,0,5.316,0,5.316,1,"baja",0,NA,0,"2","2"
1632,"17","4",3.985,0.3985,27,"25-35",6,172,2656,2,29445,199,"mixta",10215,"particular","turismo","gasolina","H","rojo","otro","mensual",0,1,"basico","telefonico",0,3,0,0,3.985,0,3.985,1,"baja",0,NA,0,"1","1"
1633,"17","4",2.598,0.2598,54,"35-65",26,192,2475,19,21362,1124,"urbana",12679,"particular","furgoneta","gasolina","M","negro","soltero","anual",0,1,"superior","presencial",1,0,0,0,2.355,1,2.598,1,"baja",1681.16,1681.16,1,"2","3"
1634,"17","4",4.946,0.4946,58,"35-65",33,103,1575,10,17455,894,"mixta",6056,"particular","turismo","gasolina","H","gris","casado","anual",0,1,"basico","presencial",0,1,0,0,4.946,0,10,0,"fin_estudio",0,NA,0,"2","1"
1635,"17","4",1.614,0.1614,34,"25-35",15,65,1061,14,19061,68,"rural",8454,"particular","turismo","gasolina","M","blanco","casado","anual",0,2,"medio","telefonico",0,0,0,0,1.614,0,1.923,0,"fin_estudio",0,NA,0,"1","1"
1636,"17","4",3.431,0.3431,51,"35-65",21,90,1486,9,14995,500,"mixta",5865,"particular","turismo","diesel","H","blanco","casado","anual",0,1,"superior","telematico",0,0,0,0,3.431,0,9.176,0,"fin_estudio",0,NA,0,"2","2"
1637,"17","4",1.978,0.1978,44,"35-65",14,69,1091,7,26920,152,"mixta",10062,"particular","turismo","diesel","M","blanco","soltero","anual",0,1,"superior","presencial",0,0,2,0,1.978,0,1.978,1,"baja",0,NA,0,"2","2"
1638,"17","4",5.346,0.5346,58,"35-65",35,146,2622,10,15689,1420,"urbana",9723,"particular","moto","diesel","H","blanco","soltero","mensual",0,1,"medio","presencial",0,2,0,2,5.346,0,7.166,0,"fin_estudio",0,NA,0,"1","1"
1639,"17","4",2.9,0.29,67,"65+",39,122,2073,9,10454,329,"mixta",9639,"particular","turismo","gasolina","M","gris","soltero","anual",1,1,"basico","telematico",1,1,0,0,1.933,1,2.9,1,"baja",1862.9,1862.9,1,"2","1"
1640,"17","4",7.811,0.7811,71,"65+",25,88,1265,6,10532,58,"rural",13708,"particular","turismo","gasolina","M","rojo","soltero","anual",0,1,"basico","presencial",0,2,0,0,7.811,0,7.811,1,"baja",0,NA,0,"1","1"
1641,"17","4",3.604,0.3604,18,"18-25",0,103,1679,20,24748,498,"mixta",13509,"comercial","turismo","diesel","M","otro","otro","anual",0,1,"basico","telefonico",2,1,0,1,2.158,1,3.604,1,"baja",2178.65,1089.33,1,"2","3"
1642,"17","4",7.842,0.7842,71,"65+",22,107,1351,6,39211,37,"rural",8886,"particular","moto","gasolina","M","gris","soltero","anual",1,1,"medio","presencial",0,3,0,1,7.842,0,10,0,"fin_estudio",0,NA,0,"1","1"
1643,"17","4",6.33,0.633,79,"65+",55,169,2036,12,33358,270,"mixta",15203,"particular","turismo","diesel","M","otro","soltero","anual",0,1,"superior","telematico",0,1,0,0,6.33,0,10,0,"fin_estudio",0,NA,0,"1","1"
1644,"17","4",2.533,0.2533,18,"18-25",0,96,1629,12,22933,129,"rural",21825,"particular","turismo","diesel","M","blanco","soltero","anual",0,1,"basico","presencial",1,1,0,1,0.84,1,2.533,1,"baja",1872.82,1872.82,1,"5","5"
1645,"17","4",5.228,0.5228,38,"35-65",14,75,947,1,15913,97,"rural",7933,"particular","turismo","gasolina","H","blanco","casado","anual",0,3,"basico","presencial",0,1,0,1,5.228,0,5.228,1,"baja",0,NA,0,"1","1"
1646,"17","4",3.338,0.3338,39,"35-65",18,101,1542,7,31203,380,"mixta",3705,"particular","turismo","gasolina","H","rojo","soltero","anual",0,1,"basico","telefonico",0,0,0,1,3.338,0,4.962,0,"fin_estudio",0,NA,0,"1","1"
1647,"17","4",3.924,0.3924,29,"25-35",10,126,1724,4,24383,1049,"urbana",12026,"particular","turismo","gasolina","H","gris","soltero","anual",1,2,"basico","telefonico",0,2,0,1,3.924,0,5.882,0,"fin_estudio",0,NA,0,"4","4"
1648,"17","4",5.029,0.5029,47,"35-65",22,123,1819,8,12708,317,"mixta",16715,"particular","turismo","diesel","H","rojo","casado","anual",1,1,"basico","presencial",1,2,0,0,3.553,1,5.029,1,"baja",1918.48,1918.48,1,"3","2"
1649,"17","4",4.897,0.4897,34,"25-35",11,119,1983,9,32356,199,"mixta",25043,"particular","turismo","diesel","M","negro","casado","anual",0,2,"medio","telefonico",0,3,0,1,4.897,0,4.897,1,"baja",0,NA,0,"1","1"
1650,"17","4",8.659,0.8659,42,"35-65",18,112,1426,7,24334,1100,"urbana",11391,"particular","turismo","gasolina","H","blanco","soltero","mensual",0,2,"superior","presencial",1,5,0,0,0.895,1,10,0,"fin_estudio",1414.66,1414.66,1,"1","1"
1651,"17","4",2.731,0.2731,30,"25-35",8,141,2283,3,18341,434,"mixta",6794,"particular","turismo","gasolina","H","otro","casado","anual",1,2,"basico","telefonico",0,0,0,0,2.731,0,2.731,1,"baja",0,NA,0,"2","2"
1652,"17","4",1.745,0.1745,65,"35-65",41,91,1322,7,29423,1263,"urbana",19340,"comercial","turismo","diesel","H","blanco","casado","anual",0,1,"basico","telefonico",0,2,0,0,1.745,0,1.745,1,"baja",0,NA,0,"2","2"
1653,"17","4",3.855,0.3855,46,"35-65",27,148,1960,11,26999,153,"mixta",7856,"particular","moto","diesel","H","gris","soltero","anual",0,2,"basico","telefonico",1,1,0,1,2.276,1,3.855,1,"baja",4819.16,4819.16,1,"2","1"
1654,"17","4",2.032,0.2032,58,"35-65",31,87,1050,7,22312,573,"mixta",6565,"particular","turismo","gasolina","H","rojo","casado","anual",0,2,"medio","presencial",0,1,0,0,2.032,0,10,0,"fin_estudio",0,NA,0,"4","4"
1655,"17","4",7.001,0.7001,67,"65+",33,120,1534,12,28862,532,"mixta",32532,"particular","turismo","gasolina","M","otro","soltero","anual",1,1,"medio","presencial",0,2,0,2,7.001,0,7.001,1,"baja",0,NA,0,"1","1"
1656,"17","4",4.058,0.4058,33,"25-35",13,140,1970,1,41050,1052,"urbana",41277,"particular","turismo","gasolina","M","rojo","soltero","mensual",1,1,"basico","presencial",0,2,0,0,4.058,0,4.058,1,"baja",0,NA,0,"1","1"
1657,"17","4",1.18,0.118,21,"18-25",3,169,2650,2,31488,177,"mixta",8744,"particular","furgoneta","gasolina","M","rojo","casado","mensual",0,1,"superior","presencial",0,0,0,0,1.18,0,3.991,0,"fin_estudio",0,NA,0,"1","1"
1658,"17","4",0.709,0.0709,36,"35-65",12,96,1291,10,35262,271,"mixta",10385,"particular","turismo","gasolina","H","otro","casado","anual",0,2,"basico","presencial",0,0,0,0,0.709,0,0.709,1,"baja",0,NA,0,"2","2"
1659,"17","4",5.075,0.5075,59,"35-65",24,72,1278,9,27055,825,"mixta",13544,"comercial","turismo","gasolina","M","rojo","casado","anual",1,1,"medio","presencial",0,5,1,0,5.075,0,10,0,"fin_estudio",0,NA,0,"1","1"
1660,"17","4",2.259,0.2259,35,"25-35",10,134,1831,13,27569,233,"mixta",17698,"particular","moto","gasolina","H","otro","soltero","anual",0,1,"superior","presencial",0,1,0,0,2.259,0,2.259,1,"baja",0,NA,0,"2","1"
1661,"17","4",1.239,0.1239,46,"35-65",17,138,2327,7,38369,538,"mixta",21564,"particular","turismo","diesel","H","blanco","soltero","mensual",0,1,"basico","presencial",0,0,1,0,1.239,0,1.239,1,"baja",0,NA,0,"2","2"
1662,"17","4",7.156,0.7156,40,"35-65",20,99,1485,13,23270,117,"rural",9505,"particular","moto","gasolina","M","rojo","soltero","anual",0,1,"basico","presencial",0,3,1,1,7.156,0,10,0,"fin_estudio",0,NA,0,"1","1"
1663,"17","4",1.165,0.1165,18,"18-25",0,103,1339,2,13282,192,"mixta",13911,"comercial","furgoneta","gasolina","M","negro","soltero","mensual",1,1,"basico","telefonico",0,0,0,0,1.165,0,1.165,1,"baja",0,NA,0,"2","1"
1664,"17","4",3.383,0.3383,67,"65+",29,135,2349,6,22644,289,"mixta",16286,"comercial","turismo","gasolina","M","negro","otro","anual",0,1,"medio","presencial",0,2,0,1,3.383,0,3.383,1,"baja",0,NA,0,"3","3"
1665,"17","4",1.314,0.1314,28,"25-35",5,114,1805,13,22601,161,"mixta",10295,"particular","turismo","diesel","M","blanco","soltero","anual",0,1,"medio","telefonico",0,0,0,0,1.314,0,2.106,0,"fin_estudio",0,NA,0,"4","4"
1666,"17","4",2.359,0.2359,55,"35-65",22,55,984,13,8606,686,"mixta",15785,"particular","turismo","gasolina","M","negro","casado","anual",0,1,"medio","presencial",0,1,0,0,2.359,0,2.359,1,"baja",0,NA,0,"1","1"
1667,"17","4",4.855,0.4855,57,"35-65",36,142,1920,14,17331,1089,"urbana",8066,"particular","furgoneta","diesel","M","blanco","soltero","mensual",0,1,"medio","telefonico",0,2,0,0,4.855,0,10,0,"fin_estudio",0,NA,0,"1","1"
1668,"17","4",6.199,0.6199,25,"18-25",4,134,1958,10,22245,238,"mixta",11534,"particular","turismo","diesel","H","negro","soltero","mensual",0,1,"basico","presencial",0,0,0,1,6.199,0,10,0,"fin_estudio",0,NA,0,"2","1"
1669,"17","4",4.146,0.4146,38,"35-65",16,63,1014,6,21673,111,"rural",7320,"particular","turismo","diesel","M","blanco","soltero","mensual",0,1,"superior","presencial",0,0,0,1,4.146,0,10,0,"fin_estudio",0,NA,0,"1","1"
1670,"17","4",5.454,0.5454,59,"35-65",36,115,1740,13,28428,232,"mixta",14398,"particular","turismo","gasolina","H","otro","casado","anual",0,4,"basico","presencial",1,4,1,1,3.184,1,10,0,"fin_estudio",1678.53,1678.53,1,"4","4"
1671,"17","4",2.741,0.2741,40,"35-65",9,124,2091,10,27042,48,"rural",25409,"particular","turismo","diesel","H","otro","soltero","mensual",0,2,"basico","presencial",3,4,1,0,0.485,1,5.879,0,"fin_estudio",4936.18,1645.39,1,"4","5"
1672,"17","4",2.626,0.2626,42,"35-65",15,134,1629,15,22005,263,"mixta",34166,"particular","turismo","diesel","H","blanco","otro","anual",0,1,"medio","presencial",2,1,0,0,1.572,1,10,0,"fin_estudio",6067.85,3033.93,1,"4","5"
1673,"18","4",7.15,0.715,51,"35-65",19,112,1774,11,22751,723,"mixta",7299,"particular","moto","gasolina","H","blanco","casado","anual",1,1,"basico","presencial",1,2,0,0,5.46,1,7.15,1,"baja",4574.12,4574.12,1,"4","3"
1674,"18","4",3.694,0.3694,75,"65+",48,121,1633,9,21871,34,"rural",30819,"particular","turismo","diesel","M","gris","casado","anual",1,1,"basico","telematico",0,0,0,2,3.694,0,10,0,"fin_estudio",0,NA,0,"2","2"
1675,"18","4",2.475,0.2475,52,"35-65",28,145,1898,0,15055,65,"rural",16971,"particular","turismo","diesel","M","rojo","soltero","mensual",1,1,"basico","presencial",1,2,0,0,1.14,1,6.329,0,"fin_estudio",1471.68,1471.68,1,"5","5"
1676,"18","4",4.181,0.4181,47,"35-65",29,127,2017,16,32130,144,"rural",12069,"particular","turismo","diesel","H","otro","casado","anual",0,1,"basico","presencial",0,0,0,0,4.181,0,8.928,0,"fin_estudio",0,NA,0,"1","1"
1677,"18","4",0.768,0.0768,24,"18-25",4,150,1923,2,35893,264,"mixta",18405,"particular","turismo","diesel","M","blanco","soltero","anual",0,1,"basico","presencial",0,1,0,0,0.768,0,0.768,1,"baja",0,NA,0,"2","2"
1678,"18","4",3.325,0.3325,18,"18-25",0,55,925,7,18296,54,"rural",8807,"particular","turismo","diesel","M","otro","soltero","anual",0,1,"basico","presencial",0,0,0,0,3.325,0,3.325,1,"baja",0,NA,0,"4","4"
1679,"18","4",3.054,0.3054,68,"65+",46,94,1512,4,29966,125,"rural",7563,"particular","turismo","diesel","M","gris","casado","anual",0,1,"basico","presencial",1,3,0,0,1.954,1,3.054,1,"baja",2675.89,2675.89,1,"1","1"
1680,"18","4",2.759,0.2759,54,"35-65",28,130,1788,12,29523,98,"rural",11509,"particular","turismo","gasolina","H","blanco","casado","mensual",0,1,"basico","presencial",0,1,0,1,2.759,0,2.759,1,"baja",0,NA,0,"1","1"
1681,"18","4",7.935,0.7935,19,"18-25",0,142,1847,5,33261,660,"mixta",10780,"particular","turismo","diesel","H","blanco","soltero","anual",0,1,"superior","presencial",7,2,0,1,2.401,1,10,0,"fin_estudio",32463.58,4637.65,1,"4","5"
1682,"18","4",3.296,0.3296,58,"35-65",33,126,2119,9,14382,343,"mixta",5917,"particular","turismo","gasolina","M","otro","soltero","mensual",1,2,"superior","telefonico",0,0,0,0,3.296,0,3.296,1,"baja",0,NA,0,"3","3"
1683,"18","4",3.821,0.3821,43,"35-65",10,78,1373,15,40049,646,"mixta",12117,"particular","turismo","diesel","M","otro","otro","anual",1,2,"medio","presencial",0,0,0,0,3.821,0,4.952,0,"fin_estudio",0,NA,0,"1","1"
1684,"18","4",7.705,0.7705,51,"35-65",28,80,1419,2,35699,328,"mixta",20249,"comercial","turismo","diesel","H","gris","soltero","anual",0,1,"basico","presencial",2,2,0,2,3.031,1,7.705,1,"baja",2632.33,1316.16,1,"3","3"
1685,"18","4",2.465,0.2465,60,"35-65",25,142,2220,4,29584,330,"mixta",13888,"particular","turismo","diesel","M","rojo","soltero","anual",1,1,"superior","telefonico",0,0,0,0,2.465,0,10,0,"fin_estudio",0,NA,0,"3","2"
1686,"18","4",4.303,0.4303,25,"18-25",5,121,1958,12,14809,477,"mixta",14655,"particular","turismo","diesel","M","otro","casado","mensual",0,1,"medio","presencial",2,1,0,0,2.261,1,4.303,1,"baja",8151.3,4075.65,1,"3","3"
1687,"18","4",5.825,0.5825,27,"25-35",7,159,2237,1,17986,960,"mixta",16965,"particular","turismo","diesel","M","blanco","casado","anual",0,2,"medio","presencial",0,2,0,0,5.825,0,10,0,"fin_estudio",0,NA,0,"1","1"
1688,"18","4",2.949,0.2949,31,"25-35",7,55,800,10,22303,619,"mixta",8990,"particular","turismo","diesel","H","rojo","soltero","anual",0,1,"medio","telematico",1,0,0,0,1.848,1,10,0,"fin_estudio",4464.92,4464.92,1,"4","4"
1689,"18","4",7.139,0.7139,36,"35-65",13,100,1779,0,32859,201,"mixta",7244,"particular","turismo","diesel","M","rojo","casado","anual",0,1,"medio","presencial",0,1,0,0,7.139,0,7.139,1,"baja",0,NA,0,"1","1"
1690,"18","4",3.056,0.3056,40,"35-65",13,180,2227,1,38497,741,"mixta",14537,"particular","turismo","gasolina","H","otro","soltero","mensual",1,1,"medio","telematico",0,0,0,1,3.056,0,7.849,0,"fin_estudio",0,NA,0,"2","2"
1691,"18","4",2.07,0.207,31,"25-35",6,207,2997,11,31731,83,"rural",8082,"particular","turismo","diesel","M","gris","soltero","anual",1,1,"basico","telefonico",0,0,0,0,2.07,0,2.916,0,"fin_estudio",0,NA,0,"1","1"
1692,"18","4",3.69,0.369,31,"25-35",13,119,1949,12,29247,31,"rural",17157,"particular","turismo","gasolina","H","blanco","casado","mensual",1,1,"superior","presencial",0,1,0,1,3.69,0,7.528,0,"fin_estudio",0,NA,0,"2","1"
1693,"18","4",2.382,0.2382,47,"35-65",11,113,1947,20,35426,111,"rural",5929,"comercial","turismo","diesel","H","blanco","casado","anual",0,1,"medio","telefonico",1,2,0,0,0.983,1,10,0,"fin_estudio",1687.88,1687.88,1,"4","3"
1694,"18","4",3.62,0.362,59,"35-65",22,127,2190,10,38662,363,"mixta",4927,"particular","turismo","gasolina","M","negro","casado","mensual",0,1,"medio","presencial",0,2,0,0,3.62,0,3.62,1,"baja",0,NA,0,"1","1"
1695,"18","4",4.181,0.4181,27,"25-35",6,152,1832,2,25761,111,"rural",20790,"particular","turismo","diesel","M","blanco","casado","anual",0,2,"medio","presencial",1,1,0,0,2.957,1,6.429,0,"fin_estudio",7416.06,7416.06,1,"4","4"
1696,"18","4",1.466,0.1466,41,"35-65",10,99,1617,4,32524,97,"rural",14492,"particular","turismo","gasolina","M","negro","soltero","mensual",0,2,"basico","presencial",0,1,0,0,1.466,0,10,0,"fin_estudio",0,NA,0,"5","5"
1697,"18","4",4.501,0.4501,47,"35-65",14,55,875,6,18534,320,"mixta",10045,"particular","turismo","diesel","M","blanco","casado","mensual",1,1,"medio","presencial",0,2,0,0,4.501,0,4.501,1,"baja",0,NA,0,"1","1"
1698,"18","4",1.892,0.1892,18,"18-25",0,145,1842,5,15829,150,"rural",38916,"particular","turismo","diesel","H","otro","otro","mensual",0,2,"medio","presencial",0,1,0,0,1.892,0,6.065,0,"fin_estudio",0,NA,0,"3","3"
1699,"18","4",1.774,0.1774,62,"35-65",39,138,1972,3,27955,249,"mixta",30041,"comercial","turismo","gasolina","M","gris","casado","anual",0,1,"superior","presencial",0,0,0,0,1.774,0,1.774,1,"baja",0,NA,0,"4","4"
1700,"18","4",1.604,0.1604,20,"18-25",2,93,1388,2,20774,478,"mixta",21154,"particular","turismo","gasolina","H","otro","casado","mensual",0,1,"medio","presencial",2,2,1,0,0.616,1,10,0,"fin_estudio",2124.96,1062.48,1,"4","5"
1701,"18","4",4.441,0.4441,67,"65+",31,74,1173,6,16461,472,"mixta",4388,"particular","turismo","diesel","H","blanco","casado","anual",1,1,"basico","presencial",1,1,0,0,2.032,1,10,0,"fin_estudio",747.5,747.5,1,"4","3"
1702,"18","4",4.323,0.4323,56,"35-65",22,116,2077,11,35579,1282,"urbana",12923,"particular","turismo","diesel","M","negro","casado","anual",0,1,"basico","telematico",1,0,0,2,3.773,1,4.323,1,"baja",2575.99,2575.99,1,"2","2"
1703,"18","4",6.01,0.601,61,"35-65",26,197,3122,9,30193,188,"mixta",6425,"particular","furgoneta","diesel","M","gris","casado","anual",0,1,"basico","telefonico",0,1,0,4,6.01,0,10,0,"fin_estudio",0,NA,0,"2","1"
1704,"18","4",7.621,0.7621,39,"35-65",19,105,1886,2,26946,165,"mixta",9365,"particular","moto","diesel","M","gris","otro","mensual",0,1,"superior","presencial",0,2,0,0,7.621,0,10,0,"fin_estudio",0,NA,0,"1","1"
1705,"18","4",1.906,0.1906,59,"35-65",31,113,1606,3,18191,113,"rural",16487,"particular","turismo","diesel","M","otro","otro","mensual",0,1,"medio","presencial",0,0,1,0,1.906,0,5.926,0,"fin_estudio",0,NA,0,"2","1"
1706,"18","4",4.686,0.4686,68,"65+",45,106,1893,4,20699,959,"mixta",16440,"comercial","turismo","diesel","M","gris","soltero","mensual",0,1,"medio","telefonico",0,2,0,0,4.686,0,4.686,1,"baja",0,NA,0,"1","1"
1707,"18","4",4.712,0.4712,48,"35-65",26,108,1555,8,23156,792,"mixta",18017,"particular","turismo","diesel","M","gris","soltero","mensual",0,1,"superior","presencial",0,3,0,0,4.712,0,4.712,1,"baja",0,NA,0,"2","1"
1708,"18","4",3.781,0.3781,49,"35-65",27,93,1359,4,22185,412,"mixta",13017,"particular","turismo","gasolina","H","rojo","soltero","mensual",0,2,"basico","presencial",0,2,2,0,3.781,0,3.781,1,"baja",0,NA,0,"2","1"
1709,"18","4",0.886,0.0886,28,"25-35",4,124,2145,14,17697,159,"mixta",10921,"particular","turismo","diesel","M","rojo","casado","anual",1,1,"basico","presencial",0,0,0,0,0.886,0,0.886,1,"baja",0,NA,0,"2","2"
1710,"18","4",3.047,0.3047,74,"65+",32,108,1432,3,30697,7,"rural",7531,"comercial","turismo","gasolina","M","gris","casado","anual",1,1,"superior","telematico",0,0,0,0,3.047,0,3.529,0,"fin_estudio",0,NA,0,"2","2"
1711,"18","4",1.627,0.1627,81,"65+",47,86,1060,9,21906,63,"rural",10875,"particular","turismo","gasolina","H","otro","otro","anual",1,1,"superior","presencial",0,1,0,0,1.627,0,10,0,"fin_estudio",0,NA,0,"4","3"
1712,"18","4",3.32,0.332,43,"35-65",24,95,1522,5,27985,154,"mixta",14422,"comercial","furgoneta","diesel","H","otro","casado","mensual",1,1,"medio","presencial",0,2,0,0,3.32,0,3.32,1,"baja",0,NA,0,"1","1"
1713,"18","4",1.962,0.1962,44,"35-65",11,126,1670,0,26181,189,"mixta",9932,"particular","turismo","diesel","H","blanco","soltero","mensual",0,1,"superior","telefonico",1,1,0,0,0.618,1,1.962,1,"baja",78.14,78.14,1,"4","4"
1714,"18","4",5.689,0.5689,61,"35-65",22,87,1217,14,21051,328,"mixta",25482,"particular","turismo","gasolina","M","rojo","casado","anual",1,1,"basico","presencial",0,4,1,1,5.689,0,10,0,"fin_estudio",0,NA,0,"1","1"
1715,"18","4",6.948,0.6948,47,"35-65",18,125,2071,8,11361,223,"mixta",14980,"comercial","turismo","diesel","M","rojo","soltero","mensual",0,2,"basico","telefonico",0,1,0,1,6.948,0,6.948,1,"baja",0,NA,0,"2","1"
1716,"18","4",3.25,0.325,44,"35-65",23,153,2735,0,35216,1083,"urbana",7064,"particular","turismo","diesel","H","gris","casado","anual",0,2,"medio","presencial",0,0,0,0,3.25,0,3.25,1,"baja",0,NA,0,"3","3"
1717,"18","4",6.424,0.6424,38,"35-65",9,103,1246,0,11068,350,"mixta",7023,"comercial","turismo","diesel","M","negro","casado","anual",1,1,"basico","telematico",0,0,0,3,6.424,0,10,0,"fin_estudio",0,NA,0,"1","1"
1718,"18","4",4.792,0.4792,41,"35-65",15,169,2286,5,35251,341,"mixta",16164,"particular","turismo","gasolina","M","blanco","soltero","anual",1,1,"basico","presencial",1,3,0,0,4.603,1,10,0,"fin_estudio",2144.26,2144.26,1,"1","2"
1719,"18","4",0.609,0.0609,43,"35-65",16,96,1310,4,32462,323,"mixta",16274,"particular","moto","gasolina","H","gris","soltero","anual",0,3,"basico","presencial",0,0,0,0,0.609,0,0.609,1,"baja",0,NA,0,"3","3"
1720,"18","4",7.277,0.7277,43,"35-65",21,125,1570,6,23570,1485,"urbana",9815,"particular","moto","diesel","H","gris","casado","anual",0,1,"basico","telefonico",5,2,1,0,1.732,1,10,0,"fin_estudio",18565.73,3713.15,1,"5","5"
1721,"18","4",3.295,0.3295,47,"35-65",16,172,2752,6,30515,103,"rural",13460,"particular","turismo","diesel","M","gris","soltero","anual",1,2,"superior","presencial",0,0,1,0,3.295,0,8.858,0,"fin_estudio",0,NA,0,"1","1"
1722,"18","4",7.762,0.7762,32,"25-35",9,103,1775,2,18613,441,"mixta",5865,"particular","turismo","diesel","M","otro","casado","mensual",0,2,"medio","presencial",1,2,0,3,5.872,1,7.762,1,"baja",1353.37,1353.37,1,"1","1"
1723,"18","4",5.007,0.5007,55,"35-65",26,105,1534,2,25519,136,"rural",6472,"particular","turismo","gasolina","H","rojo","soltero","anual",0,1,"medio","presencial",3,0,0,0,3.171,1,5.007,1,"baja",6251.3,2083.77,1,"4","4"
1724,"18","4",0.532,0.0532,31,"25-35",10,134,1875,12,39762,564,"mixta",3949,"comercial","turismo","diesel","H","otro","soltero","anual",0,1,"superior","presencial",0,0,0,0,0.532,0,0.532,1,"baja",0,NA,0,"2","2"
1725,"18","4",9.308,0.9308,52,"35-65",29,55,883,11,9679,176,"mixta",18781,"particular","furgoneta","gasolina","H","rojo","casado","mensual",0,1,"superior","telematico",1,3,0,1,8.981,1,10,0,"fin_estudio",1220.07,1220.07,1,"2","2"
1726,"18","4",4.816,0.4816,41,"35-65",21,55,811,5,24462,621,"mixta",28560,"particular","turismo","diesel","M","negro","soltero","anual",0,2,"medio","presencial",0,4,0,0,4.816,0,10,0,"fin_estudio",0,NA,0,"1","1"
1727,"18","4",6.433,0.6433,37,"35-65",15,148,2652,10,16182,266,"mixta",20472,"particular","turismo","gasolina","M","rojo","casado","anual",0,1,"basico","telematico",0,2,3,0,6.433,0,6.433,1,"baja",0,NA,0,"1","1"
1728,"18","4",2.11,0.211,53,"35-65",31,72,1229,0,9043,2313,"urbana",4186,"particular","furgoneta","diesel","H","gris","casado","anual",1,1,"medio","presencial",0,1,0,0,2.11,0,2.11,1,"baja",0,NA,0,"2","1"
1729,"18","4",5.13,0.513,39,"35-65",15,148,2640,7,21536,99,"rural",10712,"particular","moto","diesel","H","gris","soltero","mensual",0,1,"basico","telefonico",1,3,0,1,4.98,1,10,0,"fin_estudio",665.41,665.41,1,"3","3"
1730,"18","4",9.052,0.9052,67,"65+",46,116,1407,0,24864,658,"mixta",11942,"particular","moto","gasolina","H","negro","otro","mensual",0,2,"basico","telefonico",3,3,0,0,0.525,1,10,0,"fin_estudio",8092.76,2697.59,1,"3","3"
1731,"18","4",2.09,0.209,35,"25-35",12,109,1559,11,31530,362,"mixta",16959,"particular","turismo","diesel","M","blanco","casado","anual",1,2,"superior","telematico",0,2,0,0,2.09,0,2.09,1,"baja",0,NA,0,"1","1"
1732,"18","4",6.554,0.6554,66,"65+",24,115,2043,11,10915,271,"mixta",11618,"particular","moto","gasolina","H","blanco","soltero","anual",0,2,"medio","telematico",1,4,1,0,3.044,1,6.554,1,"baja",3463.88,3463.88,1,"3","3"
1733,"18","4",8.496,0.8496,43,"35-65",25,106,1702,8,32086,167,"mixta",8020,"particular","turismo","gasolina","H","otro","soltero","anual",1,2,"superior","presencial",2,0,0,1,2.613,1,10,0,"fin_estudio",3245.35,1622.68,1,"1","1"
1734,"18","4",1.998,0.1998,59,"35-65",21,66,1011,7,37474,488,"mixta",11528,"comercial","moto","gasolina","H","otro","soltero","anual",1,1,"basico","presencial",0,1,0,0,1.998,0,5.018,0,"fin_estudio",0,NA,0,"3","2"
1735,"18","4",2.391,0.2391,54,"35-65",13,55,800,5,28360,50,"rural",5954,"particular","turismo","diesel","M","negro","casado","anual",0,1,"superior","telefonico",0,2,0,1,2.391,0,10,0,"fin_estudio",0,NA,0,"1","1"
1736,"18","4",1.85,0.185,44,"35-65",16,134,2348,8,40669,110,"rural",8799,"particular","turismo","gasolina","M","negro","soltero","anual",0,1,"medio","telematico",0,1,0,0,1.85,0,9.843,0,"fin_estudio",0,NA,0,"1","1"
1737,"18","4",2.14,0.214,52,"35-65",29,126,1568,13,30650,214,"mixta",5352,"particular","turismo","diesel","H","blanco","casado","anual",0,1,"medio","presencial",0,1,0,1,2.14,0,10,0,"fin_estudio",0,NA,0,"3","2"
1738,"18","4",2.197,0.2197,45,"35-65",19,108,1759,0,23333,41,"rural",7948,"particular","furgoneta","diesel","M","otro","casado","mensual",1,2,"medio","telematico",1,2,0,0,1.486,1,4.342,0,"fin_estudio",3035.66,3035.66,1,"2","2"
1739,"18","4",1.515,0.1515,46,"35-65",20,183,2875,6,35676,1144,"urbana",9036,"particular","turismo","diesel","M","rojo","casado","anual",0,2,"basico","presencial",0,1,0,2,1.515,0,1.515,1,"baja",0,NA,0,"1","1"
1740,"18","4",6.411,0.6411,37,"35-65",15,120,1792,15,19215,1629,"urbana",13215,"particular","turismo","diesel","H","rojo","soltero","mensual",0,1,"basico","presencial",0,0,0,1,6.411,0,6.411,1,"baja",0,NA,0,"2","2"
1741,"18","4",1.274,0.1274,48,"35-65",23,127,1949,5,30491,127,"rural",11156,"particular","turismo","diesel","M","blanco","soltero","anual",1,2,"superior","presencial",0,0,0,1,1.274,0,1.274,1,"baja",0,NA,0,"4","4"
1742,"18","4",6.438,0.6438,59,"35-65",32,91,1470,11,29958,245,"mixta",12349,"particular","turismo","gasolina","M","blanco","otro","anual",0,1,"medio","telefonico",1,3,0,0,1.303,1,6.438,1,"baja",1074.55,1074.55,1,"3","3"
1743,"18","4",1.843,0.1843,59,"35-65",26,138,2364,5,26969,73,"rural",7916,"particular","turismo","gasolina","H","blanco","otro","mensual",0,2,"medio","presencial",0,1,0,0,1.843,0,1.843,1,"baja",0,NA,0,"1","1"
1744,"18","4",4.811,0.4811,31,"25-35",6,55,844,7,32612,293,"mixta",10545,"particular","turismo","gasolina","M","rojo","casado","mensual",0,2,"medio","presencial",0,4,1,0,4.811,0,8.862,0,"fin_estudio",0,NA,0,"2","1"
1745,"18","4",1.93,0.193,27,"25-35",4,120,1801,6,21638,137,"rural",18967,"particular","turismo","gasolina","M","rojo","casado","mensual",0,1,"basico","telefonico",0,0,0,0,1.93,0,5.962,0,"fin_estudio",0,NA,0,"2","1"
1746,"18","4",3.711,0.3711,43,"35-65",22,134,1736,12,40518,866,"mixta",12222,"particular","turismo","diesel","M","gris","casado","anual",1,1,"medio","presencial",0,1,1,0,3.711,0,7.214,0,"fin_estudio",0,NA,0,"3","2"
1747,"18","4",10,1,30,"25-35",8,149,2292,11,21149,421,"mixta",2636,"particular","turismo","diesel","H","blanco","soltero","anual",0,1,"basico","presencial",0,1,0,2,10,0,10,0,"fin_estudio",0,NA,0,"1","1"
1748,"18","4",1.471,0.1471,58,"35-65",32,67,1155,9,31049,950,"mixta",10698,"particular","turismo","diesel","M","blanco","soltero","anual",0,3,"basico","presencial",0,1,0,0,1.471,0,1.471,1,"baja",0,NA,0,"3","2"
1749,"18","4",2.561,0.2561,57,"35-65",29,55,800,2,7884,535,"mixta",23805,"comercial","furgoneta","diesel","H","otro","casado","anual",0,1,"medio","telefonico",0,0,0,0,2.561,0,2.561,1,"baja",0,NA,0,"1","1"
1750,"18","4",2.104,0.2104,50,"35-65",24,100,1612,0,36285,338,"mixta",25121,"particular","turismo","gasolina","M","otro","casado","anual",1,1,"superior","presencial",0,0,0,1,2.104,0,9.838,0,"fin_estudio",0,NA,0,"3","3"
1751,"18","4",4.069,0.4069,85,"65+",63,104,1742,5,16624,925,"mixta",14547,"particular","turismo","diesel","H","negro","soltero","anual",0,4,"basico","telematico",0,1,0,0,4.069,0,4.069,1,"baja",0,NA,0,"1","1"
1752,"18","4",0.505,0.0505,49,"35-65",26,55,800,18,17439,77,"rural",6021,"particular","turismo","gasolina","H","negro","soltero","mensual",0,2,"medio","presencial",0,0,0,0,0.505,0,0.505,1,"baja",0,NA,0,"2","2"
1753,"18","4",6.8,0.68,45,"35-65",21,105,1761,8,25632,96,"rural",6062,"comercial","turismo","diesel","M","negro","casado","anual",0,1,"basico","presencial",0,1,0,0,6.8,0,6.8,1,"baja",0,NA,0,"3","3"
1754,"18","4",2.6,0.26,72,"65+",26,94,1563,9,6853,81,"rural",7845,"comercial","moto","diesel","H","blanco","casado","mensual",1,1,"basico","telematico",0,0,0,1,2.6,0,7.775,0,"fin_estudio",0,NA,0,"1","1"
1755,"18","4",1.029,0.1029,18,"18-25",0,130,1958,13,33709,125,"rural",13867,"comercial","turismo","diesel","M","gris","casado","anual",0,2,"medio","presencial",0,0,0,0,1.029,0,4.931,0,"fin_estudio",0,NA,0,"5","5"
1756,"18","4",3.99,0.399,43,"35-65",18,153,1978,4,39575,143,"rural",14014,"particular","moto","diesel","M","blanco","casado","mensual",0,1,"basico","telefonico",0,2,0,0,3.99,0,10,0,"fin_estudio",0,NA,0,"1","1"
1757,"18","4",8.345,0.8345,21,"18-25",1,139,2323,10,35903,204,"mixta",13591,"particular","turismo","gasolina","M","blanco","soltero","mensual",0,2,"medio","telefonico",0,3,0,1,8.345,0,10,0,"fin_estudio",0,NA,0,"1","1"
1758,"18","4",3.848,0.3848,37,"35-65",15,124,2037,10,29230,74,"rural",22514,"particular","turismo","gasolina","H","otro","casado","anual",0,1,"medio","presencial",0,1,0,1,3.848,0,3.848,1,"baja",0,NA,0,"1","1"
1759,"18","4",5.764,0.5764,42,"35-65",21,116,1901,15,23102,410,"mixta",10806,"particular","turismo","gasolina","M","negro","soltero","anual",1,2,"superior","telefonico",0,3,0,0,5.764,0,7.87,0,"fin_estudio",0,NA,0,"1","1"
1760,"18","4",3.141,0.3141,33,"25-35",15,110,1512,8,30038,75,"rural",13271,"particular","turismo","gasolina","M","blanco","soltero","mensual",0,3,"medio","presencial",0,1,1,0,3.141,0,3.141,1,"baja",0,NA,0,"5","5"
1761,"18","4",3.07,0.307,30,"25-35",8,96,1267,14,24973,1363,"urbana",12287,"particular","turismo","gasolina","M","negro","casado","anual",1,1,"basico","presencial",0,2,0,0,3.07,0,3.07,1,"baja",0,NA,0,"4","4"
1762,"18","4",1.498,0.1498,44,"35-65",18,157,2148,1,1500,115,"rural",7184,"comercial","turismo","gasolina","M","negro","soltero","anual",0,1,"basico","telefonico",0,0,0,1,1.498,0,8.479,0,"fin_estudio",0,NA,0,"5","4"
1763,"18","4",6.83,0.683,73,"65+",37,90,1360,20,15880,157,"mixta",7205,"particular","turismo","gasolina","H","rojo","otro","anual",0,1,"medio","presencial",0,1,0,1,6.83,0,10,0,"fin_estudio",0,NA,0,"1","1"
1764,"18","4",2.575,0.2575,54,"35-65",28,57,932,7,30349,148,"rural",9450,"particular","turismo","diesel","M","blanco","casado","anual",1,2,"medio","presencial",0,1,0,0,2.575,0,2.575,1,"baja",0,NA,0,"1","1"
1765,"18","4",7.324,0.7324,43,"35-65",17,101,1331,7,25226,184,"mixta",10478,"particular","turismo","diesel","M","blanco","otro","anual",0,1,"basico","presencial",0,0,0,0,7.324,0,10,0,"fin_estudio",0,NA,0,"1","1"
1766,"18","4",3.371,0.3371,61,"35-65",35,55,823,11,25366,41,"rural",20902,"particular","turismo","gasolina","H","gris","casado","anual",0,1,"superior","presencial",0,1,0,1,3.371,0,3.371,1,"baja",0,NA,0,"1","1"
1767,"18","4",4.303,0.4303,60,"35-65",37,55,800,9,17721,68,"rural",9078,"particular","turismo","diesel","H","otro","soltero","anual",0,1,"basico","telefonico",0,2,0,0,4.303,0,10,0,"fin_estudio",0,NA,0,"1","1"
1768,"19","4",8.507,0.8507,27,"25-35",3,127,2270,10,30396,1029,"urbana",7253,"particular","turismo","diesel","H","gris","soltero","mensual",1,1,"superior","presencial",0,2,0,1,8.507,0,10,0,"fin_estudio",0,NA,0,"1","1"
1769,"19","4",6.786,0.6786,31,"25-35",10,76,1098,1,34474,121,"rural",12053,"particular","turismo","gasolina","M","otro","casado","anual",0,1,"basico","telematico",0,4,0,0,6.786,0,6.786,1,"baja",0,NA,0,"1","1"
1770,"19","4",8.687,0.8687,35,"25-35",11,123,2019,11,25610,438,"mixta",9368,"particular","turismo","gasolina","M","rojo","soltero","anual",1,1,"medio","presencial",0,1,0,2,8.687,0,8.687,1,"baja",0,NA,0,"1","1"
1771,"19","4",1.214,0.1214,20,"18-25",2,152,2104,12,29996,138,"rural",19034,"particular","turismo","diesel","H","gris","casado","anual",1,1,"medio","presencial",0,2,0,0,1.214,0,7.548,0,"fin_estudio",0,NA,0,"1","1"
1772,"19","4",4.739,0.4739,69,"65+",42,112,1356,13,27765,223,"mixta",10281,"particular","turismo","gasolina","H","negro","casado","mensual",0,2,"basico","presencial",2,2,0,2,1.711,1,4.739,1,"baja",3888.93,1944.46,1,"5","5"
1773,"19","4",8.788,0.8788,66,"65+",44,115,1424,16,22312,158,"mixta",17167,"particular","turismo","gasolina","H","otro","soltero","anual",0,2,"superior","presencial",0,10,0,0,8.788,0,10,0,"fin_estudio",0,NA,0,"1","1"
1774,"19","4",6.013,0.6013,40,"35-65",10,143,1909,15,12487,278,"mixta",11773,"particular","furgoneta","gasolina","H","blanco","casado","anual",1,1,"basico","telefonico",0,5,0,2,6.013,0,6.013,1,"baja",0,NA,0,"1","1"
1775,"19","4",3.636,0.3636,27,"25-35",5,192,3454,12,26096,856,"mixta",21114,"particular","moto","gasolina","H","gris","otro","anual",1,2,"basico","presencial",0,0,0,0,3.636,0,3.636,1,"baja",0,NA,0,"3","3"
1776,"19","4",2.9,0.29,27,"25-35",8,138,2103,17,27668,442,"mixta",8679,"comercial","moto","diesel","M","gris","casado","mensual",0,1,"medio","presencial",0,1,0,1,2.9,0,2.9,1,"baja",0,NA,0,"3","3"
1777,"19","4",2.107,0.2107,74,"65+",33,136,1800,5,32221,628,"mixta",6136,"particular","moto","diesel","H","negro","casado","anual",0,2,"medio","telefonico",0,0,0,0,2.107,0,2.107,1,"baja",0,NA,0,"5","4"
1778,"19","4",4.444,0.4444,39,"35-65",10,163,2422,5,11580,131,"rural",10588,"particular","turismo","gasolina","H","gris","casado","anual",0,2,"basico","telefonico",1,3,0,1,1.671,1,10,0,"fin_estudio",590.43,590.43,1,"4","3"
1779,"19","4",2.142,0.2142,64,"35-65",19,197,2429,11,22669,318,"mixta",16122,"particular","turismo","diesel","M","negro","casado","mensual",1,2,"basico","presencial",0,1,0,2,2.142,0,2.142,1,"baja",0,NA,0,"1","1"
1780,"19","4",3.567,0.3567,46,"35-65",18,96,1609,10,30834,54,"rural",13750,"particular","turismo","gasolina","M","otro","soltero","anual",0,1,"medio","presencial",0,1,0,0,3.567,0,10,0,"fin_estudio",0,NA,0,"2","1"
1781,"19","4",4.683,0.4683,36,"35-65",10,174,2913,8,17340,1886,"urbana",7666,"comercial","turismo","diesel","M","gris","casado","mensual",0,2,"medio","telematico",2,0,1,1,0.79,1,5.818,0,"fin_estudio",5444.55,2722.28,1,"3","3"
1782,"19","4",2.101,0.2101,35,"25-35",8,98,1360,4,17142,199,"mixta",15472,"particular","turismo","gasolina","H","blanco","casado","mensual",1,1,"basico","presencial",1,1,0,0,0.516,1,10,0,"fin_estudio",2503.51,2503.51,1,"3","3"
1783,"19","4",9.943,0.9943,43,"35-65",11,73,1272,8,23493,154,"mixta",14749,"particular","turismo","gasolina","M","rojo","soltero","anual",0,1,"medio","presencial",1,3,0,1,8.193,1,10,0,"fin_estudio",3339.51,3339.51,1,"2","2"
1784,"19","4",4.764,0.4764,56,"35-65",33,92,1220,12,17937,213,"mixta",13281,"particular","turismo","diesel","M","blanco","casado","mensual",0,1,"medio","presencial",0,1,0,0,4.764,0,4.764,1,"baja",0,NA,0,"3","3"
1785,"19","4",1.618,0.1618,50,"35-65",18,104,1531,8,18291,408,"mixta",11146,"particular","turismo","diesel","M","rojo","otro","mensual",1,1,"basico","presencial",0,0,0,0,1.618,0,2.233,0,"fin_estudio",0,NA,0,"2","1"
1786,"19","4",0.818,0.0818,68,"65+",24,121,1456,12,28792,96,"rural",15925,"particular","turismo","gasolina","M","negro","soltero","anual",0,2,"superior","presencial",0,2,0,0,0.818,0,0.818,1,"baja",0,NA,0,"3","3"
1787,"19","4",1.874,0.1874,63,"35-65",31,135,2016,3,25286,1557,"urbana",4750,"particular","furgoneta","diesel","H","negro","casado","anual",1,1,"basico","presencial",0,0,0,2,1.874,0,10,0,"fin_estudio",0,NA,0,"1","1"
1788,"19","4",6.216,0.6216,33,"25-35",11,55,936,10,16354,127,"rural",7541,"particular","turismo","gasolina","M","blanco","soltero","anual",1,2,"superior","telefonico",0,2,0,1,6.216,0,6.216,1,"baja",0,NA,0,"3","3"
1789,"19","4",9.079,0.9079,18,"18-25",0,144,2105,7,25762,251,"mixta",5705,"particular","furgoneta","gasolina","H","gris","casado","mensual",1,1,"medio","telefonico",6,1,0,1,4.673,1,9.079,1,"baja",15913.34,2652.22,1,"5","5"
1790,"19","4",2.519,0.2519,60,"35-65",37,71,1058,2,21331,588,"mixta",8685,"particular","turismo","diesel","H","gris","soltero","anual",0,1,"medio","presencial",0,0,0,0,2.519,0,2.519,1,"baja",0,NA,0,"1","1"
1791,"19","4",2.969,0.2969,68,"65+",29,137,1949,10,43017,5706,"urbana",6831,"particular","turismo","gasolina","M","rojo","casado","mensual",1,2,"superior","presencial",0,2,0,1,2.969,0,10,0,"fin_estudio",0,NA,0,"1","1"
1792,"19","4",1.761,0.1761,40,"35-65",22,76,1060,10,10673,217,"mixta",11288,"particular","turismo","diesel","H","otro","soltero","anual",0,1,"medio","presencial",0,2,0,0,1.761,0,10,0,"fin_estudio",0,NA,0,"2","2"
1793,"19","4",7.591,0.7591,31,"25-35",12,112,1615,8,21655,1070,"urbana",25808,"particular","turismo","gasolina","M","gris","soltero","anual",1,1,"superior","presencial",1,3,0,1,1.212,1,10,0,"fin_estudio",2355.81,2355.81,1,"2","2"
1794,"19","4",2.241,0.2241,43,"35-65",14,138,1916,7,30322,1334,"urbana",7569,"particular","furgoneta","gasolina","H","gris","soltero","anual",0,1,"medio","presencial",0,0,0,0,2.241,0,2.241,1,"baja",0,NA,0,"3","2"
1795,"19","4",3.095,0.3095,36,"35-65",10,59,800,1,19282,96,"rural",8515,"particular","turismo","gasolina","M","otro","soltero","anual",0,1,"superior","presencial",1,0,0,0,1.209,1,10,0,"fin_estudio",2970.96,2970.96,1,"3","2"
1796,"19","4",2.885,0.2885,51,"35-65",20,106,1863,19,24679,725,"mixta",31659,"particular","turismo","diesel","H","gris","soltero","anual",0,1,"medio","telematico",0,5,0,1,2.885,0,2.885,1,"baja",0,NA,0,"1","1"
1797,"19","4",2.782,0.2782,32,"25-35",11,85,1226,13,15940,569,"mixta",10215,"particular","turismo","gasolina","M","rojo","casado","mensual",0,1,"basico","presencial",0,1,1,0,2.782,0,2.782,1,"baja",0,NA,0,"1","1"
1798,"19","4",8.729,0.8729,29,"25-35",5,110,1871,3,35475,4152,"urbana",7705,"particular","turismo","diesel","M","negro","casado","anual",0,2,"superior","presencial",2,3,0,0,6.901,1,10,0,"fin_estudio",11877.16,5938.58,1,"3","3"
1799,"19","4",2.288,0.2288,56,"35-65",38,109,1693,0,24245,190,"mixta",12129,"comercial","furgoneta","gasolina","H","rojo","soltero","mensual",1,1,"basico","presencial",0,0,0,2,2.288,0,5.944,0,"fin_estudio",0,NA,0,"4","4"
1800,"19","4",1.206,0.1206,23,"18-25",5,88,1553,7,40258,1093,"urbana",9363,"particular","turismo","diesel","H","otro","casado","mensual",1,1,"medio","presencial",0,0,0,0,1.206,0,6.714,0,"fin_estudio",0,NA,0,"2","1"
1801,"19","4",1.001,0.1001,28,"25-35",4,92,1220,0,34975,622,"mixta",10212,"particular","furgoneta","diesel","M","rojo","otro","mensual",1,1,"superior","presencial",0,0,0,0,1.001,0,3.042,0,"fin_estudio",0,NA,0,"1","1"
1802,"19","4",1.389,0.1389,53,"35-65",13,55,957,15,41091,277,"mixta",13496,"particular","turismo","diesel","H","gris","casado","anual",0,2,"medio","telefonico",0,0,0,0,1.389,0,10,0,"fin_estudio",0,NA,0,"1","1"
1803,"19","4",9.342,0.9342,46,"35-65",19,98,1426,3,28630,288,"mixta",9487,"particular","turismo","gasolina","M","gris","soltero","anual",0,1,"basico","presencial",2,2,0,3,0.669,1,10,0,"fin_estudio",2472.84,1236.42,1,"1","1"
1804,"19","4",6.184,0.6184,65,"35-65",31,55,800,4,30427,292,"mixta",15541,"particular","turismo","diesel","M","negro","soltero","mensual",1,1,"medio","telefonico",2,3,0,0,1.34,1,6.184,1,"baja",5535.65,2767.82,1,"3","2"
1805,"19","4",8.22,0.822,44,"35-65",14,55,911,3,18491,296,"mixta",6266,"particular","turismo","diesel","H","otro","casado","anual",0,1,"medio","presencial",0,0,0,2,8.22,0,8.458,0,"fin_estudio",0,NA,0,"2","1"
1806,"19","4",3.582,0.3582,41,"35-65",17,66,838,1,28966,88,"rural",28653,"particular","moto","gasolina","H","blanco","soltero","mensual",0,2,"basico","presencial",0,4,0,2,3.582,0,4.883,0,"fin_estudio",0,NA,0,"1","1"
1807,"19","4",3.21,0.321,87,"65+",27,126,1871,4,20045,813,"mixta",10514,"particular","turismo","diesel","H","negro","casado","mensual",0,1,"basico","telefonico",0,2,0,0,3.21,0,3.21,1,"baja",0,NA,0,"3","3"
1808,"19","4",1.394,0.1394,88,"65+",40,138,2287,16,26438,1661,"urbana",18450,"particular","turismo","diesel","M","otro","casado","mensual",1,1,"superior","presencial",0,0,0,0,1.394,0,9.673,0,"fin_estudio",0,NA,0,"3","3"
1809,"19","4",4.723,0.4723,22,"18-25",3,118,2062,0,24356,556,"mixta",12358,"particular","turismo","diesel","H","blanco","otro","anual",0,1,"medio","telematico",0,2,0,0,4.723,0,7.38,0,"fin_estudio",0,NA,0,"1","1"
1810,"19","4",1.743,0.1743,41,"35-65",19,154,1875,18,36157,172,"mixta",8660,"particular","turismo","diesel","H","negro","soltero","mensual",1,1,"basico","presencial",0,1,0,0,1.743,0,1.968,0,"fin_estudio",0,NA,0,"3","3"
1811,"19","4",0.895,0.0895,64,"35-65",18,149,2186,9,24459,64,"rural",6538,"particular","turismo","gasolina","H","otro","casado","anual",0,1,"basico","telematico",0,0,0,0,0.895,0,0.895,1,"baja",0,NA,0,"1","1"
1812,"19","4",1.561,0.1561,86,"65+",26,138,2294,2,13799,856,"mixta",10492,"particular","moto","diesel","H","blanco","casado","mensual",0,1,"medio","presencial",0,1,0,1,1.561,0,1.561,1,"baja",0,NA,0,"5","5"
1813,"19","4",6.085,0.6085,39,"35-65",8,140,2318,11,28826,238,"mixta",30909,"comercial","turismo","diesel","M","blanco","casado","mensual",1,1,"medio","presencial",2,0,1,2,3.672,1,6.085,1,"baja",11831.11,5915.56,1,"4","3"
1814,"19","4",4.533,0.4533,35,"25-35",11,114,1948,4,16567,480,"mixta",5487,"particular","turismo","gasolina","H","rojo","soltero","anual",0,1,"superior","presencial",0,1,0,2,4.533,0,4.533,1,"baja",0,NA,0,"3","3"
1815,"19","4",7.389,0.7389,62,"35-65",19,91,1598,0,31229,41,"rural",15137,"particular","turismo","diesel","H","otro","otro","anual",1,1,"basico","presencial",0,4,0,3,7.389,0,7.389,1,"baja",0,NA,0,"1","1"
1816,"19","4",5.95,0.595,60,"35-65",29,85,1164,2,21525,139,"rural",11010,"particular","furgoneta","gasolina","H","rojo","soltero","mensual",0,1,"medio","presencial",1,0,0,1,2.376,1,5.95,1,"baja",224.68,224.68,1,"3","2"
1817,"19","4",3.118,0.3118,47,"35-65",13,134,2188,11,19308,523,"mixta",11122,"particular","turismo","diesel","M","blanco","casado","anual",0,1,"basico","presencial",0,0,0,1,3.118,0,3.118,1,"baja",0,NA,0,"1","1"
1818,"19","4",7.79,0.779,68,"65+",26,55,800,5,19289,90,"rural",8098,"particular","turismo","gasolina","H","otro","casado","anual",1,2,"medio","presencial",5,6,0,0,0.74,1,10,0,"fin_estudio",10097.28,2019.46,1,"5","5"
1819,"19","4",9.402,0.9402,54,"35-65",18,102,1443,1,32910,171,"mixta",12600,"particular","turismo","diesel","H","negro","casado","mensual",0,1,"superior","presencial",0,5,0,3,9.402,0,10,0,"fin_estudio",0,NA,0,"1","1"
1820,"19","4",9.34,0.934,59,"35-65",25,112,2001,10,38700,745,"mixta",21514,"particular","turismo","diesel","M","rojo","otro","mensual",0,1,"medio","telefonico",1,3,0,3,2.168,1,10,0,"fin_estudio",1098.65,1098.65,1,"1","1"
1821,"19","4",6.573,0.6573,47,"35-65",19,99,1367,16,32385,206,"mixta",7667,"particular","furgoneta","gasolina","H","gris","casado","anual",1,1,"basico","telematico",0,0,0,2,6.573,0,10,0,"fin_estudio",0,NA,0,"1","1"
1822,"19","4",2.075,0.2075,35,"25-35",15,188,2684,5,32357,333,"mixta",5851,"particular","moto","diesel","H","rojo","otro","anual",1,2,"basico","presencial",0,1,0,1,2.075,0,10,0,"fin_estudio",0,NA,0,"3","3"
1823,"19","4",2.755,0.2755,43,"35-65",25,118,1610,0,35189,623,"mixta",20951,"comercial","turismo","gasolina","M","gris","soltero","mensual",0,1,"basico","telematico",1,4,0,0,1.551,1,2.755,1,"baja",3925.53,3925.53,1,"2","2"
1824,"19","4",3.814,0.3814,50,"35-65",14,136,1662,8,20477,146,"rural",14810,"particular","turismo","diesel","M","rojo","casado","anual",0,1,"superior","telematico",0,1,0,1,3.814,0,3.814,1,"baja",0,NA,0,"1","1"
1825,"19","4",5.803,0.5803,51,"35-65",30,147,2300,22,22752,200,"mixta",20986,"particular","turismo","gasolina","H","otro","casado","mensual",1,1,"medio","presencial",1,0,0,1,2.82,1,9.582,0,"fin_estudio",3785.43,3785.43,1,"2","1"
1826,"19","4",2.267,0.2267,28,"25-35",6,84,1144,15,19641,418,"mixta",5369,"particular","turismo","diesel","M","negro","casado","mensual",0,1,"basico","presencial",0,0,0,0,2.267,0,10,0,"fin_estudio",0,NA,0,"2","2"
1827,"19","4",9.024,0.9024,54,"35-65",13,153,2380,11,29884,599,"mixta",8595,"particular","moto","diesel","H","blanco","casado","anual",0,1,"basico","telefonico",3,5,1,1,4.575,1,9.024,1,"baja",17394.43,5798.14,1,"4","4"
1828,"19","4",2.156,0.2156,40,"35-65",14,84,1257,9,20850,60,"rural",4749,"particular","turismo","diesel","H","blanco","casado","mensual",1,2,"medio","presencial",0,0,0,1,2.156,0,10,0,"fin_estudio",0,NA,0,"1","1"
1829,"19","4",2.735,0.2735,42,"35-65",8,184,2467,6,25071,610,"mixta",8686,"particular","turismo","gasolina","M","negro","otro","anual",1,2,"medio","telefonico",1,0,0,2,1.151,1,10,0,"fin_estudio",328.61,328.61,1,"3","3"
1830,"19","4",5.663,0.5663,29,"25-35",6,153,2741,4,28798,557,"mixta",4802,"particular","turismo","diesel","H","negro","casado","mensual",0,1,"medio","presencial",0,1,0,0,5.663,0,5.663,1,"baja",0,NA,0,"2","1"
1831,"19","4",3.303,0.3303,54,"35-65",13,110,1841,6,31854,337,"mixta",12249,"particular","turismo","diesel","H","gris","soltero","mensual",0,2,"superior","telematico",0,0,0,0,3.303,0,3.303,1,"baja",0,NA,0,"1","1"
1832,"19","4",2.565,0.2565,36,"35-65",7,104,1335,13,28744,175,"mixta",7239,"particular","turismo","diesel","M","gris","soltero","mensual",0,1,"medio","presencial",1,0,0,1,0.694,1,10,0,"fin_estudio",411.57,411.57,1,"4","4"
1833,"19","4",0.502,0.0502,34,"25-35",11,55,907,1,17270,342,"mixta",18290,"particular","turismo","diesel","M","negro","casado","mensual",0,1,"superior","presencial",0,0,0,0,0.502,0,0.502,1,"baja",0,NA,0,"1","1"
1834,"19","4",0.21,0.021,85,"65+",31,140,1969,2,35186,464,"mixta",11250,"particular","turismo","gasolina","H","gris","soltero","anual",0,1,"basico","presencial",0,1,0,0,0.21,0,0.21,1,"baja",0,NA,0,"1","1"
1835,"19","4",2.351,0.2351,52,"35-65",24,146,2560,11,13514,851,"mixta",16831,"particular","turismo","diesel","H","blanco","casado","mensual",0,2,"superior","presencial",1,1,0,0,2.169,1,10,0,"fin_estudio",1141.15,1141.15,1,"4","5"
1836,"19","4",9.933,0.9933,27,"25-35",9,101,1458,10,28411,481,"mixta",17733,"particular","turismo","gasolina","M","otro","soltero","mensual",1,1,"basico","telematico",0,3,1,1,9.933,0,10,0,"fin_estudio",0,NA,0,"1","1"
1837,"19","4",4.747,0.4747,61,"35-65",27,119,1954,2,18602,840,"mixta",14146,"particular","turismo","diesel","H","negro","soltero","anual",0,1,"superior","presencial",0,1,0,0,4.747,0,4.747,1,"baja",0,NA,0,"1","1"
1838,"19","4",5.871,0.5871,58,"35-65",27,98,1464,2,10145,2341,"urbana",11651,"particular","turismo","gasolina","M","otro","otro","mensual",0,2,"basico","presencial",3,2,0,0,3.39,1,5.871,1,"baja",8315.48,2771.83,1,"4","5"
1839,"19","4",8.633,0.8633,21,"18-25",2,160,2008,8,42518,2031,"urbana",9453,"particular","turismo","gasolina","H","blanco","soltero","mensual",0,1,"medio","telefonico",2,6,0,1,3.788,1,10,0,"fin_estudio",3088.86,1544.43,1,"2","3"
1840,"19","4",1.979,0.1979,41,"35-65",23,105,1435,10,38215,513,"mixta",6809,"particular","furgoneta","gasolina","H","rojo","soltero","anual",1,1,"medio","presencial",0,1,0,0,1.979,0,1.979,1,"baja",0,NA,0,"3","2"
1841,"19","4",3.14,0.314,36,"35-65",7,135,2137,10,6983,2008,"urbana",19333,"particular","turismo","gasolina","M","blanco","casado","anual",1,1,"medio","presencial",0,3,0,0,3.14,0,3.14,1,"baja",0,NA,0,"1","1"
1842,"19","4",4.017,0.4017,18,"18-25",0,125,1625,3,26290,452,"mixta",15369,"particular","moto","gasolina","H","gris","otro","anual",0,2,"superior","telefonico",0,1,0,0,4.017,0,5.781,0,"fin_estudio",0,NA,0,"1","1"
1843,"19","4",8.143,0.8143,71,"65+",19,90,1453,0,8497,886,"mixta",11380,"particular","turismo","gasolina","H","negro","soltero","mensual",1,1,"medio","telematico",2,1,0,2,2.443,1,10,0,"fin_estudio",5155.75,2577.88,1,"1","1"
1844,"19","4",2.009,0.2009,18,"18-25",0,103,1533,5,25536,150,"rural",6080,"particular","turismo","diesel","M","otro","soltero","mensual",1,2,"medio","presencial",0,0,0,0,2.009,0,2.009,1,"baja",0,NA,0,"1","1"
1845,"19","4",6.802,0.6802,59,"35-65",16,109,1457,14,20731,910,"mixta",16714,"particular","turismo","diesel","H","blanco","otro","mensual",0,1,"medio","presencial",3,2,0,1,0.607,1,6.802,1,"baja",10318.02,3439.34,1,"2","3"
1846,"19","4",3.985,0.3985,30,"25-35",8,125,1659,13,17102,319,"mixta",15607,"particular","turismo","gasolina","M","otro","soltero","anual",0,1,"basico","telefonico",0,0,0,1,3.985,0,7.897,0,"fin_estudio",0,NA,0,"3","3"
1847,"19","4",0.985,0.0985,57,"35-65",31,127,2107,0,28771,1230,"urbana",7165,"comercial","turismo","gasolina","M","rojo","casado","anual",0,3,"basico","presencial",0,0,0,1,0.985,0,0.985,1,"baja",0,NA,0,"2","2"
1848,"19","4",1.654,0.1654,42,"35-65",23,190,3297,9,16014,287,"mixta",17816,"particular","turismo","gasolina","M","rojo","soltero","mensual",0,1,"medio","presencial",0,0,0,0,1.654,0,8.033,0,"fin_estudio",0,NA,0,"5","5"
1849,"19","4",2.376,0.2376,40,"35-65",16,90,1444,17,34277,314,"mixta",16974,"particular","turismo","gasolina","H","blanco","casado","anual",0,1,"superior","presencial",0,1,0,0,2.376,0,10,0,"fin_estudio",0,NA,0,"2","2"
1850,"19","4",0.573,0.0573,71,"65+",45,55,835,16,16588,98,"rural",27780,"particular","turismo","diesel","H","rojo","soltero","mensual",0,1,"medio","presencial",0,0,0,0,0.573,0,0.573,1,"baja",0,NA,0,"1","1"
1851,"19","4",6.802,0.6802,57,"35-65",22,112,1613,10,31921,435,"mixta",2213,"comercial","turismo","diesel","H","otro","casado","anual",0,2,"superior","presencial",0,3,1,0,6.802,0,9.762,0,"fin_estudio",0,NA,0,"1","1"
1852,"19","4",1.239,0.1239,23,"18-25",5,119,1486,11,22002,105,"rural",13403,"particular","turismo","gasolina","M","otro","casado","anual",0,1,"basico","telematico",0,0,0,1,1.239,0,1.239,1,"baja",0,NA,0,"1","1"
1853,"19","4",0.59,0.059,61,"35-65",18,120,2051,9,31381,159,"mixta",29977,"particular","turismo","gasolina","H","negro","soltero","anual",1,1,"basico","telematico",0,0,0,0,0.59,0,0.59,1,"baja",0,NA,0,"3","3"
1854,"19","4",6.325,0.6325,65,"35-65",34,129,2056,9,25975,775,"mixta",16279,"particular","turismo","diesel","H","blanco","casado","anual",1,1,"superior","presencial",0,2,1,1,6.325,0,9.233,0,"fin_estudio",0,NA,0,"1","1"
1855,"19","4",5.29,0.529,65,"35-65",30,147,2450,12,29789,343,"mixta",16223,"particular","turismo","gasolina","H","blanco","soltero","anual",0,1,"medio","presencial",1,3,1,1,2.366,1,5.29,1,"baja",2177.4,2177.4,1,"4","4"
1856,"19","4",0.378,0.0378,33,"25-35",6,100,1382,3,20083,583,"mixta",25960,"particular","furgoneta","diesel","M","blanco","otro","anual",0,1,"medio","telefonico",0,0,0,0,0.378,0,0.378,1,"baja",0,NA,0,"2","2"
1857,"19","4",0.586,0.0586,55,"35-65",14,72,1133,8,27095,201,"mixta",13910,"particular","turismo","gasolina","H","negro","casado","anual",0,1,"medio","telefonico",0,0,0,0,0.586,0,0.586,1,"baja",0,NA,0,"3","3"
1858,"19","4",3.658,0.3658,52,"35-65",25,148,2244,6,27449,60,"rural",22356,"comercial","turismo","gasolina","M","otro","otro","mensual",0,2,"basico","presencial",0,0,0,0,3.658,0,3.658,1,"baja",0,NA,0,"1","1"
1859,"19","4",3.41,0.341,61,"35-65",32,55,800,10,17026,123,"rural",16584,"particular","turismo","gasolina","H","otro","casado","mensual",0,1,"superior","telefonico",1,2,0,0,0.779,1,3.41,1,"baja",327.09,327.09,1,"3","2"
1860,"19","4",1.963,0.1963,52,"35-65",28,138,2284,8,41723,998,"mixta",14689,"particular","turismo","diesel","H","gris","soltero","mensual",0,2,"medio","presencial",1,0,0,0,0.453,1,4.835,0,"fin_estudio",3018.54,3018.54,1,"2","1"
1861,"19","4",2.668,0.2668,33,"25-35",5,110,1482,8,26115,384,"mixta",11772,"particular","turismo","diesel","M","gris","soltero","anual",0,1,"basico","presencial",0,0,0,0,2.668,0,3.073,0,"fin_estudio",0,NA,0,"2","1"
1862,"20","4",5.772,0.5772,18,"18-25",0,117,1950,3,33392,568,"mixta",19511,"comercial","turismo","gasolina","H","blanco","soltero","anual",0,1,"superior","presencial",1,3,0,4,3.376,1,10,0,"fin_estudio",4257.84,4257.84,1,"4","4"
1863,"20","4",2.435,0.2435,41,"35-65",16,97,1223,1,20230,439,"mixta",13031,"particular","turismo","gasolina","M","otro","casado","mensual",0,1,"medio","presencial",0,0,0,0,2.435,0,4.827,0,"fin_estudio",0,NA,0,"2","2"
1864,"20","4",4.631,0.4631,46,"35-65",22,143,2277,5,23482,919,"mixta",9767,"particular","furgoneta","diesel","H","otro","soltero","anual",0,1,"basico","presencial",1,2,0,0,3.287,1,10,0,"fin_estudio",2444.73,2444.73,1,"4","4"
1865,"20","4",2.853,0.2853,43,"35-65",9,103,1526,9,35449,432,"mixta",15065,"particular","turismo","gasolina","M","blanco","casado","anual",1,1,"medio","presencial",1,3,0,1,1.057,1,2.889,0,"fin_estudio",4806.55,4806.55,1,"3","3"
1866,"20","4",6.111,0.6111,44,"35-65",22,94,1147,11,16600,403,"mixta",12910,"particular","turismo","gasolina","M","otro","casado","anual",1,1,"medio","presencial",0,3,1,4,6.111,0,9.552,0,"fin_estudio",0,NA,0,"1","1"
1867,"20","4",1.313,0.1313,42,"35-65",15,133,1716,8,36628,387,"mixta",12333,"particular","turismo","gasolina","M","otro","soltero","anual",1,1,"basico","telefonico",0,1,0,1,1.313,0,1.313,1,"baja",0,NA,0,"2","2"
1868,"20","4",1.617,0.1617,51,"35-65",18,89,1453,5,14467,2915,"urbana",10544,"particular","turismo","diesel","H","rojo","soltero","anual",0,1,"basico","presencial",0,1,0,0,1.617,0,10,0,"fin_estudio",0,NA,0,"1","1"
1869,"20","4",3.106,0.3106,47,"35-65",13,90,1350,7,17054,2744,"urbana",17050,"particular","turismo","diesel","H","otro","casado","anual",0,1,"basico","presencial",0,1,0,2,3.106,0,3.106,1,"baja",0,NA,0,"2","1"
1870,"20","4",2.969,0.2969,45,"35-65",16,67,982,11,27408,1478,"urbana",36751,"particular","turismo","diesel","M","otro","casado","anual",0,1,"medio","telematico",0,0,0,1,2.969,0,2.969,1,"baja",0,NA,0,"2","1"
1871,"20","4",5.996,0.5996,56,"35-65",16,89,1160,8,25069,1091,"urbana",15831,"particular","turismo","gasolina","H","otro","soltero","anual",0,1,"basico","presencial",0,1,2,0,5.996,0,10,0,"fin_estudio",0,NA,0,"1","1"
1872,"20","4",7.472,0.7472,57,"35-65",29,148,2486,9,34213,383,"mixta",9180,"particular","turismo","diesel","M","otro","soltero","mensual",0,1,"basico","presencial",0,2,0,4,7.472,0,10,0,"fin_estudio",0,NA,0,"1","1"
1873,"20","4",1.835,0.1835,48,"35-65",12,124,2231,12,25867,291,"mixta",9373,"particular","moto","gasolina","M","blanco","casado","mensual",1,2,"medio","telefonico",1,1,0,0,0.73,1,6.157,0,"fin_estudio",2176.64,2176.64,1,"5","5"
1874,"20","4",5.005,0.5005,39,"35-65",17,158,2118,11,25107,182,"mixta",7672,"particular","turismo","diesel","H","blanco","otro","mensual",0,1,"medio","presencial",0,0,0,2,5.005,0,9.682,0,"fin_estudio",0,NA,0,"3","3"
1875,"20","4",5.185,0.5185,49,"35-65",22,67,1077,15,35371,296,"mixta",5694,"particular","turismo","gasolina","H","gris","casado","anual",0,2,"basico","telefonico",1,0,0,2,3.529,1,7.1,0,"fin_estudio",453.18,453.18,1,"2","2"
1876,"20","4",2.339,0.2339,67,"65+",30,111,1981,2,27035,1240,"urbana",23676,"particular","turismo","diesel","M","rojo","casado","mensual",0,1,"medio","telematico",0,1,0,1,2.339,0,10,0,"fin_estudio",0,NA,0,"5","4"
1877,"20","4",1.045,0.1045,70,"65+",31,93,1352,10,17683,451,"mixta",10923,"particular","turismo","diesel","M","blanco","soltero","anual",0,1,"medio","telefonico",0,0,1,0,1.045,0,6.924,0,"fin_estudio",0,NA,0,"2","2"
1878,"20","4",3.684,0.3684,44,"35-65",10,121,2030,5,28902,552,"mixta",8781,"comercial","turismo","gasolina","H","blanco","soltero","anual",0,1,"medio","telefonico",0,1,0,1,3.684,0,10,0,"fin_estudio",0,NA,0,"1","1"
1879,"20","4",2.136,0.2136,23,"18-25",3,105,1616,4,22919,41,"rural",6647,"particular","turismo","gasolina","M","negro","casado","mensual",0,2,"medio","presencial",0,1,0,0,2.136,0,10,0,"fin_estudio",0,NA,0,"2","2"
1880,"20","4",1.46,0.146,36,"35-65",17,55,800,15,23179,4559,"urbana",18729,"particular","turismo","diesel","H","otro","casado","anual",0,1,"medio","telefonico",0,0,0,0,1.46,0,10,0,"fin_estudio",0,NA,0,"3","3"
1881,"20","4",6.04,0.604,46,"35-65",14,55,940,13,28268,496,"mixta",27354,"particular","turismo","diesel","M","rojo","soltero","anual",1,3,"medio","telematico",1,0,0,1,5.479,1,7.552,0,"fin_estudio",983.58,983.58,1,"2","1"
1882,"20","4",2.396,0.2396,29,"25-35",8,55,986,8,20340,753,"mixta",13365,"particular","turismo","gasolina","H","gris","casado","anual",1,1,"superior","presencial",0,2,0,0,2.396,0,10,0,"fin_estudio",0,NA,0,"3","3"
1883,"20","4",7.841,0.7841,58,"35-65",15,62,947,2,34963,788,"mixta",25903,"particular","furgoneta","gasolina","M","blanco","soltero","mensual",0,1,"basico","telefonico",2,5,0,4,0.033,1,7.841,1,"baja",7041.19,3520.6,1,"3","3"
1884,"20","4",2.919,0.2919,42,"35-65",22,141,1786,8,24107,484,"mixta",6034,"particular","turismo","diesel","M","otro","casado","mensual",0,1,"basico","presencial",0,0,0,0,2.919,0,10,0,"fin_estudio",0,NA,0,"3","3"
1885,"20","4",1.466,0.1466,34,"25-35",8,97,1342,6,16528,259,"mixta",7991,"particular","furgoneta","diesel","H","otro","casado","anual",1,1,"basico","presencial",0,1,0,0,1.466,0,1.466,1,"baja",0,NA,0,"1","1"
1886,"20","4",6.855,0.6855,47,"35-65",20,89,1165,13,23726,2770,"urbana",5248,"particular","turismo","gasolina","M","otro","soltero","anual",0,1,"medio","presencial",1,0,0,3,2.556,1,6.855,1,"baja",541.27,541.27,1,"2","2"
1887,"20","4",0.395,0.0395,65,"35-65",29,176,2254,0,34697,180,"mixta",10005,"particular","turismo","diesel","H","negro","casado","anual",1,1,"medio","telefonico",0,0,0,0,0.395,0,0.395,1,"baja",0,NA,0,"2","2"
1888,"20","4",2.886,0.2886,57,"35-65",33,162,2131,6,7938,374,"mixta",12931,"particular","turismo","diesel","H","otro","soltero","anual",0,2,"superior","presencial",0,1,0,0,2.886,0,5.061,0,"fin_estudio",0,NA,0,"1","1"
1889,"20","4",2.62,0.262,20,"18-25",2,134,2062,0,32605,353,"mixta",7526,"particular","turismo","diesel","M","rojo","soltero","anual",1,1,"superior","telefonico",2,2,0,2,0.604,1,2.62,1,"baja",7917.73,3958.87,1,"3","2"
1890,"20","4",1.742,0.1742,23,"18-25",2,113,1889,8,27629,479,"mixta",11509,"particular","turismo","gasolina","M","otro","casado","mensual",1,4,"medio","telematico",0,1,0,0,1.742,0,10,0,"fin_estudio",0,NA,0,"4","3"
1891,"20","4",1.335,0.1335,67,"65+",45,110,1824,4,25145,608,"mixta",29624,"comercial","turismo","diesel","H","blanco","casado","mensual",0,1,"superior","presencial",1,0,0,1,0.715,1,1.335,1,"baja",2482.18,2482.18,1,"4","4"
1892,"20","4",6.752,0.6752,47,"35-65",23,103,1461,12,32219,478,"mixta",7916,"comercial","moto","diesel","H","otro","casado","anual",0,1,"superior","telefonico",0,1,0,4,6.752,0,10,0,"fin_estudio",0,NA,0,"1","1"
1893,"20","4",4.242,0.4242,47,"35-65",13,55,800,15,26876,233,"mixta",10177,"comercial","furgoneta","gasolina","M","negro","soltero","mensual",0,1,"medio","presencial",0,1,0,0,4.242,0,7.468,0,"fin_estudio",0,NA,0,"1","1"
1894,"20","4",4.7,0.47,44,"35-65",21,131,1894,13,32932,927,"mixta",16807,"particular","turismo","diesel","M","otro","soltero","anual",0,1,"superior","presencial",1,2,0,2,3.138,1,10,0,"fin_estudio",374.49,374.49,1,"4","4"
1895,"20","4",2.935,0.2935,42,"35-65",9,132,1612,10,26878,240,"mixta",9671,"particular","turismo","gasolina","M","gris","soltero","anual",1,1,"medio","presencial",0,0,0,1,2.935,0,2.935,1,"baja",0,NA,0,"2","2"
1896,"20","4",2.365,0.2365,35,"25-35",6,197,2887,13,37073,50,"rural",10841,"particular","turismo","diesel","H","gris","soltero","anual",1,2,"superior","presencial",0,0,0,0,2.365,0,2.365,1,"baja",0,NA,0,"1","1"
1897,"20","4",2.676,0.2676,45,"35-65",22,182,3022,16,37763,159,"mixta",6940,"particular","turismo","gasolina","H","otro","casado","anual",1,1,"medio","telematico",1,1,0,0,2.315,1,2.676,1,"baja",2958.35,2958.35,1,"2","3"
1898,"20","4",2.942,0.2942,39,"35-65",18,106,1650,9,21758,484,"mixta",20047,"particular","moto","gasolina","H","rojo","soltero","anual",1,1,"basico","telefonico",1,1,1,0,1.536,1,8.852,0,"fin_estudio",1633.15,1633.15,1,"5","5"
1899,"20","4",7.789,0.7789,66,"65+",31,121,2139,9,9117,110,"rural",13639,"particular","turismo","gasolina","H","gris","soltero","anual",0,1,"medio","telematico",0,3,0,3,7.789,0,10,0,"fin_estudio",0,NA,0,"1","1"
1900,"20","4",1.964,0.1964,67,"65+",34,162,2441,5,39882,667,"mixta",8690,"particular","turismo","gasolina","H","rojo","casado","anual",0,1,"basico","telefonico",0,0,0,3,1.964,0,10,0,"fin_estudio",0,NA,0,"3","3"
1901,"20","4",7.392,0.7392,42,"35-65",14,116,1641,12,28263,1037,"urbana",23244,"particular","turismo","gasolina","H","rojo","casado","anual",0,1,"medio","presencial",2,4,0,2,3.191,1,10,0,"fin_estudio",7755.49,3877.74,1,"5","5"
1902,"20","4",3.522,0.3522,38,"35-65",15,135,1767,13,22633,185,"mixta",19723,"particular","turismo","gasolina","M","negro","casado","mensual",0,1,"medio","presencial",0,2,0,3,3.522,0,5.618,0,"fin_estudio",0,NA,0,"3","3"
1903,"20","4",8.696,0.8696,24,"18-25",3,55,943,7,27045,258,"mixta",12086,"particular","turismo","diesel","M","blanco","soltero","anual",1,2,"basico","presencial",3,2,0,4,2.066,1,10,0,"fin_estudio",4007.08,1335.69,1,"5","4"
1904,"20","4",5.75,0.575,50,"35-65",18,109,1921,7,27350,38,"rural",10672,"comercial","furgoneta","diesel","M","rojo","soltero","mensual",0,1,"medio","presencial",0,5,0,4,5.75,0,9.543,0,"fin_estudio",0,NA,0,"1","1"
1905,"20","4",6.77,0.677,60,"35-65",33,112,1452,2,42164,46,"rural",8539,"particular","moto","gasolina","M","otro","casado","anual",0,1,"medio","presencial",0,1,0,2,6.77,0,9.717,0,"fin_estudio",0,NA,0,"1","1"
1906,"20","4",1.546,0.1546,48,"35-65",21,156,2306,9,30990,168,"mixta",7065,"particular","moto","diesel","H","rojo","soltero","mensual",1,1,"basico","telefonico",0,0,0,0,1.546,0,10,0,"fin_estudio",0,NA,0,"1","1"
1907,"20","4",1.434,0.1434,61,"35-65",31,137,1890,8,35471,337,"mixta",6784,"particular","turismo","diesel","M","negro","soltero","anual",1,3,"medio","presencial",0,0,0,0,1.434,0,6.25,0,"fin_estudio",0,NA,0,"3","3"
1908,"20","4",8.223,0.8223,34,"25-35",14,125,1989,12,29637,98,"rural",7830,"particular","turismo","gasolina","H","negro","casado","mensual",1,1,"basico","telematico",1,3,0,4,7.498,1,10,0,"fin_estudio",1255.86,1255.86,1,"3","2"
1909,"20","4",1.377,0.1377,45,"35-65",21,107,1905,16,23234,1257,"urbana",21447,"particular","turismo","diesel","M","rojo","soltero","anual",0,1,"medio","telefonico",0,1,0,1,1.377,0,2.802,0,"fin_estudio",0,NA,0,"1","1"
1910,"20","4",7.671,0.7671,48,"35-65",19,76,969,7,35376,71,"rural",11014,"particular","moto","diesel","M","negro","otro","anual",1,2,"superior","presencial",0,4,1,1,7.671,0,8.843,0,"fin_estudio",0,NA,0,"1","1"
1911,"20","4",2.813,0.2813,42,"35-65",12,116,1654,10,24367,2765,"urbana",23742,"particular","turismo","gasolina","M","otro","otro","anual",1,1,"medio","presencial",1,0,0,1,2.662,1,3.985,0,"fin_estudio",2307.13,2307.13,1,"1","2"
1912,"20","4",8.458,0.8458,40,"35-65",13,67,833,7,20103,813,"mixta",13758,"particular","moto","diesel","H","negro","soltero","mensual",0,2,"superior","presencial",3,4,0,2,2.084,1,10,0,"fin_estudio",11615.92,3871.97,1,"2","2"
1913,"20","4",2.663,0.2663,35,"25-35",14,94,1263,4,21175,161,"mixta",6577,"particular","turismo","diesel","H","otro","casado","anual",0,1,"basico","telefonico",0,2,0,2,2.663,0,3.775,0,"fin_estudio",0,NA,0,"3","2"
1914,"20","4",1.339,0.1339,28,"25-35",6,159,2304,6,21694,1205,"urbana",3473,"particular","turismo","diesel","H","rojo","casado","anual",0,1,"superior","presencial",0,0,0,0,1.339,0,3.362,0,"fin_estudio",0,NA,0,"2","1"
1915,"20","4",5.709,0.5709,40,"35-65",12,62,938,3,26579,259,"mixta",17519,"particular","turismo","gasolina","H","negro","soltero","anual",0,1,"medio","presencial",0,2,0,3,5.709,0,10,0,"fin_estudio",0,NA,0,"1","1"
1916,"20","4",2.634,0.2634,47,"35-65",16,59,809,9,14508,218,"mixta",8015,"particular","turismo","diesel","H","gris","soltero","anual",1,1,"medio","presencial",0,0,0,0,2.634,0,10,0,"fin_estudio",0,NA,0,"5","5"
1917,"20","4",1.722,0.1722,23,"18-25",3,101,1666,11,16064,2521,"urbana",7182,"particular","turismo","gasolina","H","otro","casado","anual",0,1,"medio","presencial",0,0,0,1,1.722,0,1.722,1,"baja",0,NA,0,"1","1"
1918,"20","4",4.018,0.4018,29,"25-35",8,118,1702,9,25775,152,"mixta",10500,"comercial","moto","diesel","H","otro","casado","mensual",1,1,"basico","telefonico",0,2,1,3,4.018,0,10,0,"fin_estudio",0,NA,0,"3","2"
1919,"20","4",1.805,0.1805,28,"25-35",8,55,892,13,17750,447,"mixta",6313,"particular","turismo","diesel","H","negro","casado","anual",1,2,"superior","telefonico",0,1,0,2,1.805,0,3.006,0,"fin_estudio",0,NA,0,"4","4"
1920,"20","4",6.228,0.6228,49,"35-65",31,82,1325,6,24494,52,"rural",9562,"particular","turismo","gasolina","H","blanco","soltero","anual",1,2,"basico","presencial",1,1,0,3,1.816,1,10,0,"fin_estudio",426.98,426.98,1,"1","1"
1921,"20","4",7.43,0.743,41,"35-65",11,112,1466,1,24759,81,"rural",10011,"comercial","turismo","diesel","M","blanco","soltero","anual",0,1,"medio","presencial",2,1,0,1,5.195,1,7.636,0,"fin_estudio",4924.32,2462.16,1,"2","1"
1922,"20","4",9.492,0.9492,52,"35-65",29,150,1970,12,16059,756,"mixta",18488,"particular","turismo","diesel","M","gris","soltero","anual",0,3,"basico","presencial",0,2,1,4,9.492,0,10,0,"fin_estudio",0,NA,0,"1","1"
1923,"20","4",2.793,0.2793,51,"35-65",16,134,1671,11,23014,169,"mixta",5143,"particular","furgoneta","gasolina","H","otro","casado","anual",0,2,"basico","presencial",0,1,0,1,2.793,0,2.793,1,"baja",0,NA,0,"1","1"
1924,"20","4",6.794,0.6794,57,"35-65",27,112,1419,0,17568,146,"rural",4727,"comercial","turismo","diesel","H","gris","casado","anual",1,1,"medio","presencial",0,2,1,0,6.794,0,10,0,"fin_estudio",0,NA,0,"1","1"
1925,"20","4",3.995,0.3995,45,"35-65",11,88,1095,7,25653,317,"mixta",9812,"particular","turismo","diesel","H","otro","soltero","mensual",0,1,"basico","telefonico",0,2,0,1,3.995,0,10,0,"fin_estudio",0,NA,0,"2","2"
1926,"20","4",3.394,0.3394,64,"35-65",35,94,1643,7,16720,344,"mixta",5126,"particular","turismo","gasolina","M","negro","casado","anual",0,1,"superior","presencial",0,1,1,0,3.394,0,10,0,"fin_estudio",0,NA,0,"2","1"
1927,"20","4",6.184,0.6184,37,"35-65",12,89,1309,3,21501,470,"mixta",8819,"particular","turismo","gasolina","H","rojo","casado","mensual",1,2,"medio","presencial",0,2,0,1,6.184,0,10,0,"fin_estudio",0,NA,0,"3","2"
1928,"20","4",8.684,0.8684,46,"35-65",18,68,1051,11,31850,1461,"urbana",9993,"particular","turismo","gasolina","M","rojo","soltero","anual",1,1,"medio","presencial",0,5,0,4,8.684,0,10,0,"fin_estudio",0,NA,0,"1","1"
1929,"20","4",9.712,0.9712,45,"35-65",16,127,1827,7,35434,488,"mixta",18948,"particular","turismo","diesel","H","negro","soltero","mensual",0,1,"medio","presencial",0,1,0,1,9.712,0,10,0,"fin_estudio",0,NA,0,"1","1"
1930,"20","4",8.033,0.8033,67,"65+",47,67,901,1,18435,498,"mixta",18296,"particular","furgoneta","gasolina","H","rojo","casado","anual",0,2,"basico","telematico",0,4,0,2,8.033,0,8.033,1,"baja",0,NA,0,"2","2"
1931,"20","4",1.892,0.1892,32,"25-35",8,150,1846,9,19514,195,"mixta",11995,"particular","turismo","diesel","H","rojo","casado","mensual",0,2,"superior","telematico",0,0,0,0,1.892,0,10,0,"fin_estudio",0,NA,0,"4","4"
1932,"20","4",1.042,0.1042,69,"65+",46,102,1379,0,25963,84,"rural",26992,"comercial","turismo","gasolina","M","otro","casado","anual",1,1,"basico","presencial",0,0,0,2,1.042,0,1.042,1,"baja",0,NA,0,"2","2"
1933,"20","4",3.426,0.3426,41,"35-65",21,134,1827,6,38285,508,"mixta",27486,"particular","moto","diesel","M","rojo","soltero","anual",1,1,"superior","telefonico",0,4,1,2,3.426,0,3.426,1,"baja",0,NA,0,"1","1"
1934,"20","4",5.202,0.5202,34,"25-35",16,117,1607,1,19469,292,"mixta",20806,"particular","moto","gasolina","H","blanco","casado","anual",1,1,"medio","presencial",0,3,0,0,5.202,0,10,0,"fin_estudio",0,NA,0,"1","1"
1935,"20","4",1.247,0.1247,31,"25-35",13,99,1291,0,15087,627,"mixta",15121,"particular","turismo","diesel","H","otro","casado","mensual",1,1,"basico","presencial",0,0,0,0,1.247,0,4.325,0,"fin_estudio",0,NA,0,"1","1"
1936,"20","4",8.866,0.8866,64,"35-65",43,142,2318,9,31019,123,"rural",18965,"comercial","turismo","diesel","H","otro","casado","anual",0,1,"medio","telefonico",1,3,0,2,2.397,1,10,0,"fin_estudio",4070.09,4070.09,1,"1","1"
1937,"20","4",4.73,0.473,46,"35-65",25,98,1245,2,35988,78,"rural",10026,"particular","turismo","diesel","H","gris","casado","mensual",0,1,"basico","telematico",0,1,1,2,4.73,0,8.259,0,"fin_estudio",0,NA,0,"3","3"
1938,"20","4",1.75,0.175,33,"25-35",14,209,2548,19,39318,583,"mixta",31756,"particular","turismo","diesel","H","blanco","soltero","anual",1,1,"basico","presencial",2,3,0,0,0.137,1,10,0,"fin_estudio",12538.93,6269.46,1,"5","5"
1939,"20","4",1.002,0.1002,37,"35-65",18,117,2030,1,37626,852,"mixta",3869,"particular","turismo","diesel","M","rojo","otro","mensual",0,2,"basico","telematico",0,0,0,0,1.002,0,1.002,1,"baja",0,NA,0,"4","3"
1940,"20","4",1.952,0.1952,25,"18-25",5,170,2087,15,9365,182,"mixta",24387,"comercial","turismo","diesel","M","blanco","casado","mensual",0,1,"medio","telefonico",0,2,0,2,1.952,0,3.727,0,"fin_estudio",0,NA,0,"2","2"
1941,"20","4",5.901,0.5901,66,"65+",40,160,2395,5,24900,138,"rural",21191,"comercial","furgoneta","diesel","H","blanco","casado","mensual",0,1,"medio","presencial",2,5,2,1,2.697,1,5.913,0,"fin_estudio",4937.4,2468.7,1,"3","3"
1942,"20","4",4.632,0.4632,54,"35-65",26,97,1297,6,18473,5760,"urbana",12375,"particular","turismo","gasolina","M","gris","soltero","mensual",0,1,"basico","presencial",1,0,0,2,1.05,1,4.632,1,"baja",126.3,126.3,1,"3","3"
1943,"20","4",3.909,0.3909,51,"35-65",20,59,891,16,21771,100,"rural",12338,"particular","turismo","gasolina","H","otro","soltero","mensual",0,1,"superior","presencial",1,2,0,0,2.515,1,10,0,"fin_estudio",512.61,512.61,1,"3","3"
1944,"20","4",3.408,0.3408,65,"35-65",17,109,1437,3,16309,33,"rural",10491,"particular","turismo","gasolina","H","otro","casado","anual",0,1,"basico","presencial",0,3,0,1,3.408,0,3.795,0,"fin_estudio",0,NA,0,"1","1"
1945,"20","4",0.532,0.0532,44,"35-65",16,126,2100,1,32725,61,"rural",15504,"particular","turismo","diesel","H","gris","casado","anual",0,1,"superior","presencial",0,0,0,0,0.532,0,0.532,1,"baja",0,NA,0,"3","3"
1946,"20","4",1.909,0.1909,57,"35-65",37,93,1218,1,13927,283,"mixta",14312,"particular","turismo","diesel","M","blanco","casado","anual",1,2,"medio","telematico",0,1,0,0,1.909,0,1.909,1,"baja",0,NA,0,"4","4"
1947,"20","4",9.103,0.9103,54,"35-65",34,130,1592,1,24634,426,"mixta",23688,"particular","turismo","diesel","M","blanco","casado","mensual",1,2,"basico","presencial",1,7,0,3,4.744,1,9.203,0,"fin_estudio",1237.96,1237.96,1,"1","1"
1948,"20","4",6.129,0.6129,45,"35-65",11,135,2053,8,26862,387,"mixta",6979,"particular","turismo","diesel","H","gris","soltero","mensual",1,3,"basico","presencial",1,4,0,4,2.641,1,6.129,1,"baja",3206.15,3206.15,1,"3","2"
1949,"20","4",4.311,0.4311,42,"35-65",13,134,2366,8,31296,347,"mixta",6503,"particular","furgoneta","gasolina","H","otro","casado","mensual",1,2,"medio","presencial",0,1,0,1,4.311,0,4.311,1,"baja",0,NA,0,"1","1"
1950,"20","4",1.48,0.148,33,"25-35",13,159,2280,7,30178,128,"rural",22757,"particular","furgoneta","diesel","M","negro","casado","anual",1,1,"medio","telematico",0,0,0,0,1.48,0,1.692,0,"fin_estudio",0,NA,0,"3","2"
1951,"20","4",3.35,0.335,69,"65+",28,164,2547,2,19508,655,"mixta",14166,"comercial","turismo","diesel","M","otro","soltero","anual",1,1,"superior","presencial",0,2,0,1,3.35,0,10,0,"fin_estudio",0,NA,0,"1","1"
1952,"20","4",2.758,0.2758,34,"25-35",16,115,2048,11,23114,148,"rural",34867,"comercial","turismo","gasolina","M","negro","casado","mensual",1,1,"medio","presencial",0,0,0,1,2.758,0,4.719,0,"fin_estudio",0,NA,0,"1","1"
1953,"20","4",5.189,0.5189,31,"25-35",8,203,2460,9,20602,133,"rural",3578,"particular","turismo","gasolina","H","rojo","soltero","anual",1,1,"medio","telefonico",0,2,0,2,5.189,0,6.809,0,"fin_estudio",0,NA,0,"5","5"
1954,"20","4",1.258,0.1258,34,"25-35",14,157,2279,7,22760,53,"rural",22273,"particular","turismo","gasolina","H","blanco","soltero","anual",1,1,"medio","presencial",0,1,0,1,1.258,0,1.258,1,"baja",0,NA,0,"5","4"
1955,"20","4",4.424,0.4424,40,"35-65",22,76,1216,8,25853,246,"mixta",7913,"particular","turismo","gasolina","H","negro","casado","anual",1,1,"basico","telefonico",1,1,0,2,2.474,1,4.424,1,"baja",682.34,682.34,1,"3","3"
1956,"20","4",4.854,0.4854,23,"18-25",4,56,821,15,22921,344,"mixta",28628,"particular","moto","diesel","H","negro","soltero","anual",0,1,"basico","telematico",2,3,0,0,0.899,1,6.98,0,"fin_estudio",3084.06,1542.03,1,"3","3"
1957,"20","4",3.219,0.3219,35,"25-35",10,108,1480,5,24889,47,"rural",10023,"particular","furgoneta","diesel","H","blanco","casado","mensual",0,1,"superior","presencial",0,0,0,1,3.219,0,5.778,0,"fin_estudio",0,NA,0,"3","3"
1958,"20","4",9.527,0.9527,70,"65+",26,148,2073,10,21059,531,"mixta",13964,"particular","turismo","diesel","H","blanco","casado","mensual",0,1,"medio","telematico",3,6,0,4,4.321,1,10,0,"fin_estudio",9554.3,3184.77,1,"3","3"
1959,"20","4",1.119,0.1119,39,"35-65",18,106,1584,14,26632,430,"mixta",15058,"particular","turismo","gasolina","H","gris","casado","anual",0,2,"basico","telefonico",0,0,0,0,1.119,0,1.119,1,"baja",0,NA,0,"1","1"
1960,"20","4",0.76,0.076,60,"35-65",36,79,1398,2,35711,280,"mixta",15157,"comercial","turismo","diesel","H","gris","soltero","anual",0,1,"basico","telematico",0,1,0,0,0.76,0,0.76,1,"baja",0,NA,0,"1","1"
1961,"20","4",1.704,0.1704,47,"35-65",12,98,1387,11,30614,500,"mixta",7054,"particular","turismo","gasolina","H","otro","casado","mensual",0,3,"medio","presencial",0,2,0,1,1.704,0,1.704,1,"baja",0,NA,0,"3","3"
1962,"20","4",5.235,0.5235,45,"35-65",26,131,2351,13,41178,105,"rural",11144,"comercial","turismo","gasolina","M","negro","soltero","mensual",0,2,"basico","telematico",0,3,1,4,5.235,0,10,0,"fin_estudio",0,NA,0,"1","1"
1963,"20","4",5.165,0.5165,44,"35-65",12,140,2491,6,25494,134,"rural",15867,"particular","turismo","gasolina","H","rojo","soltero","mensual",1,1,"superior","telefonico",1,1,0,2,1.956,1,5.165,1,"baja",1110.61,1110.61,1,"4","4"
1964,"20","4",6.27,0.627,34,"25-35",12,115,1384,9,22542,214,"mixta",14524,"comercial","turismo","gasolina","M","rojo","otro","anual",0,1,"basico","telefonico",1,3,2,2,5.923,1,6.27,1,"baja",1926.57,1926.57,1,"4","3"
1965,"20","4",7.388,0.7388,53,"35-65",23,70,1092,12,24563,186,"mixta",10193,"particular","turismo","diesel","M","otro","casado","mensual",0,1,"basico","presencial",0,2,0,3,7.388,0,10,0,"fin_estudio",0,NA,0,"1","1"
1966,"20","4",5.376,0.5376,32,"25-35",12,111,1392,3,26679,588,"mixta",6931,"particular","furgoneta","gasolina","M","blanco","casado","anual",0,1,"basico","presencial",1,1,0,2,1.639,1,5.376,1,"baja",810.7,810.7,1,"3","3"
1967,"20","4",5.528,0.5528,58,"35-65",17,104,1808,14,16335,826,"mixta",8868,"particular","turismo","gasolina","M","negro","casado","mensual",1,3,"basico","presencial",4,1,0,1,1.468,1,5.528,1,"baja",7033.31,1758.33,1,"3","5"
1968,"21","5",3.36,0.336,49,"35-65",26,122,2099,12,22450,344,"mixta",28610,"particular","turismo","diesel","M","blanco","soltero","anual",0,1,"medio","presencial",1,2,0,0,2.12,1,10,0,"fin_estudio",1188.18,1188.18,1,"5","4"
1969,"21","5",8.081,0.8081,64,"35-65",42,157,2732,10,18407,70,"rural",11519,"particular","turismo","diesel","H","gris","casado","anual",0,1,"medio","telematico",1,2,0,2,4.522,1,10,0,"fin_estudio",484.37,484.37,1,"4","4"
1970,"21","5",1.37,0.137,66,"65+",22,117,1662,11,27818,215,"mixta",18913,"particular","turismo","diesel","H","otro","casado","anual",0,2,"basico","presencial",0,1,0,0,1.37,0,2.415,0,"fin_estudio",0,NA,0,"1","1"
1971,"21","5",2.376,0.2376,48,"35-65",26,113,1580,1,11549,224,"mixta",10634,"particular","turismo","diesel","H","gris","soltero","anual",0,1,"medio","telefonico",0,0,0,0,2.376,0,2.376,1,"baja",0,NA,0,"1","1"
1972,"21","5",7.431,0.7431,52,"35-65",14,92,1408,7,16910,567,"mixta",21752,"particular","turismo","gasolina","M","gris","casado","mensual",1,1,"basico","presencial",3,5,0,0,3.195,1,10,0,"fin_estudio",7632.24,2544.08,1,"3","3"
1973,"21","5",2.393,0.2393,18,"18-25",0,55,853,8,14367,356,"mixta",15326,"particular","turismo","diesel","M","rojo","casado","mensual",0,1,"medio","presencial",0,3,0,1,2.393,0,2.393,1,"baja",0,NA,0,"1","1"
1974,"21","5",4.109,0.4109,36,"35-65",16,128,2146,6,30790,268,"mixta",12224,"particular","turismo","gasolina","H","otro","otro","anual",0,1,"medio","presencial",2,1,0,1,1.264,1,8.845,0,"fin_estudio",3598.87,1799.43,1,"4","3"
1975,"21","5",9.871,0.9871,36,"35-65",15,94,1204,15,18095,2884,"urbana",12326,"particular","turismo","diesel","M","rojo","soltero","anual",0,1,"medio","presencial",1,4,0,3,1.595,1,10,0,"fin_estudio",531.35,531.35,1,"1","1"
1976,"21","5",0.639,0.0639,32,"25-35",13,111,1371,10,27888,250,"mixta",12835,"comercial","turismo","gasolina","H","rojo","soltero","anual",0,2,"basico","telematico",0,0,0,1,0.639,0,0.639,1,"baja",0,NA,0,"1","1"
1977,"21","5",2.558,0.2558,55,"35-65",32,70,854,8,19463,474,"mixta",5940,"particular","turismo","diesel","H","rojo","casado","anual",0,1,"medio","presencial",0,0,0,1,2.558,0,10,0,"fin_estudio",0,NA,0,"1","1"
1978,"21","5",8.878,0.8878,26,"25-35",6,176,2346,2,26246,625,"mixta",7447,"particular","turismo","diesel","H","rojo","soltero","mensual",0,1,"medio","presencial",4,4,0,3,3.485,1,10,0,"fin_estudio",9331.46,2332.86,1,"5","5"
1979,"21","5",7.948,0.7948,59,"35-65",17,159,2561,1,29435,784,"mixta",12651,"particular","turismo","gasolina","M","gris","casado","anual",0,2,"medio","presencial",0,3,0,0,7.948,0,10,0,"fin_estudio",0,NA,0,"2","1"
1980,"21","5",5.657,0.5657,57,"35-65",32,128,1578,6,27962,2310,"urbana",8470,"particular","furgoneta","diesel","M","rojo","otro","mensual",0,1,"superior","telefonico",3,2,1,0,2.507,1,10,0,"fin_estudio",7980.36,2660.12,1,"2","3"
1981,"21","5",5.53,0.553,44,"35-65",11,86,1278,9,16880,815,"mixta",13937,"particular","turismo","diesel","H","rojo","soltero","anual",1,1,"basico","presencial",0,1,0,1,5.53,0,10,0,"fin_estudio",0,NA,0,"1","1"
1982,"21","5",1.322,0.1322,30,"25-35",11,160,2388,3,22546,406,"mixta",4345,"particular","turismo","gasolina","M","otro","casado","anual",1,1,"medio","telefonico",1,1,0,0,0.308,1,10,0,"fin_estudio",2067.66,2067.66,1,"3","3"
1983,"21","5",5.594,0.5594,39,"35-65",18,94,1551,7,18711,98,"rural",4519,"comercial","turismo","gasolina","H","gris","casado","anual",1,2,"medio","presencial",0,5,1,1,5.594,0,7.668,0,"fin_estudio",0,NA,0,"1","1"
1984,"21","5",6.168,0.6168,51,"35-65",22,158,2304,7,38646,1165,"urbana",22354,"particular","turismo","diesel","M","otro","soltero","mensual",0,1,"superior","presencial",4,1,2,0,3.457,1,6.168,1,"baja",16564.54,4141.14,1,"4","4"
1985,"21","5",0.654,0.0654,26,"25-35",7,92,1494,1,24803,140,"rural",10091,"particular","turismo","diesel","M","otro","casado","anual",1,1,"superior","presencial",1,0,0,0,0.357,1,0.654,1,"baja",822.56,822.56,1,"3","3"
1986,"21","5",4.856,0.4856,39,"35-65",17,55,800,15,31051,521,"mixta",5641,"particular","turismo","diesel","H","gris","soltero","anual",0,1,"basico","telefonico",1,1,0,2,3.766,1,4.856,1,"baja",651.14,651.14,1,"2","2"
1987,"21","5",3.539,0.3539,22,"18-25",3,119,2019,4,27287,554,"mixta",37130,"particular","turismo","diesel","M","negro","otro","mensual",0,1,"basico","telefonico",1,3,0,1,1.625,1,3.539,1,"baja",2461.79,2461.79,1,"2","1"
1988,"21","5",3.896,0.3896,56,"35-65",18,107,1492,16,19728,149,"rural",3540,"particular","turismo","gasolina","M","otro","soltero","mensual",0,2,"basico","telematico",0,0,0,0,3.896,0,8.325,0,"fin_estudio",0,NA,0,"1","1"
1989,"21","5",1.894,0.1894,73,"65+",39,122,2137,8,13568,62,"rural",26172,"particular","turismo","diesel","H","rojo","soltero","anual",0,3,"superior","telefonico",0,0,1,0,1.894,0,1.894,1,"baja",0,NA,0,"2","2"
1990,"21","5",6.433,0.6433,36,"35-65",17,121,1813,8,38680,175,"mixta",13027,"comercial","turismo","gasolina","M","gris","casado","mensual",0,2,"superior","telefonico",0,4,0,2,6.433,0,6.433,1,"baja",0,NA,0,"1","1"
1991,"21","5",2.081,0.2081,48,"35-65",23,111,1720,10,20184,518,"mixta",8573,"particular","turismo","diesel","M","otro","otro","anual",1,1,"basico","telematico",0,0,1,0,2.081,0,6.088,0,"fin_estudio",0,NA,0,"1","1"
1992,"21","5",2.411,0.2411,22,"18-25",2,114,2010,2,19384,2132,"urbana",8368,"particular","turismo","gasolina","M","rojo","soltero","anual",1,1,"medio","telematico",2,3,0,0,1.133,1,2.411,1,"baja",4971.73,2485.86,1,"3","4"
1993,"21","5",1.98,0.198,35,"25-35",15,116,1427,11,34866,1420,"urbana",9365,"particular","furgoneta","gasolina","M","negro","casado","anual",0,1,"superior","presencial",0,0,0,0,1.98,0,6.049,0,"fin_estudio",0,NA,0,"2","2"
1994,"21","5",3.713,0.3713,64,"35-65",40,105,1772,9,21888,400,"mixta",11546,"particular","turismo","gasolina","M","gris","casado","anual",0,1,"basico","telefonico",0,2,0,0,3.713,0,3.713,1,"baja",0,NA,0,"1","1"
1995,"21","5",8.895,0.8895,40,"35-65",20,159,2492,4,36646,132,"rural",13696,"particular","moto","gasolina","H","gris","soltero","anual",1,1,"superior","presencial",0,3,0,2,8.895,0,10,0,"fin_estudio",0,NA,0,"1","1"
1996,"21","5",5.938,0.5938,44,"35-65",17,142,2199,4,25367,2495,"urbana",25111,"particular","moto","gasolina","H","otro","casado","anual",0,1,"basico","presencial",3,3,2,3,2.285,1,8.97,0,"fin_estudio",6881.15,2293.72,1,"4","3"
1997,"21","5",3.691,0.3691,28,"25-35",6,103,1696,1,28016,213,"mixta",7822,"particular","moto","diesel","H","blanco","casado","anual",0,1,"superior","telefonico",0,1,0,1,3.691,0,3.691,1,"baja",0,NA,0,"2","2"
1998,"21","5",1.811,0.1811,61,"35-65",40,67,901,19,34863,379,"mixta",7639,"particular","turismo","diesel","H","rojo","soltero","mensual",1,1,"basico","telefonico",0,1,0,0,1.811,0,4.817,0,"fin_estudio",0,NA,0,"4","4"
1999,"21","5",1.529,0.1529,44,"35-65",12,133,2172,5,25438,983,"mixta",11848,"particular","turismo","diesel","H","otro","soltero","anual",0,1,"basico","telefonico",0,1,0,0,1.529,0,10,0,"fin_estudio",0,NA,0,"1","1"
2000,"21","5",6.813,0.6813,38,"35-65",11,136,2422,10,22392,143,"rural",4135,"particular","furgoneta","gasolina","H","otro","casado","anual",0,2,"basico","telefonico",0,1,0,2,6.813,0,6.813,1,"baja",0,NA,0,"1","1"
2001,"21","5",2.016,0.2016,58,"35-65",22,135,2252,14,24240,353,"mixta",11638,"comercial","turismo","diesel","M","gris","soltero","mensual",1,1,"superior","presencial",0,0,1,0,2.016,0,2.016,1,"baja",0,NA,0,"2","2"
2002,"21","5",2.345,0.2345,50,"35-65",16,86,1051,9,30002,811,"mixta",5942,"particular","turismo","gasolina","M","negro","casado","anual",0,1,"basico","presencial",0,1,0,0,2.345,0,2.345,1,"baja",0,NA,0,"4","3"
2003,"21","5",2.963,0.2963,29,"25-35",6,193,2649,5,27820,134,"rural",7327,"particular","furgoneta","gasolina","H","gris","soltero","mensual",0,1,"basico","telematico",0,0,0,1,2.963,0,2.963,1,"baja",0,NA,0,"2","2"
2004,"21","5",3.774,0.3774,42,"35-65",11,137,1977,0,39615,83,"rural",11809,"particular","moto","gasolina","H","otro","soltero","mensual",1,2,"basico","telefonico",0,0,0,0,3.774,0,3.774,1,"baja",0,NA,0,"1","1"
2005,"21","5",8.201,0.8201,20,"18-25",2,112,1527,6,15899,256,"mixta",20816,"particular","turismo","diesel","H","otro","casado","anual",0,1,"medio","presencial",2,8,2,1,6.947,1,10,0,"fin_estudio",2192.08,1096.04,1,"5","4"
2006,"21","5",3.168,0.3168,66,"65+",33,133,1953,6,21273,3989,"urbana",20061,"comercial","turismo","gasolina","H","blanco","soltero","mensual",0,1,"basico","presencial",1,2,1,1,1.355,1,5.855,0,"fin_estudio",4587.25,4587.25,1,"2","1"
2007,"21","5",5.179,0.5179,30,"25-35",11,99,1689,10,19661,141,"rural",9826,"particular","furgoneta","diesel","H","negro","casado","mensual",0,1,"basico","telefonico",1,1,0,2,4.141,1,5.179,1,"baja",2332.46,2332.46,1,"2","2"
2008,"21","5",4.533,0.4533,47,"35-65",28,109,1346,5,37446,28,"rural",9859,"particular","turismo","gasolina","M","blanco","soltero","mensual",0,1,"basico","presencial",0,3,0,0,4.533,0,6.563,0,"fin_estudio",0,NA,0,"1","1"
2009,"21","5",2.24,0.224,54,"35-65",35,124,1604,9,36888,66,"rural",8346,"particular","turismo","gasolina","M","blanco","soltero","anual",0,1,"basico","telematico",0,0,0,0,2.24,0,7.69,0,"fin_estudio",0,NA,0,"3","3"
2010,"21","5",8.103,0.8103,44,"35-65",12,68,844,13,24503,354,"mixta",9704,"particular","turismo","gasolina","M","blanco","casado","mensual",0,2,"medio","telematico",0,0,0,1,8.103,0,10,0,"fin_estudio",0,NA,0,"1","1"
2011,"21","5",9.343,0.9343,48,"35-65",24,136,1740,2,37076,318,"mixta",7718,"particular","turismo","diesel","M","negro","casado","mensual",0,2,"medio","presencial",0,0,0,0,9.343,0,10,0,"fin_estudio",0,NA,0,"1","1"
2012,"21","5",3.444,0.3444,54,"35-65",20,83,1485,15,10108,201,"mixta",15804,"particular","furgoneta","diesel","M","gris","soltero","mensual",1,1,"basico","presencial",0,1,0,0,3.444,0,3.558,0,"fin_estudio",0,NA,0,"1","1"
2013,"21","5",9.041,0.9041,64,"35-65",37,98,1589,4,17076,681,"mixta",19686,"particular","turismo","diesel","H","negro","soltero","anual",0,1,"basico","presencial",3,2,0,2,3.871,1,10,0,"fin_estudio",7558.61,2519.54,1,"2","2"
2014,"21","5",3.366,0.3366,40,"35-65",18,55,800,11,26724,2268,"urbana",15807,"particular","turismo","diesel","M","otro","casado","anual",1,1,"basico","telefonico",1,0,0,2,2.006,1,3.366,1,"baja",2013.29,2013.29,1,"2","2"
2015,"21","5",3.605,0.3605,46,"35-65",10,113,1878,9,31511,354,"mixta",16048,"comercial","turismo","gasolina","M","gris","otro","anual",1,1,"superior","telefonico",0,0,0,1,3.605,0,10,0,"fin_estudio",0,NA,0,"1","1"
2016,"21","5",4.482,0.4482,34,"25-35",14,94,1154,11,40497,209,"mixta",16231,"particular","turismo","gasolina","H","negro","soltero","anual",1,2,"basico","presencial",1,3,0,2,0.14,1,4.482,1,"baja",7538.8,7538.8,1,"3","3"
2017,"21","5",3.226,0.3226,39,"35-65",19,138,2168,0,30899,259,"mixta",8187,"particular","turismo","diesel","M","rojo","casado","mensual",1,1,"medio","presencial",1,0,2,0,2.774,1,9.294,0,"fin_estudio",985.88,985.88,1,"5","5"
2018,"21","5",4.096,0.4096,58,"35-65",22,158,2694,15,34301,567,"mixta",12090,"particular","turismo","gasolina","M","otro","casado","mensual",1,1,"basico","presencial",2,2,0,0,3.139,1,4.647,0,"fin_estudio",2371.25,1185.62,1,"3","2"
2019,"21","5",1.976,0.1976,56,"35-65",30,128,1861,14,22600,125,"rural",26453,"particular","turismo","diesel","M","otro","soltero","anual",1,1,"basico","telematico",0,0,0,0,1.976,0,10,0,"fin_estudio",0,NA,0,"4","4"
2020,"21","5",2.234,0.2234,48,"35-65",12,109,1455,11,17862,460,"mixta",14527,"particular","turismo","diesel","H","otro","casado","anual",0,1,"basico","presencial",1,4,0,0,2.206,1,10,0,"fin_estudio",721.04,721.04,1,"4","5"
2021,"21","5",5.303,0.5303,52,"35-65",23,109,1626,17,1740,106,"rural",12459,"particular","turismo","gasolina","M","rojo","soltero","mensual",1,2,"medio","presencial",1,0,0,1,0.501,1,5.303,1,"baja",3480.17,3480.17,1,"1","1"
2022,"21","5",2.163,0.2163,41,"35-65",10,178,2568,7,21814,271,"mixta",25302,"particular","furgoneta","diesel","H","otro","soltero","anual",1,1,"medio","presencial",0,3,0,0,2.163,0,2.163,1,"baja",0,NA,0,"4","4"
2023,"21","5",4.745,0.4745,38,"35-65",14,118,1424,14,15919,152,"mixta",26351,"particular","turismo","gasolina","H","otro","soltero","mensual",0,2,"superior","presencial",1,2,0,0,3.772,1,4.745,1,"baja",1973.01,1973.01,1,"2","2"
2024,"21","5",1.506,0.1506,60,"35-65",26,118,1855,1,24981,704,"mixta",7367,"particular","turismo","gasolina","M","blanco","casado","mensual",0,2,"superior","presencial",0,1,0,0,1.506,0,10,0,"fin_estudio",0,NA,0,"2","2"
2025,"21","5",1.322,0.1322,63,"35-65",27,55,963,13,43080,194,"mixta",10276,"particular","turismo","gasolina","M","rojo","casado","mensual",1,1,"basico","presencial",0,0,0,0,1.322,0,10,0,"fin_estudio",0,NA,0,"3","3"
2026,"21","5",4.07,0.407,43,"35-65",23,98,1336,14,7852,413,"mixta",9947,"particular","turismo","diesel","H","blanco","soltero","anual",0,1,"basico","telematico",0,0,0,0,4.07,0,4.07,1,"baja",0,NA,0,"1","1"
2027,"21","5",3.916,0.3916,35,"25-35",7,119,1463,6,34219,28,"rural",6174,"particular","turismo","gasolina","M","blanco","otro","mensual",1,2,"superior","presencial",0,0,0,0,3.916,0,3.916,1,"baja",0,NA,0,"3","2"
2028,"21","5",1.36,0.136,46,"35-65",18,97,1227,8,42311,73,"rural",18464,"comercial","turismo","diesel","H","otro","soltero","anual",1,2,"medio","presencial",0,2,0,0,1.36,0,1.36,1,"baja",0,NA,0,"5","4"
2029,"21","5",1.103,0.1103,70,"65+",28,93,1502,0,27267,23,"rural",8456,"comercial","turismo","diesel","H","rojo","soltero","anual",1,1,"basico","presencial",0,0,0,0,1.103,0,3.045,0,"fin_estudio",0,NA,0,"2","1"
2030,"21","5",7.11,0.711,50,"35-65",30,125,1889,14,24195,1539,"urbana",10910,"comercial","turismo","diesel","H","blanco","soltero","anual",0,2,"medio","presencial",1,2,1,0,5.559,1,7.11,1,"baja",2531.97,2531.97,1,"2","2"
2031,"21","5",9.318,0.9318,39,"35-65",10,99,1718,9,35542,81,"rural",6472,"particular","turismo","diesel","M","rojo","otro","mensual",0,2,"basico","telefonico",0,0,2,2,9.318,0,10,0,"fin_estudio",0,NA,0,"1","1"
2032,"21","5",7.368,0.7368,26,"25-35",8,116,1552,6,25972,60,"rural",8994,"particular","furgoneta","diesel","M","negro","soltero","mensual",0,1,"medio","telematico",3,4,0,1,3.723,1,10,0,"fin_estudio",7370.89,2456.96,1,"4","3"
2033,"21","5",4.969,0.4969,31,"25-35",10,82,1011,12,23008,834,"mixta",8391,"particular","moto","gasolina","H","gris","casado","mensual",0,1,"superior","telefonico",1,1,0,2,3.261,1,4.969,1,"baja",6304.89,6304.89,1,"3","3"
2034,"21","5",4.502,0.4502,64,"35-65",29,68,944,11,35317,168,"mixta",11648,"particular","turismo","gasolina","H","rojo","soltero","mensual",1,1,"medio","telefonico",0,0,0,3,4.502,0,7.023,0,"fin_estudio",0,NA,0,"1","1"
2035,"21","5",1.657,0.1657,54,"35-65",36,80,1378,6,19614,191,"mixta",18414,"particular","turismo","gasolina","M","blanco","soltero","anual",0,2,"medio","presencial",0,1,0,1,1.657,0,2.118,0,"fin_estudio",0,NA,0,"1","1"
2036,"21","5",3.128,0.3128,47,"35-65",26,119,1975,6,30420,395,"mixta",7874,"particular","turismo","diesel","H","rojo","soltero","mensual",1,1,"medio","presencial",1,0,0,0,2,1,4.988,0,"fin_estudio",2863.81,2863.81,1,"5","5"
2037,"21","5",1.511,0.1511,84,"65+",39,86,1344,8,13453,65,"rural",9012,"particular","turismo","diesel","H","gris","casado","anual",1,1,"medio","presencial",0,0,0,1,1.511,0,1.511,1,"baja",0,NA,0,"1","1"
2038,"21","5",6.744,0.6744,58,"35-65",15,90,1138,4,26796,32,"rural",13993,"particular","furgoneta","gasolina","M","otro","casado","mensual",0,1,"medio","presencial",0,1,0,1,6.744,0,10,0,"fin_estudio",0,NA,0,"1","1"
2039,"21","5",1.531,0.1531,53,"35-65",22,131,2163,4,25468,84,"rural",5436,"particular","moto","gasolina","M","otro","casado","anual",0,1,"medio","telematico",0,1,0,0,1.531,0,1.531,1,"baja",0,NA,0,"4","4"
2040,"21","5",6.325,0.6325,58,"35-65",38,61,800,2,15225,291,"mixta",7682,"particular","furgoneta","gasolina","M","rojo","soltero","anual",0,1,"medio","telematico",0,3,0,1,6.325,0,6.325,1,"baja",0,NA,0,"1","1"
2041,"21","5",2.186,0.2186,23,"18-25",4,124,1591,9,14639,559,"mixta",14692,"particular","furgoneta","gasolina","H","negro","casado","anual",0,1,"medio","presencial",1,1,0,1,1.131,1,2.186,1,"baja",1849.03,1849.03,1,"5","4"
2042,"21","5",5.679,0.5679,51,"35-65",26,102,1450,6,28492,88,"rural",7271,"particular","moto","gasolina","H","gris","soltero","anual",1,4,"basico","telefonico",0,3,0,1,5.679,0,5.888,0,"fin_estudio",0,NA,0,"1","1"
2043,"21","5",2.598,0.2598,36,"35-65",8,55,818,10,28461,242,"mixta",20218,"particular","turismo","diesel","M","otro","otro","anual",0,1,"basico","presencial",0,1,0,1,2.598,0,10,0,"fin_estudio",0,NA,0,"2","1"
2044,"21","5",1.452,0.1452,43,"35-65",10,111,1361,10,16963,1102,"urbana",8348,"comercial","turismo","diesel","M","negro","soltero","anual",1,1,"medio","presencial",0,0,0,0,1.452,0,1.452,1,"baja",0,NA,0,"1","1"
2045,"21","5",5.971,0.5971,49,"35-65",21,68,1095,11,14221,139,"rural",11553,"comercial","turismo","diesel","H","negro","soltero","anual",1,1,"medio","presencial",1,2,0,1,3.909,1,10,0,"fin_estudio",1738.26,1738.26,1,"2","2"
2046,"21","5",2.276,0.2276,59,"35-65",36,95,1250,7,18380,223,"mixta",11931,"particular","turismo","gasolina","M","gris","soltero","mensual",0,1,"basico","telematico",0,0,0,0,2.276,0,10,0,"fin_estudio",0,NA,0,"2","2"
2047,"21","5",6.269,0.6269,80,"65+",27,155,1947,18,27623,814,"mixta",12978,"comercial","turismo","gasolina","M","blanco","soltero","anual",1,2,"basico","presencial",1,5,0,0,2.325,1,7.354,0,"fin_estudio",1894.68,1894.68,1,"1","1"
2048,"21","5",4.6,0.46,56,"35-65",23,55,800,8,14425,288,"mixta",28790,"particular","furgoneta","diesel","H","negro","casado","mensual",1,2,"medio","presencial",0,2,0,1,4.6,0,10,0,"fin_estudio",0,NA,0,"1","1"
2049,"21","5",3.853,0.3853,42,"35-65",14,55,833,7,16099,598,"mixta",9967,"particular","turismo","gasolina","H","blanco","casado","mensual",1,1,"basico","presencial",1,1,0,0,3.465,1,3.853,1,"baja",1337.96,1337.96,1,"2","3"
2050,"21","5",6.221,0.6221,88,"65+",67,81,1039,12,22993,274,"mixta",8897,"comercial","turismo","gasolina","H","otro","soltero","mensual",0,1,"medio","presencial",0,3,0,1,6.221,0,7.049,0,"fin_estudio",0,NA,0,"2","2"
2051,"21","5",2.312,0.2312,57,"35-65",31,123,1722,16,35428,62,"rural",7495,"particular","turismo","diesel","M","negro","soltero","anual",0,2,"superior","telematico",0,0,0,0,2.312,0,10,0,"fin_estudio",0,NA,0,"1","1"
2052,"21","5",4.542,0.4542,45,"35-65",17,112,1858,9,8445,489,"mixta",18473,"particular","moto","diesel","M","negro","otro","anual",0,1,"medio","telematico",0,2,0,0,4.542,0,10,0,"fin_estudio",0,NA,0,"1","1"
2053,"21","5",5.837,0.5837,65,"35-65",22,111,1493,5,10452,67,"rural",8896,"particular","turismo","diesel","M","negro","casado","mensual",1,1,"medio","presencial",0,1,0,2,5.837,0,8.23,0,"fin_estudio",0,NA,0,"2","2"
2054,"21","5",5.62,0.562,29,"25-35",10,67,1153,5,21607,3040,"urbana",14281,"particular","turismo","diesel","H","negro","soltero","mensual",0,1,"medio","presencial",1,2,0,0,2.023,1,10,0,"fin_estudio",717.22,717.22,1,"3","2"
2055,"21","5",1.547,0.1547,53,"35-65",17,117,1413,10,33772,262,"mixta",14123,"particular","turismo","diesel","H","negro","soltero","anual",1,1,"medio","telefonico",0,1,0,0,1.547,0,1.547,1,"baja",0,NA,0,"4","4"
2056,"21","5",5.557,0.5557,36,"35-65",15,55,800,6,19517,1019,"urbana",13775,"particular","turismo","diesel","H","otro","otro","mensual",0,1,"medio","telefonico",1,1,0,0,2.629,1,5.557,1,"baja",1231.28,1231.28,1,"1","1"
2057,"21","5",4.743,0.4743,20,"18-25",1,101,1345,10,30421,195,"mixta",12638,"particular","turismo","diesel","M","blanco","casado","mensual",0,1,"medio","presencial",1,1,0,2,4.683,1,8.433,0,"fin_estudio",2059.78,2059.78,1,"2","3"
2058,"21","5",2.423,0.2423,30,"25-35",8,106,1291,6,18143,385,"mixta",12727,"particular","moto","diesel","H","otro","casado","anual",0,1,"basico","presencial",0,0,0,1,2.423,0,2.423,1,"baja",0,NA,0,"4","3"
2059,"21","5",8.685,0.8685,41,"35-65",9,55,846,11,23255,351,"mixta",16762,"particular","turismo","gasolina","M","blanco","soltero","anual",0,1,"basico","telematico",10,1,0,0,1.229,1,9.912,0,"fin_estudio",16827.87,1682.79,1,"5","5"
2060,"21","5",4.013,0.4013,54,"35-65",22,173,2510,5,15854,1141,"urbana",16586,"particular","moto","diesel","H","otro","soltero","mensual",0,1,"medio","telefonico",1,3,0,2,2.063,1,4.98,0,"fin_estudio",1738.31,1738.31,1,"4","3"
2061,"21","5",2.844,0.2844,43,"35-65",17,85,1051,18,18771,747,"mixta",27912,"particular","turismo","gasolina","H","negro","casado","mensual",1,1,"basico","telefonico",0,0,0,0,2.844,0,2.844,1,"baja",0,NA,0,"1","1"
2062,"21","5",2.54,0.254,46,"35-65",25,152,2237,14,19824,1221,"urbana",14680,"particular","turismo","diesel","M","rojo","casado","anual",0,1,"basico","telefonico",1,0,0,0,1.379,1,2.54,1,"baja",895.73,895.73,1,"2","1"
2063,"21","5",1.232,0.1232,34,"25-35",6,79,980,3,26223,419,"mixta",8142,"particular","turismo","gasolina","H","negro","casado","anual",1,1,"medio","presencial",0,0,0,0,1.232,0,1.232,1,"baja",0,NA,0,"3","3"
2064,"21","5",9.911,0.9911,60,"35-65",34,89,1286,15,26598,349,"mixta",15574,"particular","moto","diesel","H","rojo","otro","anual",0,1,"medio","telefonico",4,4,0,1,3.361,1,10,0,"fin_estudio",11944.38,2986.09,1,"4","5"
2065,"21","5",3.211,0.3211,30,"25-35",5,102,1428,9,19473,491,"mixta",27272,"particular","turismo","gasolina","M","rojo","casado","anual",0,1,"basico","presencial",0,2,0,1,3.211,0,7.087,0,"fin_estudio",0,NA,0,"4","4"
2066,"21","5",6.834,0.6834,31,"25-35",9,55,852,3,12723,277,"mixta",11737,"particular","turismo","diesel","H","negro","soltero","anual",1,2,"superior","presencial",3,0,0,1,3.265,1,10,0,"fin_estudio",1504.92,501.64,1,"5","5"
2067,"21","5",4.077,0.4077,56,"35-65",21,74,1054,11,22461,352,"mixta",30194,"particular","furgoneta","gasolina","M","negro","casado","anual",1,1,"medio","presencial",0,2,0,0,4.077,0,4.077,1,"baja",0,NA,0,"1","1"
2068,"22","5",1.016,0.1016,54,"35-65",21,98,1604,0,30810,99,"rural",15675,"particular","turismo","gasolina","H","gris","casado","anual",0,2,"superior","presencial",0,0,0,0,1.016,0,3.032,0,"fin_estudio",0,NA,0,"1","1"
2069,"22","5",1.662,0.1662,57,"35-65",19,160,2853,15,12504,941,"mixta",6528,"particular","turismo","gasolina","M","blanco","soltero","anual",0,2,"basico","presencial",0,0,0,0,1.662,0,1.662,1,"baja",0,NA,0,"4","4"
2070,"22","5",9.9,0.99,43,"35-65",10,55,800,2,18410,1170,"urbana",28646,"particular","moto","gasolina","H","otro","soltero","anual",0,1,"medio","presencial",10,7,0,2,0.059,1,10,0,"fin_estudio",20411.36,2041.14,1,"4","5"
2071,"22","5",2.51,0.251,32,"25-35",6,55,800,0,26103,69,"rural",6355,"particular","turismo","gasolina","M","otro","casado","anual",1,1,"superior","presencial",0,2,0,2,2.51,0,2.51,1,"baja",0,NA,0,"5","5"
2072,"22","5",0.618,0.0618,67,"65+",29,131,2321,5,19583,421,"mixta",15072,"comercial","turismo","diesel","M","rojo","soltero","anual",1,1,"superior","presencial",0,0,0,0,0.618,0,0.618,1,"baja",0,NA,0,"3","3"
2073,"22","5",4.132,0.4132,33,"25-35",14,78,1279,12,15504,118,"rural",22247,"comercial","furgoneta","diesel","M","gris","casado","anual",0,1,"basico","presencial",0,1,0,1,4.132,0,7.504,0,"fin_estudio",0,NA,0,"3","3"
2074,"22","5",2.386,0.2386,64,"35-65",21,147,1863,7,30781,1080,"urbana",11129,"comercial","moto","diesel","H","negro","soltero","anual",0,2,"basico","presencial",0,0,0,0,2.386,0,10,0,"fin_estudio",0,NA,0,"1","1"
2075,"22","5",5.354,0.5354,42,"35-65",12,102,1283,11,37024,1278,"urbana",9222,"particular","turismo","diesel","H","blanco","casado","anual",0,2,"medio","telematico",0,2,0,0,5.354,0,10,0,"fin_estudio",0,NA,0,"1","1"
2076,"22","5",2.312,0.2312,48,"35-65",14,127,1893,0,27134,657,"mixta",14477,"particular","moto","gasolina","M","blanco","casado","anual",0,1,"superior","presencial",1,0,1,1,1.997,1,2.312,1,"baja",2930.74,2930.74,1,"2","2"
2077,"22","5",6.183,0.6183,74,"65+",27,138,1866,18,28229,614,"mixta",13410,"particular","turismo","gasolina","M","negro","casado","mensual",0,1,"medio","telematico",3,2,0,2,3.076,1,6.183,1,"baja",9302.71,3100.9,1,"3","3"
2078,"22","5",2.074,0.2074,34,"25-35",6,93,1496,11,12698,1507,"urbana",6316,"comercial","moto","gasolina","M","negro","casado","mensual",1,1,"medio","telefonico",0,1,0,0,2.074,0,10,0,"fin_estudio",0,NA,0,"3","2"
2079,"22","5",2.387,0.2387,58,"35-65",26,85,1200,15,29406,937,"mixta",11691,"particular","furgoneta","diesel","H","rojo","casado","mensual",1,1,"basico","telematico",0,0,0,0,2.387,0,2.387,1,"baja",0,NA,0,"2","2"
2080,"22","5",1.41,0.141,69,"65+",20,86,1084,6,21454,144,"rural",16973,"particular","turismo","gasolina","M","negro","casado","mensual",1,1,"basico","presencial",0,1,0,0,1.41,0,10,0,"fin_estudio",0,NA,0,"4","4"
2081,"22","5",1.628,0.1628,40,"35-65",15,123,1859,8,24167,94,"rural",23333,"particular","moto","gasolina","H","rojo","casado","mensual",0,1,"medio","presencial",0,3,0,0,1.628,0,6.034,0,"fin_estudio",0,NA,0,"4","3"
2082,"22","5",7.003,0.7003,49,"35-65",24,114,1711,15,16977,100,"rural",7096,"particular","turismo","diesel","H","negro","casado","mensual",0,1,"medio","telefonico",1,2,0,0,4.494,1,10,0,"fin_estudio",2110.69,2110.69,1,"2","2"
2083,"22","5",3.293,0.3293,30,"25-35",5,151,2498,6,25929,123,"rural",21602,"particular","turismo","gasolina","M","gris","casado","mensual",1,1,"superior","telematico",1,0,0,1,0.155,1,3.293,1,"baja",1531.67,1531.67,1,"2","2"
2084,"22","5",4.621,0.4621,56,"35-65",22,122,2074,3,29541,206,"mixta",12555,"particular","turismo","gasolina","M","blanco","soltero","anual",0,1,"medio","telematico",0,3,1,1,4.621,0,10,0,"fin_estudio",0,NA,0,"1","1"
2085,"22","5",6.1,0.61,34,"25-35",16,92,1161,4,21171,1301,"urbana",10069,"particular","turismo","diesel","M","blanco","casado","mensual",1,1,"medio","presencial",0,2,2,2,6.1,0,10,0,"fin_estudio",0,NA,0,"1","1"
2086,"22","5",9.131,0.9131,44,"35-65",17,65,993,1,11420,97,"rural",16601,"comercial","turismo","diesel","H","gris","soltero","anual",0,2,"medio","presencial",1,4,1,2,1.354,1,10,0,"fin_estudio",518.84,518.84,1,"1","1"
2087,"22","5",2.667,0.2667,40,"35-65",20,147,2595,6,17018,1128,"urbana",9556,"particular","moto","gasolina","H","otro","casado","mensual",0,1,"medio","telematico",2,0,0,1,1.739,1,2.667,1,"baja",5489.13,2744.56,1,"3","4"
2088,"22","5",9.539,0.9539,39,"35-65",9,89,1496,10,17896,262,"mixta",14843,"particular","turismo","gasolina","M","rojo","casado","anual",0,2,"superior","telefonico",1,4,1,0,3.743,1,10,0,"fin_estudio",1389.6,1389.6,1,"4","4"
2089,"22","5",0.821,0.0821,69,"65+",38,115,1659,7,19528,518,"mixta",19189,"comercial","moto","gasolina","H","rojo","soltero","anual",0,1,"medio","telefonico",0,0,0,1,0.821,0,0.821,1,"baja",0,NA,0,"1","1"
2090,"22","5",3.977,0.3977,30,"25-35",6,140,2341,13,37228,73,"rural",25474,"particular","turismo","diesel","H","otro","soltero","mensual",0,2,"medio","presencial",0,2,1,2,3.977,0,3.977,1,"baja",0,NA,0,"4","4"
2091,"22","5",1.041,0.1041,49,"35-65",18,103,1335,16,20562,640,"mixta",22789,"particular","furgoneta","diesel","M","blanco","casado","mensual",0,1,"medio","telefonico",0,0,0,0,1.041,0,1.041,1,"baja",0,NA,0,"4","4"
2092,"22","5",6.106,0.6106,38,"35-65",14,112,1655,8,26194,302,"mixta",18822,"particular","turismo","diesel","H","rojo","casado","anual",1,1,"basico","telefonico",0,3,2,1,6.106,0,6.106,1,"baja",0,NA,0,"1","1"
2093,"22","5",5.143,0.5143,52,"35-65",23,126,2124,1,13698,68,"rural",16589,"particular","turismo","gasolina","H","otro","casado","anual",0,3,"basico","telefonico",1,1,0,3,3.751,1,5.143,1,"baja",3304.28,3304.28,1,"2","1"
2094,"22","5",2.389,0.2389,49,"35-65",26,125,1592,6,25343,61,"rural",9056,"particular","turismo","gasolina","H","gris","soltero","mensual",0,1,"basico","presencial",1,1,0,0,2.316,1,7.867,0,"fin_estudio",1964.02,1964.02,1,"3","4"
2095,"22","5",2.148,0.2148,58,"35-65",18,158,2649,10,28505,99,"rural",16899,"comercial","turismo","diesel","M","otro","casado","mensual",0,1,"medio","presencial",0,1,0,0,2.148,0,9.688,0,"fin_estudio",0,NA,0,"1","1"
2096,"22","5",1.052,0.1052,79,"65+",44,160,1988,13,31154,403,"mixta",7486,"particular","turismo","diesel","M","gris","soltero","anual",0,1,"medio","telematico",0,0,0,0,1.052,0,1.052,1,"baja",0,NA,0,"3","2"
2097,"22","5",5.211,0.5211,44,"35-65",10,82,1354,15,26606,682,"mixta",7638,"particular","turismo","gasolina","M","gris","casado","anual",0,1,"medio","telefonico",3,2,1,2,2.458,1,10,0,"fin_estudio",5104.72,1701.57,1,"5","4"
2098,"22","5",7.368,0.7368,39,"35-65",19,113,1598,3,24096,209,"mixta",13396,"particular","furgoneta","diesel","H","rojo","casado","mensual",0,1,"basico","presencial",1,1,0,1,0.557,1,10,0,"fin_estudio",844.9,844.9,1,"3","3"
2099,"22","5",2.241,0.2241,45,"35-65",23,147,2029,6,42247,70,"rural",30974,"particular","furgoneta","gasolina","M","gris","casado","mensual",0,1,"basico","telefonico",3,2,0,1,0.116,1,2.241,1,"baja",6559.42,2186.47,1,"5","4"
2100,"22","5",2.914,0.2914,18,"18-25",0,89,1097,11,14242,331,"mixta",16382,"comercial","furgoneta","diesel","M","gris","casado","anual",0,2,"basico","telematico",0,2,0,0,2.914,0,2.914,1,"baja",0,NA,0,"2","2"
2101,"22","5",5.215,0.5215,61,"35-65",35,55,800,7,12247,4249,"urbana",11720,"particular","turismo","diesel","M","otro","casado","anual",1,1,"medio","presencial",2,2,0,1,2.886,1,5.215,1,"baja",6214.88,3107.44,1,"2","1"
2102,"22","5",3.691,0.3691,52,"35-65",13,125,1952,6,21035,44,"rural",12885,"comercial","turismo","diesel","M","otro","otro","mensual",0,1,"medio","presencial",0,1,0,0,3.691,0,10,0,"fin_estudio",0,NA,0,"2","1"
2103,"22","5",6.811,0.6811,52,"35-65",20,82,1366,17,30645,179,"mixta",12578,"particular","moto","gasolina","M","negro","casado","mensual",1,1,"basico","presencial",1,3,0,1,5.93,1,6.811,1,"baja",2320.16,2320.16,1,"3","2"
2104,"22","5",5.19,0.519,40,"35-65",9,188,2980,5,32790,205,"mixta",13820,"particular","furgoneta","gasolina","M","gris","casado","anual",1,1,"basico","presencial",2,1,0,3,3.949,1,5.19,1,"baja",6211.07,3105.54,1,"5","4"
2105,"22","5",5.45,0.545,57,"35-65",36,66,1018,9,30770,149,"rural",7464,"particular","moto","diesel","H","rojo","casado","mensual",0,1,"basico","presencial",0,2,0,2,5.45,0,10,0,"fin_estudio",0,NA,0,"3","2"
2106,"22","5",5.023,0.5023,18,"18-25",0,55,978,3,16197,541,"mixta",15039,"particular","turismo","gasolina","M","blanco","otro","anual",1,2,"medio","telematico",4,1,0,0,3.224,1,5.912,0,"fin_estudio",11874.69,2968.67,1,"5","5"
2107,"22","5",7.858,0.7858,52,"35-65",28,163,2599,2,26365,552,"mixta",13308,"particular","turismo","diesel","H","negro","casado","mensual",0,2,"medio","presencial",8,1,0,1,1.334,1,10,0,"fin_estudio",20642.61,2580.33,1,"5","5"
2108,"22","5",6.959,0.6959,62,"35-65",28,90,1545,9,15588,1833,"urbana",15544,"comercial","turismo","diesel","M","gris","casado","anual",0,1,"superior","telefonico",8,3,1,2,1.169,1,7.029,0,"fin_estudio",17445.05,2180.63,1,"5","4"
2109,"22","5",2.824,0.2824,29,"25-35",8,79,988,4,26178,237,"mixta",14027,"particular","turismo","gasolina","H","blanco","soltero","anual",1,1,"basico","telematico",0,0,0,0,2.824,0,2.824,1,"baja",0,NA,0,"2","1"
2110,"22","5",3.126,0.3126,42,"35-65",21,125,1941,2,37686,4345,"urbana",17353,"particular","moto","gasolina","H","negro","casado","anual",1,1,"basico","presencial",1,0,0,1,0.419,1,3.126,1,"baja",1682.72,1682.72,1,"3","2"
2111,"22","5",2.427,0.2427,34,"25-35",6,56,866,13,26840,1102,"urbana",9088,"particular","turismo","diesel","M","negro","casado","mensual",1,2,"medio","presencial",1,1,0,0,1.867,1,10,0,"fin_estudio",1904.64,1904.64,1,"4","3"
2112,"22","5",6.733,0.6733,62,"35-65",34,112,1901,10,30169,2403,"urbana",8451,"particular","turismo","diesel","M","rojo","otro","anual",0,3,"superior","telefonico",0,2,0,1,6.733,0,10,0,"fin_estudio",0,NA,0,"2","2"
2113,"22","5",6.58,0.658,39,"35-65",21,97,1254,9,26634,817,"mixta",23329,"particular","turismo","diesel","M","rojo","soltero","mensual",0,2,"superior","presencial",0,2,0,1,6.58,0,10,0,"fin_estudio",0,NA,0,"1","1"
2114,"22","5",4.246,0.4246,24,"18-25",4,103,1256,9,17739,390,"mixta",8588,"particular","turismo","gasolina","H","otro","casado","mensual",0,2,"basico","telefonico",0,2,0,0,4.246,0,6.418,0,"fin_estudio",0,NA,0,"1","1"
2115,"22","5",1.344,0.1344,41,"35-65",12,55,800,0,18616,115,"rural",10857,"particular","turismo","diesel","M","blanco","casado","mensual",1,1,"medio","presencial",0,1,0,0,1.344,0,10,0,"fin_estudio",0,NA,0,"3","3"
2116,"22","5",7.238,0.7238,46,"35-65",28,117,1518,9,41271,389,"mixta",3890,"particular","moto","diesel","M","negro","otro","anual",1,1,"medio","presencial",0,2,0,1,7.238,0,7.449,0,"fin_estudio",0,NA,0,"1","1"
2117,"22","5",2.279,0.2279,32,"25-35",13,86,1348,14,3409,161,"mixta",9322,"comercial","turismo","diesel","M","rojo","casado","anual",0,2,"medio","presencial",0,2,0,1,2.279,0,2.279,1,"baja",0,NA,0,"1","1"
2118,"22","5",0.912,0.0912,28,"25-35",6,125,1529,0,29760,371,"mixta",14135,"particular","turismo","gasolina","M","gris","casado","mensual",0,1,"basico","presencial",0,0,0,0,0.912,0,0.912,1,"baja",0,NA,0,"2","2"
2119,"22","5",4.402,0.4402,36,"35-65",16,145,2599,1,25429,112,"rural",23332,"comercial","turismo","gasolina","H","blanco","casado","anual",0,2,"medio","telematico",0,0,0,1,4.402,0,5.57,0,"fin_estudio",0,NA,0,"1","1"
2120,"22","5",6.304,0.6304,57,"35-65",38,80,1200,16,31289,3641,"urbana",8850,"particular","turismo","diesel","H","otro","casado","anual",0,2,"basico","telefonico",2,0,0,3,5.363,1,10,0,"fin_estudio",2123.81,1061.9,1,"3","2"
2121,"22","5",3.067,0.3067,69,"65+",50,137,1908,6,23421,1980,"urbana",21403,"particular","turismo","gasolina","M","negro","casado","mensual",1,1,"medio","telefonico",0,0,0,3,3.067,0,3.067,1,"baja",0,NA,0,"1","1"
2122,"22","5",0.478,0.0478,57,"35-65",32,60,959,4,23585,742,"mixta",43131,"particular","moto","diesel","H","blanco","casado","anual",0,2,"superior","telefonico",0,0,0,0,0.478,0,0.478,1,"baja",0,NA,0,"3","3"
2123,"22","5",4.998,0.4998,40,"35-65",8,118,1452,13,23676,378,"mixta",7032,"particular","turismo","gasolina","H","otro","soltero","anual",0,2,"medio","telematico",0,0,0,1,4.998,0,5.997,0,"fin_estudio",0,NA,0,"1","1"
2124,"22","5",1.169,0.1169,57,"35-65",21,73,1055,9,24221,75,"rural",9547,"particular","moto","gasolina","M","negro","soltero","anual",0,2,"medio","telefonico",0,0,0,0,1.169,0,8.006,0,"fin_estudio",0,NA,0,"3","2"
2125,"22","5",1.065,0.1065,43,"35-65",16,119,2090,5,26493,534,"mixta",7206,"particular","turismo","gasolina","M","otro","otro","mensual",0,2,"basico","presencial",0,0,0,0,1.065,0,1.065,1,"baja",0,NA,0,"4","4"
2126,"22","5",1.225,0.1225,80,"65+",43,140,1703,7,34220,231,"mixta",21731,"particular","turismo","diesel","M","gris","otro","mensual",0,1,"medio","telefonico",0,1,0,1,1.225,0,10,0,"fin_estudio",0,NA,0,"3","3"
2127,"22","5",4.743,0.4743,54,"35-65",36,154,2481,12,31586,132,"rural",9610,"particular","turismo","gasolina","H","rojo","casado","mensual",0,1,"medio","telematico",0,3,0,0,4.743,0,4.743,1,"baja",0,NA,0,"3","3"
2128,"22","5",9.673,0.9673,61,"35-65",37,139,2167,11,35055,618,"mixta",12889,"particular","turismo","diesel","H","negro","casado","anual",0,3,"medio","presencial",4,3,1,2,4.136,1,10,0,"fin_estudio",8437.02,2109.26,1,"5","4"
2129,"22","5",2.921,0.2921,41,"35-65",11,55,800,14,22522,1197,"urbana",11315,"particular","furgoneta","gasolina","H","rojo","casado","anual",1,1,"superior","telefonico",0,1,0,0,2.921,0,10,0,"fin_estudio",0,NA,0,"2","2"
2130,"22","5",3.649,0.3649,76,"65+",37,55,800,8,25614,154,"mixta",11164,"particular","turismo","gasolina","H","gris","soltero","anual",0,1,"superior","presencial",0,1,0,1,3.649,0,6.048,0,"fin_estudio",0,NA,0,"4","4"
2131,"22","5",5.793,0.5793,46,"35-65",16,103,1802,0,30021,950,"mixta",3998,"particular","turismo","gasolina","M","otro","casado","anual",0,1,"medio","telefonico",0,3,0,0,5.793,0,10,0,"fin_estudio",0,NA,0,"2","2"
2132,"22","5",2.141,0.2141,44,"35-65",10,55,990,7,18996,105,"rural",6287,"particular","turismo","gasolina","M","blanco","soltero","anual",1,1,"basico","presencial",1,0,0,0,0.532,1,2.141,1,"baja",2723.47,2723.47,1,"4","4"
2133,"22","5",3.692,0.3692,59,"35-65",31,150,2419,6,26786,74,"rural",15684,"comercial","turismo","diesel","H","blanco","casado","mensual",1,1,"medio","presencial",2,3,0,1,0.265,1,3.692,1,"baja",14869.42,7434.71,1,"3","2"
2134,"22","5",7.212,0.7212,37,"35-65",17,76,1108,13,15929,816,"mixta",14400,"comercial","turismo","gasolina","M","gris","otro","mensual",1,1,"medio","telefonico",2,3,0,2,1.31,1,7.212,1,"baja",9164.69,4582.34,1,"3","3"
2135,"22","5",4.785,0.4785,53,"35-65",14,146,1820,6,28305,131,"rural",20757,"particular","turismo","diesel","M","rojo","casado","anual",1,2,"basico","presencial",0,1,0,0,4.785,0,6.181,0,"fin_estudio",0,NA,0,"4","3"
2136,"22","5",7.24,0.724,47,"35-65",15,55,819,12,29742,129,"rural",9086,"comercial","moto","diesel","M","gris","otro","mensual",0,2,"medio","presencial",1,2,1,0,3.132,1,7.24,1,"baja",1351.68,1351.68,1,"1","1"
2137,"22","5",2.889,0.2889,50,"35-65",27,119,1522,16,21246,618,"mixta",25228,"particular","turismo","diesel","H","rojo","soltero","anual",0,2,"superior","telematico",0,1,2,0,2.889,0,10,0,"fin_estudio",0,NA,0,"2","2"
2138,"22","5",1.581,0.1581,63,"35-65",43,138,2106,10,27711,899,"mixta",8534,"particular","turismo","gasolina","H","blanco","otro","anual",0,2,"superior","telefonico",0,0,0,1,1.581,0,7.471,0,"fin_estudio",0,NA,0,"3","3"
2139,"22","5",2.347,0.2347,47,"35-65",26,113,1426,19,29875,63,"rural",9871,"particular","turismo","gasolina","H","negro","casado","mensual",0,2,"basico","presencial",0,0,0,0,2.347,0,10,0,"fin_estudio",0,NA,0,"1","1"
2140,"22","5",6.787,0.6787,56,"35-65",31,107,1759,11,25813,860,"mixta",17231,"particular","turismo","diesel","M","otro","soltero","mensual",0,1,"basico","presencial",0,4,0,0,6.787,0,10,0,"fin_estudio",0,NA,0,"1","1"
2141,"22","5",1.657,0.1657,18,"18-25",0,167,2606,10,19535,328,"mixta",6352,"comercial","turismo","gasolina","H","otro","otro","mensual",0,1,"medio","presencial",0,3,0,2,1.657,0,1.657,1,"baja",0,NA,0,"1","1"
2142,"22","5",2.95,0.295,58,"35-65",28,82,1177,7,12094,471,"mixta",16423,"particular","turismo","gasolina","M","negro","casado","anual",1,1,"superior","telefonico",0,1,0,0,2.95,0,10,0,"fin_estudio",0,NA,0,"3","3"
2143,"22","5",1.099,0.1099,55,"35-65",16,109,1705,15,17437,176,"mixta",16678,"particular","turismo","diesel","M","negro","otro","anual",1,2,"basico","presencial",0,1,0,1,1.099,0,1.099,1,"baja",0,NA,0,"4","3"
2144,"22","5",1.586,0.1586,59,"35-65",31,78,1376,10,29560,705,"mixta",15554,"particular","turismo","gasolina","M","negro","casado","mensual",0,1,"medio","presencial",1,0,0,0,1.368,1,10,0,"fin_estudio",607.36,607.36,1,"1","2"
2145,"22","5",4.026,0.4026,57,"35-65",15,127,1586,2,29653,636,"mixta",9008,"comercial","turismo","gasolina","M","blanco","soltero","mensual",1,2,"superior","telefonico",0,2,0,1,4.026,0,4.026,1,"baja",0,NA,0,"3","2"
2146,"22","5",2.249,0.2249,44,"35-65",16,129,2073,8,27149,787,"mixta",14258,"comercial","moto","gasolina","H","gris","soltero","mensual",1,2,"basico","telematico",0,0,0,0,2.249,0,3.613,0,"fin_estudio",0,NA,0,"1","1"
2147,"22","5",1.762,0.1762,50,"35-65",23,130,2063,1,29970,1493,"urbana",23601,"particular","turismo","gasolina","H","rojo","casado","anual",0,1,"basico","presencial",1,0,0,0,0.782,1,2.777,0,"fin_estudio",5122.63,5122.63,1,"5","5"
2148,"22","5",4.847,0.4847,38,"35-65",10,82,1112,5,23207,174,"mixta",9827,"particular","turismo","diesel","M","negro","soltero","mensual",1,2,"medio","telematico",3,2,0,0,0.947,1,10,0,"fin_estudio",8362.28,2787.43,1,"4","4"
2149,"22","5",2.211,0.2211,61,"35-65",22,151,1932,0,26564,646,"mixta",8164,"particular","turismo","gasolina","M","gris","casado","mensual",0,1,"medio","presencial",0,0,1,0,2.211,0,10,0,"fin_estudio",0,NA,0,"1","1"
2150,"22","5",4.283,0.4283,79,"65+",35,118,1572,6,12684,42,"rural",9294,"particular","turismo","gasolina","M","gris","soltero","mensual",1,1,"medio","telematico",0,0,1,1,4.283,0,4.283,1,"baja",0,NA,0,"1","1"
2151,"22","5",3.496,0.3496,57,"35-65",16,173,2386,10,43691,820,"mixta",10113,"comercial","moto","gasolina","H","otro","casado","anual",1,2,"superior","presencial",1,1,0,0,1.914,1,10,0,"fin_estudio",6729.22,6729.22,1,"4","4"
2152,"23","5",3.16,0.316,46,"35-65",17,58,895,2,15267,234,"mixta",10286,"particular","moto","diesel","M","blanco","soltero","anual",1,1,"medio","telematico",0,1,0,2,3.16,0,3.16,1,"baja",0,NA,0,"3","2"
2153,"23","5",3.829,0.3829,61,"35-65",23,130,2105,0,30126,342,"mixta",20419,"particular","moto","gasolina","H","blanco","casado","mensual",0,1,"basico","presencial",1,2,0,1,0.056,1,3.829,1,"baja",4479.22,4479.22,1,"3","3"
2154,"23","5",9.51,0.951,50,"35-65",23,128,2268,10,15420,497,"mixta",6192,"comercial","turismo","gasolina","H","rojo","soltero","mensual",0,1,"medio","presencial",1,1,4,3,6.607,1,10,0,"fin_estudio",2185.04,2185.04,1,"4","3"
2155,"23","5",7.98,0.798,72,"65+",43,79,1361,14,25221,150,"rural",5824,"particular","turismo","diesel","M","otro","casado","mensual",0,1,"superior","presencial",2,2,0,0,6.229,1,7.98,1,"baja",3399.09,1699.55,1,"3","3"
2156,"23","5",4.539,0.4539,42,"35-65",18,55,800,8,26906,475,"mixta",9056,"particular","moto","diesel","H","rojo","soltero","anual",0,1,"medio","presencial",0,0,0,1,4.539,0,10,0,"fin_estudio",0,NA,0,"2","2"
2157,"23","5",3.312,0.3312,69,"65+",43,96,1599,8,28198,189,"mixta",7161,"particular","turismo","diesel","H","negro","soltero","anual",0,1,"superior","presencial",0,0,0,0,3.312,0,3.848,0,"fin_estudio",0,NA,0,"2","1"
2158,"23","5",5.045,0.5045,40,"35-65",11,81,1124,7,32223,21,"rural",20542,"particular","turismo","diesel","H","blanco","casado","anual",1,1,"medio","telematico",0,3,0,1,5.045,0,5.045,1,"baja",0,NA,0,"1","1"
2159,"23","5",3.514,0.3514,61,"35-65",27,165,2836,2,23918,185,"mixta",26042,"particular","turismo","diesel","M","blanco","casado","mensual",1,2,"medio","telematico",1,0,1,1,2.677,1,10,0,"fin_estudio",6614.78,6614.78,1,"4","4"
2160,"23","5",3.267,0.3267,42,"35-65",21,132,1900,10,31210,1117,"urbana",17741,"particular","furgoneta","gasolina","H","gris","casado","anual",1,2,"basico","presencial",2,0,0,1,1.292,1,3.267,1,"baja",13184.45,6592.23,1,"3","3"
2161,"23","5",2.321,0.2321,24,"18-25",3,142,1860,7,24620,1486,"urbana",8218,"comercial","turismo","gasolina","M","rojo","otro","anual",1,1,"superior","presencial",1,1,0,2,2.183,1,10,0,"fin_estudio",711.59,711.59,1,"1","2"
2162,"23","5",1.716,0.1716,33,"25-35",11,95,1269,10,18648,439,"mixta",8716,"comercial","furgoneta","diesel","M","otro","soltero","mensual",0,1,"superior","telefonico",0,2,0,1,1.716,0,1.716,1,"baja",0,NA,0,"3","3"
2163,"23","5",9.681,0.9681,64,"35-65",28,72,1038,0,11456,5447,"urbana",13236,"particular","furgoneta","gasolina","M","rojo","casado","anual",0,2,"medio","presencial",3,2,0,2,1.628,1,10,0,"fin_estudio",5692.09,1897.36,1,"4","5"
2164,"23","5",3.623,0.3623,30,"25-35",7,64,933,9,26160,346,"mixta",11117,"particular","turismo","diesel","M","negro","soltero","anual",0,1,"basico","telematico",0,0,0,1,3.623,0,9.046,0,"fin_estudio",0,NA,0,"1","1"
2165,"23","5",8.304,0.8304,49,"35-65",30,77,969,8,20678,1193,"urbana",15877,"particular","moto","gasolina","H","rojo","otro","anual",1,1,"superior","presencial",3,4,0,2,5.968,1,8.627,0,"fin_estudio",6323.61,2107.87,1,"4","5"
2166,"23","5",1.773,0.1773,72,"65+",29,55,851,0,22249,92,"rural",4131,"comercial","turismo","diesel","H","negro","casado","anual",0,2,"medio","presencial",0,2,0,0,1.773,0,1.773,1,"baja",0,NA,0,"1","1"
2167,"23","5",5.999,0.5999,18,"18-25",0,78,1083,12,38621,89,"rural",16262,"particular","turismo","gasolina","M","otro","casado","mensual",0,1,"basico","telefonico",1,2,0,2,3.578,1,10,0,"fin_estudio",1506.26,1506.26,1,"2","2"
2168,"23","5",3.685,0.3685,47,"35-65",11,101,1220,12,29162,77,"rural",15635,"particular","turismo","diesel","H","gris","soltero","mensual",1,3,"basico","presencial",1,1,0,1,3.659,1,10,0,"fin_estudio",752.37,752.37,1,"1","2"
2169,"23","5",9.359,0.9359,55,"35-65",36,87,1329,6,27947,260,"mixta",13889,"particular","turismo","diesel","M","otro","otro","mensual",0,2,"superior","telefonico",0,3,0,2,9.359,0,10,0,"fin_estudio",0,NA,0,"1","1"
2170,"23","5",6.355,0.6355,52,"35-65",18,143,2128,11,27577,229,"mixta",19602,"particular","moto","diesel","H","rojo","casado","anual",0,1,"medio","presencial",6,3,0,3,3.027,1,6.355,1,"baja",16861.57,2810.26,1,"5","5"
2171,"23","5",1.04,0.104,72,"65+",45,102,1498,10,31845,82,"rural",20799,"particular","turismo","gasolina","H","rojo","casado","anual",0,1,"superior","telematico",0,0,0,3,1.04,0,3.763,0,"fin_estudio",0,NA,0,"4","4"
2172,"23","5",2.112,0.2112,18,"18-25",0,127,2065,14,26692,202,"mixta",10584,"particular","turismo","gasolina","M","otro","casado","mensual",1,1,"basico","presencial",3,1,0,1,0.398,1,2.112,1,"baja",11242.61,3747.54,1,"5","4"
2173,"23","5",2.733,0.2733,53,"35-65",32,96,1396,5,35230,74,"rural",6352,"particular","turismo","diesel","M","rojo","casado","mensual",1,1,"basico","presencial",0,1,0,0,2.733,0,6.353,0,"fin_estudio",0,NA,0,"1","1"
2174,"23","5",5.822,0.5822,83,"65+",33,107,1478,12,35564,79,"rural",8691,"particular","turismo","diesel","H","rojo","otro","mensual",1,1,"medio","presencial",0,1,0,1,5.822,0,7.326,0,"fin_estudio",0,NA,0,"2","2"
2175,"23","5",2.224,0.2224,44,"35-65",25,90,1206,18,36902,645,"mixta",22529,"particular","turismo","diesel","H","negro","soltero","anual",0,2,"basico","presencial",0,2,0,0,2.224,0,10,0,"fin_estudio",0,NA,0,"1","1"
2176,"23","5",4.754,0.4754,51,"35-65",31,125,2179,18,20028,52,"rural",14628,"particular","turismo","diesel","H","negro","casado","anual",0,2,"medio","presencial",0,1,0,3,4.754,0,4.754,1,"baja",0,NA,0,"2","1"
2177,"23","5",6.498,0.6498,57,"35-65",39,98,1368,10,24095,1967,"urbana",22158,"particular","moto","gasolina","H","blanco","otro","anual",1,1,"medio","presencial",1,5,0,2,2.272,1,10,0,"fin_estudio",8694.24,8694.24,1,"1","1"
2178,"23","5",1.501,0.1501,39,"35-65",14,60,1068,6,28788,558,"mixta",6480,"particular","moto","gasolina","H","negro","casado","mensual",0,1,"medio","presencial",0,0,0,0,1.501,0,6.937,0,"fin_estudio",0,NA,0,"2","1"
2179,"23","5",9.836,0.9836,56,"35-65",31,179,2632,12,15635,144,"rural",6505,"particular","turismo","diesel","M","negro","soltero","anual",0,1,"basico","telematico",0,3,0,2,9.836,0,10,0,"fin_estudio",0,NA,0,"1","1"
2180,"23","5",3.538,0.3538,58,"35-65",27,89,1480,15,15955,755,"mixta",11581,"particular","turismo","diesel","M","otro","casado","anual",0,1,"superior","presencial",0,1,0,0,3.538,0,7.254,0,"fin_estudio",0,NA,0,"1","1"
2181,"23","5",7.689,0.7689,27,"25-35",6,55,853,10,34020,830,"mixta",7893,"particular","moto","diesel","H","gris","casado","anual",1,1,"superior","presencial",3,3,0,3,1.217,1,10,0,"fin_estudio",9840.98,3280.33,1,"5","5"
2182,"23","5",8.535,0.8535,24,"18-25",6,132,1852,9,24549,75,"rural",21837,"particular","turismo","gasolina","H","gris","soltero","anual",0,1,"superior","telefonico",2,3,0,3,0.753,1,8.535,1,"baja",3876.75,1938.38,1,"1","1"
2183,"23","5",3.607,0.3607,66,"65+",28,55,800,10,19568,245,"mixta",16925,"particular","turismo","gasolina","H","blanco","soltero","anual",0,2,"basico","telefonico",0,1,0,2,3.607,0,3.607,1,"baja",0,NA,0,"2","2"
2184,"23","5",3.76,0.376,41,"35-65",13,57,965,8,22136,219,"mixta",9094,"particular","turismo","gasolina","H","otro","soltero","anual",1,2,"basico","presencial",1,0,0,0,2.779,1,3.76,1,"baja",1322.04,1322.04,1,"2","1"
2185,"23","5",9.211,0.9211,36,"35-65",7,77,1041,2,13219,148,"rural",13994,"particular","turismo","diesel","M","gris","casado","anual",0,1,"basico","telefonico",0,2,0,1,9.211,0,10,0,"fin_estudio",0,NA,0,"1","1"
2186,"23","5",0.844,0.0844,34,"25-35",12,99,1750,6,32445,721,"mixta",13016,"particular","moto","diesel","H","otro","casado","anual",0,1,"medio","presencial",0,0,0,0,0.844,0,0.844,1,"baja",0,NA,0,"2","2"
2187,"23","5",6.006,0.6006,40,"35-65",17,101,1667,6,16565,435,"mixta",17183,"particular","turismo","diesel","M","gris","soltero","mensual",1,1,"medio","presencial",1,2,0,3,4.886,1,9.216,0,"fin_estudio",1936.51,1936.51,1,"3","3"
2188,"23","5",6.813,0.6813,61,"35-65",16,134,2054,8,36935,232,"mixta",14818,"particular","turismo","diesel","M","otro","casado","mensual",1,1,"basico","telefonico",2,2,0,1,0.395,1,10,0,"fin_estudio",7987.4,3993.7,1,"4","3"
2189,"23","5",5.592,0.5592,53,"35-65",21,114,1783,7,28607,52,"rural",8591,"particular","turismo","gasolina","M","otro","casado","anual",0,2,"medio","telefonico",0,2,0,0,5.592,0,10,0,"fin_estudio",0,NA,0,"1","1"
2190,"23","5",4.5,0.45,52,"35-65",32,131,1897,7,20733,176,"mixta",14435,"comercial","turismo","gasolina","M","blanco","soltero","mensual",0,1,"basico","presencial",1,4,0,1,2.978,1,8.321,0,"fin_estudio",407.14,407.14,1,"4","4"
2191,"23","5",3.646,0.3646,32,"25-35",6,148,2566,2,5543,303,"mixta",5681,"particular","turismo","gasolina","H","otro","casado","anual",0,1,"medio","presencial",0,0,0,0,3.646,0,10,0,"fin_estudio",0,NA,0,"1","1"
2192,"23","5",8.105,0.8105,62,"35-65",20,142,2472,3,7750,5545,"urbana",15910,"particular","turismo","diesel","H","rojo","soltero","anual",1,1,"basico","presencial",3,3,0,3,2.725,1,10,0,"fin_estudio",4992.64,1664.21,1,"4","4"
2193,"23","5",1.007,0.1007,38,"35-65",20,94,1277,16,14518,312,"mixta",13728,"particular","turismo","gasolina","H","blanco","soltero","anual",1,1,"basico","presencial",0,0,0,0,1.007,0,6.373,0,"fin_estudio",0,NA,0,"2","2"
2194,"23","5",3.712,0.3712,55,"35-65",26,119,2118,14,30163,171,"mixta",10548,"particular","turismo","gasolina","H","rojo","casado","anual",0,2,"basico","telefonico",0,0,0,3,3.712,0,10,0,"fin_estudio",0,NA,0,"3","3"
2195,"23","5",0.557,0.0557,51,"35-65",19,55,800,7,22993,71,"rural",10344,"particular","moto","diesel","H","gris","soltero","mensual",1,1,"basico","presencial",0,0,0,0,0.557,0,0.557,1,"baja",0,NA,0,"4","4"
2196,"23","5",3.199,0.3199,32,"25-35",11,164,2428,9,18041,485,"mixta",18401,"particular","turismo","gasolina","H","gris","casado","mensual",0,3,"medio","presencial",0,0,0,0,3.199,0,8.167,0,"fin_estudio",0,NA,0,"3","2"
2197,"23","5",4.098,0.4098,68,"65+",29,76,994,14,17966,537,"mixta",9621,"particular","turismo","diesel","M","blanco","casado","anual",0,1,"medio","presencial",0,1,0,1,4.098,0,5.882,0,"fin_estudio",0,NA,0,"2","1"
2198,"23","5",1.499,0.1499,53,"35-65",26,162,2035,3,33390,645,"mixta",8798,"particular","turismo","diesel","M","gris","soltero","anual",0,1,"medio","presencial",0,0,0,1,1.499,0,10,0,"fin_estudio",0,NA,0,"5","5"
2199,"23","5",4.79,0.479,18,"18-25",0,110,1858,9,27205,624,"mixta",8441,"particular","turismo","diesel","H","blanco","soltero","mensual",0,2,"medio","telefonico",1,4,0,0,4.194,1,6.773,0,"fin_estudio",3857.75,3857.75,1,"3","4"
2200,"23","5",5.043,0.5043,39,"35-65",11,89,1274,8,24138,199,"mixta",8871,"particular","turismo","gasolina","H","gris","casado","anual",0,2,"basico","presencial",0,0,0,1,5.043,0,5.043,1,"baja",0,NA,0,"1","1"
2201,"23","5",3.848,0.3848,58,"35-65",17,70,1179,5,33397,251,"mixta",15807,"particular","turismo","diesel","H","blanco","soltero","mensual",0,1,"basico","presencial",0,1,0,2,3.848,0,3.848,1,"baja",0,NA,0,"3","3"
2202,"23","5",2.449,0.2449,49,"35-65",16,55,953,16,18574,337,"mixta",4885,"particular","turismo","gasolina","M","rojo","casado","anual",1,1,"superior","telefonico",1,1,0,0,1.953,1,5.805,0,"fin_estudio",565.78,565.78,1,"3","3"
2203,"23","5",4.672,0.4672,74,"65+",46,136,2216,6,31176,811,"mixta",34513,"comercial","turismo","diesel","M","blanco","otro","anual",1,2,"superior","telematico",3,1,0,0,2.42,1,4.672,1,"baja",10476.44,3492.15,1,"5","4"
2204,"23","5",9.042,0.9042,37,"35-65",11,144,1987,2,4049,723,"mixta",9014,"particular","turismo","gasolina","M","blanco","casado","anual",0,1,"medio","telematico",0,5,0,1,9.042,0,10,0,"fin_estudio",0,NA,0,"1","1"
2205,"23","5",2.838,0.2838,88,"65+",39,75,1066,0,34727,286,"mixta",5272,"particular","moto","gasolina","H","otro","casado","mensual",0,1,"basico","presencial",0,0,0,2,2.838,0,10,0,"fin_estudio",0,NA,0,"3","3"
2206,"23","5",0.611,0.0611,31,"25-35",9,107,1554,9,30731,459,"mixta",12336,"particular","moto","diesel","M","gris","casado","anual",1,1,"basico","telefonico",0,0,0,0,0.611,0,0.611,1,"baja",0,NA,0,"2","2"
2207,"23","5",3.636,0.3636,37,"35-65",12,55,800,7,44784,665,"mixta",7746,"particular","turismo","gasolina","M","otro","casado","mensual",0,1,"superior","presencial",0,2,0,1,3.636,0,6.101,0,"fin_estudio",0,NA,0,"3","3"
2208,"23","5",7.686,0.7686,54,"35-65",25,149,1820,8,26159,186,"mixta",25864,"comercial","turismo","gasolina","H","rojo","casado","anual",0,1,"basico","presencial",0,2,3,3,7.686,0,10,0,"fin_estudio",0,NA,0,"1","1"
2209,"23","5",4.951,0.4951,18,"18-25",0,107,1855,2,21357,284,"mixta",10829,"particular","turismo","gasolina","H","otro","casado","mensual",0,3,"medio","presencial",0,0,2,5,4.951,0,6.623,0,"fin_estudio",0,NA,0,"1","1"
2210,"23","5",0.1,0.01,67,"65+",45,108,1562,0,33119,5854,"urbana",17716,"comercial","moto","gasolina","M","negro","soltero","mensual",0,2,"basico","telematico",0,0,0,0,0.1,0,0.085,1,"baja",0,NA,0,"3","3"
2211,"23","5",1.419,0.1419,45,"35-65",26,98,1740,5,6567,109,"rural",7093,"particular","moto","diesel","H","blanco","casado","mensual",0,1,"medio","telefonico",0,0,0,0,1.419,0,10,0,"fin_estudio",0,NA,0,"4","4"
2212,"23","5",1.076,0.1076,54,"35-65",32,165,2952,3,30215,153,"mixta",10062,"particular","turismo","diesel","M","gris","casado","anual",0,1,"basico","telefonico",0,0,0,0,1.076,0,10,0,"fin_estudio",0,NA,0,"3","3"
2213,"23","5",7.024,0.7024,59,"35-65",20,55,828,13,10705,381,"mixta",26975,"particular","turismo","diesel","H","rojo","soltero","mensual",0,2,"medio","telefonico",2,2,0,3,3.193,1,10,0,"fin_estudio",1946.37,973.19,1,"3","3"
2214,"23","5",0.177,0.0177,47,"35-65",26,154,2735,13,34674,370,"mixta",5201,"particular","turismo","gasolina","H","otro","casado","anual",0,1,"basico","presencial",0,0,0,0,0.177,0,0.177,1,"baja",0,NA,0,"1","1"
2215,"23","5",2.031,0.2031,42,"35-65",23,93,1621,5,6140,27,"rural",18535,"comercial","turismo","gasolina","M","negro","casado","anual",0,1,"basico","presencial",0,3,0,0,2.031,0,2.626,0,"fin_estudio",0,NA,0,"1","1"
2216,"23","5",4.437,0.4437,44,"35-65",26,101,1315,7,27979,1309,"urbana",7456,"comercial","furgoneta","diesel","M","otro","casado","anual",0,1,"medio","presencial",0,2,1,2,4.437,0,4.437,1,"baja",0,NA,0,"1","1"
2217,"23","5",4.538,0.4538,46,"35-65",13,124,2133,9,26025,286,"mixta",30825,"particular","furgoneta","diesel","M","negro","casado","anual",0,2,"medio","telefonico",1,1,1,1,0.709,1,4.538,1,"baja",4225,4225,1,"2","2"
2218,"23","5",4.842,0.4842,40,"35-65",21,86,1048,21,10038,1808,"urbana",10298,"comercial","turismo","diesel","H","gris","otro","mensual",1,1,"medio","presencial",4,2,0,1,1.94,1,10,0,"fin_estudio",3827.51,956.88,1,"5","5"
2219,"23","5",4.99,0.499,42,"35-65",10,123,2086,14,22703,233,"mixta",16144,"particular","moto","diesel","H","otro","casado","mensual",0,1,"basico","telematico",4,2,0,2,1.888,1,8.99,0,"fin_estudio",10990.57,2747.64,1,"5","4"
2220,"23","5",2.391,0.2391,50,"35-65",29,111,1638,2,11929,91,"rural",12052,"particular","turismo","diesel","H","rojo","casado","anual",0,1,"medio","telefonico",1,1,0,0,1.728,1,2.557,0,"fin_estudio",2456.05,2456.05,1,"3","2"
2221,"23","5",2.173,0.2173,40,"35-65",9,118,2008,4,30242,358,"mixta",9432,"comercial","turismo","diesel","H","negro","casado","mensual",1,2,"superior","telefonico",0,0,0,0,2.173,0,5.067,0,"fin_estudio",0,NA,0,"2","2"
2222,"23","5",5.481,0.5481,69,"65+",36,108,1679,2,31995,157,"mixta",8388,"particular","turismo","gasolina","H","rojo","casado","anual",0,1,"medio","presencial",0,1,0,1,5.481,0,10,0,"fin_estudio",0,NA,0,"1","1"
2223,"23","5",4.744,0.4744,46,"35-65",12,63,800,5,22933,1561,"urbana",11559,"particular","turismo","gasolina","H","otro","soltero","anual",0,1,"medio","telefonico",0,2,0,1,4.744,0,10,0,"fin_estudio",0,NA,0,"4","4"
2224,"23","5",0.905,0.0905,41,"35-65",20,192,2376,3,22926,189,"mixta",12092,"particular","moto","diesel","M","gris","casado","anual",1,1,"basico","presencial",0,0,0,0,0.905,0,0.905,1,"baja",0,NA,0,"2","2"
2225,"23","5",3.909,0.3909,44,"35-65",11,89,1293,0,20335,71,"rural",13608,"particular","turismo","diesel","M","blanco","casado","mensual",1,1,"medio","telefonico",0,2,0,0,3.909,0,3.909,1,"baja",0,NA,0,"4","4"
2226,"23","5",4.463,0.4463,56,"35-65",25,96,1621,2,7931,996,"mixta",28978,"particular","turismo","gasolina","M","rojo","soltero","mensual",0,1,"medio","telematico",0,1,0,0,4.463,0,9.211,0,"fin_estudio",0,NA,0,"1","1"
2227,"23","5",3.272,0.3272,30,"25-35",11,172,3013,3,38885,157,"mixta",12624,"particular","turismo","diesel","M","otro","casado","anual",1,1,"superior","presencial",0,0,0,1,3.272,0,7.849,0,"fin_estudio",0,NA,0,"2","2"
2228,"23","5",1.939,0.1939,55,"35-65",19,107,1345,8,34848,300,"mixta",13607,"comercial","turismo","diesel","M","otro","otro","anual",0,1,"superior","presencial",0,0,0,0,1.939,0,1.939,1,"baja",0,NA,0,"4","4"
2229,"23","5",5.319,0.5319,63,"35-65",24,133,2230,10,26023,401,"mixta",4099,"particular","moto","diesel","H","negro","soltero","anual",0,1,"medio","presencial",0,0,0,1,5.319,0,10,0,"fin_estudio",0,NA,0,"1","1"
2230,"23","5",6.103,0.6103,18,"18-25",0,63,1099,9,34896,92,"rural",19375,"particular","furgoneta","gasolina","H","otro","casado","mensual",0,2,"basico","telematico",0,6,0,0,6.103,0,6.68,0,"fin_estudio",0,NA,0,"1","1"
2231,"23","5",6.439,0.6439,50,"35-65",16,106,1712,16,11903,553,"mixta",28080,"particular","turismo","diesel","H","gris","soltero","mensual",0,1,"superior","telefonico",0,2,1,3,6.439,0,10,0,"fin_estudio",0,NA,0,"2","2"
2232,"23","5",6.354,0.6354,56,"35-65",28,77,1346,0,3962,819,"mixta",19836,"particular","furgoneta","diesel","M","negro","casado","anual",1,1,"superior","presencial",3,5,0,1,3.043,1,6.354,1,"baja",2464.14,821.38,1,"5","5"
2233,"23","5",0.792,0.0792,62,"35-65",25,141,2394,10,29971,691,"mixta",16934,"comercial","turismo","gasolina","M","blanco","soltero","anual",1,1,"basico","presencial",0,0,0,1,0.792,0,0.792,1,"baja",0,NA,0,"2","2"
2234,"23","5",3.468,0.3468,32,"25-35",10,55,930,12,18859,654,"mixta",14489,"particular","turismo","diesel","H","gris","casado","anual",1,2,"medio","telematico",0,2,0,0,3.468,0,4.517,0,"fin_estudio",0,NA,0,"4","4"
2235,"23","5",8.893,0.8893,62,"35-65",29,140,2144,0,36430,908,"mixta",11883,"particular","furgoneta","diesel","H","blanco","casado","anual",0,1,"basico","presencial",2,0,0,1,5.164,1,10,0,"fin_estudio",7996.38,3998.19,1,"3","3"
2236,"23","5",9.592,0.9592,20,"18-25",2,56,883,7,15276,198,"mixta",16947,"particular","turismo","diesel","H","gris","soltero","anual",0,1,"superior","presencial",10,9,0,1,0.963,1,10,0,"fin_estudio",28829.59,2882.96,1,"4","3"
2237,"23","5",1.917,0.1917,58,"35-65",24,161,2497,10,27925,49,"rural",14877,"comercial","moto","diesel","H","rojo","casado","anual",1,3,"basico","telefonico",0,0,1,2,1.917,0,3.394,0,"fin_estudio",0,NA,0,"1","1"
2238,"23","5",5.813,0.5813,46,"35-65",17,75,1346,11,29687,340,"mixta",7488,"particular","turismo","diesel","H","blanco","soltero","anual",0,1,"superior","telematico",0,0,0,0,5.813,0,10,0,"fin_estudio",0,NA,0,"1","1"
2239,"23","5",6.374,0.6374,18,"18-25",0,55,800,1,21050,383,"mixta",12312,"comercial","turismo","diesel","M","negro","soltero","anual",0,2,"basico","presencial",1,4,0,1,5.514,1,10,0,"fin_estudio",2681.24,2681.24,1,"2","2"
2240,"23","5",2.869,0.2869,33,"25-35",7,153,2369,2,21147,159,"mixta",29306,"particular","turismo","diesel","M","gris","otro","anual",0,1,"basico","telefonico",0,1,0,3,2.869,0,10,0,"fin_estudio",0,NA,0,"2","1"
2241,"23","5",2.217,0.2217,52,"35-65",30,131,1817,10,29302,2069,"urbana",18321,"comercial","turismo","diesel","M","otro","casado","anual",0,2,"medio","telematico",0,1,0,0,2.217,0,5.157,0,"fin_estudio",0,NA,0,"2","2"
2242,"23","5",1.668,0.1668,51,"35-65",30,55,824,6,28751,368,"mixta",9155,"particular","turismo","diesel","M","rojo","casado","anual",0,1,"medio","presencial",0,0,0,1,1.668,0,2.384,0,"fin_estudio",0,NA,0,"1","1"
2243,"23","5",2.404,0.2404,49,"35-65",16,141,1819,9,12154,223,"mixta",12711,"comercial","turismo","gasolina","H","rojo","casado","anual",0,1,"medio","presencial",1,0,0,0,0.088,1,9.705,0,"fin_estudio",322.41,322.41,1,"2","2"
2244,"23","5",4.098,0.4098,41,"35-65",15,164,2267,5,25748,2416,"urbana",9076,"particular","moto","gasolina","H","rojo","soltero","anual",0,1,"medio","telefonico",2,1,0,1,2.467,1,10,0,"fin_estudio",7273.9,3636.95,1,"5","5"
2245,"23","5",4.103,0.4103,24,"18-25",4,124,2030,12,13801,317,"mixta",6283,"comercial","furgoneta","diesel","H","rojo","soltero","mensual",0,1,"basico","presencial",0,1,0,1,4.103,0,5.188,0,"fin_estudio",0,NA,0,"5","5"
2246,"23","5",9.711,0.9711,41,"35-65",11,89,1208,5,29604,187,"mixta",21658,"comercial","turismo","diesel","M","gris","casado","anual",1,2,"basico","presencial",7,3,0,3,0.001,1,9.766,0,"fin_estudio",14454.28,2064.9,1,"5","5"
2247,"23","5",4.317,0.4317,46,"35-65",15,105,1831,8,28127,105,"rural",12126,"particular","turismo","gasolina","H","blanco","casado","anual",1,2,"basico","presencial",0,3,0,1,4.317,0,10,0,"fin_estudio",0,NA,0,"2","1"
2248,"23","5",2.193,0.2193,47,"35-65",27,222,3588,8,36836,762,"mixta",11602,"particular","turismo","gasolina","M","negro","soltero","anual",1,1,"basico","presencial",1,0,1,0,2.09,1,2.193,1,"baja",1073.29,1073.29,1,"2","3"
2249,"23","5",6.493,0.6493,34,"25-35",6,55,800,3,18610,269,"mixta",12857,"particular","moto","gasolina","M","blanco","casado","mensual",0,4,"superior","presencial",0,0,0,4,6.493,0,8.745,0,"fin_estudio",0,NA,0,"1","1"
2250,"23","5",3.492,0.3492,29,"25-35",7,104,1359,6,38547,508,"mixta",10076,"particular","turismo","diesel","H","rojo","casado","anual",0,1,"basico","telefonico",0,0,0,1,3.492,0,10,0,"fin_estudio",0,NA,0,"3","2"
2251,"23","5",1.589,0.1589,38,"35-65",17,174,2178,12,22953,499,"mixta",9879,"particular","furgoneta","gasolina","M","blanco","casado","anual",1,1,"basico","presencial",0,1,0,0,1.589,0,3.839,0,"fin_estudio",0,NA,0,"4","4"
2252,"23","5",9.123,0.9123,75,"65+",21,124,2019,2,26198,678,"mixta",14506,"particular","furgoneta","diesel","M","rojo","soltero","anual",0,2,"basico","presencial",4,3,0,4,1.145,1,10,0,"fin_estudio",10212.13,2553.03,1,"4","3"
2253,"23","5",1.808,0.1808,44,"35-65",14,104,1279,15,21344,439,"mixta",10771,"particular","turismo","diesel","H","otro","otro","anual",1,1,"medio","presencial",0,0,0,0,1.808,0,1.808,1,"baja",0,NA,0,"1","1"
2254,"23","5",8.271,0.8271,51,"35-65",18,115,1958,9,24798,170,"mixta",9071,"particular","turismo","gasolina","M","gris","casado","anual",0,1,"medio","presencial",0,2,2,3,8.271,0,10,0,"fin_estudio",0,NA,0,"1","1"
2255,"23","5",6.786,0.6786,34,"25-35",7,98,1274,9,26744,23,"rural",11091,"particular","turismo","gasolina","M","negro","casado","anual",0,2,"superior","telefonico",1,0,0,2,3.919,1,10,0,"fin_estudio",7374.18,7374.18,1,"3","2"
2256,"23","5",5.622,0.5622,34,"25-35",10,111,1836,11,22985,476,"mixta",5515,"particular","turismo","diesel","H","rojo","casado","anual",0,1,"medio","telefonico",3,0,0,2,2.167,1,5.622,1,"baja",5527.04,1842.35,1,"5","4"
2257,"23","5",6.211,0.6211,61,"35-65",31,134,1862,3,31969,76,"rural",8911,"particular","turismo","diesel","H","otro","casado","anual",0,2,"basico","telematico",0,2,0,2,6.211,0,10,0,"fin_estudio",0,NA,0,"1","1"
2258,"23","5",1.208,0.1208,79,"65+",36,61,938,14,22812,232,"mixta",21760,"particular","furgoneta","diesel","M","blanco","soltero","anual",0,1,"basico","presencial",0,1,0,1,1.208,0,4.497,0,"fin_estudio",0,NA,0,"1","1"
2259,"23","5",0.225,0.0225,63,"35-65",16,105,1798,0,33502,196,"mixta",6477,"particular","turismo","gasolina","M","otro","casado","mensual",0,1,"basico","telematico",0,0,0,0,0.225,0,0.225,1,"baja",0,NA,0,"4","4"
2260,"24","5",2.103,0.2103,32,"25-35",12,137,2085,6,30401,94,"rural",7888,"particular","furgoneta","diesel","H","rojo","soltero","mensual",1,1,"basico","presencial",0,0,0,1,2.103,0,2.103,1,"baja",0,NA,0,"2","2"
2261,"24","5",0.68,0.068,52,"35-65",19,76,1000,9,21653,331,"mixta",18708,"particular","moto","gasolina","H","otro","soltero","anual",0,2,"medio","presencial",0,0,0,0,0.68,0,0.68,1,"baja",0,NA,0,"2","2"
2262,"24","5",1.177,0.1177,29,"25-35",10,176,2663,4,32311,114,"rural",13394,"particular","turismo","diesel","M","blanco","casado","mensual",0,2,"superior","telematico",0,1,0,1,1.177,0,7.389,0,"fin_estudio",0,NA,0,"3","2"
2263,"24","5",2.396,0.2396,22,"18-25",3,55,919,6,23882,898,"mixta",10943,"particular","turismo","diesel","H","otro","soltero","mensual",1,2,"basico","telematico",3,1,0,0,0.231,1,7.527,0,"fin_estudio",9208.38,3069.46,1,"4","4"
2264,"24","5",4.76,0.476,74,"65+",39,110,1821,15,22384,39,"rural",15088,"comercial","turismo","gasolina","H","blanco","casado","anual",0,2,"medio","presencial",1,7,0,1,3.307,1,8.557,0,"fin_estudio",1530.47,1530.47,1,"4","3"
2265,"24","5",4.082,0.4082,25,"18-25",4,157,2759,1,29758,1558,"urbana",16093,"particular","turismo","gasolina","M","gris","casado","mensual",0,3,"basico","presencial",0,2,0,0,4.082,0,10,0,"fin_estudio",0,NA,0,"4","4"
2266,"24","5",1.25,0.125,38,"35-65",16,84,1106,0,20624,153,"mixta",38978,"particular","turismo","diesel","M","rojo","soltero","anual",0,1,"superior","presencial",0,2,0,0,1.25,0,7.126,0,"fin_estudio",0,NA,0,"2","1"
2267,"24","5",2.901,0.2901,24,"18-25",5,137,2079,0,27145,91,"rural",5829,"particular","turismo","diesel","M","otro","casado","anual",0,2,"medio","presencial",0,0,0,0,2.901,0,5.538,0,"fin_estudio",0,NA,0,"1","1"
2268,"24","5",5.815,0.5815,41,"35-65",9,146,2397,11,23249,268,"mixta",23618,"particular","turismo","gasolina","H","negro","soltero","mensual",0,2,"medio","presencial",2,3,0,0,1.501,1,5.815,1,"baja",1899.18,949.59,1,"1","1"
2269,"24","5",2.076,0.2076,34,"25-35",14,82,1143,9,20026,219,"mixta",12647,"particular","turismo","diesel","M","rojo","soltero","anual",1,1,"medio","telefonico",0,1,0,1,2.076,0,3.952,0,"fin_estudio",0,NA,0,"4","4"
2270,"24","5",6.883,0.6883,65,"35-65",21,102,1776,7,23146,72,"rural",17075,"particular","furgoneta","gasolina","H","blanco","otro","anual",0,1,"medio","telematico",1,2,0,2,1.843,1,6.883,1,"baja",748.52,748.52,1,"3","2"
2271,"24","5",5.519,0.5519,64,"35-65",45,83,1460,12,22311,133,"rural",7709,"particular","turismo","gasolina","H","gris","casado","anual",0,1,"basico","presencial",0,3,0,0,5.519,0,9.563,0,"fin_estudio",0,NA,0,"4","3"
2272,"24","5",3.823,0.3823,30,"25-35",9,117,2040,4,34122,174,"mixta",11094,"comercial","turismo","diesel","M","otro","casado","mensual",0,1,"basico","telematico",0,1,0,1,3.823,0,3.823,1,"baja",0,NA,0,"2","2"
2273,"24","5",5.812,0.5812,39,"35-65",15,135,2228,7,26312,219,"mixta",6229,"particular","moto","diesel","H","blanco","casado","anual",0,1,"basico","presencial",0,1,0,1,5.812,0,5.812,1,"baja",0,NA,0,"1","1"
2274,"24","5",1.76,0.176,19,"18-25",1,141,1890,9,37509,278,"mixta",24089,"particular","turismo","diesel","H","rojo","casado","anual",0,2,"superior","presencial",0,0,0,0,1.76,0,1.76,1,"baja",0,NA,0,"2","1"
2275,"24","5",1.963,0.1963,18,"18-25",0,129,1590,9,22172,294,"mixta",16008,"comercial","turismo","gasolina","M","otro","casado","anual",1,2,"superior","presencial",0,1,0,1,1.963,0,1.963,1,"baja",0,NA,0,"3","3"
2276,"24","5",7.849,0.7849,25,"18-25",5,97,1517,15,6381,43,"rural",21401,"particular","turismo","diesel","H","gris","casado","mensual",0,2,"superior","telefonico",8,6,0,0,0.631,1,10,0,"fin_estudio",13510.86,1688.86,1,"5","5"
2277,"24","5",3.429,0.3429,49,"35-65",25,134,2356,3,32993,192,"mixta",10136,"comercial","turismo","gasolina","H","negro","casado","anual",0,3,"medio","presencial",0,3,0,0,3.429,0,3.429,1,"baja",0,NA,0,"3","2"
2278,"24","5",4.213,0.4213,33,"25-35",12,55,932,9,14304,511,"mixta",18952,"particular","turismo","diesel","H","otro","soltero","anual",1,2,"medio","presencial",0,2,0,0,4.213,0,4.213,1,"baja",0,NA,0,"1","1"
2279,"24","5",2.825,0.2825,29,"25-35",9,172,2393,8,22251,71,"rural",14826,"particular","moto","diesel","H","blanco","soltero","mensual",0,1,"basico","telefonico",1,0,1,0,2.353,1,3.3,0,"fin_estudio",2573.2,2573.2,1,"1","2"
2280,"24","5",6.16,0.616,54,"35-65",28,129,1926,4,33718,405,"mixta",21909,"particular","turismo","gasolina","M","negro","otro","mensual",0,2,"basico","presencial",1,1,0,3,1.046,1,10,0,"fin_estudio",3568.68,3568.68,1,"2","2"
2281,"24","5",7.39,0.739,26,"25-35",3,57,815,7,25179,132,"rural",13517,"particular","furgoneta","diesel","H","blanco","soltero","anual",0,1,"medio","telematico",0,2,1,1,7.39,0,10,0,"fin_estudio",0,NA,0,"1","1"
2282,"24","5",3.15,0.315,48,"35-65",21,112,1524,15,42149,169,"mixta",21684,"comercial","turismo","diesel","M","blanco","casado","mensual",0,1,"superior","presencial",0,4,0,0,3.15,0,3.15,1,"baja",0,NA,0,"4","3"
2283,"24","5",1.521,0.1521,38,"35-65",16,66,1119,7,21290,109,"rural",7387,"particular","turismo","diesel","H","negro","otro","anual",1,2,"medio","telematico",0,1,0,0,1.521,0,8.89,0,"fin_estudio",0,NA,0,"2","2"
2284,"24","5",2.689,0.2689,50,"35-65",30,92,1604,7,28525,383,"mixta",4619,"particular","moto","diesel","H","blanco","casado","anual",0,1,"superior","presencial",2,0,0,1,0.039,1,10,0,"fin_estudio",9304.66,4652.33,1,"5","4"
2285,"24","5",9.589,0.9589,33,"25-35",12,76,1344,9,28223,200,"mixta",5715,"comercial","turismo","gasolina","H","otro","soltero","mensual",0,2,"superior","telefonico",0,3,0,1,9.589,0,10,0,"fin_estudio",0,NA,0,"1","1"
2286,"24","5",3.28,0.328,49,"35-65",26,55,836,15,27412,273,"mixta",12275,"particular","turismo","diesel","M","gris","casado","mensual",1,2,"basico","presencial",0,1,0,2,3.28,0,3.28,1,"baja",0,NA,0,"1","1"
2287,"24","5",1.447,0.1447,63,"35-65",29,55,818,14,41506,45,"rural",25522,"particular","turismo","diesel","M","otro","soltero","anual",1,3,"medio","telefonico",1,0,0,1,1.284,1,1.447,1,"baja",1103.51,1103.51,1,"3","4"
2288,"24","5",3.304,0.3304,30,"25-35",11,116,2017,12,32003,121,"rural",12630,"particular","turismo","gasolina","H","gris","otro","mensual",0,1,"superior","presencial",0,3,0,0,3.304,0,3.304,1,"baja",0,NA,0,"1","1"
2289,"24","5",5.68,0.568,51,"35-65",24,170,2636,0,34054,670,"mixta",13903,"particular","moto","gasolina","H","negro","casado","anual",0,1,"medio","telefonico",1,1,0,1,5.498,1,6.14,0,"fin_estudio",4942.24,4942.24,1,"3","4"
2290,"24","5",3.233,0.3233,37,"35-65",10,127,2221,15,26631,576,"mixta",9758,"particular","turismo","diesel","M","gris","casado","anual",1,1,"medio","presencial",0,4,0,1,3.233,0,3.233,1,"baja",0,NA,0,"2","1"
2291,"24","5",2.259,0.2259,57,"35-65",38,140,2380,8,42580,74,"rural",8534,"particular","turismo","diesel","H","otro","casado","mensual",1,1,"basico","presencial",0,2,0,2,2.259,0,10,0,"fin_estudio",0,NA,0,"1","1"
2292,"24","5",2.532,0.2532,52,"35-65",14,65,954,5,24118,389,"mixta",9338,"particular","turismo","diesel","M","gris","soltero","anual",1,1,"medio","telefonico",0,0,0,1,2.532,0,2.532,1,"baja",0,NA,0,"2","2"
2293,"24","5",6.031,0.6031,38,"35-65",14,110,1548,5,30627,3702,"urbana",9321,"particular","turismo","diesel","M","negro","casado","anual",0,2,"superior","presencial",1,1,1,0,4.075,1,10,0,"fin_estudio",4124.11,4124.11,1,"2","2"
2294,"24","5",3.74,0.374,18,"18-25",0,75,1152,5,10887,122,"rural",13523,"particular","turismo","gasolina","M","rojo","soltero","anual",0,2,"basico","presencial",2,0,0,0,1.888,1,3.74,1,"baja",1878.76,939.38,1,"5","5"
2295,"24","5",1.164,0.1164,44,"35-65",15,98,1378,9,29121,1158,"urbana",19434,"particular","turismo","diesel","H","gris","soltero","anual",0,1,"superior","telefonico",2,0,0,0,0.294,1,1.164,1,"baja",9558.84,4779.42,1,"3","3"
2296,"24","5",6.871,0.6871,18,"18-25",0,79,1236,15,24688,442,"mixta",22135,"comercial","turismo","diesel","M","gris","soltero","mensual",0,1,"superior","presencial",2,2,0,2,1.189,1,7.239,0,"fin_estudio",3118.36,1559.18,1,"4","4"
2297,"24","5",2.066,0.2066,62,"35-65",27,73,1193,9,32843,60,"rural",6491,"particular","turismo","diesel","H","gris","soltero","mensual",0,1,"medio","presencial",0,0,0,0,2.066,0,10,0,"fin_estudio",0,NA,0,"2","2"
2298,"24","5",5.135,0.5135,71,"65+",50,55,800,8,13596,39,"rural",19695,"particular","turismo","diesel","M","blanco","soltero","anual",0,2,"basico","telematico",0,4,0,0,5.135,0,5.135,1,"baja",0,NA,0,"1","1"
2299,"24","5",4.393,0.4393,63,"35-65",35,55,800,13,1500,785,"mixta",5458,"particular","turismo","diesel","M","otro","soltero","anual",1,2,"medio","presencial",0,1,0,2,4.393,0,10,0,"fin_estudio",0,NA,0,"2","1"
2300,"24","5",4.51,0.451,44,"35-65",20,55,885,4,25321,175,"mixta",5864,"particular","turismo","diesel","M","blanco","casado","anual",0,1,"medio","presencial",0,1,0,0,4.51,0,10,0,"fin_estudio",0,NA,0,"1","1"
2301,"24","5",1.242,0.1242,76,"65+",22,100,1640,2,23837,760,"mixta",7819,"particular","moto","gasolina","H","rojo","soltero","anual",0,2,"medio","presencial",0,1,1,1,1.242,0,3.395,0,"fin_estudio",0,NA,0,"1","1"
2302,"24","5",4.598,0.4598,54,"35-65",27,125,2180,7,19207,45,"rural",9050,"comercial","furgoneta","gasolina","H","rojo","otro","anual",1,1,"superior","presencial",0,5,0,0,4.598,0,6.439,0,"fin_estudio",0,NA,0,"3","2"
2303,"24","5",5.997,0.5997,65,"35-65",33,80,1080,4,20273,351,"mixta",11196,"comercial","turismo","diesel","M","rojo","casado","mensual",0,1,"medio","presencial",0,1,0,0,5.997,0,5.997,1,"baja",0,NA,0,"1","1"
2304,"24","5",3.792,0.3792,46,"35-65",14,81,1391,17,6717,223,"mixta",19280,"particular","furgoneta","gasolina","H","negro","casado","anual",0,1,"basico","telematico",0,1,0,1,3.792,0,3.792,1,"baja",0,NA,0,"3","2"
2305,"24","5",0.553,0.0553,58,"35-65",18,134,2080,12,26263,158,"mixta",7377,"particular","moto","diesel","M","otro","soltero","anual",0,2,"basico","presencial",0,0,0,0,0.553,0,0.553,1,"baja",0,NA,0,"3","3"
2306,"24","5",2.499,0.2499,21,"18-25",1,55,846,4,21332,314,"mixta",14630,"particular","turismo","gasolina","H","blanco","casado","mensual",1,1,"basico","presencial",0,1,0,0,2.499,0,6.446,0,"fin_estudio",0,NA,0,"2","2"
2307,"24","5",7.633,0.7633,47,"35-65",18,74,1323,20,23261,487,"mixta",8464,"particular","turismo","diesel","M","blanco","soltero","anual",1,2,"basico","telematico",2,3,1,1,0.56,1,10,0,"fin_estudio",2753.86,1376.93,1,"4","4"
2308,"24","5",9.801,0.9801,79,"65+",46,90,1447,9,31469,492,"mixta",4965,"particular","turismo","gasolina","M","blanco","soltero","anual",1,1,"superior","telefonico",1,1,0,3,5.689,1,10,0,"fin_estudio",3669.31,3669.31,1,"3","3"
2309,"24","5",1.799,0.1799,22,"18-25",3,124,2029,14,24826,1532,"urbana",20996,"particular","turismo","gasolina","H","rojo","casado","mensual",1,1,"medio","telefonico",0,1,0,1,1.799,0,2.107,0,"fin_estudio",0,NA,0,"4","4"
2310,"24","5",1.188,0.1188,64,"35-65",35,193,2696,14,32750,90,"rural",7253,"particular","turismo","gasolina","M","blanco","soltero","anual",0,1,"basico","telefonico",0,1,0,0,1.188,0,10,0,"fin_estudio",0,NA,0,"2","2"
2311,"24","5",7.429,0.7429,49,"35-65",24,109,1720,12,21693,533,"mixta",12307,"comercial","turismo","diesel","H","otro","soltero","mensual",1,1,"superior","telefonico",6,3,1,0,4.593,1,10,0,"fin_estudio",12794.04,2132.34,1,"5","4"
2312,"24","5",2.81,0.281,46,"35-65",17,147,2319,6,38118,467,"mixta",17042,"particular","turismo","gasolina","M","rojo","soltero","mensual",1,1,"basico","telefonico",0,0,1,0,2.81,0,2.891,0,"fin_estudio",0,NA,0,"3","3"
2313,"24","5",1.977,0.1977,49,"35-65",26,168,2163,14,8278,81,"rural",22711,"particular","furgoneta","gasolina","M","otro","soltero","mensual",0,1,"superior","telefonico",1,0,0,0,0.589,1,1.977,1,"baja",698.19,698.19,1,"4","3"
2314,"24","5",6.836,0.6836,48,"35-65",25,147,2540,8,35976,132,"rural",13409,"particular","turismo","gasolina","H","rojo","casado","anual",0,1,"superior","telematico",0,1,0,0,6.836,0,10,0,"fin_estudio",0,NA,0,"1","1"
2315,"24","5",8.036,0.8036,68,"65+",24,73,961,9,13111,291,"mixta",34820,"particular","turismo","gasolina","H","blanco","casado","mensual",0,1,"superior","telematico",2,4,0,1,5.04,1,10,0,"fin_estudio",4918.17,2459.08,1,"3","3"
2316,"24","5",0.548,0.0548,53,"35-65",22,145,2548,8,19288,116,"rural",12857,"particular","turismo","diesel","M","blanco","casado","anual",0,1,"superior","presencial",0,0,0,0,0.548,0,0.548,1,"baja",0,NA,0,"4","4"
2317,"24","5",2.102,0.2102,33,"25-35",6,70,1065,5,21519,1361,"urbana",27684,"particular","turismo","diesel","H","otro","soltero","anual",1,2,"basico","presencial",4,0,0,0,0.06,1,2.102,1,"baja",7492.6,1873.15,1,"5","5"
2318,"24","5",3.095,0.3095,18,"18-25",0,67,1001,11,25859,154,"mixta",7359,"particular","moto","diesel","H","rojo","casado","mensual",0,2,"superior","telematico",0,1,0,0,3.095,0,3.095,1,"baja",0,NA,0,"1","1"
2319,"24","5",4.833,0.4833,48,"35-65",15,207,2660,9,38466,183,"mixta",7251,"particular","turismo","diesel","M","blanco","casado","anual",0,1,"basico","presencial",1,1,0,0,0.931,1,4.833,1,"baja",6410.49,6410.49,1,"2","2"
2320,"24","5",5.649,0.5649,49,"35-65",11,183,2709,12,25357,48,"rural",7933,"particular","turismo","gasolina","M","gris","soltero","mensual",0,2,"superior","presencial",2,0,0,2,0.452,1,10,0,"fin_estudio",5144.32,2572.16,1,"3","3"
2321,"24","5",5.64,0.564,63,"35-65",21,63,1117,8,34374,138,"rural",26748,"particular","moto","gasolina","H","rojo","soltero","mensual",0,1,"superior","presencial",3,3,0,0,0.907,1,5.64,1,"baja",6461.41,2153.8,1,"5","5"
2322,"24","5",0.549,0.0549,40,"35-65",13,55,801,9,24024,1755,"urbana",18351,"particular","turismo","diesel","H","rojo","casado","anual",0,1,"basico","presencial",0,0,0,0,0.549,0,0.549,1,"baja",0,NA,0,"4","4"
2323,"24","5",5.642,0.5642,59,"35-65",20,55,901,3,24433,823,"mixta",4015,"particular","furgoneta","gasolina","M","rojo","soltero","anual",0,1,"basico","presencial",1,1,0,1,5.114,1,10,0,"fin_estudio",1232.47,1232.47,1,"1","2"
2324,"24","5",2.618,0.2618,53,"35-65",18,117,1469,5,23876,64,"rural",11416,"particular","turismo","diesel","H","blanco","otro","mensual",0,2,"medio","presencial",0,0,0,0,2.618,0,10,0,"fin_estudio",0,NA,0,"2","2"
2325,"24","5",1.252,0.1252,56,"35-65",26,88,1489,6,16862,396,"mixta",18751,"particular","turismo","gasolina","M","blanco","casado","mensual",0,1,"medio","telefonico",0,1,0,0,1.252,0,1.252,1,"baja",0,NA,0,"1","1"
2326,"24","5",2.883,0.2883,45,"35-65",22,80,994,4,32965,285,"mixta",6471,"comercial","turismo","diesel","H","otro","soltero","anual",1,1,"superior","presencial",0,1,0,0,2.883,0,2.883,1,"baja",0,NA,0,"3","2"
2327,"24","5",1.832,0.1832,35,"25-35",16,55,800,1,20937,1118,"urbana",15453,"particular","moto","gasolina","M","blanco","casado","anual",0,2,"superior","presencial",0,0,0,0,1.832,0,10,0,"fin_estudio",0,NA,0,"3","3"
2328,"24","5",2.987,0.2987,38,"35-65",18,157,1980,11,32630,58,"rural",12360,"particular","turismo","gasolina","M","gris","casado","mensual",1,2,"basico","telefonico",0,1,0,0,2.987,0,10,0,"fin_estudio",0,NA,0,"1","1"
2329,"24","5",7.873,0.7873,33,"25-35",8,116,1438,16,19029,928,"mixta",11578,"particular","turismo","diesel","H","blanco","casado","anual",0,1,"superior","presencial",1,2,0,2,1.216,1,10,0,"fin_estudio",691.45,691.45,1,"4","3"
2330,"24","5",2.16,0.216,34,"25-35",6,105,1658,7,18136,72,"rural",9273,"comercial","turismo","diesel","H","otro","otro","mensual",0,1,"basico","presencial",1,1,0,0,1.971,1,2.16,1,"baja",1956.43,1956.43,1,"2","2"
2331,"24","5",9.649,0.9649,49,"35-65",18,67,1015,9,32097,63,"rural",3548,"particular","turismo","diesel","M","otro","casado","mensual",0,1,"superior","telematico",1,1,0,2,6.456,1,10,0,"fin_estudio",1622.64,1622.64,1,"2","2"
2332,"24","5",5.671,0.5671,40,"35-65",21,118,2035,11,31183,274,"mixta",3397,"particular","furgoneta","diesel","M","negro","otro","mensual",1,2,"basico","telefonico",0,2,0,2,5.671,0,6.699,0,"fin_estudio",0,NA,0,"2","2"
2333,"24","5",4.702,0.4702,18,"18-25",0,156,2383,11,22909,134,"rural",8903,"particular","turismo","gasolina","M","negro","casado","anual",1,1,"basico","telematico",1,1,1,1,0.226,1,6.442,0,"fin_estudio",3021.07,3021.07,1,"2","2"
2334,"24","5",1.668,0.1668,69,"65+",24,209,3411,11,29198,119,"rural",4908,"particular","turismo","gasolina","M","blanco","soltero","mensual",1,1,"basico","presencial",0,0,0,0,1.668,0,4.133,0,"fin_estudio",0,NA,0,"2","2"
2335,"24","5",4.135,0.4135,58,"35-65",36,175,2522,9,24245,82,"rural",28720,"particular","turismo","diesel","H","blanco","casado","anual",0,1,"basico","telematico",0,3,0,2,4.135,0,10,0,"fin_estudio",0,NA,0,"1","1"
2336,"24","5",3.473,0.3473,31,"25-35",7,72,1288,9,28904,21,"rural",30536,"particular","turismo","diesel","H","gris","casado","mensual",0,2,"medio","telefonico",0,3,0,1,3.473,0,3.473,1,"baja",0,NA,0,"1","1"
2337,"24","5",1.36,0.136,47,"35-65",15,150,1862,5,19750,349,"mixta",8591,"particular","moto","diesel","H","negro","casado","anual",1,1,"basico","presencial",0,1,0,0,1.36,0,1.36,1,"baja",0,NA,0,"1","1"
2338,"24","5",5.384,0.5384,51,"35-65",29,55,860,6,17660,56,"rural",23606,"particular","furgoneta","gasolina","M","gris","soltero","anual",1,1,"medio","telefonico",0,3,0,0,5.384,0,5.384,1,"baja",0,NA,0,"3","3"
2339,"24","5",3.98,0.398,44,"35-65",16,64,1015,1,26599,625,"mixta",10727,"particular","furgoneta","diesel","H","negro","casado","anual",0,1,"medio","telefonico",0,2,0,0,3.98,0,3.98,1,"baja",0,NA,0,"3","2"
2340,"24","5",2.601,0.2601,18,"18-25",0,104,1625,1,18785,111,"rural",4130,"comercial","turismo","gasolina","M","rojo","casado","mensual",1,1,"medio","presencial",0,1,0,0,2.601,0,2.601,1,"baja",0,NA,0,"2","1"
2341,"24","5",4.524,0.4524,55,"35-65",32,65,1071,11,27505,248,"mixta",7012,"particular","moto","diesel","H","rojo","soltero","anual",0,2,"medio","telefonico",0,1,0,2,4.524,0,4.524,1,"baja",0,NA,0,"3","3"
2342,"24","5",5.988,0.5988,18,"18-25",0,104,1551,6,33638,532,"mixta",7694,"particular","turismo","gasolina","M","otro","soltero","mensual",1,1,"medio","presencial",0,2,0,0,5.988,0,10,0,"fin_estudio",0,NA,0,"1","1"
2343,"24","5",1.385,0.1385,18,"18-25",0,156,2188,0,29262,525,"mixta",9062,"particular","furgoneta","gasolina","H","blanco","casado","anual",0,1,"medio","telefonico",0,0,0,0,1.385,0,2.932,0,"fin_estudio",0,NA,0,"4","3"
2344,"24","5",4.667,0.4667,49,"35-65",26,86,1420,11,19488,2111,"urbana",8436,"particular","turismo","diesel","M","negro","soltero","mensual",1,1,"medio","presencial",0,1,3,0,4.667,0,4.667,1,"baja",0,NA,0,"1","1"
2345,"24","5",1.922,0.1922,54,"35-65",28,93,1129,14,22056,137,"rural",7674,"particular","turismo","diesel","M","blanco","casado","anual",0,2,"medio","telefonico",0,0,0,0,1.922,0,1.922,1,"baja",0,NA,0,"5","5"
2346,"24","5",2.464,0.2464,62,"35-65",27,135,1907,5,22987,941,"mixta",21185,"particular","turismo","gasolina","M","rojo","casado","anual",0,1,"medio","telefonico",1,1,0,1,2.383,1,10,0,"fin_estudio",2285.68,2285.68,1,"4","5"
2347,"24","5",4.989,0.4989,63,"35-65",18,60,914,1,21227,138,"rural",11062,"comercial","turismo","diesel","M","negro","casado","mensual",1,1,"medio","telefonico",0,2,1,0,4.989,0,8.528,0,"fin_estudio",0,NA,0,"1","1"
2348,"24","5",3.151,0.3151,35,"25-35",15,110,1737,6,22185,256,"mixta",11099,"particular","turismo","gasolina","H","blanco","soltero","anual",0,1,"superior","presencial",2,0,0,1,0.034,1,6.264,0,"fin_estudio",3567.8,1783.9,1,"5","4"
2349,"24","5",3.16,0.316,69,"65+",27,143,2381,10,15813,904,"mixta",15204,"particular","furgoneta","diesel","M","blanco","casado","mensual",1,1,"basico","telematico",0,0,0,0,3.16,0,6.567,0,"fin_estudio",0,NA,0,"4","4"
2350,"25","5",0.894,0.0894,19,"18-25",1,138,2421,9,25108,1464,"urbana",8686,"particular","turismo","diesel","M","otro","otro","mensual",1,1,"medio","presencial",0,1,0,0,0.894,0,0.894,1,"baja",0,NA,0,"1","1"
2351,"25","5",5.553,0.5553,70,"65+",36,82,1027,9,33651,547,"mixta",23805,"particular","turismo","diesel","H","negro","otro","anual",1,1,"medio","presencial",1,1,0,0,3.937,1,5.553,1,"baja",2429.57,2429.57,1,"2","2"
2352,"25","5",7.832,0.7832,50,"35-65",19,110,1922,7,20712,1817,"urbana",15535,"particular","moto","gasolina","M","otro","soltero","anual",0,1,"medio","presencial",0,3,0,4,7.832,0,7.832,1,"baja",0,NA,0,"1","1"
2353,"25","5",5.061,0.5061,40,"35-65",17,159,1933,8,31108,96,"rural",15741,"particular","turismo","diesel","M","blanco","casado","mensual",1,1,"medio","presencial",1,2,0,4,4.198,1,5.061,1,"baja",1669.79,1669.79,1,"4","3"
2354,"25","5",2.665,0.2665,48,"35-65",28,95,1485,6,34464,534,"mixta",26881,"particular","turismo","diesel","H","gris","soltero","mensual",0,1,"medio","telematico",0,4,0,3,2.665,0,5.545,0,"fin_estudio",0,NA,0,"1","1"
2355,"25","5",6.229,0.6229,57,"35-65",29,65,918,8,29392,970,"mixta",5398,"particular","turismo","gasolina","M","gris","soltero","anual",0,2,"medio","presencial",3,0,0,1,3.054,1,10,0,"fin_estudio",3428.02,1142.67,1,"4","4"
2356,"25","5",9.104,0.9104,31,"25-35",9,65,1033,2,22074,78,"rural",9088,"particular","turismo","diesel","H","blanco","soltero","anual",0,1,"medio","presencial",0,2,0,5,9.104,0,10,0,"fin_estudio",0,NA,0,"1","1"
2357,"25","5",3.783,0.3783,45,"35-65",24,107,1481,6,32462,62,"rural",7107,"particular","turismo","diesel","M","blanco","casado","anual",0,1,"medio","presencial",0,2,0,1,3.783,0,3.783,1,"baja",0,NA,0,"1","1"
2358,"25","5",2.813,0.2813,48,"35-65",14,55,974,9,15265,1032,"urbana",8923,"particular","turismo","gasolina","M","negro","otro","anual",1,1,"basico","telematico",1,1,0,2,1.497,1,2.813,1,"baja",610.63,610.63,1,"5","5"
2359,"25","5",3.809,0.3809,19,"18-25",1,178,2681,3,36521,247,"mixta",13082,"particular","turismo","gasolina","M","otro","casado","mensual",0,1,"medio","presencial",2,1,0,5,0.005,1,3.814,0,"fin_estudio",2598.12,1299.06,1,"2","2"
2360,"25","5",4.735,0.4735,72,"65+",41,67,874,8,23561,213,"mixta",7185,"particular","moto","gasolina","H","blanco","casado","mensual",0,2,"basico","presencial",1,2,0,2,3.941,1,4.735,1,"baja",4066.27,4066.27,1,"2","2"
2361,"25","5",1.182,0.1182,66,"65+",26,83,1435,7,27204,570,"mixta",8641,"particular","turismo","diesel","H","blanco","casado","mensual",1,1,"medio","telefonico",0,1,0,1,1.182,0,1.182,1,"baja",0,NA,0,"2","2"
2362,"25","5",5.537,0.5537,35,"25-35",6,84,1239,8,26900,1381,"urbana",6924,"particular","turismo","gasolina","H","otro","casado","anual",0,1,"medio","presencial",1,1,1,3,3.001,1,6.538,0,"fin_estudio",1208.47,1208.47,1,"3","2"
2363,"25","5",1.516,0.1516,57,"35-65",19,144,2574,10,27745,206,"mixta",9869,"particular","turismo","diesel","M","gris","otro","anual",0,1,"basico","telefonico",0,0,0,2,1.516,0,10,0,"fin_estudio",0,NA,0,"2","1"
2364,"25","5",3.476,0.3476,40,"35-65",22,103,1443,5,42444,427,"mixta",13785,"particular","turismo","gasolina","M","negro","casado","anual",1,1,"medio","telematico",0,3,1,4,3.476,0,3.476,1,"baja",0,NA,0,"2","2"
2365,"25","5",2.493,0.2493,50,"35-65",19,135,1697,12,7482,175,"mixta",10030,"particular","turismo","gasolina","M","gris","soltero","anual",1,1,"medio","telematico",0,0,0,1,2.493,0,7.84,0,"fin_estudio",0,NA,0,"2","2"
2366,"25","5",1.874,0.1874,58,"35-65",15,135,1975,5,18932,402,"mixta",25548,"particular","turismo","diesel","H","rojo","soltero","mensual",0,1,"basico","presencial",0,1,0,1,1.874,0,1.874,1,"baja",0,NA,0,"2","1"
2367,"25","5",3.644,0.3644,36,"35-65",14,86,1512,0,8224,789,"mixta",7880,"comercial","turismo","diesel","M","blanco","casado","anual",0,2,"superior","telematico",4,1,1,2,1.141,1,10,0,"fin_estudio",3964.27,991.07,1,"5","5"
2368,"25","5",6.598,0.6598,62,"35-65",34,237,3232,6,28601,888,"mixta",22598,"comercial","turismo","diesel","M","rojo","casado","mensual",0,2,"superior","telematico",2,2,0,3,4.171,1,10,0,"fin_estudio",10357.4,5178.7,1,"4","3"
2369,"25","5",2.2,0.22,44,"35-65",17,88,1162,5,23424,264,"mixta",11672,"particular","turismo","gasolina","M","gris","otro","anual",1,2,"medio","presencial",0,3,0,1,2.2,0,2.2,1,"baja",0,NA,0,"2","2"
2370,"25","5",4.999,0.4999,65,"35-65",25,112,1508,9,27117,259,"mixta",9558,"particular","turismo","gasolina","M","otro","casado","mensual",1,1,"basico","presencial",0,2,0,2,4.999,0,4.999,1,"baja",0,NA,0,"1","1"
2371,"25","5",9.681,0.9681,32,"25-35",11,105,1480,9,30710,129,"rural",13251,"particular","turismo","diesel","M","blanco","casado","mensual",0,2,"basico","presencial",0,7,1,6,9.681,0,10,0,"fin_estudio",0,NA,0,"1","1"
2372,"25","5",4.02,0.402,33,"25-35",8,113,1496,15,29187,1170,"urbana",8301,"particular","turismo","gasolina","M","gris","casado","anual",1,1,"basico","presencial",2,2,1,1,2.838,1,4.02,1,"baja",5301.81,2650.9,1,"4","4"
2373,"25","5",1.667,0.1667,35,"25-35",13,98,1598,15,8101,98,"rural",10095,"comercial","moto","diesel","M","negro","soltero","mensual",1,1,"medio","telefonico",0,1,0,1,1.667,0,1.667,1,"baja",0,NA,0,"3","3"
2374,"25","5",8.311,0.8311,46,"35-65",23,102,1626,6,34256,153,"mixta",15145,"particular","turismo","diesel","H","blanco","soltero","mensual",0,1,"medio","presencial",5,5,3,4,1.26,1,10,0,"fin_estudio",12987.3,2597.46,1,"4","3"
2375,"25","5",5.56,0.556,36,"35-65",17,139,2433,5,43553,172,"mixta",5925,"particular","turismo","diesel","M","negro","casado","mensual",0,1,"superior","telefonico",0,0,0,3,5.56,0,6.702,0,"fin_estudio",0,NA,0,"1","1"
2376,"25","5",7.757,0.7757,36,"35-65",11,55,800,6,24786,1120,"urbana",13472,"particular","turismo","diesel","M","rojo","casado","mensual",0,2,"medio","presencial",0,2,0,3,7.757,0,7.757,1,"baja",0,NA,0,"1","1"
2377,"25","5",6.023,0.6023,50,"35-65",21,121,1685,10,30071,218,"mixta",31752,"particular","turismo","gasolina","M","blanco","soltero","anual",0,1,"medio","telematico",1,4,0,5,1.288,1,10,0,"fin_estudio",1184.16,1184.16,1,"1","1"
2378,"25","5",6.657,0.6657,57,"35-65",15,139,2254,6,42970,691,"mixta",6801,"particular","turismo","gasolina","H","otro","casado","anual",0,2,"basico","presencial",0,3,0,0,6.657,0,7.625,0,"fin_estudio",0,NA,0,"1","1"
2379,"25","5",2.578,0.2578,63,"35-65",32,173,2837,6,30734,291,"mixta",22147,"particular","turismo","diesel","H","negro","soltero","mensual",1,1,"medio","presencial",0,2,0,1,2.578,0,2.578,1,"baja",0,NA,0,"1","1"
2380,"25","5",3.455,0.3455,49,"35-65",15,55,934,4,21147,256,"mixta",10657,"particular","moto","gasolina","H","rojo","soltero","anual",0,1,"superior","telematico",0,0,0,0,3.455,0,3.455,1,"baja",0,NA,0,"1","1"
2381,"25","5",4.467,0.4467,56,"35-65",31,119,1729,10,25320,455,"mixta",7462,"comercial","turismo","diesel","H","rojo","soltero","mensual",0,1,"medio","presencial",1,4,0,6,2.585,1,4.467,1,"baja",469.68,469.68,1,"2","1"
2382,"25","5",6.27,0.627,54,"35-65",32,120,2133,0,34173,49,"rural",11970,"comercial","turismo","gasolina","H","negro","casado","mensual",1,2,"medio","telefonico",0,3,2,5,6.27,0,9.467,0,"fin_estudio",0,NA,0,"1","1"
2383,"25","5",9.145,0.9145,25,"18-25",4,119,1863,6,29631,175,"mixta",8755,"particular","turismo","diesel","H","otro","otro","anual",0,2,"basico","presencial",2,3,1,7,2.27,1,10,0,"fin_estudio",7038.22,3519.11,1,"1","2"
2384,"25","5",3.342,0.3342,56,"35-65",30,120,1735,14,20783,1442,"urbana",7236,"particular","turismo","gasolina","M","blanco","casado","mensual",0,1,"basico","presencial",0,0,1,1,3.342,0,8.935,0,"fin_estudio",0,NA,0,"3","3"
2385,"25","5",8.68,0.868,41,"35-65",21,114,1519,12,14183,301,"mixta",7797,"particular","turismo","diesel","H","gris","casado","mensual",1,1,"basico","presencial",0,1,0,5,8.68,0,10,0,"fin_estudio",0,NA,0,"1","1"
2386,"25","5",1.879,0.1879,35,"25-35",10,55,800,5,19118,742,"mixta",8238,"particular","turismo","diesel","M","negro","soltero","anual",0,1,"basico","presencial",0,1,0,2,1.879,0,10,0,"fin_estudio",0,NA,0,"3","3"
2387,"25","5",4.161,0.4161,47,"35-65",23,149,1808,7,35192,280,"mixta",10693,"comercial","moto","gasolina","H","rojo","otro","anual",0,1,"medio","telematico",0,2,1,1,4.161,0,10,0,"fin_estudio",0,NA,0,"2","2"
2388,"25","5",5.679,0.5679,68,"65+",25,128,1540,11,35638,41,"rural",6924,"particular","moto","diesel","M","blanco","soltero","mensual",0,3,"medio","presencial",0,0,0,4,5.679,0,10,0,"fin_estudio",0,NA,0,"1","1"
2389,"25","5",2.074,0.2074,55,"35-65",14,112,1496,13,25873,197,"mixta",8465,"particular","turismo","diesel","M","otro","soltero","anual",1,1,"superior","presencial",0,0,0,1,2.074,0,6.771,0,"fin_estudio",0,NA,0,"1","1"
2390,"25","5",2.626,0.2626,72,"65+",28,99,1651,9,24619,713,"mixta",31079,"particular","turismo","gasolina","M","gris","otro","anual",1,1,"basico","telematico",1,0,1,2,0.928,1,2.726,0,"fin_estudio",1864.61,1864.61,1,"4","3"
2391,"25","5",2.146,0.2146,73,"65+",51,178,2138,13,21332,281,"mixta",14777,"comercial","turismo","diesel","M","rojo","soltero","mensual",1,2,"superior","telematico",0,0,1,2,2.146,0,2.146,1,"baja",0,NA,0,"2","1"
2392,"25","5",4.171,0.4171,54,"35-65",21,101,1587,8,21884,60,"rural",15490,"particular","turismo","diesel","M","negro","casado","anual",1,1,"basico","presencial",0,0,1,2,4.171,0,4.171,1,"baja",0,NA,0,"1","1"
2393,"25","5",0.995,0.0995,43,"35-65",13,105,1322,14,17439,279,"mixta",4453,"particular","turismo","diesel","M","negro","soltero","anual",0,1,"basico","telematico",0,0,0,0,0.995,0,0.995,1,"baja",0,NA,0,"3","3"
2394,"25","5",2.251,0.2251,48,"35-65",28,135,1770,7,39004,133,"rural",16153,"particular","turismo","diesel","H","negro","soltero","mensual",0,1,"medio","presencial",0,2,0,2,2.251,0,2.251,1,"baja",0,NA,0,"5","5"
2395,"25","5",3.799,0.3799,46,"35-65",15,115,1714,9,27074,176,"mixta",10604,"particular","moto","gasolina","H","negro","casado","anual",0,3,"medio","presencial",0,2,0,0,3.799,0,3.995,0,"fin_estudio",0,NA,0,"1","1"
2396,"25","5",1.726,0.1726,56,"35-65",29,149,1897,15,15904,310,"mixta",8490,"particular","turismo","diesel","H","negro","casado","anual",0,1,"medio","presencial",0,2,0,0,1.726,0,7.496,0,"fin_estudio",0,NA,0,"1","1"
2397,"25","5",4.466,0.4466,50,"35-65",24,87,1182,11,37101,788,"mixta",6563,"comercial","moto","diesel","H","rojo","casado","mensual",0,1,"medio","telematico",0,2,0,2,4.466,0,10,0,"fin_estudio",0,NA,0,"1","1"
2398,"25","5",1.057,0.1057,73,"65+",28,65,882,3,12989,637,"mixta",13888,"particular","moto","diesel","M","blanco","casado","mensual",1,2,"superior","presencial",0,0,0,0,1.057,0,1.057,1,"baja",0,NA,0,"2","2"
2399,"25","5",3.683,0.3683,66,"65+",28,170,2998,16,34976,127,"rural",4994,"particular","turismo","diesel","M","rojo","otro","mensual",0,1,"basico","presencial",0,3,0,5,3.683,0,10,0,"fin_estudio",0,NA,0,"1","1"
2400,"25","5",2.829,0.2829,49,"35-65",19,129,1849,20,4466,470,"mixta",14763,"particular","moto","gasolina","H","blanco","casado","mensual",0,1,"medio","presencial",0,1,0,2,2.829,0,2.829,1,"baja",0,NA,0,"4","4"
2401,"25","5",9.281,0.9281,24,"18-25",4,92,1303,0,23436,1826,"urbana",14144,"particular","furgoneta","diesel","H","otro","otro","mensual",1,1,"basico","presencial",7,3,1,4,2.315,1,9.281,1,"baja",16553.3,2364.76,1,"5","5"
2402,"25","5",0.208,0.0208,49,"35-65",14,122,2096,14,30355,2472,"urbana",11368,"particular","turismo","diesel","M","gris","casado","anual",1,1,"medio","presencial",1,0,0,0,0.148,1,0.208,1,"baja",2232.6,2232.6,1,"3","3"
2403,"25","5",3.872,0.3872,70,"65+",28,103,1381,14,32355,603,"mixta",13096,"particular","turismo","diesel","M","otro","casado","mensual",0,1,"basico","presencial",1,2,0,0,3.168,1,5.163,0,"fin_estudio",1489.03,1489.03,1,"3","4"
2404,"25","5",3.78,0.378,42,"35-65",17,77,1000,0,15778,884,"mixta",6734,"particular","furgoneta","gasolina","H","rojo","casado","anual",0,1,"basico","presencial",0,1,0,0,3.78,0,3.78,1,"baja",0,NA,0,"3","3"
2405,"25","5",2.901,0.2901,54,"35-65",20,85,1189,6,23255,60,"rural",11192,"particular","turismo","diesel","H","negro","casado","anual",0,2,"medio","presencial",0,0,0,2,2.901,0,2.901,1,"baja",0,NA,0,"1","1"
2406,"25","5",8.465,0.8465,18,"18-25",0,103,1631,12,26781,159,"mixta",17099,"particular","turismo","gasolina","M","gris","otro","anual",0,2,"medio","presencial",2,8,0,6,0.35,1,9.368,0,"fin_estudio",4507.12,2253.56,1,"1","1"
2407,"25","5",3.761,0.3761,55,"35-65",21,114,1500,0,22315,214,"mixta",21728,"particular","moto","diesel","H","otro","casado","anual",0,1,"medio","presencial",0,3,0,3,3.761,0,5.878,0,"fin_estudio",0,NA,0,"3","3"
2408,"25","5",3.823,0.3823,62,"35-65",37,94,1379,10,29367,153,"mixta",12451,"particular","turismo","diesel","H","gris","casado","anual",1,1,"medio","telefonico",0,0,0,1,3.823,0,10,0,"fin_estudio",0,NA,0,"4","4"
2409,"25","5",1.041,0.1041,51,"35-65",15,106,1311,18,18177,586,"mixta",13616,"comercial","turismo","diesel","H","gris","casado","anual",0,2,"basico","telefonico",0,0,0,1,1.041,0,1.041,1,"baja",0,NA,0,"2","1"
2410,"25","5",2.533,0.2533,49,"35-65",23,114,1814,11,32326,868,"mixta",10978,"particular","turismo","diesel","H","gris","casado","mensual",0,1,"medio","presencial",0,2,0,1,2.533,0,10,0,"fin_estudio",0,NA,0,"1","1"
2411,"25","5",9.749,0.9749,55,"35-65",22,138,1907,8,20968,306,"mixta",9512,"particular","turismo","diesel","H","rojo","soltero","anual",0,1,"basico","telefonico",2,8,1,10,5.552,1,10,0,"fin_estudio",4245.4,2122.7,1,"5","5"
2412,"25","5",3.894,0.3894,77,"65+",51,55,800,16,7903,446,"mixta",6021,"particular","moto","gasolina","H","gris","soltero","anual",0,1,"superior","presencial",0,2,0,0,3.894,0,10,0,"fin_estudio",0,NA,0,"2","1"
2413,"25","5",6.639,0.6639,30,"25-35",8,55,870,7,20658,813,"mixta",10099,"particular","turismo","gasolina","M","rojo","soltero","mensual",0,1,"basico","presencial",1,4,0,6,3.201,1,10,0,"fin_estudio",771.9,771.9,1,"3","3"
2414,"25","5",9.605,0.9605,42,"35-65",19,68,1100,11,17778,181,"mixta",21221,"particular","turismo","gasolina","M","blanco","casado","mensual",0,1,"basico","presencial",2,6,0,4,5.714,1,10,0,"fin_estudio",1400.34,700.17,1,"1","1"
2415,"25","5",5.536,0.5536,52,"35-65",15,96,1486,6,27070,109,"rural",15200,"particular","turismo","gasolina","H","gris","casado","anual",0,1,"basico","telefonico",1,2,0,4,1.642,1,10,0,"fin_estudio",636.95,636.95,1,"2","2"
2416,"25","5",1.855,0.1855,43,"35-65",12,131,1652,14,31164,206,"mixta",10022,"particular","turismo","diesel","M","rojo","soltero","anual",0,1,"medio","telefonico",0,2,0,0,1.855,0,6.079,0,"fin_estudio",0,NA,0,"4","4"
2417,"25","5",2.472,0.2472,51,"35-65",23,95,1215,12,16533,1746,"urbana",6354,"particular","turismo","gasolina","M","gris","soltero","mensual",0,1,"basico","telefonico",0,0,0,2,2.472,0,6.077,0,"fin_estudio",0,NA,0,"1","1"
2418,"25","5",2.477,0.2477,59,"35-65",18,107,1579,2,26367,64,"rural",20051,"particular","turismo","diesel","M","negro","casado","mensual",0,1,"superior","presencial",0,1,1,1,2.477,0,4.319,0,"fin_estudio",0,NA,0,"4","4"
2419,"25","5",9.524,0.9524,50,"35-65",13,111,1373,18,41562,118,"rural",8782,"particular","moto","gasolina","H","gris","casado","anual",1,3,"basico","telefonico",2,3,0,3,7.641,1,10,0,"fin_estudio",4702.29,2351.15,1,"3","2"
2420,"25","5",7.946,0.7946,27,"25-35",7,133,2234,5,27909,40,"rural",8976,"particular","moto","diesel","H","rojo","otro","anual",0,1,"basico","presencial",1,3,0,3,6.69,1,9.174,0,"fin_estudio",2128.18,2128.18,1,"2","2"
2421,"25","5",7.402,0.7402,57,"35-65",37,138,1768,8,18596,740,"mixta",7649,"particular","furgoneta","gasolina","M","negro","casado","mensual",1,1,"medio","presencial",1,2,0,4,5.686,1,10,0,"fin_estudio",1243.77,1243.77,1,"2","2"
2422,"25","5",1.665,0.1665,25,"18-25",5,89,1163,20,21531,245,"mixta",21115,"particular","turismo","diesel","M","blanco","soltero","anual",0,2,"medio","presencial",1,1,0,1,0.849,1,4.328,0,"fin_estudio",967.24,967.24,1,"4","3"
2423,"25","5",0.265,0.0265,41,"35-65",15,145,2364,0,32065,896,"mixta",14461,"comercial","turismo","diesel","H","rojo","casado","mensual",0,3,"basico","presencial",0,0,0,0,0.265,0,0.265,1,"baja",0,NA,0,"1","1"
2424,"25","5",2.302,0.2302,22,"18-25",2,113,1413,8,17059,537,"mixta",10552,"particular","furgoneta","diesel","M","negro","soltero","anual",1,2,"superior","presencial",0,0,0,2,2.302,0,2.302,1,"baja",0,NA,0,"1","1"
2425,"25","5",3.577,0.3577,36,"35-65",17,152,2027,9,20531,77,"rural",12807,"particular","turismo","gasolina","M","rojo","casado","mensual",0,2,"medio","presencial",0,0,0,2,3.577,0,3.577,1,"baja",0,NA,0,"1","1"
2426,"25","5",1.638,0.1638,38,"35-65",9,151,2291,11,27164,81,"rural",21264,"particular","moto","diesel","H","rojo","soltero","mensual",1,1,"basico","telefonico",0,0,1,0,1.638,0,1.638,1,"baja",0,NA,0,"3","3"
2427,"25","5",6.309,0.6309,50,"35-65",12,147,2486,7,37466,311,"mixta",10839,"comercial","turismo","diesel","H","rojo","soltero","mensual",0,1,"basico","presencial",1,4,0,3,3.209,1,6.309,1,"baja",175.36,175.36,1,"1","1"
2428,"25","5",5.659,0.5659,38,"35-65",15,75,1289,7,34991,633,"mixta",11246,"particular","turismo","diesel","M","blanco","soltero","mensual",0,1,"superior","presencial",2,4,0,3,0.915,1,5.659,1,"baja",7795.93,3897.97,1,"4","3"
2429,"25","5",2.834,0.2834,68,"65+",45,126,2033,5,34756,275,"mixta",10196,"particular","furgoneta","gasolina","M","otro","casado","mensual",0,2,"medio","presencial",1,1,0,1,2.582,1,2.834,1,"baja",3003.37,3003.37,1,"1","2"
2430,"25","5",2.065,0.2065,26,"25-35",4,113,1465,5,14488,1062,"urbana",12745,"particular","turismo","diesel","H","blanco","casado","mensual",1,2,"medio","presencial",1,1,0,1,0.257,1,9.73,0,"fin_estudio",981.61,981.61,1,"2","2"
2431,"25","5",3.685,0.3685,50,"35-65",12,86,1533,16,7722,340,"mixta",22584,"particular","turismo","gasolina","M","otro","soltero","mensual",1,3,"superior","telematico",1,0,1,1,1.057,1,10,0,"fin_estudio",1703.03,1703.03,1,"3","3"
2432,"25","5",5.628,0.5628,65,"35-65",31,169,2926,14,29816,158,"mixta",12880,"particular","turismo","diesel","M","otro","casado","anual",0,2,"basico","telefonico",0,3,0,2,5.628,0,5.628,1,"baja",0,NA,0,"2","1"
2433,"25","5",2.31,0.231,49,"35-65",16,100,1384,12,13740,82,"rural",8977,"particular","turismo","diesel","M","rojo","casado","anual",0,1,"basico","presencial",0,3,0,1,2.31,0,7.421,0,"fin_estudio",0,NA,0,"5","5"
2434,"25","5",1.242,0.1242,54,"35-65",32,129,2004,7,35253,243,"mixta",9757,"particular","moto","diesel","H","gris","soltero","anual",1,3,"superior","telefonico",0,1,0,0,1.242,0,2.382,0,"fin_estudio",0,NA,0,"2","1"
2435,"25","5",9.238,0.9238,33,"25-35",12,124,1902,13,15760,326,"mixta",5942,"particular","turismo","gasolina","M","blanco","soltero","anual",1,1,"basico","telefonico",1,3,1,4,5.126,1,10,0,"fin_estudio",2257.28,2257.28,1,"3","3"
2436,"25","5",0.685,0.0685,41,"35-65",13,113,1960,6,21414,62,"rural",14023,"particular","turismo","gasolina","M","negro","soltero","anual",0,2,"medio","presencial",0,0,0,0,0.685,0,0.685,1,"baja",0,NA,0,"1","1"
2437,"25","5",6.578,0.6578,20,"18-25",1,104,1342,12,27917,231,"mixta",41121,"particular","turismo","diesel","H","negro","soltero","mensual",0,2,"basico","presencial",2,3,1,5,0.945,1,10,0,"fin_estudio",8733.02,4366.51,1,"4","3"
2438,"25","5",1.625,0.1625,28,"25-35",7,89,1571,15,26111,362,"mixta",7532,"particular","moto","gasolina","H","blanco","casado","mensual",1,1,"medio","presencial",0,0,0,0,1.625,0,2.322,0,"fin_estudio",0,NA,0,"4","3"
2439,"25","5",3.747,0.3747,76,"65+",49,115,1401,9,22730,362,"mixta",11952,"particular","turismo","diesel","H","gris","casado","mensual",0,1,"superior","telefonico",0,0,0,3,3.747,0,3.747,1,"baja",0,NA,0,"1","1"
2440,"25","5",6.194,0.6194,63,"35-65",23,74,1246,13,16612,466,"mixta",9441,"comercial","turismo","gasolina","M","blanco","casado","anual",1,1,"medio","presencial",2,2,0,3,1.346,1,6.194,1,"baja",3877.54,1938.77,1,"3","2"
2441,"25","5",1.167,0.1167,53,"35-65",17,64,853,9,21039,559,"mixta",16627,"comercial","moto","diesel","H","blanco","soltero","anual",1,2,"medio","presencial",0,0,1,1,1.167,0,5.025,0,"fin_estudio",0,NA,0,"1","1"
2442,"25","5",4.343,0.4343,67,"65+",21,123,2089,22,37807,350,"mixta",19206,"particular","turismo","diesel","H","negro","otro","anual",0,3,"basico","telefonico",3,0,0,0,0.62,1,7.409,0,"fin_estudio",12431.1,4143.7,1,"3","4"
2443,"25","5",3.254,0.3254,38,"35-65",18,61,918,6,34797,357,"mixta",7178,"particular","turismo","diesel","H","otro","soltero","anual",0,2,"basico","presencial",1,0,0,1,2.129,1,3.254,1,"baja",3324.33,3324.33,1,"3","3"
2444,"25","5",5.542,0.5542,28,"25-35",8,74,1120,3,25506,187,"mixta",4281,"particular","turismo","gasolina","M","gris","soltero","anual",0,1,"basico","telematico",2,2,1,2,1.387,1,5.542,1,"baja",3089.22,1544.61,1,"4","4"
2445,"25","5",4.719,0.4719,40,"35-65",12,127,1910,9,26043,270,"mixta",11944,"particular","furgoneta","diesel","H","gris","soltero","anual",0,2,"basico","telefonico",1,1,0,2,2.91,1,4.719,1,"baja",363.42,363.42,1,"3","3"
2446,"25","5",6.459,0.6459,42,"35-65",12,171,2464,4,37872,93,"rural",6602,"particular","turismo","diesel","M","otro","casado","mensual",0,3,"medio","telematico",2,3,1,7,4.059,1,10,0,"fin_estudio",4911.89,2455.94,1,"3","2"
2447,"25","5",8.42,0.842,37,"35-65",17,90,1113,9,16463,942,"mixta",9393,"comercial","turismo","gasolina","M","negro","casado","mensual",0,1,"basico","telefonico",0,3,1,5,8.42,0,10,0,"fin_estudio",0,NA,0,"1","1"
2448,"25","5",3.612,0.3612,35,"25-35",17,167,2012,2,32598,106,"rural",10118,"particular","turismo","diesel","M","blanco","casado","mensual",0,1,"medio","telematico",0,1,0,3,3.612,0,10,0,"fin_estudio",0,NA,0,"1","1"
2449,"25","5",3.239,0.3239,34,"25-35",8,119,1670,7,35301,596,"mixta",14784,"particular","moto","diesel","H","gris","soltero","mensual",0,3,"basico","presencial",1,1,1,1,1.195,1,3.239,1,"baja",2861.06,2861.06,1,"2","2"
2450,"25","5",5.897,0.5897,37,"35-65",16,125,2177,7,22059,578,"mixta",9686,"particular","turismo","gasolina","M","rojo","casado","mensual",0,2,"medio","telefonico",0,2,1,0,5.897,0,5.897,1,"baja",0,NA,0,"1","1"
2451,"25","5",8.344,0.8344,63,"35-65",42,127,1627,12,34744,366,"mixta",19461,"particular","turismo","gasolina","H","gris","otro","anual",1,1,"basico","telefonico",1,4,0,6,4.895,1,8.756,0,"fin_estudio",1696.91,1696.91,1,"3","2"
2452,"25","5",1.505,0.1505,37,"35-65",8,138,2240,1,28064,186,"mixta",7547,"particular","furgoneta","gasolina","H","rojo","casado","mensual",0,1,"medio","telefonico",1,0,0,2,1.052,1,1.505,1,"baja",4413.14,4413.14,1,"2","3"
2453,"25","5",0.651,0.0651,88,"65+",42,137,2035,15,26098,1679,"urbana",36305,"particular","turismo","gasolina","M","gris","soltero","anual",0,1,"basico","telefonico",0,0,0,0,0.651,0,0.651,1,"baja",0,NA,0,"5","5"
2454,"26","6",2.215,0.2215,37,"35-65",19,76,1308,19,36960,1318,"urbana",10653,"particular","turismo","diesel","H","blanco","soltero","mensual",0,1,"medio","presencial",0,0,0,0,2.215,0,10,0,"fin_estudio",0,NA,0,"2","1"
2455,"26","6",6.868,0.6868,35,"25-35",10,86,1203,5,17270,340,"mixta",5527,"particular","turismo","gasolina","M","blanco","casado","anual",0,1,"basico","presencial",0,0,1,1,6.868,0,7.091,0,"fin_estudio",0,NA,0,"1","1"
2456,"26","6",8.785,0.8785,46,"35-65",19,55,938,2,19261,3502,"urbana",7677,"particular","turismo","gasolina","M","blanco","soltero","mensual",0,1,"superior","presencial",3,3,0,2,2.763,1,10,0,"fin_estudio",3105.5,1035.17,1,"3","4"
2457,"26","6",0.123,0.0123,18,"18-25",0,108,1842,12,34841,1555,"urbana",12664,"comercial","turismo","gasolina","H","negro","soltero","anual",0,1,"basico","presencial",0,0,0,0,0.123,0,0.123,1,"baja",0,NA,0,"4","4"
2458,"26","6",7.311,0.7311,50,"35-65",19,141,2204,0,20069,82,"rural",51774,"particular","turismo","diesel","H","negro","casado","mensual",0,3,"basico","presencial",0,6,2,2,7.311,0,10,0,"fin_estudio",0,NA,0,"1","1"
2459,"26","6",1.356,0.1356,30,"25-35",12,136,1808,4,30831,147,"rural",3538,"comercial","turismo","diesel","M","rojo","casado","anual",0,1,"basico","presencial",0,0,0,2,1.356,0,1.356,1,"baja",0,NA,0,"3","2"
2460,"26","6",2.256,0.2256,48,"35-65",28,202,2903,9,29200,443,"mixta",13592,"particular","furgoneta","diesel","H","rojo","soltero","anual",0,1,"medio","presencial",0,1,0,0,2.256,0,2.256,1,"baja",0,NA,0,"1","1"
2461,"26","6",1.303,0.1303,46,"35-65",24,223,3046,13,26809,115,"rural",4564,"comercial","turismo","gasolina","M","negro","casado","mensual",0,1,"basico","telefonico",1,1,0,1,0.564,1,1.303,1,"baja",1439.01,1439.01,1,"4","4"
2462,"26","6",2.731,0.2731,61,"35-65",23,83,1388,14,18636,251,"mixta",18262,"particular","furgoneta","gasolina","H","rojo","soltero","mensual",1,1,"medio","telefonico",0,0,0,1,2.731,0,2.731,1,"baja",0,NA,0,"3","3"
2463,"26","6",5.292,0.5292,66,"65+",24,108,1536,7,20386,5345,"urbana",12935,"particular","moto","gasolina","H","negro","casado","mensual",0,2,"basico","presencial",2,2,0,1,0.201,1,5.292,1,"baja",3747.48,1873.74,1,"5","5"
2464,"26","6",2.493,0.2493,31,"25-35",6,79,1378,6,2891,38,"rural",9261,"particular","turismo","gasolina","H","gris","casado","mensual",0,2,"superior","telefonico",0,1,0,1,2.493,0,8.657,0,"fin_estudio",0,NA,0,"1","1"
2465,"26","6",5.061,0.5061,64,"35-65",33,158,2310,11,27456,259,"mixta",29022,"particular","turismo","diesel","H","negro","casado","anual",0,1,"basico","presencial",0,2,0,3,5.061,0,5.061,1,"baja",0,NA,0,"1","1"
2466,"26","6",5.355,0.5355,73,"65+",20,126,2056,6,13705,270,"mixta",12414,"particular","turismo","diesel","M","rojo","soltero","mensual",0,1,"medio","presencial",2,2,0,1,1.996,1,5.654,0,"fin_estudio",2895.56,1447.78,1,"4","4"
2467,"26","6",3.794,0.3794,48,"35-65",28,125,1765,3,15661,1635,"urbana",20768,"particular","turismo","gasolina","M","rojo","soltero","anual",0,2,"basico","presencial",1,1,0,1,3.092,1,5.147,0,"fin_estudio",3323.17,3323.17,1,"1","2"
2468,"26","6",2.886,0.2886,42,"35-65",22,104,1745,6,25227,696,"mixta",18110,"particular","turismo","diesel","M","otro","casado","anual",0,1,"superior","presencial",0,1,0,0,2.886,0,3.544,0,"fin_estudio",0,NA,0,"1","1"
2469,"26","6",6.979,0.6979,51,"35-65",17,55,890,15,25501,479,"mixta",10563,"particular","turismo","gasolina","M","rojo","casado","mensual",0,1,"superior","telefonico",1,5,0,3,3.428,1,10,0,"fin_estudio",2228.46,2228.46,1,"2","2"
2470,"26","6",9.992,0.9992,40,"35-65",14,132,2025,13,30453,316,"mixta",20919,"particular","turismo","gasolina","M","blanco","soltero","mensual",0,1,"basico","telefonico",1,2,0,5,6.103,1,10,0,"fin_estudio",4071.93,4071.93,1,"3","2"
2471,"26","6",7.888,0.7888,18,"18-25",0,99,1472,17,20622,404,"mixta",18617,"particular","furgoneta","gasolina","M","rojo","soltero","anual",1,1,"basico","presencial",1,5,0,5,6.228,1,7.888,1,"baja",1660.61,1660.61,1,"2","2"
2472,"26","6",9.364,0.9364,38,"35-65",9,128,1819,7,27862,604,"mixta",14317,"particular","turismo","gasolina","M","negro","soltero","mensual",0,1,"medio","telefonico",1,2,0,5,7.335,1,10,0,"fin_estudio",1604.36,1604.36,1,"1","1"
2473,"26","6",3.857,0.3857,52,"35-65",27,140,2017,23,16743,138,"rural",13734,"particular","moto","gasolina","M","gris","otro","anual",0,1,"basico","telefonico",1,1,0,0,2.5,1,10,0,"fin_estudio",1351,1351,1,"3","3"
2474,"26","6",9.508,0.9508,51,"35-65",32,108,1490,12,20905,304,"mixta",7572,"comercial","turismo","diesel","H","otro","soltero","mensual",1,2,"medio","telefonico",2,3,0,2,1.95,1,10,0,"fin_estudio",3099.5,1549.75,1,"4","4"
2475,"26","6",5.453,0.5453,46,"35-65",22,77,1371,6,12077,329,"mixta",3679,"particular","turismo","gasolina","H","gris","otro","mensual",0,2,"medio","telefonico",1,3,0,3,2.636,1,10,0,"fin_estudio",3827.38,3827.38,1,"1","1"
2476,"26","6",2.674,0.2674,46,"35-65",19,103,1353,4,25536,156,"mixta",11021,"particular","turismo","gasolina","M","otro","soltero","mensual",0,2,"basico","telematico",0,1,0,3,2.674,0,10,0,"fin_estudio",0,NA,0,"2","1"
2477,"26","6",1.909,0.1909,53,"35-65",17,55,800,5,24969,170,"mixta",11505,"particular","turismo","diesel","M","blanco","soltero","mensual",0,1,"basico","presencial",0,1,0,0,1.909,0,10,0,"fin_estudio",0,NA,0,"1","1"
2478,"26","6",5.783,0.5783,74,"65+",32,174,2281,13,30266,90,"rural",8724,"particular","moto","diesel","H","negro","casado","mensual",0,2,"basico","presencial",0,2,1,2,5.783,0,7.681,0,"fin_estudio",0,NA,0,"1","1"
2479,"26","6",2.246,0.2246,54,"35-65",30,107,1817,1,27008,358,"mixta",18741,"particular","turismo","gasolina","H","otro","soltero","mensual",0,4,"basico","telematico",0,2,0,0,2.246,0,9.325,0,"fin_estudio",0,NA,0,"1","1"
2480,"26","6",4.202,0.4202,57,"35-65",36,99,1206,9,30494,371,"mixta",14860,"particular","furgoneta","gasolina","M","rojo","otro","anual",0,1,"basico","presencial",0,4,0,1,4.202,0,10,0,"fin_estudio",0,NA,0,"1","1"
2481,"26","6",1.31,0.131,68,"65+",36,117,1439,6,33707,53,"rural",8545,"particular","turismo","diesel","M","gris","soltero","mensual",0,1,"medio","presencial",0,0,0,0,1.31,0,2.398,0,"fin_estudio",0,NA,0,"2","1"
2482,"26","6",3.338,0.3338,40,"35-65",19,159,2337,9,24342,152,"mixta",13440,"particular","furgoneta","diesel","M","blanco","soltero","anual",0,1,"medio","telefonico",1,3,0,1,2.315,1,10,0,"fin_estudio",2227.01,2227.01,1,"5","4"
2483,"26","6",3.161,0.3161,63,"35-65",28,120,1479,14,33625,136,"rural",4185,"particular","turismo","diesel","H","otro","soltero","anual",1,2,"medio","presencial",0,2,0,2,3.161,0,3.161,1,"baja",0,NA,0,"1","1"
2484,"26","6",1.444,0.1444,45,"35-65",23,89,1324,5,27320,398,"mixta",5828,"particular","turismo","gasolina","M","gris","soltero","anual",1,2,"basico","presencial",0,0,0,1,1.444,0,2.622,0,"fin_estudio",0,NA,0,"4","4"
2485,"26","6",8.631,0.8631,18,"18-25",0,142,2148,15,10675,149,"rural",8952,"particular","turismo","diesel","H","rojo","casado","mensual",0,3,"medio","telefonico",2,1,0,8,5.221,1,10,0,"fin_estudio",1934.86,967.43,1,"2","3"
2486,"26","6",2.547,0.2547,25,"18-25",4,113,1529,18,21846,505,"mixta",14539,"particular","turismo","gasolina","H","rojo","casado","anual",1,1,"medio","presencial",1,0,0,2,0.88,1,2.547,1,"baja",3198.17,3198.17,1,"5","5"
2487,"26","6",8.626,0.8626,40,"35-65",18,108,1421,4,24902,639,"mixta",5654,"particular","turismo","gasolina","M","rojo","soltero","anual",0,1,"medio","telematico",0,3,3,3,8.626,0,10,0,"fin_estudio",0,NA,0,"1","1"
2488,"26","6",2.052,0.2052,45,"35-65",19,144,2092,12,35019,279,"mixta",17439,"particular","turismo","gasolina","M","negro","casado","anual",1,1,"superior","telefonico",0,1,0,0,2.052,0,10,0,"fin_estudio",0,NA,0,"2","1"
2489,"26","6",2.662,0.2662,57,"35-65",16,155,2186,8,45394,118,"rural",8835,"particular","turismo","gasolina","H","negro","casado","anual",1,1,"medio","presencial",1,1,0,1,2.357,1,2.662,1,"baja",2796.8,2796.8,1,"2","3"
2490,"26","6",5.129,0.5129,40,"35-65",19,56,919,13,31732,630,"mixta",17443,"particular","furgoneta","diesel","H","rojo","casado","anual",0,1,"medio","telefonico",2,0,0,2,1.634,1,10,0,"fin_estudio",8159.54,4079.77,1,"5","5"
2491,"26","6",7.086,0.7086,47,"35-65",12,64,800,10,31476,759,"mixta",10684,"particular","turismo","gasolina","H","otro","casado","mensual",0,3,"medio","presencial",1,2,1,3,1.57,1,10,0,"fin_estudio",248.25,248.25,1,"3","3"
2492,"26","6",3.005,0.3005,41,"35-65",21,96,1467,16,4108,368,"mixta",8085,"particular","turismo","diesel","H","blanco","soltero","mensual",0,2,"medio","presencial",0,1,0,0,3.005,0,8.808,0,"fin_estudio",0,NA,0,"2","2"
2493,"26","6",8.015,0.8015,48,"35-65",20,89,1215,16,18406,560,"mixta",17612,"particular","furgoneta","diesel","H","rojo","otro","anual",0,1,"medio","telematico",1,1,0,2,6.939,1,10,0,"fin_estudio",1334.75,1334.75,1,"2","2"
2494,"26","6",3.943,0.3943,53,"35-65",33,127,1675,6,18140,655,"mixta",9727,"particular","furgoneta","gasolina","H","gris","casado","mensual",0,1,"medio","telefonico",1,1,0,2,3.438,1,3.943,1,"baja",2082.53,2082.53,1,"2","3"
2495,"26","6",2.672,0.2672,46,"35-65",21,156,1956,13,33899,1033,"urbana",21344,"particular","turismo","gasolina","M","blanco","otro","anual",0,1,"superior","presencial",0,3,0,4,2.672,0,6.185,0,"fin_estudio",0,NA,0,"1","1"
2496,"26","6",9.555,0.9555,69,"65+",30,141,2431,4,29588,1179,"urbana",23428,"particular","moto","gasolina","M","gris","casado","mensual",0,1,"medio","presencial",0,5,0,3,9.555,0,10,0,"fin_estudio",0,NA,0,"2","1"
2497,"26","6",4.532,0.4532,58,"35-65",28,107,1416,9,21999,6653,"urbana",9305,"particular","turismo","gasolina","H","gris","soltero","mensual",1,1,"medio","presencial",0,1,0,0,4.532,0,4.532,1,"baja",0,NA,0,"3","2"
2498,"26","6",1.998,0.1998,18,"18-25",0,91,1183,15,26332,122,"rural",12382,"particular","turismo","gasolina","M","rojo","casado","mensual",1,1,"basico","presencial",0,1,0,0,1.998,0,10,0,"fin_estudio",0,NA,0,"2","1"
2499,"26","6",3.912,0.3912,29,"25-35",10,157,2815,7,20117,18,"rural",6525,"particular","turismo","gasolina","M","otro","soltero","mensual",1,1,"medio","telefonico",0,2,0,0,3.912,0,3.912,1,"baja",0,NA,0,"1","1"
2500,"26","6",4.803,0.4803,45,"35-65",14,94,1459,4,14314,162,"mixta",12909,"particular","moto","diesel","H","rojo","casado","mensual",0,2,"basico","telefonico",0,0,0,2,4.803,0,4.803,1,"baja",0,NA,0,"1","1"
2501,"26","6",1.973,0.1973,39,"35-65",20,57,898,16,30479,2110,"urbana",13353,"particular","furgoneta","gasolina","H","blanco","casado","anual",1,1,"basico","presencial",0,0,0,0,1.973,0,4.078,0,"fin_estudio",0,NA,0,"2","1"
2502,"26","6",5.572,0.5572,40,"35-65",21,63,1081,3,19018,133,"rural",12991,"particular","moto","gasolina","M","negro","soltero","mensual",1,3,"medio","presencial",0,1,0,2,5.572,0,10,0,"fin_estudio",0,NA,0,"1","1"
2503,"26","6",2.757,0.2757,60,"35-65",15,100,1339,6,26712,526,"mixta",11843,"particular","turismo","diesel","M","otro","otro","mensual",0,1,"basico","telematico",0,1,0,3,2.757,0,2.757,1,"baja",0,NA,0,"1","1"
2504,"26","6",7.804,0.7804,21,"18-25",2,101,1250,13,35955,130,"rural",16097,"particular","turismo","diesel","M","rojo","soltero","anual",0,2,"medio","presencial",0,1,0,5,7.804,0,7.804,1,"baja",0,NA,0,"1","1"
2505,"26","6",1.783,0.1783,53,"35-65",22,100,1455,8,38468,25,"rural",6517,"comercial","turismo","diesel","M","blanco","casado","mensual",1,4,"basico","telefonico",1,1,0,1,0.259,1,10,0,"fin_estudio",2509.6,2509.6,1,"3","3"
2506,"26","6",2.56,0.256,44,"35-65",21,126,2190,14,26435,292,"mixta",12768,"particular","turismo","diesel","M","negro","casado","anual",0,1,"superior","presencial",0,2,0,1,2.56,0,2.56,1,"baja",0,NA,0,"3","3"
2507,"26","6",5.757,0.5757,54,"35-65",23,129,2179,9,30354,965,"mixta",8195,"particular","furgoneta","diesel","H","otro","casado","anual",0,1,"basico","presencial",0,1,0,0,5.757,0,8.218,0,"fin_estudio",0,NA,0,"1","1"
2508,"26","6",1.657,0.1657,48,"35-65",23,178,2206,0,33486,257,"mixta",28088,"particular","turismo","gasolina","M","negro","casado","anual",0,3,"medio","presencial",0,0,1,0,1.657,0,10,0,"fin_estudio",0,NA,0,"5","5"
2509,"26","6",3.418,0.3418,30,"25-35",8,55,800,1,26477,571,"mixta",13575,"particular","moto","gasolina","H","gris","casado","mensual",0,1,"superior","presencial",0,4,0,2,3.418,0,6.675,0,"fin_estudio",0,NA,0,"2","1"
2510,"26","6",8.224,0.8224,45,"35-65",13,101,1403,14,17985,103,"rural",17245,"comercial","turismo","gasolina","M","negro","soltero","anual",0,1,"superior","presencial",2,7,0,2,7.252,1,10,0,"fin_estudio",5795.69,2897.85,1,"2","3"
2511,"26","6",2.655,0.2655,63,"35-65",27,122,2059,10,22291,74,"rural",9167,"particular","turismo","diesel","H","otro","soltero","mensual",0,1,"medio","telematico",0,3,1,1,2.655,0,8.785,0,"fin_estudio",0,NA,0,"3","2"
2512,"26","6",0.1,0.01,52,"35-65",31,177,2827,5,41375,222,"mixta",14745,"particular","turismo","diesel","M","gris","soltero","mensual",1,1,"medio","presencial",0,0,0,0,0.1,0,0.085,1,"baja",0,NA,0,"1","1"
2513,"26","6",5.853,0.5853,28,"25-35",10,130,2106,13,19054,597,"mixta",23096,"particular","turismo","diesel","H","negro","soltero","mensual",0,2,"basico","presencial",3,2,0,5,3.516,1,10,0,"fin_estudio",6382.84,2127.61,1,"4","5"
2514,"26","6",1.635,0.1635,47,"35-65",23,117,1421,3,21627,156,"mixta",9505,"comercial","moto","diesel","H","gris","casado","anual",0,2,"medio","telefonico",0,2,0,1,1.635,0,1.635,1,"baja",0,NA,0,"1","1"
2515,"26","6",2.338,0.2338,52,"35-65",19,149,2128,9,37604,158,"mixta",23135,"particular","moto","gasolina","H","negro","casado","mensual",0,2,"basico","telematico",0,0,0,1,2.338,0,2.338,1,"baja",0,NA,0,"3","2"
2516,"26","6",3.86,0.386,46,"35-65",19,221,3042,9,42535,138,"rural",9991,"particular","moto","gasolina","H","blanco","casado","anual",0,1,"basico","telefonico",0,1,0,1,3.86,0,10,0,"fin_estudio",0,NA,0,"2","1"
2517,"26","6",2.378,0.2378,49,"35-65",28,58,804,2,19606,111,"rural",13933,"particular","turismo","diesel","M","rojo","soltero","mensual",0,2,"medio","telefonico",0,0,0,0,2.378,0,3.107,0,"fin_estudio",0,NA,0,"3","3"
2518,"26","6",4.095,0.4095,58,"35-65",29,97,1652,9,21312,164,"mixta",33180,"particular","turismo","gasolina","M","rojo","soltero","mensual",1,2,"medio","presencial",1,0,2,0,0.891,1,4.095,1,"baja",1838.84,1838.84,1,"2","1"
2519,"26","6",4.232,0.4232,48,"35-65",20,95,1634,8,23200,98,"rural",6780,"particular","turismo","gasolina","H","negro","soltero","mensual",0,1,"medio","telefonico",0,4,0,0,4.232,0,10,0,"fin_estudio",0,NA,0,"3","3"
2520,"26","6",8.352,0.8352,21,"18-25",2,67,1063,12,14355,860,"mixta",4363,"particular","turismo","diesel","M","rojo","soltero","anual",1,1,"basico","telefonico",1,2,0,3,7.748,1,8.969,0,"fin_estudio",2773.93,2773.93,1,"2","2"
2521,"26","6",7.456,0.7456,44,"35-65",10,127,2132,4,25640,1600,"urbana",5381,"particular","turismo","gasolina","H","gris","soltero","anual",1,1,"basico","presencial",0,3,0,2,7.456,0,10,0,"fin_estudio",0,NA,0,"1","1"
2522,"26","6",3.848,0.3848,58,"35-65",37,98,1274,8,17515,533,"mixta",13619,"particular","moto","gasolina","H","gris","otro","anual",0,2,"medio","telefonico",0,2,0,1,3.848,0,3.848,1,"baja",0,NA,0,"1","1"
2523,"26","6",2.08,0.208,36,"35-65",10,141,2420,4,21283,1151,"urbana",14327,"particular","turismo","gasolina","H","rojo","casado","anual",0,3,"superior","presencial",0,1,0,0,2.08,0,10,0,"fin_estudio",0,NA,0,"1","1"
2524,"26","6",1.942,0.1942,52,"35-65",14,74,1079,10,16263,363,"mixta",20960,"particular","turismo","diesel","H","rojo","casado","anual",1,1,"basico","presencial",0,2,0,0,1.942,0,10,0,"fin_estudio",0,NA,0,"1","1"
2525,"26","6",5.015,0.5015,39,"35-65",13,144,1772,0,33688,44,"rural",11012,"particular","turismo","gasolina","M","rojo","casado","mensual",0,1,"basico","presencial",1,2,0,3,3.377,1,5.015,1,"baja",1173.6,1173.6,1,"2","2"
2526,"26","6",3.007,0.3007,18,"18-25",0,98,1450,5,30845,146,"rural",28107,"particular","turismo","diesel","M","negro","soltero","mensual",0,1,"medio","telematico",3,1,0,2,1.514,1,3.007,1,"baja",9239.9,3079.97,1,"4","4"
2527,"26","6",7.194,0.7194,60,"35-65",21,55,946,4,19307,247,"mixta",23605,"particular","turismo","gasolina","H","otro","casado","anual",0,1,"medio","presencial",2,1,0,3,1.164,1,9.701,0,"fin_estudio",3680.56,1840.28,1,"3","2"
2528,"26","6",3.444,0.3444,26,"25-35",6,119,1596,1,24816,667,"mixta",18522,"particular","turismo","diesel","M","blanco","soltero","anual",0,1,"superior","presencial",0,0,0,1,3.444,0,9.57,0,"fin_estudio",0,NA,0,"2","2"
2529,"26","6",1.858,0.1858,64,"35-65",26,128,2059,10,9347,533,"mixta",22529,"particular","turismo","gasolina","H","otro","otro","anual",0,1,"basico","telefonico",0,0,0,1,1.858,0,1.858,1,"baja",0,NA,0,"3","3"
2530,"26","6",7.094,0.7094,49,"35-65",22,118,1485,8,24615,676,"mixta",8468,"particular","turismo","gasolina","M","otro","soltero","anual",0,1,"basico","presencial",4,3,0,2,2.184,1,7.094,1,"baja",5787.74,1446.94,1,"5","5"
2531,"26","6",1.659,0.1659,69,"65+",22,181,2261,9,16990,212,"mixta",11070,"particular","turismo","diesel","H","rojo","casado","anual",1,2,"basico","telematico",0,2,0,1,1.659,0,6.989,0,"fin_estudio",0,NA,0,"4","4"
2532,"26","6",3.471,0.3471,55,"35-65",37,128,2284,13,10311,380,"mixta",4684,"particular","turismo","gasolina","M","otro","soltero","anual",0,1,"medio","telefonico",0,0,1,1,3.471,0,5.427,0,"fin_estudio",0,NA,0,"4","3"
2533,"26","6",2.15,0.215,38,"35-65",14,92,1464,5,15303,905,"mixta",9570,"particular","turismo","diesel","M","otro","soltero","anual",0,3,"medio","presencial",0,1,0,1,2.15,0,10,0,"fin_estudio",0,NA,0,"3","2"
2534,"26","6",6.583,0.6583,37,"35-65",16,177,3088,16,31626,407,"mixta",5113,"particular","moto","gasolina","M","negro","soltero","mensual",1,1,"superior","telematico",1,2,2,3,0.912,1,9.57,0,"fin_estudio",2249.19,2249.19,1,"4","4"
2535,"26","6",1.385,0.1385,57,"35-65",24,184,2387,2,17973,765,"mixta",17373,"particular","turismo","diesel","H","gris","casado","mensual",1,1,"medio","telefonico",1,1,0,0,0.927,1,1.385,1,"baja",1604.87,1604.87,1,"4","3"
2536,"26","6",1.566,0.1566,55,"35-65",37,93,1632,5,15387,559,"mixta",22830,"particular","turismo","diesel","H","otro","casado","anual",0,3,"basico","telefonico",0,1,0,0,1.566,0,1.566,1,"baja",0,NA,0,"1","1"
2537,"26","6",7.913,0.7913,33,"25-35",8,80,1271,12,28179,4366,"urbana",13563,"comercial","turismo","gasolina","M","negro","casado","mensual",0,2,"superior","telefonico",4,2,0,5,0.712,1,10,0,"fin_estudio",11111.82,2777.96,1,"4","4"
2538,"26","6",3.257,0.3257,45,"35-65",17,120,1682,13,23869,260,"mixta",13498,"particular","turismo","diesel","M","rojo","soltero","anual",0,1,"basico","presencial",1,0,1,4,0.638,1,3.257,1,"baja",4580.17,4580.17,1,"4","3"
2539,"26","6",1.669,0.1669,32,"25-35",12,71,1125,10,31617,1132,"urbana",11863,"comercial","turismo","diesel","M","gris","soltero","anual",0,1,"medio","presencial",1,1,0,0,0.712,1,1.669,1,"baja",1416.94,1416.94,1,"5","4"
2540,"26","6",2.253,0.2253,28,"25-35",4,55,874,10,13265,134,"rural",4397,"particular","turismo","diesel","M","otro","soltero","anual",0,1,"superior","presencial",1,3,0,0,2.095,1,8.834,0,"fin_estudio",507.16,507.16,1,"2","3"
2541,"26","6",1.413,0.1413,46,"35-65",22,120,1673,13,34843,373,"mixta",10824,"particular","turismo","diesel","M","blanco","soltero","mensual",1,1,"basico","presencial",0,0,0,1,1.413,0,5.864,0,"fin_estudio",0,NA,0,"2","1"
2542,"26","6",5.529,0.5529,51,"35-65",18,103,1487,10,23876,896,"mixta",6228,"particular","turismo","gasolina","M","rojo","soltero","mensual",0,1,"basico","presencial",1,1,0,1,2.204,1,6.725,0,"fin_estudio",7448.97,7448.97,1,"1","1"
2543,"26","6",5.778,0.5778,51,"35-65",17,55,899,6,1500,66,"rural",19779,"particular","moto","gasolina","H","otro","otro","anual",1,4,"superior","presencial",0,7,0,5,5.778,0,5.778,1,"baja",0,NA,0,"2","2"
2544,"26","6",1.774,0.1774,45,"35-65",18,71,981,10,23886,1333,"urbana",9961,"particular","furgoneta","gasolina","M","otro","casado","mensual",1,2,"superior","presencial",0,0,0,3,1.774,0,10,0,"fin_estudio",0,NA,0,"1","1"
2545,"26","6",3.259,0.3259,45,"35-65",19,107,1376,0,16497,251,"mixta",11540,"comercial","turismo","diesel","H","negro","casado","anual",0,1,"basico","presencial",0,1,0,3,3.259,0,10,0,"fin_estudio",0,NA,0,"2","2"
2546,"26","6",1.826,0.1826,62,"35-65",34,90,1141,7,21727,130,"rural",12729,"particular","turismo","diesel","M","gris","casado","anual",1,1,"basico","telefonico",0,1,0,1,1.826,0,3.4,0,"fin_estudio",0,NA,0,"2","2"
2547,"26","6",1.004,0.1004,21,"18-25",2,70,1174,11,8119,140,"rural",15052,"particular","turismo","gasolina","M","negro","soltero","mensual",1,2,"basico","presencial",0,0,0,0,1.004,0,5.649,0,"fin_estudio",0,NA,0,"4","3"
2548,"26","6",1.031,0.1031,50,"35-65",15,114,1758,5,22464,12,"rural",12254,"comercial","turismo","diesel","H","negro","soltero","anual",0,1,"superior","presencial",0,0,0,0,1.031,0,6.99,0,"fin_estudio",0,NA,0,"1","1"
2549,"26","6",2.256,0.2256,44,"35-65",19,77,1119,4,16292,332,"mixta",16830,"comercial","turismo","gasolina","M","rojo","soltero","anual",0,1,"basico","presencial",0,0,0,1,2.256,0,2.256,1,"baja",0,NA,0,"1","1"
2550,"26","6",2.702,0.2702,63,"35-65",45,77,1137,4,37632,507,"mixta",16619,"particular","turismo","diesel","M","gris","soltero","anual",0,1,"medio","presencial",0,1,0,2,2.702,0,5.714,0,"fin_estudio",0,NA,0,"3","2"
2551,"26","6",8.918,0.8918,41,"35-65",15,55,800,6,28475,221,"mixta",13150,"comercial","turismo","diesel","M","negro","soltero","mensual",0,1,"medio","presencial",2,4,0,4,3.267,1,10,0,"fin_estudio",7136.47,3568.23,1,"2","2"
2552,"26","6",8.303,0.8303,33,"25-35",13,113,1704,1,21946,660,"mixta",12300,"particular","turismo","gasolina","H","blanco","soltero","mensual",0,2,"superior","presencial",1,7,2,2,3.951,1,10,0,"fin_estudio",1252.2,1252.2,1,"4","4"
2553,"26","6",1.487,0.1487,58,"35-65",31,73,1285,8,17012,130,"rural",18156,"particular","moto","diesel","H","gris","casado","mensual",0,3,"medio","presencial",0,0,0,0,1.487,0,7.969,0,"fin_estudio",0,NA,0,"2","1"
2554,"26","6",3.067,0.3067,54,"35-65",36,57,843,12,28208,16,"rural",16887,"particular","turismo","gasolina","H","rojo","casado","anual",0,2,"basico","presencial",0,1,0,1,3.067,0,6.523,0,"fin_estudio",0,NA,0,"1","1"
2555,"26","6",1.737,0.1737,43,"35-65",14,85,1281,18,22537,76,"rural",10903,"particular","moto","gasolina","H","negro","soltero","mensual",0,1,"superior","telefonico",0,0,0,1,1.737,0,1.737,1,"baja",0,NA,0,"4","4"
2556,"26","6",3.53,0.353,36,"35-65",9,74,1171,8,28134,72,"rural",42105,"particular","turismo","diesel","H","gris","soltero","anual",0,3,"medio","telefonico",0,1,0,0,3.53,0,6.487,0,"fin_estudio",0,NA,0,"3","2"
2557,"26","6",4.741,0.4741,23,"18-25",4,68,835,7,27734,34,"rural",18264,"particular","turismo","diesel","H","otro","otro","anual",1,2,"medio","presencial",0,1,0,3,4.741,0,4.741,1,"baja",0,NA,0,"5","5"
2558,"26","6",3.876,0.3876,48,"35-65",19,67,920,9,27991,14,"rural",6132,"particular","turismo","diesel","H","otro","soltero","anual",0,1,"superior","presencial",1,1,0,2,3.303,1,4.776,0,"fin_estudio",1560.96,1560.96,1,"1","2"
2559,"26","6",4.565,0.4565,53,"35-65",21,184,3292,8,43846,128,"rural",6369,"particular","turismo","diesel","H","gris","casado","anual",0,1,"medio","presencial",0,4,0,2,4.565,0,4.565,1,"baja",0,NA,0,"1","1"
2560,"26","6",3.304,0.3304,45,"35-65",23,148,2568,3,43260,112,"rural",10828,"particular","turismo","diesel","M","blanco","soltero","mensual",1,1,"medio","telematico",0,3,0,2,3.304,0,10,0,"fin_estudio",0,NA,0,"1","1"
2561,"26","6",3.196,0.3196,64,"35-65",27,102,1406,7,26096,205,"mixta",4723,"particular","turismo","gasolina","H","otro","casado","anual",0,2,"basico","presencial",0,0,0,1,3.196,0,7.948,0,"fin_estudio",0,NA,0,"3","3"
2562,"26","6",6.701,0.6701,27,"25-35",8,55,800,10,12073,1095,"urbana",13123,"particular","turismo","gasolina","M","blanco","otro","mensual",0,2,"medio","telefonico",1,2,0,2,6.349,1,6.922,0,"fin_estudio",1147.55,1147.55,1,"1","2"
2563,"26","6",8.18,0.818,27,"25-35",5,131,1857,18,19943,389,"mixta",4659,"particular","turismo","gasolina","H","negro","casado","anual",0,3,"medio","telefonico",1,0,0,6,2.779,1,8.471,0,"fin_estudio",3830.63,3830.63,1,"1","1"
2564,"26","6",6.782,0.6782,55,"35-65",19,111,1658,4,24758,954,"mixta",7907,"particular","furgoneta","gasolina","M","negro","soltero","anual",1,2,"medio","telematico",2,0,0,3,3.03,1,6.782,1,"baja",5251.73,2625.86,1,"1","2"
2565,"26","6",2.816,0.2816,21,"18-25",3,88,1545,9,20925,657,"mixta",29488,"particular","turismo","gasolina","M","rojo","casado","mensual",0,1,"basico","telefonico",1,0,0,0,2.777,1,2.816,1,"baja",2719.49,2719.49,1,"3","4"
2566,"26","6",5.92,0.592,65,"35-65",37,124,1712,9,29790,760,"mixta",12887,"particular","moto","diesel","H","otro","casado","mensual",0,1,"superior","presencial",0,2,0,1,5.92,0,10,0,"fin_estudio",0,NA,0,"1","1"
2567,"26","6",2.272,0.2272,35,"25-35",17,100,1378,0,23325,846,"mixta",11498,"particular","turismo","gasolina","M","rojo","soltero","anual",0,1,"basico","presencial",0,0,0,0,2.272,0,2.272,1,"baja",0,NA,0,"3","2"
2568,"26","6",1.254,0.1254,57,"35-65",19,166,2532,6,22902,576,"mixta",4889,"particular","turismo","gasolina","H","blanco","casado","anual",0,1,"basico","telematico",0,1,0,0,1.254,0,1.254,1,"baja",0,NA,0,"3","3"
2569,"26","6",1.791,0.1791,29,"25-35",11,116,1648,3,28000,1389,"urbana",10572,"particular","moto","diesel","H","rojo","casado","mensual",1,1,"superior","presencial",0,0,0,0,1.791,0,1.791,1,"baja",0,NA,0,"2","1"
2570,"26","6",2.71,0.271,30,"25-35",8,130,1768,5,15367,858,"mixta",6043,"comercial","furgoneta","gasolina","M","negro","casado","mensual",1,1,"medio","telematico",0,1,0,0,2.71,0,5.172,0,"fin_estudio",0,NA,0,"2","1"
2571,"26","6",1.445,0.1445,34,"25-35",6,55,800,2,28950,332,"mixta",9183,"particular","turismo","gasolina","M","negro","casado","anual",0,1,"basico","presencial",1,0,0,0,0.809,1,10,0,"fin_estudio",3515.22,3515.22,1,"4","3"
2572,"26","6",7.132,0.7132,46,"35-65",13,100,1590,13,9602,681,"mixta",24905,"particular","turismo","diesel","H","negro","soltero","mensual",0,1,"superior","telematico",3,2,0,4,1.916,1,7.132,1,"baja",5616.7,1872.23,1,"4","4"
2573,"26","6",6.665,0.6665,54,"35-65",14,133,2314,12,32685,1504,"urbana",4836,"particular","turismo","gasolina","H","negro","soltero","anual",1,2,"basico","telematico",0,1,0,3,6.665,0,9.423,0,"fin_estudio",0,NA,0,"1","1"
2574,"26","6",4.445,0.4445,26,"25-35",7,83,1242,7,11096,43,"rural",23058,"particular","turismo","diesel","H","gris","casado","mensual",0,1,"medio","telefonico",2,0,0,1,0.963,1,10,0,"fin_estudio",2088.01,1044.01,1,"5","5"
2575,"26","6",5.752,0.5752,39,"35-65",12,83,1280,7,25000,326,"mixta",16406,"particular","turismo","gasolina","H","gris","casado","mensual",1,2,"medio","telematico",3,0,0,2,0.784,1,7.652,0,"fin_estudio",14517.53,4839.18,1,"5","5"
2576,"26","6",2.605,0.2605,32,"25-35",10,175,2798,6,22759,63,"rural",23028,"particular","furgoneta","diesel","M","negro","casado","mensual",1,1,"basico","presencial",2,2,0,1,0.892,1,2.605,1,"baja",4887.32,2443.66,1,"5","5"
2577,"26","6",8.671,0.8671,35,"25-35",7,156,1995,12,21106,191,"mixta",34808,"particular","turismo","gasolina","M","blanco","casado","anual",0,3,"medio","presencial",1,4,0,2,3.172,1,10,0,"fin_estudio",3004.2,3004.2,1,"5","5"
2578,"27","6",6.617,0.6617,49,"35-65",20,124,2188,6,16544,134,"rural",14789,"particular","turismo","gasolina","M","otro","soltero","mensual",0,1,"medio","telematico",0,2,1,2,6.617,0,10,0,"fin_estudio",0,NA,0,"1","1"
2579,"27","6",4.439,0.4439,18,"18-25",0,130,1659,15,10669,340,"mixta",6944,"comercial","turismo","gasolina","H","negro","soltero","mensual",0,1,"medio","presencial",0,3,1,3,4.439,0,4.439,1,"baja",0,NA,0,"1","1"
2580,"27","6",8.978,0.8978,31,"25-35",9,117,1687,4,26489,138,"rural",33188,"particular","turismo","gasolina","H","otro","casado","anual",1,1,"medio","presencial",1,3,2,2,2.693,1,10,0,"fin_estudio",3071.66,3071.66,1,"4","4"
2581,"27","6",1.42,0.142,40,"35-65",17,135,2376,15,31851,729,"mixta",18633,"particular","turismo","gasolina","M","otro","soltero","mensual",0,1,"basico","presencial",0,1,0,0,1.42,0,10,0,"fin_estudio",0,NA,0,"3","3"
2582,"27","6",5.29,0.529,52,"35-65",14,97,1614,4,23132,180,"mixta",23923,"particular","turismo","gasolina","H","otro","casado","anual",0,1,"superior","presencial",1,2,1,0,0.454,1,5.29,1,"baja",904.38,904.38,1,"3","2"
2583,"27","6",4.544,0.4544,55,"35-65",17,85,1349,2,30405,196,"mixta",15141,"particular","turismo","gasolina","M","blanco","otro","anual",0,1,"basico","presencial",0,0,1,3,4.544,0,10,0,"fin_estudio",0,NA,0,"1","1"
2584,"27","6",9.611,0.9611,46,"35-65",22,91,1486,6,30567,780,"mixta",17764,"particular","furgoneta","diesel","H","gris","casado","anual",0,2,"basico","telefonico",3,7,0,1,0.428,1,10,0,"fin_estudio",12258.21,4086.07,1,"3","3"
2585,"27","6",1.422,0.1422,18,"18-25",0,132,2096,12,21423,43,"rural",34703,"particular","moto","gasolina","M","blanco","soltero","mensual",0,2,"basico","telefonico",1,2,0,0,0.399,1,1.422,1,"baja",1606.1,1606.1,1,"4","4"
2586,"27","6",9.204,0.9204,40,"35-65",8,111,1445,9,25946,4288,"urbana",12317,"particular","furgoneta","gasolina","H","rojo","casado","mensual",0,1,"medio","telefonico",1,2,0,1,8.127,1,10,0,"fin_estudio",2708.09,2708.09,1,"2","2"
2587,"27","6",0.22,0.022,38,"35-65",18,100,1320,12,24671,295,"mixta",18747,"particular","turismo","diesel","M","otro","casado","anual",0,1,"medio","presencial",0,0,0,0,0.22,0,0.22,1,"baja",0,NA,0,"2","2"
2588,"27","6",9.625,0.9625,50,"35-65",23,147,2018,12,5936,352,"mixta",15808,"particular","turismo","diesel","M","otro","soltero","anual",0,1,"superior","presencial",1,5,0,3,7.231,1,10,0,"fin_estudio",1886.83,1886.83,1,"3","2"
2589,"27","6",3.59,0.359,60,"35-65",26,98,1363,9,22573,205,"mixta",17896,"comercial","furgoneta","gasolina","H","rojo","casado","mensual",0,2,"medio","presencial",0,0,0,3,3.59,0,3.59,1,"baja",0,NA,0,"2","2"
2590,"27","6",7.985,0.7985,61,"35-65",23,193,2642,8,31187,2026,"urbana",5135,"particular","turismo","diesel","H","negro","otro","mensual",1,2,"medio","telefonico",0,4,1,3,7.985,0,9.709,0,"fin_estudio",0,NA,0,"1","1"
2591,"27","6",3.844,0.3844,40,"35-65",17,122,1477,11,16852,186,"mixta",6096,"particular","moto","gasolina","H","rojo","casado","anual",1,1,"basico","presencial",0,2,0,0,3.844,0,3.844,1,"baja",0,NA,0,"1","1"
2592,"27","6",1.955,0.1955,35,"25-35",13,118,1834,5,16003,425,"mixta",13396,"particular","moto","gasolina","H","otro","soltero","mensual",0,1,"basico","presencial",1,1,0,2,1.258,1,3.527,0,"fin_estudio",6458.27,6458.27,1,"2","3"
2593,"27","6",2.816,0.2816,48,"35-65",21,94,1625,8,30994,283,"mixta",23696,"particular","turismo","diesel","H","blanco","soltero","mensual",1,3,"superior","presencial",1,1,0,0,1.228,1,10,0,"fin_estudio",4624.12,4624.12,1,"3","3"
2594,"27","6",2.985,0.2985,55,"35-65",21,77,1304,10,22693,37,"rural",15504,"particular","turismo","diesel","M","rojo","soltero","mensual",0,2,"medio","presencial",0,0,0,2,2.985,0,2.985,1,"baja",0,NA,0,"4","4"
2595,"27","6",3.438,0.3438,55,"35-65",25,55,801,9,16556,102,"rural",12710,"particular","turismo","diesel","M","otro","casado","mensual",0,1,"basico","telefonico",2,4,0,3,0.227,1,3.438,1,"baja",2774.6,1387.3,1,"5","4"
2596,"27","6",8.014,0.8014,43,"35-65",13,164,2116,10,23046,119,"rural",6765,"particular","turismo","gasolina","H","rojo","casado","mensual",0,2,"medio","presencial",2,4,0,5,4.339,1,10,0,"fin_estudio",2971.93,1485.97,1,"5","5"
2597,"27","6",4.506,0.4506,38,"35-65",15,60,1017,20,18987,421,"mixta",5905,"particular","turismo","gasolina","M","otro","otro","mensual",0,4,"superior","presencial",0,1,0,1,4.506,0,10,0,"fin_estudio",0,NA,0,"4","4"
2598,"27","6",1.475,0.1475,48,"35-65",23,82,1283,14,27265,502,"mixta",17287,"particular","turismo","diesel","M","negro","soltero","anual",0,2,"basico","telefonico",1,0,1,0,0.687,1,2.221,0,"fin_estudio",2544.95,2544.95,1,"2","2"
2599,"27","6",8.562,0.8562,47,"35-65",21,55,800,10,29803,541,"mixta",3603,"comercial","moto","gasolina","H","negro","soltero","anual",1,1,"basico","presencial",1,3,1,3,1.566,1,10,0,"fin_estudio",3134.53,3134.53,1,"3","3"
2600,"27","6",1.243,0.1243,46,"35-65",17,134,2021,14,40368,233,"mixta",9349,"particular","turismo","gasolina","H","blanco","soltero","anual",0,2,"basico","presencial",0,0,0,0,1.243,0,8.242,0,"fin_estudio",0,NA,0,"1","1"
2601,"27","6",3.332,0.3332,65,"35-65",29,127,1577,5,38838,147,"rural",10920,"particular","turismo","diesel","M","otro","soltero","anual",0,2,"medio","telematico",1,1,0,1,2.325,1,6.908,0,"fin_estudio",3051.45,3051.45,1,"3","2"
2602,"27","6",6.274,0.6274,41,"35-65",9,103,1568,12,30889,15,"rural",10181,"comercial","furgoneta","gasolina","H","blanco","casado","mensual",0,1,"medio","telefonico",0,2,0,3,6.274,0,10,0,"fin_estudio",0,NA,0,"1","1"
2603,"27","6",1.261,0.1261,34,"25-35",15,94,1354,11,23203,609,"mixta",16994,"particular","moto","gasolina","H","rojo","soltero","mensual",0,1,"medio","telematico",0,0,1,1,1.261,0,10,0,"fin_estudio",0,NA,0,"1","1"
2604,"27","6",1.33,0.133,44,"35-65",11,55,954,12,18756,188,"mixta",11747,"particular","moto","gasolina","M","negro","casado","anual",0,1,"basico","presencial",0,0,0,2,1.33,0,10,0,"fin_estudio",0,NA,0,"5","5"
2605,"27","6",4.737,0.4737,40,"35-65",18,148,2438,5,19214,874,"mixta",13855,"particular","turismo","diesel","H","negro","casado","anual",0,1,"superior","telefonico",1,1,2,1,2.495,1,10,0,"fin_estudio",2266.46,2266.46,1,"4","4"
2606,"27","6",4.588,0.4588,21,"18-25",3,136,2384,11,30813,641,"mixta",13558,"particular","furgoneta","diesel","H","blanco","soltero","anual",0,1,"basico","telematico",6,2,0,1,1.408,1,8.773,0,"fin_estudio",22383.36,3730.56,1,"5","4"
2607,"27","6",5.865,0.5865,43,"35-65",17,55,800,9,20836,84,"rural",7328,"particular","turismo","diesel","M","otro","casado","mensual",0,3,"medio","presencial",0,0,0,1,5.865,0,5.865,1,"baja",0,NA,0,"2","2"
2608,"27","6",2.463,0.2463,34,"25-35",15,131,2105,2,25970,411,"mixta",14421,"particular","furgoneta","diesel","M","otro","casado","anual",1,1,"basico","telematico",0,0,0,1,2.463,0,3.32,0,"fin_estudio",0,NA,0,"4","4"
2609,"27","6",3.432,0.3432,51,"35-65",31,150,2131,8,17811,258,"mixta",19936,"particular","moto","gasolina","H","negro","casado","anual",0,2,"medio","presencial",1,0,1,0,0.345,1,10,0,"fin_estudio",2492.24,2492.24,1,"4","3"
2610,"27","6",4.845,0.4845,47,"35-65",25,123,2106,3,24595,154,"mixta",17259,"particular","turismo","gasolina","H","blanco","soltero","anual",1,1,"basico","presencial",0,1,0,1,4.845,0,4.845,1,"baja",0,NA,0,"4","4"
2611,"27","6",2.264,0.2264,29,"25-35",5,99,1392,7,18267,144,"rural",9751,"comercial","turismo","diesel","M","blanco","soltero","anual",0,2,"superior","telefonico",0,0,0,2,2.264,0,6.105,0,"fin_estudio",0,NA,0,"3","3"
2612,"27","6",3.524,0.3524,48,"35-65",14,126,1944,11,23207,64,"rural",11154,"particular","furgoneta","diesel","M","negro","soltero","mensual",1,2,"basico","telematico",0,1,2,1,3.524,0,3.524,1,"baja",0,NA,0,"1","1"
2613,"27","6",3.378,0.3378,21,"18-25",1,55,800,11,15665,73,"rural",14267,"particular","moto","gasolina","H","negro","otro","mensual",1,1,"basico","presencial",0,2,0,1,3.378,0,3.378,1,"baja",0,NA,0,"1","1"
2614,"27","6",3.309,0.3309,52,"35-65",15,125,1897,6,25123,109,"rural",12101,"particular","turismo","gasolina","M","negro","soltero","mensual",0,2,"medio","presencial",0,0,0,1,3.309,0,10,0,"fin_estudio",0,NA,0,"2","2"
2615,"27","6",3.824,0.3824,77,"65+",28,112,1628,4,27917,461,"mixta",33818,"particular","moto","gasolina","M","negro","casado","anual",0,2,"superior","presencial",3,2,0,1,0.713,1,3.824,1,"baja",13549.62,4516.54,1,"5","5"
2616,"27","6",1.319,0.1319,73,"65+",26,121,1652,10,17322,49,"rural",21831,"particular","turismo","diesel","M","otro","casado","anual",1,1,"medio","telefonico",0,1,0,2,1.319,0,1.66,0,"fin_estudio",0,NA,0,"3","3"
2617,"27","6",4.635,0.4635,54,"35-65",14,55,964,4,26084,1121,"urbana",8057,"particular","turismo","diesel","M","rojo","soltero","mensual",0,1,"medio","telematico",0,0,0,3,4.635,0,10,0,"fin_estudio",0,NA,0,"1","1"
2618,"27","6",0.894,0.0894,67,"65+",46,160,2013,7,27692,89,"rural",10757,"particular","turismo","diesel","H","negro","casado","mensual",1,1,"superior","presencial",0,0,0,0,0.894,0,0.894,1,"baja",0,NA,0,"2","2"
2619,"27","6",1.638,0.1638,44,"35-65",16,106,1765,8,12566,6794,"urbana",18083,"particular","moto","gasolina","H","rojo","soltero","mensual",0,1,"basico","presencial",0,1,0,0,1.638,0,10,0,"fin_estudio",0,NA,0,"4","4"
2620,"27","6",5.419,0.5419,88,"65+",38,229,3736,1,20927,127,"rural",9660,"particular","turismo","diesel","H","blanco","otro","anual",1,2,"basico","presencial",0,2,1,3,5.419,0,5.419,1,"baja",0,NA,0,"1","1"
2621,"27","6",3.109,0.3109,51,"35-65",18,139,2159,7,20805,1855,"urbana",13692,"particular","turismo","diesel","H","blanco","soltero","anual",0,2,"medio","presencial",3,2,0,2,1.858,1,3.109,1,"baja",7162.52,2387.51,1,"4","5"
2622,"27","6",5.999,0.5999,48,"35-65",18,100,1369,4,28474,19,"rural",6391,"particular","turismo","diesel","M","otro","casado","anual",0,1,"medio","presencial",0,1,0,1,5.999,0,5.999,1,"baja",0,NA,0,"3","3"
2623,"27","6",2.35,0.235,42,"35-65",11,109,1844,8,21279,359,"mixta",12360,"particular","turismo","diesel","M","otro","soltero","anual",1,1,"basico","presencial",1,1,0,1,1.204,1,2.35,1,"baja",1500.36,1500.36,1,"3","3"
2624,"27","6",8.098,0.8098,31,"25-35",10,171,2527,8,29274,302,"mixta",12287,"particular","turismo","diesel","M","otro","soltero","anual",1,1,"basico","presencial",3,0,0,6,4.537,1,8.098,1,"baja",10389.07,3463.02,1,"4","3"
2625,"27","6",2.093,0.2093,58,"35-65",27,159,2430,10,27566,456,"mixta",11841,"particular","turismo","diesel","M","negro","otro","mensual",0,1,"medio","telefonico",0,0,0,0,2.093,0,2.093,1,"baja",0,NA,0,"4","4"
2626,"27","6",0.489,0.0489,39,"35-65",13,90,1484,10,18476,105,"rural",22081,"particular","turismo","diesel","M","blanco","casado","anual",1,2,"medio","telefonico",0,0,0,0,0.489,0,0.489,1,"baja",0,NA,0,"3","3"
2627,"27","6",3.829,0.3829,46,"35-65",11,90,1409,9,17644,758,"mixta",6839,"particular","turismo","diesel","M","gris","soltero","anual",1,1,"basico","telematico",0,1,0,2,3.829,0,3.829,1,"baja",0,NA,0,"3","3"
2628,"27","6",1.483,0.1483,26,"25-35",8,108,1783,14,31859,307,"mixta",13807,"particular","turismo","gasolina","M","rojo","otro","anual",1,2,"basico","presencial",0,0,0,2,1.483,0,1.483,1,"baja",0,NA,0,"3","2"
2629,"27","6",4.864,0.4864,33,"25-35",12,131,2092,9,23379,930,"mixta",19618,"particular","turismo","diesel","M","negro","casado","anual",0,1,"medio","presencial",1,3,0,4,3.322,1,4.864,1,"baja",1187.7,1187.7,1,"5","5"
2630,"27","6",3.902,0.3902,42,"35-65",11,95,1367,11,15321,209,"mixta",13988,"particular","turismo","diesel","M","blanco","casado","anual",0,2,"basico","telefonico",1,3,0,2,1.876,1,10,0,"fin_estudio",2672.72,2672.72,1,"3","2"
2631,"27","6",4.404,0.4404,57,"35-65",22,140,1705,1,24699,462,"mixta",21246,"particular","turismo","gasolina","M","negro","casado","anual",0,2,"medio","presencial",1,0,1,0,0.56,1,10,0,"fin_estudio",956.07,956.07,1,"3","3"
2632,"27","6",3.619,0.3619,35,"25-35",9,109,1522,3,39124,187,"mixta",16738,"particular","moto","gasolina","M","blanco","otro","anual",0,1,"superior","presencial",1,1,0,3,1.904,1,10,0,"fin_estudio",4522.06,4522.06,1,"3","2"
2633,"27","6",3.736,0.3736,55,"35-65",13,115,1659,9,30919,95,"rural",8527,"particular","turismo","diesel","H","gris","soltero","anual",0,1,"superior","telematico",1,0,0,0,1.582,1,3.736,1,"baja",2374.32,2374.32,1,"1","1"
2634,"27","6",2.523,0.2523,34,"25-35",14,211,2798,9,19705,964,"mixta",6299,"particular","turismo","gasolina","M","blanco","soltero","anual",0,1,"basico","presencial",0,2,1,1,2.523,0,2.523,1,"baja",0,NA,0,"2","1"
2635,"27","6",6.984,0.6984,54,"35-65",19,166,1994,17,43821,712,"mixta",7405,"particular","furgoneta","diesel","M","negro","soltero","anual",0,1,"basico","telefonico",0,0,0,2,6.984,0,10,0,"fin_estudio",0,NA,0,"1","1"
2636,"27","6",2.924,0.2924,52,"35-65",12,69,958,5,22388,86,"rural",12348,"particular","turismo","gasolina","M","otro","casado","anual",1,2,"medio","telematico",0,1,0,1,2.924,0,2.924,1,"baja",0,NA,0,"4","4"
2637,"27","6",0.835,0.0835,18,"18-25",0,152,2487,13,41675,278,"mixta",25479,"comercial","furgoneta","diesel","H","negro","soltero","anual",0,2,"superior","telefonico",0,0,0,0,0.835,0,0.835,1,"baja",0,NA,0,"1","1"
2638,"27","6",3.225,0.3225,48,"35-65",26,128,1595,6,37390,331,"mixta",6143,"particular","turismo","diesel","H","rojo","casado","anual",0,1,"medio","telefonico",1,2,0,0,0.154,1,3.981,0,"fin_estudio",2058.74,2058.74,1,"1","1"
2639,"27","6",6.903,0.6903,53,"35-65",23,171,2924,7,29259,1208,"urbana",9391,"particular","turismo","gasolina","M","blanco","soltero","mensual",0,1,"medio","telefonico",0,0,0,5,6.903,0,10,0,"fin_estudio",0,NA,0,"1","1"
2640,"27","6",9.754,0.9754,35,"25-35",12,59,800,8,1500,133,"rural",14349,"particular","turismo","diesel","H","negro","soltero","mensual",0,1,"medio","presencial",2,5,0,5,2.212,1,9.837,0,"fin_estudio",1141.49,570.74,1,"3","3"
2641,"27","6",9.633,0.9633,36,"35-65",17,100,1579,17,31563,56,"rural",8524,"particular","moto","diesel","H","negro","otro","mensual",0,1,"superior","telefonico",0,1,0,1,9.633,0,10,0,"fin_estudio",0,NA,0,"1","1"
2642,"27","6",2.057,0.2057,18,"18-25",0,79,1134,13,15788,172,"mixta",12594,"particular","turismo","gasolina","M","blanco","casado","anual",0,1,"medio","presencial",0,0,0,0,2.057,0,2.057,1,"baja",0,NA,0,"1","1"
2643,"27","6",6.159,0.6159,57,"35-65",35,104,1380,12,18346,360,"mixta",6559,"comercial","turismo","gasolina","M","blanco","soltero","anual",1,1,"basico","telematico",3,2,1,2,2.096,1,7.441,0,"fin_estudio",6982.77,2327.59,1,"5","5"
2644,"27","6",3.65,0.365,39,"35-65",15,136,2082,8,22188,114,"rural",7167,"particular","turismo","diesel","H","rojo","casado","anual",0,1,"basico","presencial",0,2,0,1,3.65,0,5.921,0,"fin_estudio",0,NA,0,"3","2"
2645,"27","6",7.08,0.708,49,"35-65",19,133,1756,15,30020,610,"mixta",41461,"particular","turismo","diesel","H","negro","soltero","mensual",1,1,"superior","presencial",0,4,1,3,7.08,0,9.378,0,"fin_estudio",0,NA,0,"1","1"
2646,"27","6",1.059,0.1059,20,"18-25",2,131,2074,14,9584,26,"rural",32291,"particular","turismo","gasolina","M","gris","casado","mensual",0,1,"superior","telematico",0,1,0,0,1.059,0,10,0,"fin_estudio",0,NA,0,"5","5"
2647,"27","6",6.883,0.6883,55,"35-65",14,79,969,10,32621,464,"mixta",11592,"particular","turismo","diesel","H","negro","casado","anual",0,2,"superior","telematico",1,4,0,6,6.48,1,10,0,"fin_estudio",1921.92,1921.92,1,"2","3"
2648,"27","6",5.572,0.5572,47,"35-65",15,114,1381,10,21232,128,"rural",23404,"particular","turismo","gasolina","M","negro","casado","anual",1,1,"medio","presencial",0,3,0,2,5.572,0,10,0,"fin_estudio",0,NA,0,"1","1"
2649,"27","6",2.402,0.2402,70,"65+",38,68,1066,13,24684,109,"rural",15523,"comercial","turismo","diesel","H","blanco","soltero","mensual",0,1,"medio","telematico",0,1,0,1,2.402,0,8.303,0,"fin_estudio",0,NA,0,"4","3"
2650,"27","6",6.978,0.6978,39,"35-65",19,161,2373,8,33494,988,"mixta",26376,"particular","turismo","diesel","M","otro","soltero","mensual",0,2,"basico","presencial",0,3,0,2,6.978,0,7.916,0,"fin_estudio",0,NA,0,"3","2"
2651,"27","6",1.777,0.1777,24,"18-25",3,55,822,0,33544,1192,"urbana",7221,"comercial","turismo","gasolina","M","otro","casado","anual",1,1,"superior","presencial",0,1,0,1,1.777,0,1.786,0,"fin_estudio",0,NA,0,"3","2"
2652,"27","6",1.929,0.1929,44,"35-65",11,88,1414,9,9478,138,"rural",11519,"particular","turismo","diesel","M","gris","soltero","anual",0,1,"medio","presencial",0,2,0,1,1.929,0,10,0,"fin_estudio",0,NA,0,"3","2"
2653,"27","6",2.825,0.2825,59,"35-65",25,55,806,15,22878,32,"rural",24575,"particular","turismo","diesel","H","rojo","soltero","anual",0,1,"basico","presencial",0,2,0,3,2.825,0,5.733,0,"fin_estudio",0,NA,0,"4","4"
2654,"27","6",8.219,0.8219,35,"25-35",11,72,1265,12,23788,89,"rural",10839,"particular","turismo","diesel","M","otro","casado","anual",0,1,"basico","presencial",0,2,0,3,8.219,0,8.219,1,"baja",0,NA,0,"1","1"
2655,"27","6",1.612,0.1612,20,"18-25",2,77,1257,3,21644,857,"mixta",5084,"particular","turismo","gasolina","H","gris","soltero","mensual",1,3,"medio","presencial",0,0,0,0,1.612,0,1.612,1,"baja",0,NA,0,"3","3"
2656,"27","6",2.914,0.2914,67,"65+",27,89,1571,12,21265,1232,"urbana",10498,"particular","furgoneta","diesel","M","blanco","casado","anual",0,1,"medio","presencial",0,2,0,1,2.914,0,10,0,"fin_estudio",0,NA,0,"1","1"
2657,"27","6",3.776,0.3776,28,"25-35",6,155,2572,4,14162,357,"mixta",6102,"particular","turismo","diesel","M","blanco","casado","anual",0,1,"basico","presencial",0,1,0,6,3.776,0,3.776,1,"baja",0,NA,0,"2","2"
2658,"27","6",1.779,0.1779,32,"25-35",5,117,1881,11,32090,1157,"urbana",17077,"particular","turismo","gasolina","H","otro","soltero","mensual",0,2,"basico","presencial",2,0,0,0,0.265,1,7.998,0,"fin_estudio",10459.45,5229.72,1,"4","5"
2659,"27","6",2.98,0.298,70,"65+",32,84,1061,13,22568,660,"mixta",7649,"particular","turismo","diesel","M","gris","soltero","anual",1,1,"basico","presencial",0,0,0,2,2.98,0,7.85,0,"fin_estudio",0,NA,0,"1","1"
2660,"27","6",1.024,0.1024,35,"25-35",11,107,1376,18,26434,448,"mixta",7358,"particular","moto","gasolina","H","blanco","otro","mensual",0,2,"basico","telefonico",0,0,0,0,1.024,0,5.032,0,"fin_estudio",0,NA,0,"4","4"
2661,"27","6",9.657,0.9657,54,"35-65",17,151,1912,4,7565,287,"mixta",13911,"particular","turismo","diesel","M","rojo","soltero","anual",0,1,"superior","telematico",3,3,0,5,4.493,1,10,0,"fin_estudio",4530.74,1510.25,1,"3","3"
2662,"27","6",1.595,0.1595,51,"35-65",12,120,1538,5,20603,456,"mixta",21375,"particular","moto","diesel","H","gris","soltero","mensual",1,1,"basico","telefonico",0,2,0,1,1.595,0,10,0,"fin_estudio",0,NA,0,"3","3"
2663,"27","6",5.195,0.5195,52,"35-65",14,55,875,14,12537,204,"mixta",4602,"particular","turismo","gasolina","M","negro","soltero","anual",1,2,"basico","presencial",0,1,0,0,5.195,0,10,0,"fin_estudio",0,NA,0,"4","4"
2664,"27","6",0.625,0.0625,32,"25-35",7,103,1321,5,24567,1481,"urbana",12093,"comercial","furgoneta","diesel","M","negro","otro","anual",1,1,"basico","telefonico",1,0,0,0,0.372,1,0.625,1,"baja",2094.66,2094.66,1,"5","5"
2665,"27","6",2.208,0.2208,59,"35-65",39,182,3068,0,22506,282,"mixta",6444,"comercial","turismo","diesel","H","rojo","casado","mensual",1,3,"basico","presencial",0,1,0,3,2.208,0,2.208,1,"baja",0,NA,0,"2","1"
2666,"27","6",0.469,0.0469,18,"18-25",0,59,1059,12,24162,93,"rural",17471,"particular","furgoneta","diesel","M","blanco","casado","mensual",1,1,"basico","presencial",0,0,0,1,0.469,0,0.469,1,"baja",0,NA,0,"1","1"
2667,"27","6",1.71,0.171,34,"25-35",15,118,1844,12,20165,1454,"urbana",4368,"particular","turismo","gasolina","M","rojo","otro","anual",1,1,"basico","presencial",0,0,0,0,1.71,0,3.656,0,"fin_estudio",0,NA,0,"3","3"
2668,"27","6",4.559,0.4559,41,"35-65",17,155,2709,5,30758,109,"rural",10287,"particular","moto","gasolina","H","otro","soltero","mensual",0,1,"medio","presencial",0,1,0,3,4.559,0,4.559,1,"baja",0,NA,0,"1","1"
2669,"27","6",1.248,0.1248,41,"35-65",13,150,1866,25,24379,570,"mixta",15028,"particular","turismo","gasolina","M","rojo","otro","anual",1,2,"superior","telefonico",0,0,0,0,1.248,0,1.248,1,"baja",0,NA,0,"1","1"
2670,"27","6",4.749,0.4749,54,"35-65",19,165,2072,2,18400,277,"mixta",24969,"particular","furgoneta","gasolina","H","negro","casado","anual",0,1,"medio","presencial",0,4,2,1,4.749,0,6.173,0,"fin_estudio",0,NA,0,"1","1"
2671,"27","6",4.946,0.4946,29,"25-35",6,133,1951,18,15397,108,"rural",16978,"particular","turismo","gasolina","H","gris","soltero","anual",0,1,"medio","presencial",1,1,0,2,1.166,1,4.946,1,"baja",678.36,678.36,1,"3","2"
2672,"27","6",5.736,0.5736,36,"35-65",15,84,1301,12,37138,782,"mixta",10484,"particular","turismo","diesel","M","otro","soltero","anual",0,1,"medio","presencial",2,2,0,1,4.598,1,10,0,"fin_estudio",13394.77,6697.38,1,"2","3"
2673,"27","6",1.474,0.1474,36,"35-65",14,105,1870,8,26494,72,"rural",34911,"particular","turismo","diesel","M","negro","casado","anual",1,1,"superior","presencial",0,0,0,0,1.474,0,1.474,1,"baja",0,NA,0,"2","1"
2674,"27","6",8.185,0.8185,37,"35-65",11,178,2819,16,25341,137,"rural",12438,"particular","moto","diesel","M","otro","soltero","mensual",1,1,"medio","presencial",2,2,0,5,6.714,1,8.185,1,"baja",10130.88,5065.44,1,"4","3"
2675,"27","6",8.536,0.8536,27,"25-35",5,95,1199,3,19131,104,"rural",10684,"particular","turismo","diesel","H","gris","soltero","mensual",0,1,"medio","telefonico",1,0,0,6,6.198,1,10,0,"fin_estudio",385.6,385.6,1,"2","1"
2676,"27","6",3.992,0.3992,28,"25-35",7,112,1802,8,32659,96,"rural",7872,"particular","turismo","gasolina","H","negro","casado","anual",0,1,"basico","presencial",3,1,0,4,2.704,1,3.992,1,"baja",6974.5,2324.83,1,"4","5"
2677,"27","6",3.091,0.3091,55,"35-65",23,55,918,0,25061,320,"mixta",13841,"particular","turismo","diesel","M","negro","soltero","anual",0,3,"superior","presencial",0,0,0,2,3.091,0,10,0,"fin_estudio",0,NA,0,"1","1"
2678,"27","6",3.59,0.359,47,"35-65",12,124,1733,5,19878,463,"mixta",11059,"comercial","turismo","gasolina","M","blanco","casado","anual",0,3,"medio","telematico",0,1,1,0,3.59,0,7.555,0,"fin_estudio",0,NA,0,"1","1"
2679,"28","6",1.72,0.172,54,"35-65",32,71,997,6,22934,1238,"urbana",15801,"particular","turismo","diesel","H","blanco","casado","anual",1,1,"superior","presencial",0,1,0,2,1.72,0,2.103,0,"fin_estudio",0,NA,0,"3","3"
2680,"28","6",0.172,0.0172,52,"35-65",16,98,1465,9,2406,808,"mixta",16645,"particular","furgoneta","gasolina","M","gris","soltero","mensual",0,1,"medio","telefonico",0,0,0,0,0.172,0,0.172,1,"baja",0,NA,0,"1","1"
2681,"28","6",5.756,0.5756,64,"35-65",30,55,800,12,26529,436,"mixta",14213,"particular","moto","gasolina","H","otro","soltero","anual",1,2,"basico","telefonico",1,3,0,1,1.797,1,5.756,1,"baja",633.81,633.81,1,"4","3"
2682,"28","6",6.226,0.6226,60,"35-65",41,132,1820,13,21197,468,"mixta",10601,"particular","furgoneta","gasolina","H","gris","otro","anual",0,1,"superior","presencial",0,3,1,5,6.226,0,10,0,"fin_estudio",0,NA,0,"3","3"
2683,"28","6",5.441,0.5441,33,"25-35",13,55,890,15,16091,72,"rural",8687,"particular","turismo","gasolina","M","rojo","casado","anual",1,2,"medio","presencial",0,3,0,5,5.441,0,10,0,"fin_estudio",0,NA,0,"1","1"
2684,"28","6",5.942,0.5942,44,"35-65",23,55,868,10,38696,95,"rural",10610,"comercial","turismo","gasolina","M","negro","casado","anual",1,1,"basico","presencial",0,2,0,5,5.942,0,5.942,1,"baja",0,NA,0,"1","1"
2685,"28","6",8.051,0.8051,26,"25-35",4,145,1833,9,28971,381,"mixta",14424,"particular","turismo","gasolina","M","negro","casado","anual",0,1,"superior","telematico",0,9,0,3,8.051,0,10,0,"fin_estudio",0,NA,0,"1","1"
2686,"28","6",4.143,0.4143,50,"35-65",19,55,868,2,1500,455,"mixta",4466,"particular","turismo","diesel","H","gris","soltero","anual",1,2,"medio","telematico",0,3,1,2,4.143,0,4.798,0,"fin_estudio",0,NA,0,"1","1"
2687,"28","6",3.733,0.3733,44,"35-65",12,98,1676,7,20264,28,"rural",24629,"particular","turismo","diesel","H","gris","casado","anual",1,2,"basico","presencial",0,0,0,2,3.733,0,3.733,1,"baja",0,NA,0,"1","1"
2688,"28","6",4.156,0.4156,46,"35-65",17,125,1577,7,24202,302,"mixta",14574,"particular","turismo","diesel","H","rojo","otro","anual",1,2,"superior","presencial",0,0,0,3,4.156,0,4.156,1,"baja",0,NA,0,"1","1"
2689,"28","6",3.04,0.304,78,"65+",31,102,1393,7,24377,67,"rural",8920,"particular","furgoneta","diesel","M","otro","soltero","mensual",0,1,"medio","presencial",0,1,0,2,3.04,0,10,0,"fin_estudio",0,NA,0,"1","1"
2690,"28","6",1.695,0.1695,66,"65+",24,91,1126,9,17181,219,"mixta",11095,"particular","turismo","gasolina","M","negro","casado","mensual",1,1,"medio","presencial",0,1,0,3,1.695,0,1.695,1,"baja",0,NA,0,"3","2"
2691,"28","6",3.409,0.3409,41,"35-65",14,119,1436,12,11996,247,"mixta",9940,"comercial","turismo","gasolina","H","gris","casado","anual",0,1,"superior","presencial",0,0,0,4,3.409,0,3.409,1,"baja",0,NA,0,"1","1"
2692,"28","6",3.085,0.3085,58,"35-65",30,91,1104,18,32237,1011,"urbana",10855,"particular","turismo","diesel","M","blanco","casado","anual",0,1,"superior","presencial",0,4,0,1,3.085,0,10,0,"fin_estudio",0,NA,0,"1","1"
2693,"28","6",0.45,0.045,23,"18-25",3,87,1047,8,27239,271,"mixta",18450,"comercial","turismo","gasolina","M","gris","casado","mensual",0,1,"medio","telefonico",1,1,0,1,0.207,1,0.45,1,"baja",2857.79,2857.79,1,"2","2"
2694,"28","6",0.835,0.0835,47,"35-65",12,149,2677,12,30361,243,"mixta",6724,"particular","turismo","diesel","H","negro","casado","mensual",0,2,"superior","presencial",0,0,0,0,0.835,0,0.835,1,"baja",0,NA,0,"4","4"
2695,"28","6",6.837,0.6837,67,"65+",18,141,2161,10,20630,532,"mixta",6978,"comercial","turismo","gasolina","M","negro","casado","anual",1,3,"basico","telefonico",0,5,0,5,6.837,0,6.837,1,"baja",0,NA,0,"1","1"
2696,"28","6",7.142,0.7142,30,"25-35",8,108,1453,6,23971,49,"rural",5900,"particular","turismo","diesel","M","rojo","otro","anual",0,2,"basico","presencial",2,0,0,3,2.414,1,10,0,"fin_estudio",3688.09,1844.05,1,"4","4"
2697,"28","6",1.744,0.1744,47,"35-65",26,170,2291,8,33439,860,"mixta",12892,"particular","furgoneta","gasolina","H","gris","soltero","mensual",1,1,"medio","presencial",2,1,0,1,0.901,1,3.385,0,"fin_estudio",11704.87,5852.44,1,"3","4"
2698,"28","6",6.247,0.6247,58,"35-65",39,144,1779,3,22536,1452,"urbana",10243,"comercial","moto","gasolina","H","blanco","soltero","mensual",1,1,"medio","telematico",0,0,0,2,6.247,0,10,0,"fin_estudio",0,NA,0,"1","1"
2699,"28","6",5.719,0.5719,47,"35-65",18,102,1759,5,36217,2126,"urbana",19434,"particular","turismo","gasolina","M","rojo","casado","anual",0,2,"basico","presencial",9,1,0,4,0.872,1,10,0,"fin_estudio",30934.84,3437.2,1,"5","5"
2700,"28","6",1.391,0.1391,48,"35-65",21,76,1088,0,27344,271,"mixta",7033,"particular","turismo","diesel","M","gris","soltero","anual",1,2,"medio","presencial",0,0,0,0,1.391,0,1.795,0,"fin_estudio",0,NA,0,"3","3"
2701,"28","6",2.253,0.2253,50,"35-65",29,55,800,10,12115,204,"mixta",29160,"particular","moto","gasolina","H","gris","otro","anual",1,2,"basico","presencial",1,1,0,1,1.028,1,10,0,"fin_estudio",1906.7,1906.7,1,"4","3"
2702,"28","6",4.822,0.4822,47,"35-65",21,131,1584,6,21024,214,"mixta",22042,"particular","moto","gasolina","H","rojo","soltero","anual",0,1,"superior","telematico",2,4,0,3,3.663,1,4.822,1,"baja",4603.15,2301.57,1,"5","5"
2703,"28","6",6.184,0.6184,41,"35-65",20,169,2435,3,25080,64,"rural",14817,"particular","turismo","gasolina","H","rojo","casado","mensual",1,1,"basico","telematico",0,0,0,1,6.184,0,6.184,1,"baja",0,NA,0,"1","1"
2704,"28","6",5.871,0.5871,53,"35-65",34,87,1342,12,21428,62,"rural",7880,"particular","turismo","diesel","M","blanco","casado","anual",0,1,"basico","telefonico",0,3,0,2,5.871,0,5.871,1,"baja",0,NA,0,"1","1"
2705,"28","6",0.1,0.01,62,"35-65",42,92,1309,2,25079,38,"rural",11777,"particular","turismo","gasolina","M","gris","soltero","mensual",1,1,"basico","presencial",0,0,0,0,0.1,0,0.052,1,"baja",0,NA,0,"5","5"
2706,"28","6",5.583,0.5583,38,"35-65",8,123,2104,7,33793,2657,"urbana",9469,"particular","turismo","diesel","H","otro","casado","anual",0,1,"medio","presencial",1,1,0,0,4.714,1,9.602,0,"fin_estudio",7608.3,7608.3,1,"2","2"
2707,"28","6",5.809,0.5809,39,"35-65",15,145,2509,6,20898,72,"rural",13377,"particular","furgoneta","gasolina","M","otro","otro","anual",1,2,"basico","telefonico",2,2,1,5,3.503,1,5.809,1,"baja",1567.36,783.68,1,"3","3"
2708,"28","6",3.919,0.3919,47,"35-65",21,124,1649,6,11807,198,"mixta",17839,"particular","turismo","gasolina","M","rojo","casado","anual",1,1,"superior","telefonico",0,1,0,0,3.919,0,3.919,1,"baja",0,NA,0,"1","1"
2709,"28","6",3.276,0.3276,39,"35-65",8,138,2036,7,22255,99,"rural",10514,"comercial","turismo","gasolina","M","rojo","casado","mensual",0,2,"medio","presencial",0,1,0,1,3.276,0,10,0,"fin_estudio",0,NA,0,"1","1"
2710,"28","6",0.27,0.027,29,"25-35",11,125,1968,10,34260,723,"mixta",16327,"particular","moto","gasolina","H","blanco","casado","anual",0,1,"medio","presencial",0,0,0,0,0.27,0,0.27,1,"baja",0,NA,0,"2","2"
2711,"28","6",3.459,0.3459,64,"35-65",28,62,1046,7,32529,3111,"urbana",17033,"particular","turismo","diesel","M","gris","soltero","mensual",1,1,"basico","presencial",0,3,0,2,3.459,0,3.459,1,"baja",0,NA,0,"1","1"
2712,"28","6",1.936,0.1936,62,"35-65",41,105,1691,0,23520,240,"mixta",20861,"particular","turismo","gasolina","M","gris","otro","mensual",0,2,"medio","telefonico",1,1,0,0,1.733,1,10,0,"fin_estudio",3000.72,3000.72,1,"3","4"
2713,"28","6",2.449,0.2449,69,"65+",21,103,1271,14,10931,986,"mixta",17845,"particular","turismo","diesel","M","negro","soltero","anual",0,1,"superior","presencial",1,0,0,3,1.599,1,2.449,1,"baja",898.46,898.46,1,"2","1"
2714,"28","6",2.78,0.278,61,"35-65",34,114,1925,11,10292,501,"mixta",8360,"comercial","turismo","gasolina","H","rojo","soltero","anual",1,1,"superior","presencial",0,1,0,2,2.78,0,3.193,0,"fin_estudio",0,NA,0,"3","3"
2715,"28","6",5.267,0.5267,25,"18-25",3,94,1255,7,29303,347,"mixta",2346,"particular","turismo","diesel","M","rojo","soltero","mensual",1,2,"superior","presencial",0,0,0,3,5.267,0,9.682,0,"fin_estudio",0,NA,0,"1","1"
2716,"28","6",3.457,0.3457,49,"35-65",21,142,2347,8,19540,137,"rural",11061,"particular","turismo","diesel","H","negro","soltero","anual",0,1,"basico","telefonico",0,1,0,0,3.457,0,10,0,"fin_estudio",0,NA,0,"1","1"
2717,"28","6",7.699,0.7699,30,"25-35",9,142,2102,11,20888,919,"mixta",14299,"particular","turismo","diesel","M","blanco","casado","mensual",0,1,"basico","presencial",0,4,0,7,7.699,0,10,0,"fin_estudio",0,NA,0,"1","1"
2718,"28","6",1.327,0.1327,31,"25-35",10,140,2278,9,21821,239,"mixta",11643,"particular","moto","diesel","H","rojo","casado","anual",0,3,"medio","telefonico",0,0,0,1,1.327,0,10,0,"fin_estudio",0,NA,0,"2","1"
2719,"28","6",0.468,0.0468,32,"25-35",10,130,1841,3,26072,1480,"urbana",23909,"particular","turismo","gasolina","H","blanco","soltero","mensual",0,1,"medio","telefonico",0,0,0,0,0.468,0,0.468,1,"baja",0,NA,0,"1","1"
2720,"28","6",2.32,0.232,58,"35-65",36,55,873,4,15033,65,"rural",10977,"particular","turismo","diesel","M","otro","casado","mensual",1,1,"superior","telematico",0,2,0,2,2.32,0,2.32,1,"baja",0,NA,0,"3","3"
2721,"28","6",3.523,0.3523,45,"35-65",16,122,1493,12,18413,1344,"urbana",15751,"particular","moto","diesel","H","otro","casado","anual",0,1,"medio","telematico",0,3,0,1,3.523,0,10,0,"fin_estudio",0,NA,0,"1","1"
2722,"28","6",6.635,0.6635,45,"35-65",10,95,1286,13,17254,130,"rural",9311,"particular","furgoneta","diesel","M","blanco","casado","anual",0,2,"medio","presencial",3,0,0,1,2.084,1,10,0,"fin_estudio",4063.53,1354.51,1,"5","4"
2723,"28","6",1.732,0.1732,50,"35-65",18,143,1823,13,22192,376,"mixta",8709,"particular","turismo","diesel","H","negro","soltero","anual",0,1,"medio","presencial",0,0,0,1,1.732,0,10,0,"fin_estudio",0,NA,0,"2","2"
2724,"28","6",0.787,0.0787,69,"65+",49,160,2472,14,28606,820,"mixta",6615,"particular","turismo","gasolina","H","rojo","soltero","anual",1,2,"medio","telematico",0,0,0,0,0.787,0,0.787,1,"baja",0,NA,0,"2","2"
2725,"28","6",6.125,0.6125,22,"18-25",4,106,1617,6,23536,1514,"urbana",16696,"particular","turismo","gasolina","H","gris","casado","anual",0,3,"superior","presencial",4,1,0,5,1.242,1,8.493,0,"fin_estudio",17779.85,4444.96,1,"5","4"
2726,"28","6",3.715,0.3715,42,"35-65",21,112,1952,10,40762,246,"mixta",8201,"particular","turismo","gasolina","H","negro","soltero","anual",1,1,"basico","presencial",0,0,0,2,3.715,0,3.817,0,"fin_estudio",0,NA,0,"2","1"
2727,"28","6",1.408,0.1408,27,"25-35",6,120,1665,9,27036,142,"rural",22284,"particular","turismo","diesel","H","negro","casado","anual",0,1,"basico","presencial",1,0,0,0,0.216,1,10,0,"fin_estudio",919.93,919.93,1,"3","3"
2728,"28","6",4.408,0.4408,36,"35-65",18,93,1250,16,13365,235,"mixta",5961,"particular","turismo","diesel","H","negro","casado","anual",1,2,"medio","presencial",0,2,0,2,4.408,0,4.408,1,"baja",0,NA,0,"1","1"
2729,"28","6",6.891,0.6891,49,"35-65",19,97,1356,12,17005,219,"mixta",19578,"particular","turismo","diesel","H","negro","casado","anual",1,1,"basico","presencial",2,2,0,3,0.347,1,6.891,1,"baja",4906.56,2453.28,1,"4","4"
2730,"28","6",4.038,0.4038,81,"65+",44,171,2659,7,29458,159,"mixta",6420,"particular","turismo","gasolina","H","otro","soltero","anual",0,1,"superior","presencial",0,2,1,3,4.038,0,10,0,"fin_estudio",0,NA,0,"1","1"
2731,"28","6",0.575,0.0575,65,"35-65",33,174,2832,12,24821,253,"mixta",21445,"particular","turismo","gasolina","M","blanco","soltero","mensual",1,1,"superior","presencial",0,1,0,0,0.575,0,0.575,1,"baja",0,NA,0,"3","3"
2732,"28","6",4.343,0.4343,63,"35-65",28,119,1765,9,27349,155,"mixta",7112,"particular","turismo","gasolina","M","gris","casado","anual",0,1,"medio","presencial",0,1,0,1,4.343,0,5.778,0,"fin_estudio",0,NA,0,"3","3"
2733,"28","6",8.336,0.8336,35,"25-35",15,56,830,10,33646,302,"mixta",14871,"particular","furgoneta","diesel","H","negro","soltero","mensual",0,2,"medio","telefonico",0,3,0,3,8.336,0,10,0,"fin_estudio",0,NA,0,"1","1"
2734,"28","6",9.881,0.9881,42,"35-65",13,133,1797,5,24904,206,"mixta",7122,"comercial","turismo","diesel","H","negro","soltero","mensual",0,1,"basico","presencial",1,2,0,1,5.776,1,10,0,"fin_estudio",373.99,373.99,1,"1","1"
2735,"28","6",4.175,0.4175,46,"35-65",20,115,1555,16,21502,495,"mixta",14502,"particular","turismo","diesel","M","negro","casado","anual",0,2,"basico","telefonico",1,1,0,3,1.032,1,7.186,0,"fin_estudio",1413.42,1413.42,1,"4","4"
2736,"28","6",4.486,0.4486,62,"35-65",34,120,2069,9,28816,174,"mixta",12949,"particular","moto","diesel","H","blanco","soltero","anual",1,1,"basico","presencial",0,1,0,3,4.486,0,4.57,0,"fin_estudio",0,NA,0,"1","1"
2737,"28","6",3.147,0.3147,27,"25-35",8,153,1998,10,23284,173,"mixta",13663,"particular","turismo","gasolina","M","negro","casado","anual",0,3,"superior","telematico",0,3,0,1,3.147,0,3.147,1,"baja",0,NA,0,"2","2"
2738,"28","6",3.231,0.3231,32,"25-35",14,102,1421,11,23952,258,"mixta",11615,"particular","turismo","gasolina","M","negro","casado","anual",1,1,"basico","telematico",0,0,2,2,3.231,0,7.774,0,"fin_estudio",0,NA,0,"1","1"
2739,"28","6",1.291,0.1291,57,"35-65",24,127,1714,3,42675,523,"mixta",12184,"particular","turismo","diesel","M","otro","soltero","anual",0,1,"medio","telefonico",0,1,0,1,1.291,0,8.03,0,"fin_estudio",0,NA,0,"3","3"
2740,"28","6",5.044,0.5044,22,"18-25",3,124,2210,12,35867,203,"mixta",10009,"particular","furgoneta","diesel","M","negro","casado","mensual",1,2,"medio","presencial",2,0,1,2,1.2,1,5.044,1,"baja",6313.32,3156.66,1,"5","5"
2741,"28","6",2.689,0.2689,61,"35-65",33,199,2978,0,27555,145,"rural",12091,"particular","turismo","gasolina","H","blanco","casado","anual",1,1,"basico","telefonico",0,1,0,1,2.689,0,2.689,1,"baja",0,NA,0,"3","2"
2742,"28","6",8.61,0.861,53,"35-65",27,69,1006,13,1500,81,"rural",16911,"particular","turismo","diesel","H","negro","soltero","anual",0,1,"basico","presencial",0,5,0,5,8.61,0,10,0,"fin_estudio",0,NA,0,"4","3"
2743,"28","6",8.692,0.8692,78,"65+",28,117,2044,5,29547,476,"mixta",18887,"comercial","turismo","gasolina","H","blanco","casado","anual",0,2,"superior","presencial",0,5,0,3,8.692,0,10,0,"fin_estudio",0,NA,0,"1","1"
2744,"28","6",3.76,0.376,18,"18-25",0,113,1986,9,32582,256,"mixta",17606,"particular","furgoneta","diesel","H","rojo","casado","anual",0,1,"basico","telefonico",0,2,0,3,3.76,0,4.359,0,"fin_estudio",0,NA,0,"1","1"
2745,"28","6",5.888,0.5888,20,"18-25",2,108,1684,6,20912,253,"mixta",4144,"particular","turismo","gasolina","H","negro","casado","mensual",1,1,"medio","presencial",0,2,0,1,5.888,0,5.888,1,"baja",0,NA,0,"3","2"
2746,"28","6",3.659,0.3659,63,"35-65",22,129,1947,15,26934,1971,"urbana",10113,"particular","turismo","diesel","H","otro","casado","mensual",0,1,"medio","telematico",0,0,0,1,3.659,0,3.659,1,"baja",0,NA,0,"3","3"
2747,"28","6",1.292,0.1292,34,"25-35",15,153,2410,0,27375,1671,"urbana",13237,"particular","turismo","gasolina","H","otro","soltero","anual",0,1,"medio","presencial",0,0,0,0,1.292,0,6.412,0,"fin_estudio",0,NA,0,"5","4"
2748,"28","6",7.236,0.7236,41,"35-65",23,91,1302,12,22937,92,"rural",8483,"particular","furgoneta","diesel","H","rojo","soltero","anual",0,1,"basico","presencial",0,1,0,3,7.236,0,10,0,"fin_estudio",0,NA,0,"1","1"
2749,"28","6",9.548,0.9548,38,"35-65",10,108,1799,6,27767,218,"mixta",10529,"particular","turismo","diesel","M","blanco","casado","mensual",0,1,"basico","telematico",0,4,0,7,9.548,0,10,0,"fin_estudio",0,NA,0,"1","1"
2750,"28","6",6.159,0.6159,31,"25-35",9,86,1303,6,12264,767,"mixta",12848,"particular","turismo","gasolina","M","gris","casado","anual",0,1,"medio","telefonico",0,2,0,2,6.159,0,10,0,"fin_estudio",0,NA,0,"1","1"
2751,"28","6",5.033,0.5033,18,"18-25",0,96,1340,3,29791,1122,"urbana",7436,"particular","turismo","gasolina","M","rojo","casado","mensual",1,1,"medio","telefonico",1,3,1,1,4.359,1,10,0,"fin_estudio",2325.74,2325.74,1,"4","4"
2752,"28","6",2.253,0.2253,30,"25-35",8,71,1248,17,31341,535,"mixta",15050,"particular","moto","gasolina","H","otro","casado","anual",0,1,"medio","telematico",0,0,1,3,2.253,0,3.136,0,"fin_estudio",0,NA,0,"3","2"
2753,"28","6",4.16,0.416,28,"25-35",4,124,1552,5,33686,176,"mixta",19007,"comercial","turismo","gasolina","H","otro","casado","mensual",1,1,"basico","telefonico",0,3,1,3,4.16,0,4.16,1,"baja",0,NA,0,"1","1"
2754,"28","6",7.296,0.7296,68,"65+",22,59,824,11,13612,190,"mixta",10008,"particular","turismo","diesel","M","blanco","casado","mensual",0,2,"basico","telematico",1,3,0,2,7.106,1,10,0,"fin_estudio",1879.21,1879.21,1,"1","2"
2755,"28","6",1.124,0.1124,51,"35-65",23,173,2861,4,29080,188,"mixta",18088,"particular","turismo","diesel","M","gris","casado","mensual",0,1,"superior","presencial",0,2,0,2,1.124,0,1.124,1,"baja",0,NA,0,"3","3"
2756,"28","6",4.611,0.4611,53,"35-65",17,101,1323,16,18215,384,"mixta",5221,"particular","furgoneta","diesel","M","gris","soltero","anual",1,2,"basico","presencial",0,1,0,2,4.611,0,10,0,"fin_estudio",0,NA,0,"2","2"
2757,"28","6",6.043,0.6043,37,"35-65",16,126,1771,2,37219,308,"mixta",12406,"particular","moto","diesel","H","gris","casado","anual",0,1,"medio","presencial",0,3,1,2,6.043,0,10,0,"fin_estudio",0,NA,0,"1","1"
2758,"28","6",4.214,0.4214,18,"18-25",0,160,2521,8,18125,663,"mixta",12569,"particular","turismo","diesel","M","negro","casado","mensual",1,1,"medio","presencial",0,0,0,2,4.214,0,4.214,1,"baja",0,NA,0,"3","3"
2759,"28","6",1.975,0.1975,35,"25-35",10,165,2011,11,28990,157,"mixta",20149,"comercial","turismo","diesel","M","negro","soltero","anual",0,1,"medio","presencial",0,2,1,1,1.975,0,1.975,1,"baja",0,NA,0,"2","1"
2760,"28","6",7.362,0.7362,66,"65+",37,63,951,7,23383,3912,"urbana",6507,"particular","turismo","diesel","M","blanco","casado","mensual",0,1,"medio","presencial",0,4,0,4,7.362,0,7.362,1,"baja",0,NA,0,"2","2"
2761,"28","6",9.136,0.9136,22,"18-25",4,171,2315,4,39669,176,"mixta",9301,"comercial","moto","gasolina","H","negro","soltero","mensual",0,1,"basico","presencial",0,6,0,4,9.136,0,10,0,"fin_estudio",0,NA,0,"1","1"
2762,"28","6",2.318,0.2318,32,"25-35",5,80,1122,7,25283,971,"mixta",12499,"particular","turismo","gasolina","H","blanco","casado","anual",1,1,"medio","presencial",0,2,0,0,2.318,0,10,0,"fin_estudio",0,NA,0,"3","2"
2763,"28","6",1.356,0.1356,18,"18-25",0,116,1825,0,34026,55,"rural",7782,"comercial","turismo","gasolina","M","otro","casado","mensual",0,2,"medio","telefonico",0,0,0,1,1.356,0,1.356,1,"baja",0,NA,0,"4","4"
2764,"28","6",1.283,0.1283,43,"35-65",9,55,885,7,24571,336,"mixta",4396,"particular","turismo","diesel","H","rojo","soltero","anual",1,2,"superior","telematico",1,0,1,0,0.613,1,5.023,0,"fin_estudio",4025.09,4025.09,1,"5","4"
2765,"28","6",1.717,0.1717,37,"35-65",16,62,1077,12,14352,166,"mixta",19954,"comercial","furgoneta","gasolina","H","otro","casado","anual",0,1,"basico","presencial",2,0,0,0,0.22,1,1.717,1,"baja",3493.35,1746.67,1,"5","5"
2766,"29","6",3.132,0.3132,50,"35-65",22,88,1256,4,24029,35,"rural",9085,"particular","turismo","gasolina","H","negro","soltero","anual",1,1,"medio","telefonico",0,1,0,2,3.132,0,10,0,"fin_estudio",0,NA,0,"3","2"
2767,"29","6",4.722,0.4722,47,"35-65",28,120,2157,5,36169,385,"mixta",9758,"particular","moto","gasolina","M","gris","casado","anual",0,1,"basico","telefonico",0,1,0,2,4.722,0,7.739,0,"fin_estudio",0,NA,0,"2","2"
2768,"29","6",3.635,0.3635,36,"35-65",7,135,1888,8,30901,44,"rural",17273,"particular","turismo","diesel","H","negro","otro","mensual",0,1,"basico","presencial",1,1,0,0,0.454,1,3.933,0,"fin_estudio",3208.88,3208.88,1,"4","4"
2769,"29","6",2.603,0.2603,18,"18-25",0,55,800,12,20250,1095,"urbana",20749,"particular","turismo","gasolina","H","gris","casado","anual",0,1,"basico","presencial",3,0,0,0,0.36,1,10,0,"fin_estudio",5845.23,1948.41,1,"5","4"
2770,"29","6",1.253,0.1253,22,"18-25",3,112,1503,5,32971,418,"mixta",36668,"comercial","turismo","diesel","H","negro","casado","anual",0,1,"basico","presencial",1,1,0,0,0.306,1,1.253,1,"baja",601.86,601.86,1,"4","4"
2771,"29","6",3.219,0.3219,50,"35-65",31,97,1187,15,20267,70,"rural",6148,"particular","furgoneta","gasolina","H","otro","casado","anual",1,1,"medio","telematico",0,0,0,0,3.219,0,8.823,0,"fin_estudio",0,NA,0,"1","1"
2772,"29","6",1.966,0.1966,37,"35-65",15,109,1485,6,37312,2101,"urbana",4526,"particular","furgoneta","gasolina","H","negro","casado","mensual",0,2,"medio","telematico",0,0,0,1,1.966,0,1.966,1,"baja",0,NA,0,"1","1"
2773,"29","6",4.984,0.4984,45,"35-65",17,86,1428,10,10461,1710,"urbana",11942,"particular","turismo","gasolina","M","otro","soltero","mensual",0,1,"basico","presencial",2,1,1,3,0.372,1,10,0,"fin_estudio",4762.27,2381.14,1,"4","4"
2774,"29","6",0.308,0.0308,64,"35-65",37,138,2314,9,36940,3064,"urbana",5474,"particular","turismo","gasolina","M","negro","casado","anual",0,1,"medio","presencial",0,0,0,0,0.308,0,0.308,1,"baja",0,NA,0,"1","1"
2775,"29","6",4.617,0.4617,37,"35-65",18,55,875,12,16613,525,"mixta",8421,"particular","turismo","gasolina","H","rojo","casado","anual",0,1,"superior","presencial",3,0,0,0,2.046,1,10,0,"fin_estudio",2984.01,994.67,1,"5","4"
2776,"29","6",6.917,0.6917,52,"35-65",31,99,1503,6,18556,72,"rural",19070,"particular","moto","diesel","H","otro","soltero","mensual",0,1,"superior","presencial",1,2,0,2,4.397,1,10,0,"fin_estudio",1243.54,1243.54,1,"2","1"
2777,"29","6",1.866,0.1866,58,"35-65",27,114,2051,10,33162,384,"mixta",4372,"comercial","furgoneta","gasolina","M","gris","casado","mensual",0,1,"medio","telematico",0,0,0,0,1.866,0,10,0,"fin_estudio",0,NA,0,"2","2"
2778,"29","6",9.044,0.9044,52,"35-65",26,150,2420,9,32394,370,"mixta",12582,"particular","furgoneta","gasolina","H","gris","casado","anual",0,1,"medio","telefonico",0,4,0,3,9.044,0,10,0,"fin_estudio",0,NA,0,"1","1"
2779,"29","6",2.407,0.2407,46,"35-65",23,157,2621,9,34009,463,"mixta",28804,"particular","furgoneta","diesel","H","gris","otro","mensual",0,3,"basico","presencial",0,1,0,1,2.407,0,10,0,"fin_estudio",0,NA,0,"2","2"
2780,"29","6",4.671,0.4671,29,"25-35",6,100,1228,10,23445,208,"mixta",20572,"particular","turismo","gasolina","H","rojo","casado","anual",0,1,"medio","presencial",0,0,0,2,4.671,0,5.826,0,"fin_estudio",0,NA,0,"2","1"
2781,"29","6",2.446,0.2446,42,"35-65",12,111,1890,9,22693,721,"mixta",14615,"comercial","turismo","diesel","H","rojo","otro","mensual",0,1,"basico","telefonico",0,2,0,0,2.446,0,7.481,0,"fin_estudio",0,NA,0,"1","1"
2782,"29","6",7.845,0.7845,54,"35-65",35,123,1940,9,23901,495,"mixta",14027,"particular","turismo","gasolina","M","gris","soltero","anual",0,1,"basico","presencial",0,1,1,3,7.845,0,7.845,1,"baja",0,NA,0,"1","1"
2783,"29","6",1.544,0.1544,61,"35-65",28,136,1921,5,39547,52,"rural",15538,"particular","turismo","gasolina","H","gris","soltero","anual",0,3,"basico","presencial",1,0,0,2,1.356,1,5.196,0,"fin_estudio",1397.2,1397.2,1,"2","3"
2784,"29","6",2.264,0.2264,66,"65+",31,94,1185,3,16931,709,"mixta",7174,"comercial","turismo","gasolina","H","gris","otro","mensual",0,3,"superior","presencial",0,1,0,2,2.264,0,10,0,"fin_estudio",0,NA,0,"4","3"
2785,"29","6",3.148,0.3148,80,"65+",37,119,1821,6,31732,415,"mixta",16874,"particular","turismo","diesel","H","rojo","soltero","anual",1,2,"basico","presencial",0,2,0,1,3.148,0,3.148,1,"baja",0,NA,0,"4","3"
2786,"29","6",4.892,0.4892,44,"35-65",25,158,2115,7,36292,522,"mixta",31406,"particular","turismo","diesel","H","gris","soltero","mensual",0,2,"medio","presencial",5,0,0,1,0.149,1,4.892,1,"baja",27239.81,5447.96,1,"4","4"
2787,"29","6",4.203,0.4203,55,"35-65",16,95,1555,4,12417,1044,"urbana",12292,"particular","moto","diesel","H","gris","soltero","mensual",0,1,"superior","presencial",1,2,0,1,0.414,1,4.203,1,"baja",1900.33,1900.33,1,"3","3"
2788,"29","6",3.517,0.3517,48,"35-65",20,129,2095,3,23923,67,"rural",14408,"particular","turismo","diesel","H","blanco","otro","anual",0,2,"basico","telefonico",0,0,0,0,3.517,0,9.455,0,"fin_estudio",0,NA,0,"4","4"
2789,"29","6",5.756,0.5756,31,"25-35",8,115,1390,3,17412,396,"mixta",6670,"comercial","turismo","diesel","H","blanco","casado","mensual",0,2,"medio","presencial",2,2,0,1,0.57,1,5.756,1,"baja",4710.02,2355.01,1,"4","4"
2790,"29","6",1.952,0.1952,50,"35-65",17,91,1630,7,31639,944,"mixta",12382,"comercial","turismo","diesel","M","blanco","casado","mensual",0,1,"basico","telefonico",1,0,0,1,0.87,1,2.479,0,"fin_estudio",789.2,789.2,1,"2","2"
2791,"29","6",2.225,0.2225,31,"25-35",8,191,2474,11,36317,88,"rural",18201,"particular","turismo","diesel","H","otro","soltero","anual",0,1,"superior","telefonico",0,2,0,2,2.225,0,2.507,0,"fin_estudio",0,NA,0,"2","2"
2792,"29","6",5.006,0.5006,23,"18-25",3,120,1750,6,29244,223,"mixta",13723,"comercial","turismo","gasolina","M","blanco","casado","mensual",0,2,"superior","telefonico",0,2,0,3,5.006,0,5.477,0,"fin_estudio",0,NA,0,"1","1"
2793,"29","6",3.408,0.3408,68,"65+",21,148,2412,0,24499,338,"mixta",10030,"particular","furgoneta","gasolina","M","gris","casado","anual",0,1,"basico","telematico",1,2,0,0,1.144,1,4.932,0,"fin_estudio",2785.68,2785.68,1,"4","4"
2794,"29","6",4.057,0.4057,49,"35-65",19,56,973,12,23456,815,"mixta",5649,"particular","turismo","diesel","M","negro","soltero","anual",0,2,"medio","presencial",1,1,0,0,1.518,1,10,0,"fin_estudio",2615.32,2615.32,1,"4","3"
2795,"29","6",5.836,0.5836,72,"65+",33,99,1487,2,36741,383,"mixta",5444,"comercial","turismo","diesel","M","blanco","soltero","mensual",0,2,"medio","presencial",0,4,0,0,5.836,0,10,0,"fin_estudio",0,NA,0,"1","1"
2796,"29","6",7.51,0.751,37,"35-65",15,140,1900,4,42260,401,"mixta",9382,"particular","turismo","diesel","M","gris","casado","anual",1,2,"basico","telefonico",0,1,1,3,7.51,0,7.51,1,"baja",0,NA,0,"2","1"
2797,"29","6",5.595,0.5595,59,"35-65",32,120,2120,9,20484,364,"mixta",12434,"particular","turismo","diesel","H","gris","casado","anual",0,2,"basico","presencial",0,1,2,3,5.595,0,10,0,"fin_estudio",0,NA,0,"1","1"
2798,"29","6",1.762,0.1762,50,"35-65",25,55,966,4,23827,423,"mixta",16315,"particular","turismo","gasolina","H","blanco","otro","anual",1,2,"basico","presencial",0,1,0,1,1.762,0,4.355,0,"fin_estudio",0,NA,0,"3","2"
2799,"29","6",9.537,0.9537,57,"35-65",23,111,1471,9,23598,2174,"urbana",18079,"particular","moto","diesel","M","gris","soltero","anual",1,1,"medio","presencial",10,6,0,1,1.677,1,10,0,"fin_estudio",23219.78,2321.98,1,"5","5"
2800,"29","6",1.987,0.1987,35,"25-35",10,98,1506,8,13816,272,"mixta",16078,"particular","turismo","diesel","H","otro","casado","anual",1,1,"basico","telematico",1,2,0,0,1.759,1,1.987,1,"baja",487.95,487.95,1,"1","2"
2801,"29","6",7.455,0.7455,45,"35-65",13,108,1820,10,11167,2623,"urbana",5152,"particular","turismo","gasolina","M","negro","otro","anual",0,1,"medio","telematico",1,0,0,1,3.467,1,7.455,1,"baja",1057.1,1057.1,1,"4","4"
2802,"29","6",4.228,0.4228,60,"35-65",17,157,2118,5,39582,557,"mixta",15747,"particular","turismo","gasolina","M","gris","casado","anual",0,1,"medio","telefonico",1,0,0,1,3.654,1,6.478,0,"fin_estudio",2554.75,2554.75,1,"2","2"
2803,"29","6",2.37,0.237,29,"25-35",10,93,1625,1,14142,61,"rural",7150,"particular","furgoneta","gasolina","M","blanco","casado","anual",1,1,"medio","presencial",1,2,0,0,2.011,1,10,0,"fin_estudio",538.23,538.23,1,"1","2"
2804,"29","6",5.304,0.5304,31,"25-35",11,107,1583,6,27646,472,"mixta",25332,"particular","moto","diesel","H","negro","casado","mensual",0,1,"medio","telefonico",3,1,0,0,1.818,1,5.304,1,"baja",5308.33,1769.44,1,"5","4"
2805,"29","6",1.802,0.1802,63,"35-65",37,91,1613,0,19596,878,"mixta",30582,"particular","turismo","gasolina","M","blanco","casado","mensual",1,1,"medio","presencial",2,1,0,0,0.749,1,10,0,"fin_estudio",5163.35,2581.68,1,"3","4"
2806,"29","6",2.795,0.2795,46,"35-65",27,131,2044,9,13749,102,"rural",13679,"particular","turismo","diesel","M","negro","casado","mensual",0,1,"medio","presencial",0,1,0,1,2.795,0,4.195,0,"fin_estudio",0,NA,0,"2","1"
2807,"29","6",7.737,0.7737,74,"65+",26,107,1896,5,21173,362,"mixta",15875,"particular","turismo","diesel","M","negro","soltero","mensual",1,1,"medio","presencial",0,6,1,4,7.737,0,8.493,0,"fin_estudio",0,NA,0,"1","1"
2808,"29","6",5.321,0.5321,43,"35-65",19,88,1128,6,20091,347,"mixta",8812,"particular","turismo","gasolina","M","gris","casado","mensual",0,1,"basico","telefonico",1,3,2,1,4.037,1,10,0,"fin_estudio",376.83,376.83,1,"4","4"
2809,"29","6",2.082,0.2082,45,"35-65",26,73,993,18,20167,477,"mixta",13249,"particular","turismo","gasolina","M","otro","casado","anual",1,1,"basico","presencial",1,0,0,0,1.742,1,2.082,1,"baja",864.17,864.17,1,"2","1"
2810,"29","6",4.969,0.4969,59,"35-65",27,114,2029,9,33171,1205,"urbana",12790,"particular","turismo","diesel","H","gris","soltero","mensual",0,2,"medio","telematico",0,2,0,0,4.969,0,10,0,"fin_estudio",0,NA,0,"1","1"
2811,"29","6",2.385,0.2385,42,"35-65",17,79,1042,1,26117,228,"mixta",6483,"particular","turismo","diesel","M","gris","casado","mensual",1,3,"basico","presencial",0,0,0,1,2.385,0,2.385,1,"baja",0,NA,0,"3","3"
2812,"29","6",2.193,0.2193,19,"18-25",1,78,1154,7,27930,101,"rural",8357,"particular","turismo","diesel","H","blanco","casado","anual",1,1,"basico","presencial",0,1,0,0,2.193,0,2.193,1,"baja",0,NA,0,"5","5"
2813,"29","6",3.767,0.3767,38,"35-65",16,128,1950,11,29898,310,"mixta",12681,"particular","moto","diesel","H","rojo","soltero","anual",0,2,"superior","presencial",0,1,0,1,3.767,0,3.767,1,"baja",0,NA,0,"3","2"
2814,"29","6",3.061,0.3061,33,"25-35",13,139,1859,15,24575,763,"mixta",8242,"particular","turismo","gasolina","M","gris","casado","mensual",0,2,"medio","telefonico",0,0,2,3,3.061,0,3.061,1,"baja",0,NA,0,"1","1"
2815,"29","6",4.062,0.4062,35,"25-35",16,93,1387,12,27258,230,"mixta",17200,"particular","furgoneta","diesel","M","otro","soltero","anual",1,2,"basico","presencial",0,5,0,0,4.062,0,4.387,0,"fin_estudio",0,NA,0,"1","1"
2816,"29","6",7.937,0.7937,55,"35-65",33,139,2315,7,16393,248,"mixta",10675,"particular","turismo","diesel","H","gris","otro","mensual",0,1,"basico","telefonico",4,1,0,1,1.222,1,10,0,"fin_estudio",4801.48,1200.37,1,"5","5"
2817,"29","6",6.11,0.611,52,"35-65",24,125,1891,6,22101,619,"mixta",27639,"particular","turismo","diesel","M","negro","soltero","anual",1,2,"basico","presencial",1,2,0,5,3.747,1,10,0,"fin_estudio",1400.68,1400.68,1,"2","2"
2818,"29","6",3.581,0.3581,25,"18-25",4,105,1681,13,16066,81,"rural",17258,"particular","turismo","diesel","M","otro","soltero","anual",1,1,"medio","presencial",0,4,0,0,3.581,0,3.581,1,"baja",0,NA,0,"1","1"
2819,"29","6",4.57,0.457,37,"35-65",7,73,1085,6,10977,489,"mixta",12179,"particular","turismo","gasolina","M","otro","soltero","mensual",0,1,"basico","telefonico",1,1,0,0,0.5,1,6.72,0,"fin_estudio",714.1,714.1,1,"4","4"
2820,"29","6",6.325,0.6325,42,"35-65",23,55,800,8,25084,724,"mixta",9303,"particular","turismo","diesel","H","rojo","soltero","anual",0,1,"medio","telefonico",1,2,0,2,5.593,1,6.924,0,"fin_estudio",4307.13,4307.13,1,"5","5"
2821,"29","6",7.6,0.76,45,"35-65",14,154,1937,9,32674,1230,"urbana",13246,"particular","turismo","gasolina","H","otro","casado","mensual",1,1,"basico","telefonico",0,0,2,5,7.6,0,8.439,0,"fin_estudio",0,NA,0,"1","1"
2822,"29","6",5.281,0.5281,70,"65+",32,177,2466,8,37805,109,"rural",23443,"particular","turismo","gasolina","H","blanco","soltero","anual",1,1,"basico","telefonico",1,2,1,2,3.349,1,5.281,1,"baja",4302.17,4302.17,1,"3","2"
2823,"29","6",4.209,0.4209,32,"25-35",7,60,982,9,23279,95,"rural",10714,"comercial","furgoneta","diesel","H","blanco","otro","mensual",0,1,"superior","presencial",1,6,1,3,0.127,1,10,0,"fin_estudio",4956.1,4956.1,1,"2","1"
2824,"29","6",4.648,0.4648,40,"35-65",15,120,2149,8,30452,1475,"urbana",7691,"particular","turismo","gasolina","M","otro","casado","anual",1,1,"superior","presencial",0,1,1,0,4.648,0,9.69,0,"fin_estudio",0,NA,0,"1","1"
2825,"29","6",2.513,0.2513,18,"18-25",0,157,2050,1,16382,16,"rural",8549,"particular","moto","gasolina","H","negro","soltero","anual",0,1,"medio","telefonico",0,0,0,0,2.513,0,6.928,0,"fin_estudio",0,NA,0,"1","1"
2826,"29","6",2.178,0.2178,36,"35-65",15,126,1921,8,23414,12,"rural",16818,"particular","turismo","gasolina","M","otro","soltero","anual",0,1,"basico","presencial",0,0,0,0,2.178,0,2.178,1,"baja",0,NA,0,"1","1"
2827,"29","6",1.643,0.1643,55,"35-65",24,85,1077,6,31533,134,"rural",12582,"particular","furgoneta","gasolina","H","blanco","soltero","mensual",1,1,"superior","presencial",0,0,0,2,1.643,0,1.643,1,"baja",0,NA,0,"2","1"
2828,"29","6",6.227,0.6227,60,"35-65",22,136,1719,2,32673,395,"mixta",3706,"particular","turismo","diesel","M","rojo","casado","anual",0,1,"basico","telematico",0,1,0,2,6.227,0,6.227,1,"baja",0,NA,0,"1","1"
2829,"29","6",4.506,0.4506,63,"35-65",31,106,1535,6,8958,356,"mixta",5322,"comercial","furgoneta","gasolina","M","otro","casado","anual",0,1,"superior","presencial",2,1,1,2,2.648,1,10,0,"fin_estudio",1131.35,565.68,1,"3","3"
2830,"29","6",4.923,0.4923,51,"35-65",31,75,991,12,28572,218,"mixta",14351,"particular","moto","gasolina","H","negro","soltero","mensual",0,1,"medio","telefonico",2,3,0,1,1.366,1,10,0,"fin_estudio",4736.8,2368.4,1,"3","2"
2831,"29","6",0.147,0.0147,39,"35-65",17,124,1903,8,27254,472,"mixta",5703,"particular","turismo","gasolina","H","gris","otro","mensual",0,2,"medio","presencial",0,0,0,0,0.147,0,0.147,1,"baja",0,NA,0,"3","3"
2832,"29","6",1.768,0.1768,52,"35-65",32,55,813,15,24033,263,"mixta",9649,"particular","moto","gasolina","H","rojo","casado","mensual",0,1,"medio","presencial",0,1,0,1,1.768,0,5.071,0,"fin_estudio",0,NA,0,"1","1"
2833,"29","6",3.834,0.3834,43,"35-65",14,113,1912,7,27704,318,"mixta",13568,"particular","moto","diesel","H","blanco","soltero","anual",0,1,"basico","presencial",0,3,0,1,3.834,0,10,0,"fin_estudio",0,NA,0,"4","4"
2834,"29","6",1.294,0.1294,25,"18-25",7,98,1410,8,17322,222,"mixta",6690,"particular","turismo","gasolina","H","blanco","soltero","mensual",1,1,"superior","presencial",0,1,0,0,1.294,0,8.628,0,"fin_estudio",0,NA,0,"2","1"
2835,"29","6",5.74,0.574,20,"18-25",2,148,2434,5,31161,567,"mixta",10618,"particular","moto","diesel","M","blanco","casado","anual",0,1,"basico","presencial",0,1,0,0,5.74,0,5.74,1,"baja",0,NA,0,"1","1"
2836,"29","6",2.071,0.2071,52,"35-65",26,129,1971,17,28450,237,"mixta",16678,"particular","turismo","diesel","M","negro","soltero","anual",0,1,"medio","presencial",0,0,0,2,2.071,0,7.043,0,"fin_estudio",0,NA,0,"1","1"
2837,"29","6",3.922,0.3922,21,"18-25",1,94,1385,12,16665,146,"rural",5703,"particular","turismo","diesel","H","gris","casado","mensual",0,1,"basico","telefonico",0,5,0,1,3.922,0,3.922,1,"baja",0,NA,0,"3","2"
2838,"29","6",6.714,0.6714,37,"35-65",12,55,852,0,33947,3807,"urbana",8403,"particular","turismo","gasolina","M","negro","soltero","anual",0,1,"medio","presencial",0,0,0,1,6.714,0,8.129,0,"fin_estudio",0,NA,0,"1","1"
2839,"29","6",7.108,0.7108,56,"35-65",18,101,1800,16,20745,233,"mixta",5720,"particular","turismo","diesel","H","rojo","casado","mensual",0,1,"medio","telefonico",0,0,0,0,7.108,0,10,0,"fin_estudio",0,NA,0,"1","1"
2840,"29","6",3.95,0.395,47,"35-65",16,171,2943,0,36879,139,"rural",12552,"particular","turismo","diesel","H","negro","otro","anual",1,1,"medio","presencial",1,0,1,1,0.414,1,3.95,1,"baja",3591.55,3591.55,1,"4","4"
2841,"29","6",1.51,0.151,52,"35-65",34,154,2054,3,36116,479,"mixta",13196,"particular","turismo","diesel","H","rojo","casado","mensual",0,2,"basico","telematico",1,0,0,1,0.539,1,2.871,0,"fin_estudio",1246.95,1246.95,1,"2","2"
2842,"29","6",9.107,0.9107,39,"35-65",14,156,2781,10,18777,1353,"urbana",12440,"particular","turismo","diesel","M","otro","soltero","anual",0,1,"superior","presencial",6,7,0,4,2.383,1,10,0,"fin_estudio",14399.02,2399.84,1,"4","4"
2843,"29","6",2.583,0.2583,18,"18-25",0,109,1934,8,17010,877,"mixta",10594,"particular","turismo","diesel","M","gris","casado","anual",0,1,"basico","presencial",0,0,0,0,2.583,0,2.583,1,"baja",0,NA,0,"1","1"
2844,"29","6",4.721,0.4721,33,"25-35",13,139,2122,3,42051,53,"rural",11011,"particular","turismo","gasolina","M","blanco","soltero","anual",1,2,"superior","telefonico",0,2,0,3,4.721,0,4.721,1,"baja",0,NA,0,"1","1"
2845,"29","6",2.518,0.2518,34,"25-35",13,108,1393,8,26974,616,"mixta",11705,"particular","turismo","diesel","M","rojo","soltero","anual",0,1,"superior","presencial",2,0,0,1,1.046,1,6.871,0,"fin_estudio",3659.81,1829.9,1,"5","5"
2846,"29","6",3.883,0.3883,33,"25-35",9,65,1052,12,34500,8606,"urbana",23051,"particular","turismo","diesel","H","gris","casado","anual",1,1,"basico","telematico",1,1,0,0,1.274,1,7.931,0,"fin_estudio",3464.57,3464.57,1,"4","4"
2847,"29","6",1.475,0.1475,56,"35-65",22,133,1732,6,21810,88,"rural",29484,"particular","moto","diesel","H","negro","soltero","mensual",0,3,"basico","presencial",0,0,0,0,1.475,0,7.303,0,"fin_estudio",0,NA,0,"1","1"
2848,"29","6",4.392,0.4392,42,"35-65",21,134,1813,9,28935,366,"mixta",10483,"particular","furgoneta","diesel","H","otro","soltero","anual",0,1,"basico","telefonico",0,4,0,3,4.392,0,10,0,"fin_estudio",0,NA,0,"1","1"
2849,"29","6",1.304,0.1304,43,"35-65",24,60,855,10,17823,165,"mixta",23616,"particular","turismo","gasolina","M","negro","soltero","mensual",1,1,"basico","presencial",0,1,0,0,1.304,0,1.304,1,"baja",0,NA,0,"3","3"
2850,"29","6",4.892,0.4892,47,"35-65",26,173,2096,10,28370,341,"mixta",11772,"particular","turismo","diesel","M","negro","casado","anual",1,3,"medio","telematico",1,3,0,0,1.023,1,8.822,0,"fin_estudio",853.5,853.5,1,"3","2"
2851,"29","6",1.075,0.1075,49,"35-65",27,55,901,6,10500,714,"mixta",11242,"particular","turismo","diesel","H","otro","casado","mensual",0,1,"superior","presencial",0,0,0,0,1.075,0,1.075,1,"baja",0,NA,0,"1","1"
2852,"29","6",6.852,0.6852,43,"35-65",14,142,2433,11,32662,107,"rural",30594,"particular","turismo","gasolina","H","negro","casado","anual",0,2,"medio","telematico",0,0,2,3,6.852,0,10,0,"fin_estudio",0,NA,0,"1","1"
2853,"29","6",1.55,0.155,36,"35-65",10,55,844,10,25477,452,"mixta",16336,"particular","turismo","diesel","M","blanco","soltero","anual",0,1,"basico","presencial",0,0,0,1,1.55,0,1.55,1,"baja",0,NA,0,"3","2"
2854,"29","6",0.619,0.0619,18,"18-25",0,85,1284,7,20033,314,"mixta",21419,"particular","turismo","gasolina","M","blanco","casado","mensual",0,1,"superior","telematico",0,0,0,0,0.619,0,0.619,1,"baja",0,NA,0,"3","3"
2855,"29","6",4.523,0.4523,37,"35-65",11,84,1487,9,13620,708,"mixta",5886,"particular","furgoneta","gasolina","H","negro","casado","anual",0,1,"basico","presencial",0,1,0,0,4.523,0,8.137,0,"fin_estudio",0,NA,0,"3","3"
2856,"29","6",3.284,0.3284,32,"25-35",10,151,2350,0,22789,75,"rural",10350,"comercial","turismo","diesel","H","rojo","otro","anual",1,1,"basico","presencial",1,0,0,0,2.331,1,3.284,1,"baja",2050.82,2050.82,1,"4","4"
2857,"29","6",1.467,0.1467,42,"35-65",22,79,1413,4,34303,511,"mixta",12645,"particular","turismo","diesel","M","otro","soltero","anual",1,1,"medio","presencial",0,0,0,0,1.467,0,5.133,0,"fin_estudio",0,NA,0,"1","1"
2858,"29","6",2.602,0.2602,42,"35-65",15,122,1499,3,20894,206,"mixta",11893,"particular","turismo","gasolina","M","otro","soltero","anual",0,2,"medio","telefonico",0,0,0,0,2.602,0,2.602,1,"baja",0,NA,0,"4","4"
2859,"29","6",7.529,0.7529,66,"65+",37,123,1942,9,18019,279,"mixta",10666,"comercial","turismo","diesel","H","blanco","soltero","anual",0,1,"medio","presencial",0,1,3,1,7.529,0,10,0,"fin_estudio",0,NA,0,"1","1"
2860,"29","6",2.812,0.2812,35,"25-35",10,105,1467,12,29568,1882,"urbana",22677,"particular","turismo","diesel","M","negro","soltero","anual",1,1,"medio","presencial",2,2,0,3,2.259,1,10,0,"fin_estudio",7651.27,3825.64,1,"1","3"
2861,"29","6",1.67,0.167,53,"35-65",19,138,2108,13,23193,207,"mixta",9561,"comercial","turismo","diesel","M","otro","casado","mensual",0,2,"basico","presencial",0,0,0,0,1.67,0,1.67,1,"baja",0,NA,0,"2","2"
2862,"29","6",4.489,0.4489,18,"18-25",0,101,1600,7,22583,42,"rural",8267,"particular","turismo","gasolina","M","blanco","casado","mensual",1,1,"superior","presencial",0,3,0,1,4.489,0,10,0,"fin_estudio",0,NA,0,"1","1"
2863,"29","6",6.613,0.6613,58,"35-65",23,94,1262,3,21242,265,"mixta",23752,"comercial","turismo","diesel","M","negro","soltero","anual",0,1,"medio","telematico",1,1,0,1,6.56,1,6.613,1,"baja",1063.79,1063.79,1,"3","4"
2864,"29","6",4.208,0.4208,55,"35-65",22,116,2053,4,20618,709,"mixta",8566,"comercial","turismo","gasolina","M","negro","casado","anual",0,1,"superior","presencial",1,4,0,3,0.204,1,4.208,1,"baja",2962.33,2962.33,1,"3","2"
2865,"29","6",0.559,0.0559,24,"18-25",4,62,877,6,19101,1477,"urbana",17951,"comercial","turismo","gasolina","M","negro","casado","anual",1,1,"medio","presencial",0,0,0,0,0.559,0,0.559,1,"baja",0,NA,0,"5","5"
2866,"29","6",8.939,0.8939,62,"35-65",35,111,1774,8,35187,132,"rural",19899,"particular","turismo","diesel","H","negro","otro","anual",0,1,"medio","telefonico",0,3,0,1,8.939,0,10,0,"fin_estudio",0,NA,0,"1","1"
2867,"29","6",0.966,0.0966,50,"35-65",20,145,2276,0,21548,1057,"urbana",7756,"comercial","turismo","diesel","M","blanco","casado","mensual",1,1,"basico","presencial",0,0,0,0,0.966,0,0.966,1,"baja",0,NA,0,"3","3"
2868,"29","6",5.526,0.5526,32,"25-35",11,77,1366,13,15897,301,"mixta",12694,"particular","moto","diesel","H","otro","casado","anual",1,1,"medio","telematico",2,3,0,1,1.005,1,10,0,"fin_estudio",3221.41,1610.7,1,"3","3"
2869,"29","6",2.637,0.2637,33,"25-35",6,72,1249,0,25048,140,"rural",7907,"comercial","turismo","gasolina","H","gris","casado","anual",0,2,"basico","telematico",0,0,0,1,2.637,0,2.637,1,"baja",0,NA,0,"3","3"
2870,"30","6",2.54,0.254,53,"35-65",34,121,2029,15,24223,656,"mixta",8733,"particular","moto","gasolina","H","negro","soltero","mensual",0,2,"medio","presencial",0,0,0,0,2.54,0,2.54,1,"baja",0,NA,0,"3","3"
2871,"30","6",4.322,0.4322,25,"18-25",4,132,2112,1,33950,138,"rural",11927,"particular","turismo","diesel","H","negro","casado","anual",0,1,"medio","presencial",0,3,0,2,4.322,0,6.377,0,"fin_estudio",0,NA,0,"1","1"
2872,"30","6",5.4,0.54,48,"35-65",18,143,2230,3,13673,305,"mixta",14503,"particular","moto","gasolina","H","rojo","soltero","anual",0,2,"basico","presencial",2,0,0,1,1.254,1,8.889,0,"fin_estudio",6777.41,3388.7,1,"2","1"
2873,"30","6",4.751,0.4751,37,"35-65",14,138,1709,0,26459,49,"rural",14684,"particular","turismo","diesel","M","gris","soltero","anual",0,2,"medio","telefonico",1,0,0,0,1.775,1,4.751,1,"baja",3015.48,3015.48,1,"1","1"
2874,"30","6",0.522,0.0522,43,"35-65",24,172,2808,5,13654,589,"mixta",9313,"particular","turismo","diesel","M","otro","casado","anual",0,2,"superior","telefonico",0,0,0,0,0.522,0,0.522,1,"baja",0,NA,0,"4","4"
2875,"30","6",0.963,0.0963,59,"35-65",33,76,1037,10,18997,430,"mixta",11123,"particular","moto","gasolina","H","rojo","soltero","mensual",1,1,"basico","telefonico",0,0,0,0,0.963,0,0.963,1,"baja",0,NA,0,"4","4"
2876,"30","6",7.639,0.7639,30,"25-35",7,161,2631,10,18144,51,"rural",9103,"comercial","turismo","diesel","H","gris","soltero","mensual",0,1,"superior","presencial",1,0,0,0,6.67,1,7.639,1,"baja",4688.07,4688.07,1,"3","3"
2877,"30","6",1.406,0.1406,35,"25-35",13,74,1066,13,30492,122,"rural",11624,"particular","turismo","gasolina","H","otro","casado","mensual",0,1,"basico","telefonico",1,1,0,0,0.624,1,1.406,1,"baja",2707.22,2707.22,1,"5","5"
2878,"30","6",4.569,0.4569,37,"35-65",11,64,832,3,35767,208,"mixta",9999,"particular","turismo","gasolina","M","negro","soltero","mensual",0,1,"basico","telematico",2,0,0,0,1.244,1,10,0,"fin_estudio",6073.92,3036.96,1,"3","3"
2879,"30","6",2.472,0.2472,33,"25-35",11,207,2789,5,13873,143,"rural",12724,"particular","turismo","diesel","H","rojo","soltero","mensual",0,2,"basico","presencial",1,1,1,0,0.894,1,2.472,1,"baja",444.66,444.66,1,"3","3"
2880,"30","6",1.451,0.1451,47,"35-65",10,181,2215,3,22960,328,"mixta",23322,"particular","turismo","gasolina","M","gris","casado","anual",0,1,"medio","telefonico",0,0,0,1,1.451,0,1.451,1,"baja",0,NA,0,"1","1"
2881,"30","6",3.125,0.3125,72,"65+",26,96,1656,7,25999,5250,"urbana",16982,"particular","furgoneta","gasolina","M","gris","casado","mensual",0,2,"basico","presencial",1,1,0,0,0.106,1,3.125,1,"baja",1742.32,1742.32,1,"5","4"
2882,"30","6",3.904,0.3904,41,"35-65",22,139,1795,13,24526,1044,"urbana",11042,"particular","turismo","diesel","H","blanco","soltero","mensual",0,1,"basico","telematico",1,2,1,0,3.555,1,10,0,"fin_estudio",3663.6,3663.6,1,"3","4"
2883,"30","6",1.919,0.1919,58,"35-65",21,95,1616,10,30516,368,"mixta",32328,"particular","moto","diesel","H","otro","soltero","anual",1,1,"superior","telefonico",5,2,0,0,0.032,1,1.919,1,"baja",29497.36,5899.47,1,"5","5"
2884,"30","6",6.786,0.6786,45,"35-65",25,156,2649,17,44798,159,"mixta",11695,"comercial","turismo","diesel","M","negro","soltero","mensual",1,2,"medio","telefonico",2,1,0,0,1.596,1,6.786,1,"baja",5457.26,2728.63,1,"4","5"
2885,"30","6",1.467,0.1467,28,"25-35",7,188,2776,7,28617,359,"mixta",23597,"particular","turismo","diesel","H","blanco","casado","mensual",0,1,"basico","presencial",0,1,1,0,1.467,0,5.842,0,"fin_estudio",0,NA,0,"4","4"
2886,"30","6",1.782,0.1782,51,"35-65",25,156,2583,11,28090,71,"rural",11472,"particular","turismo","gasolina","H","otro","casado","mensual",1,1,"basico","presencial",0,1,0,0,1.782,0,9.099,0,"fin_estudio",0,NA,0,"3","2"
2887,"30","6",1.802,0.1802,48,"35-65",15,138,1795,10,24092,133,"rural",13365,"particular","turismo","gasolina","H","rojo","soltero","anual",0,2,"medio","telefonico",0,1,0,0,1.802,0,10,0,"fin_estudio",0,NA,0,"2","1"
2888,"30","6",2.139,0.2139,46,"35-65",24,110,1512,3,4694,160,"mixta",20438,"comercial","turismo","gasolina","M","blanco","otro","mensual",0,1,"medio","presencial",0,0,0,0,2.139,0,3.934,0,"fin_estudio",0,NA,0,"1","1"
2889,"30","6",2.886,0.2886,50,"35-65",11,123,2118,9,22905,1099,"urbana",18768,"particular","turismo","diesel","H","blanco","soltero","mensual",0,1,"basico","presencial",2,0,0,1,1.546,1,2.886,1,"baja",2555.25,1277.62,1,"4","5"
2890,"30","6",3.261,0.3261,56,"35-65",21,135,1901,10,18503,797,"mixta",11333,"particular","turismo","diesel","M","rojo","casado","anual",0,1,"medio","presencial",0,1,0,0,3.261,0,5.003,0,"fin_estudio",0,NA,0,"4","4"
2891,"30","6",4.584,0.4584,42,"35-65",15,75,1080,14,28443,656,"mixta",26608,"comercial","furgoneta","gasolina","H","blanco","soltero","mensual",1,1,"medio","telefonico",0,2,0,0,4.584,0,10,0,"fin_estudio",0,NA,0,"1","1"
2892,"30","6",6.722,0.6722,58,"35-65",39,108,1634,4,26673,1117,"urbana",4804,"particular","turismo","diesel","H","rojo","otro","mensual",0,1,"superior","presencial",3,1,1,3,1.598,1,9.181,0,"fin_estudio",4059.65,1353.22,1,"4","4"
2893,"30","6",3.635,0.3635,52,"35-65",29,77,1257,12,22017,1442,"urbana",10680,"particular","furgoneta","diesel","M","gris","otro","mensual",1,1,"superior","presencial",0,1,0,0,3.635,0,4.414,0,"fin_estudio",0,NA,0,"1","1"
2894,"30","6",6.25,0.625,31,"25-35",11,93,1517,10,28655,383,"mixta",5989,"particular","turismo","gasolina","H","rojo","casado","mensual",0,2,"medio","presencial",2,1,0,0,3.603,1,10,0,"fin_estudio",4486.78,2243.39,1,"3","3"
2895,"30","6",5.21,0.521,52,"35-65",24,73,1101,10,27192,436,"mixta",14985,"particular","turismo","gasolina","M","blanco","casado","mensual",1,1,"medio","presencial",0,0,0,0,5.21,0,5.21,1,"baja",0,NA,0,"1","1"
2896,"30","6",2.737,0.2737,22,"18-25",2,146,2291,6,41037,278,"mixta",13148,"particular","turismo","gasolina","M","rojo","soltero","mensual",1,1,"medio","telefonico",0,2,0,0,2.737,0,2.737,1,"baja",0,NA,0,"5","5"
2897,"30","6",6.571,0.6571,42,"35-65",23,127,2012,8,24854,441,"mixta",14821,"particular","turismo","diesel","H","rojo","casado","mensual",1,1,"medio","presencial",0,4,0,1,6.571,0,8.674,0,"fin_estudio",0,NA,0,"1","1"
2898,"30","6",1.375,0.1375,43,"35-65",17,111,1612,8,31414,309,"mixta",21385,"particular","turismo","diesel","H","negro","soltero","mensual",1,1,"basico","presencial",0,0,0,0,1.375,0,1.375,1,"baja",0,NA,0,"2","2"
2899,"30","6",5.116,0.5116,45,"35-65",16,155,2038,8,33085,467,"mixta",19731,"particular","moto","gasolina","H","otro","casado","anual",0,3,"medio","telematico",1,1,0,0,4.556,1,8.685,0,"fin_estudio",8821.61,8821.61,1,"2","2"
2900,"30","6",7.616,0.7616,63,"35-65",43,138,1971,9,20500,441,"mixta",4769,"particular","turismo","diesel","H","gris","soltero","mensual",0,1,"superior","presencial",0,1,1,1,7.616,0,9.647,0,"fin_estudio",0,NA,0,"1","1"
2901,"30","6",1.7,0.17,51,"35-65",17,140,1840,12,23224,198,"mixta",11989,"particular","moto","diesel","M","rojo","casado","mensual",0,1,"superior","presencial",0,0,1,0,1.7,0,10,0,"fin_estudio",0,NA,0,"2","2"
2902,"30","6",0.939,0.0939,50,"35-65",18,87,1378,9,26675,479,"mixta",9107,"comercial","turismo","gasolina","H","gris","otro","anual",0,1,"superior","telefonico",0,0,0,0,0.939,0,0.939,1,"baja",0,NA,0,"2","2"
2903,"30","6",2.527,0.2527,33,"25-35",8,188,2370,11,24310,939,"mixta",7036,"particular","turismo","diesel","H","blanco","casado","mensual",0,2,"medio","telematico",0,1,1,1,2.527,0,2.527,1,"baja",0,NA,0,"1","1"
2904,"30","6",0.655,0.0655,49,"35-65",23,103,1456,15,26369,165,"mixta",16599,"particular","furgoneta","gasolina","M","rojo","casado","anual",0,2,"medio","presencial",0,0,0,0,0.655,0,0.655,1,"baja",0,NA,0,"4","4"
2905,"30","6",3.113,0.3113,47,"35-65",10,131,1909,0,20043,547,"mixta",11511,"comercial","turismo","diesel","M","gris","otro","anual",1,3,"medio","presencial",0,1,0,0,3.113,0,3.113,1,"baja",0,NA,0,"2","2"
2906,"30","6",3.759,0.3759,44,"35-65",10,141,2386,12,26112,2233,"urbana",11858,"particular","moto","diesel","M","blanco","casado","anual",1,1,"medio","presencial",1,1,0,0,1.454,1,3.759,1,"baja",13217.39,13217.39,1,"4","3"
2907,"30","6",4.437,0.4437,59,"35-65",18,63,800,9,29910,88,"rural",12398,"particular","furgoneta","diesel","H","rojo","casado","anual",0,2,"superior","presencial",1,0,0,0,1.208,1,10,0,"fin_estudio",1125.64,1125.64,1,"4","4"
2908,"30","6",2.974,0.2974,42,"35-65",21,95,1260,0,29519,1143,"urbana",16261,"particular","turismo","diesel","H","negro","soltero","anual",1,2,"basico","presencial",2,1,0,1,1.115,1,6.845,0,"fin_estudio",7868.27,3934.13,1,"3","2"
2909,"30","6",3.667,0.3667,25,"18-25",3,113,1938,10,29775,358,"mixta",6711,"particular","turismo","gasolina","M","otro","casado","mensual",1,1,"superior","presencial",0,1,0,1,3.667,0,6.518,0,"fin_estudio",0,NA,0,"1","1"
2910,"30","6",1.13,0.113,76,"65+",29,116,1914,13,30078,661,"mixta",5756,"particular","turismo","gasolina","M","otro","soltero","anual",1,1,"superior","presencial",0,0,0,0,1.13,0,1.417,0,"fin_estudio",0,NA,0,"1","1"
2911,"30","6",2.717,0.2717,59,"35-65",22,109,1792,7,21636,146,"rural",12745,"comercial","moto","diesel","H","negro","casado","mensual",1,1,"superior","presencial",1,4,0,0,0.494,1,3.372,0,"fin_estudio",1576.09,1576.09,1,"3","2"
2912,"30","6",3.651,0.3651,39,"35-65",15,170,2591,9,22041,179,"mixta",11574,"particular","turismo","diesel","H","otro","casado","mensual",0,1,"medio","presencial",0,0,1,2,3.651,0,5.403,0,"fin_estudio",0,NA,0,"1","1"
2913,"30","6",1.29,0.129,82,"65+",43,95,1229,12,25439,125,"rural",9006,"particular","furgoneta","diesel","H","otro","casado","anual",1,2,"basico","presencial",0,0,0,0,1.29,0,6.784,0,"fin_estudio",0,NA,0,"1","1"
2914,"30","6",2.647,0.2647,28,"25-35",7,55,800,5,21559,209,"mixta",10355,"particular","moto","diesel","H","negro","soltero","mensual",0,1,"superior","presencial",0,1,0,0,2.647,0,2.647,1,"baja",0,NA,0,"3","2"
2915,"30","6",9.305,0.9305,71,"65+",28,58,826,10,17057,678,"mixta",27775,"particular","furgoneta","diesel","M","rojo","soltero","mensual",1,1,"basico","presencial",2,8,0,1,2.475,1,10,0,"fin_estudio",7492,3746,1,"2","2"
2916,"30","6",2.628,0.2628,39,"35-65",20,112,1404,14,41555,686,"mixta",12908,"particular","turismo","gasolina","M","blanco","casado","anual",0,1,"medio","telefonico",0,2,0,0,2.628,0,10,0,"fin_estudio",0,NA,0,"3","2"
2917,"30","6",2.107,0.2107,31,"25-35",6,110,1475,13,13008,205,"mixta",11003,"particular","moto","gasolina","H","rojo","otro","anual",0,1,"superior","telefonico",0,2,0,1,2.107,0,2.107,1,"baja",0,NA,0,"2","2"
2918,"30","6",1.685,0.1685,25,"18-25",3,67,816,11,32393,1007,"urbana",16152,"particular","turismo","gasolina","H","blanco","soltero","mensual",0,3,"basico","telefonico",1,1,0,1,0.148,1,10,0,"fin_estudio",2218.08,2218.08,1,"5","5"
2919,"30","6",2.33,0.233,25,"18-25",7,100,1442,14,23696,274,"mixta",2765,"particular","turismo","gasolina","H","otro","soltero","mensual",1,1,"basico","presencial",1,1,0,1,0.37,1,8.987,0,"fin_estudio",933.44,933.44,1,"5","5"
2920,"30","6",7.465,0.7465,51,"35-65",14,113,1552,7,20812,1603,"urbana",7652,"particular","turismo","gasolina","H","negro","soltero","mensual",1,1,"basico","telematico",0,1,0,1,7.465,0,7.465,1,"baja",0,NA,0,"1","1"
2921,"30","6",6.225,0.6225,51,"35-65",28,157,2258,8,31132,218,"mixta",8685,"particular","furgoneta","diesel","H","otro","casado","mensual",1,1,"basico","presencial",2,1,2,1,1.751,1,6.779,0,"fin_estudio",3463.17,1731.59,1,"1","2"
2922,"30","6",3.763,0.3763,44,"35-65",10,127,2096,6,21644,105,"rural",5626,"particular","turismo","gasolina","H","negro","casado","mensual",1,1,"basico","telefonico",0,0,0,1,3.763,0,6.798,0,"fin_estudio",0,NA,0,"1","1"
2923,"30","6",1.264,0.1264,39,"35-65",18,94,1423,8,34537,37,"rural",19590,"particular","turismo","diesel","H","gris","otro","mensual",0,1,"basico","presencial",0,0,0,0,1.264,0,6.647,0,"fin_estudio",0,NA,0,"2","2"
2924,"30","6",2.64,0.264,37,"35-65",10,91,1197,6,20964,295,"mixta",17542,"particular","turismo","gasolina","M","blanco","otro","mensual",0,1,"basico","telefonico",0,0,0,0,2.64,0,3.769,0,"fin_estudio",0,NA,0,"3","3"
2925,"30","6",2.806,0.2806,24,"18-25",3,103,1459,10,21301,135,"rural",8322,"particular","furgoneta","diesel","M","negro","casado","mensual",0,1,"superior","presencial",0,0,0,1,2.806,0,10,0,"fin_estudio",0,NA,0,"2","2"
2926,"30","6",1.171,0.1171,40,"35-65",17,137,1875,18,31611,204,"mixta",7353,"particular","turismo","gasolina","M","negro","soltero","anual",0,1,"medio","presencial",0,0,0,1,1.171,0,5.628,0,"fin_estudio",0,NA,0,"4","4"
2927,"30","6",6.312,0.6312,52,"35-65",23,120,1817,1,36508,216,"mixta",3865,"particular","turismo","gasolina","H","negro","otro","anual",0,2,"basico","telefonico",0,3,0,2,6.312,0,6.312,1,"baja",0,NA,0,"2","2"
2928,"30","6",5.714,0.5714,38,"35-65",18,111,1964,13,33684,71,"rural",27016,"particular","turismo","gasolina","M","negro","casado","mensual",0,1,"medio","presencial",0,0,0,0,5.714,0,6.99,0,"fin_estudio",0,NA,0,"3","2"
2929,"30","6",5.384,0.5384,49,"35-65",28,140,2241,6,34254,321,"mixta",6154,"particular","furgoneta","diesel","M","gris","casado","anual",0,1,"superior","presencial",2,0,0,0,2.543,1,5.384,1,"baja",8613.62,4306.81,1,"4","4"
2930,"30","6",5.849,0.5849,60,"35-65",19,124,1901,13,22680,595,"mixta",22211,"particular","turismo","diesel","M","gris","casado","anual",0,1,"basico","presencial",4,4,0,2,1.033,1,10,0,"fin_estudio",7453.11,1863.28,1,"5","5"
2931,"30","6",8.208,0.8208,46,"35-65",20,79,1013,11,31877,964,"mixta",6514,"particular","turismo","gasolina","H","gris","otro","mensual",0,1,"basico","presencial",1,1,1,0,5.418,1,8.566,0,"fin_estudio",3996.42,3996.42,1,"1","1"
2932,"30","6",8.006,0.8006,46,"35-65",20,68,1096,11,27925,196,"mixta",6300,"particular","moto","gasolina","H","rojo","soltero","anual",0,3,"medio","telematico",0,0,0,1,8.006,0,10,0,"fin_estudio",0,NA,0,"1","1"
2933,"30","6",3.235,0.3235,20,"18-25",1,78,1121,4,27080,166,"mixta",14800,"particular","turismo","gasolina","H","gris","casado","anual",0,1,"superior","presencial",0,2,0,1,3.235,0,3.235,1,"baja",0,NA,0,"4","4"
2934,"30","6",3.628,0.3628,63,"35-65",31,115,1870,1,34374,20,"rural",9548,"comercial","turismo","diesel","M","blanco","casado","anual",0,1,"superior","presencial",0,1,0,0,3.628,0,10,0,"fin_estudio",0,NA,0,"1","1"
2935,"30","6",5.273,0.5273,46,"35-65",16,95,1185,14,26353,83,"rural",9484,"particular","turismo","gasolina","H","blanco","soltero","mensual",0,1,"medio","telefonico",0,1,0,0,5.273,0,5.273,1,"baja",0,NA,0,"1","1"
2936,"30","6",1.168,0.1168,40,"35-65",17,55,981,11,31331,734,"mixta",19132,"particular","furgoneta","gasolina","H","blanco","casado","mensual",0,1,"basico","presencial",0,0,0,0,1.168,0,10,0,"fin_estudio",0,NA,0,"4","4"
2937,"30","6",8.117,0.8117,43,"35-65",9,57,800,1,17623,23,"rural",15094,"particular","turismo","diesel","M","gris","casado","anual",0,3,"medio","presencial",1,1,0,0,1.988,1,9.677,0,"fin_estudio",1844.66,1844.66,1,"4","4"
2938,"30","6",3.321,0.3321,56,"35-65",32,140,2062,0,34497,234,"mixta",19671,"comercial","turismo","diesel","M","blanco","soltero","mensual",1,1,"superior","presencial",2,2,0,1,0.941,1,10,0,"fin_estudio",4454.12,2227.06,1,"3","3"
2939,"30","6",3.413,0.3413,64,"35-65",43,69,1125,19,16507,161,"mixta",8558,"particular","moto","gasolina","M","rojo","soltero","anual",1,2,"basico","presencial",0,1,0,1,3.413,0,10,0,"fin_estudio",0,NA,0,"1","1"
2940,"30","6",2.745,0.2745,18,"18-25",0,116,1960,6,19967,1974,"urbana",8093,"particular","turismo","diesel","M","gris","soltero","anual",1,4,"medio","presencial",2,2,0,0,0.081,1,2.745,1,"baja",7972.96,3986.48,1,"4","4"
2941,"30","6",7.96,0.796,42,"35-65",17,90,1249,8,15677,294,"mixta",16680,"particular","moto","gasolina","H","gris","soltero","mensual",0,1,"superior","telematico",4,4,0,0,1.172,1,10,0,"fin_estudio",7794.27,1948.57,1,"4","5"
2942,"30","6",7.491,0.7491,38,"35-65",10,135,2151,5,27297,357,"mixta",8429,"particular","turismo","gasolina","H","rojo","casado","anual",1,2,"basico","telefonico",0,2,0,2,7.491,0,10,0,"fin_estudio",0,NA,0,"1","1"
2943,"30","6",5.061,0.5061,46,"35-65",15,78,1051,16,24218,270,"mixta",8841,"particular","moto","gasolina","H","gris","soltero","anual",0,2,"medio","presencial",0,2,0,1,5.061,0,5.108,0,"fin_estudio",0,NA,0,"1","1"
2944,"30","6",5.862,0.5862,31,"25-35",10,76,949,11,11210,65,"rural",13496,"particular","moto","diesel","H","blanco","soltero","mensual",0,1,"medio","telefonico",0,2,0,0,5.862,0,8.101,0,"fin_estudio",0,NA,0,"3","2"
2945,"30","6",7.451,0.7451,42,"35-65",21,74,1161,0,11090,30,"rural",17133,"comercial","moto","gasolina","H","gris","otro","mensual",1,1,"superior","presencial",0,6,0,0,7.451,0,9.791,0,"fin_estudio",0,NA,0,"1","1"
2946,"30","6",3.437,0.3437,44,"35-65",22,56,825,5,27593,116,"rural",5799,"particular","turismo","gasolina","H","otro","soltero","anual",1,1,"basico","telefonico",0,1,0,0,3.437,0,3.437,1,"baja",0,NA,0,"2","2"
2947,"30","6",1.533,0.1533,49,"35-65",29,145,2574,11,41191,347,"mixta",17476,"particular","furgoneta","gasolina","H","blanco","casado","mensual",0,2,"medio","presencial",0,1,0,0,1.533,0,2.822,0,"fin_estudio",0,NA,0,"3","2"
2948,"30","6",5.49,0.549,50,"35-65",21,95,1207,13,11607,611,"mixta",9110,"particular","turismo","gasolina","M","negro","soltero","anual",1,1,"medio","telefonico",0,0,0,1,5.49,0,6.066,0,"fin_estudio",0,NA,0,"1","1"
2949,"30","6",4.106,0.4106,30,"25-35",8,72,1233,11,15741,252,"mixta",6604,"particular","turismo","diesel","H","gris","casado","mensual",1,2,"medio","presencial",0,1,0,0,4.106,0,4.106,1,"baja",0,NA,0,"1","1"
2950,"30","6",1.432,0.1432,84,"65+",39,115,1916,10,26997,70,"rural",28173,"particular","turismo","gasolina","H","negro","soltero","mensual",0,1,"medio","telefonico",0,0,0,0,1.432,0,1.432,1,"baja",0,NA,0,"3","2"
2951,"30","6",1.726,0.1726,77,"65+",54,107,1686,10,32793,222,"mixta",16449,"particular","furgoneta","gasolina","M","gris","casado","mensual",1,1,"basico","presencial",0,3,0,0,1.726,0,8.713,0,"fin_estudio",0,NA,0,"4","3"
2952,"30","6",9.956,0.9956,45,"35-65",15,101,1243,1,25805,45,"rural",7689,"particular","turismo","gasolina","M","otro","casado","anual",1,1,"superior","telefonico",0,3,2,0,9.956,0,10,0,"fin_estudio",0,NA,0,"2","2"
2953,"30","6",1.4,0.14,51,"35-65",23,59,800,8,36053,808,"mixta",7995,"particular","turismo","gasolina","M","blanco","casado","mensual",0,1,"basico","presencial",1,1,0,0,1.114,1,10,0,"fin_estudio",2881.71,2881.71,1,"4","5"
2954,"30","6",2.23,0.223,18,"18-25",0,62,920,15,29961,131,"rural",28802,"particular","furgoneta","diesel","M","negro","otro","anual",0,1,"medio","telematico",0,2,0,1,2.23,0,2.23,1,"baja",0,NA,0,"1","1"
2955,"30","6",7.667,0.7667,44,"35-65",11,73,1129,6,20226,112,"rural",9980,"particular","turismo","diesel","H","rojo","casado","anual",0,1,"basico","presencial",0,3,0,1,7.667,0,10,0,"fin_estudio",0,NA,0,"3","2"
2956,"30","6",5.217,0.5217,51,"35-65",23,142,1999,0,25224,1418,"urbana",9500,"particular","turismo","gasolina","M","gris","soltero","mensual",0,1,"medio","presencial",6,1,0,0,3.361,1,10,0,"fin_estudio",16755.24,2792.54,1,"5","5"
2957,"30","6",5.36,0.536,38,"35-65",14,121,1735,4,12898,732,"mixta",17047,"particular","turismo","diesel","M","rojo","casado","anual",1,1,"basico","presencial",0,3,0,0,5.36,0,5.36,1,"baja",0,NA,0,"1","1"
2958,"30","6",2.998,0.2998,62,"35-65",30,112,1429,3,24263,298,"mixta",13533,"particular","turismo","gasolina","M","blanco","casado","anual",1,3,"medio","presencial",0,1,0,0,2.998,0,2.998,1,"baja",0,NA,0,"5","4"
2959,"30","6",8.028,0.8028,18,"18-25",0,101,1584,11,13933,506,"mixta",5828,"particular","turismo","gasolina","M","negro","soltero","mensual",0,1,"medio","presencial",8,0,0,0,1.889,1,10,0,"fin_estudio",17122.75,2140.34,1,"5","5"
2960,"30","6",5.879,0.5879,18,"18-25",0,100,1410,11,32876,314,"mixta",6843,"particular","moto","gasolina","H","otro","soltero","anual",0,2,"basico","presencial",2,1,0,0,0.36,1,5.879,1,"baja",1035.39,517.69,1,"5","5"
2961,"30","6",1.609,0.1609,38,"35-65",16,123,1697,7,26742,263,"mixta",5790,"particular","turismo","gasolina","M","negro","soltero","anual",0,2,"superior","telematico",0,1,0,1,1.609,0,7.83,0,"fin_estudio",0,NA,0,"5","5"
2962,"30","6",5.208,0.5208,75,"65+",50,55,820,15,14554,510,"mixta",13242,"particular","moto","diesel","M","negro","casado","mensual",0,2,"basico","presencial",2,3,0,1,1.619,1,10,0,"fin_estudio",5656.45,2828.23,1,"5","4"
2963,"30","6",1.195,0.1195,77,"65+",47,66,1041,15,31081,2112,"urbana",15847,"particular","turismo","gasolina","H","rojo","soltero","anual",0,2,"basico","presencial",0,0,0,1,1.195,0,1.549,0,"fin_estudio",0,NA,0,"4","3"
2964,"30","6",2.035,0.2035,62,"35-65",32,134,2230,5,13038,895,"mixta",34058,"particular","turismo","gasolina","M","otro","casado","anual",0,2,"medio","telefonico",3,0,1,0,0.47,1,2.035,1,"baja",3269.95,1089.98,1,"5","4"
2965,"30","6",2.39,0.239,51,"35-65",22,120,1594,9,33500,134,"rural",9316,"comercial","turismo","diesel","H","gris","casado","anual",0,1,"medio","telefonico",0,0,0,1,2.39,0,2.39,1,"baja",0,NA,0,"1","1"
2966,"30","6",4.036,0.4036,35,"25-35",14,109,1312,6,19563,450,"mixta",10863,"particular","turismo","gasolina","H","negro","soltero","mensual",1,1,"basico","presencial",1,1,0,0,1.492,1,4.036,1,"baja",1355.68,1355.68,1,"5","5"
2967,"30","6",8.918,0.8918,54,"35-65",34,68,1081,4,22340,256,"mixta",11432,"particular","turismo","diesel","H","otro","casado","mensual",1,1,"medio","presencial",0,3,0,1,8.918,0,10,0,"fin_estudio",0,NA,0,"1","1"
2968,"30","6",5.181,0.5181,31,"25-35",7,116,1564,6,27527,100,"rural",17473,"particular","furgoneta","diesel","M","rojo","soltero","mensual",0,2,"basico","presencial",0,2,0,1,5.181,0,5.181,1,"baja",0,NA,0,"1","1"
2969,"30","6",7.248,0.7248,50,"35-65",24,93,1524,8,16937,517,"mixta",8043,"comercial","turismo","gasolina","H","negro","soltero","anual",1,1,"basico","telefonico",0,1,4,0,7.248,0,7.248,1,"baja",0,NA,0,"1","1"
2970,"30","6",6.003,0.6003,53,"35-65",23,120,1936,19,36731,379,"mixta",8716,"particular","turismo","diesel","H","otro","casado","mensual",1,1,"basico","telematico",2,0,0,0,2.995,1,6.4,0,"fin_estudio",7802.32,3901.16,1,"5","5"
2971,"30","6",7.019,0.7019,25,"18-25",3,131,1837,10,19204,487,"mixta",7927,"particular","moto","diesel","H","blanco","soltero","mensual",0,1,"medio","presencial",1,3,2,0,4.955,1,7.019,1,"baja",2335.77,2335.77,1,"1","1"
2972,"30","6",3.071,0.3071,44,"35-65",16,86,1175,4,27462,121,"rural",14802,"particular","turismo","gasolina","H","rojo","casado","mensual",1,1,"basico","presencial",0,0,0,0,3.071,0,7.853,0,"fin_estudio",0,NA,0,"3","3"
2973,"30","6",8.253,0.8253,47,"35-65",15,106,1307,7,3144,59,"rural",14869,"comercial","turismo","gasolina","H","rojo","soltero","anual",0,1,"basico","presencial",0,3,0,0,8.253,0,10,0,"fin_estudio",0,NA,0,"1","1"
2974,"30","6",3.671,0.3671,47,"35-65",17,55,800,17,26025,132,"rural",12387,"particular","turismo","diesel","M","blanco","casado","mensual",0,1,"medio","telefonico",0,1,0,0,3.671,0,3.671,1,"baja",0,NA,0,"2","1"
2975,"30","6",3.821,0.3821,55,"35-65",35,91,1121,13,19313,419,"mixta",11503,"particular","turismo","diesel","H","rojo","soltero","anual",1,1,"basico","telefonico",1,2,0,0,0.86,1,10,0,"fin_estudio",424.69,424.69,1,"3","3"
2976,"30","6",9.213,0.9213,67,"65+",29,116,2070,8,25579,1195,"urbana",7593,"particular","furgoneta","diesel","M","otro","otro","anual",0,3,"medio","telefonico",0,2,0,1,9.213,0,10,0,"fin_estudio",0,NA,0,"1","1"
2977,"30","6",0.125,0.0125,61,"35-65",32,119,1601,11,36352,428,"mixta",12474,"particular","turismo","diesel","H","blanco","soltero","anual",0,2,"superior","telefonico",0,0,0,0,0.125,0,0.125,1,"baja",0,NA,0,"4","4"
2978,"30","6",9.419,0.9419,31,"25-35",6,93,1427,7,21382,44,"rural",9529,"particular","moto","diesel","H","negro","casado","mensual",0,1,"basico","presencial",1,1,0,1,7.845,1,9.727,0,"fin_estudio",2236.52,2236.52,1,"1","1"
2979,"30","6",1.307,0.1307,18,"18-25",0,62,875,15,20585,310,"mixta",7040,"particular","turismo","diesel","M","negro","soltero","anual",1,1,"medio","telematico",0,0,0,0,1.307,0,10,0,"fin_estudio",0,NA,0,"2","2"
2980,"30","6",4.594,0.4594,45,"35-65",15,110,1759,7,15325,48,"rural",9987,"particular","turismo","diesel","H","rojo","casado","anual",0,2,"basico","presencial",0,0,0,1,4.594,0,5.318,0,"fin_estudio",0,NA,0,"2","2"
2981,"30","6",1.423,0.1423,46,"35-65",19,136,2442,8,21800,2147,"urbana",17229,"particular","turismo","diesel","M","blanco","soltero","anual",0,1,"basico","telefonico",0,5,0,0,1.423,0,1.423,1,"baja",0,NA,0,"1","1"
2982,"30","6",6.687,0.6687,66,"65+",32,82,1143,9,11216,368,"mixta",13773,"particular","turismo","gasolina","M","rojo","soltero","mensual",1,1,"basico","presencial",4,2,0,0,2.026,1,9.658,0,"fin_estudio",11040.27,2760.07,1,"4","4"
2983,"30","6",9.714,0.9714,74,"65+",47,148,2116,9,35182,885,"mixta",5527,"particular","turismo","gasolina","H","rojo","casado","anual",1,2,"basico","presencial",2,3,0,2,4.71,1,10,0,"fin_estudio",10747.74,5373.87,1,"4","3"
2984,"30","6",1.563,0.1563,41,"35-65",9,140,2375,13,25415,66,"rural",9150,"particular","moto","diesel","H","otro","soltero","mensual",1,1,"medio","presencial",0,1,0,0,1.563,0,1.563,1,"baja",0,NA,0,"1","1"
2985,"30","6",6.729,0.6729,46,"35-65",17,117,1651,11,30710,1490,"urbana",9631,"particular","turismo","diesel","H","otro","casado","anual",1,1,"medio","telefonico",2,2,0,1,1.859,1,10,0,"fin_estudio",8038.87,4019.44,1,"1","1"
2986,"30","6",5.905,0.5905,42,"35-65",20,55,800,11,17266,161,"mixta",19310,"particular","turismo","diesel","M","gris","soltero","anual",1,3,"medio","presencial",1,4,0,1,5.573,1,10,0,"fin_estudio",1809.32,1809.32,1,"1","2"
2987,"30","6",6.925,0.6925,50,"35-65",20,94,1221,14,24073,653,"mixta",10169,"comercial","turismo","diesel","H","rojo","casado","mensual",1,2,"basico","presencial",1,2,0,1,3.383,1,9.884,0,"fin_estudio",714.06,714.06,1,"1","1"
2988,"30","6",3.29,0.329,40,"35-65",21,105,1600,7,29421,193,"mixta",5559,"particular","turismo","gasolina","H","blanco","casado","anual",1,2,"superior","presencial",0,0,0,2,3.29,0,8.132,0,"fin_estudio",0,NA,0,"3","3"
2989,"30","6",2.847,0.2847,33,"25-35",8,55,982,9,35860,451,"mixta",18397,"particular","turismo","diesel","M","rojo","casado","mensual",0,1,"basico","presencial",0,0,0,0,2.847,0,2.847,1,"baja",0,NA,0,"4","3"
