"id","centro","x1","x2","periodo","y"
1,"1",-1.79998003616701,0,"1",0
1,"1",-1.79998003616701,0,"2",0
1,"1",-1.79998003616701,0,"3",0
1,"1",-1.79998003616701,0,"4",0
2,"1",0.0944626689901411,0,"1",0
2,"1",0.0944626689901411,0,"2",0
2,"1",0.0944626689901411,0,"3",0
2,"1",0.0944626689901411,0,"4",0
3,"1",-0.278023922956046,0,"1",0
3,"1",-0.278023922956046,0,"2",0
3,"1",-0.278023922956046,0,"3",0
3,"1",-0.278023922956046,0,"4",0
3,"1",-0.278023922956046,0,"5",0
4,"1",0.356873025399365,1,"1",0
4,"1",0.356873025399365,1,"2",0
4,"1",0.356873025399365,1,"3",0
4,"1",0.356873025399365,1,"4",0
4,"1",0.356873025399365,1,"5",0
4,"1",0.356873025399365,1,"6",0
5,"1",-0.992251427147975,0,"1",1
6,"1",-0.071668611826643,1,"1",0
6,"1",-0.071668611826643,1,"2",0
6,"1",-0.071668611826643,1,"3",0
7,"1",0.470078550455534,0,"1",0
7,"1",0.470078550455534,0,"2",0
7,"1",0.470078550455534,0,"3",0
7,"1",0.470078550455534,0,"4",1
8,"1",-1.05788616122945,0,"1",0
8,"1",-1.05788616122945,0,"2",0
8,"1",-1.05788616122945,0,"3",1
9,"1",-1.146155242454,0,"1",0
9,"1",-1.146155242454,0,"2",0
9,"1",-1.146155242454,0,"3",0
9,"1",-1.146155242454,0,"4",0
9,"1",-1.146155242454,0,"5",0
9,"1",-1.146155242454,0,"6",0
10,"1",-1.19816547056257,0,"1",0
10,"1",-1.19816547056257,0,"2",0
10,"1",-1.19816547056257,0,"3",0
10,"1",-1.19816547056257,0,"4",0
10,"1",-1.19816547056257,0,"5",0
11,"1",-1.10958530700375,1,"1",0
11,"1",-1.10958530700375,1,"2",0
11,"1",-1.10958530700375,1,"3",0
12,"1",-0.325041927882274,0,"1",0
12,"1",-0.325041927882274,0,"2",1
13,"1",-0.804944503212784,0,"1",0
13,"1",-0.804944503212784,0,"2",0
13,"1",-0.804944503212784,0,"3",0
13,"1",-0.804944503212784,0,"4",1
14,"1",-0.129858282383664,0,"1",0
14,"1",-0.129858282383664,0,"2",0
14,"1",-0.129858282383664,0,"3",0
14,"1",-0.129858282383664,0,"4",0
15,"1",-0.231483497290343,1,"1",0
15,"1",-0.231483497290343,1,"2",0
15,"1",-0.231483497290343,1,"3",0
15,"1",-0.231483497290343,1,"4",0
15,"1",-0.231483497290343,1,"5",0
15,"1",-0.231483497290343,1,"6",1
16,"1",1.23121567517209,0,"1",0
16,"1",1.23121567517209,0,"2",0
16,"1",1.23121567517209,0,"3",0
17,"1",0.0384644668044537,0,"1",0
17,"1",0.0384644668044537,0,"2",0
17,"1",0.0384644668044537,0,"3",0
18,"1",-0.51495344497423,0,"1",0
18,"1",-0.51495344497423,0,"2",0
18,"1",-0.51495344497423,0,"3",0
19,"1",-0.532802944558024,0,"1",0
19,"1",-0.532802944558024,0,"2",0
19,"1",-0.532802944558024,0,"3",0
19,"1",-0.532802944558024,0,"4",1
20,"1",-0.231634026298295,1,"1",1
21,"1",-2.01459079186058,0,"1",0
21,"1",-2.01459079186058,0,"2",0
21,"1",-2.01459079186058,0,"3",0
21,"1",-2.01459079186058,0,"4",1
22,"1",-0.752045354462933,1,"1",1
23,"1",-0.0910864529047287,1,"1",0
23,"1",-0.0910864529047287,1,"2",0
23,"1",-0.0910864529047287,1,"3",0
23,"1",-0.0910864529047287,1,"4",0
23,"1",-0.0910864529047287,1,"5",0
24,"1",-0.716204755167854,1,"1",0
24,"1",-0.716204755167854,1,"2",0
24,"1",-0.716204755167854,1,"3",1
25,"1",-0.0641027482938816,1,"1",0
25,"1",-0.0641027482938816,1,"2",0
25,"1",-0.0641027482938816,1,"3",0
26,"1",-0.439667422604026,0,"1",1
27,"1",-0.405300320575988,0,"1",0
27,"1",-0.405300320575988,0,"2",0
27,"1",-0.405300320575988,0,"3",0
27,"1",-0.405300320575988,0,"4",0
28,"1",0.0713494199984058,1,"1",0
28,"1",0.0713494199984058,1,"2",0
28,"1",0.0713494199984058,1,"3",0
28,"1",0.0713494199984058,1,"4",1
29,"1",-1.37714346754619,0,"1",0
29,"1",-1.37714346754619,0,"2",0
29,"1",-1.37714346754619,0,"3",0
29,"1",-1.37714346754619,0,"4",0
29,"1",-1.37714346754619,0,"5",0
29,"1",-1.37714346754619,0,"6",0
30,"1",0.537514076192414,1,"1",0
30,"1",0.537514076192414,1,"2",0
30,"1",0.537514076192414,1,"3",0
31,"1",1.18250743093355,1,"1",0
31,"1",1.18250743093355,1,"2",0
31,"1",1.18250743093355,1,"3",0
32,"1",-0.541830235945714,1,"1",0
32,"1",-0.541830235945714,1,"2",0
32,"1",-0.541830235945714,1,"3",0
32,"1",-0.541830235945714,1,"4",0
33,"1",-0.1202498117319,0,"1",0
33,"1",-0.1202498117319,0,"2",0
33,"1",-0.1202498117319,0,"3",1
34,"1",0.675158557841359,0,"1",0
34,"1",0.675158557841359,0,"2",0
34,"1",0.675158557841359,0,"3",0
35,"1",0.893351995237178,0,"1",1
36,"1",0.154591963279806,1,"1",1
37,"1",0.181737866880399,0,"1",0
37,"1",0.181737866880399,0,"2",1
38,"1",-0.522843051084489,1,"1",0
38,"1",-0.522843051084489,1,"2",0
38,"1",-0.522843051084489,1,"3",0
38,"1",-0.522843051084489,1,"4",0
39,"1",0.563251905167319,0,"1",0
39,"1",0.563251905167319,0,"2",0
39,"1",0.563251905167319,0,"3",0
40,"1",-0.663120798658142,0,"1",0
40,"1",-0.663120798658142,0,"2",1
41,"1",1.39169837811161,1,"1",0
41,"1",1.39169837811161,1,"2",0
41,"1",1.39169837811161,1,"3",0
41,"1",1.39169837811161,1,"4",1
42,"1",0.00725223756362834,0,"1",0
42,"1",0.00725223756362834,0,"2",0
42,"1",0.00725223756362834,0,"3",0
42,"1",0.00725223756362834,0,"4",1
43,"1",0.712922790013952,1,"1",1
44,"1",1.54282731577777,0,"1",0
44,"1",1.54282731577777,0,"2",1
45,"2",-0.726548446462624,0,"1",0
45,"2",-0.726548446462624,0,"2",1
46,"2",2.09917976866461,1,"1",0
46,"2",2.09917976866461,1,"2",0
46,"2",2.09917976866461,1,"3",1
47,"2",-0.0625220623889011,0,"1",0
47,"2",-0.0625220623889011,0,"2",0
47,"2",-0.0625220623889011,0,"3",0
47,"2",-0.0625220623889011,0,"4",1
48,"2",0.1281420554369,0,"1",0
48,"2",0.1281420554369,0,"2",1
49,"2",1.48658958781302,1,"1",1
50,"2",-0.536819706560462,0,"1",0
50,"2",-0.536819706560462,0,"2",0
50,"2",-0.536819706560462,0,"3",0
50,"2",-0.536819706560462,0,"4",0
50,"2",-0.536819706560462,0,"5",0
51,"2",-0.363928960533734,1,"1",0
51,"2",-0.363928960533734,1,"2",0
51,"2",-0.363928960533734,1,"3",0
51,"2",-0.363928960533734,1,"4",0
51,"2",-0.363928960533734,1,"5",0
51,"2",-0.363928960533734,1,"6",1
52,"2",1.17017512887096,1,"1",0
52,"2",1.17017512887096,1,"2",0
52,"2",1.17017512887096,1,"3",1
53,"2",-0.162900163260159,1,"1",0
53,"2",-0.162900163260159,1,"2",0
53,"2",-0.162900163260159,1,"3",0
53,"2",-0.162900163260159,1,"4",0
53,"2",-0.162900163260159,1,"5",0
54,"2",-0.188004755344356,1,"1",0
54,"2",-0.188004755344356,1,"2",0
54,"2",-0.188004755344356,1,"3",0
54,"2",-0.188004755344356,1,"4",1
55,"2",0.351949788920074,0,"1",1
56,"2",0.399160717828244,0,"1",1
57,"2",1.47602436871848,1,"1",0
57,"2",1.47602436871848,1,"2",1
58,"2",-0.540328232994387,0,"1",0
58,"2",-0.540328232994387,0,"2",0
58,"2",-0.540328232994387,0,"3",0
58,"2",-0.540328232994387,0,"4",0
59,"2",1.01343845996608,1,"1",0
59,"2",1.01343845996608,1,"2",0
59,"2",1.01343845996608,1,"3",0
59,"2",1.01343845996608,1,"4",0
60,"2",0.767059247263391,1,"1",0
60,"2",0.767059247263391,1,"2",0
60,"2",0.767059247263391,1,"3",0
60,"2",0.767059247263391,1,"4",0
61,"2",-0.142210127388501,0,"1",0
61,"2",-0.142210127388501,0,"2",0
61,"2",-0.142210127388501,0,"3",0
61,"2",-0.142210127388501,0,"4",0
61,"2",-0.142210127388501,0,"5",0
61,"2",-0.142210127388501,0,"6",0
62,"2",0.00401338655733811,0,"1",0
62,"2",0.00401338655733811,0,"2",1
63,"2",-0.692733520336281,1,"1",0
63,"2",-0.692733520336281,1,"2",0
63,"2",-0.692733520336281,1,"3",0
63,"2",-0.692733520336281,1,"4",0
64,"2",-0.815038981652104,0,"1",0
64,"2",-0.815038981652104,0,"2",0
64,"2",-0.815038981652104,0,"3",0
65,"2",1.43027467576854,1,"1",0
65,"2",1.43027467576854,1,"2",1
66,"2",0.569391690974183,1,"1",1
67,"2",-0.0385766585649717,1,"1",0
67,"2",-0.0385766585649717,1,"2",0
67,"2",-0.0385766585649717,1,"3",0
67,"2",-0.0385766585649717,1,"4",0
68,"2",-1.03104232085709,1,"1",0
68,"2",-1.03104232085709,1,"2",0
68,"2",-1.03104232085709,1,"3",0
68,"2",-1.03104232085709,1,"4",0
69,"2",-1.67748631305314,0,"1",0
69,"2",-1.67748631305314,0,"2",0
69,"2",-1.67748631305314,0,"3",0
70,"2",0.193876939007471,0,"1",0
70,"2",0.193876939007471,0,"2",0
70,"2",0.193876939007471,0,"3",0
70,"2",0.193876939007471,0,"4",1
71,"2",-0.236729247588346,1,"1",0
71,"2",-0.236729247588346,1,"2",0
71,"2",-0.236729247588346,1,"3",0
71,"2",-0.236729247588346,1,"4",0
71,"2",-0.236729247588346,1,"5",0
71,"2",-0.236729247588346,1,"6",0
72,"2",0.102911327902232,1,"1",0
72,"2",0.102911327902232,1,"2",0
72,"2",0.102911327902232,1,"3",0
73,"2",-1.01647308485773,1,"1",0
73,"2",-1.01647308485773,1,"2",0
73,"2",-1.01647308485773,1,"3",0
73,"2",-1.01647308485773,1,"4",0
74,"2",-0.875707100621183,1,"1",0
74,"2",-0.875707100621183,1,"2",0
74,"2",-0.875707100621183,1,"3",1
75,"2",-0.324176481818616,0,"1",0
75,"2",-0.324176481818616,0,"2",0
75,"2",-0.324176481818616,0,"3",0
75,"2",-0.324176481818616,0,"4",0
75,"2",-0.324176481818616,0,"5",0
76,"2",-0.977308107610668,1,"1",0
76,"2",-0.977308107610668,1,"2",0
76,"2",-0.977308107610668,1,"3",0
76,"2",-0.977308107610668,1,"4",0
77,"2",-0.11844271711582,0,"1",0
77,"2",-0.11844271711582,0,"2",0
77,"2",-0.11844271711582,0,"3",0
77,"2",-0.11844271711582,0,"4",0
78,"2",-0.266905834978292,0,"1",0
78,"2",-0.266905834978292,0,"2",0
78,"2",-0.266905834978292,0,"3",0
78,"2",-0.266905834978292,0,"4",0
78,"2",-0.266905834978292,0,"5",0
79,"3",-1.53548989832105,0,"1",0
79,"3",-1.53548989832105,0,"2",0
79,"3",-1.53548989832105,0,"3",0
79,"3",-1.53548989832105,0,"4",0
80,"3",-2.08157221706537,0,"1",0
80,"3",-2.08157221706537,0,"2",0
80,"3",-2.08157221706537,0,"3",0
80,"3",-2.08157221706537,0,"4",0
80,"3",-2.08157221706537,0,"5",0
80,"3",-2.08157221706537,0,"6",0
81,"3",1.29798395353981,1,"1",0
81,"3",1.29798395353981,1,"2",0
81,"3",1.29798395353981,1,"3",1
82,"3",0.786431322248925,0,"1",0
82,"3",0.786431322248925,0,"2",1
83,"3",0.371316853534606,0,"1",0
83,"3",0.371316853534606,0,"2",0
83,"3",0.371316853534606,0,"3",1
84,"3",-2.26396680388136,1,"1",0
84,"3",-2.26396680388136,1,"2",0
84,"3",-2.26396680388136,1,"3",0
84,"3",-2.26396680388136,1,"4",0
84,"3",-2.26396680388136,1,"5",0
84,"3",-2.26396680388136,1,"6",0
85,"3",0.299277127976783,0,"1",1
86,"3",-0.766892621593989,1,"1",1
87,"3",0.617274172669566,1,"1",0
87,"3",0.617274172669566,1,"2",1
88,"3",-0.318965017162107,1,"1",0
88,"3",-0.318965017162107,1,"2",0
88,"3",-0.318965017162107,1,"3",0
89,"3",0.916322827329062,0,"1",1
90,"3",-0.146797124551694,1,"1",0
90,"3",-0.146797124551694,1,"2",0
90,"3",-0.146797124551694,1,"3",0
90,"3",-0.146797124551694,1,"4",0
91,"3",0.45913418694422,1,"1",1
92,"3",0.232133339607365,1,"1",0
92,"3",0.232133339607365,1,"2",0
92,"3",0.232133339607365,1,"3",0
92,"3",0.232133339607365,1,"4",0
92,"3",0.232133339607365,1,"5",0
92,"3",0.232133339607365,1,"6",1
93,"3",-0.388200489675984,0,"1",0
93,"3",-0.388200489675984,0,"2",0
93,"3",-0.388200489675984,0,"3",0
93,"3",-0.388200489675984,0,"4",1
94,"3",-0.890884419360167,0,"1",0
94,"3",-0.890884419360167,0,"2",0
94,"3",-0.890884419360167,0,"3",1
95,"3",-0.0702377100128345,1,"1",0
95,"3",-0.0702377100128345,1,"2",1
96,"3",0.152101037531271,0,"1",0
96,"3",0.152101037531271,0,"2",0
96,"3",0.152101037531271,0,"3",0
96,"3",0.152101037531271,0,"4",0
96,"3",0.152101037531271,0,"5",0
97,"3",2.16768159277503,0,"1",0
97,"3",2.16768159277503,0,"2",1
98,"3",0.732501049963375,1,"1",0
98,"3",0.732501049963375,1,"2",1
99,"3",-0.470027837249201,1,"1",0
99,"3",-0.470027837249201,1,"2",0
99,"3",-0.470027837249201,1,"3",0
99,"3",-0.470027837249201,1,"4",0
99,"3",-0.470027837249201,1,"5",0
100,"3",0.0725391716296752,0,"1",0
100,"3",0.0725391716296752,0,"2",1
101,"3",0.568395698092665,1,"1",0
101,"3",0.568395698092665,1,"2",0
101,"3",0.568395698092665,1,"3",0
101,"3",0.568395698092665,1,"4",1
102,"3",1.06183090069659,1,"1",1
103,"3",-0.8034774795063,1,"1",0
103,"3",-0.8034774795063,1,"2",0
103,"3",-0.8034774795063,1,"3",0
103,"3",-0.8034774795063,1,"4",0
104,"3",-0.468742330118144,0,"1",0
104,"3",-0.468742330118144,0,"2",0
104,"3",-0.468742330118144,0,"3",0
105,"3",-0.234829866355937,1,"1",0
105,"3",-0.234829866355937,1,"2",0
105,"3",-0.234829866355937,1,"3",1
106,"3",0.636083260927263,1,"1",0
106,"3",0.636083260927263,1,"2",1
107,"3",1.13843697011251,1,"1",0
107,"3",1.13843697011251,1,"2",1
108,"3",-0.220559141101855,0,"1",0
108,"3",-0.220559141101855,0,"2",0
108,"3",-0.220559141101855,0,"3",0
108,"3",-0.220559141101855,0,"4",1
109,"3",0.217112228756516,1,"1",0
109,"3",0.217112228756516,1,"2",0
109,"3",0.217112228756516,1,"3",0
109,"3",0.217112228756516,1,"4",0
109,"3",0.217112228756516,1,"5",0
110,"3",-1.87978097990421,0,"1",0
110,"3",-1.87978097990421,0,"2",0
110,"3",-1.87978097990421,0,"3",0
110,"3",-1.87978097990421,0,"4",0
110,"3",-1.87978097990421,0,"5",1
111,"3",-0.266755874446248,0,"1",0
111,"3",-0.266755874446248,0,"2",0
111,"3",-0.266755874446248,0,"3",1
112,"4",0.288177122435995,0,"1",0
112,"4",0.288177122435995,0,"2",0
112,"4",0.288177122435995,0,"3",0
113,"4",0.852073187413694,0,"1",0
113,"4",0.852073187413694,0,"2",0
113,"4",0.852073187413694,0,"3",0
113,"4",0.852073187413694,0,"4",0
114,"4",1.99698806409486,0,"1",0
114,"4",1.99698806409486,0,"2",0
114,"4",1.99698806409486,0,"3",1
115,"4",-0.245406686952001,0,"1",0
115,"4",-0.245406686952001,0,"2",0
115,"4",-0.245406686952001,0,"3",0
115,"4",-0.245406686952001,0,"4",0
115,"4",-0.245406686952001,0,"5",0
116,"4",0.623584249963907,1,"1",0
116,"4",0.623584249963907,1,"2",0
116,"4",0.623584249963907,1,"3",0
116,"4",0.623584249963907,1,"4",0
117,"4",1.73412820308765,0,"1",0
117,"4",1.73412820308765,0,"2",0
117,"4",1.73412820308765,0,"3",0
118,"4",-1.11481693523016,1,"1",0
118,"4",-1.11481693523016,1,"2",0
118,"4",-1.11481693523016,1,"3",0
119,"4",-0.73749129538996,0,"1",0
119,"4",-0.73749129538996,0,"2",0
119,"4",-0.73749129538996,0,"3",0
119,"4",-0.73749129538996,0,"4",0
119,"4",-0.73749129538996,0,"5",0
119,"4",-0.73749129538996,0,"6",0
120,"4",-0.401356221268892,0,"1",0
120,"4",-0.401356221268892,0,"2",0
120,"4",-0.401356221268892,0,"3",0
120,"4",-0.401356221268892,0,"4",0
120,"4",-0.401356221268892,0,"5",0
121,"4",-0.945234350647457,0,"1",0
121,"4",-0.945234350647457,0,"2",0
121,"4",-0.945234350647457,0,"3",0
121,"4",-0.945234350647457,0,"4",0
122,"4",1.58348495159798,1,"1",0
122,"4",1.58348495159798,1,"2",0
122,"4",1.58348495159798,1,"3",0
122,"4",1.58348495159798,1,"4",0
122,"4",1.58348495159798,1,"5",0
122,"4",1.58348495159798,1,"6",0
123,"4",-0.365686514534259,0,"1",0
123,"4",-0.365686514534259,0,"2",0
123,"4",-0.365686514534259,0,"3",0
123,"4",-0.365686514534259,0,"4",0
124,"4",-0.168237323464526,0,"1",0
124,"4",-0.168237323464526,0,"2",0
124,"4",-0.168237323464526,0,"3",0
124,"4",-0.168237323464526,0,"4",0
124,"4",-0.168237323464526,0,"5",1
125,"4",0.728456521826423,1,"1",0
125,"4",0.728456521826423,1,"2",0
125,"4",0.728456521826423,1,"3",0
125,"4",0.728456521826423,1,"4",0
126,"4",-0.0792745815255097,0,"1",0
126,"4",-0.0792745815255097,0,"2",0
126,"4",-0.0792745815255097,0,"3",0
127,"4",0.92794828167002,1,"1",0
127,"4",0.92794828167002,1,"2",0
127,"4",0.92794828167002,1,"3",0
128,"4",0.862489036308984,0,"1",0
128,"4",0.862489036308984,0,"2",0
128,"4",0.862489036308984,0,"3",0
128,"4",0.862489036308984,0,"4",0
129,"4",0.30957765964991,1,"1",0
129,"4",0.30957765964991,1,"2",0
129,"4",0.30957765964991,1,"3",0
129,"4",0.30957765964991,1,"4",0
130,"4",-0.283693869213483,0,"1",0
130,"4",-0.283693869213483,0,"2",0
130,"4",-0.283693869213483,0,"3",0
130,"4",-0.283693869213483,0,"4",0
130,"4",-0.283693869213483,0,"5",0
131,"4",1.09319452701532,0,"1",0
131,"4",1.09319452701532,0,"2",0
131,"4",1.09319452701532,0,"3",1
132,"4",-1.22888314390984,0,"1",0
132,"4",-1.22888314390984,0,"2",0
132,"4",-1.22888314390984,0,"3",0
132,"4",-1.22888314390984,0,"4",0
133,"4",0.807047280937268,1,"1",0
133,"4",0.807047280937268,1,"2",1
134,"4",0.454809716794842,1,"1",1
135,"4",0.0428087394595659,1,"1",0
135,"4",0.0428087394595659,1,"2",0
135,"4",0.0428087394595659,1,"3",0
135,"4",0.0428087394595659,1,"4",0
136,"4",1.61848728235411,1,"1",0
136,"4",1.61848728235411,1,"2",0
136,"4",1.61848728235411,1,"3",0
136,"4",1.61848728235411,1,"4",0
137,"4",0.102500008529618,0,"1",0
137,"4",0.102500008529618,0,"2",0
137,"4",0.102500008529618,0,"3",0
138,"4",-0.716453948018398,0,"1",0
138,"4",-0.716453948018398,0,"2",0
138,"4",-0.716453948018398,0,"3",0
138,"4",-0.716453948018398,0,"4",0
138,"4",-0.716453948018398,0,"5",0
139,"4",0.658449249937239,1,"1",0
139,"4",0.658449249937239,1,"2",0
139,"4",0.658449249937239,1,"3",0
139,"4",0.658449249937239,1,"4",0
139,"4",0.658449249937239,1,"5",0
140,"4",0.470735037317619,0,"1",0
140,"4",0.470735037317619,0,"2",0
140,"4",0.470735037317619,0,"3",0
140,"4",0.470735037317619,0,"4",1
141,"4",0.465541785863225,0,"1",0
141,"4",0.465541785863225,0,"2",0
141,"4",0.465541785863225,0,"3",0
141,"4",0.465541785863225,0,"4",0
141,"4",0.465541785863225,0,"5",0
142,"4",-1.22301271525887,0,"1",0
142,"4",-1.22301271525887,0,"2",0
142,"4",-1.22301271525887,0,"3",0
143,"4",0.612215979761521,1,"1",0
143,"4",0.612215979761521,1,"2",0
143,"4",0.612215979761521,1,"3",0
143,"4",0.612215979761521,1,"4",0
143,"4",0.612215979761521,1,"5",0
143,"4",0.612215979761521,1,"6",0
144,"4",-0.260275196070149,1,"1",0
144,"4",-0.260275196070149,1,"2",0
144,"4",-0.260275196070149,1,"3",0
144,"4",-0.260275196070149,1,"4",1
145,"4",-1.32896174031412,0,"1",0
145,"4",-1.32896174031412,0,"2",0
145,"4",-1.32896174031412,0,"3",0
145,"4",-1.32896174031412,0,"4",0
145,"4",-1.32896174031412,0,"5",0
146,"4",0.202216291912002,1,"1",0
146,"4",0.202216291912002,1,"2",0
146,"4",0.202216291912002,1,"3",0
146,"4",0.202216291912002,1,"4",0
147,"4",-0.905426357720393,1,"1",0
147,"4",-0.905426357720393,1,"2",0
147,"4",-0.905426357720393,1,"3",0
147,"4",-0.905426357720393,1,"4",0
147,"4",-0.905426357720393,1,"5",0
147,"4",-0.905426357720393,1,"6",0
148,"5",0.262858096027584,0,"1",0
148,"5",0.262858096027584,0,"2",0
148,"5",0.262858096027584,0,"3",1
149,"5",0.0259974895888372,0,"1",0
149,"5",0.0259974895888372,0,"2",0
149,"5",0.0259974895888372,0,"3",0
149,"5",0.0259974895888372,0,"4",0
150,"5",0.814527364878334,0,"1",0
150,"5",0.814527364878334,0,"2",0
150,"5",0.814527364878334,0,"3",0
151,"5",-0.0884932255052901,1,"1",0
151,"5",-0.0884932255052901,1,"2",0
151,"5",-0.0884932255052901,1,"3",0
151,"5",-0.0884932255052901,1,"4",0
152,"5",-0.104353669354917,0,"1",0
152,"5",-0.104353669354917,0,"2",0
152,"5",-0.104353669354917,0,"3",0
152,"5",-0.104353669354917,0,"4",0
152,"5",-0.104353669354917,0,"5",0
153,"5",-1.82950857344967,0,"1",0
153,"5",-1.82950857344967,0,"2",0
153,"5",-1.82950857344967,0,"3",0
153,"5",-1.82950857344967,0,"4",1
154,"5",0.861404421464721,0,"1",0
154,"5",0.861404421464721,0,"2",0
154,"5",0.861404421464721,0,"3",0
154,"5",0.861404421464721,0,"4",0
154,"5",0.861404421464721,0,"5",0
154,"5",0.861404421464721,0,"6",0
155,"5",-0.932799723990184,0,"1",0
155,"5",-0.932799723990184,0,"2",0
155,"5",-0.932799723990184,0,"3",1
156,"5",-1.12166252470149,0,"1",0
156,"5",-1.12166252470149,0,"2",0
156,"5",-1.12166252470149,0,"3",1
157,"5",-0.586424396252172,0,"1",0
157,"5",-0.586424396252172,0,"2",0
157,"5",-0.586424396252172,0,"3",0
157,"5",-0.586424396252172,0,"4",0
157,"5",-0.586424396252172,0,"5",0
157,"5",-0.586424396252172,0,"6",0
158,"5",-0.302831747435286,1,"1",0
158,"5",-0.302831747435286,1,"2",0
158,"5",-0.302831747435286,1,"3",0
158,"5",-0.302831747435286,1,"4",0
158,"5",-0.302831747435286,1,"5",1
159,"5",-0.280637619840621,0,"1",0
159,"5",-0.280637619840621,0,"2",0
159,"5",-0.280637619840621,0,"3",0
160,"5",-0.546192673687051,0,"1",0
160,"5",-0.546192673687051,0,"2",0
160,"5",-0.546192673687051,0,"3",0
160,"5",-0.546192673687051,0,"4",0
160,"5",-0.546192673687051,0,"5",0
160,"5",-0.546192673687051,0,"6",1
161,"5",-0.376215120395579,1,"1",0
161,"5",-0.376215120395579,1,"2",0
161,"5",-0.376215120395579,1,"3",0
161,"5",-0.376215120395579,1,"4",0
161,"5",-0.376215120395579,1,"5",0
162,"5",1.77505514987757,1,"1",0
162,"5",1.77505514987757,1,"2",1
163,"5",0.356722561996471,0,"1",0
163,"5",0.356722561996471,0,"2",0
163,"5",0.356722561996471,0,"3",0
163,"5",0.356722561996471,0,"4",0
163,"5",0.356722561996471,0,"5",0
163,"5",0.356722561996471,0,"6",0
164,"5",-1.33281138821608,1,"1",0
164,"5",-1.33281138821608,1,"2",0
164,"5",-1.33281138821608,1,"3",0
164,"5",-1.33281138821608,1,"4",0
164,"5",-1.33281138821608,1,"5",0
164,"5",-1.33281138821608,1,"6",0
165,"5",-2.30050542164274,1,"1",0
165,"5",-2.30050542164274,1,"2",0
165,"5",-2.30050542164274,1,"3",0
165,"5",-2.30050542164274,1,"4",0
165,"5",-2.30050542164274,1,"5",0
166,"5",0.111047144436542,1,"1",0
166,"5",0.111047144436542,1,"2",0
166,"5",0.111047144436542,1,"3",0
167,"5",0.925699909390685,1,"1",0
167,"5",0.925699909390685,1,"2",0
167,"5",0.925699909390685,1,"3",0
167,"5",0.925699909390685,1,"4",0
168,"5",0.411053973107564,1,"1",0
168,"5",0.411053973107564,1,"2",0
168,"5",0.411053973107564,1,"3",0
168,"5",0.411053973107564,1,"4",1
169,"5",-0.684158343191856,1,"1",0
169,"5",-0.684158343191856,1,"2",1
170,"5",0.724451568876833,1,"1",0
170,"5",0.724451568876833,1,"2",0
170,"5",0.724451568876833,1,"3",0
170,"5",0.724451568876833,1,"4",0
170,"5",0.724451568876833,1,"5",0
171,"5",-1.36814036042199,0,"1",0
171,"5",-1.36814036042199,0,"2",0
171,"5",-1.36814036042199,0,"3",1
172,"5",0.789484936951945,1,"1",0
172,"5",0.789484936951945,1,"2",0
172,"5",0.789484936951945,1,"3",0
172,"5",0.789484936951945,1,"4",0
173,"5",-0.366679546472149,0,"1",0
173,"5",-0.366679546472149,0,"2",0
173,"5",-0.366679546472149,0,"3",0
173,"5",-0.366679546472149,0,"4",0
174,"5",-1.62812660785832,1,"1",0
174,"5",-1.62812660785832,1,"2",0
174,"5",-1.62812660785832,1,"3",0
175,"5",-0.384111663598249,1,"1",0
175,"5",-0.384111663598249,1,"2",0
175,"5",-0.384111663598249,1,"3",0
175,"5",-0.384111663598249,1,"4",0
176,"5",-0.760328699138888,1,"1",0
176,"5",-0.760328699138888,1,"2",0
176,"5",-0.760328699138888,1,"3",0
177,"5",1.33800352235341,0,"1",0
177,"5",1.33800352235341,0,"2",0
177,"5",1.33800352235341,0,"3",0
177,"5",1.33800352235341,0,"4",0
177,"5",1.33800352235341,0,"5",1
178,"5",0.956345000932718,1,"1",0
178,"5",0.956345000932718,1,"2",0
178,"5",0.956345000932718,1,"3",0
178,"5",0.956345000932718,1,"4",0
179,"5",-0.736570051857926,0,"1",0
179,"5",-0.736570051857926,0,"2",0
179,"5",-0.736570051857926,0,"3",0
179,"5",-0.736570051857926,0,"4",0
179,"5",-0.736570051857926,0,"5",0
180,"5",-0.597177379486734,1,"1",0
180,"5",-0.597177379486734,1,"2",0
180,"5",-0.597177379486734,1,"3",1
181,"6",0.896781987377972,0,"1",1
182,"6",0.981042851547359,0,"1",0
182,"6",0.981042851547359,0,"2",0
182,"6",0.981042851547359,0,"3",0
182,"6",0.981042851547359,0,"4",0
182,"6",0.981042851547359,0,"5",0
183,"6",1.19610410460168,1,"1",0
183,"6",1.19610410460168,1,"2",0
183,"6",1.19610410460168,1,"3",0
183,"6",1.19610410460168,1,"4",0
183,"6",1.19610410460168,1,"5",1
184,"6",-0.670478372087622,0,"1",0
184,"6",-0.670478372087622,0,"2",0
184,"6",-0.670478372087622,0,"3",0
184,"6",-0.670478372087622,0,"4",0
184,"6",-0.670478372087622,0,"5",0
184,"6",-0.670478372087622,0,"6",0
185,"6",1.08421543553143,1,"1",0
185,"6",1.08421543553143,1,"2",0
185,"6",1.08421543553143,1,"3",0
185,"6",1.08421543553143,1,"4",0
185,"6",1.08421543553143,1,"5",0
185,"6",1.08421543553143,1,"6",0
186,"6",0.573559727972371,1,"1",0
186,"6",0.573559727972371,1,"2",0
186,"6",0.573559727972371,1,"3",0
186,"6",0.573559727972371,1,"4",1
187,"6",-0.913368546229885,1,"1",0
187,"6",-0.913368546229885,1,"2",0
187,"6",-0.913368546229885,1,"3",0
188,"6",-0.412604408822419,1,"1",0
188,"6",-0.412604408822419,1,"2",0
188,"6",-0.412604408822419,1,"3",0
188,"6",-0.412604408822419,1,"4",0
189,"6",0.593277798753775,0,"1",1
190,"6",-1.37605085945685,0,"1",0
190,"6",-1.37605085945685,0,"2",0
190,"6",-1.37605085945685,0,"3",0
190,"6",-1.37605085945685,0,"4",0
190,"6",-1.37605085945685,0,"5",0
191,"6",0.497005107944333,1,"1",0
191,"6",0.497005107944333,1,"2",0
191,"6",0.497005107944333,1,"3",0
191,"6",0.497005107944333,1,"4",0
191,"6",0.497005107944333,1,"5",0
191,"6",0.497005107944333,1,"6",0
192,"6",0.172377584466635,0,"1",0
192,"6",0.172377584466635,0,"2",0
192,"6",0.172377584466635,0,"3",0
192,"6",0.172377584466635,0,"4",1
193,"6",0.190737064464665,1,"1",0
193,"6",0.190737064464665,1,"2",0
193,"6",0.190737064464665,1,"3",0
193,"6",0.190737064464665,1,"4",0
193,"6",0.190737064464665,1,"5",0
194,"6",-0.0756299695319267,1,"1",0
194,"6",-0.0756299695319267,1,"2",0
194,"6",-0.0756299695319267,1,"3",0
194,"6",-0.0756299695319267,1,"4",0
194,"6",-0.0756299695319267,1,"5",0
194,"6",-0.0756299695319267,1,"6",0
195,"6",0.827596147597323,0,"1",0
195,"6",0.827596147597323,0,"2",0
195,"6",0.827596147597323,0,"3",0
195,"6",0.827596147597323,0,"4",0
196,"6",0.236412522359898,0,"1",0
196,"6",0.236412522359898,0,"2",0
196,"6",0.236412522359898,0,"3",0
197,"6",1.61735754640659,0,"1",0
197,"6",1.61735754640659,0,"2",0
197,"6",1.61735754640659,0,"3",0
197,"6",1.61735754640659,0,"4",0
198,"6",-0.132320911748371,0,"1",0
198,"6",-0.132320911748371,0,"2",0
198,"6",-0.132320911748371,0,"3",0
198,"6",-0.132320911748371,0,"4",1
199,"6",0.353120919561474,0,"1",0
199,"6",0.353120919561474,0,"2",0
199,"6",0.353120919561474,0,"3",0
199,"6",0.353120919561474,0,"4",0
200,"6",0.269313305832686,0,"1",0
200,"6",0.269313305832686,0,"2",0
200,"6",0.269313305832686,0,"3",0
200,"6",0.269313305832686,0,"4",0
200,"6",0.269313305832686,0,"5",0
201,"6",-0.0909802467066405,0,"1",0
201,"6",-0.0909802467066405,0,"2",0
201,"6",-0.0909802467066405,0,"3",0
201,"6",-0.0909802467066405,0,"4",0
201,"6",-0.0909802467066405,0,"5",1
202,"6",-0.038862789657234,1,"1",0
202,"6",-0.038862789657234,1,"2",0
202,"6",-0.038862789657234,1,"3",0
202,"6",-0.038862789657234,1,"4",0
203,"6",-0.545174138268786,1,"1",0
203,"6",-0.545174138268786,1,"2",0
203,"6",-0.545174138268786,1,"3",0
203,"6",-0.545174138268786,1,"4",0
204,"6",-0.533399829460607,0,"1",0
204,"6",-0.533399829460607,0,"2",0
204,"6",-0.533399829460607,0,"3",0
205,"6",0.517136152407042,1,"1",0
205,"6",0.517136152407042,1,"2",0
205,"6",0.517136152407042,1,"3",0
205,"6",0.517136152407042,1,"4",0
206,"6",-0.85074624376007,1,"1",0
206,"6",-0.85074624376007,1,"2",0
206,"6",-0.85074624376007,1,"3",0
206,"6",-0.85074624376007,1,"4",0
206,"6",-0.85074624376007,1,"5",0
206,"6",-0.85074624376007,1,"6",0
207,"6",0.259162766077558,0,"1",0
207,"6",0.259162766077558,0,"2",0
207,"6",0.259162766077558,0,"3",0
208,"6",0.256016048500216,1,"1",0
208,"6",0.256016048500216,1,"2",0
208,"6",0.256016048500216,1,"3",0
208,"6",0.256016048500216,1,"4",0
208,"6",0.256016048500216,1,"5",0
208,"6",0.256016048500216,1,"6",0
209,"6",0.875159115639696,1,"1",0
209,"6",0.875159115639696,1,"2",0
209,"6",0.875159115639696,1,"3",0
209,"6",0.875159115639696,1,"4",0
209,"6",0.875159115639696,1,"5",0
210,"6",-0.713359148574654,1,"1",0
210,"6",-0.713359148574654,1,"2",0
210,"6",-0.713359148574654,1,"3",0
210,"6",-0.713359148574654,1,"4",0
211,"6",-0.739567316143506,1,"1",0
211,"6",-0.739567316143506,1,"2",0
211,"6",-0.739567316143506,1,"3",0
211,"6",-0.739567316143506,1,"4",0
211,"6",-0.739567316143506,1,"5",0
211,"6",-0.739567316143506,1,"6",0
212,"6",1.67914386781943,1,"1",0
212,"6",1.67914386781943,1,"2",0
212,"6",1.67914386781943,1,"3",0
212,"6",1.67914386781943,1,"4",0
212,"6",1.67914386781943,1,"5",0
213,"6",0.0592237396361774,1,"1",0
213,"6",0.0592237396361774,1,"2",0
213,"6",0.0592237396361774,1,"3",0
214,"6",-0.953065522966169,0,"1",0
214,"6",-0.953065522966169,0,"2",0
214,"6",-0.953065522966169,0,"3",0
214,"6",-0.953065522966169,0,"4",0
215,"6",1.18004358642377,0,"1",0
215,"6",1.18004358642377,0,"2",0
215,"6",1.18004358642377,0,"3",0
215,"6",1.18004358642377,0,"4",0
215,"6",1.18004358642377,0,"5",1
216,"6",0.139644989346525,1,"1",0
216,"6",0.139644989346525,1,"2",0
216,"6",0.139644989346525,1,"3",0
216,"6",0.139644989346525,1,"4",0
216,"6",0.139644989346525,1,"5",0
216,"6",0.139644989346525,1,"6",0
217,"6",0.683463155745692,1,"1",0
217,"6",0.683463155745692,1,"2",0
217,"6",0.683463155745692,1,"3",0
217,"6",0.683463155745692,1,"4",0
217,"6",0.683463155745692,1,"5",0
217,"6",0.683463155745692,1,"6",0
218,"6",1.18602712145351,0,"1",0
218,"6",1.18602712145351,0,"2",0
218,"6",1.18602712145351,0,"3",0
218,"6",1.18602712145351,0,"4",0
219,"6",0.487927704425659,0,"1",0
219,"6",0.487927704425659,0,"2",0
219,"6",0.487927704425659,0,"3",0
219,"6",0.487927704425659,0,"4",0
219,"6",0.487927704425659,0,"5",0
219,"6",0.487927704425659,0,"6",0
220,"6",-1.12068351640219,0,"1",0
220,"6",-1.12068351640219,0,"2",0
220,"6",-1.12068351640219,0,"3",0
220,"6",-1.12068351640219,0,"4",0
220,"6",-1.12068351640219,0,"5",0
221,"6",-0.176278870188321,0,"1",0
221,"6",-0.176278870188321,0,"2",0
221,"6",-0.176278870188321,0,"3",0
221,"6",-0.176278870188321,0,"4",0
221,"6",-0.176278870188321,0,"5",0
221,"6",-0.176278870188321,0,"6",1
222,"6",-0.477022865551022,1,"1",0
222,"6",-0.477022865551022,1,"2",0
222,"6",-0.477022865551022,1,"3",0
223,"6",0.829853440187239,1,"1",0
223,"6",0.829853440187239,1,"2",0
223,"6",0.829853440187239,1,"3",0
224,"6",-0.524122774746348,0,"1",0
224,"6",-0.524122774746348,0,"2",1
225,"6",-0.19619127290171,0,"1",0
225,"6",-0.19619127290171,0,"2",0
225,"6",-0.19619127290171,0,"3",0
226,"6",-1.14069328732588,0,"1",0
226,"6",-1.14069328732588,0,"2",0
226,"6",-1.14069328732588,0,"3",1
227,"6",1.27062756155787,0,"1",0
227,"6",1.27062756155787,0,"2",0
227,"6",1.27062756155787,0,"3",0
227,"6",1.27062756155787,0,"4",1
228,"6",-0.0126778718334103,0,"1",0
228,"6",-0.0126778718334103,0,"2",0
228,"6",-0.0126778718334103,0,"3",0
228,"6",-0.0126778718334103,0,"4",0
228,"6",-0.0126778718334103,0,"5",0
228,"6",-0.0126778718334103,0,"6",0
229,"6",-0.393474966471502,1,"1",0
229,"6",-0.393474966471502,1,"2",0
229,"6",-0.393474966471502,1,"3",0
229,"6",-0.393474966471502,1,"4",0
229,"6",-0.393474966471502,1,"5",0
230,"6",-0.163003152977864,1,"1",0
230,"6",-0.163003152977864,1,"2",0
230,"6",-0.163003152977864,1,"3",0
231,"6",0.883477583531272,1,"1",0
231,"6",0.883477583531272,1,"2",0
231,"6",0.883477583531272,1,"3",0
232,"6",1.21481255875335,0,"1",0
232,"6",1.21481255875335,0,"2",0
232,"6",1.21481255875335,0,"3",0
232,"6",1.21481255875335,0,"4",0
233,"6",2.00747644660874,0,"1",0
233,"6",2.00747644660874,0,"2",0
233,"6",2.00747644660874,0,"3",0
233,"6",2.00747644660874,0,"4",0
234,"7",1.41028841832575,0,"1",0
234,"7",1.41028841832575,0,"2",0
234,"7",1.41028841832575,0,"3",0
234,"7",1.41028841832575,0,"4",0
234,"7",1.41028841832575,0,"5",0
235,"7",0.308358141687401,0,"1",1
236,"7",-0.510573199388073,0,"1",0
236,"7",-0.510573199388073,0,"2",0
236,"7",-0.510573199388073,0,"3",0
236,"7",-0.510573199388073,0,"4",0
237,"7",0.279754042186227,0,"1",0
237,"7",0.279754042186227,0,"2",0
237,"7",0.279754042186227,0,"3",0
237,"7",0.279754042186227,0,"4",0
237,"7",0.279754042186227,0,"5",0
237,"7",0.279754042186227,0,"6",0
238,"7",-1.64339511298809,1,"1",0
238,"7",-1.64339511298809,1,"2",0
238,"7",-1.64339511298809,1,"3",0
238,"7",-1.64339511298809,1,"4",0
239,"7",1.40898237698491,1,"1",0
239,"7",1.40898237698491,1,"2",0
239,"7",1.40898237698491,1,"3",0
239,"7",1.40898237698491,1,"4",0
239,"7",1.40898237698491,1,"5",0
239,"7",1.40898237698491,1,"6",0
240,"7",1.02532184003302,1,"1",0
240,"7",1.02532184003302,1,"2",0
240,"7",1.02532184003302,1,"3",0
240,"7",1.02532184003302,1,"4",0
240,"7",1.02532184003302,1,"5",0
241,"7",-1.69659717822817,0,"1",0
241,"7",-1.69659717822817,0,"2",0
241,"7",-1.69659717822817,0,"3",0
242,"7",0.207936303024098,0,"1",0
242,"7",0.207936303024098,0,"2",0
242,"7",0.207936303024098,0,"3",0
242,"7",0.207936303024098,0,"4",0
242,"7",0.207936303024098,0,"5",0
242,"7",0.207936303024098,0,"6",0
243,"7",-0.876956365435682,1,"1",0
243,"7",-0.876956365435682,1,"2",0
243,"7",-0.876956365435682,1,"3",0
243,"7",-0.876956365435682,1,"4",0
243,"7",-0.876956365435682,1,"5",0
243,"7",-0.876956365435682,1,"6",0
244,"7",0.0793314720894329,0,"1",0
244,"7",0.0793314720894329,0,"2",0
244,"7",0.0793314720894329,0,"3",0
244,"7",0.0793314720894329,0,"4",0
244,"7",0.0793314720894329,0,"5",0
245,"7",-0.493004112401468,1,"1",0
245,"7",-0.493004112401468,1,"2",0
245,"7",-0.493004112401468,1,"3",0
246,"7",2.05435644771793,1,"1",1
247,"7",-2.16187669627642,1,"1",0
247,"7",-2.16187669627642,1,"2",0
247,"7",-2.16187669627642,1,"3",1
248,"7",0.0672939192389115,0,"1",0
248,"7",0.0672939192389115,0,"2",0
248,"7",0.0672939192389115,0,"3",0
248,"7",0.0672939192389115,0,"4",0
249,"7",-0.607672974421972,0,"1",0
249,"7",-0.607672974421972,0,"2",0
249,"7",-0.607672974421972,0,"3",0
249,"7",-0.607672974421972,0,"4",0
250,"7",0.197102835095648,0,"1",0
250,"7",0.197102835095648,0,"2",0
250,"7",0.197102835095648,0,"3",0
251,"7",0.27990774878027,1,"1",0
251,"7",0.27990774878027,1,"2",0
251,"7",0.27990774878027,1,"3",0
251,"7",0.27990774878027,1,"4",0
252,"7",-0.191461867830263,0,"1",0
252,"7",-0.191461867830263,0,"2",0
252,"7",-0.191461867830263,0,"3",0
253,"7",-0.126662901976055,0,"1",0
253,"7",-0.126662901976055,0,"2",0
253,"7",-0.126662901976055,0,"3",0
253,"7",-0.126662901976055,0,"4",0
254,"7",-1.29351934141688,1,"1",0
254,"7",-1.29351934141688,1,"2",0
254,"7",-1.29351934141688,1,"3",0
255,"7",-0.584088609325566,0,"1",0
255,"7",-0.584088609325566,0,"2",0
255,"7",-0.584088609325566,0,"3",0
255,"7",-0.584088609325566,0,"4",0
255,"7",-0.584088609325566,0,"5",0
255,"7",-0.584088609325566,0,"6",1
256,"7",-0.293515668420615,0,"1",0
256,"7",-0.293515668420615,0,"2",0
256,"7",-0.293515668420615,0,"3",0
256,"7",-0.293515668420615,0,"4",0
257,"7",1.10100553107019,1,"1",0
257,"7",1.10100553107019,1,"2",0
257,"7",1.10100553107019,1,"3",0
257,"7",1.10100553107019,1,"4",0
257,"7",1.10100553107019,1,"5",0
257,"7",1.10100553107019,1,"6",0
258,"7",-0.103200229164439,1,"1",1
259,"7",1.03944066912477,0,"1",1
260,"7",0.112304611536509,1,"1",1
261,"7",-0.949919509142591,0,"1",0
261,"7",-0.949919509142591,0,"2",0
261,"7",-0.949919509142591,0,"3",0
261,"7",-0.949919509142591,0,"4",0
262,"7",0.098020212451412,1,"1",0
262,"7",0.098020212451412,1,"2",1
263,"7",-0.181894722283198,0,"1",0
263,"7",-0.181894722283198,0,"2",0
263,"7",-0.181894722283198,0,"3",0
264,"7",0.646829293916717,1,"1",0
264,"7",0.646829293916717,1,"2",1
265,"7",0.685404282495146,0,"1",0
265,"7",0.685404282495146,0,"2",0
265,"7",0.685404282495146,0,"3",0
265,"7",0.685404282495146,0,"4",0
265,"7",0.685404282495146,0,"5",0
266,"7",-0.578683036545088,0,"1",0
266,"7",-0.578683036545088,0,"2",0
266,"7",-0.578683036545088,0,"3",0
267,"7",-0.906744382146805,0,"1",0
267,"7",-0.906744382146805,0,"2",0
267,"7",-0.906744382146805,0,"3",0
268,"7",0.477086391676815,0,"1",0
268,"7",0.477086391676815,0,"2",0
268,"7",0.477086391676815,0,"3",0
269,"7",-1.30563517211848,0,"1",0
269,"7",-1.30563517211848,0,"2",0
269,"7",-1.30563517211848,0,"3",0
269,"7",-1.30563517211848,0,"4",0
269,"7",-1.30563517211848,0,"5",0
269,"7",-1.30563517211848,0,"6",0
270,"7",-0.462144203044119,1,"1",0
270,"7",-0.462144203044119,1,"2",0
270,"7",-0.462144203044119,1,"3",0
270,"7",-0.462144203044119,1,"4",0
271,"7",-0.341027395563328,1,"1",0
271,"7",-0.341027395563328,1,"2",0
271,"7",-0.341027395563328,1,"3",0
271,"7",-0.341027395563328,1,"4",0
271,"7",-0.341027395563328,1,"5",0
271,"7",-0.341027395563328,1,"6",0
272,"7",0.408238261255663,0,"1",0
272,"7",0.408238261255663,0,"2",0
272,"7",0.408238261255663,0,"3",0
272,"7",0.408238261255663,0,"4",0
272,"7",0.408238261255663,0,"5",0
273,"7",0.877371558516377,0,"1",0
273,"7",0.877371558516377,0,"2",0
273,"7",0.877371558516377,0,"3",0
273,"7",0.877371558516377,0,"4",0
274,"7",0.913131259102179,1,"1",0
274,"7",0.913131259102179,1,"2",0
274,"7",0.913131259102179,1,"3",0
275,"7",-1.86837119538795,0,"1",0
275,"7",-1.86837119538795,0,"2",0
275,"7",-1.86837119538795,0,"3",0
275,"7",-1.86837119538795,0,"4",1
276,"7",-0.750304950507893,0,"1",0
276,"7",-0.750304950507893,0,"2",0
276,"7",-0.750304950507893,0,"3",0
276,"7",-0.750304950507893,0,"4",0
276,"7",-0.750304950507893,0,"5",0
276,"7",-0.750304950507893,0,"6",0
277,"7",0.135756137758669,0,"1",0
277,"7",0.135756137758669,0,"2",0
277,"7",0.135756137758669,0,"3",0
278,"7",0.0320615285008352,1,"1",0
278,"7",0.0320615285008352,1,"2",0
278,"7",0.0320615285008352,1,"3",0
278,"7",0.0320615285008352,1,"4",0
279,"7",-0.772191949565574,0,"1",0
279,"7",-0.772191949565574,0,"2",1
280,"7",-0.574035884778489,1,"1",0
280,"7",-0.574035884778489,1,"2",0
280,"7",-0.574035884778489,1,"3",0
281,"8",-0.630471753757872,1,"1",0
281,"8",-0.630471753757872,1,"2",0
281,"8",-0.630471753757872,1,"3",0
282,"8",1.20125393277747,1,"1",1
283,"8",-0.0932781230392267,0,"1",0
283,"8",-0.0932781230392267,0,"2",0
283,"8",-0.0932781230392267,0,"3",0
283,"8",-0.0932781230392267,0,"4",0
283,"8",-0.0932781230392267,0,"5",0
283,"8",-0.0932781230392267,0,"6",0
284,"8",-1.0695303422592,0,"1",0
284,"8",-1.0695303422592,0,"2",0
284,"8",-1.0695303422592,0,"3",0
284,"8",-1.0695303422592,0,"4",0
284,"8",-1.0695303422592,0,"5",0
284,"8",-1.0695303422592,0,"6",1
285,"8",1.61692222965019,1,"1",0
285,"8",1.61692222965019,1,"2",1
286,"8",1.1109501913938,1,"1",1
287,"8",-2.25297784797769,1,"1",0
287,"8",-2.25297784797769,1,"2",0
287,"8",-2.25297784797769,1,"3",0
288,"8",-0.728323778695516,0,"1",0
288,"8",-0.728323778695516,0,"2",0
288,"8",-0.728323778695516,0,"3",0
288,"8",-0.728323778695516,0,"4",0
288,"8",-0.728323778695516,0,"5",0
288,"8",-0.728323778695516,0,"6",0
289,"8",0.562026346968917,0,"1",0
289,"8",0.562026346968917,0,"2",0
289,"8",0.562026346968917,0,"3",1
290,"8",0.954226912842927,0,"1",0
290,"8",0.954226912842927,0,"2",1
291,"8",-0.622893313037563,0,"1",0
291,"8",-0.622893313037563,0,"2",0
291,"8",-0.622893313037563,0,"3",0
291,"8",-0.622893313037563,0,"4",0
292,"8",-3.09271596715473,0,"1",0
292,"8",-3.09271596715473,0,"2",0
292,"8",-3.09271596715473,0,"3",0
292,"8",-3.09271596715473,0,"4",0
292,"8",-3.09271596715473,0,"5",0
293,"8",-1.37695985418902,0,"1",0
293,"8",-1.37695985418902,0,"2",0
293,"8",-1.37695985418902,0,"3",0
293,"8",-1.37695985418902,0,"4",0
293,"8",-1.37695985418902,0,"5",0
293,"8",-1.37695985418902,0,"6",0
294,"8",-0.247365841585359,0,"1",0
294,"8",-0.247365841585359,0,"2",0
294,"8",-0.247365841585359,0,"3",0
294,"8",-0.247365841585359,0,"4",0
295,"8",-1.03206682773978,1,"1",0
295,"8",-1.03206682773978,1,"2",0
295,"8",-1.03206682773978,1,"3",0
296,"8",-1.02869579943002,0,"1",0
296,"8",-1.02869579943002,0,"2",0
296,"8",-1.02869579943002,0,"3",0
297,"8",0.0412169033812252,1,"1",0
297,"8",0.0412169033812252,1,"2",0
297,"8",0.0412169033812252,1,"3",0
297,"8",0.0412169033812252,1,"4",0
298,"8",-0.352707430162766,1,"1",0
298,"8",-0.352707430162766,1,"2",0
298,"8",-0.352707430162766,1,"3",0
298,"8",-0.352707430162766,1,"4",0
298,"8",-0.352707430162766,1,"5",0
299,"8",-0.77835922866681,0,"1",0
299,"8",-0.77835922866681,0,"2",0
299,"8",-0.77835922866681,0,"3",0
299,"8",-0.77835922866681,0,"4",0
300,"8",-0.318268462145769,0,"1",0
300,"8",-0.318268462145769,0,"2",0
300,"8",-0.318268462145769,0,"3",0
300,"8",-0.318268462145769,0,"4",0
301,"8",0.866496666426369,0,"1",1
302,"8",0.690110216007235,1,"1",0
302,"8",0.690110216007235,1,"2",0
302,"8",0.690110216007235,1,"3",0
302,"8",0.690110216007235,1,"4",0
303,"8",1.9670135723267,0,"1",0
303,"8",1.9670135723267,0,"2",1
304,"8",0.149661918295694,0,"1",0
304,"8",0.149661918295694,0,"2",0
304,"8",0.149661918295694,0,"3",0
304,"8",0.149661918295694,0,"4",1
305,"8",-1.07367308399205,0,"1",0
305,"8",-1.07367308399205,0,"2",0
305,"8",-1.07367308399205,0,"3",0
305,"8",-1.07367308399205,0,"4",0
305,"8",-1.07367308399205,0,"5",0
305,"8",-1.07367308399205,0,"6",0
306,"8",0.376991932941398,1,"1",0
306,"8",0.376991932941398,1,"2",0
306,"8",0.376991932941398,1,"3",1
307,"8",-1.47031744373413,1,"1",0
307,"8",-1.47031744373413,1,"2",0
307,"8",-1.47031744373413,1,"3",0
307,"8",-1.47031744373413,1,"4",0
307,"8",-1.47031744373413,1,"5",0
307,"8",-1.47031744373413,1,"6",0
308,"8",-0.284335074317083,0,"1",0
308,"8",-0.284335074317083,0,"2",0
308,"8",-0.284335074317083,0,"3",0
308,"8",-0.284335074317083,0,"4",1
309,"8",1.61097699506027,0,"1",1
310,"8",-0.0407762145359117,1,"1",0
310,"8",-0.0407762145359117,1,"2",0
310,"8",-0.0407762145359117,1,"3",0
311,"8",-0.311597495120252,1,"1",1
312,"8",-0.613365958479139,0,"1",0
312,"8",-0.613365958479139,0,"2",0
312,"8",-0.613365958479139,0,"3",0
312,"8",-0.613365958479139,0,"4",0
313,"8",-1.19722424861257,0,"1",0
313,"8",-1.19722424861257,0,"2",0
313,"8",-1.19722424861257,0,"3",0
314,"8",-0.535157540762708,1,"1",0
314,"8",-0.535157540762708,1,"2",0
314,"8",-0.535157540762708,1,"3",0
314,"8",-0.535157540762708,1,"4",0
314,"8",-0.535157540762708,1,"5",0
315,"8",-0.85245296476131,1,"1",0
315,"8",-0.85245296476131,1,"2",0
315,"8",-0.85245296476131,1,"3",0
316,"8",-0.953124995582276,0,"1",0
316,"8",-0.953124995582276,0,"2",0
316,"8",-0.953124995582276,0,"3",0
316,"8",-0.953124995582276,0,"4",0
316,"8",-0.953124995582276,0,"5",1
317,"8",0.181181707326366,0,"1",0
317,"8",0.181181707326366,0,"2",1
318,"8",-2.36779013147654,1,"1",0
318,"8",-2.36779013147654,1,"2",0
318,"8",-2.36779013147654,1,"3",1
319,"9",1.7738063938249,1,"1",0
319,"9",1.7738063938249,1,"2",0
319,"9",1.7738063938249,1,"3",0
319,"9",1.7738063938249,1,"4",0
320,"9",0.985016044707059,1,"1",0
320,"9",0.985016044707059,1,"2",0
320,"9",0.985016044707059,1,"3",0
320,"9",0.985016044707059,1,"4",0
321,"9",0.410117909302257,1,"1",0
321,"9",0.410117909302257,1,"2",0
321,"9",0.410117909302257,1,"3",0
321,"9",0.410117909302257,1,"4",0
322,"9",0.150341642619214,0,"1",0
322,"9",0.150341642619214,0,"2",0
322,"9",0.150341642619214,0,"3",0
322,"9",0.150341642619214,0,"4",0
323,"9",-0.0149719601720298,1,"1",0
323,"9",-0.0149719601720298,1,"2",0
323,"9",-0.0149719601720298,1,"3",0
323,"9",-0.0149719601720298,1,"4",0
323,"9",-0.0149719601720298,1,"5",0
324,"9",0.225195938208632,1,"1",0
324,"9",0.225195938208632,1,"2",0
324,"9",0.225195938208632,1,"3",1
325,"9",-0.975002348336012,0,"1",0
325,"9",-0.975002348336012,0,"2",0
325,"9",-0.975002348336012,0,"3",0
325,"9",-0.975002348336012,0,"4",0
325,"9",-0.975002348336012,0,"5",0
326,"9",0.537965003553568,1,"1",0
326,"9",0.537965003553568,1,"2",0
326,"9",0.537965003553568,1,"3",0
326,"9",0.537965003553568,1,"4",0
326,"9",0.537965003553568,1,"5",1
327,"9",1.71309102610453,0,"1",0
327,"9",1.71309102610453,0,"2",0
327,"9",1.71309102610453,0,"3",1
328,"9",0.0810537746745928,1,"1",0
328,"9",0.0810537746745928,1,"2",0
328,"9",0.0810537746745928,1,"3",0
328,"9",0.0810537746745928,1,"4",0
328,"9",0.0810537746745928,1,"5",0
329,"9",1.25181103330366,0,"1",0
329,"9",1.25181103330366,0,"2",0
329,"9",1.25181103330366,0,"3",0
329,"9",1.25181103330366,0,"4",0
329,"9",1.25181103330366,0,"5",1
330,"9",-0.154306725632414,0,"1",1
331,"9",0.443659737270438,0,"1",0
331,"9",0.443659737270438,0,"2",0
331,"9",0.443659737270438,0,"3",0
331,"9",0.443659737270438,0,"4",0
332,"9",-0.177617962272054,1,"1",0
332,"9",-0.177617962272054,1,"2",0
332,"9",-0.177617962272054,1,"3",0
332,"9",-0.177617962272054,1,"4",0
333,"9",0.162030414827256,0,"1",0
333,"9",0.162030414827256,0,"2",0
333,"9",0.162030414827256,0,"3",0
333,"9",0.162030414827256,0,"4",0
334,"9",-0.245736878818855,0,"1",0
334,"9",-0.245736878818855,0,"2",0
334,"9",-0.245736878818855,0,"3",0
334,"9",-0.245736878818855,0,"4",0
334,"9",-0.245736878818855,0,"5",0
335,"9",-0.75900231957352,0,"1",0
335,"9",-0.75900231957352,0,"2",0
335,"9",-0.75900231957352,0,"3",0
335,"9",-0.75900231957352,0,"4",0
335,"9",-0.75900231957352,0,"5",0
336,"9",0.106350504086894,0,"1",0
336,"9",0.106350504086894,0,"2",0
336,"9",0.106350504086894,0,"3",0
337,"9",-0.112054432882044,0,"1",0
337,"9",-0.112054432882044,0,"2",0
337,"9",-0.112054432882044,0,"3",0
338,"9",-0.214600827943855,1,"1",0
338,"9",-0.214600827943855,1,"2",0
338,"9",-0.214600827943855,1,"3",0
339,"9",-0.612807850344543,0,"1",0
339,"9",-0.612807850344543,0,"2",0
339,"9",-0.612807850344543,0,"3",0
339,"9",-0.612807850344543,0,"4",0
339,"9",-0.612807850344543,0,"5",0
340,"9",0.943838937669025,0,"1",0
340,"9",0.943838937669025,0,"2",0
340,"9",0.943838937669025,0,"3",0
340,"9",0.943838937669025,0,"4",0
340,"9",0.943838937669025,0,"5",1
341,"9",-0.125311477601259,0,"1",0
341,"9",-0.125311477601259,0,"2",0
341,"9",-0.125311477601259,0,"3",1
342,"9",0.100122242609168,0,"1",0
342,"9",0.100122242609168,0,"2",0
342,"9",0.100122242609168,0,"3",0
342,"9",0.100122242609168,0,"4",0
342,"9",0.100122242609168,0,"5",0
342,"9",0.100122242609168,0,"6",0
343,"9",-0.753424932770052,1,"1",0
343,"9",-0.753424932770052,1,"2",0
343,"9",-0.753424932770052,1,"3",0
344,"9",-0.933611940064103,1,"1",0
344,"9",-0.933611940064103,1,"2",0
344,"9",-0.933611940064103,1,"3",0
345,"9",-0.796420632466175,1,"1",0
345,"9",-0.796420632466175,1,"2",0
345,"9",-0.796420632466175,1,"3",0
345,"9",-0.796420632466175,1,"4",0
346,"9",1.04029900934182,1,"1",0
346,"9",1.04029900934182,1,"2",0
346,"9",1.04029900934182,1,"3",0
346,"9",1.04029900934182,1,"4",0
346,"9",1.04029900934182,1,"5",0
347,"9",0.0867854376036685,1,"1",0
347,"9",0.0867854376036685,1,"2",0
347,"9",0.0867854376036685,1,"3",0
347,"9",0.0867854376036685,1,"4",0
347,"9",0.0867854376036685,1,"5",0
347,"9",0.0867854376036685,1,"6",1
348,"9",-2.13377357537453,0,"1",0
348,"9",-2.13377357537453,0,"2",0
348,"9",-2.13377357537453,0,"3",0
348,"9",-2.13377357537453,0,"4",0
348,"9",-2.13377357537453,0,"5",0
349,"9",0.442169559207144,0,"1",0
349,"9",0.442169559207144,0,"2",0
349,"9",0.442169559207144,0,"3",0
349,"9",0.442169559207144,0,"4",0
349,"9",0.442169559207144,0,"5",0
349,"9",0.442169559207144,0,"6",0
350,"9",0.825486182523604,1,"1",0
350,"9",0.825486182523604,1,"2",0
350,"9",0.825486182523604,1,"3",0
350,"9",0.825486182523604,1,"4",0
351,"9",-0.304006319213854,0,"1",0
351,"9",-0.304006319213854,0,"2",0
351,"9",-0.304006319213854,0,"3",0
352,"9",-0.715449746773112,1,"1",0
352,"9",-0.715449746773112,1,"2",0
352,"9",-0.715449746773112,1,"3",0
352,"9",-0.715449746773112,1,"4",0
352,"9",-0.715449746773112,1,"5",0
353,"9",-0.663822831110692,1,"1",0
353,"9",-0.663822831110692,1,"2",0
353,"9",-0.663822831110692,1,"3",0
353,"9",-0.663822831110692,1,"4",0
354,"9",0.350005032401119,1,"1",0
354,"9",0.350005032401119,1,"2",0
354,"9",0.350005032401119,1,"3",0
354,"9",0.350005032401119,1,"4",0
354,"9",0.350005032401119,1,"5",0
354,"9",0.350005032401119,1,"6",0
355,"9",-0.687611206404879,1,"1",0
355,"9",-0.687611206404879,1,"2",0
355,"9",-0.687611206404879,1,"3",0
355,"9",-0.687611206404879,1,"4",0
355,"9",-0.687611206404879,1,"5",0
355,"9",-0.687611206404879,1,"6",0
356,"9",1.10671719258971,0,"1",1
357,"9",-0.952140843170026,0,"1",0
357,"9",-0.952140843170026,0,"2",0
357,"9",-0.952140843170026,0,"3",0
358,"9",1.51074168339219,0,"1",0
358,"9",1.51074168339219,0,"2",0
358,"9",1.51074168339219,0,"3",0
358,"9",1.51074168339219,0,"4",0
359,"9",0.347991024478428,0,"1",0
359,"9",0.347991024478428,0,"2",0
359,"9",0.347991024478428,0,"3",0
359,"9",0.347991024478428,0,"4",0
359,"9",0.347991024478428,0,"5",0
359,"9",0.347991024478428,0,"6",0
360,"10",-1.37603128440476,1,"1",0
360,"10",-1.37603128440476,1,"2",0
360,"10",-1.37603128440476,1,"3",0
360,"10",-1.37603128440476,1,"4",0
360,"10",-1.37603128440476,1,"5",0
361,"10",-0.845028192571273,0,"1",0
361,"10",-0.845028192571273,0,"2",0
361,"10",-0.845028192571273,0,"3",0
361,"10",-0.845028192571273,0,"4",0
362,"10",-0.259119183284288,1,"1",0
362,"10",-0.259119183284288,1,"2",0
362,"10",-0.259119183284288,1,"3",0
363,"10",-0.896331702889911,0,"1",0
363,"10",-0.896331702889911,0,"2",0
363,"10",-0.896331702889911,0,"3",0
364,"10",-0.832388037080862,1,"1",0
364,"10",-0.832388037080862,1,"2",0
364,"10",-0.832388037080862,1,"3",0
364,"10",-0.832388037080862,1,"4",0
364,"10",-0.832388037080862,1,"5",0
365,"10",1.47965254634419,1,"1",0
365,"10",1.47965254634419,1,"2",0
365,"10",1.47965254634419,1,"3",0
365,"10",1.47965254634419,1,"4",0
365,"10",1.47965254634419,1,"5",0
365,"10",1.47965254634419,1,"6",0
366,"10",-0.222804727605342,1,"1",0
366,"10",-0.222804727605342,1,"2",0
366,"10",-0.222804727605342,1,"3",0
366,"10",-0.222804727605342,1,"4",0
366,"10",-0.222804727605342,1,"5",0
367,"10",0.277156868532745,1,"1",0
367,"10",0.277156868532745,1,"2",0
367,"10",0.277156868532745,1,"3",0
368,"10",-0.941613803295154,0,"1",0
368,"10",-0.941613803295154,0,"2",0
368,"10",-0.941613803295154,0,"3",0
368,"10",-0.941613803295154,0,"4",0
368,"10",-0.941613803295154,0,"5",0
368,"10",-0.941613803295154,0,"6",0
369,"10",-0.328895431570353,0,"1",0
369,"10",-0.328895431570353,0,"2",0
369,"10",-0.328895431570353,0,"3",0
370,"10",0.157277139871881,0,"1",0
370,"10",0.157277139871881,0,"2",0
370,"10",0.157277139871881,0,"3",0
370,"10",0.157277139871881,0,"4",0
370,"10",0.157277139871881,0,"5",0
370,"10",0.157277139871881,0,"6",0
371,"10",-0.456260145434856,0,"1",0
371,"10",-0.456260145434856,0,"2",0
371,"10",-0.456260145434856,0,"3",0
371,"10",-0.456260145434856,0,"4",0
371,"10",-0.456260145434856,0,"5",0
371,"10",-0.456260145434856,0,"6",0
372,"10",-0.52284027640385,0,"1",0
372,"10",-0.52284027640385,0,"2",0
372,"10",-0.52284027640385,0,"3",0
372,"10",-0.52284027640385,0,"4",0
372,"10",-0.52284027640385,0,"5",0
373,"10",-1.76984400274163,1,"1",0
373,"10",-1.76984400274163,1,"2",0
373,"10",-1.76984400274163,1,"3",0
374,"10",-0.561997419802982,0,"1",0
374,"10",-0.561997419802982,0,"2",0
374,"10",-0.561997419802982,0,"3",0
374,"10",-0.561997419802982,0,"4",0
375,"10",0.248093299974713,0,"1",0
375,"10",0.248093299974713,0,"2",0
375,"10",0.248093299974713,0,"3",0
375,"10",0.248093299974713,0,"4",0
375,"10",0.248093299974713,0,"5",1
376,"10",-0.0603445611642767,0,"1",0
376,"10",-0.0603445611642767,0,"2",0
376,"10",-0.0603445611642767,0,"3",0
376,"10",-0.0603445611642767,0,"4",0
377,"10",-1.0816490750083,0,"1",0
377,"10",-1.0816490750083,0,"2",0
377,"10",-1.0816490750083,0,"3",0
377,"10",-1.0816490750083,0,"4",0
378,"10",1.35888285667351,1,"1",0
378,"10",1.35888285667351,1,"2",0
378,"10",1.35888285667351,1,"3",0
378,"10",1.35888285667351,1,"4",0
378,"10",1.35888285667351,1,"5",0
378,"10",1.35888285667351,1,"6",0
379,"10",-0.0107965738154326,1,"1",0
379,"10",-0.0107965738154326,1,"2",0
379,"10",-0.0107965738154326,1,"3",0
380,"10",0.590024341332118,1,"1",0
380,"10",0.590024341332118,1,"2",0
380,"10",0.590024341332118,1,"3",0
381,"10",0.586904711934262,0,"1",0
381,"10",0.586904711934262,0,"2",0
381,"10",0.586904711934262,0,"3",0
381,"10",0.586904711934262,0,"4",0
381,"10",0.586904711934262,0,"5",0
382,"10",0.478902011120637,1,"1",0
382,"10",0.478902011120637,1,"2",0
382,"10",0.478902011120637,1,"3",0
382,"10",0.478902011120637,1,"4",1
383,"10",-0.910035120224253,1,"1",0
383,"10",-0.910035120224253,1,"2",0
383,"10",-0.910035120224253,1,"3",0
384,"10",0.853258837628469,1,"1",0
384,"10",0.853258837628469,1,"2",0
384,"10",0.853258837628469,1,"3",0
384,"10",0.853258837628469,1,"4",0
384,"10",0.853258837628469,1,"5",0
384,"10",0.853258837628469,1,"6",0
385,"10",1.60112187907519,0,"1",0
385,"10",1.60112187907519,0,"2",0
385,"10",1.60112187907519,0,"3",0
385,"10",1.60112187907519,0,"4",0
385,"10",1.60112187907519,0,"5",0
385,"10",1.60112187907519,0,"6",0
386,"10",1.18521765108799,0,"1",0
386,"10",1.18521765108799,0,"2",0
386,"10",1.18521765108799,0,"3",0
387,"10",-1.47676793821499,0,"1",0
387,"10",-1.47676793821499,0,"2",0
387,"10",-1.47676793821499,0,"3",0
387,"10",-1.47676793821499,0,"4",0
387,"10",-1.47676793821499,0,"5",0
388,"10",0.441537559216931,1,"1",0
388,"10",0.441537559216931,1,"2",0
388,"10",0.441537559216931,1,"3",0
389,"10",-0.211154386312991,1,"1",0
389,"10",-0.211154386312991,1,"2",0
389,"10",-0.211154386312991,1,"3",0
389,"10",-0.211154386312991,1,"4",0
390,"10",-1.01912061975944,0,"1",0
390,"10",-1.01912061975944,0,"2",0
390,"10",-1.01912061975944,0,"3",0
390,"10",-1.01912061975944,0,"4",0
391,"10",0.609260256395689,0,"1",0
391,"10",0.609260256395689,0,"2",0
391,"10",0.609260256395689,0,"3",0
391,"10",0.609260256395689,0,"4",0
391,"10",0.609260256395689,0,"5",0
391,"10",0.609260256395689,0,"6",0
392,"10",-0.0508391251793422,0,"1",0
392,"10",-0.0508391251793422,0,"2",0
392,"10",-0.0508391251793422,0,"3",0
393,"10",0.264726812138851,0,"1",0
393,"10",0.264726812138851,0,"2",0
393,"10",0.264726812138851,0,"3",0
393,"10",0.264726812138851,0,"4",0
394,"10",0.742137692125201,1,"1",0
394,"10",0.742137692125201,1,"2",0
394,"10",0.742137692125201,1,"3",0
394,"10",0.742137692125201,1,"4",0
394,"10",0.742137692125201,1,"5",0
395,"11",-1.58122260545976,0,"1",0
395,"11",-1.58122260545976,0,"2",0
395,"11",-1.58122260545976,0,"3",0
395,"11",-1.58122260545976,0,"4",0
396,"11",-0.832665788704618,1,"1",0
396,"11",-0.832665788704618,1,"2",0
396,"11",-0.832665788704618,1,"3",0
397,"11",0.278021418368772,0,"1",0
397,"11",0.278021418368772,0,"2",0
397,"11",0.278021418368772,0,"3",0
398,"11",-1.27282847135562,1,"1",0
398,"11",-1.27282847135562,1,"2",0
398,"11",-1.27282847135562,1,"3",0
398,"11",-1.27282847135562,1,"4",0
398,"11",-1.27282847135562,1,"5",0
398,"11",-1.27282847135562,1,"6",0
399,"11",-0.126973390980109,0,"1",0
399,"11",-0.126973390980109,0,"2",0
399,"11",-0.126973390980109,0,"3",0
399,"11",-0.126973390980109,0,"4",0
399,"11",-0.126973390980109,0,"5",0
400,"11",-0.294946625728933,1,"1",0
400,"11",-0.294946625728933,1,"2",0
400,"11",-0.294946625728933,1,"3",0
401,"11",0.889697990498898,1,"1",0
401,"11",0.889697990498898,1,"2",0
401,"11",0.889697990498898,1,"3",0
402,"11",-0.211487627615815,1,"1",0
402,"11",-0.211487627615815,1,"2",0
402,"11",-0.211487627615815,1,"3",0
403,"11",0.827915705225898,0,"1",0
403,"11",0.827915705225898,0,"2",0
403,"11",0.827915705225898,0,"3",0
403,"11",0.827915705225898,0,"4",0
403,"11",0.827915705225898,0,"5",0
403,"11",0.827915705225898,0,"6",0
404,"11",-1.29901454921158,0,"1",0
404,"11",-1.29901454921158,0,"2",0
404,"11",-1.29901454921158,0,"3",0
404,"11",-1.29901454921158,0,"4",0
404,"11",-1.29901454921158,0,"5",0
405,"11",1.52170082764376,1,"1",0
405,"11",1.52170082764376,1,"2",0
405,"11",1.52170082764376,1,"3",0
406,"11",-0.809958298828619,0,"1",0
406,"11",-0.809958298828619,0,"2",0
406,"11",-0.809958298828619,0,"3",0
406,"11",-0.809958298828619,0,"4",0
407,"11",1.52564543852346,1,"1",0
407,"11",1.52564543852346,1,"2",0
407,"11",1.52564543852346,1,"3",0
407,"11",1.52564543852346,1,"4",0
407,"11",1.52564543852346,1,"5",0
408,"11",0.969071571916195,1,"1",0
408,"11",0.969071571916195,1,"2",0
408,"11",0.969071571916195,1,"3",0
408,"11",0.969071571916195,1,"4",0
409,"11",-0.0863715392180988,1,"1",0
409,"11",-0.0863715392180988,1,"2",0
409,"11",-0.0863715392180988,1,"3",0
409,"11",-0.0863715392180988,1,"4",0
410,"11",0.805190358747219,0,"1",0
410,"11",0.805190358747219,0,"2",0
410,"11",0.805190358747219,0,"3",0
411,"11",0.275071147720374,0,"1",0
411,"11",0.275071147720374,0,"2",0
411,"11",0.275071147720374,0,"3",0
411,"11",0.275071147720374,0,"4",0
412,"11",-0.475381162401043,1,"1",0
412,"11",-0.475381162401043,1,"2",0
412,"11",-0.475381162401043,1,"3",0
412,"11",-0.475381162401043,1,"4",0
412,"11",-0.475381162401043,1,"5",0
412,"11",-0.475381162401043,1,"6",0
413,"11",-1.06734880298308,0,"1",0
413,"11",-1.06734880298308,0,"2",0
413,"11",-1.06734880298308,0,"3",0
413,"11",-1.06734880298308,0,"4",0
414,"11",0.80260703009887,0,"1",0
414,"11",0.80260703009887,0,"2",0
414,"11",0.80260703009887,0,"3",0
414,"11",0.80260703009887,0,"4",0
415,"11",1.07488821937982,1,"1",0
415,"11",1.07488821937982,1,"2",1
416,"11",-1.07286859621127,0,"1",0
416,"11",-1.07286859621127,0,"2",0
416,"11",-1.07286859621127,0,"3",0
416,"11",-1.07286859621127,0,"4",0
416,"11",-1.07286859621127,0,"5",0
416,"11",-1.07286859621127,0,"6",0
417,"11",-0.116861306407277,0,"1",1
418,"11",-0.542955971703096,0,"1",0
418,"11",-0.542955971703096,0,"2",0
418,"11",-0.542955971703096,0,"3",0
418,"11",-0.542955971703096,0,"4",0
419,"11",-0.0437688616215388,1,"1",0
419,"11",-0.0437688616215388,1,"2",0
419,"11",-0.0437688616215388,1,"3",0
419,"11",-0.0437688616215388,1,"4",0
419,"11",-0.0437688616215388,1,"5",0
419,"11",-0.0437688616215388,1,"6",0
420,"11",-0.825931315783741,0,"1",0
420,"11",-0.825931315783741,0,"2",0
420,"11",-0.825931315783741,0,"3",0
421,"11",0.25692515456869,0,"1",0
421,"11",0.25692515456869,0,"2",0
421,"11",0.25692515456869,0,"3",0
421,"11",0.25692515456869,0,"4",0
422,"11",-0.178185430448959,0,"1",0
422,"11",-0.178185430448959,0,"2",0
422,"11",-0.178185430448959,0,"3",0
422,"11",-0.178185430448959,0,"4",0
422,"11",-0.178185430448959,0,"5",1
423,"12",-0.642280081939691,1,"1",0
423,"12",-0.642280081939691,1,"2",0
423,"12",-0.642280081939691,1,"3",0
424,"12",-0.982503245642747,0,"1",0
424,"12",-0.982503245642747,0,"2",0
424,"12",-0.982503245642747,0,"3",0
425,"12",0.145218528659949,0,"1",0
425,"12",0.145218528659949,0,"2",0
425,"12",0.145218528659949,0,"3",0
425,"12",0.145218528659949,0,"4",0
425,"12",0.145218528659949,0,"5",0
426,"12",1.01149119750347,1,"1",0
426,"12",1.01149119750347,1,"2",0
426,"12",1.01149119750347,1,"3",0
426,"12",1.01149119750347,1,"4",0
426,"12",1.01149119750347,1,"5",0
427,"12",0.703331644141923,0,"1",0
427,"12",0.703331644141923,0,"2",1
428,"12",-0.360423651417129,1,"1",0
428,"12",-0.360423651417129,1,"2",0
428,"12",-0.360423651417129,1,"3",0
428,"12",-0.360423651417129,1,"4",0
429,"12",-0.775357764269416,0,"1",0
429,"12",-0.775357764269416,0,"2",0
429,"12",-0.775357764269416,0,"3",0
430,"12",-0.257420316265324,1,"1",0
430,"12",-0.257420316265324,1,"2",0
430,"12",-0.257420316265324,1,"3",0
430,"12",-0.257420316265324,1,"4",0
431,"12",-0.0774138432332622,1,"1",0
431,"12",-0.0774138432332622,1,"2",0
431,"12",-0.0774138432332622,1,"3",0
431,"12",-0.0774138432332622,1,"4",0
431,"12",-0.0774138432332622,1,"5",0
431,"12",-0.0774138432332622,1,"6",0
432,"12",0.25329191435339,1,"1",0
432,"12",0.25329191435339,1,"2",0
432,"12",0.25329191435339,1,"3",0
433,"12",-0.434901037205284,1,"1",0
433,"12",-0.434901037205284,1,"2",0
433,"12",-0.434901037205284,1,"3",0
433,"12",-0.434901037205284,1,"4",0
433,"12",-0.434901037205284,1,"5",0
434,"12",0.411721221559967,0,"1",0
434,"12",0.411721221559967,0,"2",0
434,"12",0.411721221559967,0,"3",0
434,"12",0.411721221559967,0,"4",0
434,"12",0.411721221559967,0,"5",0
435,"12",-0.0429076691853098,1,"1",0
435,"12",-0.0429076691853098,1,"2",0
435,"12",-0.0429076691853098,1,"3",0
435,"12",-0.0429076691853098,1,"4",0
435,"12",-0.0429076691853098,1,"5",0
436,"12",-1.08672321570025,0,"1",0
436,"12",-1.08672321570025,0,"2",0
436,"12",-1.08672321570025,0,"3",0
436,"12",-1.08672321570025,0,"4",0
437,"12",0.786282573464295,1,"1",0
437,"12",0.786282573464295,1,"2",0
437,"12",0.786282573464295,1,"3",0
437,"12",0.786282573464295,1,"4",0
437,"12",0.786282573464295,1,"5",0
438,"12",-0.727223074724974,0,"1",1
439,"12",-0.564680752292079,0,"1",0
439,"12",-0.564680752292079,0,"2",0
439,"12",-0.564680752292079,0,"3",0
439,"12",-0.564680752292079,0,"4",0
439,"12",-0.564680752292079,0,"5",1
440,"12",2.43428451422188,1,"1",1
441,"12",-1.56340760100579,0,"1",0
441,"12",-1.56340760100579,0,"2",0
441,"12",-1.56340760100579,0,"3",0
441,"12",-1.56340760100579,0,"4",0
441,"12",-1.56340760100579,0,"5",0
441,"12",-1.56340760100579,0,"6",0
442,"12",0.467736886579818,1,"1",0
442,"12",0.467736886579818,1,"2",0
442,"12",0.467736886579818,1,"3",0
442,"12",0.467736886579818,1,"4",0
443,"12",-0.527295365776434,1,"1",0
443,"12",-0.527295365776434,1,"2",0
443,"12",-0.527295365776434,1,"3",0
443,"12",-0.527295365776434,1,"4",0
443,"12",-0.527295365776434,1,"5",0
443,"12",-0.527295365776434,1,"6",0
444,"12",0.806096838752646,0,"1",0
444,"12",0.806096838752646,0,"2",0
444,"12",0.806096838752646,0,"3",0
445,"12",0.0264548359722473,0,"1",0
445,"12",0.0264548359722473,0,"2",0
445,"12",0.0264548359722473,0,"3",0
445,"12",0.0264548359722473,0,"4",0
446,"12",0.887539070429017,0,"1",0
446,"12",0.887539070429017,0,"2",0
446,"12",0.887539070429017,0,"3",0
446,"12",0.887539070429017,0,"4",0
447,"12",1.35353095752937,0,"1",0
447,"12",1.35353095752937,0,"2",0
447,"12",1.35353095752937,0,"3",0
447,"12",1.35353095752937,0,"4",0
448,"12",0.751813920800136,0,"1",0
448,"12",0.751813920800136,0,"2",0
448,"12",0.751813920800136,0,"3",0
448,"12",0.751813920800136,0,"4",0
448,"12",0.751813920800136,0,"5",0
448,"12",0.751813920800136,0,"6",0
449,"12",-0.411051484860591,1,"1",0
449,"12",-0.411051484860591,1,"2",0
449,"12",-0.411051484860591,1,"3",0
449,"12",-0.411051484860591,1,"4",0
449,"12",-0.411051484860591,1,"5",0
449,"12",-0.411051484860591,1,"6",0
450,"12",-1.00389028046495,1,"1",0
450,"12",-1.00389028046495,1,"2",0
450,"12",-1.00389028046495,1,"3",0
450,"12",-1.00389028046495,1,"4",0
451,"12",-1.8314102845005,1,"1",0
451,"12",-1.8314102845005,1,"2",0
451,"12",-1.8314102845005,1,"3",0
451,"12",-1.8314102845005,1,"4",0
451,"12",-1.8314102845005,1,"5",0
452,"12",0.0247473199224253,0,"1",0
452,"12",0.0247473199224253,0,"2",0
452,"12",0.0247473199224253,0,"3",0
452,"12",0.0247473199224253,0,"4",0
452,"12",0.0247473199224253,0,"5",0
453,"12",0.52429679364128,0,"1",0
453,"12",0.52429679364128,0,"2",0
453,"12",0.52429679364128,0,"3",0
454,"12",-0.103740963564913,1,"1",0
454,"12",-0.103740963564913,1,"2",0
454,"12",-0.103740963564913,1,"3",0
454,"12",-0.103740963564913,1,"4",0
454,"12",-0.103740963564913,1,"5",0
454,"12",-0.103740963564913,1,"6",0
455,"12",0.18732883391183,0,"1",0
455,"12",0.18732883391183,0,"2",0
455,"12",0.18732883391183,0,"3",0
456,"13",-0.839546997471937,0,"1",0
456,"13",-0.839546997471937,0,"2",0
456,"13",-0.839546997471937,0,"3",0
456,"13",-0.839546997471937,0,"4",0
456,"13",-0.839546997471937,0,"5",0
457,"13",0.714860127175716,0,"1",1
458,"13",0.791679417992086,1,"1",0
458,"13",0.791679417992086,1,"2",0
458,"13",0.791679417992086,1,"3",0
458,"13",0.791679417992086,1,"4",1
459,"13",0.164874271313344,1,"1",0
459,"13",0.164874271313344,1,"2",0
459,"13",0.164874271313344,1,"3",0
460,"13",-0.192094406810738,1,"1",0
460,"13",-0.192094406810738,1,"2",0
460,"13",-0.192094406810738,1,"3",0
460,"13",-0.192094406810738,1,"4",1
461,"13",-0.829641844948684,0,"1",0
461,"13",-0.829641844948684,0,"2",1
462,"13",0.297308201258542,0,"1",0
462,"13",0.297308201258542,0,"2",1
463,"13",-1.13434212508806,0,"1",0
463,"13",-1.13434212508806,0,"2",0
463,"13",-1.13434212508806,0,"3",0
463,"13",-1.13434212508806,0,"4",0
464,"13",-0.962124784928957,0,"1",0
464,"13",-0.962124784928957,0,"2",0
464,"13",-0.962124784928957,0,"3",0
464,"13",-0.962124784928957,0,"4",0
464,"13",-0.962124784928957,0,"5",0
465,"13",0.727302398219604,1,"1",1
466,"13",-0.257656154115486,1,"1",0
466,"13",-0.257656154115486,1,"2",0
466,"13",-0.257656154115486,1,"3",0
466,"13",-0.257656154115486,1,"4",0
466,"13",-0.257656154115486,1,"5",0
467,"13",-0.620205836088794,0,"1",0
467,"13",-0.620205836088794,0,"2",0
467,"13",-0.620205836088794,0,"3",0
468,"13",-1.03734285779688,1,"1",0
468,"13",-1.03734285779688,1,"2",0
468,"13",-1.03734285779688,1,"3",1
469,"13",-1.07405679799196,1,"1",0
469,"13",-1.07405679799196,1,"2",0
469,"13",-1.07405679799196,1,"3",0
470,"13",0.998277054446456,1,"1",1
471,"13",-0.529168411395849,1,"1",0
471,"13",-0.529168411395849,1,"2",0
471,"13",-0.529168411395849,1,"3",0
471,"13",-0.529168411395849,1,"4",0
472,"13",0.0138833373124749,1,"1",0
472,"13",0.0138833373124749,1,"2",0
472,"13",0.0138833373124749,1,"3",0
472,"13",0.0138833373124749,1,"4",0
473,"13",0.107324187545717,1,"1",1
474,"13",-0.109666453552802,0,"1",0
474,"13",-0.109666453552802,0,"2",0
474,"13",-0.109666453552802,0,"3",0
474,"13",-0.109666453552802,0,"4",1
475,"13",-0.15011567735835,1,"1",0
475,"13",-0.15011567735835,1,"2",0
475,"13",-0.15011567735835,1,"3",0
475,"13",-0.15011567735835,1,"4",0
476,"13",-0.134367946321798,1,"1",1
477,"13",1.07763734529528,0,"1",0
477,"13",1.07763734529528,0,"2",0
477,"13",1.07763734529528,0,"3",1
478,"13",-0.809426579191955,0,"1",0
478,"13",-0.809426579191955,0,"2",0
478,"13",-0.809426579191955,0,"3",0
478,"13",-0.809426579191955,0,"4",0
478,"13",-0.809426579191955,0,"5",0
479,"13",0.309447252255646,0,"1",0
479,"13",0.309447252255646,0,"2",1
480,"13",0.167494544563027,0,"1",0
480,"13",0.167494544563027,0,"2",0
480,"13",0.167494544563027,0,"3",1
481,"13",-1.72768092610618,1,"1",0
481,"13",-1.72768092610618,1,"2",0
481,"13",-1.72768092610618,1,"3",0
481,"13",-1.72768092610618,1,"4",0
481,"13",-1.72768092610618,1,"5",0
482,"13",0.584529771088763,0,"1",0
482,"13",0.584529771088763,0,"2",0
482,"13",0.584529771088763,0,"3",0
482,"13",0.584529771088763,0,"4",1
483,"13",-1.60278140702854,0,"1",0
483,"13",-1.60278140702854,0,"2",0
483,"13",-1.60278140702854,0,"3",0
483,"13",-1.60278140702854,0,"4",0
483,"13",-1.60278140702854,0,"5",0
484,"13",-0.276091814266861,0,"1",0
484,"13",-0.276091814266861,0,"2",0
484,"13",-0.276091814266861,0,"3",0
484,"13",-0.276091814266861,0,"4",0
484,"13",-0.276091814266861,0,"5",0
485,"13",-0.687065868092126,1,"1",0
485,"13",-0.687065868092126,1,"2",0
485,"13",-0.687065868092126,1,"3",0
486,"13",-1.52872037932166,1,"1",0
486,"13",-1.52872037932166,1,"2",0
486,"13",-1.52872037932166,1,"3",0
486,"13",-1.52872037932166,1,"4",0
487,"13",-1.04452565581001,1,"1",0
487,"13",-1.04452565581001,1,"2",0
487,"13",-1.04452565581001,1,"3",0
487,"13",-1.04452565581001,1,"4",0
487,"13",-1.04452565581001,1,"5",0
487,"13",-1.04452565581001,1,"6",0
488,"13",0.364293427156902,0,"1",0
488,"13",0.364293427156902,0,"2",0
488,"13",0.364293427156902,0,"3",1
489,"13",0.423898125829464,0,"1",0
489,"13",0.423898125829464,0,"2",0
489,"13",0.423898125829464,0,"3",0
489,"13",0.423898125829464,0,"4",0
490,"13",-1.41166135533928,1,"1",0
490,"13",-1.41166135533928,1,"2",0
490,"13",-1.41166135533928,1,"3",0
490,"13",-1.41166135533928,1,"4",0
490,"13",-1.41166135533928,1,"5",0
491,"13",-1.10958289113386,1,"1",0
491,"13",-1.10958289113386,1,"2",0
491,"13",-1.10958289113386,1,"3",0
492,"13",-0.92993397051484,0,"1",0
492,"13",-0.92993397051484,0,"2",0
492,"13",-0.92993397051484,0,"3",0
492,"13",-0.92993397051484,0,"4",0
492,"13",-0.92993397051484,0,"5",0
492,"13",-0.92993397051484,0,"6",0
493,"13",-0.259294842453008,1,"1",0
493,"13",-0.259294842453008,1,"2",0
493,"13",-0.259294842453008,1,"3",0
493,"13",-0.259294842453008,1,"4",1
494,"13",-0.00131724184020591,0,"1",1
495,"13",-0.535503574905451,0,"1",0
495,"13",-0.535503574905451,0,"2",0
495,"13",-0.535503574905451,0,"3",0
495,"13",-0.535503574905451,0,"4",0
496,"13",1.47670083105389,1,"1",0
496,"13",1.47670083105389,1,"2",1
497,"13",1.3625854946156,1,"1",0
497,"13",1.3625854946156,1,"2",0
497,"13",1.3625854946156,1,"3",1
498,"13",-0.855660848825892,0,"1",0
498,"13",-0.855660848825892,0,"2",0
498,"13",-0.855660848825892,0,"3",0
498,"13",-0.855660848825892,0,"4",0
499,"14",-0.0620829644413995,1,"1",0
499,"14",-0.0620829644413995,1,"2",0
499,"14",-0.0620829644413995,1,"3",0
499,"14",-0.0620829644413995,1,"4",0
500,"14",1.19257394824002,0,"1",0
500,"14",1.19257394824002,0,"2",0
500,"14",1.19257394824002,0,"3",0
500,"14",1.19257394824002,0,"4",0
500,"14",1.19257394824002,0,"5",0
501,"14",-0.390083363352346,0,"1",0
501,"14",-0.390083363352346,0,"2",0
501,"14",-0.390083363352346,0,"3",0
501,"14",-0.390083363352346,0,"4",0
501,"14",-0.390083363352346,0,"5",0
501,"14",-0.390083363352346,0,"6",0
502,"14",1.29375439528147,1,"1",0
502,"14",1.29375439528147,1,"2",0
502,"14",1.29375439528147,1,"3",0
502,"14",1.29375439528147,1,"4",0
503,"14",0.521943261267529,0,"1",0
503,"14",0.521943261267529,0,"2",0
503,"14",0.521943261267529,0,"3",0
503,"14",0.521943261267529,0,"4",0
503,"14",0.521943261267529,0,"5",0
504,"14",0.591315203976613,1,"1",0
504,"14",0.591315203976613,1,"2",0
504,"14",0.591315203976613,1,"3",0
504,"14",0.591315203976613,1,"4",0
504,"14",0.591315203976613,1,"5",0
504,"14",0.591315203976613,1,"6",1
505,"14",-3.04199977607032,0,"1",0
505,"14",-3.04199977607032,0,"2",0
505,"14",-3.04199977607032,0,"3",0
505,"14",-3.04199977607032,0,"4",0
506,"14",-0.421144755513038,0,"1",0
506,"14",-0.421144755513038,0,"2",0
506,"14",-0.421144755513038,0,"3",0
506,"14",-0.421144755513038,0,"4",0
506,"14",-0.421144755513038,0,"5",0
506,"14",-0.421144755513038,0,"6",0
507,"14",-0.627935626495757,1,"1",0
507,"14",-0.627935626495757,1,"2",0
507,"14",-0.627935626495757,1,"3",0
507,"14",-0.627935626495757,1,"4",0
507,"14",-0.627935626495757,1,"5",0
507,"14",-0.627935626495757,1,"6",0
508,"14",0.812250624649648,1,"1",0
508,"14",0.812250624649648,1,"2",1
509,"14",0.409200938201593,1,"1",0
509,"14",0.409200938201593,1,"2",0
509,"14",0.409200938201593,1,"3",0
509,"14",0.409200938201593,1,"4",0
510,"14",0.0340480087564236,0,"1",0
510,"14",0.0340480087564236,0,"2",0
510,"14",0.0340480087564236,0,"3",0
510,"14",0.0340480087564236,0,"4",0
510,"14",0.0340480087564236,0,"5",0
511,"14",0.566071507391099,1,"1",0
511,"14",0.566071507391099,1,"2",0
511,"14",0.566071507391099,1,"3",0
511,"14",0.566071507391099,1,"4",0
511,"14",0.566071507391099,1,"5",0
511,"14",0.566071507391099,1,"6",0
512,"14",1.64561126950736,1,"1",0
512,"14",1.64561126950736,1,"2",0
512,"14",1.64561126950736,1,"3",0
512,"14",1.64561126950736,1,"4",0
513,"14",0.0433024617391658,0,"1",0
513,"14",0.0433024617391658,0,"2",0
513,"14",0.0433024617391658,0,"3",1
514,"14",-0.262010887993073,0,"1",0
514,"14",-0.262010887993073,0,"2",0
514,"14",-0.262010887993073,0,"3",0
514,"14",-0.262010887993073,0,"4",0
514,"14",-0.262010887993073,0,"5",0
515,"14",-1.25645380666154,0,"1",0
515,"14",-1.25645380666154,0,"2",0
515,"14",-1.25645380666154,0,"3",0
515,"14",-1.25645380666154,0,"4",0
515,"14",-1.25645380666154,0,"5",0
515,"14",-1.25645380666154,0,"6",0
516,"14",-0.201267872808307,1,"1",0
516,"14",-0.201267872808307,1,"2",0
516,"14",-0.201267872808307,1,"3",0
516,"14",-0.201267872808307,1,"4",0
516,"14",-0.201267872808307,1,"5",0
517,"14",-0.178652462388112,1,"1",0
517,"14",-0.178652462388112,1,"2",0
517,"14",-0.178652462388112,1,"3",0
517,"14",-0.178652462388112,1,"4",0
518,"14",1.80064945363624,0,"1",0
518,"14",1.80064945363624,0,"2",1
519,"14",0.0130660142176316,0,"1",0
519,"14",0.0130660142176316,0,"2",0
519,"14",0.0130660142176316,0,"3",0
519,"14",0.0130660142176316,0,"4",0
520,"14",1.00085075127698,1,"1",0
520,"14",1.00085075127698,1,"2",0
520,"14",1.00085075127698,1,"3",0
520,"14",1.00085075127698,1,"4",0
521,"14",-1.31616957352679,0,"1",0
521,"14",-1.31616957352679,0,"2",0
521,"14",-1.31616957352679,0,"3",0
521,"14",-1.31616957352679,0,"4",0
521,"14",-1.31616957352679,0,"5",0
521,"14",-1.31616957352679,0,"6",0
522,"14",0.955918707989093,1,"1",0
522,"14",0.955918707989093,1,"2",0
522,"14",0.955918707989093,1,"3",0
522,"14",0.955918707989093,1,"4",1
523,"14",-0.259499339951531,1,"1",0
523,"14",-0.259499339951531,1,"2",0
523,"14",-0.259499339951531,1,"3",0
523,"14",-0.259499339951531,1,"4",0
523,"14",-0.259499339951531,1,"5",0
523,"14",-0.259499339951531,1,"6",1
524,"14",1.90536421281829,1,"1",0
524,"14",1.90536421281829,1,"2",0
524,"14",1.90536421281829,1,"3",0
525,"14",0.882291126043038,0,"1",0
525,"14",0.882291126043038,0,"2",0
525,"14",0.882291126043038,0,"3",1
526,"14",-0.0847036941548626,0,"1",0
526,"14",-0.0847036941548626,0,"2",0
526,"14",-0.0847036941548626,0,"3",0
526,"14",-0.0847036941548626,0,"4",0
526,"14",-0.0847036941548626,0,"5",0
527,"14",1.740279311053,0,"1",0
527,"14",1.740279311053,0,"2",0
527,"14",1.740279311053,0,"3",1
528,"14",-0.803193732724015,1,"1",0
528,"14",-0.803193732724015,1,"2",0
528,"14",-0.803193732724015,1,"3",0
528,"14",-0.803193732724015,1,"4",0
528,"14",-0.803193732724015,1,"5",0
528,"14",-0.803193732724015,1,"6",0
529,"14",-0.176605863236635,0,"1",0
529,"14",-0.176605863236635,0,"2",0
529,"14",-0.176605863236635,0,"3",0
529,"14",-0.176605863236635,0,"4",0
530,"14",1.27315780290966,0,"1",0
530,"14",1.27315780290966,0,"2",1
531,"14",-0.138876203235425,1,"1",0
531,"14",-0.138876203235425,1,"2",0
531,"14",-0.138876203235425,1,"3",0
531,"14",-0.138876203235425,1,"4",0
531,"14",-0.138876203235425,1,"5",0
531,"14",-0.138876203235425,1,"6",0
532,"14",1.27570034411155,1,"1",0
532,"14",1.27570034411155,1,"2",0
532,"14",1.27570034411155,1,"3",0
532,"14",1.27570034411155,1,"4",0
532,"14",1.27570034411155,1,"5",1
533,"14",-0.390483881179327,0,"1",0
533,"14",-0.390483881179327,0,"2",0
533,"14",-0.390483881179327,0,"3",0
533,"14",-0.390483881179327,0,"4",0
533,"14",-0.390483881179327,0,"5",0
533,"14",-0.390483881179327,0,"6",0
534,"14",1.14276318716867,1,"1",0
534,"14",1.14276318716867,1,"2",0
534,"14",1.14276318716867,1,"3",1
535,"14",0.0922940196191082,0,"1",0
535,"14",0.0922940196191082,0,"2",1
536,"14",-1.06987759406422,0,"1",0
536,"14",-1.06987759406422,0,"2",0
536,"14",-1.06987759406422,0,"3",0
536,"14",-1.06987759406422,0,"4",0
536,"14",-1.06987759406422,0,"5",0
537,"14",-0.941777018111664,1,"1",0
537,"14",-0.941777018111664,1,"2",0
537,"14",-0.941777018111664,1,"3",0
538,"14",-0.872455727169044,0,"1",0
538,"14",-0.872455727169044,0,"2",0
538,"14",-0.872455727169044,0,"3",0
538,"14",-0.872455727169044,0,"4",0
539,"14",0.302191638281607,0,"1",0
539,"14",0.302191638281607,0,"2",0
539,"14",0.302191638281607,0,"3",0
539,"14",0.302191638281607,0,"4",0
539,"14",0.302191638281607,0,"5",0
540,"14",-0.708749721928253,0,"1",0
540,"14",-0.708749721928253,0,"2",0
540,"14",-0.708749721928253,0,"3",0
541,"14",-0.851009990625592,0,"1",0
541,"14",-0.851009990625592,0,"2",0
541,"14",-0.851009990625592,0,"3",0
541,"14",-0.851009990625592,0,"4",0
541,"14",-0.851009990625592,0,"5",0
541,"14",-0.851009990625592,0,"6",0
542,"15",-1.06920248812482,0,"1",0
542,"15",-1.06920248812482,0,"2",0
542,"15",-1.06920248812482,0,"3",0
543,"15",2.66219532964403,1,"1",0
543,"15",2.66219532964403,1,"2",0
543,"15",2.66219532964403,1,"3",0
543,"15",2.66219532964403,1,"4",0
543,"15",2.66219532964403,1,"5",0
543,"15",2.66219532964403,1,"6",0
544,"15",1.83682681691686,0,"1",1
545,"15",-1.16558155026296,0,"1",0
545,"15",-1.16558155026296,0,"2",0
545,"15",-1.16558155026296,0,"3",0
545,"15",-1.16558155026296,0,"4",0
545,"15",-1.16558155026296,0,"5",1
546,"15",-0.508708984243188,1,"1",0
546,"15",-0.508708984243188,1,"2",0
546,"15",-0.508708984243188,1,"3",0
546,"15",-0.508708984243188,1,"4",0
546,"15",-0.508708984243188,1,"5",0
547,"15",-0.0645828404770519,1,"1",0
547,"15",-0.0645828404770519,1,"2",0
547,"15",-0.0645828404770519,1,"3",0
548,"15",0.169617110409904,0,"1",0
548,"15",0.169617110409904,0,"2",0
548,"15",0.169617110409904,0,"3",0
548,"15",0.169617110409904,0,"4",0
549,"15",-1.23940612170148,1,"1",0
549,"15",-1.23940612170148,1,"2",0
549,"15",-1.23940612170148,1,"3",0
549,"15",-1.23940612170148,1,"4",0
549,"15",-1.23940612170148,1,"5",0
550,"15",0.481737639398818,1,"1",0
550,"15",0.481737639398818,1,"2",0
550,"15",0.481737639398818,1,"3",0
550,"15",0.481737639398818,1,"4",0
550,"15",0.481737639398818,1,"5",0
551,"15",1.11993956729703,0,"1",0
551,"15",1.11993956729703,0,"2",1
552,"15",-0.388583631753624,1,"1",0
552,"15",-0.388583631753624,1,"2",0
552,"15",-0.388583631753624,1,"3",0
552,"15",-0.388583631753624,1,"4",0
553,"15",0.27786204508033,0,"1",0
553,"15",0.27786204508033,0,"2",0
553,"15",0.27786204508033,0,"3",0
554,"15",-0.029666918411731,1,"1",0
554,"15",-0.029666918411731,1,"2",0
554,"15",-0.029666918411731,1,"3",0
554,"15",-0.029666918411731,1,"4",1
555,"15",-0.0062154835586498,0,"1",0
555,"15",-0.0062154835586498,0,"2",0
555,"15",-0.0062154835586498,0,"3",0
555,"15",-0.0062154835586498,0,"4",1
556,"15",0.540405818845219,0,"1",0
556,"15",0.540405818845219,0,"2",1
557,"15",0.395049634718505,0,"1",0
557,"15",0.395049634718505,0,"2",0
557,"15",0.395049634718505,0,"3",0
557,"15",0.395049634718505,0,"4",0
557,"15",0.395049634718505,0,"5",0
558,"15",0.871114538408432,0,"1",0
558,"15",0.871114538408432,0,"2",1
559,"15",1.42801800155678,0,"1",1
560,"15",0.136960852838641,1,"1",0
560,"15",0.136960852838641,1,"2",0
560,"15",0.136960852838641,1,"3",0
560,"15",0.136960852838641,1,"4",0
561,"15",0.513619708548161,1,"1",0
561,"15",0.513619708548161,1,"2",0
561,"15",0.513619708548161,1,"3",0
561,"15",0.513619708548161,1,"4",0
561,"15",0.513619708548161,1,"5",0
561,"15",0.513619708548161,1,"6",0
562,"15",-0.325303923183249,1,"1",0
562,"15",-0.325303923183249,1,"2",1
563,"15",2.23812215961275,0,"1",0
563,"15",2.23812215961275,0,"2",0
563,"15",2.23812215961275,0,"3",0
563,"15",2.23812215961275,0,"4",0
564,"15",0.194162227469854,0,"1",0
564,"15",0.194162227469854,0,"2",0
564,"15",0.194162227469854,0,"3",0
564,"15",0.194162227469854,0,"4",0
565,"15",-1.3159185344065,0,"1",0
565,"15",-1.3159185344065,0,"2",0
565,"15",-1.3159185344065,0,"3",0
565,"15",-1.3159185344065,0,"4",0
565,"15",-1.3159185344065,0,"5",0
566,"15",-0.88612522490278,1,"1",0
566,"15",-0.88612522490278,1,"2",0
566,"15",-0.88612522490278,1,"3",0
566,"15",-0.88612522490278,1,"4",0
566,"15",-0.88612522490278,1,"5",0
567,"15",-0.155455938423003,1,"1",0
567,"15",-0.155455938423003,1,"2",0
567,"15",-0.155455938423003,1,"3",0
568,"15",-0.433634889543499,0,"1",0
568,"15",-0.433634889543499,0,"2",0
568,"15",-0.433634889543499,0,"3",0
568,"15",-0.433634889543499,0,"4",0
568,"15",-0.433634889543499,0,"5",0
569,"15",0.427100182602845,1,"1",0
569,"15",0.427100182602845,1,"2",0
569,"15",0.427100182602845,1,"3",0
570,"15",-0.256559380269295,1,"1",0
570,"15",-0.256559380269295,1,"2",0
570,"15",-0.256559380269295,1,"3",0
570,"15",-0.256559380269295,1,"4",0
570,"15",-0.256559380269295,1,"5",0
571,"15",-0.115075713853107,0,"1",0
571,"15",-0.115075713853107,0,"2",0
571,"15",-0.115075713853107,0,"3",0
571,"15",-0.115075713853107,0,"4",0
571,"15",-0.115075713853107,0,"5",0
572,"15",-1.95875246730899,0,"1",0
572,"15",-1.95875246730899,0,"2",0
572,"15",-1.95875246730899,0,"3",0
572,"15",-1.95875246730899,0,"4",0
572,"15",-1.95875246730899,0,"5",0
572,"15",-1.95875246730899,0,"6",0
573,"15",-0.429917069185058,0,"1",0
573,"15",-0.429917069185058,0,"2",0
573,"15",-0.429917069185058,0,"3",0
573,"15",-0.429917069185058,0,"4",0
573,"15",-0.429917069185058,0,"5",1
574,"15",-0.259994836237839,1,"1",0
574,"15",-0.259994836237839,1,"2",0
574,"15",-0.259994836237839,1,"3",0
574,"15",-0.259994836237839,1,"4",0
574,"15",-0.259994836237839,1,"5",0
574,"15",-0.259994836237839,1,"6",0
575,"15",-1.22137373822534,1,"1",1
576,"15",-0.862465657423453,0,"1",0
576,"15",-0.862465657423453,0,"2",0
576,"15",-0.862465657423453,0,"3",0
577,"15",-1.68581454267679,1,"1",0
577,"15",-1.68581454267679,1,"2",0
577,"15",-1.68581454267679,1,"3",0
577,"15",-1.68581454267679,1,"4",0
578,"15",-0.604712297719901,1,"1",0
578,"15",-0.604712297719901,1,"2",0
578,"15",-0.604712297719901,1,"3",0
578,"15",-0.604712297719901,1,"4",1
579,"15",0.733296656826114,0,"1",0
579,"15",0.733296656826114,0,"2",0
579,"15",0.733296656826114,0,"3",0
579,"15",0.733296656826114,0,"4",1
580,"15",0.941252630059464,1,"1",0
580,"15",0.941252630059464,1,"2",0
580,"15",0.941252630059464,1,"3",0
580,"15",0.941252630059464,1,"4",0
580,"15",0.941252630059464,1,"5",0
580,"15",0.941252630059464,1,"6",0
581,"15",-0.727086354497657,0,"1",0
581,"15",-0.727086354497657,0,"2",0
581,"15",-0.727086354497657,0,"3",1
582,"15",-0.194098322387712,0,"1",0
582,"15",-0.194098322387712,0,"2",0
582,"15",-0.194098322387712,0,"3",0
583,"16",-0.159265655356778,0,"1",0
583,"16",-0.159265655356778,0,"2",0
583,"16",-0.159265655356778,0,"3",0
583,"16",-0.159265655356778,0,"4",0
583,"16",-0.159265655356778,0,"5",0
584,"16",0.950665594247715,1,"1",0
584,"16",0.950665594247715,1,"2",0
584,"16",0.950665594247715,1,"3",0
584,"16",0.950665594247715,1,"4",0
584,"16",0.950665594247715,1,"5",0
584,"16",0.950665594247715,1,"6",1
585,"16",-0.825505599778013,1,"1",0
585,"16",-0.825505599778013,1,"2",0
585,"16",-0.825505599778013,1,"3",0
586,"16",1.40041727820756,0,"1",0
586,"16",1.40041727820756,0,"2",0
586,"16",1.40041727820756,0,"3",0
586,"16",1.40041727820756,0,"4",1
587,"16",0.804729132263675,0,"1",0
587,"16",0.804729132263675,0,"2",0
587,"16",0.804729132263675,0,"3",0
587,"16",0.804729132263675,0,"4",0
588,"16",-2.87732021072868,0,"1",0
588,"16",-2.87732021072868,0,"2",0
588,"16",-2.87732021072868,0,"3",0
588,"16",-2.87732021072868,0,"4",0
588,"16",-2.87732021072868,0,"5",0
588,"16",-2.87732021072868,0,"6",0
589,"16",-1.66656217532482,0,"1",0
589,"16",-1.66656217532482,0,"2",0
589,"16",-1.66656217532482,0,"3",0
589,"16",-1.66656217532482,0,"4",0
589,"16",-1.66656217532482,0,"5",0
590,"16",-0.0330635313078337,0,"1",0
590,"16",-0.0330635313078337,0,"2",0
590,"16",-0.0330635313078337,0,"3",0
590,"16",-0.0330635313078337,0,"4",0
591,"16",0.508136472305281,0,"1",0
591,"16",0.508136472305281,0,"2",0
591,"16",0.508136472305281,0,"3",0
592,"16",-0.335350064498682,0,"1",0
592,"16",-0.335350064498682,0,"2",0
592,"16",-0.335350064498682,0,"3",0
593,"16",-0.33851043344158,0,"1",0
593,"16",-0.33851043344158,0,"2",0
593,"16",-0.33851043344158,0,"3",0
593,"16",-0.33851043344158,0,"4",0
593,"16",-0.33851043344158,0,"5",1
594,"16",0.753714815102611,0,"1",1
595,"16",1.01224963675347,1,"1",0
595,"16",1.01224963675347,1,"2",0
595,"16",1.01224963675347,1,"3",0
596,"16",0.0965654768908083,0,"1",0
596,"16",0.0965654768908083,0,"2",0
596,"16",0.0965654768908083,0,"3",0
597,"16",1.07449824660783,1,"1",0
597,"16",1.07449824660783,1,"2",0
597,"16",1.07449824660783,1,"3",0
597,"16",1.07449824660783,1,"4",0
597,"16",1.07449824660783,1,"5",0
597,"16",1.07449824660783,1,"6",0
598,"16",0.924200735640431,1,"1",0
598,"16",0.924200735640431,1,"2",0
598,"16",0.924200735640431,1,"3",1
599,"16",-0.391156471799359,0,"1",0
599,"16",-0.391156471799359,0,"2",0
599,"16",-0.391156471799359,0,"3",0
599,"16",-0.391156471799359,0,"4",0
600,"16",0.746796440876728,1,"1",0
600,"16",0.746796440876728,1,"2",0
600,"16",0.746796440876728,1,"3",0
601,"16",-0.268536093178144,0,"1",0
601,"16",-0.268536093178144,0,"2",0
601,"16",-0.268536093178144,0,"3",0
601,"16",-0.268536093178144,0,"4",0
601,"16",-0.268536093178144,0,"5",0
601,"16",-0.268536093178144,0,"6",0
602,"16",1.79463314569006,0,"1",0
602,"16",1.79463314569006,0,"2",0
602,"16",1.79463314569006,0,"3",0
602,"16",1.79463314569006,0,"4",0
602,"16",1.79463314569006,0,"5",0
603,"16",-0.147317872153132,1,"1",0
603,"16",-0.147317872153132,1,"2",0
603,"16",-0.147317872153132,1,"3",0
603,"16",-0.147317872153132,1,"4",0
604,"16",1.59273656893747,1,"1",1
605,"16",-1.85009157974637,0,"1",0
605,"16",-1.85009157974637,0,"2",0
605,"16",-1.85009157974637,0,"3",0
606,"16",2.18318592203038,0,"1",1
607,"16",0.74692461744912,0,"1",0
607,"16",0.74692461744912,0,"2",1
608,"16",-1.06142031791183,1,"1",0
608,"16",-1.06142031791183,1,"2",0
608,"16",-1.06142031791183,1,"3",0
608,"16",-1.06142031791183,1,"4",0
608,"16",-1.06142031791183,1,"5",0
609,"16",1.17607126590921,0,"1",0
609,"16",1.17607126590921,0,"2",0
609,"16",1.17607126590921,0,"3",0
610,"16",-0.0290289241882712,0,"1",0
610,"16",-0.0290289241882712,0,"2",0
610,"16",-0.0290289241882712,0,"3",0
611,"16",0.232718523522211,1,"1",0
611,"16",0.232718523522211,1,"2",0
611,"16",0.232718523522211,1,"3",0
612,"16",-0.561606863337148,1,"1",0
612,"16",-0.561606863337148,1,"2",0
612,"16",-0.561606863337148,1,"3",0
612,"16",-0.561606863337148,1,"4",0
613,"16",-0.681887028429929,1,"1",0
613,"16",-0.681887028429929,1,"2",0
613,"16",-0.681887028429929,1,"3",1
614,"16",0.114046625422949,0,"1",0
614,"16",0.114046625422949,0,"2",0
614,"16",0.114046625422949,0,"3",0
615,"16",0.220661709667887,0,"1",0
615,"16",0.220661709667887,0,"2",0
615,"16",0.220661709667887,0,"3",0
615,"16",0.220661709667887,0,"4",0
616,"16",0.0761977152667995,0,"1",0
616,"16",0.0761977152667995,0,"2",1
617,"16",0.25302542240514,0,"1",0
617,"16",0.25302542240514,0,"2",0
617,"16",0.25302542240514,0,"3",0
618,"16",-0.865535341778281,0,"1",0
618,"16",-0.865535341778281,0,"2",0
618,"16",-0.865535341778281,0,"3",0
619,"16",1.31401521566688,1,"1",0
619,"16",1.31401521566688,1,"2",0
619,"16",1.31401521566688,1,"3",0
619,"16",1.31401521566688,1,"4",0
619,"16",1.31401521566688,1,"5",0
619,"16",1.31401521566688,1,"6",0
620,"16",0.817840241747445,0,"1",0
620,"16",0.817840241747445,0,"2",0
620,"16",0.817840241747445,0,"3",0
620,"16",0.817840241747445,0,"4",0
621,"16",0.987034277963033,1,"1",0
621,"16",0.987034277963033,1,"2",0
621,"16",0.987034277963033,1,"3",0
621,"16",0.987034277963033,1,"4",0
622,"16",-0.203310583106359,0,"1",0
622,"16",-0.203310583106359,0,"2",0
622,"16",-0.203310583106359,0,"3",0
623,"16",-0.710394312450355,0,"1",0
623,"16",-0.710394312450355,0,"2",0
623,"16",-0.710394312450355,0,"3",0
623,"16",-0.710394312450355,0,"4",0
623,"16",-0.710394312450355,0,"5",0
624,"17",-0.249837419412679,0,"1",0
624,"17",-0.249837419412679,0,"2",0
624,"17",-0.249837419412679,0,"3",0
624,"17",-0.249837419412679,0,"4",0
624,"17",-0.249837419412679,0,"5",0
625,"17",1.31517570744355,0,"1",1
626,"17",-1.62558992026774,1,"1",0
626,"17",-1.62558992026774,1,"2",0
626,"17",-1.62558992026774,1,"3",0
627,"17",-0.174412898094503,0,"1",0
627,"17",-0.174412898094503,0,"2",0
627,"17",-0.174412898094503,0,"3",0
627,"17",-0.174412898094503,0,"4",0
627,"17",-0.174412898094503,0,"5",0
628,"17",0.074414954596921,0,"1",0
628,"17",0.074414954596921,0,"2",0
628,"17",0.074414954596921,0,"3",0
628,"17",0.074414954596921,0,"4",0
629,"17",-1.36862623606089,0,"1",0
629,"17",-1.36862623606089,0,"2",0
629,"17",-1.36862623606089,0,"3",0
630,"17",-0.0224424819962104,0,"1",0
630,"17",-0.0224424819962104,0,"2",0
630,"17",-0.0224424819962104,0,"3",0
630,"17",-0.0224424819962104,0,"4",0
630,"17",-0.0224424819962104,0,"5",0
631,"17",1.64128754290241,0,"1",0
631,"17",1.64128754290241,0,"2",0
631,"17",1.64128754290241,0,"3",0
631,"17",1.64128754290241,0,"4",0
631,"17",1.64128754290241,0,"5",0
631,"17",1.64128754290241,0,"6",0
632,"17",0.115798702743588,1,"1",0
632,"17",0.115798702743588,1,"2",0
632,"17",0.115798702743588,1,"3",0
633,"17",-1.08410816514003,0,"1",0
633,"17",-1.08410816514003,0,"2",0
633,"17",-1.08410816514003,0,"3",0
633,"17",-1.08410816514003,0,"4",0
633,"17",-1.08410816514003,0,"5",0
634,"17",0.0499871646468508,0,"1",0
634,"17",0.0499871646468508,0,"2",1
635,"17",-0.434510956037298,0,"1",0
635,"17",-0.434510956037298,0,"2",0
635,"17",-0.434510956037298,0,"3",0
636,"17",-0.789281336017684,0,"1",0
636,"17",-0.789281336017684,0,"2",0
636,"17",-0.789281336017684,0,"3",0
636,"17",-0.789281336017684,0,"4",0
637,"17",-0.175302767122051,0,"1",0
637,"17",-0.175302767122051,0,"2",0
637,"17",-0.175302767122051,0,"3",0
637,"17",-0.175302767122051,0,"4",0
637,"17",-0.175302767122051,0,"5",0
638,"17",-0.732361081120665,1,"1",0
638,"17",-0.732361081120665,1,"2",0
638,"17",-0.732361081120665,1,"3",0
639,"17",1.42671291771487,1,"1",0
639,"17",1.42671291771487,1,"2",0
639,"17",1.42671291771487,1,"3",0
639,"17",1.42671291771487,1,"4",0
640,"17",-1.01304710148875,1,"1",0
640,"17",-1.01304710148875,1,"2",0
640,"17",-1.01304710148875,1,"3",0
640,"17",-1.01304710148875,1,"4",0
640,"17",-1.01304710148875,1,"5",0
640,"17",-1.01304710148875,1,"6",0
641,"17",-1.70229817432127,0,"1",0
641,"17",-1.70229817432127,0,"2",0
641,"17",-1.70229817432127,0,"3",0
641,"17",-1.70229817432127,0,"4",0
642,"17",0.643406422219928,0,"1",0
642,"17",0.643406422219928,0,"2",1
643,"17",-0.705484659366575,0,"1",0
643,"17",-0.705484659366575,0,"2",0
643,"17",-0.705484659366575,0,"3",0
644,"17",-0.586791326401808,0,"1",0
644,"17",-0.586791326401808,0,"2",0
644,"17",-0.586791326401808,0,"3",0
644,"17",-0.586791326401808,0,"4",0
645,"17",-0.960725777344046,0,"1",0
645,"17",-0.960725777344046,0,"2",0
645,"17",-0.960725777344046,0,"3",0
645,"17",-0.960725777344046,0,"4",0
645,"17",-0.960725777344046,0,"5",0
646,"17",-0.300264787123688,0,"1",0
646,"17",-0.300264787123688,0,"2",0
646,"17",-0.300264787123688,0,"3",0
646,"17",-0.300264787123688,0,"4",0
646,"17",-0.300264787123688,0,"5",0
646,"17",-0.300264787123688,0,"6",0
647,"17",0.367187605151455,0,"1",0
647,"17",0.367187605151455,0,"2",0
647,"17",0.367187605151455,0,"3",0
647,"17",0.367187605151455,0,"4",0
647,"17",0.367187605151455,0,"5",0
648,"17",0.614368106631978,1,"1",0
648,"17",0.614368106631978,1,"2",0
648,"17",0.614368106631978,1,"3",0
648,"17",0.614368106631978,1,"4",0
648,"17",0.614368106631978,1,"5",0
648,"17",0.614368106631978,1,"6",0
649,"17",-1.63641789607311,1,"1",0
649,"17",-1.63641789607311,1,"2",0
649,"17",-1.63641789607311,1,"3",0
649,"17",-1.63641789607311,1,"4",0
649,"17",-1.63641789607311,1,"5",0
649,"17",-1.63641789607311,1,"6",0
650,"17",-0.037307020188053,1,"1",0
650,"17",-0.037307020188053,1,"2",0
650,"17",-0.037307020188053,1,"3",0
651,"17",-0.361991166492976,0,"1",0
651,"17",-0.361991166492976,0,"2",0
651,"17",-0.361991166492976,0,"3",0
651,"17",-0.361991166492976,0,"4",0
651,"17",-0.361991166492976,0,"5",0
651,"17",-0.361991166492976,0,"6",0
652,"17",0.346815190577328,0,"1",0
652,"17",0.346815190577328,0,"2",0
652,"17",0.346815190577328,0,"3",0
652,"17",0.346815190577328,0,"4",0
652,"17",0.346815190577328,0,"5",0
652,"17",0.346815190577328,0,"6",0
653,"17",0.305926749261673,1,"1",0
653,"17",0.305926749261673,1,"2",0
653,"17",0.305926749261673,1,"3",0
653,"17",0.305926749261673,1,"4",0
654,"17",-1.45881364742517,1,"1",0
654,"17",-1.45881364742517,1,"2",0
654,"17",-1.45881364742517,1,"3",0
654,"17",-1.45881364742517,1,"4",0
655,"17",1.63451150609758,0,"1",1
656,"17",0.635386172224906,1,"1",0
656,"17",0.635386172224906,1,"2",0
656,"17",0.635386172224906,1,"3",0
656,"17",0.635386172224906,1,"4",0
656,"17",0.635386172224906,1,"5",0
656,"17",0.635386172224906,1,"6",0
657,"17",1.4569497741735,1,"1",0
657,"17",1.4569497741735,1,"2",0
657,"17",1.4569497741735,1,"3",0
658,"18",0.420710485631493,1,"1",0
658,"18",0.420710485631493,1,"2",0
658,"18",0.420710485631493,1,"3",0
658,"18",0.420710485631493,1,"4",1
659,"18",-0.533941518155443,1,"1",0
659,"18",-0.533941518155443,1,"2",0
659,"18",-0.533941518155443,1,"3",0
659,"18",-0.533941518155443,1,"4",0
659,"18",-0.533941518155443,1,"5",0
659,"18",-0.533941518155443,1,"6",0
660,"18",-1.20903431347028,1,"1",0
660,"18",-1.20903431347028,1,"2",0
660,"18",-1.20903431347028,1,"3",0
661,"18",-0.235351657511758,1,"1",0
661,"18",-0.235351657511758,1,"2",0
661,"18",-0.235351657511758,1,"3",0
661,"18",-0.235351657511758,1,"4",0
661,"18",-0.235351657511758,1,"5",0
661,"18",-0.235351657511758,1,"6",0
662,"18",0.294461809483443,1,"1",0
662,"18",0.294461809483443,1,"2",0
662,"18",0.294461809483443,1,"3",0
662,"18",0.294461809483443,1,"4",0
663,"18",-1.12070143843216,0,"1",0
663,"18",-1.12070143843216,0,"2",0
663,"18",-1.12070143843216,0,"3",0
664,"18",0.64420344728123,0,"1",0
664,"18",0.64420344728123,0,"2",0
664,"18",0.64420344728123,0,"3",1
665,"18",-0.271922378192487,0,"1",0
665,"18",-0.271922378192487,0,"2",0
665,"18",-0.271922378192487,0,"3",0
666,"18",0.668971827311471,0,"1",0
666,"18",0.668971827311471,0,"2",0
666,"18",0.668971827311471,0,"3",0
666,"18",0.668971827311471,0,"4",0
667,"18",0.204162002941469,1,"1",0
667,"18",0.204162002941469,1,"2",0
667,"18",0.204162002941469,1,"3",0
667,"18",0.204162002941469,1,"4",0
667,"18",0.204162002941469,1,"5",0
667,"18",0.204162002941469,1,"6",0
668,"18",-1.62765992726301,0,"1",0
668,"18",-1.62765992726301,0,"2",0
668,"18",-1.62765992726301,0,"3",0
669,"18",-0.531447277034055,0,"1",0
669,"18",-0.531447277034055,0,"2",0
669,"18",-0.531447277034055,0,"3",0
670,"18",-0.0728332694617554,0,"1",0
670,"18",-0.0728332694617554,0,"2",0
670,"18",-0.0728332694617554,0,"3",0
670,"18",-0.0728332694617554,0,"4",0
671,"18",0.56622674163281,0,"1",0
671,"18",0.56622674163281,0,"2",0
671,"18",0.56622674163281,0,"3",0
672,"18",0.0790695657851752,0,"1",1
673,"18",-0.274722343187137,1,"1",0
673,"18",-0.274722343187137,1,"2",0
673,"18",-0.274722343187137,1,"3",0
674,"18",0.0752549557484498,0,"1",0
674,"18",0.0752549557484498,0,"2",0
674,"18",0.0752549557484498,0,"3",1
675,"18",1.89826770072384,0,"1",1
676,"18",0.722712568208382,1,"1",0
676,"18",0.722712568208382,1,"2",0
676,"18",0.722712568208382,1,"3",1
677,"18",-0.903706133680057,0,"1",0
677,"18",-0.903706133680057,0,"2",0
677,"18",-0.903706133680057,0,"3",0
677,"18",-0.903706133680057,0,"4",0
677,"18",-0.903706133680057,0,"5",0
678,"18",-0.96774190427906,1,"1",1
679,"18",-0.585198249763097,1,"1",1
680,"18",-0.0355452863033068,0,"1",0
680,"18",-0.0355452863033068,0,"2",0
680,"18",-0.0355452863033068,0,"3",0
680,"18",-0.0355452863033068,0,"4",0
680,"18",-0.0355452863033068,0,"5",1
681,"18",-0.286464845931893,0,"1",0
681,"18",-0.286464845931893,0,"2",0
681,"18",-0.286464845931893,0,"3",0
681,"18",-0.286464845931893,0,"4",0
682,"18",0.15547918785405,0,"1",0
682,"18",0.15547918785405,0,"2",0
682,"18",0.15547918785405,0,"3",0
682,"18",0.15547918785405,0,"4",0
682,"18",0.15547918785405,0,"5",0
682,"18",0.15547918785405,0,"6",0
683,"18",1.33087632296617,0,"1",0
683,"18",1.33087632296617,0,"2",1
684,"18",-0.139799844634686,1,"1",0
684,"18",-0.139799844634686,1,"2",0
684,"18",-0.139799844634686,1,"3",0
684,"18",-0.139799844634686,1,"4",0
684,"18",-0.139799844634686,1,"5",0
685,"18",-0.487727449462944,1,"1",0
685,"18",-0.487727449462944,1,"2",0
685,"18",-0.487727449462944,1,"3",0
686,"18",-1.35139773307504,0,"1",0
686,"18",-1.35139773307504,0,"2",0
686,"18",-1.35139773307504,0,"3",0
686,"18",-1.35139773307504,0,"4",0
686,"18",-1.35139773307504,0,"5",0
687,"18",1.83774062522322,0,"1",1
688,"18",-0.569350560198116,1,"1",0
688,"18",-0.569350560198116,1,"2",0
688,"18",-0.569350560198116,1,"3",0
688,"18",-0.569350560198116,1,"4",0
689,"18",0.916610641805773,0,"1",0
689,"18",0.916610641805773,0,"2",0
689,"18",0.916610641805773,0,"3",0
689,"18",0.916610641805773,0,"4",0
689,"18",0.916610641805773,0,"5",0
689,"18",0.916610641805773,0,"6",0
690,"18",-0.547651142329318,1,"1",0
690,"18",-0.547651142329318,1,"2",0
690,"18",-0.547651142329318,1,"3",0
690,"18",-0.547651142329318,1,"4",0
690,"18",-0.547651142329318,1,"5",1
691,"18",-0.911226552571574,0,"1",0
691,"18",-0.911226552571574,0,"2",0
691,"18",-0.911226552571574,0,"3",0
691,"18",-0.911226552571574,0,"4",0
691,"18",-0.911226552571574,0,"5",0
692,"18",-0.188169251130944,0,"1",0
692,"18",-0.188169251130944,0,"2",0
692,"18",-0.188169251130944,0,"3",0
692,"18",-0.188169251130944,0,"4",0
692,"18",-0.188169251130944,0,"5",0
693,"18",-0.362656488188006,0,"1",0
693,"18",-0.362656488188006,0,"2",0
693,"18",-0.362656488188006,0,"3",0
693,"18",-0.362656488188006,0,"4",0
693,"18",-0.362656488188006,0,"5",0
693,"18",-0.362656488188006,0,"6",1
694,"18",0.467950086966711,1,"1",0
694,"18",0.467950086966711,1,"2",1
695,"18",1.35100427869805,1,"1",1
696,"19",0.980085616587549,1,"1",0
696,"19",0.980085616587549,1,"2",0
696,"19",0.980085616587549,1,"3",0
696,"19",0.980085616587549,1,"4",0
697,"19",0.635291069499088,0,"1",0
697,"19",0.635291069499088,0,"2",0
697,"19",0.635291069499088,0,"3",0
697,"19",0.635291069499088,0,"4",0
697,"19",0.635291069499088,0,"5",0
697,"19",0.635291069499088,0,"6",0
698,"19",0.170669309525817,0,"1",0
698,"19",0.170669309525817,0,"2",0
698,"19",0.170669309525817,0,"3",0
699,"19",-0.529907871683106,0,"1",0
699,"19",-0.529907871683106,0,"2",0
699,"19",-0.529907871683106,0,"3",0
699,"19",-0.529907871683106,0,"4",0
700,"19",1.5155748929891,0,"1",0
700,"19",1.5155748929891,0,"2",1
701,"19",0.144350565112061,1,"1",0
701,"19",0.144350565112061,1,"2",0
701,"19",0.144350565112061,1,"3",0
701,"19",0.144350565112061,1,"4",0
701,"19",0.144350565112061,1,"5",0
702,"19",-0.0365888768695623,0,"1",0
702,"19",-0.0365888768695623,0,"2",0
702,"19",-0.0365888768695623,0,"3",0
702,"19",-0.0365888768695623,0,"4",0
702,"19",-0.0365888768695623,0,"5",0
703,"19",-0.653552534037903,1,"1",0
703,"19",-0.653552534037903,1,"2",0
703,"19",-0.653552534037903,1,"3",0
704,"19",1.45829925760952,0,"1",0
704,"19",1.45829925760952,0,"2",0
704,"19",1.45829925760952,0,"3",0
704,"19",1.45829925760952,0,"4",0
704,"19",1.45829925760952,0,"5",0
705,"19",0.206256400003125,1,"1",1
706,"19",0.0825974063048642,0,"1",0
706,"19",0.0825974063048642,0,"2",0
706,"19",0.0825974063048642,0,"3",0
706,"19",0.0825974063048642,0,"4",0
707,"19",-1.97717473333074,1,"1",0
707,"19",-1.97717473333074,1,"2",0
707,"19",-1.97717473333074,1,"3",0
708,"19",-1.70036913608688,1,"1",0
708,"19",-1.70036913608688,1,"2",0
708,"19",-1.70036913608688,1,"3",1
709,"19",1.28078700201579,1,"1",1
710,"19",-0.579593839162417,0,"1",0
710,"19",-0.579593839162417,0,"2",0
710,"19",-0.579593839162417,0,"3",0
710,"19",-0.579593839162417,0,"4",0
711,"19",2.07112901908786,0,"1",0
711,"19",2.07112901908786,0,"2",0
711,"19",2.07112901908786,0,"3",0
711,"19",2.07112901908786,0,"4",0
711,"19",2.07112901908786,0,"5",1
712,"19",1.01533912453103,0,"1",0
712,"19",1.01533912453103,0,"2",0
712,"19",1.01533912453103,0,"3",1
713,"19",1.13939132098813,1,"1",0
713,"19",1.13939132098813,1,"2",0
713,"19",1.13939132098813,1,"3",0
713,"19",1.13939132098813,1,"4",0
713,"19",1.13939132098813,1,"5",0
714,"19",0.0205192954443223,0,"1",0
714,"19",0.0205192954443223,0,"2",0
714,"19",0.0205192954443223,0,"3",0
714,"19",0.0205192954443223,0,"4",0
714,"19",0.0205192954443223,0,"5",0
715,"19",-1.27609930712919,1,"1",0
715,"19",-1.27609930712919,1,"2",0
715,"19",-1.27609930712919,1,"3",0
715,"19",-1.27609930712919,1,"4",0
715,"19",-1.27609930712919,1,"5",0
715,"19",-1.27609930712919,1,"6",0
716,"19",0.344120865445736,0,"1",0
716,"19",0.344120865445736,0,"2",0
716,"19",0.344120865445736,0,"3",0
717,"19",1.30357105286424,0,"1",0
717,"19",1.30357105286424,0,"2",0
717,"19",1.30357105286424,0,"3",0
717,"19",1.30357105286424,0,"4",0
717,"19",1.30357105286424,0,"5",0
717,"19",1.30357105286424,0,"6",1
718,"19",-1.43112433816574,0,"1",0
718,"19",-1.43112433816574,0,"2",0
718,"19",-1.43112433816574,0,"3",0
718,"19",-1.43112433816574,0,"4",0
718,"19",-1.43112433816574,0,"5",0
719,"19",2.14862323346076,0,"1",0
719,"19",2.14862323346076,0,"2",0
719,"19",2.14862323346076,0,"3",1
720,"19",-0.977447638944796,1,"1",0
720,"19",-0.977447638944796,1,"2",0
720,"19",-0.977447638944796,1,"3",0
720,"19",-0.977447638944796,1,"4",0
720,"19",-0.977447638944796,1,"5",1
721,"19",0.255551361104361,0,"1",0
721,"19",0.255551361104361,0,"2",0
721,"19",0.255551361104361,0,"3",0
722,"19",1.35633623408842,0,"1",0
722,"19",1.35633623408842,0,"2",1
723,"19",-0.668202445618644,1,"1",0
723,"19",-0.668202445618644,1,"2",0
723,"19",-0.668202445618644,1,"3",0
723,"19",-0.668202445618644,1,"4",0
724,"19",-1.33039778128428,1,"1",0
724,"19",-1.33039778128428,1,"2",0
724,"19",-1.33039778128428,1,"3",0
724,"19",-1.33039778128428,1,"4",1
725,"19",-0.711836742616734,1,"1",0
725,"19",-0.711836742616734,1,"2",0
725,"19",-0.711836742616734,1,"3",0
726,"19",0.344557100261994,0,"1",0
726,"19",0.344557100261994,0,"2",0
726,"19",0.344557100261994,0,"3",0
726,"19",0.344557100261994,0,"4",1
727,"19",-1.74474055476273,1,"1",0
727,"19",-1.74474055476273,1,"2",0
727,"19",-1.74474055476273,1,"3",0
727,"19",-1.74474055476273,1,"4",0
727,"19",-1.74474055476273,1,"5",0
728,"19",-0.395736027814161,0,"1",0
728,"19",-0.395736027814161,0,"2",0
728,"19",-0.395736027814161,0,"3",0
729,"19",-0.818089363220304,0,"1",0
729,"19",-0.818089363220304,0,"2",0
729,"19",-0.818089363220304,0,"3",0
730,"19",-1.16862564733149,1,"1",0
730,"19",-1.16862564733149,1,"2",0
730,"19",-1.16862564733149,1,"3",0
731,"20",-0.149725391886161,0,"1",0
731,"20",-0.149725391886161,0,"2",1
732,"20",-0.115974653305312,0,"1",0
732,"20",-0.115974653305312,0,"2",0
732,"20",-0.115974653305312,0,"3",0
732,"20",-0.115974653305312,0,"4",0
733,"20",-0.958066979134425,1,"1",0
733,"20",-0.958066979134425,1,"2",0
733,"20",-0.958066979134425,1,"3",0
733,"20",-0.958066979134425,1,"4",0
733,"20",-0.958066979134425,1,"5",0
733,"20",-0.958066979134425,1,"6",0
734,"20",0.465393756368972,0,"1",0
734,"20",0.465393756368972,0,"2",0
734,"20",0.465393756368972,0,"3",0
734,"20",0.465393756368972,0,"4",0
734,"20",0.465393756368972,0,"5",0
734,"20",0.465393756368972,0,"6",0
735,"20",0.438964069973331,0,"1",0
735,"20",0.438964069973331,0,"2",0
735,"20",0.438964069973331,0,"3",0
735,"20",0.438964069973331,0,"4",0
736,"20",-0.0425912048706233,0,"1",1
737,"20",-0.0905147244921151,0,"1",0
737,"20",-0.0905147244921151,0,"2",0
737,"20",-0.0905147244921151,0,"3",0
737,"20",-0.0905147244921151,0,"4",0
737,"20",-0.0905147244921151,0,"5",0
737,"20",-0.0905147244921151,0,"6",0
738,"20",-0.462607232860558,1,"1",0
738,"20",-0.462607232860558,1,"2",0
738,"20",-0.462607232860558,1,"3",0
738,"20",-0.462607232860558,1,"4",0
738,"20",-0.462607232860558,1,"5",0
739,"20",-0.136998249288878,0,"1",1
740,"20",0.0787072457061496,0,"1",1
741,"20",-1.03752323032135,1,"1",0
741,"20",-1.03752323032135,1,"2",0
741,"20",-1.03752323032135,1,"3",0
741,"20",-1.03752323032135,1,"4",0
741,"20",-1.03752323032135,1,"5",0
741,"20",-1.03752323032135,1,"6",0
742,"20",0.137768566528696,1,"1",0
742,"20",0.137768566528696,1,"2",0
742,"20",0.137768566528696,1,"3",0
743,"20",-0.773710160146712,1,"1",0
743,"20",-0.773710160146712,1,"2",0
743,"20",-0.773710160146712,1,"3",0
744,"20",1.45302935981326,1,"1",0
744,"20",1.45302935981326,1,"2",0
744,"20",1.45302935981326,1,"3",0
745,"20",-0.123477700429365,1,"1",0
745,"20",-0.123477700429365,1,"2",0
745,"20",-0.123477700429365,1,"3",0
745,"20",-0.123477700429365,1,"4",0
745,"20",-0.123477700429365,1,"5",1
746,"20",0.084922130772065,0,"1",0
746,"20",0.084922130772065,0,"2",0
746,"20",0.084922130772065,0,"3",0
747,"20",0.71286718523736,0,"1",0
747,"20",0.71286718523736,0,"2",0
747,"20",0.71286718523736,0,"3",0
748,"20",-0.663680893685538,0,"1",1
749,"20",0.97869198334114,1,"1",0
749,"20",0.97869198334114,1,"2",1
750,"20",0.678314381647835,0,"1",0
750,"20",0.678314381647835,0,"2",0
750,"20",0.678314381647835,0,"3",0
750,"20",0.678314381647835,0,"4",0
750,"20",0.678314381647835,0,"5",0
751,"20",1.02596246575522,1,"1",0
751,"20",1.02596246575522,1,"2",0
751,"20",1.02596246575522,1,"3",0
751,"20",1.02596246575522,1,"4",0
751,"20",1.02596246575522,1,"5",0
752,"20",1.6509488185928,1,"1",1
753,"20",0.907466471699681,1,"1",0
753,"20",0.907466471699681,1,"2",0
753,"20",0.907466471699681,1,"3",0
753,"20",0.907466471699681,1,"4",0
753,"20",0.907466471699681,1,"5",0
754,"20",-1.69643614922171,1,"1",0
754,"20",-1.69643614922171,1,"2",0
754,"20",-1.69643614922171,1,"3",0
754,"20",-1.69643614922171,1,"4",0
755,"20",0.252754948782984,0,"1",0
755,"20",0.252754948782984,0,"2",0
755,"20",0.252754948782984,0,"3",0
755,"20",0.252754948782984,0,"4",0
755,"20",0.252754948782984,0,"5",1
756,"20",0.51071212255838,0,"1",0
756,"20",0.51071212255838,0,"2",0
756,"20",0.51071212255838,0,"3",0
757,"20",-1.0141648818609,0,"1",0
757,"20",-1.0141648818609,0,"2",0
757,"20",-1.0141648818609,0,"3",0
757,"20",-1.0141648818609,0,"4",0
757,"20",-1.0141648818609,0,"5",0
757,"20",-1.0141648818609,0,"6",0
758,"20",1.39952630630329,0,"1",0
758,"20",1.39952630630329,0,"2",0
758,"20",1.39952630630329,0,"3",0
758,"20",1.39952630630329,0,"4",1
759,"20",0.340328344223206,1,"1",0
759,"20",0.340328344223206,1,"2",0
759,"20",0.340328344223206,1,"3",0
759,"20",0.340328344223206,1,"4",0
759,"20",0.340328344223206,1,"5",0
759,"20",0.340328344223206,1,"6",0
760,"20",0.32148209920924,1,"1",0
760,"20",0.32148209920924,1,"2",0
760,"20",0.32148209920924,1,"3",0
760,"20",0.32148209920924,1,"4",0
761,"20",-0.409262297580541,0,"1",0
761,"20",-0.409262297580541,0,"2",0
761,"20",-0.409262297580541,0,"3",0
761,"20",-0.409262297580541,0,"4",0
761,"20",-0.409262297580541,0,"5",0
762,"20",0.364288737892035,0,"1",0
762,"20",0.364288737892035,0,"2",0
762,"20",0.364288737892035,0,"3",1
763,"20",0.999909921552184,1,"1",0
763,"20",0.999909921552184,1,"2",0
763,"20",0.999909921552184,1,"3",0
764,"20",-0.0884901589829386,0,"1",0
764,"20",-0.0884901589829386,0,"2",0
764,"20",-0.0884901589829386,0,"3",0
764,"20",-0.0884901589829386,0,"4",0
765,"21",0.42696594358323,1,"1",0
765,"21",0.42696594358323,1,"2",0
765,"21",0.42696594358323,1,"3",0
765,"21",0.42696594358323,1,"4",1
766,"21",-0.778076817793714,1,"1",0
766,"21",-0.778076817793714,1,"2",0
766,"21",-0.778076817793714,1,"3",0
766,"21",-0.778076817793714,1,"4",0
766,"21",-0.778076817793714,1,"5",0
766,"21",-0.778076817793714,1,"6",0
767,"21",-1.06505364707945,0,"1",0
767,"21",-1.06505364707945,0,"2",0
767,"21",-1.06505364707945,0,"3",0
767,"21",-1.06505364707945,0,"4",0
768,"21",-0.949181571969581,0,"1",0
768,"21",-0.949181571969581,0,"2",0
768,"21",-0.949181571969581,0,"3",0
768,"21",-0.949181571969581,0,"4",0
768,"21",-0.949181571969581,0,"5",0
768,"21",-0.949181571969581,0,"6",1
769,"21",0.313948458691955,1,"1",0
769,"21",0.313948458691955,1,"2",0
769,"21",0.313948458691955,1,"3",0
769,"21",0.313948458691955,1,"4",0
770,"21",1.15306438027447,0,"1",0
770,"21",1.15306438027447,0,"2",1
771,"21",0.529404538595228,1,"1",0
771,"21",0.529404538595228,1,"2",1
772,"21",-0.581497867379702,0,"1",0
772,"21",-0.581497867379702,0,"2",0
772,"21",-0.581497867379702,0,"3",1
773,"21",-0.603846814386818,0,"1",0
773,"21",-0.603846814386818,0,"2",0
773,"21",-0.603846814386818,0,"3",1
774,"21",0.472986854900121,0,"1",1
775,"21",-0.669265922197004,0,"1",0
775,"21",-0.669265922197004,0,"2",1
776,"21",-0.975382644125572,0,"1",0
776,"21",-0.975382644125572,0,"2",0
776,"21",-0.975382644125572,0,"3",0
776,"21",-0.975382644125572,0,"4",1
777,"21",0.685407045694806,1,"1",0
777,"21",0.685407045694806,1,"2",0
777,"21",0.685407045694806,1,"3",1
778,"21",-0.807114609093074,1,"1",0
778,"21",-0.807114609093074,1,"2",0
778,"21",-0.807114609093074,1,"3",0
778,"21",-0.807114609093074,1,"4",0
778,"21",-0.807114609093074,1,"5",0
778,"21",-0.807114609093074,1,"6",0
779,"21",-0.202398223062574,1,"1",0
779,"21",-0.202398223062574,1,"2",0
779,"21",-0.202398223062574,1,"3",0
779,"21",-0.202398223062574,1,"4",0
779,"21",-0.202398223062574,1,"5",0
779,"21",-0.202398223062574,1,"6",0
780,"21",-0.0875503376920545,0,"1",0
780,"21",-0.0875503376920545,0,"2",0
780,"21",-0.0875503376920545,0,"3",0
780,"21",-0.0875503376920545,0,"4",0
780,"21",-0.0875503376920545,0,"5",0
780,"21",-0.0875503376920545,0,"6",0
781,"21",-0.204148221008231,0,"1",0
781,"21",-0.204148221008231,0,"2",0
781,"21",-0.204148221008231,0,"3",0
781,"21",-0.204148221008231,0,"4",0
782,"21",0.161832319697859,0,"1",1
783,"21",0.521849853402916,1,"1",0
783,"21",0.521849853402916,1,"2",0
783,"21",0.521849853402916,1,"3",0
783,"21",0.521849853402916,1,"4",0
783,"21",0.521849853402916,1,"5",0
783,"21",0.521849853402916,1,"6",0
784,"21",-0.291793974723167,1,"1",0
784,"21",-0.291793974723167,1,"2",0
784,"21",-0.291793974723167,1,"3",0
784,"21",-0.291793974723167,1,"4",0
784,"21",-0.291793974723167,1,"5",0
784,"21",-0.291793974723167,1,"6",1
785,"21",1.58862196902927,1,"1",0
785,"21",1.58862196902927,1,"2",0
785,"21",1.58862196902927,1,"3",0
785,"21",1.58862196902927,1,"4",1
786,"21",1.42367855813398,1,"1",0
786,"21",1.42367855813398,1,"2",0
786,"21",1.42367855813398,1,"3",0
786,"21",1.42367855813398,1,"4",0
787,"21",-0.483175918812955,0,"1",0
787,"21",-0.483175918812955,0,"2",0
787,"21",-0.483175918812955,0,"3",0
787,"21",-0.483175918812955,0,"4",1
788,"21",-0.827571085777292,0,"1",0
788,"21",-0.827571085777292,0,"2",0
788,"21",-0.827571085777292,0,"3",0
789,"21",0.50602302533477,0,"1",0
789,"21",0.50602302533477,0,"2",0
789,"21",0.50602302533477,0,"3",0
789,"21",0.50602302533477,0,"4",1
790,"21",-0.634185104825295,0,"1",0
790,"21",-0.634185104825295,0,"2",0
790,"21",-0.634185104825295,0,"3",0
790,"21",-0.634185104825295,0,"4",0
790,"21",-0.634185104825295,0,"5",0
791,"21",0.296295551319161,0,"1",0
791,"21",0.296295551319161,0,"2",1
792,"21",0.281848321679149,0,"1",0
792,"21",0.281848321679149,0,"2",0
792,"21",0.281848321679149,0,"3",0
792,"21",0.281848321679149,0,"4",0
793,"21",-0.42911908036503,1,"1",0
793,"21",-0.42911908036503,1,"2",0
793,"21",-0.42911908036503,1,"3",0
793,"21",-0.42911908036503,1,"4",0
793,"21",-0.42911908036503,1,"5",0
794,"21",-1.65358017910097,0,"1",0
794,"21",-1.65358017910097,0,"2",0
794,"21",-1.65358017910097,0,"3",0
795,"21",-0.63977625429344,1,"1",0
795,"21",-0.63977625429344,1,"2",0
795,"21",-0.63977625429344,1,"3",0
796,"21",-1.23844546056528,0,"1",0
796,"21",-1.23844546056528,0,"2",0
796,"21",-1.23844546056528,0,"3",0
797,"21",1.25346005187789,1,"1",0
797,"21",1.25346005187789,1,"2",0
797,"21",1.25346005187789,1,"3",0
797,"21",1.25346005187789,1,"4",1
798,"21",0.210003189847937,1,"1",0
798,"21",0.210003189847937,1,"2",0
798,"21",0.210003189847937,1,"3",0
798,"21",0.210003189847937,1,"4",0
798,"21",0.210003189847937,1,"5",0
799,"21",0.333664449905886,1,"1",0
799,"21",0.333664449905886,1,"2",0
799,"21",0.333664449905886,1,"3",0
800,"21",-0.549713441503043,0,"1",0
800,"21",-0.549713441503043,0,"2",0
800,"21",-0.549713441503043,0,"3",0
800,"21",-0.549713441503043,0,"4",0
800,"21",-0.549713441503043,0,"5",0
801,"21",-0.653755615073621,1,"1",0
801,"21",-0.653755615073621,1,"2",0
801,"21",-0.653755615073621,1,"3",0
801,"21",-0.653755615073621,1,"4",0
801,"21",-0.653755615073621,1,"5",0
801,"21",-0.653755615073621,1,"6",0
802,"21",-0.157607098601066,0,"1",0
802,"21",-0.157607098601066,0,"2",0
802,"21",-0.157607098601066,0,"3",0
802,"21",-0.157607098601066,0,"4",0
803,"22",-2.26746137970977,0,"1",0
803,"22",-2.26746137970977,0,"2",0
803,"22",-2.26746137970977,0,"3",0
803,"22",-2.26746137970977,0,"4",0
803,"22",-2.26746137970977,0,"5",0
803,"22",-2.26746137970977,0,"6",0
804,"22",0.585401414469368,0,"1",0
804,"22",0.585401414469368,0,"2",0
804,"22",0.585401414469368,0,"3",0
804,"22",0.585401414469368,0,"4",1
805,"22",1.36282052673299,1,"1",0
805,"22",1.36282052673299,1,"2",0
805,"22",1.36282052673299,1,"3",1
806,"22",0.819451727842448,0,"1",0
806,"22",0.819451727842448,0,"2",1
807,"22",-0.991913713754113,1,"1",0
807,"22",-0.991913713754113,1,"2",1
808,"22",0.257562838287686,0,"1",0
808,"22",0.257562838287686,0,"2",0
808,"22",0.257562838287686,0,"3",0
809,"22",-0.256046100016107,0,"1",0
809,"22",-0.256046100016107,0,"2",0
809,"22",-0.256046100016107,0,"3",1
810,"22",0.149272060450411,0,"1",0
810,"22",0.149272060450411,0,"2",0
810,"22",0.149272060450411,0,"3",0
810,"22",0.149272060450411,0,"4",0
810,"22",0.149272060450411,0,"5",1
811,"22",1.25731935683562,0,"1",0
811,"22",1.25731935683562,0,"2",1
812,"22",0.672558436902033,1,"1",0
812,"22",0.672558436902033,1,"2",0
812,"22",0.672558436902033,1,"3",0
813,"22",0.932050976363323,0,"1",0
813,"22",0.932050976363323,0,"2",0
813,"22",0.932050976363323,0,"3",0
813,"22",0.932050976363323,0,"4",0
813,"22",0.932050976363323,0,"5",1
814,"22",0.582188543101258,1,"1",0
814,"22",0.582188543101258,1,"2",0
814,"22",0.582188543101258,1,"3",1
815,"22",0.541174104579846,0,"1",0
815,"22",0.541174104579846,0,"2",0
815,"22",0.541174104579846,0,"3",0
815,"22",0.541174104579846,0,"4",0
815,"22",0.541174104579846,0,"5",0
816,"22",-1.48629978919793,0,"1",0
816,"22",-1.48629978919793,0,"2",1
817,"22",-0.31135014957162,1,"1",0
817,"22",-0.31135014957162,1,"2",0
817,"22",-0.31135014957162,1,"3",0
817,"22",-0.31135014957162,1,"4",0
818,"22",-0.832559517332312,0,"1",0
818,"22",-0.832559517332312,0,"2",0
818,"22",-0.832559517332312,0,"3",0
818,"22",-0.832559517332312,0,"4",0
818,"22",-0.832559517332312,0,"5",0
818,"22",-0.832559517332312,0,"6",0
819,"22",0.656473861810879,0,"1",0
819,"22",0.656473861810879,0,"2",0
819,"22",0.656473861810879,0,"3",0
819,"22",0.656473861810879,0,"4",1
820,"22",0.0255593223313793,1,"1",0
820,"22",0.0255593223313793,1,"2",0
820,"22",0.0255593223313793,1,"3",0
820,"22",0.0255593223313793,1,"4",0
820,"22",0.0255593223313793,1,"5",0
820,"22",0.0255593223313793,1,"6",0
821,"22",-0.774064967785522,1,"1",0
821,"22",-0.774064967785522,1,"2",0
821,"22",-0.774064967785522,1,"3",0
821,"22",-0.774064967785522,1,"4",0
821,"22",-0.774064967785522,1,"5",0
821,"22",-0.774064967785522,1,"6",0
822,"22",-0.79439188668062,1,"1",0
822,"22",-0.79439188668062,1,"2",0
822,"22",-0.79439188668062,1,"3",0
822,"22",-0.79439188668062,1,"4",0
822,"22",-0.79439188668062,1,"5",0
822,"22",-0.79439188668062,1,"6",0
823,"22",-0.0864853851852723,0,"1",0
823,"22",-0.0864853851852723,0,"2",0
823,"22",-0.0864853851852723,0,"3",0
824,"22",-1.41807809369699,0,"1",0
824,"22",-1.41807809369699,0,"2",0
824,"22",-1.41807809369699,0,"3",0
824,"22",-1.41807809369699,0,"4",0
824,"22",-1.41807809369699,0,"5",0
825,"22",1.64575960078675,1,"1",0
825,"22",1.64575960078675,1,"2",1
826,"22",0.60120736665062,0,"1",0
826,"22",0.60120736665062,0,"2",0
826,"22",0.60120736665062,0,"3",0
826,"22",0.60120736665062,0,"4",0
827,"22",-0.0799641318097801,0,"1",0
827,"22",-0.0799641318097801,0,"2",0
827,"22",-0.0799641318097801,0,"3",0
827,"22",-0.0799641318097801,0,"4",0
827,"22",-0.0799641318097801,0,"5",0
827,"22",-0.0799641318097801,0,"6",1
828,"22",-0.0537029878993031,0,"1",0
828,"22",-0.0537029878993031,0,"2",0
828,"22",-0.0537029878993031,0,"3",0
829,"22",-0.619706677279483,1,"1",0
829,"22",-0.619706677279483,1,"2",0
829,"22",-0.619706677279483,1,"3",0
829,"22",-0.619706677279483,1,"4",0
829,"22",-0.619706677279483,1,"5",0
830,"22",-0.00736822622970726,1,"1",0
830,"22",-0.00736822622970726,1,"2",0
830,"22",-0.00736822622970726,1,"3",0
830,"22",-0.00736822622970726,1,"4",1
831,"22",-1.29275240691122,1,"1",0
831,"22",-1.29275240691122,1,"2",0
831,"22",-1.29275240691122,1,"3",1
832,"22",0.646402634094607,1,"1",0
832,"22",0.646402634094607,1,"2",0
832,"22",0.646402634094607,1,"3",0
833,"22",1.73586372610027,0,"1",1
834,"22",0.846137507387984,0,"1",0
834,"22",0.846137507387984,0,"2",0
834,"22",0.846137507387984,0,"3",0
834,"22",0.846137507387984,0,"4",1
835,"22",-1.69598713218167,1,"1",0
835,"22",-1.69598713218167,1,"2",0
835,"22",-1.69598713218167,1,"3",0
835,"22",-1.69598713218167,1,"4",0
835,"22",-1.69598713218167,1,"5",0
836,"22",-1.07825553512417,1,"1",0
836,"22",-1.07825553512417,1,"2",0
836,"22",-1.07825553512417,1,"3",0
836,"22",-1.07825553512417,1,"4",0
836,"22",-1.07825553512417,1,"5",0
836,"22",-1.07825553512417,1,"6",0
837,"22",1.85639968914584,1,"1",0
837,"22",1.85639968914584,1,"2",0
837,"22",1.85639968914584,1,"3",0
837,"22",1.85639968914584,1,"4",0
838,"22",-1.10640424007201,0,"1",1
839,"22",-0.356013361204365,1,"1",0
839,"22",-0.356013361204365,1,"2",0
839,"22",-0.356013361204365,1,"3",0
839,"22",-0.356013361204365,1,"4",0
839,"22",-0.356013361204365,1,"5",0
840,"22",-0.0153169778298155,0,"1",0
840,"22",-0.0153169778298155,0,"2",0
840,"22",-0.0153169778298155,0,"3",0
840,"22",-0.0153169778298155,0,"4",1
841,"22",0.271557500610657,0,"1",0
841,"22",0.271557500610657,0,"2",0
841,"22",0.271557500610657,0,"3",0
841,"22",0.271557500610657,0,"4",1
842,"22",0.242935701843376,0,"1",0
842,"22",0.242935701843376,0,"2",0
842,"22",0.242935701843376,0,"3",0
842,"22",0.242935701843376,0,"4",0
843,"22",-0.395119622154109,0,"1",0
843,"22",-0.395119622154109,0,"2",1
844,"23",1.05414793189238,0,"1",0
844,"23",1.05414793189238,0,"2",0
844,"23",1.05414793189238,0,"3",0
845,"23",-2.5392412955945,0,"1",0
845,"23",-2.5392412955945,0,"2",0
845,"23",-2.5392412955945,0,"3",0
845,"23",-2.5392412955945,0,"4",0
846,"23",-0.136429729000447,0,"1",0
846,"23",-0.136429729000447,0,"2",0
846,"23",-0.136429729000447,0,"3",1
847,"23",1.22821140150831,0,"1",1
848,"23",1.03387285893295,0,"1",0
848,"23",1.03387285893295,0,"2",0
848,"23",1.03387285893295,0,"3",0
849,"23",2.20408172226341,1,"1",0
849,"23",2.20408172226341,1,"2",1
850,"23",0.642630697019271,0,"1",0
850,"23",0.642630697019271,0,"2",0
850,"23",0.642630697019271,0,"3",0
850,"23",0.642630697019271,0,"4",0
850,"23",0.642630697019271,0,"5",0
850,"23",0.642630697019271,0,"6",0
851,"23",1.78129410206869,0,"1",1
852,"23",-0.157083568173758,0,"1",1
853,"23",1.43830250609283,0,"1",0
853,"23",1.43830250609283,0,"2",0
853,"23",1.43830250609283,0,"3",0
853,"23",1.43830250609283,0,"4",0
853,"23",1.43830250609283,0,"5",0
853,"23",1.43830250609283,0,"6",0
854,"23",2.72863698011104,0,"1",1
855,"23",0.259892629079717,1,"1",0
855,"23",0.259892629079717,1,"2",0
855,"23",0.259892629079717,1,"3",0
855,"23",0.259892629079717,1,"4",0
855,"23",0.259892629079717,1,"5",0
855,"23",0.259892629079717,1,"6",0
856,"23",0.40367214688121,1,"1",0
856,"23",0.40367214688121,1,"2",0
856,"23",0.40367214688121,1,"3",0
856,"23",0.40367214688121,1,"4",0
856,"23",0.40367214688121,1,"5",0
857,"23",1.19835781864957,1,"1",0
857,"23",1.19835781864957,1,"2",0
857,"23",1.19835781864957,1,"3",0
857,"23",1.19835781864957,1,"4",0
857,"23",1.19835781864957,1,"5",0
858,"23",0.404028291231067,0,"1",0
858,"23",0.404028291231067,0,"2",0
858,"23",0.404028291231067,0,"3",1
859,"23",0.742980884813911,0,"1",0
859,"23",0.742980884813911,0,"2",0
859,"23",0.742980884813911,0,"3",0
859,"23",0.742980884813911,0,"4",1
860,"23",-1.14204776827153,0,"1",0
860,"23",-1.14204776827153,0,"2",0
860,"23",-1.14204776827153,0,"3",0
860,"23",-1.14204776827153,0,"4",0
861,"23",-1.25094016414847,1,"1",0
861,"23",-1.25094016414847,1,"2",0
861,"23",-1.25094016414847,1,"3",0
861,"23",-1.25094016414847,1,"4",0
861,"23",-1.25094016414847,1,"5",0
862,"23",0.520875670281228,0,"1",0
862,"23",0.520875670281228,0,"2",1
863,"23",0.171463310401106,1,"1",0
863,"23",0.171463310401106,1,"2",0
863,"23",0.171463310401106,1,"3",0
864,"23",1.70304690192613,0,"1",0
864,"23",1.70304690192613,0,"2",1
865,"23",-1.11113536100922,0,"1",0
865,"23",-1.11113536100922,0,"2",0
865,"23",-1.11113536100922,0,"3",0
865,"23",-1.11113536100922,0,"4",0
865,"23",-1.11113536100922,0,"5",0
866,"23",0.0266701212159087,1,"1",0
866,"23",0.0266701212159087,1,"2",0
866,"23",0.0266701212159087,1,"3",0
866,"23",0.0266701212159087,1,"4",0
866,"23",0.0266701212159087,1,"5",0
866,"23",0.0266701212159087,1,"6",0
867,"23",-0.457583296873542,1,"1",0
867,"23",-0.457583296873542,1,"2",0
867,"23",-0.457583296873542,1,"3",0
867,"23",-0.457583296873542,1,"4",0
868,"23",-0.352426579770971,1,"1",0
868,"23",-0.352426579770971,1,"2",0
868,"23",-0.352426579770971,1,"3",0
868,"23",-0.352426579770971,1,"4",0
868,"23",-0.352426579770971,1,"5",0
869,"23",0.327026476035134,1,"1",1
870,"23",-1.98876559019498,1,"1",0
870,"23",-1.98876559019498,1,"2",0
870,"23",-1.98876559019498,1,"3",0
870,"23",-1.98876559019498,1,"4",0
870,"23",-1.98876559019498,1,"5",0
871,"23",0.62961035188411,1,"1",0
871,"23",0.62961035188411,1,"2",1
872,"23",0.37619668614823,0,"1",0
872,"23",0.37619668614823,0,"2",0
872,"23",0.37619668614823,0,"3",0
872,"23",0.37619668614823,0,"4",0
873,"23",1.21462761802738,1,"1",0
873,"23",1.21462761802738,1,"2",0
873,"23",1.21462761802738,1,"3",0
874,"23",0.550666804899642,1,"1",0
874,"23",0.550666804899642,1,"2",1
875,"23",0.699961050939771,0,"1",1
876,"23",1.36528749212929,0,"1",0
876,"23",1.36528749212929,0,"2",0
876,"23",1.36528749212929,0,"3",0
876,"23",1.36528749212929,0,"4",0
876,"23",1.36528749212929,0,"5",1
877,"24",-0.361627148462515,0,"1",0
877,"24",-0.361627148462515,0,"2",0
877,"24",-0.361627148462515,0,"3",0
878,"24",1.34628555565214,1,"1",0
878,"24",1.34628555565214,1,"2",0
878,"24",1.34628555565214,1,"3",1
879,"24",1.70331878244334,0,"1",0
879,"24",1.70331878244334,0,"2",0
879,"24",1.70331878244334,0,"3",0
880,"24",-0.222062879527348,0,"1",0
880,"24",-0.222062879527348,0,"2",0
880,"24",-0.222062879527348,0,"3",0
880,"24",-0.222062879527348,0,"4",1
881,"24",0.659502605107054,1,"1",0
881,"24",0.659502605107054,1,"2",0
881,"24",0.659502605107054,1,"3",0
881,"24",0.659502605107054,1,"4",0
881,"24",0.659502605107054,1,"5",0
882,"24",-0.926067864191877,1,"1",0
882,"24",-0.926067864191877,1,"2",0
882,"24",-0.926067864191877,1,"3",0
882,"24",-0.926067864191877,1,"4",0
882,"24",-0.926067864191877,1,"5",0
883,"24",1.25235403122605,0,"1",1
884,"24",-0.0989938931533282,0,"1",0
884,"24",-0.0989938931533282,0,"2",0
884,"24",-0.0989938931533282,0,"3",0
884,"24",-0.0989938931533282,0,"4",0
885,"24",-0.678119862463679,0,"1",0
885,"24",-0.678119862463679,0,"2",0
885,"24",-0.678119862463679,0,"3",0
885,"24",-0.678119862463679,0,"4",0
885,"24",-0.678119862463679,0,"5",0
886,"24",0.603933848192695,1,"1",0
886,"24",0.603933848192695,1,"2",0
886,"24",0.603933848192695,1,"3",0
886,"24",0.603933848192695,1,"4",0
886,"24",0.603933848192695,1,"5",0
886,"24",0.603933848192695,1,"6",0
887,"24",0.239330501129906,1,"1",0
887,"24",0.239330501129906,1,"2",0
887,"24",0.239330501129906,1,"3",0
887,"24",0.239330501129906,1,"4",0
887,"24",0.239330501129906,1,"5",0
888,"24",0.123092251502914,1,"1",0
888,"24",0.123092251502914,1,"2",1
889,"24",-0.377069658753013,1,"1",0
889,"24",-0.377069658753013,1,"2",0
889,"24",-0.377069658753013,1,"3",1
890,"24",0.616865492931394,1,"1",0
890,"24",0.616865492931394,1,"2",0
890,"24",0.616865492931394,1,"3",0
890,"24",0.616865492931394,1,"4",1
891,"24",-0.365860384916909,0,"1",0
891,"24",-0.365860384916909,0,"2",0
891,"24",-0.365860384916909,0,"3",0
891,"24",-0.365860384916909,0,"4",0
891,"24",-0.365860384916909,0,"5",0
892,"24",-1.28558874675705,1,"1",0
892,"24",-1.28558874675705,1,"2",0
892,"24",-1.28558874675705,1,"3",0
892,"24",-1.28558874675705,1,"4",0
893,"24",-2.07803524244076,0,"1",0
893,"24",-2.07803524244076,0,"2",0
893,"24",-2.07803524244076,0,"3",0
893,"24",-2.07803524244076,0,"4",0
893,"24",-2.07803524244076,0,"5",0
893,"24",-2.07803524244076,0,"6",0
894,"24",1.05618236967111,1,"1",0
894,"24",1.05618236967111,1,"2",0
894,"24",1.05618236967111,1,"3",0
894,"24",1.05618236967111,1,"4",0
894,"24",1.05618236967111,1,"5",0
894,"24",1.05618236967111,1,"6",0
895,"24",0.507264858634269,1,"1",0
895,"24",0.507264858634269,1,"2",0
895,"24",0.507264858634269,1,"3",0
895,"24",0.507264858634269,1,"4",0
895,"24",0.507264858634269,1,"5",0
895,"24",0.507264858634269,1,"6",0
896,"24",-0.514881309324521,0,"1",0
896,"24",-0.514881309324521,0,"2",0
896,"24",-0.514881309324521,0,"3",0
896,"24",-0.514881309324521,0,"4",0
897,"24",-0.0739096195138039,0,"1",0
897,"24",-0.0739096195138039,0,"2",0
897,"24",-0.0739096195138039,0,"3",0
897,"24",-0.0739096195138039,0,"4",0
897,"24",-0.0739096195138039,0,"5",0
898,"24",-1.55839976344411,0,"1",0
898,"24",-1.55839976344411,0,"2",0
898,"24",-1.55839976344411,0,"3",0
899,"24",-0.740440796781632,1,"1",0
899,"24",-0.740440796781632,1,"2",0
899,"24",-0.740440796781632,1,"3",0
899,"24",-0.740440796781632,1,"4",0
899,"24",-0.740440796781632,1,"5",0
899,"24",-0.740440796781632,1,"6",0
900,"24",1.49370858843821,0,"1",1
901,"24",0.730051714492045,0,"1",0
901,"24",0.730051714492045,0,"2",1
902,"24",-0.167861395223948,1,"1",1
903,"24",0.866323715981959,0,"1",0
903,"24",0.866323715981959,0,"2",1
904,"24",0.157075558132663,1,"1",0
904,"24",0.157075558132663,1,"2",0
904,"24",0.157075558132663,1,"3",0
904,"24",0.157075558132663,1,"4",0
905,"24",-1.78144078568848,0,"1",0
905,"24",-1.78144078568848,0,"2",0
905,"24",-1.78144078568848,0,"3",0
905,"24",-1.78144078568848,0,"4",0
906,"24",-0.467999755779772,0,"1",0
906,"24",-0.467999755779772,0,"2",0
906,"24",-0.467999755779772,0,"3",0
906,"24",-0.467999755779772,0,"4",0
907,"24",-0.528727433492146,1,"1",0
907,"24",-0.528727433492146,1,"2",0
907,"24",-0.528727433492146,1,"3",0
907,"24",-0.528727433492146,1,"4",0
907,"24",-0.528727433492146,1,"5",0
907,"24",-0.528727433492146,1,"6",0
908,"24",-0.746898923082769,0,"1",0
908,"24",-0.746898923082769,0,"2",0
908,"24",-0.746898923082769,0,"3",0
908,"24",-0.746898923082769,0,"4",0
908,"24",-0.746898923082769,0,"5",0
908,"24",-0.746898923082769,0,"6",0
909,"24",0.0728091040376818,1,"1",0
909,"24",0.0728091040376818,1,"2",0
909,"24",0.0728091040376818,1,"3",0
909,"24",0.0728091040376818,1,"4",0
910,"24",1.358258759379,0,"1",1
911,"24",-0.479814429454088,0,"1",1
912,"24",-3.24517126959052,1,"1",0
912,"24",-3.24517126959052,1,"2",0
912,"24",-3.24517126959052,1,"3",0
912,"24",-3.24517126959052,1,"4",0
912,"24",-3.24517126959052,1,"5",0
912,"24",-3.24517126959052,1,"6",0
913,"24",0.252564204722308,1,"1",0
913,"24",0.252564204722308,1,"2",0
913,"24",0.252564204722308,1,"3",0
913,"24",0.252564204722308,1,"4",0
914,"24",0.0336127303034332,1,"1",0
914,"24",0.0336127303034332,1,"2",0
914,"24",0.0336127303034332,1,"3",1
