"id_poliza","id_agencia","id_region","antiguedad","exposicion","edad_conductor","edad_tramo","antiguedad_carnet","potencia_cv","cilindrada","antiguedad_vehiculo","valor_vehiculo","densidad","zona_circulacion","km_anuales","uso","tipo_vehiculo","combustible","sexo","color_vehiculo","estado_civil","forma_pago","financiado","n_conductores","nivel_estudios","medio_contacto","n_siniestros","n_asistencia","n_fraude","n_gestiones","t_primer_sin","evento","t_baja","baja","motivo_fin","coste_total","coste_medio","tuvo_siniestro","bonus_malus_prev","bonus_malus_act"
1,"1","1",2.793,0.2793,29,"25-35",11,139,2497,6,21668,2838,"urbana",8280,"particular","turismo","diesel","H","rojo","casado","anual",0,1,"medio","telefonico",0,0,0,2,2.793,0,2.793,1,"baja",0,NA,0,"2","2"
2,"1","1",6.515,0.6515,36,"35-65",18,74,1164,6,29168,254,"mixta",5005,"particular","turismo","diesel","M","blanco","casado","anual",0,2,"medio","telefonico",0,3,1,0,6.515,0,10,0,"fin_estudio",0,NA,0,"1","1"
3,"1","1",3.978,0.3978,73,"65+",50,100,1386,14,18215,280,"mixta",7057,"particular","turismo","diesel","M","otro","soltero","mensual",1,1,"medio","presencial",0,2,1,0,3.978,0,3.978,1,"baja",0,NA,0,"2","2"
4,"1","1",2.574,0.2574,53,"35-65",34,95,1654,1,32857,285,"mixta",17630,"particular","turismo","diesel","H","gris","soltero","mensual",0,2,"basico","telematico",0,2,0,0,2.574,0,3.718,0,"fin_estudio",0,NA,0,"2","1"
5,"1","1",5.559,0.5559,72,"65+",47,159,2851,12,28232,463,"mixta",26023,"comercial","turismo","diesel","M","otro","casado","anual",0,1,"basico","presencial",0,6,0,2,5.559,0,5.559,1,"baja",0,NA,0,"2","2"
6,"1","1",1.069,0.1069,46,"35-65",22,156,2300,9,36974,179,"mixta",32300,"particular","turismo","diesel","H","rojo","casado","mensual",0,2,"superior","telematico",0,0,0,0,1.069,0,1.069,1,"baja",0,NA,0,"1","1"
7,"1","1",3.335,0.3335,40,"35-65",12,134,1815,6,29267,63,"rural",17540,"particular","turismo","diesel","H","otro","otro","anual",0,1,"medio","presencial",0,2,0,0,3.335,0,3.335,1,"baja",0,NA,0,"2","2"
8,"1","1",6.807,0.6807,21,"18-25",1,134,1921,12,22603,323,"mixta",25502,"comercial","turismo","gasolina","H","otro","casado","mensual",0,2,"superior","presencial",0,7,1,2,6.807,0,9.547,0,"fin_estudio",0,NA,0,"1","1"
9,"1","1",7.683,0.7683,53,"35-65",26,88,1190,13,28699,116,"rural",14942,"comercial","turismo","diesel","M","blanco","otro","anual",0,1,"superior","telematico",3,3,1,2,1.891,1,10,0,"fin_estudio",7517.99,2506,1,"4","4"
10,"1","1",1.247,0.1247,32,"25-35",14,87,1243,9,29168,49,"rural",9268,"particular","moto","gasolina","H","blanco","casado","anual",0,1,"basico","telefonico",0,0,0,1,1.247,0,10,0,"fin_estudio",0,NA,0,"3","2"
11,"1","1",6.313,0.6313,33,"25-35",7,113,1920,9,25110,56,"rural",28853,"particular","moto","diesel","H","rojo","soltero","anual",0,1,"medio","presencial",0,5,1,3,6.313,0,9.082,0,"fin_estudio",0,NA,0,"1","1"
12,"1","1",0.877,0.0877,53,"35-65",30,108,1885,12,29213,293,"mixta",11740,"particular","furgoneta","gasolina","H","negro","casado","anual",1,2,"basico","presencial",0,1,0,0,0.877,0,0.877,1,"baja",0,NA,0,"4","4"
13,"1","1",7.56,0.756,37,"35-65",11,115,1706,12,34719,317,"mixta",15179,"particular","turismo","diesel","M","blanco","otro","anual",1,1,"superior","presencial",2,6,0,1,2.222,1,9.124,0,"fin_estudio",6833.85,3416.93,1,"4","4"
14,"1","1",4.68,0.468,40,"35-65",15,129,2234,17,20218,177,"mixta",4967,"particular","turismo","gasolina","M","gris","soltero","mensual",1,1,"superior","telematico",0,0,0,0,4.68,0,9.762,0,"fin_estudio",0,NA,0,"1","1"
15,"1","1",8.8,0.88,55,"35-65",17,151,1855,6,38768,883,"mixta",11892,"particular","turismo","gasolina","M","blanco","soltero","anual",0,1,"medio","telefonico",0,3,1,1,8.8,0,10,0,"fin_estudio",0,NA,0,"1","1"
16,"1","1",0.941,0.0941,23,"18-25",4,55,955,8,18003,290,"mixta",21850,"particular","turismo","gasolina","M","negro","casado","anual",0,1,"basico","presencial",0,0,0,0,0.941,0,0.941,1,"baja",0,NA,0,"2","2"
17,"1","1",2.164,0.2164,69,"65+",23,174,2538,12,28212,306,"mixta",7701,"particular","turismo","gasolina","H","gris","casado","anual",1,1,"basico","presencial",0,0,0,0,2.164,0,10,0,"fin_estudio",0,NA,0,"1","1"
18,"1","1",4.472,0.4472,33,"25-35",8,140,2088,13,19096,302,"mixta",13803,"particular","turismo","gasolina","M","blanco","casado","anual",1,2,"superior","presencial",3,3,0,0,2.874,1,6.118,0,"fin_estudio",2395.4,798.47,1,"5","5"
19,"1","1",6.718,0.6718,44,"35-65",16,99,1474,10,18463,381,"mixta",18045,"particular","turismo","diesel","H","rojo","soltero","anual",1,2,"medio","presencial",0,5,2,1,6.718,0,6.718,1,"baja",0,NA,0,"1","1"
20,"1","1",6.608,0.6608,56,"35-65",18,67,1041,6,15649,1584,"urbana",13192,"particular","turismo","diesel","M","otro","soltero","mensual",0,2,"basico","presencial",1,3,0,2,0.637,1,10,0,"fin_estudio",709.11,709.11,1,"4","3"
21,"1","1",8.591,0.8591,36,"35-65",14,165,2409,7,31228,421,"mixta",9991,"comercial","moto","gasolina","H","otro","otro","mensual",1,1,"medio","presencial",1,5,2,7,6.674,1,10,0,"fin_estudio",1911.46,1911.46,1,"2","1"
22,"1","1",7.535,0.7535,36,"35-65",14,129,1561,4,29748,407,"mixta",8881,"particular","turismo","gasolina","H","negro","casado","mensual",0,2,"superior","telefonico",1,3,2,2,5.627,1,10,0,"fin_estudio",1750.96,1750.96,1,"3","3"
23,"1","1",8.246,0.8246,48,"35-65",26,55,800,17,32869,41,"rural",10482,"particular","moto","gasolina","M","otro","casado","anual",1,3,"basico","presencial",0,2,1,3,8.246,0,8.246,1,"baja",0,NA,0,"1","1"
24,"1","1",1.601,0.1601,36,"35-65",14,125,1755,10,31689,429,"mixta",11549,"particular","turismo","gasolina","M","rojo","soltero","anual",0,1,"basico","telefonico",0,2,1,2,1.601,0,2.087,0,"fin_estudio",0,NA,0,"3","2"
25,"1","1",2.465,0.2465,52,"35-65",12,143,1769,11,30297,549,"mixta",34374,"particular","furgoneta","diesel","M","rojo","soltero","mensual",1,1,"superior","telefonico",1,1,0,1,1.41,1,10,0,"fin_estudio",3456.6,3456.6,1,"2","2"
26,"1","1",5.159,0.5159,42,"35-65",11,179,2479,10,19159,459,"mixta",6274,"particular","moto","gasolina","H","rojo","soltero","mensual",0,3,"medio","presencial",0,1,0,1,5.159,0,5.159,1,"baja",0,NA,0,"2","1"
27,"1","1",2.442,0.2442,63,"35-65",25,105,1474,7,25625,41,"rural",15561,"particular","turismo","gasolina","M","gris","casado","mensual",0,1,"basico","presencial",0,0,0,1,2.442,0,5.12,0,"fin_estudio",0,NA,0,"3","3"
28,"1","1",3.555,0.3555,30,"25-35",7,70,1028,3,23044,77,"rural",11199,"particular","moto","gasolina","H","gris","soltero","mensual",1,1,"superior","telefonico",0,0,0,2,3.555,0,3.808,0,"fin_estudio",0,NA,0,"1","1"
29,"1","1",7.526,0.7526,36,"35-65",15,115,2039,11,31262,909,"mixta",5609,"particular","turismo","diesel","M","otro","otro","anual",1,1,"superior","presencial",1,2,0,2,1.813,1,7.526,1,"baja",145.25,145.25,1,"3","2"
30,"1","1",9.033,0.9033,67,"65+",35,89,1398,3,19951,14,"rural",7378,"particular","turismo","diesel","M","rojo","soltero","anual",0,1,"medio","presencial",0,3,0,7,9.033,0,10,0,"fin_estudio",0,NA,0,"1","1"
31,"1","1",0.249,0.0249,53,"35-65",14,155,2260,15,40603,329,"mixta",6280,"particular","turismo","diesel","M","otro","casado","mensual",0,4,"medio","telematico",0,0,0,0,0.249,0,0.249,1,"baja",0,NA,0,"2","2"
32,"1","1",4.547,0.4547,24,"18-25",4,59,979,1,23338,615,"mixta",10199,"particular","turismo","gasolina","H","blanco","casado","mensual",0,2,"superior","presencial",2,3,0,2,0.723,1,6.323,0,"fin_estudio",5591.14,2795.57,1,"4","3"
33,"1","1",5.023,0.5023,19,"18-25",1,90,1260,0,28863,248,"mixta",8143,"particular","turismo","gasolina","H","negro","soltero","anual",0,2,"medio","presencial",1,0,0,3,3.128,1,10,0,"fin_estudio",12176.72,12176.72,1,"3","2"
34,"1","1",1.179,0.1179,21,"18-25",1,122,2117,9,8582,63,"rural",14053,"particular","furgoneta","diesel","H","blanco","soltero","anual",0,1,"basico","presencial",0,1,0,1,1.179,0,8.523,0,"fin_estudio",0,NA,0,"4","3"
35,"1","1",1.194,0.1194,52,"35-65",32,55,800,1,32839,77,"rural",10640,"particular","turismo","diesel","H","blanco","casado","anual",0,2,"medio","telefonico",0,0,0,0,1.194,0,8.664,0,"fin_estudio",0,NA,0,"3","2"
36,"1","1",1.029,0.1029,54,"35-65",26,104,1637,8,15766,541,"mixta",9922,"particular","furgoneta","diesel","H","blanco","casado","anual",1,1,"basico","telefonico",0,0,0,1,1.029,0,3.378,0,"fin_estudio",0,NA,0,"3","2"
37,"1","1",4.18,0.418,23,"18-25",4,60,819,11,29268,556,"mixta",10126,"particular","turismo","gasolina","H","rojo","otro","anual",0,1,"basico","telematico",5,2,0,1,0.603,1,10,0,"fin_estudio",14996.59,2999.32,1,"5","4"
38,"1","1",2.896,0.2896,55,"35-65",13,110,1511,8,22943,362,"mixta",12674,"comercial","turismo","gasolina","H","blanco","casado","mensual",0,1,"medio","telematico",0,2,0,1,2.896,0,2.896,1,"baja",0,NA,0,"3","3"
39,"1","1",1.567,0.1567,66,"65+",36,162,2441,16,32370,122,"rural",16836,"particular","furgoneta","gasolina","M","blanco","casado","mensual",1,1,"medio","presencial",0,1,0,0,1.567,0,10,0,"fin_estudio",0,NA,0,"4","3"
40,"1","1",2.555,0.2555,52,"35-65",19,87,1134,8,40739,171,"mixta",8194,"particular","furgoneta","diesel","M","rojo","soltero","anual",1,1,"medio","telefonico",0,0,0,2,2.555,0,10,0,"fin_estudio",0,NA,0,"2","1"
41,"1","1",9.036,0.9036,38,"35-65",19,120,2130,6,13523,274,"mixta",14772,"comercial","moto","gasolina","H","rojo","soltero","mensual",0,1,"superior","telefonico",3,7,3,2,3.059,1,10,0,"fin_estudio",6485.54,2161.85,1,"2","2"
42,"1","1",1.514,0.1514,52,"35-65",23,97,1522,4,38216,27,"rural",14879,"particular","furgoneta","gasolina","M","otro","soltero","anual",0,2,"basico","presencial",0,0,0,0,1.514,0,6.396,0,"fin_estudio",0,NA,0,"2","1"
43,"1","1",5.14,0.514,44,"35-65",10,126,2257,12,21324,1072,"urbana",7579,"particular","turismo","diesel","M","negro","casado","mensual",0,2,"superior","presencial",0,2,0,1,5.14,0,5.14,1,"baja",0,NA,0,"1","1"
44,"1","1",3.28,0.328,35,"25-35",15,87,1296,6,42853,205,"mixta",14840,"particular","turismo","diesel","H","otro","otro","mensual",0,1,"superior","presencial",1,0,0,0,0.126,1,3.28,1,"baja",2293.78,2293.78,1,"4","4"
45,"1","1",2.213,0.2213,32,"25-35",11,70,976,9,29925,357,"mixta",18242,"comercial","turismo","diesel","M","gris","casado","mensual",0,1,"medio","telefonico",1,0,0,0,1.142,1,3.657,0,"fin_estudio",2816.8,2816.8,1,"5","5"
46,"1","1",2.222,0.2222,75,"65+",50,108,1732,16,26663,367,"mixta",15746,"particular","turismo","diesel","H","negro","casado","anual",0,1,"superior","presencial",0,3,0,1,2.222,0,3.835,0,"fin_estudio",0,NA,0,"4","4"
47,"1","1",3.576,0.3576,38,"35-65",14,100,1344,6,26789,161,"mixta",9428,"particular","turismo","diesel","H","negro","soltero","mensual",1,1,"medio","presencial",1,1,0,0,2.748,1,3.576,1,"baja",1814.63,1814.63,1,"3","3"
48,"1","1",5.461,0.5461,62,"35-65",32,55,849,13,26746,185,"mixta",10209,"particular","turismo","diesel","M","rojo","soltero","mensual",1,1,"basico","presencial",1,5,0,2,5.412,1,10,0,"fin_estudio",743.97,743.97,1,"1","2"
49,"1","1",3.339,0.3339,55,"35-65",19,139,2457,8,22257,192,"mixta",18680,"particular","turismo","diesel","M","otro","otro","anual",1,2,"superior","presencial",1,1,1,1,2.323,1,3.628,0,"fin_estudio",1607.91,1607.91,1,"3","3"
50,"1","1",8.032,0.8032,71,"65+",42,117,2023,6,27490,418,"mixta",18431,"particular","turismo","diesel","M","otro","casado","mensual",1,2,"superior","presencial",0,5,3,1,8.032,0,10,0,"fin_estudio",0,NA,0,"1","1"
51,"1","1",0.963,0.0963,56,"35-65",27,73,1074,0,27769,46,"rural",18949,"particular","turismo","gasolina","H","otro","soltero","anual",1,1,"basico","telefonico",0,2,1,0,0.963,0,0.963,1,"baja",0,NA,0,"1","1"
52,"1","1",1.192,0.1192,37,"35-65",15,55,800,9,9218,1152,"urbana",15988,"particular","turismo","gasolina","M","otro","soltero","mensual",0,2,"medio","presencial",0,0,0,0,1.192,0,9.407,0,"fin_estudio",0,NA,0,"1","1"
53,"1","1",8.435,0.8435,60,"35-65",36,151,2397,13,27552,258,"mixta",4734,"particular","turismo","diesel","M","negro","otro","mensual",0,1,"basico","presencial",0,3,0,1,8.435,0,8.843,0,"fin_estudio",0,NA,0,"1","1"
54,"1","1",2.774,0.2774,42,"35-65",19,57,902,7,30056,98,"rural",9236,"comercial","moto","diesel","H","gris","casado","anual",0,1,"superior","presencial",0,1,0,0,2.774,0,2.774,1,"baja",0,NA,0,"2","1"
55,"1","1",2.352,0.2352,46,"35-65",12,170,2131,9,16956,717,"mixta",6410,"particular","turismo","diesel","M","rojo","soltero","mensual",1,1,"superior","presencial",0,0,2,0,2.352,0,2.352,1,"baja",0,NA,0,"1","1"
56,"1","1",3.72,0.372,18,"18-25",0,78,1208,0,22128,44,"rural",9068,"particular","turismo","diesel","H","rojo","soltero","mensual",0,1,"basico","telefonico",1,1,0,0,3.151,1,10,0,"fin_estudio",657.63,657.63,1,"2","3"
57,"1","1",8.955,0.8955,59,"35-65",17,103,1826,6,24519,6997,"urbana",9813,"particular","turismo","diesel","H","negro","casado","mensual",1,3,"medio","presencial",2,4,0,1,2.51,1,10,0,"fin_estudio",2272.17,1136.09,1,"1","1"
58,"1","1",5.341,0.5341,57,"35-65",36,55,949,10,24531,2372,"urbana",7617,"particular","turismo","gasolina","M","rojo","soltero","mensual",0,1,"medio","telematico",0,0,0,1,5.341,0,10,0,"fin_estudio",0,NA,0,"1","1"
59,"1","1",4.828,0.4828,32,"25-35",8,127,1640,6,27947,1276,"urbana",7687,"particular","furgoneta","gasolina","H","otro","soltero","mensual",0,2,"medio","presencial",3,1,3,1,1.607,1,4.828,1,"baja",4792.01,1597.34,1,"4","4"
60,"1","1",3.744,0.3744,38,"35-65",16,106,1890,14,33459,781,"mixta",21594,"particular","turismo","gasolina","H","blanco","soltero","anual",0,1,"medio","telefonico",0,4,1,0,3.744,0,3.744,1,"baja",0,NA,0,"1","1"
61,"1","1",3.836,0.3836,65,"35-65",37,143,2045,2,28248,338,"mixta",14747,"particular","turismo","diesel","H","gris","otro","mensual",1,1,"medio","telematico",0,4,0,0,3.836,0,10,0,"fin_estudio",0,NA,0,"3","2"
62,"1","1",7.699,0.7699,59,"35-65",41,102,1259,3,20672,31,"rural",14986,"particular","turismo","gasolina","H","rojo","soltero","mensual",0,2,"superior","telefonico",0,5,0,3,7.699,0,7.699,1,"baja",0,NA,0,"1","1"
63,"1","1",9.13,0.913,36,"35-65",16,71,1049,12,22325,255,"mixta",16055,"particular","turismo","gasolina","H","rojo","soltero","mensual",1,2,"medio","presencial",0,12,0,0,9.13,0,10,0,"fin_estudio",0,NA,0,"1","1"
64,"1","1",1.045,0.1045,35,"25-35",14,62,803,8,15681,57,"rural",11090,"particular","moto","diesel","H","gris","casado","mensual",0,1,"superior","presencial",0,0,0,0,1.045,0,3.138,0,"fin_estudio",0,NA,0,"2","2"
65,"1","1",8.599,0.8599,62,"35-65",41,62,800,0,30895,95,"rural",6674,"particular","turismo","diesel","M","negro","casado","mensual",0,1,"superior","telefonico",0,2,2,2,8.599,0,8.599,1,"baja",0,NA,0,"1","1"
66,"1","1",6.896,0.6896,79,"65+",48,135,1948,13,37104,426,"mixta",20641,"particular","turismo","diesel","M","blanco","casado","anual",0,2,"basico","presencial",3,8,0,4,2.233,1,7.23,0,"fin_estudio",10724.86,3574.95,1,"5","5"
67,"1","1",4.759,0.4759,30,"25-35",5,112,1426,13,16928,80,"rural",5662,"particular","turismo","diesel","H","negro","soltero","anual",0,3,"superior","telematico",0,1,0,1,4.759,0,10,0,"fin_estudio",0,NA,0,"1","1"
68,"1","1",3.784,0.3784,25,"18-25",6,154,2458,4,24967,1052,"urbana",38160,"comercial","turismo","diesel","H","negro","casado","anual",0,1,"basico","presencial",3,5,0,1,0.766,1,3.784,1,"baja",5544.14,1848.05,1,"5","4"
69,"1","1",8.791,0.8791,57,"35-65",36,113,1662,10,19704,126,"rural",11609,"particular","turismo","diesel","M","gris","soltero","anual",0,2,"basico","presencial",1,3,0,4,5.972,1,10,0,"fin_estudio",424.65,424.65,1,"2","2"
70,"1","1",4.227,0.4227,35,"25-35",7,84,1063,5,14377,890,"mixta",6633,"particular","turismo","diesel","H","gris","casado","anual",1,1,"basico","telefonico",0,1,0,1,4.227,0,4.227,1,"baja",0,NA,0,"2","2"
71,"1","1",4.717,0.4717,70,"65+",22,133,1671,10,21250,622,"mixta",25471,"particular","turismo","diesel","M","otro","casado","anual",0,1,"basico","presencial",0,4,0,3,4.717,0,4.717,1,"baja",0,NA,0,"1","1"
72,"1","1",6.719,0.6719,44,"35-65",13,131,2295,0,29025,145,"rural",22648,"particular","turismo","diesel","M","negro","otro","mensual",0,1,"basico","presencial",0,1,1,1,6.719,0,10,0,"fin_estudio",0,NA,0,"1","1"
73,"1","1",3.363,0.3363,43,"35-65",10,93,1304,21,22000,189,"mixta",13786,"particular","turismo","diesel","M","blanco","soltero","mensual",0,1,"superior","presencial",0,2,0,0,3.363,0,3.363,1,"baja",0,NA,0,"3","3"
74,"1","1",2.089,0.2089,20,"18-25",2,74,1078,18,6829,233,"mixta",47135,"comercial","turismo","gasolina","M","blanco","soltero","anual",0,1,"basico","presencial",0,3,0,0,2.089,0,2.089,1,"baja",0,NA,0,"1","1"
75,"1","1",6.63,0.663,55,"35-65",16,161,2444,4,29145,66,"rural",11292,"particular","turismo","diesel","H","rojo","casado","anual",0,1,"medio","telefonico",0,4,0,2,6.63,0,10,0,"fin_estudio",0,NA,0,"1","1"
76,"1","1",3.835,0.3835,18,"18-25",0,127,1858,10,33304,243,"mixta",23374,"comercial","turismo","diesel","M","blanco","soltero","mensual",0,1,"medio","presencial",0,4,2,0,3.835,0,3.835,1,"baja",0,NA,0,"2","1"
77,"1","1",4.373,0.4373,58,"35-65",28,66,1145,11,15131,744,"mixta",38827,"particular","turismo","gasolina","H","otro","soltero","mensual",0,2,"basico","telematico",1,2,0,1,2.48,1,10,0,"fin_estudio",900.62,900.62,1,"2","2"
78,"1","1",7.008,0.7008,72,"65+",26,95,1297,1,18982,550,"mixta",9593,"comercial","turismo","gasolina","M","gris","casado","anual",0,2,"basico","presencial",0,3,0,2,7.008,0,8.961,0,"fin_estudio",0,NA,0,"1","1"
79,"1","1",5.56,0.556,65,"35-65",22,137,2313,11,30360,445,"mixta",10230,"comercial","turismo","gasolina","H","blanco","casado","anual",1,2,"medio","presencial",1,1,0,4,0.51,1,10,0,"fin_estudio",3516.94,3516.94,1,"2","2"
80,"1","1",9.425,0.9425,63,"35-65",32,158,2694,11,22514,636,"mixta",12289,"particular","turismo","gasolina","H","rojo","casado","anual",0,2,"medio","telematico",0,6,0,2,9.425,0,10,0,"fin_estudio",0,NA,0,"1","1"
81,"1","1",4.074,0.4074,55,"35-65",31,156,2668,0,25566,130,"rural",6098,"particular","turismo","gasolina","M","blanco","soltero","anual",0,1,"superior","presencial",0,2,0,1,4.074,0,4.074,1,"baja",0,NA,0,"1","1"
82,"1","1",3.681,0.3681,27,"25-35",9,55,929,17,27688,255,"mixta",14555,"particular","turismo","gasolina","M","rojo","casado","mensual",0,1,"superior","telefonico",0,0,0,1,3.681,0,10,0,"fin_estudio",0,NA,0,"2","2"
83,"1","1",6.029,0.6029,70,"65+",28,111,1548,1,28785,131,"rural",19683,"particular","moto","diesel","H","negro","soltero","mensual",1,2,"basico","telefonico",1,5,0,2,3.526,1,10,0,"fin_estudio",7889.48,7889.48,1,"3","3"
84,"1","1",7.309,0.7309,43,"35-65",18,128,1696,2,25105,15,"rural",10626,"particular","turismo","diesel","H","gris","casado","anual",1,2,"superior","presencial",0,1,0,2,7.309,0,7.309,1,"baja",0,NA,0,"1","1"
85,"1","1",2.247,0.2247,24,"18-25",5,69,997,9,25050,375,"mixta",24916,"particular","moto","diesel","H","negro","casado","anual",0,4,"basico","presencial",2,3,0,1,1.711,1,2.247,1,"baja",10235.98,5117.99,1,"4","4"
86,"1","1",2.338,0.2338,56,"35-65",27,74,890,8,8044,178,"mixta",6460,"particular","moto","diesel","H","blanco","soltero","anual",0,2,"medio","telematico",0,1,0,0,2.338,0,2.338,1,"baja",0,NA,0,"2","1"
87,"1","1",7.491,0.7491,55,"35-65",37,130,1811,8,18786,34,"rural",10008,"particular","turismo","diesel","H","blanco","soltero","mensual",1,3,"basico","presencial",0,2,0,0,7.491,0,10,0,"fin_estudio",0,NA,0,"1","1"
88,"1","1",1.048,0.1048,27,"25-35",4,123,2150,0,28347,52,"rural",15267,"particular","turismo","diesel","M","blanco","casado","mensual",0,1,"medio","presencial",0,0,0,1,1.048,0,1.048,1,"baja",0,NA,0,"2","2"
89,"1","1",6.032,0.6032,35,"25-35",8,106,1451,8,22068,162,"mixta",11962,"particular","moto","diesel","H","blanco","casado","anual",1,1,"medio","presencial",0,4,0,0,6.032,0,10,0,"fin_estudio",0,NA,0,"2","2"
90,"1","1",2.327,0.2327,56,"35-65",15,72,1028,6,21248,697,"mixta",7339,"comercial","furgoneta","gasolina","H","otro","soltero","anual",0,2,"medio","presencial",0,1,0,0,2.327,0,10,0,"fin_estudio",0,NA,0,"1","1"
91,"1","1",3.536,0.3536,18,"18-25",0,109,1779,14,21269,183,"mixta",7437,"comercial","turismo","diesel","H","otro","casado","anual",1,1,"basico","telefonico",0,4,1,2,3.536,0,3.536,1,"baja",0,NA,0,"1","1"
92,"1","1",1.128,0.1128,54,"35-65",23,134,1838,13,27440,494,"mixta",14963,"particular","turismo","gasolina","M","gris","soltero","anual",0,1,"basico","presencial",0,0,0,0,1.128,0,1.128,1,"baja",0,NA,0,"1","1"
93,"1","1",4.584,0.4584,46,"35-65",14,138,1885,6,19867,434,"mixta",13364,"particular","turismo","gasolina","H","blanco","casado","anual",0,3,"medio","telematico",0,1,0,0,4.584,0,4.584,1,"baja",0,NA,0,"1","1"
94,"1","1",5.415,0.5415,36,"35-65",10,85,1310,14,27876,140,"rural",8218,"particular","turismo","diesel","H","negro","otro","anual",1,2,"basico","presencial",0,2,0,3,5.415,0,5.415,1,"baja",0,NA,0,"2","2"
95,"1","1",0.717,0.0717,31,"25-35",6,144,2331,11,27362,223,"mixta",17740,"particular","moto","diesel","H","otro","casado","anual",1,1,"medio","telefonico",0,0,0,2,0.717,0,0.717,1,"baja",0,NA,0,"2","2"
96,"1","1",4.445,0.4445,74,"65+",54,131,2228,2,23476,280,"mixta",13859,"particular","turismo","gasolina","M","otro","soltero","anual",0,1,"basico","presencial",1,0,0,2,4.414,1,10,0,"fin_estudio",1195.67,1195.67,1,"1","2"
97,"1","1",8.861,0.8861,65,"35-65",23,74,1081,9,13737,134,"rural",15307,"particular","turismo","gasolina","M","otro","casado","mensual",0,1,"medio","telefonico",1,5,0,2,0.758,1,8.861,1,"baja",285.14,285.14,1,"2","1"
98,"1","1",2.93,0.293,59,"35-65",32,76,1075,8,5182,49,"rural",8471,"particular","turismo","diesel","H","negro","casado","mensual",0,2,"superior","telefonico",0,0,0,0,2.93,0,2.93,1,"baja",0,NA,0,"1","1"
99,"1","1",4.296,0.4296,38,"35-65",16,55,800,6,17859,773,"mixta",13649,"particular","turismo","diesel","H","negro","soltero","mensual",0,1,"superior","telefonico",2,2,1,2,0.558,1,10,0,"fin_estudio",3155.74,1577.87,1,"5","5"
100,"1","1",1.764,0.1764,64,"35-65",32,91,1507,9,27114,232,"mixta",15956,"particular","turismo","diesel","H","blanco","casado","mensual",0,1,"medio","presencial",0,1,0,0,1.764,0,1.764,1,"baja",0,NA,0,"1","1"
101,"1","1",2.535,0.2535,45,"35-65",17,110,1748,8,27257,212,"mixta",7692,"particular","turismo","diesel","H","gris","casado","anual",1,1,"superior","presencial",0,2,0,1,2.535,0,2.535,1,"baja",0,NA,0,"2","1"
102,"1","1",3.53,0.353,20,"18-25",1,138,2362,5,36073,93,"rural",18421,"particular","moto","gasolina","H","otro","soltero","mensual",0,1,"medio","telefonico",0,1,1,0,3.53,0,3.53,1,"baja",0,NA,0,"1","1"
103,"1","1",6.763,0.6763,58,"35-65",15,121,1529,0,28351,9,"rural",9171,"particular","moto","diesel","H","rojo","soltero","anual",1,1,"medio","presencial",0,4,2,0,6.763,0,10,0,"fin_estudio",0,NA,0,"1","1"
104,"1","1",1.58,0.158,47,"35-65",21,161,2571,7,34949,2428,"urbana",11051,"particular","turismo","diesel","M","negro","otro","anual",1,2,"superior","telefonico",1,2,1,0,1.547,1,1.58,1,"baja",2713.31,2713.31,1,"3","4"
105,"1","1",5.223,0.5223,35,"25-35",13,146,2121,18,37616,1918,"urbana",11043,"particular","turismo","gasolina","H","negro","otro","anual",0,2,"basico","presencial",5,1,0,1,0.205,1,5.223,1,"baja",7650.07,1530.01,1,"4","5"
106,"1","1",2.445,0.2445,29,"25-35",4,154,2318,11,37368,116,"rural",19508,"particular","turismo","gasolina","H","blanco","otro","anual",0,1,"basico","telefonico",0,2,0,2,2.445,0,10,0,"fin_estudio",0,NA,0,"1","1"
107,"1","1",1.621,0.1621,52,"35-65",20,186,2641,9,37099,461,"mixta",8421,"particular","turismo","diesel","H","negro","soltero","anual",0,2,"superior","presencial",0,1,0,1,1.621,0,1.621,1,"baja",0,NA,0,"2","1"
108,"1","1",2.11,0.211,34,"25-35",7,106,1657,12,27801,499,"mixta",9230,"particular","turismo","gasolina","M","negro","casado","anual",0,2,"basico","telefonico",1,0,0,3,1.715,1,7.339,0,"fin_estudio",1425.87,1425.87,1,"2","1"
109,"1","1",8.817,0.8817,21,"18-25",2,79,1393,4,20808,546,"mixta",4984,"particular","turismo","diesel","H","rojo","casado","mensual",0,2,"basico","telefonico",1,3,0,4,0.816,1,10,0,"fin_estudio",631.04,631.04,1,"1","1"
110,"1","1",3.615,0.3615,52,"35-65",22,113,1754,7,15129,303,"mixta",12315,"comercial","turismo","gasolina","H","negro","casado","anual",1,1,"medio","presencial",1,1,0,2,1.452,1,8.315,0,"fin_estudio",1167.82,1167.82,1,"4","3"
111,"1","1",0.79,0.079,49,"35-65",13,118,1687,10,21568,834,"mixta",9556,"particular","furgoneta","gasolina","H","rojo","soltero","anual",1,1,"superior","telefonico",0,0,0,0,0.79,0,0.79,1,"baja",0,NA,0,"1","1"
112,"1","1",8.249,0.8249,37,"35-65",19,73,1062,7,41145,414,"mixta",5988,"particular","turismo","diesel","M","blanco","casado","anual",0,1,"basico","telematico",0,2,0,2,8.249,0,8.249,1,"baja",0,NA,0,"1","1"
113,"1","1",9.831,0.9831,58,"35-65",28,126,2080,3,17233,778,"mixta",9678,"particular","turismo","gasolina","H","blanco","casado","anual",0,1,"basico","presencial",0,3,1,2,9.831,0,10,0,"fin_estudio",0,NA,0,"1","1"
114,"1","1",5.343,0.5343,52,"35-65",16,95,1583,0,21867,265,"mixta",12308,"particular","turismo","gasolina","M","blanco","casado","anual",1,1,"basico","presencial",0,1,0,1,5.343,0,10,0,"fin_estudio",0,NA,0,"1","1"
115,"1","1",0.89,0.089,22,"18-25",2,156,2108,10,18459,147,"rural",16027,"particular","turismo","diesel","M","negro","otro","anual",1,1,"medio","presencial",1,0,0,0,0.704,1,0.89,1,"baja",751.39,751.39,1,"5","5"
116,"1","1",5.596,0.5596,33,"25-35",7,104,1868,0,23698,201,"mixta",11800,"particular","turismo","diesel","H","rojo","soltero","mensual",0,1,"basico","presencial",0,0,0,2,5.596,0,10,0,"fin_estudio",0,NA,0,"1","1"
117,"1","1",5.354,0.5354,49,"35-65",13,82,1393,13,36299,425,"mixta",14010,"particular","furgoneta","diesel","H","rojo","casado","anual",0,1,"medio","telematico",0,0,0,1,5.354,0,10,0,"fin_estudio",0,NA,0,"2","2"
118,"1","1",7.135,0.7135,35,"25-35",16,89,1214,7,33054,230,"mixta",19391,"particular","moto","diesel","H","negro","casado","anual",0,1,"superior","presencial",3,3,0,2,2.133,1,8.337,0,"fin_estudio",6259.91,2086.64,1,"4","3"
119,"1","1",3.742,0.3742,31,"25-35",6,164,2475,11,36316,450,"mixta",14931,"comercial","turismo","gasolina","M","blanco","soltero","mensual",1,1,"superior","presencial",0,5,0,1,3.742,0,3.742,1,"baja",0,NA,0,"2","1"
120,"1","1",1.026,0.1026,31,"25-35",5,59,800,7,29051,333,"mixta",13895,"particular","turismo","diesel","H","otro","soltero","anual",0,1,"basico","telefonico",0,1,1,0,1.026,0,10,0,"fin_estudio",0,NA,0,"4","3"
121,"1","1",5.811,0.5811,73,"65+",22,93,1249,12,9295,573,"mixta",22909,"particular","furgoneta","diesel","M","blanco","casado","anual",0,1,"superior","presencial",0,6,0,1,5.811,0,7.704,0,"fin_estudio",0,NA,0,"1","1"
122,"1","1",8.315,0.8315,57,"35-65",17,92,1298,11,10604,71,"rural",12913,"particular","furgoneta","gasolina","H","gris","casado","mensual",0,1,"basico","presencial",0,2,0,3,8.315,0,9.162,0,"fin_estudio",0,NA,0,"1","1"
123,"1","1",7.209,0.7209,24,"18-25",3,117,1845,9,24559,371,"mixta",16174,"particular","turismo","diesel","H","negro","soltero","mensual",1,1,"superior","telefonico",10,5,0,1,0.673,1,10,0,"fin_estudio",28832.76,2883.28,1,"4","3"
124,"2","1",4.517,0.4517,34,"25-35",11,55,800,8,27586,370,"mixta",26301,"comercial","moto","gasolina","H","negro","casado","anual",0,1,"superior","presencial",0,4,0,1,4.517,0,6.285,0,"fin_estudio",0,NA,0,"1","1"
125,"2","1",3.423,0.3423,28,"25-35",5,71,999,8,30078,925,"mixta",26635,"particular","turismo","gasolina","M","negro","casado","mensual",0,2,"medio","presencial",4,0,0,2,0.261,1,3.423,1,"baja",8970.83,2242.71,1,"5","5"
126,"2","1",2.571,0.2571,42,"35-65",12,122,1724,5,21837,188,"mixta",28126,"particular","turismo","gasolina","M","otro","casado","mensual",0,1,"medio","telefonico",0,1,0,0,2.571,0,2.571,1,"baja",0,NA,0,"1","1"
127,"2","1",5.198,0.5198,55,"35-65",27,164,2909,2,19234,643,"mixta",18769,"particular","turismo","diesel","M","negro","casado","anual",0,1,"medio","telematico",0,2,0,2,5.198,0,5.254,0,"fin_estudio",0,NA,0,"1","1"
128,"2","1",2.027,0.2027,32,"25-35",12,141,2372,15,20901,2474,"urbana",3534,"particular","turismo","diesel","H","otro","casado","anual",0,1,"medio","presencial",0,0,0,1,2.027,0,10,0,"fin_estudio",0,NA,0,"1","1"
129,"2","1",3.454,0.3454,59,"35-65",25,120,2129,11,18164,174,"mixta",9395,"comercial","turismo","diesel","M","negro","casado","anual",0,1,"basico","presencial",0,1,0,3,3.454,0,5.888,0,"fin_estudio",0,NA,0,"1","1"
130,"2","1",7.645,0.7645,35,"25-35",6,82,1052,6,14891,639,"mixta",9672,"particular","turismo","gasolina","H","blanco","casado","anual",0,1,"superior","telefonico",0,2,0,5,7.645,0,10,0,"fin_estudio",0,NA,0,"1","1"
131,"2","1",5.972,0.5972,66,"65+",47,55,837,8,18649,86,"rural",12709,"particular","turismo","diesel","H","gris","casado","mensual",1,1,"basico","presencial",0,5,0,0,5.972,0,10,0,"fin_estudio",0,NA,0,"1","1"
132,"2","1",4.195,0.4195,50,"35-65",15,74,1236,3,20267,115,"rural",11090,"particular","turismo","gasolina","H","gris","soltero","anual",0,3,"basico","presencial",1,1,0,3,2.457,1,6.041,0,"fin_estudio",405.67,405.67,1,"4","3"
133,"2","1",3.107,0.3107,60,"35-65",40,130,1651,1,10914,539,"mixta",11159,"particular","moto","diesel","H","rojo","casado","anual",1,1,"superior","presencial",1,1,0,2,2.811,1,3.107,1,"baja",974.47,974.47,1,"3","3"
134,"2","1",0.962,0.0962,64,"35-65",38,116,1636,7,26296,98,"rural",5168,"comercial","turismo","diesel","H","negro","soltero","anual",0,1,"medio","presencial",0,0,0,0,0.962,0,0.962,1,"baja",0,NA,0,"3","3"
135,"2","1",5.66,0.566,53,"35-65",34,73,979,10,17763,1198,"urbana",9347,"particular","furgoneta","diesel","H","gris","casado","mensual",0,2,"medio","presencial",2,2,1,2,4.441,1,10,0,"fin_estudio",4643.36,2321.68,1,"3","4"
136,"2","1",3.386,0.3386,47,"35-65",21,118,1709,0,24862,446,"mixta",15572,"particular","turismo","diesel","H","otro","casado","anual",1,1,"basico","presencial",0,2,0,0,3.386,0,10,0,"fin_estudio",0,NA,0,"1","1"
137,"2","1",4.692,0.4692,54,"35-65",27,59,832,0,29980,825,"mixta",8272,"particular","furgoneta","gasolina","H","blanco","casado","anual",0,1,"medio","presencial",1,3,0,0,2.9,1,10,0,"fin_estudio",6163.62,6163.62,1,"4","4"
138,"2","1",6.579,0.6579,34,"25-35",11,81,1081,16,27984,113,"rural",16911,"particular","turismo","diesel","H","negro","casado","anual",0,1,"basico","presencial",1,1,1,0,5.434,1,10,0,"fin_estudio",2745,2745,1,"3","3"
139,"2","1",3.309,0.3309,44,"35-65",17,91,1615,5,11960,304,"mixta",6927,"particular","turismo","diesel","M","rojo","casado","mensual",0,1,"medio","telematico",0,1,0,0,3.309,0,3.309,1,"baja",0,NA,0,"2","1"
140,"2","1",5.389,0.5389,59,"35-65",28,124,1590,13,17965,600,"mixta",16561,"particular","moto","diesel","H","blanco","casado","anual",0,2,"basico","presencial",0,0,0,4,5.389,0,8.642,0,"fin_estudio",0,NA,0,"1","1"
141,"2","1",2.939,0.2939,25,"18-25",3,84,1027,6,18221,164,"mixta",8438,"particular","furgoneta","gasolina","M","blanco","soltero","anual",0,1,"medio","presencial",0,1,1,1,2.939,0,10,0,"fin_estudio",0,NA,0,"3","3"
142,"2","1",3.694,0.3694,52,"35-65",16,135,2273,2,25459,1403,"urbana",7493,"particular","turismo","gasolina","M","otro","soltero","mensual",0,1,"basico","presencial",2,1,0,1,2.235,1,5.248,0,"fin_estudio",3762.59,1881.3,1,"5","4"
143,"2","1",1.659,0.1659,42,"35-65",18,93,1558,12,25927,438,"mixta",10498,"particular","turismo","gasolina","M","negro","casado","mensual",0,1,"superior","presencial",0,0,0,3,1.659,0,1.659,1,"baja",0,NA,0,"2","1"
144,"2","1",2.379,0.2379,39,"35-65",17,129,1655,5,23121,156,"mixta",17013,"particular","moto","gasolina","H","blanco","casado","mensual",0,1,"basico","telematico",0,1,0,3,2.379,0,3.959,0,"fin_estudio",0,NA,0,"4","4"
145,"2","1",3.954,0.3954,28,"25-35",8,131,2252,6,21180,1163,"urbana",7837,"particular","turismo","diesel","H","gris","casado","mensual",1,3,"superior","telefonico",1,1,0,2,0.276,1,10,0,"fin_estudio",1167.63,1167.63,1,"3","3"
146,"2","1",2.894,0.2894,31,"25-35",10,162,2464,2,28803,115,"rural",11427,"particular","turismo","diesel","H","negro","soltero","mensual",0,1,"medio","presencial",0,0,0,1,2.894,0,10,0,"fin_estudio",0,NA,0,"2","1"
147,"2","1",5.532,0.5532,43,"35-65",13,60,889,10,16269,67,"rural",10931,"particular","furgoneta","diesel","H","otro","soltero","anual",0,1,"basico","presencial",0,1,0,2,5.532,0,10,0,"fin_estudio",0,NA,0,"1","1"
148,"2","1",1.072,0.1072,56,"35-65",18,128,1944,12,28466,141,"rural",9600,"particular","furgoneta","diesel","H","otro","casado","mensual",0,1,"basico","telefonico",0,0,0,0,1.072,0,7.358,0,"fin_estudio",0,NA,0,"3","3"
149,"2","1",4.265,0.4265,41,"35-65",18,62,800,11,21121,123,"rural",10806,"particular","turismo","diesel","H","gris","casado","mensual",0,1,"medio","presencial",0,5,0,1,4.265,0,4.265,1,"baja",0,NA,0,"1","1"
150,"2","1",4.623,0.4623,18,"18-25",0,175,2288,13,30419,1301,"urbana",31022,"particular","furgoneta","diesel","M","blanco","soltero","mensual",1,1,"basico","telefonico",3,2,0,1,0.521,1,5.317,0,"fin_estudio",9859.99,3286.66,1,"5","4"
151,"2","1",7.781,0.7781,18,"18-25",0,55,828,7,28844,881,"mixta",18250,"comercial","furgoneta","gasolina","M","negro","otro","mensual",0,2,"medio","telematico",8,11,1,2,0.485,1,10,0,"fin_estudio",15399.58,1924.95,1,"5","5"
152,"2","1",1.561,0.1561,57,"35-65",38,120,1850,9,22122,74,"rural",8359,"particular","turismo","gasolina","M","rojo","casado","mensual",0,1,"basico","presencial",0,0,0,0,1.561,0,5.471,0,"fin_estudio",0,NA,0,"1","1"
153,"2","1",2.051,0.2051,49,"35-65",16,178,2774,7,23689,79,"rural",22800,"particular","moto","gasolina","H","blanco","casado","anual",0,1,"superior","presencial",0,0,1,0,2.051,0,2.051,1,"baja",0,NA,0,"3","3"
154,"2","1",4.509,0.4509,38,"35-65",16,134,1686,3,20718,563,"mixta",10913,"particular","turismo","diesel","M","gris","casado","mensual",1,1,"medio","presencial",0,3,0,5,4.509,0,4.947,0,"fin_estudio",0,NA,0,"2","2"
155,"2","1",7.77,0.777,41,"35-65",14,88,1351,11,23454,229,"mixta",16209,"comercial","moto","gasolina","H","gris","soltero","anual",0,2,"superior","presencial",4,1,1,1,1.446,1,10,0,"fin_estudio",4461.08,1115.27,1,"4","4"
156,"2","1",1.905,0.1905,32,"25-35",9,103,1312,11,14030,254,"mixta",11050,"particular","turismo","diesel","M","negro","otro","mensual",0,1,"basico","telematico",0,1,0,0,1.905,0,7.169,0,"fin_estudio",0,NA,0,"1","1"
157,"2","1",7.849,0.7849,36,"35-65",7,78,1336,5,23583,612,"mixta",30688,"comercial","turismo","diesel","H","negro","casado","anual",0,1,"medio","telefonico",1,3,0,5,0.549,1,10,0,"fin_estudio",2940.35,2940.35,1,"1","1"
158,"2","1",4.477,0.4477,50,"35-65",12,168,2887,7,22042,60,"rural",8726,"particular","turismo","gasolina","M","gris","casado","anual",1,1,"medio","presencial",0,0,0,1,4.477,0,10,0,"fin_estudio",0,NA,0,"1","1"
159,"2","1",2.347,0.2347,28,"25-35",9,59,1015,5,28253,259,"mixta",12076,"particular","moto","diesel","H","gris","soltero","mensual",0,2,"medio","telematico",0,2,0,0,2.347,0,2.347,1,"baja",0,NA,0,"1","1"
160,"2","1",3,0.3,56,"35-65",15,65,800,16,26390,2260,"urbana",15921,"particular","turismo","diesel","M","gris","casado","anual",0,5,"basico","presencial",0,1,0,2,3,0,3,1,"baja",0,NA,0,"3","2"
161,"2","1",2.81,0.281,25,"18-25",6,107,1319,6,18682,157,"mixta",15134,"comercial","turismo","diesel","M","negro","casado","anual",1,2,"medio","telefonico",2,3,0,1,0.932,1,9.061,0,"fin_estudio",3163.48,1581.74,1,"5","5"
162,"2","1",7.437,0.7437,54,"35-65",35,88,1289,7,18590,75,"rural",18168,"comercial","turismo","diesel","H","rojo","casado","anual",1,3,"basico","telefonico",0,5,0,3,7.437,0,10,0,"fin_estudio",0,NA,0,"1","1"
163,"2","1",7.213,0.7213,38,"35-65",14,85,1097,9,13785,55,"rural",6163,"particular","turismo","gasolina","M","blanco","casado","anual",0,1,"basico","telematico",0,1,0,2,7.213,0,10,0,"fin_estudio",0,NA,0,"1","1"
164,"2","1",5.425,0.5425,52,"35-65",15,132,2328,12,35515,150,"rural",14517,"particular","moto","diesel","H","rojo","soltero","anual",0,2,"medio","presencial",0,0,2,4,5.425,0,10,0,"fin_estudio",0,NA,0,"1","1"
165,"2","1",4.075,0.4075,29,"25-35",4,98,1208,12,27711,210,"mixta",19293,"particular","turismo","diesel","H","blanco","casado","anual",0,2,"basico","presencial",1,2,0,3,3.645,1,10,0,"fin_estudio",1202.3,1202.3,1,"3","3"
166,"2","1",5.168,0.5168,58,"35-65",26,71,1110,4,14719,848,"mixta",15274,"comercial","turismo","diesel","H","gris","casado","anual",0,2,"basico","presencial",0,5,2,2,5.168,0,10,0,"fin_estudio",0,NA,0,"3","2"
167,"2","1",0.389,0.0389,34,"25-35",8,179,2460,17,40593,1834,"urbana",24182,"particular","moto","gasolina","H","negro","casado","mensual",1,1,"medio","presencial",0,1,0,0,0.389,0,0.389,1,"baja",0,NA,0,"2","2"
168,"2","1",4.468,0.4468,32,"25-35",6,199,2600,0,30164,225,"mixta",33633,"particular","furgoneta","diesel","H","otro","casado","mensual",0,2,"basico","presencial",0,3,0,2,4.468,0,4.468,1,"baja",0,NA,0,"2","2"
169,"2","1",6.439,0.6439,66,"65+",32,117,1772,8,29095,477,"mixta",12282,"particular","turismo","diesel","M","blanco","soltero","mensual",0,2,"basico","presencial",0,3,0,3,6.439,0,10,0,"fin_estudio",0,NA,0,"1","1"
170,"2","1",6.613,0.6613,64,"35-65",43,153,2389,0,35269,124,"rural",18886,"particular","turismo","diesel","M","negro","soltero","anual",0,1,"medio","presencial",0,4,0,4,6.613,0,10,0,"fin_estudio",0,NA,0,"2","2"
171,"2","1",2.179,0.2179,54,"35-65",27,61,912,2,21887,164,"mixta",9607,"particular","furgoneta","gasolina","M","gris","otro","mensual",0,1,"medio","presencial",0,1,0,0,2.179,0,2.179,1,"baja",0,NA,0,"2","2"
172,"2","1",3.46,0.346,64,"35-65",33,89,1070,4,16856,119,"rural",8673,"particular","turismo","gasolina","M","negro","casado","mensual",0,2,"superior","presencial",0,3,0,4,3.46,0,3.46,1,"baja",0,NA,0,"4","3"
173,"2","1",5.412,0.5412,30,"25-35",5,115,1608,7,19300,1310,"urbana",7068,"comercial","turismo","diesel","M","blanco","casado","mensual",0,1,"basico","presencial",1,4,0,5,3.091,1,5.412,1,"baja",767.23,767.23,1,"1","1"
174,"2","1",2.251,0.2251,29,"25-35",8,89,1423,9,24885,1631,"urbana",24331,"particular","turismo","diesel","H","negro","soltero","anual",0,1,"medio","presencial",0,2,0,0,2.251,0,2.251,1,"baja",0,NA,0,"2","1"
175,"2","1",8.579,0.8579,43,"35-65",13,109,1541,8,23932,278,"mixta",9003,"particular","turismo","diesel","H","rojo","casado","anual",1,1,"medio","presencial",2,3,2,5,0.182,1,10,0,"fin_estudio",4633.41,2316.7,1,"1","1"
176,"2","1",5.567,0.5567,79,"65+",59,55,800,14,15276,92,"rural",11797,"particular","turismo","gasolina","H","blanco","otro","anual",0,1,"medio","presencial",0,6,0,0,5.567,0,10,0,"fin_estudio",0,NA,0,"1","1"
177,"2","1",6.575,0.6575,66,"65+",31,160,2401,10,10701,100,"rural",17634,"particular","turismo","gasolina","H","otro","casado","anual",0,1,"medio","presencial",0,3,0,3,6.575,0,6.575,1,"baja",0,NA,0,"1","1"
178,"2","1",3.539,0.3539,35,"25-35",11,94,1180,0,36460,350,"mixta",8767,"particular","moto","diesel","H","blanco","soltero","anual",0,3,"medio","presencial",0,2,2,3,3.539,0,9.507,0,"fin_estudio",0,NA,0,"3","3"
179,"2","1",1.865,0.1865,41,"35-65",12,134,2358,8,39674,32,"rural",10003,"particular","turismo","gasolina","M","gris","soltero","anual",1,2,"medio","telefonico",0,0,0,2,1.865,0,1.865,1,"baja",0,NA,0,"2","1"
180,"2","1",1.25,0.125,51,"35-65",24,90,1502,11,16957,1130,"urbana",13146,"particular","turismo","gasolina","M","negro","casado","anual",0,1,"medio","presencial",0,0,0,0,1.25,0,10,0,"fin_estudio",0,NA,0,"1","1"
181,"2","1",2.526,0.2526,43,"35-65",15,69,947,14,30739,597,"mixta",9904,"particular","moto","gasolina","M","rojo","soltero","mensual",1,1,"basico","presencial",0,1,0,1,2.526,0,2.526,1,"baja",0,NA,0,"3","3"
182,"2","1",7.894,0.7894,51,"35-65",19,104,1402,13,31172,554,"mixta",6131,"particular","turismo","gasolina","H","negro","casado","anual",0,1,"medio","presencial",2,4,0,3,0.636,1,10,0,"fin_estudio",6729.21,3364.6,1,"3","3"
183,"2","1",2.453,0.2453,53,"35-65",20,106,1496,5,23229,439,"mixta",7387,"particular","turismo","gasolina","M","blanco","casado","mensual",1,2,"superior","presencial",0,2,0,0,2.453,0,3.074,0,"fin_estudio",0,NA,0,"3","3"
184,"2","1",4.794,0.4794,41,"35-65",13,110,1544,12,25289,107,"rural",11722,"comercial","turismo","gasolina","H","negro","casado","mensual",1,2,"basico","presencial",0,0,0,4,4.794,0,8.562,0,"fin_estudio",0,NA,0,"4","4"
185,"2","1",0.899,0.0899,88,"65+",47,118,1602,6,10979,1719,"urbana",13503,"particular","turismo","gasolina","M","gris","soltero","mensual",0,2,"basico","telematico",1,0,0,0,0.888,1,0.899,1,"baja",478.93,478.93,1,"3","3"
186,"2","1",3.56,0.356,44,"35-65",24,85,1421,0,19651,214,"mixta",9040,"particular","turismo","gasolina","H","otro","soltero","anual",0,1,"medio","telefonico",0,1,0,3,3.56,0,7.819,0,"fin_estudio",0,NA,0,"1","1"
187,"2","1",6.121,0.6121,65,"35-65",28,142,2427,10,41473,386,"mixta",11575,"particular","moto","diesel","M","otro","soltero","mensual",0,1,"superior","telematico",0,5,0,3,6.121,0,6.378,0,"fin_estudio",0,NA,0,"1","1"
188,"2","1",4.528,0.4528,60,"35-65",37,75,1257,3,24389,558,"mixta",7917,"particular","turismo","gasolina","H","rojo","soltero","mensual",0,2,"basico","telefonico",0,0,2,1,4.528,0,4.528,1,"baja",0,NA,0,"3","3"
189,"2","1",0.941,0.0941,19,"18-25",0,139,2429,4,22644,147,"rural",13499,"particular","turismo","gasolina","H","blanco","soltero","anual",1,1,"medio","telematico",0,0,0,0,0.941,0,0.941,1,"baja",0,NA,0,"1","1"
190,"2","1",5.676,0.5676,55,"35-65",16,140,1767,7,22122,1712,"urbana",13389,"particular","moto","gasolina","H","rojo","casado","anual",0,2,"medio","telefonico",3,2,2,3,2.085,1,5.676,1,"baja",4377.39,1459.13,1,"5","4"
191,"2","1",5.909,0.5909,28,"25-35",5,100,1215,8,16441,169,"mixta",43712,"particular","turismo","diesel","M","negro","otro","mensual",1,1,"basico","telefonico",0,3,0,2,5.909,0,10,0,"fin_estudio",0,NA,0,"1","1"
192,"2","1",3.591,0.3591,49,"35-65",25,121,2047,9,35908,353,"mixta",13222,"particular","furgoneta","gasolina","M","negro","casado","mensual",1,2,"medio","telematico",0,1,0,1,3.591,0,10,0,"fin_estudio",0,NA,0,"3","3"
193,"2","1",5.743,0.5743,18,"18-25",0,74,1246,10,20852,398,"mixta",11820,"comercial","turismo","diesel","M","otro","casado","anual",0,1,"basico","telefonico",0,8,2,3,5.743,0,9.361,0,"fin_estudio",0,NA,0,"1","1"
194,"2","1",6.053,0.6053,18,"18-25",0,149,2447,4,34076,142,"rural",9323,"particular","moto","gasolina","M","otro","soltero","anual",0,1,"basico","presencial",2,3,0,2,3.012,1,6.053,1,"baja",5756.35,2878.18,1,"3","3"
195,"2","1",7.249,0.7249,49,"35-65",12,72,1249,13,18246,2458,"urbana",4458,"particular","turismo","diesel","H","rojo","otro","anual",0,2,"medio","presencial",3,0,0,2,2.861,1,10,0,"fin_estudio",4797.8,1599.27,1,"1","2"
196,"2","1",3.998,0.3998,53,"35-65",32,74,1226,3,4327,438,"mixta",4684,"comercial","turismo","diesel","H","otro","soltero","anual",1,2,"superior","telefonico",0,2,0,0,3.998,0,3.998,1,"baja",0,NA,0,"3","2"
197,"2","1",3.452,0.3452,67,"65+",38,129,1663,4,28355,215,"mixta",19236,"comercial","turismo","diesel","H","blanco","casado","mensual",0,2,"superior","telematico",0,3,0,2,3.452,0,10,0,"fin_estudio",0,NA,0,"1","1"
198,"2","1",7.37,0.737,39,"35-65",9,108,1563,14,26377,78,"rural",11168,"particular","furgoneta","diesel","H","blanco","otro","anual",1,1,"superior","presencial",1,2,0,4,7.04,1,7.37,1,"baja",788.85,788.85,1,"2","3"
199,"2","1",3.568,0.3568,37,"35-65",10,77,1117,13,14477,218,"mixta",7081,"comercial","furgoneta","diesel","M","negro","otro","mensual",1,1,"medio","telefonico",0,1,1,1,3.568,0,5.337,0,"fin_estudio",0,NA,0,"3","2"
200,"2","1",1.448,0.1448,58,"35-65",14,127,1957,17,32388,393,"mixta",8705,"particular","turismo","diesel","M","negro","casado","anual",0,1,"superior","presencial",0,0,0,0,1.448,0,10,0,"fin_estudio",0,NA,0,"3","3"
201,"2","1",1.52,0.152,33,"25-35",10,109,1948,4,43938,132,"rural",22765,"particular","turismo","diesel","M","negro","casado","mensual",0,2,"superior","presencial",0,0,0,2,1.52,0,8.99,0,"fin_estudio",0,NA,0,"1","1"
202,"2","1",7.823,0.7823,38,"35-65",16,90,1230,13,26921,213,"mixta",9251,"particular","turismo","diesel","H","otro","soltero","anual",1,1,"basico","presencial",0,2,0,8,7.823,0,8.15,0,"fin_estudio",0,NA,0,"1","1"
203,"2","1",7.423,0.7423,18,"18-25",0,80,1091,3,24230,357,"mixta",14477,"comercial","turismo","diesel","M","gris","casado","anual",1,1,"medio","telefonico",8,5,0,5,1.718,1,10,0,"fin_estudio",12152.92,1519.12,1,"5","5"
204,"2","1",6.505,0.6505,72,"65+",49,120,2031,16,24698,358,"mixta",16502,"particular","turismo","diesel","H","negro","casado","mensual",0,1,"basico","telefonico",0,7,2,4,6.505,0,10,0,"fin_estudio",0,NA,0,"1","1"
205,"2","1",2.576,0.2576,40,"35-65",21,88,1227,3,22969,173,"mixta",26055,"particular","furgoneta","gasolina","M","blanco","soltero","anual",0,1,"basico","telematico",0,0,0,2,2.576,0,10,0,"fin_estudio",0,NA,0,"2","1"
206,"2","1",1.594,0.1594,85,"65+",67,118,1548,6,20916,896,"mixta",9508,"particular","turismo","diesel","M","gris","casado","anual",0,1,"medio","presencial",1,0,0,1,0.747,1,1.594,1,"baja",2472.04,2472.04,1,"4","3"
207,"2","1",0.162,0.0162,18,"18-25",0,55,800,2,21970,226,"mixta",5651,"particular","turismo","gasolina","M","otro","soltero","anual",1,2,"basico","telefonico",1,0,0,0,0.151,1,0.162,1,"baja",292.72,292.72,1,"4","4"
208,"2","1",1.391,0.1391,45,"35-65",15,159,2741,4,22951,179,"mixta",16994,"particular","turismo","diesel","M","blanco","casado","mensual",0,1,"basico","presencial",0,0,1,1,1.391,0,8.101,0,"fin_estudio",0,NA,0,"4","4"
209,"2","1",7.531,0.7531,41,"35-65",8,82,1337,8,41922,201,"mixta",39027,"particular","furgoneta","diesel","H","otro","soltero","mensual",1,2,"medio","presencial",1,7,0,2,0.401,1,10,0,"fin_estudio",3786.48,3786.48,1,"3","3"
210,"2","1",2.272,0.2272,21,"18-25",2,99,1716,0,29821,412,"mixta",11715,"particular","turismo","diesel","H","otro","soltero","anual",1,1,"medio","telematico",0,2,0,2,2.272,0,2.272,1,"baja",0,NA,0,"1","1"
211,"2","1",1.063,0.1063,18,"18-25",0,64,852,8,19243,4040,"urbana",8395,"particular","furgoneta","diesel","H","gris","soltero","mensual",1,1,"superior","telefonico",2,1,0,1,0.143,1,1.063,1,"baja",1086.67,543.34,1,"5","5"
212,"2","1",4.709,0.4709,51,"35-65",31,95,1616,11,15563,439,"mixta",8113,"particular","moto","diesel","M","rojo","casado","anual",0,1,"basico","presencial",0,3,0,1,4.709,0,4.709,1,"baja",0,NA,0,"1","1"
213,"2","1",0.425,0.0425,23,"18-25",5,121,1594,0,26609,326,"mixta",13645,"particular","turismo","gasolina","H","negro","soltero","mensual",1,1,"medio","telefonico",2,0,0,1,0.203,1,0.425,1,"baja",7131.95,3565.98,1,"5","5"
214,"2","1",1.478,0.1478,32,"25-35",9,108,1660,0,21181,28,"rural",15950,"particular","turismo","diesel","M","gris","soltero","anual",0,1,"medio","telematico",0,3,0,2,1.478,0,10,0,"fin_estudio",0,NA,0,"4","3"
215,"2","1",7.417,0.7417,48,"35-65",23,78,1350,10,25002,416,"mixta",6497,"particular","turismo","gasolina","H","rojo","casado","mensual",0,1,"basico","telematico",1,1,0,3,7.119,1,7.768,0,"fin_estudio",374.76,374.76,1,"1","2"
216,"2","1",1.551,0.1551,32,"25-35",7,170,2628,2,45316,92,"rural",10778,"particular","furgoneta","diesel","M","negro","otro","mensual",0,1,"basico","telematico",1,1,0,3,0.691,1,5.7,0,"fin_estudio",3178.31,3178.31,1,"5","5"
217,"3","1",3.361,0.3361,36,"35-65",15,114,1941,9,19127,130,"rural",14182,"particular","turismo","gasolina","M","otro","otro","mensual",0,1,"medio","presencial",1,4,0,1,1.005,1,10,0,"fin_estudio",853.54,853.54,1,"2","1"
218,"3","1",3.625,0.3625,76,"65+",33,116,1995,0,17141,86,"rural",31285,"particular","turismo","diesel","M","gris","soltero","anual",0,2,"basico","telematico",0,7,0,1,3.625,0,3.625,1,"baja",0,NA,0,"3","3"
219,"3","1",6.447,0.6447,46,"35-65",13,102,1817,5,37836,324,"mixta",14516,"particular","turismo","diesel","M","blanco","casado","anual",1,1,"medio","presencial",0,2,2,3,6.447,0,10,0,"fin_estudio",0,NA,0,"1","1"
220,"3","1",6.165,0.6165,65,"35-65",32,91,1542,0,22899,506,"mixta",5182,"particular","turismo","gasolina","M","negro","casado","mensual",0,1,"superior","presencial",0,2,0,2,6.165,0,7.463,0,"fin_estudio",0,NA,0,"1","1"
221,"3","1",5.964,0.5964,25,"18-25",6,69,1108,11,36262,537,"mixta",8060,"particular","turismo","diesel","M","rojo","soltero","anual",1,1,"medio","presencial",4,0,1,1,0.197,1,10,0,"fin_estudio",2142.28,535.57,1,"5","5"
222,"3","1",3.85,0.385,61,"35-65",36,103,1754,4,26748,230,"mixta",12083,"comercial","moto","gasolina","H","otro","soltero","anual",0,1,"superior","presencial",1,2,0,0,2.453,1,3.85,1,"baja",3379.03,3379.03,1,"4","4"
223,"3","1",2.061,0.2061,35,"25-35",6,143,1912,5,26827,359,"mixta",19832,"particular","moto","diesel","H","gris","casado","anual",1,2,"basico","presencial",0,2,0,2,2.061,0,2.061,1,"baja",0,NA,0,"2","1"
224,"3","1",7.157,0.7157,65,"35-65",42,116,1599,5,21448,144,"rural",24100,"particular","moto","diesel","M","blanco","otro","anual",0,3,"medio","presencial",1,6,0,1,0.178,1,7.157,1,"baja",1362.7,1362.7,1,"3","3"
225,"3","1",2.6,0.26,37,"35-65",16,108,1497,3,21154,224,"mixta",36996,"particular","turismo","gasolina","H","gris","casado","anual",0,1,"medio","presencial",1,1,1,0,2.164,1,2.6,1,"baja",1367.45,1367.45,1,"2","3"
226,"3","1",4.369,0.4369,48,"35-65",15,136,1909,16,21915,366,"mixta",7774,"comercial","turismo","diesel","M","blanco","soltero","mensual",1,2,"basico","telefonico",1,0,0,2,2.452,1,4.369,1,"baja",5560.12,5560.12,1,"5","4"
227,"3","1",8.787,0.8787,28,"25-35",6,67,1033,17,23348,638,"mixta",3507,"particular","furgoneta","diesel","H","blanco","casado","anual",0,1,"superior","presencial",1,5,0,1,3.106,1,8.787,1,"baja",254.82,254.82,1,"1","1"
228,"3","1",5.439,0.5439,21,"18-25",2,105,1560,8,38166,437,"mixta",24294,"comercial","turismo","gasolina","M","otro","casado","mensual",1,2,"medio","telefonico",0,7,0,2,5.439,0,10,0,"fin_estudio",0,NA,0,"1","1"
229,"3","1",2.274,0.2274,29,"25-35",4,140,1765,12,8720,95,"rural",12305,"particular","turismo","gasolina","H","negro","soltero","mensual",0,1,"superior","telematico",0,0,0,0,2.274,0,10,0,"fin_estudio",0,NA,0,"4","3"
230,"3","1",3.74,0.374,52,"35-65",15,160,2432,12,36202,207,"mixta",12699,"particular","turismo","diesel","M","gris","soltero","mensual",1,1,"superior","presencial",0,1,0,1,3.74,0,3.74,1,"baja",0,NA,0,"4","4"
231,"3","1",4.301,0.4301,33,"25-35",15,59,800,10,24094,3038,"urbana",7607,"comercial","turismo","gasolina","H","gris","casado","anual",0,1,"basico","presencial",3,4,0,3,1.721,1,10,0,"fin_estudio",4133.88,1377.96,1,"4","3"
232,"3","1",5.148,0.5148,37,"35-65",7,156,2300,12,32428,582,"mixta",12686,"particular","turismo","diesel","H","gris","casado","anual",0,1,"medio","presencial",0,2,0,0,5.148,0,10,0,"fin_estudio",0,NA,0,"3","2"
233,"3","1",2.485,0.2485,26,"25-35",5,146,1972,0,27758,122,"rural",23383,"particular","turismo","diesel","M","negro","casado","anual",0,1,"basico","telefonico",0,1,1,1,2.485,0,10,0,"fin_estudio",0,NA,0,"1","1"
234,"3","1",3.837,0.3837,20,"18-25",1,84,1248,9,14117,26,"rural",12895,"particular","turismo","diesel","H","rojo","casado","mensual",1,2,"superior","presencial",0,1,0,0,3.837,0,10,0,"fin_estudio",0,NA,0,"3","2"
235,"3","1",4.124,0.4124,48,"35-65",22,69,955,18,14248,88,"rural",14806,"particular","turismo","gasolina","M","negro","casado","mensual",0,1,"basico","telematico",0,2,0,1,4.124,0,10,0,"fin_estudio",0,NA,0,"1","1"
236,"3","1",1.275,0.1275,38,"35-65",16,174,2347,11,32873,746,"mixta",15706,"particular","furgoneta","diesel","H","negro","casado","mensual",0,2,"basico","presencial",1,1,0,0,0.392,1,5.412,0,"fin_estudio",4201.34,4201.34,1,"3","3"
237,"3","1",4.581,0.4581,31,"25-35",8,105,1437,10,1500,139,"rural",5089,"particular","turismo","diesel","M","negro","soltero","anual",1,1,"medio","telefonico",0,0,0,2,4.581,0,4.581,1,"baja",0,NA,0,"2","1"
238,"3","1",5.246,0.5246,70,"65+",51,132,2269,5,35274,235,"mixta",13657,"particular","turismo","diesel","H","gris","soltero","mensual",0,1,"basico","presencial",1,0,0,2,2.552,1,8.348,0,"fin_estudio",1192.85,1192.85,1,"3","2"
239,"3","1",6.985,0.6985,44,"35-65",12,126,1939,3,26814,625,"mixta",16620,"comercial","turismo","gasolina","H","blanco","soltero","anual",1,1,"medio","presencial",1,4,1,1,3.809,1,8.016,0,"fin_estudio",2845.85,2845.85,1,"3","3"
240,"3","1",1.839,0.1839,72,"65+",19,214,3305,5,13879,338,"mixta",30602,"particular","turismo","gasolina","H","negro","soltero","mensual",0,2,"superior","presencial",0,1,0,1,1.839,0,9.798,0,"fin_estudio",0,NA,0,"1","1"
241,"3","1",9.339,0.9339,18,"18-25",0,118,1752,5,16742,210,"mixta",14026,"particular","furgoneta","diesel","M","blanco","soltero","anual",0,1,"basico","presencial",5,4,1,2,0.709,1,9.339,1,"baja",7306.56,1461.31,1,"4","3"
242,"3","1",8.613,0.8613,78,"65+",34,134,1723,0,9763,1750,"urbana",21451,"particular","turismo","gasolina","H","otro","soltero","mensual",0,1,"medio","presencial",2,4,2,1,2.253,1,10,0,"fin_estudio",1355.41,677.7,1,"4","3"
243,"3","1",1.956,0.1956,76,"65+",35,115,1788,12,20763,272,"mixta",12314,"particular","turismo","gasolina","M","otro","soltero","anual",0,2,"superior","telefonico",1,1,0,0,0.316,1,1.956,1,"baja",1271.49,1271.49,1,"4","3"
244,"3","1",8.124,0.8124,40,"35-65",13,86,1195,6,23824,214,"mixta",5957,"particular","turismo","diesel","M","gris","casado","anual",0,2,"medio","presencial",1,3,0,1,2.708,1,8.715,0,"fin_estudio",389.09,389.09,1,"1","1"
245,"3","1",2.768,0.2768,54,"35-65",32,98,1601,9,25747,35,"rural",17475,"particular","furgoneta","gasolina","H","gris","casado","mensual",0,1,"superior","telematico",0,1,0,0,2.768,0,2.768,1,"baja",0,NA,0,"1","1"
246,"3","1",7.85,0.785,59,"35-65",31,140,1847,9,29177,501,"mixta",15307,"particular","turismo","gasolina","M","rojo","casado","mensual",1,1,"superior","presencial",0,6,1,4,7.85,0,7.85,1,"baja",0,NA,0,"1","1"
247,"3","1",7.365,0.7365,27,"25-35",8,102,1235,2,27162,656,"mixta",16446,"particular","moto","gasolina","H","gris","casado","anual",1,2,"basico","presencial",4,3,0,2,0.185,1,7.365,1,"baja",7853.55,1963.39,1,"5","4"
248,"3","1",3.05,0.305,48,"35-65",30,139,2451,5,32832,105,"rural",9589,"particular","turismo","diesel","M","negro","casado","anual",0,1,"superior","presencial",1,0,0,2,0.151,1,6.783,0,"fin_estudio",3341.47,3341.47,1,"4","3"
249,"3","1",5.915,0.5915,52,"35-65",22,123,2191,22,14873,207,"mixta",14888,"comercial","moto","diesel","M","otro","soltero","mensual",0,1,"basico","presencial",0,1,0,0,5.915,0,5.915,1,"baja",0,NA,0,"1","1"
250,"3","1",4.397,0.4397,40,"35-65",12,134,2278,10,33486,572,"mixta",11022,"particular","turismo","gasolina","M","gris","otro","anual",1,1,"medio","presencial",1,2,0,0,0.296,1,4.397,1,"baja",9802.33,9802.33,1,"4","3"
251,"3","1",3.317,0.3317,32,"25-35",13,197,2710,5,38343,272,"mixta",13631,"particular","moto","diesel","H","rojo","soltero","mensual",1,1,"medio","presencial",2,3,0,1,1.05,1,5.64,0,"fin_estudio",8982.91,4491.46,1,"1","2"
252,"3","1",4.777,0.4777,44,"35-65",14,55,954,9,22092,115,"rural",11513,"comercial","turismo","diesel","H","blanco","soltero","anual",1,2,"medio","presencial",0,0,0,0,4.777,0,4.777,1,"baja",0,NA,0,"1","1"
253,"3","1",4.564,0.4564,51,"35-65",14,177,2720,5,38613,644,"mixta",9261,"particular","furgoneta","gasolina","M","otro","soltero","anual",1,1,"medio","presencial",0,1,0,0,4.564,0,4.564,1,"baja",0,NA,0,"1","1"
254,"3","1",1.718,0.1718,65,"35-65",31,187,3220,2,34674,261,"mixta",16485,"particular","turismo","gasolina","H","blanco","casado","anual",0,1,"superior","presencial",2,2,1,0,1.102,1,1.718,1,"baja",4438.38,2219.19,1,"1","3"
255,"3","1",3.439,0.3439,38,"35-65",14,106,1554,14,19697,50,"rural",14346,"particular","furgoneta","diesel","M","rojo","soltero","anual",0,1,"basico","presencial",0,0,0,0,3.439,0,6.454,0,"fin_estudio",0,NA,0,"1","1"
256,"3","1",0.251,0.0251,34,"25-35",8,113,1467,5,22213,326,"mixta",17556,"comercial","moto","diesel","H","blanco","casado","mensual",0,2,"basico","presencial",0,0,0,0,0.251,0,0.251,1,"baja",0,NA,0,"2","2"
257,"3","1",1.98,0.198,43,"35-65",11,85,1309,8,22103,92,"rural",9155,"particular","furgoneta","diesel","H","otro","otro","mensual",1,1,"basico","presencial",0,2,0,2,1.98,0,1.98,1,"baja",0,NA,0,"2","2"
258,"3","1",4.145,0.4145,44,"35-65",19,99,1270,2,37409,282,"mixta",6931,"particular","turismo","gasolina","H","negro","casado","anual",0,4,"basico","telefonico",0,1,0,1,4.145,0,4.145,1,"baja",0,NA,0,"1","1"
259,"3","1",8.421,0.8421,47,"35-65",21,125,1959,10,22753,301,"mixta",13907,"particular","turismo","gasolina","M","negro","soltero","anual",0,1,"basico","presencial",1,2,0,2,2.637,1,10,0,"fin_estudio",3164.73,3164.73,1,"1","1"
260,"3","1",5.038,0.5038,34,"25-35",13,103,1289,0,26532,503,"mixta",21828,"particular","turismo","diesel","M","blanco","soltero","anual",1,1,"basico","telematico",0,4,0,1,5.038,0,5.038,1,"baja",0,NA,0,"2","2"
261,"3","1",9.374,0.9374,27,"25-35",8,152,2102,0,25495,204,"mixta",7215,"particular","turismo","gasolina","M","negro","casado","mensual",0,2,"superior","telematico",1,5,1,1,1.664,1,10,0,"fin_estudio",2035.03,2035.03,1,"1","1"
262,"3","1",5.317,0.5317,68,"65+",50,103,1555,6,30595,115,"rural",17382,"particular","turismo","gasolina","M","otro","soltero","anual",0,2,"basico","presencial",0,3,0,3,5.317,0,5.317,1,"baja",0,NA,0,"3","2"
263,"3","1",2.239,0.2239,18,"18-25",0,55,918,3,14255,407,"mixta",8502,"particular","turismo","diesel","M","blanco","casado","mensual",0,1,"basico","presencial",0,1,0,0,2.239,0,6.531,0,"fin_estudio",0,NA,0,"1","1"
264,"3","1",3.166,0.3166,67,"65+",47,142,1767,13,35662,424,"mixta",11614,"particular","moto","diesel","H","otro","casado","anual",0,1,"basico","telematico",0,2,0,1,3.166,0,10,0,"fin_estudio",0,NA,0,"2","2"
265,"3","1",2.049,0.2049,67,"65+",45,109,1612,6,14941,32,"rural",13912,"particular","turismo","gasolina","M","otro","soltero","mensual",1,1,"basico","presencial",0,2,0,1,2.049,0,4.039,0,"fin_estudio",0,NA,0,"3","2"
266,"3","1",3.925,0.3925,61,"35-65",41,55,986,18,15803,1103,"urbana",20804,"particular","furgoneta","gasolina","H","blanco","casado","mensual",0,1,"medio","presencial",0,3,0,1,3.925,0,3.925,1,"baja",0,NA,0,"3","2"
267,"3","1",2.902,0.2902,23,"18-25",4,159,1920,0,47525,1033,"urbana",11965,"particular","moto","diesel","M","rojo","soltero","anual",0,1,"superior","telefonico",0,1,0,1,2.902,0,2.902,1,"baja",0,NA,0,"4","4"
268,"3","1",1.032,0.1032,30,"25-35",6,63,853,9,16808,62,"rural",14233,"particular","turismo","diesel","M","blanco","soltero","anual",0,1,"medio","presencial",0,1,0,0,1.032,0,10,0,"fin_estudio",0,NA,0,"1","1"
269,"3","1",1,0.1,40,"35-65",19,176,3138,11,21633,362,"mixta",21568,"particular","turismo","gasolina","M","rojo","soltero","anual",1,2,"medio","presencial",0,0,0,0,1,0,10,0,"fin_estudio",0,NA,0,"3","3"
270,"3","1",3.484,0.3484,19,"18-25",1,104,1568,4,27623,72,"rural",14324,"particular","furgoneta","diesel","M","blanco","soltero","mensual",0,1,"superior","presencial",0,1,0,1,3.484,0,3.484,1,"baja",0,NA,0,"3","2"
271,"3","1",2.57,0.257,50,"35-65",17,117,1773,5,38801,103,"rural",40207,"particular","moto","gasolina","H","gris","casado","mensual",0,1,"basico","presencial",0,4,0,0,2.57,0,5.401,0,"fin_estudio",0,NA,0,"2","2"
272,"3","1",6.141,0.6141,55,"35-65",37,64,890,7,12394,1186,"urbana",11538,"particular","turismo","gasolina","H","gris","casado","mensual",0,1,"medio","telefonico",0,2,0,3,6.141,0,7.68,0,"fin_estudio",0,NA,0,"1","1"
273,"3","1",3.612,0.3612,30,"25-35",4,64,961,9,29774,127,"rural",10035,"particular","turismo","diesel","M","gris","casado","anual",0,1,"superior","telematico",0,0,0,0,3.612,0,10,0,"fin_estudio",0,NA,0,"1","1"
274,"3","1",6.334,0.6334,32,"25-35",10,131,2142,0,25732,217,"mixta",18797,"particular","turismo","gasolina","M","otro","soltero","mensual",0,2,"medio","telefonico",0,1,0,4,6.334,0,10,0,"fin_estudio",0,NA,0,"2","1"
275,"3","1",3.747,0.3747,37,"35-65",16,55,987,9,19299,116,"rural",18766,"particular","turismo","diesel","M","rojo","casado","anual",0,4,"medio","telematico",1,0,1,0,3.503,1,3.747,1,"baja",1430.93,1430.93,1,"2","3"
276,"3","1",2.791,0.2791,72,"65+",30,55,879,7,8885,223,"mixta",5872,"particular","turismo","gasolina","H","rojo","casado","mensual",0,1,"superior","telefonico",0,2,0,0,2.791,0,3.807,0,"fin_estudio",0,NA,0,"1","1"
277,"3","1",3.409,0.3409,41,"35-65",20,141,2163,10,31223,376,"mixta",17116,"particular","furgoneta","gasolina","M","blanco","casado","mensual",0,2,"basico","telefonico",0,1,0,0,3.409,0,10,0,"fin_estudio",0,NA,0,"2","2"
278,"3","1",7.508,0.7508,52,"35-65",28,200,3095,14,29723,205,"mixta",14218,"particular","turismo","gasolina","M","otro","casado","anual",0,2,"medio","presencial",0,3,2,6,7.508,0,7.508,1,"baja",0,NA,0,"1","1"
279,"3","1",2.549,0.2549,62,"35-65",35,159,2483,8,11076,1087,"urbana",14897,"particular","turismo","gasolina","M","gris","casado","anual",0,2,"medio","telefonico",0,3,0,2,2.549,0,4.748,0,"fin_estudio",0,NA,0,"1","1"
280,"3","1",1.197,0.1197,34,"25-35",8,93,1159,10,21262,341,"mixta",16848,"particular","moto","gasolina","M","otro","soltero","mensual",0,2,"medio","telematico",0,1,0,0,1.197,0,4.574,0,"fin_estudio",0,NA,0,"4","4"
281,"3","1",7.198,0.7198,55,"35-65",26,102,1598,15,46821,235,"mixta",14992,"particular","turismo","gasolina","H","rojo","casado","anual",0,1,"basico","presencial",0,4,0,1,7.198,0,10,0,"fin_estudio",0,NA,0,"1","1"
282,"3","1",3.193,0.3193,43,"35-65",16,154,1860,13,16888,275,"mixta",12805,"particular","furgoneta","gasolina","H","otro","casado","mensual",1,1,"basico","telefonico",0,1,0,1,3.193,0,5.392,0,"fin_estudio",0,NA,0,"1","1"
283,"3","1",6.932,0.6932,32,"25-35",12,64,985,9,39882,535,"mixta",17557,"comercial","turismo","gasolina","H","blanco","casado","mensual",1,1,"medio","presencial",0,6,0,1,6.932,0,10,0,"fin_estudio",0,NA,0,"1","1"
284,"3","1",3.824,0.3824,37,"35-65",15,91,1470,5,22274,158,"mixta",17422,"particular","turismo","diesel","H","otro","soltero","anual",0,1,"medio","telematico",0,0,0,1,3.824,0,7.428,0,"fin_estudio",0,NA,0,"1","1"
285,"3","1",3.325,0.3325,27,"25-35",7,90,1382,16,19510,229,"mixta",6556,"particular","turismo","diesel","H","gris","soltero","anual",1,2,"basico","telefonico",0,1,0,3,3.325,0,3.987,0,"fin_estudio",0,NA,0,"1","1"
286,"3","1",4.344,0.4344,24,"18-25",3,172,2878,13,26311,101,"rural",5447,"particular","turismo","diesel","H","blanco","soltero","mensual",0,1,"basico","presencial",0,2,0,1,4.344,0,4.344,1,"baja",0,NA,0,"1","1"
287,"3","1",1.688,0.1688,38,"35-65",12,101,1769,3,28372,382,"mixta",9424,"comercial","turismo","diesel","M","gris","otro","anual",0,1,"superior","presencial",0,1,0,1,1.688,0,10,0,"fin_estudio",0,NA,0,"1","1"
288,"3","1",3.889,0.3889,55,"35-65",20,60,1066,11,9675,31,"rural",15905,"comercial","furgoneta","gasolina","H","gris","casado","mensual",0,1,"basico","telefonico",0,1,0,2,3.889,0,10,0,"fin_estudio",0,NA,0,"3","3"
289,"3","1",3.32,0.332,34,"25-35",14,128,2043,4,29578,171,"mixta",16278,"particular","turismo","diesel","M","otro","casado","anual",0,2,"medio","presencial",0,1,0,0,3.32,0,3.32,1,"baja",0,NA,0,"2","1"
290,"3","1",4.224,0.4224,39,"35-65",12,125,1670,2,33624,1684,"urbana",11370,"particular","furgoneta","diesel","M","gris","casado","anual",0,1,"basico","presencial",0,0,0,0,4.224,0,4.224,1,"baja",0,NA,0,"2","2"
291,"3","1",1.787,0.1787,35,"25-35",7,122,2061,15,30734,444,"mixta",10868,"comercial","moto","diesel","M","negro","soltero","anual",0,1,"medio","presencial",1,0,0,1,0.807,1,10,0,"fin_estudio",932.66,932.66,1,"5","5"
292,"3","1",6.206,0.6206,45,"35-65",20,75,1170,9,28136,609,"mixta",20531,"particular","turismo","diesel","M","rojo","casado","anual",0,2,"medio","telefonico",1,4,2,1,1.2,1,6.206,1,"baja",838.66,838.66,1,"1","1"
293,"3","1",2.647,0.2647,23,"18-25",2,150,2540,8,32167,372,"mixta",34064,"particular","moto","gasolina","H","gris","casado","anual",0,1,"basico","presencial",1,3,0,2,0.039,1,2.647,1,"baja",6754.88,6754.88,1,"4","3"
294,"3","1",2.595,0.2595,34,"25-35",10,55,900,6,24885,636,"mixta",6769,"particular","turismo","diesel","M","rojo","casado","mensual",0,1,"basico","presencial",0,1,0,1,2.595,0,8.644,0,"fin_estudio",0,NA,0,"2","1"
295,"3","1",2.329,0.2329,18,"18-25",0,92,1325,5,26992,212,"mixta",7906,"particular","furgoneta","gasolina","H","gris","casado","anual",1,1,"basico","telefonico",0,2,0,0,2.329,0,2.329,1,"baja",0,NA,0,"4","3"
296,"3","1",5.78,0.578,40,"35-65",16,122,1679,11,18442,701,"mixta",12502,"comercial","furgoneta","gasolina","H","otro","soltero","anual",1,1,"medio","presencial",0,4,1,3,5.78,0,5.78,1,"baja",0,NA,0,"1","1"
297,"3","1",5.67,0.567,38,"35-65",14,92,1583,4,30913,181,"mixta",13516,"particular","turismo","diesel","H","rojo","otro","anual",1,2,"basico","telematico",0,2,0,0,5.67,0,5.67,1,"baja",0,NA,0,"2","1"
298,"3","1",3.333,0.3333,75,"65+",45,129,1738,13,36982,331,"mixta",10406,"particular","moto","gasolina","H","gris","casado","mensual",0,1,"basico","telefonico",0,0,0,0,3.333,0,3.333,1,"baja",0,NA,0,"2","2"
299,"3","1",3.764,0.3764,20,"18-25",1,140,2251,16,35620,337,"mixta",3960,"particular","furgoneta","diesel","M","otro","casado","anual",0,2,"basico","presencial",0,1,0,0,3.764,0,4.248,0,"fin_estudio",0,NA,0,"2","2"
300,"3","1",1.187,0.1187,48,"35-65",21,97,1292,18,26009,381,"mixta",10933,"particular","turismo","diesel","H","rojo","soltero","mensual",1,1,"basico","presencial",0,0,0,2,1.187,0,3.437,0,"fin_estudio",0,NA,0,"1","1"
301,"3","1",3.19,0.319,35,"25-35",14,99,1316,10,13570,99,"rural",6702,"particular","moto","gasolina","M","negro","casado","anual",1,1,"medio","presencial",0,1,0,1,3.19,0,10,0,"fin_estudio",0,NA,0,"2","1"
302,"3","1",6.774,0.6774,44,"35-65",10,123,1539,19,20578,157,"mixta",11203,"particular","turismo","diesel","H","blanco","otro","anual",1,2,"basico","presencial",3,3,0,1,2.938,1,6.774,1,"baja",4583.14,1527.71,1,"4","5"
303,"3","1",2.274,0.2274,52,"35-65",14,66,1164,2,29736,319,"mixta",18140,"particular","turismo","diesel","H","blanco","soltero","anual",0,2,"medio","presencial",0,2,1,0,2.274,0,10,0,"fin_estudio",0,NA,0,"1","1"
304,"3","1",2.286,0.2286,60,"35-65",16,68,1145,6,26826,669,"mixta",7486,"particular","moto","diesel","M","blanco","casado","anual",1,2,"basico","presencial",0,1,0,0,2.286,0,10,0,"fin_estudio",0,NA,0,"1","1"
305,"3","1",3.804,0.3804,47,"35-65",20,55,800,0,19494,286,"mixta",7641,"particular","furgoneta","diesel","H","blanco","casado","anual",0,1,"basico","telematico",0,1,0,0,3.804,0,6.107,0,"fin_estudio",0,NA,0,"1","1"
306,"3","1",2.036,0.2036,31,"25-35",7,87,1561,10,17435,65,"rural",47285,"particular","turismo","gasolina","H","otro","soltero","mensual",1,1,"basico","presencial",0,1,0,1,2.036,0,2.036,1,"baja",0,NA,0,"3","3"
307,"3","1",1.438,0.1438,85,"65+",25,148,1778,13,16554,109,"rural",26594,"particular","turismo","gasolina","H","rojo","soltero","mensual",1,1,"basico","presencial",0,2,0,0,1.438,0,4.436,0,"fin_estudio",0,NA,0,"3","3"
308,"4","1",2.453,0.2453,51,"35-65",29,88,1154,17,12909,119,"rural",7586,"particular","moto","diesel","M","rojo","casado","anual",0,1,"medio","telefonico",0,0,1,1,2.453,0,10,0,"fin_estudio",0,NA,0,"2","1"
309,"4","1",2.822,0.2822,20,"18-25",2,89,1314,9,21586,134,"rural",16851,"particular","furgoneta","gasolina","H","rojo","casado","mensual",0,2,"basico","presencial",1,0,0,1,2.328,1,2.822,1,"baja",3661.88,3661.88,1,"4","5"
310,"4","1",4.329,0.4329,34,"25-35",16,141,2377,8,30937,207,"mixta",13846,"particular","turismo","diesel","M","gris","casado","anual",0,2,"medio","telefonico",1,2,0,0,3.747,1,7.013,0,"fin_estudio",313.37,313.37,1,"4","4"
311,"4","1",1.181,0.1181,51,"35-65",25,118,1888,10,40222,64,"rural",6127,"particular","furgoneta","gasolina","M","blanco","casado","anual",1,1,"basico","telefonico",0,0,0,0,1.181,0,1.181,1,"baja",0,NA,0,"1","1"
312,"4","1",2.238,0.2238,76,"65+",55,115,1634,6,26206,266,"mixta",16783,"particular","turismo","gasolina","M","otro","soltero","mensual",0,1,"superior","presencial",0,1,0,1,2.238,0,5.331,0,"fin_estudio",0,NA,0,"2","1"
313,"4","1",3.464,0.3464,42,"35-65",17,139,1830,1,28839,148,"rural",8830,"particular","turismo","diesel","H","negro","casado","anual",0,3,"superior","presencial",1,0,0,0,2.446,1,10,0,"fin_estudio",66.76,66.76,1,"5","4"
314,"4","1",6.793,0.6793,62,"35-65",20,89,1258,3,30737,276,"mixta",8882,"particular","turismo","gasolina","M","otro","otro","anual",0,1,"basico","telefonico",1,0,0,0,4.247,1,10,0,"fin_estudio",146.71,146.71,1,"2","2"
315,"4","1",9.878,0.9878,37,"35-65",9,72,1054,13,20200,681,"mixta",8542,"particular","furgoneta","diesel","M","blanco","soltero","mensual",0,1,"basico","presencial",3,4,0,1,5.36,1,10,0,"fin_estudio",2538.52,846.17,1,"5","5"
316,"4","1",0.873,0.0873,60,"35-65",36,154,2296,4,30022,69,"rural",15793,"particular","turismo","diesel","M","blanco","soltero","anual",0,1,"basico","telematico",0,0,0,0,0.873,0,0.873,1,"baja",0,NA,0,"4","4"
317,"4","1",6.712,0.6712,53,"35-65",26,55,910,12,18487,125,"rural",16386,"comercial","turismo","gasolina","M","rojo","casado","anual",0,2,"superior","presencial",0,6,0,1,6.712,0,10,0,"fin_estudio",0,NA,0,"1","1"
318,"4","1",4.646,0.4646,47,"35-65",25,93,1168,10,31283,703,"mixta",13377,"comercial","turismo","gasolina","M","rojo","soltero","mensual",1,1,"medio","telefonico",0,3,0,2,4.646,0,10,0,"fin_estudio",0,NA,0,"1","1"
319,"4","1",7.065,0.7065,42,"35-65",19,93,1404,11,31740,1545,"urbana",17984,"particular","moto","gasolina","H","otro","soltero","anual",1,1,"superior","presencial",1,3,0,1,6.119,1,8.056,0,"fin_estudio",15281.37,15281.37,1,"2","2"
320,"4","1",5.341,0.5341,26,"25-35",4,88,1146,11,22331,31,"rural",15799,"particular","turismo","diesel","M","negro","otro","mensual",0,1,"basico","presencial",0,0,0,3,5.341,0,5.341,1,"baja",0,NA,0,"1","1"
321,"4","1",1.185,0.1185,34,"25-35",12,114,1646,8,19821,63,"rural",8868,"particular","turismo","diesel","H","gris","soltero","anual",0,2,"basico","telefonico",1,0,0,0,1.182,1,10,0,"fin_estudio",1299.38,1299.38,1,"3","4"
322,"4","1",7.863,0.7863,55,"35-65",34,106,1800,7,30849,40,"rural",7939,"particular","furgoneta","gasolina","H","rojo","casado","anual",0,1,"medio","presencial",1,3,2,2,5.243,1,10,0,"fin_estudio",2279.52,2279.52,1,"2","2"
323,"4","1",5.352,0.5352,33,"25-35",14,135,2384,12,9031,118,"rural",4883,"comercial","furgoneta","diesel","H","rojo","soltero","anual",1,1,"medio","presencial",2,2,1,0,1.778,1,5.352,1,"baja",3254.18,1627.09,1,"2","2"
324,"4","1",5.27,0.527,31,"25-35",11,55,888,5,32858,120,"rural",7749,"particular","moto","gasolina","H","gris","soltero","mensual",1,1,"basico","telematico",0,3,0,1,5.27,0,10,0,"fin_estudio",0,NA,0,"1","1"
325,"4","1",3.664,0.3664,36,"35-65",11,104,1755,11,33765,435,"mixta",10013,"particular","turismo","diesel","H","rojo","soltero","mensual",1,2,"superior","presencial",0,0,0,0,3.664,0,3.664,1,"baja",0,NA,0,"1","1"
326,"4","1",2.143,0.2143,42,"35-65",18,66,1027,0,27289,676,"mixta",5684,"particular","furgoneta","gasolina","M","otro","casado","anual",1,1,"medio","presencial",0,1,0,0,2.143,0,10,0,"fin_estudio",0,NA,0,"3","3"
327,"4","1",1.819,0.1819,40,"35-65",21,141,2099,6,28142,50,"rural",14510,"particular","furgoneta","diesel","M","rojo","soltero","mensual",0,3,"medio","presencial",0,2,0,1,1.819,0,10,0,"fin_estudio",0,NA,0,"4","3"
328,"4","1",1.469,0.1469,30,"25-35",6,83,1023,9,28686,406,"mixta",7049,"particular","turismo","gasolina","H","gris","soltero","anual",0,2,"medio","presencial",0,1,0,0,1.469,0,8.096,0,"fin_estudio",0,NA,0,"2","1"
329,"4","1",6.353,0.6353,55,"35-65",35,71,1138,2,32189,588,"mixta",19235,"particular","furgoneta","gasolina","M","negro","soltero","mensual",0,1,"basico","presencial",0,2,1,1,6.353,0,10,0,"fin_estudio",0,NA,0,"1","1"
330,"4","1",6.572,0.6572,48,"35-65",12,154,2171,11,19383,103,"rural",11170,"particular","turismo","diesel","M","gris","casado","mensual",0,1,"medio","telefonico",0,2,0,1,6.572,0,10,0,"fin_estudio",0,NA,0,"1","1"
331,"4","1",3.165,0.3165,52,"35-65",32,85,1146,11,13720,322,"mixta",11313,"particular","turismo","gasolina","H","gris","soltero","mensual",1,1,"basico","presencial",0,3,2,0,3.165,0,4.908,0,"fin_estudio",0,NA,0,"1","1"
332,"4","1",1.747,0.1747,24,"18-25",3,128,2004,17,20225,131,"rural",21321,"particular","turismo","gasolina","M","rojo","soltero","mensual",1,1,"medio","presencial",0,5,0,2,1.747,0,1.747,1,"baja",0,NA,0,"4","4"
333,"4","1",1.773,0.1773,40,"35-65",21,66,838,10,29985,657,"mixta",16114,"particular","turismo","gasolina","M","otro","casado","anual",1,3,"superior","presencial",0,1,0,0,1.773,0,1.773,1,"baja",0,NA,0,"4","4"
334,"4","1",5.542,0.5542,51,"35-65",20,90,1354,7,27224,85,"rural",3079,"particular","turismo","gasolina","M","gris","soltero","mensual",1,1,"medio","presencial",0,1,0,2,5.542,0,5.542,1,"baja",0,NA,0,"1","1"
335,"4","1",3.502,0.3502,37,"35-65",11,154,2396,7,20867,447,"mixta",16870,"particular","furgoneta","diesel","M","gris","soltero","anual",0,1,"basico","presencial",1,1,1,0,0.54,1,3.502,1,"baja",713.71,713.71,1,"3","2"
336,"4","1",2.21,0.221,53,"35-65",24,121,1513,10,9453,1156,"urbana",33439,"particular","turismo","diesel","H","otro","casado","anual",1,1,"superior","presencial",0,2,0,0,2.21,0,2.21,1,"baja",0,NA,0,"2","2"
337,"4","1",6.518,0.6518,55,"35-65",16,122,1970,0,13341,55,"rural",3977,"particular","furgoneta","gasolina","H","rojo","otro","anual",1,2,"superior","telematico",0,0,0,2,6.518,0,10,0,"fin_estudio",0,NA,0,"1","1"
338,"4","1",5.998,0.5998,34,"25-35",10,104,1251,10,32543,10,"rural",5207,"particular","turismo","diesel","H","gris","casado","mensual",1,1,"medio","telefonico",0,3,0,1,5.998,0,5.998,1,"baja",0,NA,0,"1","1"
339,"4","1",2.37,0.237,42,"35-65",13,101,1223,12,24328,455,"mixta",8393,"particular","turismo","diesel","M","rojo","casado","mensual",0,1,"basico","telematico",0,0,0,0,2.37,0,2.37,1,"baja",0,NA,0,"1","1"
340,"4","1",1.283,0.1283,41,"35-65",15,94,1434,7,28579,330,"mixta",9093,"particular","moto","diesel","H","otro","casado","anual",0,2,"medio","presencial",0,1,0,1,1.283,0,10,0,"fin_estudio",0,NA,0,"1","1"
341,"4","1",1.083,0.1083,49,"35-65",28,125,1712,8,30598,522,"mixta",16625,"particular","moto","diesel","H","rojo","soltero","anual",1,2,"medio","presencial",0,1,0,0,1.083,0,1.083,1,"baja",0,NA,0,"2","2"
342,"4","1",9.953,0.9953,82,"65+",27,122,2099,9,11812,800,"mixta",10493,"particular","turismo","gasolina","M","gris","casado","mensual",0,1,"superior","telematico",1,5,0,2,2.832,1,10,0,"fin_estudio",1150.68,1150.68,1,"2","1"
343,"4","1",1.614,0.1614,56,"35-65",29,128,1824,6,36671,1641,"urbana",13751,"particular","turismo","gasolina","H","blanco","casado","mensual",0,1,"superior","presencial",0,2,0,0,1.614,0,4.301,0,"fin_estudio",0,NA,0,"2","2"
344,"4","1",4.155,0.4155,47,"35-65",20,108,1587,10,26345,8490,"urbana",15756,"particular","turismo","diesel","M","blanco","soltero","mensual",1,1,"medio","telefonico",0,0,0,2,4.155,0,4.155,1,"baja",0,NA,0,"2","2"
345,"4","1",3.03,0.303,30,"25-35",11,64,1033,16,22867,2084,"urbana",19277,"particular","furgoneta","gasolina","M","rojo","casado","anual",1,1,"medio","presencial",0,0,0,0,3.03,0,3.165,0,"fin_estudio",0,NA,0,"1","1"
346,"4","1",5.294,0.5294,42,"35-65",23,122,1729,8,33630,183,"mixta",4954,"particular","moto","diesel","H","negro","otro","anual",0,2,"medio","telematico",0,1,0,1,5.294,0,10,0,"fin_estudio",0,NA,0,"1","1"
347,"4","1",6.298,0.6298,49,"35-65",15,103,1444,14,22354,581,"mixta",9015,"particular","turismo","diesel","M","rojo","soltero","anual",0,1,"basico","telefonico",1,1,0,0,3.431,1,6.298,1,"baja",4845.16,4845.16,1,"2","1"
348,"4","1",3.329,0.3329,56,"35-65",32,80,1255,4,13125,374,"mixta",13726,"comercial","turismo","gasolina","M","negro","otro","mensual",0,1,"superior","presencial",0,1,1,1,3.329,0,4.629,0,"fin_estudio",0,NA,0,"1","1"
349,"4","1",9.184,0.9184,28,"25-35",6,100,1407,7,30923,865,"mixta",6961,"particular","turismo","gasolina","M","blanco","soltero","mensual",1,1,"basico","telefonico",0,8,0,3,9.184,0,10,0,"fin_estudio",0,NA,0,"1","1"
350,"4","1",9.04,0.904,62,"35-65",24,134,2000,13,27295,5614,"urbana",18035,"particular","turismo","gasolina","H","rojo","casado","anual",0,1,"basico","presencial",2,2,2,3,7.081,1,10,0,"fin_estudio",10624.87,5312.43,1,"2","2"
351,"4","1",9.621,0.9621,47,"35-65",16,160,2816,5,22757,523,"mixta",22505,"particular","moto","diesel","H","otro","otro","mensual",0,1,"basico","presencial",3,6,0,2,5.983,1,10,0,"fin_estudio",3328.25,1109.42,1,"5","4"
352,"4","1",4.742,0.4742,44,"35-65",23,92,1254,17,14420,436,"mixta",9940,"particular","turismo","diesel","H","rojo","soltero","mensual",0,1,"medio","presencial",1,0,1,1,1.589,1,10,0,"fin_estudio",2720.92,2720.92,1,"1","1"
353,"4","1",4.59,0.459,59,"35-65",23,95,1616,12,12613,932,"mixta",7975,"particular","turismo","diesel","M","otro","soltero","anual",0,1,"medio","presencial",0,3,0,1,4.59,0,4.59,1,"baja",0,NA,0,"1","1"
354,"4","1",3.283,0.3283,69,"65+",40,103,1502,2,24140,25,"rural",15871,"particular","turismo","diesel","M","negro","casado","anual",0,1,"basico","presencial",1,2,0,0,2.801,1,3.283,1,"baja",156.78,156.78,1,"4","3"
355,"4","1",1.822,0.1822,41,"35-65",22,55,800,4,10194,272,"mixta",14386,"particular","turismo","diesel","H","negro","soltero","mensual",0,2,"medio","telefonico",0,0,0,0,1.822,0,1.822,1,"baja",0,NA,0,"2","2"
356,"4","1",3.602,0.3602,44,"35-65",9,60,800,5,29039,824,"mixta",14775,"particular","turismo","gasolina","M","blanco","casado","anual",0,1,"medio","presencial",0,1,0,1,3.602,0,10,0,"fin_estudio",0,NA,0,"3","2"
357,"4","1",4.463,0.4463,69,"65+",47,182,2419,9,29917,224,"mixta",8670,"particular","turismo","gasolina","M","rojo","soltero","anual",1,1,"medio","telefonico",0,3,0,2,4.463,0,10,0,"fin_estudio",0,NA,0,"1","1"
358,"4","1",6.667,0.6667,38,"35-65",18,164,2619,15,26252,316,"mixta",6513,"particular","turismo","diesel","H","otro","casado","anual",1,1,"medio","telefonico",0,2,0,1,6.667,0,10,0,"fin_estudio",0,NA,0,"1","1"
359,"4","1",5.741,0.5741,33,"25-35",14,145,2543,1,41425,1759,"urbana",3416,"particular","moto","diesel","H","blanco","casado","anual",1,1,"basico","telematico",3,1,0,1,0.709,1,6.37,0,"fin_estudio",12201.02,4067.01,1,"4","3"
360,"4","1",3.314,0.3314,41,"35-65",14,55,800,9,36346,317,"mixta",17106,"comercial","turismo","diesel","M","blanco","casado","anual",0,1,"medio","telefonico",0,0,0,0,3.314,0,10,0,"fin_estudio",0,NA,0,"2","1"
361,"4","1",9.219,0.9219,42,"35-65",23,83,1042,2,1578,281,"mixta",8614,"particular","turismo","diesel","M","otro","soltero","anual",1,1,"basico","telefonico",1,2,0,0,3.196,1,10,0,"fin_estudio",256.27,256.27,1,"1","1"
362,"4","1",4.086,0.4086,40,"35-65",19,117,1436,6,20117,162,"mixta",18065,"particular","turismo","gasolina","H","negro","casado","mensual",0,2,"medio","telematico",0,1,0,0,4.086,0,6.534,0,"fin_estudio",0,NA,0,"1","1"
363,"4","1",8.281,0.8281,46,"35-65",20,55,800,7,17020,829,"mixta",7488,"particular","turismo","gasolina","M","blanco","casado","anual",0,1,"medio","presencial",0,2,0,1,8.281,0,10,0,"fin_estudio",0,NA,0,"1","1"
364,"4","1",3.344,0.3344,43,"35-65",21,65,1088,13,24105,70,"rural",13744,"particular","moto","diesel","H","blanco","casado","mensual",1,1,"basico","presencial",0,0,0,2,3.344,0,3.344,1,"baja",0,NA,0,"1","1"
365,"4","1",8.306,0.8306,58,"35-65",37,156,2089,17,40401,96,"rural",12150,"particular","turismo","diesel","M","negro","soltero","mensual",1,1,"superior","telematico",2,3,0,0,1.433,1,8.306,1,"baja",10294.16,5147.08,1,"4","3"
366,"4","1",3.207,0.3207,43,"35-65",22,112,1742,12,18639,91,"rural",8576,"particular","turismo","diesel","M","gris","casado","mensual",0,1,"medio","presencial",0,1,0,0,3.207,0,10,0,"fin_estudio",0,NA,0,"1","1"
367,"4","1",5.388,0.5388,53,"35-65",35,55,822,8,31911,1670,"urbana",13940,"particular","turismo","diesel","H","rojo","casado","mensual",0,2,"medio","telefonico",0,0,0,1,5.388,0,10,0,"fin_estudio",0,NA,0,"3","3"
368,"4","1",3.013,0.3013,58,"35-65",34,166,2305,10,28063,164,"mixta",5120,"particular","turismo","gasolina","M","blanco","casado","mensual",0,1,"basico","presencial",0,1,0,0,3.013,0,7.111,0,"fin_estudio",0,NA,0,"3","2"
369,"4","1",9.205,0.9205,43,"35-65",25,73,1082,5,15854,112,"rural",4470,"particular","turismo","gasolina","M","negro","casado","mensual",1,4,"superior","telematico",2,1,0,1,2.038,1,10,0,"fin_estudio",1598.6,799.3,1,"1","1"
370,"4","1",2.499,0.2499,35,"25-35",15,124,1769,11,32935,230,"mixta",22564,"particular","turismo","diesel","H","blanco","casado","anual",0,2,"superior","telefonico",0,3,0,2,2.499,0,2.499,1,"baja",0,NA,0,"2","2"
371,"4","1",7.861,0.7861,40,"35-65",17,132,2031,13,16674,164,"mixta",5250,"particular","furgoneta","diesel","H","negro","casado","anual",0,2,"medio","presencial",2,2,1,1,1.329,1,10,0,"fin_estudio",4958.72,2479.36,1,"1","2"
372,"4","1",2.926,0.2926,41,"35-65",9,152,2071,5,33169,369,"mixta",10639,"particular","turismo","gasolina","M","otro","soltero","anual",0,1,"basico","telematico",0,0,0,1,2.926,0,2.926,1,"baja",0,NA,0,"3","2"
373,"4","1",9.658,0.9658,67,"65+",42,120,1483,8,18198,165,"mixta",6414,"particular","turismo","gasolina","M","negro","soltero","mensual",0,1,"basico","telefonico",1,4,0,3,8.691,1,10,0,"fin_estudio",1853.23,1853.23,1,"2","1"
374,"4","1",4.045,0.4045,42,"35-65",17,169,2782,12,36749,451,"mixta",26795,"particular","furgoneta","diesel","M","negro","soltero","mensual",0,1,"medio","presencial",0,1,0,0,4.045,0,6.718,0,"fin_estudio",0,NA,0,"3","3"
375,"4","1",2.142,0.2142,38,"35-65",19,75,1331,8,12629,549,"mixta",18503,"particular","turismo","diesel","H","gris","otro","anual",0,1,"basico","telefonico",0,2,0,2,2.142,0,7.07,0,"fin_estudio",0,NA,0,"3","2"
376,"4","1",3.294,0.3294,38,"35-65",16,87,1080,9,13244,272,"mixta",6714,"comercial","moto","diesel","H","gris","otro","anual",1,1,"medio","presencial",0,1,1,0,3.294,0,5.706,0,"fin_estudio",0,NA,0,"2","2"
377,"4","1",3.859,0.3859,43,"35-65",10,173,3069,6,13291,59,"rural",12370,"particular","furgoneta","gasolina","H","negro","soltero","anual",0,3,"basico","presencial",0,0,0,0,3.859,0,3.859,1,"baja",0,NA,0,"3","3"
378,"4","1",6.653,0.6653,53,"35-65",23,136,2213,12,38771,4313,"urbana",10548,"particular","turismo","gasolina","H","blanco","otro","mensual",0,2,"basico","presencial",1,2,0,0,6.184,1,6.653,1,"baja",1226.43,1226.43,1,"1","2"
379,"4","1",4.439,0.4439,53,"35-65",23,118,1505,4,45425,236,"mixta",4050,"particular","moto","diesel","H","gris","casado","anual",0,1,"basico","presencial",0,0,2,1,4.439,0,10,0,"fin_estudio",0,NA,0,"5","4"
380,"4","1",2.985,0.2985,49,"35-65",23,112,1663,10,37587,483,"mixta",13529,"particular","turismo","gasolina","M","gris","casado","anual",0,1,"superior","telematico",2,0,0,0,2.074,1,10,0,"fin_estudio",5939.95,2969.98,1,"1","3"
381,"4","1",6.624,0.6624,59,"35-65",22,91,1404,14,17121,24,"rural",8386,"particular","turismo","gasolina","M","otro","soltero","anual",0,1,"basico","presencial",0,2,1,0,6.624,0,6.624,1,"baja",0,NA,0,"1","1"
382,"4","1",1.393,0.1393,76,"65+",45,79,1254,17,23097,2976,"urbana",32528,"particular","turismo","diesel","M","otro","casado","anual",0,1,"basico","telematico",0,2,0,0,1.393,0,1.393,1,"baja",0,NA,0,"3","2"
383,"4","1",3.754,0.3754,43,"35-65",18,140,2456,10,19880,139,"rural",13959,"particular","moto","gasolina","H","negro","casado","anual",1,1,"medio","presencial",0,1,0,1,3.754,0,6.96,0,"fin_estudio",0,NA,0,"4","3"
384,"4","1",4.098,0.4098,65,"35-65",40,146,1919,6,31358,3431,"urbana",24705,"particular","turismo","gasolina","M","gris","soltero","anual",0,2,"basico","presencial",0,3,0,0,4.098,0,4.098,1,"baja",0,NA,0,"2","1"
385,"4","1",3.482,0.3482,27,"25-35",4,123,1542,6,30194,216,"mixta",18504,"particular","moto","gasolina","H","gris","soltero","anual",0,2,"medio","presencial",0,2,0,1,3.482,0,3.482,1,"baja",0,NA,0,"2","2"
386,"4","1",5.463,0.5463,62,"35-65",43,160,2011,19,27348,344,"mixta",25801,"comercial","turismo","diesel","H","otro","soltero","anual",0,1,"medio","telefonico",4,6,0,1,0.146,1,7.744,0,"fin_estudio",4755.28,1188.82,1,"5","4"
387,"4","1",7.569,0.7569,44,"35-65",21,163,2302,6,18817,486,"mixta",23336,"particular","turismo","diesel","M","blanco","casado","anual",0,2,"basico","telefonico",4,2,3,1,0.088,1,10,0,"fin_estudio",6547.06,1636.76,1,"5","5"
388,"4","1",1.978,0.1978,31,"25-35",12,55,833,11,20674,392,"mixta",14880,"particular","turismo","diesel","M","rojo","soltero","anual",0,1,"medio","presencial",0,0,0,0,1.978,0,1.978,1,"baja",0,NA,0,"3","3"
389,"4","1",2.848,0.2848,18,"18-25",0,98,1525,5,15012,1262,"urbana",11525,"particular","turismo","diesel","M","negro","casado","mensual",0,1,"basico","presencial",0,0,0,0,2.848,0,2.848,1,"baja",0,NA,0,"1","1"
390,"4","1",3.271,0.3271,48,"35-65",15,137,2429,6,20243,475,"mixta",10642,"particular","turismo","diesel","M","negro","soltero","mensual",0,1,"medio","telefonico",1,1,0,0,2.967,1,10,0,"fin_estudio",1618.74,1618.74,1,"3","2"
391,"5","1",4.309,0.4309,30,"25-35",10,145,1825,2,42468,239,"mixta",10491,"particular","turismo","diesel","M","rojo","otro","anual",0,1,"superior","telefonico",0,1,0,1,4.309,0,8.523,0,"fin_estudio",0,NA,0,"2","1"
392,"5","1",3.135,0.3135,34,"25-35",11,64,1029,7,44683,997,"mixta",10696,"particular","turismo","diesel","H","otro","soltero","mensual",0,2,"basico","presencial",0,1,0,0,3.135,0,3.551,0,"fin_estudio",0,NA,0,"1","1"
393,"5","1",9.502,0.9502,51,"35-65",28,196,2586,20,26610,301,"mixta",14888,"particular","turismo","gasolina","M","gris","soltero","mensual",1,1,"basico","telefonico",0,6,2,5,9.502,0,10,0,"fin_estudio",0,NA,0,"1","1"
394,"5","1",6.314,0.6314,62,"35-65",21,71,992,12,10631,518,"mixta",16021,"particular","turismo","diesel","H","otro","casado","anual",1,1,"basico","telematico",0,4,0,1,6.314,0,10,0,"fin_estudio",0,NA,0,"1","1"
395,"5","1",1.377,0.1377,40,"35-65",19,104,1691,4,24602,451,"mixta",6850,"particular","turismo","diesel","H","gris","casado","anual",0,1,"basico","presencial",0,0,0,0,1.377,0,10,0,"fin_estudio",0,NA,0,"1","1"
396,"5","1",5.666,0.5666,38,"35-65",10,90,1488,5,19358,178,"mixta",4845,"particular","turismo","gasolina","M","rojo","otro","anual",1,1,"medio","presencial",0,1,2,0,5.666,0,10,0,"fin_estudio",0,NA,0,"2","2"
397,"5","1",3.268,0.3268,61,"35-65",24,145,2590,4,32419,173,"mixta",9753,"comercial","turismo","diesel","H","blanco","soltero","anual",1,1,"medio","telefonico",0,2,0,4,3.268,0,3.268,1,"baja",0,NA,0,"1","1"
398,"5","1",2.728,0.2728,33,"25-35",10,78,1229,10,16193,2423,"urbana",8221,"comercial","turismo","gasolina","M","gris","casado","mensual",0,1,"medio","telematico",0,2,0,1,2.728,0,2.728,1,"baja",0,NA,0,"1","1"
399,"5","1",2.713,0.2713,23,"18-25",4,164,2481,12,25620,479,"mixta",16277,"particular","turismo","gasolina","M","gris","soltero","anual",0,1,"superior","telefonico",0,1,0,2,2.713,0,10,0,"fin_estudio",0,NA,0,"1","1"
400,"5","1",8.97,0.897,70,"65+",35,196,2604,8,33821,272,"mixta",10544,"particular","turismo","gasolina","M","otro","casado","anual",0,1,"medio","presencial",1,6,0,6,2.312,1,10,0,"fin_estudio",2338.59,2338.59,1,"1","1"
401,"5","1",1.374,0.1374,34,"25-35",14,116,2040,4,27743,957,"mixta",16338,"particular","turismo","diesel","H","gris","soltero","anual",0,2,"basico","presencial",0,0,0,1,1.374,0,2.109,0,"fin_estudio",0,NA,0,"4","4"
402,"5","1",1.712,0.1712,35,"25-35",16,69,973,5,23442,1078,"urbana",15297,"particular","moto","gasolina","M","otro","casado","mensual",0,2,"basico","presencial",0,0,0,0,1.712,0,1.712,1,"baja",0,NA,0,"3","3"
403,"5","1",2.075,0.2075,25,"18-25",4,56,800,12,19475,2305,"urbana",10496,"comercial","furgoneta","diesel","M","rojo","casado","mensual",0,1,"superior","presencial",1,2,1,2,0.559,1,10,0,"fin_estudio",563.52,563.52,1,"3","3"
404,"5","1",7.835,0.7835,43,"35-65",16,83,1428,10,33552,693,"mixta",12349,"particular","moto","diesel","M","blanco","otro","mensual",1,2,"superior","telematico",0,2,0,4,7.835,0,10,0,"fin_estudio",0,NA,0,"2","1"
405,"5","1",0.536,0.0536,46,"35-65",19,115,1441,0,14518,25,"rural",11242,"particular","turismo","diesel","H","negro","casado","mensual",1,1,"superior","telematico",0,0,0,0,0.536,0,0.536,1,"baja",0,NA,0,"2","2"
406,"5","1",8.695,0.8695,66,"65+",43,108,1384,8,23316,140,"rural",6497,"particular","turismo","diesel","M","rojo","soltero","anual",0,1,"basico","presencial",0,3,0,2,8.695,0,10,0,"fin_estudio",0,NA,0,"1","1"
407,"5","1",7.032,0.7032,26,"25-35",5,65,854,13,20088,256,"mixta",10599,"particular","turismo","gasolina","M","blanco","casado","mensual",0,1,"medio","presencial",2,1,0,4,3.65,1,10,0,"fin_estudio",2461.27,1230.63,1,"1","1"
408,"5","1",1.383,0.1383,56,"35-65",14,132,1636,4,19681,487,"mixta",8623,"particular","furgoneta","gasolina","M","negro","soltero","mensual",1,1,"medio","telematico",0,0,0,0,1.383,0,10,0,"fin_estudio",0,NA,0,"2","2"
409,"5","1",5.66,0.566,41,"35-65",10,147,1842,4,42587,179,"mixta",16861,"particular","turismo","gasolina","H","rojo","soltero","anual",0,3,"medio","presencial",2,1,1,1,1.156,1,9.849,0,"fin_estudio",12476.94,6238.47,1,"4","4"
410,"5","1",1.663,0.1663,55,"35-65",37,196,2352,22,22486,2942,"urbana",10210,"particular","turismo","gasolina","H","rojo","casado","anual",1,1,"basico","telefonico",1,0,0,1,0.56,1,7.656,0,"fin_estudio",4402.71,4402.71,1,"3","3"
411,"5","1",2.378,0.2378,56,"35-65",23,92,1368,6,30600,217,"mixta",20850,"particular","turismo","diesel","M","rojo","casado","anual",1,2,"basico","presencial",0,0,0,0,2.378,0,10,0,"fin_estudio",0,NA,0,"2","2"
412,"5","1",5.175,0.5175,39,"35-65",19,81,1239,14,22250,300,"mixta",22231,"particular","turismo","diesel","M","blanco","soltero","anual",0,2,"basico","telefonico",0,3,0,5,5.175,0,10,0,"fin_estudio",0,NA,0,"1","1"
413,"5","1",4.888,0.4888,68,"65+",44,198,2462,12,19357,234,"mixta",11830,"particular","turismo","gasolina","H","otro","casado","anual",1,1,"basico","presencial",0,2,0,3,4.888,0,4.888,1,"baja",0,NA,0,"1","1"
414,"5","1",9.764,0.9764,65,"35-65",38,73,1009,8,26980,220,"mixta",10342,"particular","turismo","gasolina","M","rojo","soltero","mensual",1,2,"basico","presencial",1,4,0,5,3.459,1,10,0,"fin_estudio",3768.92,3768.92,1,"1","1"
415,"5","1",9.069,0.9069,46,"35-65",19,118,1951,12,46129,731,"mixta",7052,"particular","turismo","gasolina","M","rojo","casado","mensual",0,1,"basico","telematico",6,1,0,2,0.93,1,10,0,"fin_estudio",28136.05,4689.34,1,"4","4"
416,"5","1",2.89,0.289,36,"35-65",11,97,1677,5,37315,178,"mixta",24140,"comercial","turismo","diesel","H","blanco","casado","mensual",0,2,"superior","telefonico",2,0,0,1,1.539,1,9.14,0,"fin_estudio",939.27,469.64,1,"4","5"
417,"5","1",3.102,0.3102,56,"35-65",26,183,2833,8,40745,235,"mixta",6751,"comercial","turismo","diesel","H","rojo","casado","anual",0,1,"superior","presencial",0,2,1,0,3.102,0,3.102,1,"baja",0,NA,0,"3","2"
418,"5","1",1.786,0.1786,81,"65+",53,101,1579,2,31502,82,"rural",13217,"comercial","turismo","gasolina","H","blanco","soltero","mensual",0,1,"basico","presencial",0,1,0,1,1.786,0,1.786,1,"baja",0,NA,0,"2","1"
419,"5","1",5.227,0.5227,33,"25-35",13,92,1219,1,30510,232,"mixta",9156,"particular","turismo","gasolina","H","otro","casado","anual",0,1,"superior","presencial",0,2,0,2,5.227,0,9.145,0,"fin_estudio",0,NA,0,"1","1"
420,"5","1",2.608,0.2608,56,"35-65",36,107,1714,6,26796,153,"mixta",8657,"particular","turismo","diesel","M","blanco","soltero","anual",0,1,"basico","telefonico",0,0,0,2,2.608,0,2.608,1,"baja",0,NA,0,"3","3"
421,"5","1",2.549,0.2549,47,"35-65",17,55,870,10,20715,40,"rural",5575,"particular","turismo","diesel","M","blanco","casado","anual",0,1,"medio","telefonico",0,0,0,1,2.549,0,10,0,"fin_estudio",0,NA,0,"3","3"
422,"5","1",6.717,0.6717,55,"35-65",36,185,2477,18,30527,228,"mixta",12386,"particular","moto","gasolina","H","gris","casado","mensual",1,2,"medio","telefonico",0,3,0,3,6.717,0,6.717,1,"baja",0,NA,0,"3","3"
423,"5","1",5.012,0.5012,56,"35-65",36,151,1819,13,36648,298,"mixta",15895,"particular","turismo","gasolina","M","blanco","otro","anual",0,1,"basico","presencial",1,1,0,1,0.382,1,5.012,1,"baja",1997.18,1997.18,1,"3","3"
424,"5","1",1.721,0.1721,43,"35-65",22,92,1230,5,22915,227,"mixta",12609,"particular","turismo","gasolina","M","rojo","otro","anual",0,2,"basico","telefonico",0,0,0,0,1.721,0,2.259,0,"fin_estudio",0,NA,0,"1","1"
425,"5","1",1.461,0.1461,66,"65+",38,114,2025,8,10716,99,"rural",9820,"particular","moto","diesel","M","blanco","casado","anual",0,1,"medio","presencial",0,0,0,1,1.461,0,1.461,1,"baja",0,NA,0,"2","2"
426,"5","1",6.48,0.648,36,"35-65",11,99,1673,11,32976,114,"rural",9766,"particular","turismo","diesel","M","negro","casado","anual",1,1,"superior","presencial",1,3,0,3,3.623,1,10,0,"fin_estudio",5803.48,5803.48,1,"1","1"
427,"5","1",6.304,0.6304,43,"35-65",12,157,2556,8,22506,191,"mixta",31257,"particular","turismo","diesel","M","rojo","soltero","anual",0,1,"basico","telefonico",0,6,0,2,6.304,0,6.304,1,"baja",0,NA,0,"4","3"
428,"5","1",4.12,0.412,73,"65+",54,122,1493,0,30555,530,"mixta",24496,"particular","turismo","diesel","M","blanco","otro","anual",0,1,"medio","telematico",1,3,0,1,1.134,1,4.12,1,"baja",939.12,939.12,1,"3","2"
429,"5","1",1.506,0.1506,45,"35-65",26,146,2014,2,28401,400,"mixta",15957,"particular","turismo","diesel","M","negro","otro","anual",0,1,"superior","presencial",1,0,0,2,0.559,1,1.506,1,"baja",5508.91,5508.91,1,"4","3"
430,"5","1",7.981,0.7981,49,"35-65",24,92,1554,16,39635,796,"mixta",6495,"particular","furgoneta","gasolina","H","blanco","casado","anual",1,1,"superior","telefonico",2,1,0,4,0.224,1,10,0,"fin_estudio",4748.55,2374.28,1,"3","2"
431,"5","1",1.314,0.1314,62,"35-65",22,111,1855,8,27711,434,"mixta",6258,"particular","turismo","diesel","H","gris","casado","anual",0,1,"medio","presencial",0,0,0,2,1.314,0,1.314,1,"baja",0,NA,0,"1","1"
432,"5","1",4.042,0.4042,54,"35-65",28,70,857,11,32695,115,"rural",21718,"particular","turismo","diesel","M","negro","casado","mensual",1,1,"basico","presencial",0,0,0,2,4.042,0,10,0,"fin_estudio",0,NA,0,"2","1"
433,"5","1",9.954,0.9954,57,"35-65",23,55,867,8,20174,129,"rural",11324,"particular","turismo","diesel","H","gris","soltero","mensual",1,1,"basico","telematico",1,2,0,3,6.821,1,10,0,"fin_estudio",614.92,614.92,1,"1","1"
434,"5","1",8.547,0.8547,28,"25-35",7,103,1289,10,29579,321,"mixta",12235,"particular","turismo","gasolina","M","rojo","soltero","mensual",0,1,"superior","presencial",2,4,0,6,3.434,1,10,0,"fin_estudio",3650.77,1825.39,1,"2","1"
435,"5","1",2.993,0.2993,45,"35-65",27,100,1411,12,29498,198,"mixta",6937,"particular","turismo","gasolina","H","rojo","otro","mensual",0,1,"basico","presencial",0,0,0,1,2.993,0,6.649,0,"fin_estudio",0,NA,0,"5","5"
436,"5","1",5.492,0.5492,35,"25-35",8,139,2358,14,23948,314,"mixta",10429,"particular","moto","gasolina","H","blanco","soltero","anual",0,1,"medio","telefonico",0,2,1,1,5.492,0,8.809,0,"fin_estudio",0,NA,0,"1","1"
437,"5","1",2.095,0.2095,35,"25-35",7,137,1950,7,45394,33,"rural",15054,"particular","turismo","diesel","M","otro","otro","mensual",0,1,"superior","telematico",0,0,0,0,2.095,0,2.095,1,"baja",0,NA,0,"1","1"
438,"5","1",4.372,0.4372,46,"35-65",19,72,1190,10,19289,300,"mixta",7777,"particular","turismo","diesel","M","otro","casado","anual",1,1,"superior","telefonico",0,2,0,3,4.372,0,5.398,0,"fin_estudio",0,NA,0,"1","1"
439,"5","1",3.519,0.3519,43,"35-65",21,88,1158,0,5185,3103,"urbana",5241,"particular","turismo","diesel","H","otro","soltero","mensual",0,2,"superior","telefonico",1,1,0,1,2.863,1,3.646,0,"fin_estudio",1018.96,1018.96,1,"2","2"
440,"5","1",7.869,0.7869,38,"35-65",10,89,1134,7,32486,231,"mixta",11019,"particular","moto","diesel","H","rojo","otro","mensual",1,3,"basico","presencial",1,0,0,4,4.895,1,8.241,0,"fin_estudio",617.71,617.71,1,"2","1"
441,"5","1",1.154,0.1154,34,"25-35",7,161,2064,1,14079,393,"mixta",35523,"particular","turismo","diesel","M","rojo","soltero","anual",0,1,"basico","presencial",1,2,0,1,0.238,1,2.708,0,"fin_estudio",1230.35,1230.35,1,"3","2"
442,"5","1",1.81,0.181,51,"35-65",22,121,2080,7,27869,115,"rural",9458,"particular","turismo","gasolina","H","rojo","soltero","anual",1,2,"medio","presencial",0,1,0,4,1.81,0,1.81,1,"baja",0,NA,0,"2","1"
443,"5","1",0.964,0.0964,18,"18-25",0,140,2350,12,39301,72,"rural",15186,"particular","turismo","diesel","H","negro","casado","anual",1,1,"superior","telematico",0,2,0,0,0.964,0,0.964,1,"baja",0,NA,0,"4","4"
444,"5","1",6.703,0.6703,55,"35-65",33,132,1784,12,23553,222,"mixta",8826,"particular","turismo","diesel","M","gris","casado","mensual",1,2,"medio","presencial",0,3,0,0,6.703,0,8.365,0,"fin_estudio",0,NA,0,"1","1"
445,"5","1",8.078,0.8078,41,"35-65",15,151,2579,10,23210,36,"rural",16340,"particular","turismo","diesel","M","rojo","casado","anual",0,1,"superior","presencial",1,8,0,2,7.739,1,8.078,1,"baja",2035.57,2035.57,1,"2","2"
446,"5","1",2.282,0.2282,58,"35-65",19,93,1616,9,28831,560,"mixta",17728,"comercial","moto","gasolina","H","gris","soltero","anual",0,2,"medio","telematico",2,2,0,1,0.095,1,5.399,0,"fin_estudio",5413.57,2706.78,1,"5","4"
447,"5","1",1.903,0.1903,56,"35-65",19,166,2589,6,30541,174,"mixta",7194,"particular","furgoneta","diesel","H","blanco","otro","anual",0,1,"medio","telefonico",0,0,1,1,1.903,0,10,0,"fin_estudio",0,NA,0,"4","3"
448,"5","1",0.946,0.0946,54,"35-65",26,88,1243,5,25849,134,"rural",16249,"particular","turismo","diesel","M","negro","otro","anual",0,3,"superior","presencial",0,0,0,0,0.946,0,0.946,1,"baja",0,NA,0,"1","1"
449,"5","1",8.059,0.8059,43,"35-65",14,107,1604,3,7228,2783,"urbana",5176,"particular","turismo","gasolina","H","otro","casado","mensual",0,1,"superior","presencial",0,0,0,4,8.059,0,10,0,"fin_estudio",0,NA,0,"1","1"
450,"5","1",7.657,0.7657,63,"35-65",39,172,3009,2,22688,158,"mixta",18893,"particular","turismo","diesel","H","blanco","otro","mensual",0,1,"medio","presencial",0,4,3,0,7.657,0,10,0,"fin_estudio",0,NA,0,"1","1"
451,"5","1",2.522,0.2522,46,"35-65",24,118,1587,6,21110,546,"mixta",23863,"particular","turismo","diesel","H","otro","casado","anual",1,1,"superior","presencial",0,1,0,0,2.522,0,2.522,1,"baja",0,NA,0,"3","3"
452,"5","1",6.115,0.6115,18,"18-25",0,82,1183,7,5302,460,"mixta",31130,"particular","turismo","diesel","H","blanco","otro","anual",0,1,"medio","presencial",10,6,0,3,0.128,1,10,0,"fin_estudio",9343.23,934.32,1,"5","4"
453,"5","1",6.457,0.6457,41,"35-65",18,144,2354,12,28238,100,"rural",15979,"comercial","turismo","diesel","H","blanco","otro","anual",1,1,"basico","telefonico",0,2,1,1,6.457,0,6.457,1,"baja",0,NA,0,"1","1"
454,"5","1",1.249,0.1249,45,"35-65",10,90,1380,7,25323,216,"mixta",13025,"particular","turismo","diesel","H","rojo","casado","anual",1,2,"superior","presencial",0,0,0,0,1.249,0,4.868,0,"fin_estudio",0,NA,0,"2","2"
455,"5","1",1.297,0.1297,36,"35-65",17,166,2688,8,30746,229,"mixta",9960,"particular","furgoneta","diesel","M","rojo","soltero","mensual",1,1,"basico","telematico",0,0,0,0,1.297,0,1.297,1,"baja",0,NA,0,"2","1"
456,"5","1",4.402,0.4402,35,"25-35",12,55,800,5,40241,63,"rural",14144,"comercial","turismo","gasolina","M","otro","casado","mensual",1,1,"medio","telematico",0,4,0,1,4.402,0,10,0,"fin_estudio",0,NA,0,"1","1"
457,"5","1",3.552,0.3552,28,"25-35",5,75,1070,0,14156,51,"rural",14745,"particular","turismo","diesel","H","blanco","casado","anual",0,2,"basico","presencial",0,1,0,1,3.552,0,6.614,0,"fin_estudio",0,NA,0,"1","1"
458,"5","1",7.801,0.7801,46,"35-65",15,55,810,0,13008,82,"rural",10294,"particular","turismo","diesel","H","gris","casado","anual",0,2,"basico","telefonico",0,3,0,4,7.801,0,10,0,"fin_estudio",0,NA,0,"1","1"
459,"5","1",7.039,0.7039,54,"35-65",13,66,1143,8,44165,262,"mixta",17921,"particular","furgoneta","gasolina","M","negro","casado","anual",0,1,"basico","presencial",1,6,0,1,3.029,1,7.039,1,"baja",1041.08,1041.08,1,"1","1"
460,"5","1",6.253,0.6253,38,"35-65",15,107,1406,15,8602,146,"rural",8676,"particular","turismo","gasolina","H","rojo","soltero","anual",0,1,"basico","telematico",0,3,0,5,6.253,0,6.615,0,"fin_estudio",0,NA,0,"1","1"
461,"5","1",9.804,0.9804,31,"25-35",10,55,952,7,25396,977,"mixta",8543,"particular","turismo","gasolina","H","negro","casado","anual",0,1,"superior","presencial",0,0,0,8,9.804,0,10,0,"fin_estudio",0,NA,0,"1","1"
462,"5","1",3.019,0.3019,58,"35-65",26,122,1490,4,27715,15,"rural",9749,"particular","furgoneta","diesel","H","rojo","soltero","anual",0,2,"medio","telefonico",0,0,0,1,3.019,0,3.019,1,"baja",0,NA,0,"1","1"
463,"5","1",4.758,0.4758,45,"35-65",16,174,3025,7,28983,688,"mixta",9173,"particular","turismo","gasolina","M","blanco","casado","mensual",0,1,"superior","presencial",0,0,0,2,4.758,0,10,0,"fin_estudio",0,NA,0,"3","3"
464,"5","1",4.643,0.4643,34,"25-35",12,93,1300,7,40321,88,"rural",20535,"particular","turismo","gasolina","M","gris","soltero","anual",1,2,"basico","presencial",0,3,0,3,4.643,0,4.643,1,"baja",0,NA,0,"1","1"
465,"5","1",6.959,0.6959,64,"35-65",41,185,2452,4,38937,224,"mixta",23903,"particular","turismo","gasolina","M","rojo","casado","mensual",0,1,"medio","telefonico",0,5,1,2,6.959,0,10,0,"fin_estudio",0,NA,0,"1","1"
466,"5","1",9.836,0.9836,47,"35-65",23,102,1569,14,31453,2073,"urbana",17777,"comercial","turismo","diesel","M","gris","soltero","anual",0,2,"medio","telefonico",2,4,1,6,5.226,1,10,0,"fin_estudio",2291.64,1145.82,1,"3","4"
467,"5","1",7.053,0.7053,45,"35-65",10,178,2506,9,25017,283,"mixta",6341,"comercial","turismo","gasolina","H","negro","soltero","mensual",0,2,"superior","telefonico",1,5,0,4,2.598,1,10,0,"fin_estudio",2003.9,2003.9,1,"1","1"
468,"5","1",3.192,0.3192,18,"18-25",0,115,1892,4,34569,277,"mixta",10328,"particular","turismo","diesel","H","gris","casado","mensual",0,1,"superior","telematico",0,0,1,1,3.192,0,3.192,1,"baja",0,NA,0,"1","1"
469,"5","1",8.766,0.8766,49,"35-65",19,173,2294,15,14464,41,"rural",9999,"particular","turismo","gasolina","M","blanco","casado","mensual",0,1,"superior","presencial",0,2,1,3,8.766,0,10,0,"fin_estudio",0,NA,0,"1","1"
470,"5","1",3.093,0.3093,54,"35-65",19,129,2142,6,28780,247,"mixta",8794,"particular","turismo","gasolina","H","otro","otro","mensual",0,2,"medio","presencial",0,1,2,3,3.093,0,10,0,"fin_estudio",0,NA,0,"4","3"
471,"5","1",5.26,0.526,45,"35-65",15,185,2799,3,29141,122,"rural",21238,"particular","turismo","gasolina","H","negro","casado","anual",0,1,"medio","presencial",3,2,0,2,0.289,1,8.032,0,"fin_estudio",13035.55,4345.18,1,"5","5"
472,"5","1",3.887,0.3887,48,"35-65",18,75,1086,16,20352,484,"mixta",25857,"particular","moto","diesel","M","blanco","casado","mensual",0,1,"basico","telefonico",1,1,0,1,2.187,1,3.887,1,"baja",3474.92,3474.92,1,"2","1"
473,"5","1",7.246,0.7246,18,"18-25",0,137,1766,0,15666,86,"rural",6369,"particular","furgoneta","gasolina","M","gris","casado","mensual",0,2,"basico","presencial",1,4,4,4,4.166,1,10,0,"fin_estudio",2601.7,2601.7,1,"1","1"
474,"5","1",1.538,0.1538,35,"25-35",15,146,2538,10,30633,118,"rural",2693,"particular","moto","diesel","H","otro","casado","mensual",0,1,"basico","presencial",0,0,0,3,1.538,0,10,0,"fin_estudio",0,NA,0,"3","3"
475,"5","1",8.773,0.8773,42,"35-65",19,112,1651,9,37736,175,"mixta",8692,"particular","moto","diesel","H","otro","soltero","anual",0,1,"medio","presencial",0,4,0,2,8.773,0,8.773,1,"baja",0,NA,0,"1","1"
476,"5","1",8.75,0.875,50,"35-65",12,164,2444,12,26963,63,"rural",18787,"particular","turismo","diesel","M","rojo","casado","anual",0,1,"superior","presencial",1,6,2,2,6.466,1,10,0,"fin_estudio",3043.24,3043.24,1,"1","1"
477,"5","1",3.17,0.317,32,"25-35",5,122,1792,14,28770,327,"mixta",16364,"particular","turismo","diesel","H","gris","otro","anual",0,1,"basico","presencial",0,1,1,3,3.17,0,5.481,0,"fin_estudio",0,NA,0,"1","1"
478,"5","1",1.871,0.1871,51,"35-65",28,73,1208,4,23213,411,"mixta",25440,"comercial","turismo","diesel","M","gris","soltero","anual",0,1,"superior","presencial",1,1,0,0,0.397,1,5.544,0,"fin_estudio",1266.73,1266.73,1,"4","3"
479,"5","1",2.196,0.2196,46,"35-65",11,100,1428,6,42762,1310,"urbana",25084,"particular","turismo","diesel","M","rojo","casado","anual",0,1,"medio","telefonico",1,2,0,1,2.196,1,6.882,0,"fin_estudio",843.46,843.46,1,"1","2"
480,"5","1",1.523,0.1523,27,"25-35",4,66,887,4,36789,514,"mixta",8019,"comercial","turismo","diesel","H","rojo","casado","anual",1,1,"basico","telematico",0,1,0,0,1.523,0,1.824,0,"fin_estudio",0,NA,0,"2","2"
481,"5","1",0.963,0.0963,21,"18-25",2,205,3285,6,37434,263,"mixta",15663,"particular","turismo","gasolina","M","otro","soltero","anual",1,1,"superior","presencial",1,0,0,1,0.754,1,0.963,1,"baja",19933.48,19933.48,1,"4","4"
482,"5","1",2.504,0.2504,34,"25-35",9,153,1946,7,21142,503,"mixta",28007,"particular","moto","gasolina","H","negro","casado","anual",0,1,"medio","presencial",0,2,0,1,2.504,0,10,0,"fin_estudio",0,NA,0,"1","1"
483,"5","1",1.937,0.1937,63,"35-65",28,120,1472,4,24076,478,"mixta",18788,"particular","turismo","gasolina","H","rojo","soltero","anual",0,2,"superior","presencial",2,3,0,1,1.159,1,2.56,0,"fin_estudio",5369.76,2684.88,1,"4","5"
484,"5","1",7.301,0.7301,45,"35-65",25,100,1214,0,30911,188,"mixta",21785,"particular","turismo","diesel","M","rojo","soltero","anual",1,1,"medio","telefonico",0,3,0,2,7.301,0,8.312,0,"fin_estudio",0,NA,0,"1","1"
485,"5","1",4.406,0.4406,46,"35-65",14,146,2035,8,19835,91,"rural",11090,"particular","turismo","gasolina","M","gris","casado","anual",0,1,"basico","presencial",0,4,0,3,4.406,0,4.406,0,"fin_estudio",0,NA,0,"1","1"
486,"5","1",1.576,0.1576,42,"35-65",13,141,2466,12,12528,682,"mixta",11738,"particular","turismo","gasolina","H","gris","soltero","anual",0,1,"superior","presencial",0,0,1,2,1.576,0,1.576,1,"baja",0,NA,0,"3","2"
487,"5","1",6.125,0.6125,42,"35-65",18,70,925,7,20709,54,"rural",9403,"particular","turismo","diesel","M","blanco","casado","mensual",0,1,"medio","telematico",0,2,0,4,6.125,0,10,0,"fin_estudio",0,NA,0,"1","1"
488,"5","1",5.226,0.5226,44,"35-65",19,174,2133,7,19702,194,"mixta",7397,"particular","turismo","diesel","M","negro","casado","anual",1,2,"superior","telematico",0,1,0,3,5.226,0,10,0,"fin_estudio",0,NA,0,"1","1"
489,"5","1",1.407,0.1407,32,"25-35",9,130,1641,15,30236,36,"rural",10673,"comercial","furgoneta","diesel","M","gris","soltero","anual",1,1,"medio","telefonico",0,0,0,1,1.407,0,1.407,1,"baja",0,NA,0,"3","2"
490,"5","1",1.902,0.1902,39,"35-65",10,81,1286,9,16804,253,"mixta",7611,"particular","moto","gasolina","H","gris","casado","anual",0,1,"medio","presencial",0,0,0,0,1.902,0,1.902,1,"baja",0,NA,0,"1","1"
491,"5","1",3.888,0.3888,36,"35-65",14,77,1328,5,32681,64,"rural",13377,"particular","turismo","gasolina","H","rojo","soltero","anual",0,1,"basico","presencial",0,0,0,2,3.888,0,10,0,"fin_estudio",0,NA,0,"1","1"
492,"5","1",9.407,0.9407,40,"35-65",15,78,1244,2,22462,60,"rural",11101,"particular","turismo","gasolina","M","otro","casado","anual",1,1,"superior","presencial",1,4,0,0,0.972,1,10,0,"fin_estudio",1697.78,1697.78,1,"1","1"
493,"5","1",1.73,0.173,34,"25-35",12,57,802,8,25099,206,"mixta",11268,"comercial","turismo","gasolina","H","negro","soltero","mensual",0,1,"superior","presencial",0,0,0,0,1.73,0,9.762,0,"fin_estudio",0,NA,0,"3","3"
494,"6","2",6.383,0.6383,33,"25-35",7,100,1212,16,15529,726,"mixta",13240,"comercial","turismo","gasolina","M","gris","otro","anual",1,2,"medio","presencial",1,6,0,12,6.08,1,10,0,"fin_estudio",487.09,487.09,1,"1","2"
495,"6","2",2.557,0.2557,18,"18-25",0,117,1419,8,20333,147,"rural",21098,"particular","turismo","gasolina","H","negro","soltero","anual",0,2,"medio","telefonico",0,1,0,3,2.557,0,2.557,1,"baja",0,NA,0,"3","2"
496,"6","2",6.359,0.6359,42,"35-65",14,161,2158,6,28029,213,"mixta",7821,"particular","moto","diesel","H","negro","soltero","anual",1,1,"basico","telematico",1,1,0,11,2.121,1,8.007,0,"fin_estudio",8793.34,8793.34,1,"2","1"
497,"6","2",1.918,0.1918,61,"35-65",26,214,2959,10,12402,363,"mixta",16757,"particular","turismo","diesel","M","gris","soltero","anual",1,1,"medio","presencial",0,0,0,2,1.918,0,10,0,"fin_estudio",0,NA,0,"1","1"
498,"6","2",4.805,0.4805,61,"35-65",22,55,932,4,22371,435,"mixta",13611,"particular","turismo","gasolina","H","gris","casado","mensual",1,1,"basico","presencial",0,0,0,7,4.805,0,10,0,"fin_estudio",0,NA,0,"4","3"
499,"6","2",5.228,0.5228,27,"25-35",4,169,2825,8,37455,394,"mixta",15836,"particular","turismo","gasolina","H","negro","soltero","anual",1,1,"basico","telefonico",0,1,1,9,5.228,0,5.228,1,"baja",0,NA,0,"1","1"
500,"6","2",4.216,0.4216,68,"65+",49,131,1837,3,29111,265,"mixta",15947,"particular","turismo","diesel","H","rojo","otro","mensual",1,2,"medio","presencial",0,2,0,1,4.216,0,4.216,1,"baja",0,NA,0,"1","1"
501,"6","2",8.324,0.8324,56,"35-65",22,135,1987,11,7852,835,"mixta",8951,"particular","turismo","diesel","M","gris","casado","mensual",0,1,"medio","presencial",0,1,0,7,8.324,0,8.324,1,"baja",0,NA,0,"1","1"
502,"6","2",8.07,0.807,65,"35-65",41,123,1803,16,20713,114,"rural",10574,"particular","furgoneta","diesel","M","gris","otro","mensual",0,1,"superior","telematico",0,3,1,11,8.07,0,8.07,1,"baja",0,NA,0,"1","1"
503,"6","2",7.829,0.7829,64,"35-65",18,93,1393,12,35524,552,"mixta",13961,"particular","turismo","gasolina","M","otro","casado","mensual",0,2,"basico","telefonico",1,2,1,14,1.942,1,10,0,"fin_estudio",477.61,477.61,1,"2","2"
504,"6","2",1.056,0.1056,55,"35-65",17,108,1538,9,14712,89,"rural",5896,"particular","turismo","diesel","M","gris","otro","anual",1,1,"medio","presencial",0,0,0,2,1.056,0,1.056,1,"baja",0,NA,0,"3","3"
505,"6","2",4.207,0.4207,60,"35-65",33,118,1681,6,31270,2244,"urbana",11165,"particular","furgoneta","diesel","H","blanco","soltero","mensual",0,1,"medio","telefonico",4,0,1,1,0.398,1,4.207,1,"baja",7192.75,1798.19,1,"5","4"
506,"6","2",4.59,0.459,69,"65+",28,131,2315,11,29178,417,"mixta",12144,"particular","furgoneta","diesel","H","otro","soltero","anual",0,1,"medio","presencial",0,1,0,9,4.59,0,4.59,1,"baja",0,NA,0,"3","3"
507,"6","2",4.25,0.425,47,"35-65",19,95,1264,16,8424,264,"mixta",21260,"particular","moto","diesel","H","blanco","soltero","anual",1,1,"superior","presencial",2,1,1,4,0.379,1,4.25,1,"baja",3661.89,1830.94,1,"5","5"
508,"6","2",1.363,0.1363,57,"35-65",39,169,3008,18,24324,101,"rural",14079,"particular","turismo","diesel","M","rojo","casado","mensual",1,4,"medio","telefonico",0,0,0,1,1.363,0,10,0,"fin_estudio",0,NA,0,"2","2"
509,"6","2",9.084,0.9084,39,"35-65",19,55,834,15,10453,58,"rural",6205,"particular","moto","gasolina","H","otro","casado","anual",1,2,"basico","presencial",0,2,0,8,9.084,0,10,0,"fin_estudio",0,NA,0,"1","1"
510,"6","2",1.435,0.1435,43,"35-65",13,57,868,4,16023,196,"mixta",6181,"comercial","turismo","diesel","M","blanco","otro","anual",0,1,"medio","presencial",0,1,0,0,1.435,0,7.837,0,"fin_estudio",0,NA,0,"1","1"
511,"6","2",3.695,0.3695,59,"35-65",28,55,800,8,20730,108,"rural",12931,"particular","furgoneta","gasolina","M","negro","casado","anual",0,2,"basico","telematico",0,1,0,0,3.695,0,10,0,"fin_estudio",0,NA,0,"2","1"
512,"6","2",6.617,0.6617,47,"35-65",26,153,1884,3,25296,472,"mixta",16540,"particular","turismo","gasolina","H","blanco","casado","anual",0,2,"basico","presencial",2,3,3,6,3.212,1,6.617,1,"baja",6440.42,3220.21,1,"3","3"
513,"6","2",6.265,0.6265,56,"35-65",24,83,1168,4,14140,112,"rural",9610,"particular","moto","diesel","H","negro","soltero","anual",0,2,"superior","presencial",0,4,1,11,6.265,0,10,0,"fin_estudio",0,NA,0,"1","1"
514,"6","2",1.906,0.1906,60,"35-65",16,141,2012,6,21889,1121,"urbana",4028,"particular","turismo","diesel","M","blanco","casado","mensual",0,2,"medio","presencial",0,1,0,6,1.906,0,1.906,1,"baja",0,NA,0,"2","2"
515,"6","2",3.318,0.3318,43,"35-65",19,88,1553,0,34806,258,"mixta",14407,"particular","turismo","diesel","M","gris","casado","anual",0,1,"basico","presencial",0,1,0,3,3.318,0,3.318,1,"baja",0,NA,0,"4","4"
516,"6","2",1.529,0.1529,22,"18-25",2,94,1171,12,10865,280,"mixta",21057,"particular","turismo","diesel","M","blanco","casado","mensual",0,3,"basico","presencial",0,0,0,0,1.529,0,1.529,1,"baja",0,NA,0,"1","1"
517,"6","2",7.721,0.7721,31,"25-35",8,155,2081,9,35428,137,"rural",10976,"particular","turismo","gasolina","M","rojo","casado","anual",0,2,"superior","telefonico",1,1,0,13,6.603,1,10,0,"fin_estudio",1409.87,1409.87,1,"2","2"
518,"6","2",2.383,0.2383,44,"35-65",10,158,2043,14,32104,242,"mixta",11960,"particular","turismo","gasolina","M","negro","soltero","anual",0,1,"medio","presencial",1,0,1,4,0.204,1,10,0,"fin_estudio",2996.52,2996.52,1,"5","5"
519,"6","2",3.192,0.3192,53,"35-65",23,131,1968,5,35469,126,"rural",15427,"particular","furgoneta","gasolina","M","gris","otro","anual",0,1,"superior","telefonico",0,2,0,6,3.192,0,3.192,1,"baja",0,NA,0,"2","2"
520,"6","2",8.786,0.8786,18,"18-25",0,95,1608,9,21196,1732,"urbana",5973,"particular","turismo","diesel","H","negro","soltero","anual",0,1,"medio","presencial",0,0,0,13,8.786,0,10,0,"fin_estudio",0,NA,0,"1","1"
521,"6","2",1.574,0.1574,50,"35-65",14,198,2514,12,42145,173,"mixta",8381,"particular","turismo","gasolina","H","negro","casado","anual",1,2,"basico","presencial",0,1,1,2,1.574,0,1.574,1,"baja",0,NA,0,"3","2"
522,"6","2",2.685,0.2685,46,"35-65",15,100,1691,12,18602,67,"rural",7073,"particular","turismo","gasolina","H","negro","casado","anual",0,1,"superior","presencial",0,2,0,3,2.685,0,2.685,1,"baja",0,NA,0,"3","3"
523,"6","2",8.604,0.8604,43,"35-65",18,136,1901,6,15862,1195,"urbana",11718,"particular","turismo","diesel","H","negro","soltero","anual",1,1,"basico","presencial",0,7,0,13,8.604,0,8.604,1,"baja",0,NA,0,"1","1"
524,"6","2",6.575,0.6575,60,"35-65",34,71,1154,12,28476,167,"mixta",12691,"particular","moto","gasolina","M","rojo","casado","anual",0,2,"medio","telefonico",0,5,0,12,6.575,0,10,0,"fin_estudio",0,NA,0,"1","1"
525,"6","2",3.494,0.3494,32,"25-35",6,95,1486,0,19694,788,"mixta",13839,"particular","furgoneta","gasolina","H","gris","casado","anual",0,1,"medio","presencial",1,2,0,7,1.72,1,10,0,"fin_estudio",2544.99,2544.99,1,"2","2"
526,"6","2",4.957,0.4957,31,"25-35",7,85,1216,6,6378,268,"mixta",18448,"comercial","turismo","diesel","H","blanco","soltero","anual",0,1,"medio","telefonico",1,2,1,4,2.022,1,10,0,"fin_estudio",355.79,355.79,1,"2","1"
527,"6","2",3.62,0.362,66,"65+",48,94,1257,4,28424,1800,"urbana",19747,"particular","turismo","diesel","M","rojo","casado","mensual",1,1,"basico","presencial",0,4,0,2,3.62,0,3.62,1,"baja",0,NA,0,"1","1"
528,"6","2",6.164,0.6164,35,"25-35",8,126,1710,13,30560,106,"rural",16871,"particular","moto","diesel","H","negro","otro","anual",0,1,"medio","presencial",2,6,0,15,0.192,1,6.164,1,"baja",3335.76,1667.88,1,"1","1"
529,"6","2",4.918,0.4918,64,"35-65",31,182,2713,11,27790,170,"mixta",15029,"comercial","moto","diesel","H","otro","casado","anual",0,1,"superior","telefonico",1,2,1,10,4.069,1,10,0,"fin_estudio",316.95,316.95,1,"1","2"
530,"6","2",9.979,0.9979,65,"35-65",32,57,800,10,7909,902,"mixta",11514,"particular","turismo","gasolina","M","rojo","casado","anual",0,2,"medio","telematico",0,4,0,8,9.979,0,10,0,"fin_estudio",0,NA,0,"1","1"
531,"6","2",1.287,0.1287,43,"35-65",21,134,2097,12,10452,699,"mixta",4153,"comercial","turismo","diesel","H","gris","otro","mensual",0,1,"medio","presencial",0,0,0,2,1.287,0,1.287,1,"baja",0,NA,0,"2","1"
532,"6","2",1.238,0.1238,40,"35-65",13,97,1648,11,25794,656,"mixta",9374,"particular","turismo","diesel","H","otro","casado","anual",0,1,"basico","presencial",0,1,0,2,1.238,0,4.201,0,"fin_estudio",0,NA,0,"2","1"
533,"6","2",1.067,0.1067,74,"65+",20,111,1776,7,27857,458,"mixta",17599,"particular","turismo","gasolina","H","blanco","casado","anual",1,2,"basico","telematico",0,0,0,1,1.067,0,1.067,1,"baja",0,NA,0,"1","1"
534,"6","2",3.356,0.3356,30,"25-35",10,107,1814,12,12205,290,"mixta",6577,"particular","turismo","gasolina","M","otro","soltero","mensual",0,2,"basico","presencial",2,1,0,2,0.96,1,3.356,1,"baja",1366.78,683.39,1,"5","4"
535,"6","2",9.743,0.9743,35,"25-35",11,109,1692,12,33189,146,"rural",8733,"particular","turismo","gasolina","H","negro","soltero","anual",0,1,"basico","presencial",0,6,0,12,9.743,0,10,0,"fin_estudio",0,NA,0,"2","2"
536,"6","2",8.739,0.8739,78,"65+",54,73,1020,4,19507,267,"mixta",10246,"particular","furgoneta","gasolina","H","blanco","casado","anual",0,1,"basico","telefonico",1,2,0,9,7.72,1,10,0,"fin_estudio",3367.33,3367.33,1,"2","2"
537,"6","2",2.015,0.2015,18,"18-25",0,101,1476,1,29205,28,"rural",6095,"particular","turismo","gasolina","H","rojo","soltero","anual",0,2,"basico","presencial",0,0,0,1,2.015,0,4.65,0,"fin_estudio",0,NA,0,"1","1"
538,"6","2",3.081,0.3081,59,"35-65",41,135,1735,7,20551,267,"mixta",11731,"particular","turismo","diesel","M","negro","casado","mensual",0,2,"basico","telematico",0,3,0,1,3.081,0,3.081,1,"baja",0,NA,0,"1","1"
539,"6","2",5.426,0.5426,38,"35-65",14,112,1447,11,10338,1242,"urbana",12532,"particular","turismo","gasolina","H","gris","soltero","anual",0,1,"medio","telefonico",0,3,0,6,5.426,0,5.426,1,"baja",0,NA,0,"1","1"
540,"6","2",7.22,0.722,46,"35-65",19,153,2262,9,36002,220,"mixta",9949,"particular","turismo","diesel","H","gris","soltero","anual",1,1,"superior","telefonico",0,0,0,7,7.22,0,10,0,"fin_estudio",0,NA,0,"2","2"
541,"6","2",9.016,0.9016,60,"35-65",40,190,3199,0,35361,145,"rural",6269,"particular","turismo","diesel","M","rojo","soltero","mensual",0,1,"superior","telefonico",0,3,0,9,9.016,0,10,0,"fin_estudio",0,NA,0,"2","2"
542,"6","2",0.458,0.0458,50,"35-65",15,68,1157,8,11984,334,"mixta",7542,"particular","moto","diesel","M","negro","otro","anual",1,2,"superior","telematico",0,1,0,0,0.458,0,0.458,1,"baja",0,NA,0,"3","3"
543,"6","2",5.316,0.5316,50,"35-65",21,100,1212,16,27265,633,"mixta",21588,"particular","moto","diesel","M","rojo","soltero","anual",0,1,"basico","telefonico",2,3,0,7,2.506,1,5.316,1,"baja",5598.05,2799.02,1,"5","4"
544,"6","2",1.844,0.1844,64,"35-65",27,55,838,7,35868,1003,"urbana",7132,"particular","turismo","diesel","M","rojo","casado","mensual",0,2,"basico","telefonico",1,0,0,1,0.858,1,1.844,1,"baja",1827.63,1827.63,1,"2","2"
545,"6","2",1.375,0.1375,28,"25-35",4,135,1882,6,34781,35,"rural",9666,"particular","turismo","diesel","M","blanco","casado","mensual",1,1,"basico","telefonico",0,0,0,0,1.375,0,9.026,0,"fin_estudio",0,NA,0,"2","2"
546,"6","2",1.662,0.1662,51,"35-65",18,120,1897,11,40582,315,"mixta",13167,"particular","turismo","diesel","H","otro","soltero","mensual",1,1,"medio","telefonico",0,0,0,3,1.662,0,4.301,0,"fin_estudio",0,NA,0,"2","2"
547,"6","2",2.777,0.2777,18,"18-25",0,147,1783,14,25753,1771,"urbana",8884,"particular","turismo","diesel","M","negro","casado","anual",1,1,"medio","telefonico",0,0,1,4,2.777,0,4.654,0,"fin_estudio",0,NA,0,"3","3"
548,"6","2",2.272,0.2272,18,"18-25",0,137,1699,10,16329,622,"mixta",7652,"comercial","moto","gasolina","H","negro","casado","mensual",1,1,"medio","telefonico",1,2,0,3,1.336,1,10,0,"fin_estudio",2888.91,2888.91,1,"2","1"
549,"6","2",5.187,0.5187,47,"35-65",20,99,1603,3,28598,241,"mixta",14998,"particular","furgoneta","gasolina","H","blanco","soltero","anual",1,1,"medio","telematico",0,1,0,2,5.187,0,10,0,"fin_estudio",0,NA,0,"3","2"
550,"6","2",2.545,0.2545,28,"25-35",7,90,1229,7,25003,402,"mixta",8275,"particular","turismo","gasolina","H","otro","soltero","mensual",1,2,"medio","presencial",0,2,0,1,2.545,0,2.545,1,"baja",0,NA,0,"1","1"
551,"6","2",5.456,0.5456,38,"35-65",19,55,843,11,7924,41,"rural",8666,"particular","turismo","diesel","H","otro","soltero","anual",0,2,"basico","presencial",0,2,0,4,5.456,0,5.456,1,"baja",0,NA,0,"1","1"
552,"6","2",1.458,0.1458,38,"35-65",9,161,2735,15,22434,369,"mixta",15168,"particular","turismo","diesel","M","otro","casado","anual",0,1,"medio","presencial",0,1,0,1,1.458,0,1.458,1,"baja",0,NA,0,"3","3"
553,"6","2",1.772,0.1772,58,"35-65",28,84,1098,11,35500,736,"mixta",11450,"particular","turismo","diesel","M","rojo","casado","mensual",0,1,"basico","presencial",0,0,0,1,1.772,0,1.772,1,"baja",0,NA,0,"1","1"
554,"6","2",0.28,0.028,42,"35-65",24,141,1726,7,11241,140,"rural",11398,"particular","turismo","diesel","M","blanco","casado","anual",1,1,"medio","presencial",0,0,0,1,0.28,0,0.28,1,"baja",0,NA,0,"1","1"
555,"6","2",1.102,0.1102,34,"25-35",13,107,1605,11,28453,136,"rural",11446,"particular","turismo","diesel","M","rojo","soltero","anual",0,1,"basico","telematico",0,1,0,1,1.102,0,2.935,0,"fin_estudio",0,NA,0,"2","2"
556,"6","2",3.11,0.311,70,"65+",50,148,1785,12,4726,741,"mixta",13265,"particular","turismo","gasolina","H","blanco","casado","mensual",0,2,"basico","presencial",0,2,0,6,3.11,0,3.11,1,"baja",0,NA,0,"1","1"
557,"6","2",2.7,0.27,18,"18-25",0,114,1966,0,24245,401,"mixta",19988,"particular","turismo","diesel","M","rojo","casado","mensual",0,1,"basico","presencial",2,1,1,8,0.321,1,10,0,"fin_estudio",13744.46,6872.23,1,"1","2"
558,"6","2",7.017,0.7017,56,"35-65",19,115,1989,4,28498,258,"mixta",19172,"comercial","turismo","diesel","M","gris","soltero","anual",0,1,"medio","presencial",3,7,0,12,1.049,1,10,0,"fin_estudio",7420.52,2473.51,1,"2","1"
559,"6","2",5.248,0.5248,75,"65+",55,131,1783,6,29397,471,"mixta",15674,"particular","moto","gasolina","H","rojo","soltero","anual",0,2,"medio","presencial",0,0,0,8,5.248,0,10,0,"fin_estudio",0,NA,0,"1","1"
560,"6","2",8.427,0.8427,38,"35-65",13,141,1945,13,10556,1028,"urbana",14556,"particular","turismo","diesel","M","otro","soltero","anual",0,1,"superior","presencial",1,4,0,11,7.287,1,10,0,"fin_estudio",1421.22,1421.22,1,"5","5"
561,"6","2",6.33,0.633,33,"25-35",9,93,1567,14,12292,461,"mixta",14691,"particular","turismo","gasolina","M","gris","soltero","anual",0,2,"basico","presencial",0,3,0,8,6.33,0,6.33,1,"baja",0,NA,0,"1","1"
562,"6","2",5.74,0.574,53,"35-65",24,101,1804,13,33542,446,"mixta",11866,"particular","turismo","gasolina","M","rojo","soltero","anual",1,3,"medio","presencial",0,1,0,6,5.74,0,5.74,1,"baja",0,NA,0,"1","1"
563,"6","2",2.432,0.2432,32,"25-35",7,69,1054,2,33663,689,"mixta",9920,"particular","turismo","gasolina","H","gris","otro","anual",1,1,"medio","presencial",0,0,0,2,2.432,0,2.432,1,"baja",0,NA,0,"2","2"
564,"6","2",3.519,0.3519,57,"35-65",17,55,821,11,27157,1224,"urbana",7912,"particular","furgoneta","diesel","H","blanco","casado","mensual",1,1,"medio","presencial",1,1,1,3,2.685,1,3.519,1,"baja",258.09,258.09,1,"4","4"
565,"6","2",6.703,0.6703,53,"35-65",32,91,1162,11,28670,141,"rural",8145,"particular","furgoneta","diesel","H","gris","casado","anual",1,2,"basico","presencial",1,1,0,6,5.351,1,6.703,1,"baja",2194.75,2194.75,1,"2","2"
566,"6","2",2.034,0.2034,34,"25-35",16,93,1562,9,31015,65,"rural",6647,"comercial","moto","diesel","H","gris","soltero","mensual",0,1,"basico","presencial",1,1,0,3,1.094,1,6.442,0,"fin_estudio",2808.15,2808.15,1,"5","5"
567,"6","2",3.718,0.3718,40,"35-65",17,103,1775,11,24318,87,"rural",5381,"particular","turismo","diesel","M","rojo","soltero","mensual",0,2,"medio","presencial",0,0,0,5,3.718,0,10,0,"fin_estudio",0,NA,0,"1","1"
568,"6","2",6.678,0.6678,44,"35-65",10,88,1174,22,21609,668,"mixta",47312,"particular","turismo","gasolina","M","otro","otro","mensual",1,1,"basico","presencial",1,9,0,5,4.813,1,7.329,0,"fin_estudio",1450.08,1450.08,1,"1","1"
569,"6","2",7.481,0.7481,52,"35-65",27,111,1612,6,25739,144,"rural",25007,"particular","turismo","diesel","H","gris","casado","mensual",0,1,"medio","presencial",1,4,0,10,2.554,1,7.481,1,"baja",644.41,644.41,1,"3","3"
570,"6","2",9.297,0.9297,18,"18-25",0,149,2389,11,15635,812,"mixta",9401,"particular","turismo","gasolina","M","rojo","otro","anual",1,1,"superior","telefonico",3,8,0,15,3.966,1,10,0,"fin_estudio",4130.77,1376.92,1,"3","2"
571,"6","2",6.312,0.6312,53,"35-65",29,155,2412,14,36852,1755,"urbana",12315,"particular","turismo","gasolina","H","blanco","soltero","anual",0,2,"basico","telefonico",7,3,0,11,2.436,1,6.312,1,"baja",36688.31,5241.19,1,"5","5"
572,"6","2",7.557,0.7557,41,"35-65",15,164,2715,9,24715,2058,"urbana",45139,"particular","furgoneta","gasolina","M","negro","otro","anual",1,3,"medio","telefonico",7,6,2,9,3.183,1,10,0,"fin_estudio",20831.76,2975.97,1,"5","5"
573,"6","2",2.269,0.2269,32,"25-35",11,129,2302,1,22460,111,"rural",7491,"particular","turismo","diesel","H","otro","soltero","mensual",1,1,"superior","telematico",0,0,0,2,2.269,0,3.619,0,"fin_estudio",0,NA,0,"1","1"
574,"6","2",3.909,0.3909,42,"35-65",16,181,3147,9,27701,530,"mixta",22886,"particular","turismo","gasolina","H","gris","otro","anual",0,2,"medio","telematico",0,4,0,4,3.909,0,3.909,1,"baja",0,NA,0,"1","1"
575,"6","2",2.206,0.2206,33,"25-35",14,112,1802,7,28647,185,"mixta",9326,"particular","turismo","diesel","H","rojo","soltero","anual",1,1,"basico","presencial",0,1,0,4,2.206,0,3.3,0,"fin_estudio",0,NA,0,"5","5"
576,"6","2",0.561,0.0561,50,"35-65",15,152,2540,13,34972,196,"mixta",9100,"comercial","turismo","diesel","H","blanco","casado","anual",0,1,"superior","presencial",0,0,0,0,0.561,0,0.561,1,"baja",0,NA,0,"3","3"
577,"6","2",7.547,0.7547,42,"35-65",24,55,802,9,36663,117,"rural",8036,"comercial","turismo","diesel","H","gris","casado","anual",0,2,"medio","telefonico",0,2,0,8,7.547,0,10,0,"fin_estudio",0,NA,0,"1","1"
578,"6","2",9.374,0.9374,39,"35-65",9,118,1700,7,7174,473,"mixta",14349,"particular","turismo","gasolina","M","negro","soltero","anual",1,1,"basico","presencial",1,8,0,8,1.929,1,10,0,"fin_estudio",357.25,357.25,1,"2","1"
579,"6","2",1.033,0.1033,32,"25-35",7,133,2046,1,27267,51,"rural",23600,"particular","turismo","gasolina","H","negro","casado","mensual",0,2,"basico","telematico",0,1,0,3,1.033,0,10,0,"fin_estudio",0,NA,0,"3","2"
580,"6","2",5.763,0.5763,28,"25-35",7,90,1519,11,30735,831,"mixta",11260,"particular","turismo","gasolina","M","otro","soltero","anual",1,1,"basico","presencial",5,1,0,8,2.444,1,10,0,"fin_estudio",12934.73,2586.95,1,"5","5"
581,"6","2",1.681,0.1681,52,"35-65",21,56,973,8,17638,429,"mixta",7033,"particular","turismo","gasolina","M","rojo","casado","anual",1,1,"medio","presencial",1,1,0,1,0.757,1,1.681,1,"baja",180.74,180.74,1,"3","2"
582,"6","2",3.527,0.3527,53,"35-65",14,171,2647,11,25474,540,"mixta",10100,"particular","turismo","gasolina","H","otro","casado","mensual",0,2,"basico","telefonico",1,1,0,4,3.089,1,3.527,1,"baja",714.46,714.46,1,"1","2"
583,"6","2",9.606,0.9606,39,"35-65",14,74,1159,5,37285,393,"mixta",16498,"particular","turismo","diesel","H","gris","soltero","anual",1,1,"superior","telematico",1,3,1,10,4.266,1,10,0,"fin_estudio",3497.7,3497.7,1,"3","3"
584,"6","2",1.466,0.1466,23,"18-25",4,118,1691,12,16480,596,"mixta",12038,"particular","turismo","diesel","H","otro","casado","mensual",1,4,"medio","telefonico",4,1,0,2,0.172,1,1.466,1,"baja",7389.63,1847.41,1,"5","4"
585,"6","2",2.871,0.2871,49,"35-65",13,134,1777,6,30640,48,"rural",9956,"particular","turismo","gasolina","M","rojo","soltero","anual",0,2,"medio","telefonico",0,1,0,3,2.871,0,2.871,1,"baja",0,NA,0,"5","5"
586,"6","2",3.253,0.3253,54,"35-65",16,103,1469,2,24814,496,"mixta",3544,"particular","turismo","gasolina","M","otro","casado","anual",1,1,"superior","telefonico",0,1,0,8,3.253,0,3.253,1,"baja",0,NA,0,"1","1"
587,"6","2",3.326,0.3326,78,"65+",40,84,1385,10,36616,671,"mixta",9156,"comercial","turismo","gasolina","M","negro","otro","anual",0,1,"medio","presencial",2,0,1,9,0.847,1,7.396,0,"fin_estudio",2472.04,1236.02,1,"4","5"
588,"6","2",5.467,0.5467,54,"35-65",29,153,2155,7,30947,75,"rural",17522,"particular","turismo","gasolina","H","blanco","casado","anual",1,1,"basico","presencial",1,2,0,9,3.034,1,6.255,0,"fin_estudio",739.78,739.78,1,"2","1"
589,"6","2",4.624,0.4624,21,"18-25",2,98,1374,12,26689,1284,"urbana",11942,"comercial","turismo","diesel","H","rojo","casado","anual",0,1,"medio","telefonico",5,5,0,7,0.186,1,4.624,1,"baja",5872.74,1174.55,1,"4","4"
590,"7","2",4.408,0.4408,35,"25-35",7,87,1419,12,25803,892,"mixta",7954,"particular","turismo","diesel","H","otro","soltero","mensual",0,2,"basico","telefonico",0,4,0,5,4.408,0,4.408,1,"baja",0,NA,0,"1","1"
591,"7","2",3.751,0.3751,73,"65+",20,179,2440,6,23657,370,"mixta",6939,"particular","moto","diesel","M","otro","casado","anual",1,1,"medio","presencial",1,1,0,4,0.724,1,6.99,0,"fin_estudio",3399.72,3399.72,1,"4","4"
592,"7","2",9.305,0.9305,52,"35-65",28,72,969,9,33175,15,"rural",9623,"particular","turismo","gasolina","H","rojo","casado","anual",0,1,"basico","telefonico",0,4,1,7,9.305,0,10,0,"fin_estudio",0,NA,0,"1","1"
593,"7","2",3.407,0.3407,39,"35-65",13,55,881,8,25646,655,"mixta",8268,"particular","turismo","diesel","H","blanco","otro","anual",1,1,"superior","presencial",0,1,0,2,3.407,0,10,0,"fin_estudio",0,NA,0,"1","1"
594,"7","2",5.425,0.5425,35,"25-35",14,163,2265,10,39252,787,"mixta",20922,"comercial","turismo","diesel","M","gris","casado","anual",1,1,"medio","presencial",1,8,1,7,1.212,1,8.569,0,"fin_estudio",1120.2,1120.2,1,"4","3"
595,"7","2",3.481,0.3481,49,"35-65",23,144,1779,6,28624,255,"mixta",2971,"particular","turismo","diesel","M","negro","otro","mensual",0,1,"medio","telefonico",0,1,1,3,3.481,0,3.481,1,"baja",0,NA,0,"4","3"
596,"7","2",4.876,0.4876,51,"35-65",21,95,1573,9,24449,991,"mixta",15693,"particular","turismo","gasolina","H","otro","otro","mensual",0,1,"superior","presencial",2,0,0,2,3.739,1,4.876,1,"baja",2583.74,1291.87,1,"4","4"
597,"7","2",8.86,0.886,37,"35-65",14,157,2245,17,31561,116,"rural",6145,"particular","turismo","gasolina","M","negro","soltero","mensual",0,1,"medio","presencial",0,0,0,6,8.86,0,8.86,1,"baja",0,NA,0,"1","1"
598,"7","2",3.694,0.3694,71,"65+",43,80,1099,7,30167,163,"mixta",6588,"comercial","moto","gasolina","H","blanco","casado","mensual",1,1,"basico","presencial",0,1,0,2,3.694,0,3.694,1,"baja",0,NA,0,"1","1"
599,"7","2",2.23,0.223,59,"35-65",41,115,1481,15,28758,621,"mixta",16940,"comercial","furgoneta","gasolina","H","otro","casado","mensual",1,3,"medio","presencial",1,0,0,2,0.204,1,3.033,0,"fin_estudio",5058.38,5058.38,1,"2","1"
600,"7","2",2.8,0.28,43,"35-65",22,80,1099,1,21705,154,"mixta",25538,"particular","moto","gasolina","H","blanco","casado","mensual",1,1,"medio","presencial",0,1,0,1,2.8,0,2.8,1,"baja",0,NA,0,"2","1"
601,"7","2",1.668,0.1668,44,"35-65",13,69,964,11,8317,413,"mixta",13983,"particular","turismo","gasolina","M","rojo","soltero","mensual",0,2,"basico","presencial",1,0,0,2,0.336,1,1.746,0,"fin_estudio",556.94,556.94,1,"4","4"
602,"7","2",6.668,0.6668,44,"35-65",20,168,2551,10,19970,2144,"urbana",19431,"particular","turismo","gasolina","H","negro","soltero","mensual",1,1,"basico","telefonico",3,1,0,3,4.293,1,8.734,0,"fin_estudio",5756.97,1918.99,1,"4","3"
603,"7","2",4.784,0.4784,56,"35-65",18,84,1221,17,20421,361,"mixta",24192,"comercial","turismo","diesel","M","negro","casado","mensual",0,1,"medio","presencial",1,3,0,3,0.487,1,10,0,"fin_estudio",72.47,72.47,1,"4","3"
604,"7","2",2.086,0.2086,41,"35-65",10,134,1639,9,17132,131,"rural",25956,"particular","turismo","gasolina","H","otro","otro","anual",1,2,"superior","telefonico",1,0,0,3,0.647,1,2.086,1,"baja",393.56,393.56,1,"5","5"
605,"7","2",2.674,0.2674,43,"35-65",14,133,1673,16,24557,362,"mixta",9975,"particular","moto","diesel","H","negro","casado","anual",0,1,"basico","telefonico",1,0,0,2,0.103,1,2.674,1,"baja",4238.28,4238.28,1,"4","3"
606,"7","2",1.848,0.1848,54,"35-65",23,123,1565,5,38158,1061,"urbana",13511,"particular","turismo","gasolina","H","blanco","otro","mensual",0,1,"medio","presencial",0,0,0,3,1.848,0,4.212,0,"fin_estudio",0,NA,0,"2","1"
607,"7","2",0.518,0.0518,23,"18-25",3,122,2110,7,27567,169,"mixta",10460,"comercial","furgoneta","diesel","M","otro","soltero","anual",1,3,"superior","telematico",0,0,0,1,0.518,0,0.518,1,"baja",0,NA,0,"1","1"
608,"7","2",4.123,0.4123,48,"35-65",21,128,2117,10,26059,531,"mixta",5272,"particular","furgoneta","diesel","M","blanco","soltero","anual",0,1,"medio","telefonico",0,0,0,2,4.123,0,10,0,"fin_estudio",0,NA,0,"2","2"
609,"7","2",8.773,0.8773,46,"35-65",10,97,1497,17,42237,66,"rural",5800,"comercial","turismo","gasolina","M","blanco","otro","mensual",0,2,"medio","telematico",0,0,3,15,8.773,0,10,0,"fin_estudio",0,NA,0,"1","1"
610,"7","2",8.09,0.809,49,"35-65",13,119,1509,11,16231,147,"rural",6772,"particular","turismo","diesel","H","blanco","casado","anual",0,1,"medio","presencial",0,4,0,12,8.09,0,10,0,"fin_estudio",0,NA,0,"1","1"
611,"7","2",0.978,0.0978,31,"25-35",11,121,1678,8,21284,87,"rural",6982,"comercial","furgoneta","diesel","M","blanco","casado","mensual",0,2,"basico","telefonico",0,0,0,1,0.978,0,0.978,1,"baja",0,NA,0,"5","5"
612,"7","2",4.869,0.4869,55,"35-65",28,111,1736,10,31374,603,"mixta",4518,"comercial","turismo","gasolina","H","blanco","soltero","anual",0,1,"basico","presencial",0,2,0,3,4.869,0,6.729,0,"fin_estudio",0,NA,0,"1","1"
613,"7","2",5.699,0.5699,34,"25-35",9,55,845,8,20084,392,"mixta",22759,"particular","turismo","gasolina","M","gris","otro","anual",0,1,"superior","presencial",0,3,0,6,5.699,0,5.699,1,"baja",0,NA,0,"1","1"
614,"7","2",9.307,0.9307,56,"35-65",23,77,1178,1,27283,647,"mixta",20427,"particular","turismo","diesel","M","otro","casado","mensual",1,2,"basico","telematico",0,5,0,8,9.307,0,10,0,"fin_estudio",0,NA,0,"1","1"
615,"7","2",3.533,0.3533,18,"18-25",0,112,1823,13,21948,1855,"urbana",9658,"particular","turismo","gasolina","M","rojo","soltero","anual",1,2,"basico","telematico",0,2,0,4,3.533,0,3.533,1,"baja",0,NA,0,"2","2"
616,"7","2",1.782,0.1782,29,"25-35",7,56,861,8,23551,381,"mixta",10735,"particular","moto","diesel","H","otro","casado","anual",1,1,"basico","presencial",0,1,0,2,1.782,0,1.782,1,"baja",0,NA,0,"5","4"
617,"7","2",3.229,0.3229,50,"35-65",27,225,2787,20,38238,145,"rural",14956,"particular","turismo","diesel","M","rojo","soltero","anual",0,1,"medio","telematico",0,1,0,2,3.229,0,3.229,1,"baja",0,NA,0,"4","3"
618,"7","2",4.543,0.4543,28,"25-35",9,135,2331,0,30181,343,"mixta",11829,"particular","turismo","diesel","M","otro","soltero","mensual",0,3,"medio","presencial",4,2,1,6,0.177,1,4.543,1,"baja",10434.44,2608.61,1,"5","5"
619,"7","2",1.815,0.1815,35,"25-35",11,125,1812,10,18678,9300,"urbana",13674,"particular","turismo","gasolina","M","gris","soltero","anual",1,4,"superior","presencial",0,0,0,1,1.815,0,3.501,0,"fin_estudio",0,NA,0,"1","1"
620,"7","2",2.674,0.2674,58,"35-65",26,95,1453,9,28257,94,"rural",15252,"particular","turismo","diesel","H","blanco","soltero","anual",0,1,"medio","presencial",0,0,0,3,2.674,0,5.356,0,"fin_estudio",0,NA,0,"1","1"
621,"7","2",6.642,0.6642,74,"65+",49,142,2226,12,34050,192,"mixta",14497,"comercial","turismo","gasolina","H","gris","casado","anual",0,1,"medio","presencial",1,6,1,10,0.383,1,7.59,0,"fin_estudio",1238.11,1238.11,1,"2","1"
622,"7","2",6.071,0.6071,44,"35-65",23,108,1637,0,25574,41,"rural",9858,"particular","turismo","diesel","M","rojo","soltero","anual",0,1,"superior","telefonico",0,4,1,5,6.071,0,10,0,"fin_estudio",0,NA,0,"1","1"
623,"7","2",1.112,0.1112,36,"35-65",11,70,1201,6,7365,500,"mixta",4609,"particular","moto","diesel","H","negro","otro","anual",1,1,"basico","presencial",0,1,0,0,1.112,0,7.152,0,"fin_estudio",0,NA,0,"3","2"
624,"7","2",4.306,0.4306,47,"35-65",15,130,2088,2,16028,76,"rural",12593,"particular","moto","diesel","M","otro","otro","anual",0,1,"superior","presencial",0,0,0,6,4.306,0,10,0,"fin_estudio",0,NA,0,"3","3"
625,"7","2",0.45,0.045,26,"25-35",5,123,2042,5,20780,824,"mixta",7928,"particular","moto","diesel","H","otro","casado","anual",0,1,"superior","presencial",0,0,0,1,0.45,0,0.45,1,"baja",0,NA,0,"1","1"
626,"7","2",1.16,0.116,33,"25-35",13,179,2407,14,21672,1971,"urbana",13305,"particular","turismo","diesel","M","otro","soltero","anual",1,1,"superior","telefonico",1,1,0,1,0.868,1,1.16,1,"baja",1831.09,1831.09,1,"4","4"
627,"7","2",2.561,0.2561,56,"35-65",37,124,1892,9,27349,1079,"urbana",11233,"particular","turismo","diesel","H","otro","soltero","anual",0,1,"superior","telematico",1,0,1,4,2.303,1,2.561,1,"baja",1517.5,1517.5,1,"4","5"
628,"7","2",6.636,0.6636,72,"65+",34,120,1834,9,13406,113,"rural",13640,"particular","furgoneta","gasolina","H","gris","otro","anual",0,1,"medio","presencial",0,4,0,4,6.636,0,10,0,"fin_estudio",0,NA,0,"1","1"
629,"7","2",5.414,0.5414,54,"35-65",34,118,1812,2,17813,3988,"urbana",26195,"particular","turismo","gasolina","H","blanco","casado","anual",0,1,"basico","telefonico",0,2,0,7,5.414,0,8.986,0,"fin_estudio",0,NA,0,"1","1"
630,"7","2",5.184,0.5184,39,"35-65",12,101,1742,9,21658,442,"mixta",10209,"particular","turismo","gasolina","M","blanco","soltero","anual",0,1,"superior","presencial",1,3,0,5,4.731,1,10,0,"fin_estudio",745.78,745.78,1,"2","1"
631,"7","2",4.895,0.4895,46,"35-65",27,112,1840,13,28599,186,"mixta",8875,"comercial","moto","diesel","H","negro","casado","anual",0,1,"medio","telematico",0,1,2,7,4.895,0,10,0,"fin_estudio",0,NA,0,"1","1"
632,"7","2",8.558,0.8558,45,"35-65",26,150,2414,0,21168,166,"mixta",10152,"particular","turismo","gasolina","H","gris","soltero","anual",0,2,"medio","presencial",1,4,3,4,3.624,1,10,0,"fin_estudio",694.85,694.85,1,"3","2"
633,"7","2",5.973,0.5973,67,"65+",30,105,1863,3,44710,496,"mixta",9531,"comercial","turismo","diesel","M","negro","casado","anual",0,2,"basico","presencial",2,1,0,6,2.843,1,10,0,"fin_estudio",7042.7,3521.35,1,"3","3"
634,"7","2",2.81,0.281,34,"25-35",15,81,1341,6,40505,414,"mixta",13266,"particular","turismo","diesel","H","otro","casado","mensual",0,1,"basico","presencial",1,0,0,2,2.375,1,10,0,"fin_estudio",2016.19,2016.19,1,"1","2"
635,"7","2",2.456,0.2456,48,"35-65",17,101,1743,7,25372,476,"mixta",9518,"particular","turismo","gasolina","H","negro","casado","anual",0,2,"medio","telefonico",0,0,0,3,2.456,0,9.246,0,"fin_estudio",0,NA,0,"4","4"
636,"7","2",4.485,0.4485,75,"65+",42,97,1373,6,24098,72,"rural",9541,"particular","turismo","gasolina","M","rojo","soltero","anual",1,1,"superior","telefonico",0,3,0,3,4.485,0,10,0,"fin_estudio",0,NA,0,"2","1"
637,"7","2",5.341,0.5341,18,"18-25",0,96,1456,14,21505,1662,"urbana",11157,"particular","turismo","diesel","M","gris","soltero","mensual",1,2,"basico","presencial",0,1,0,3,5.341,0,10,0,"fin_estudio",0,NA,0,"1","1"
638,"7","2",1.896,0.1896,52,"35-65",17,94,1197,5,24216,36,"rural",13551,"particular","turismo","gasolina","M","blanco","soltero","anual",1,1,"basico","telefonico",0,1,0,1,1.896,0,10,0,"fin_estudio",0,NA,0,"4","3"
639,"7","2",6.434,0.6434,40,"35-65",14,93,1209,10,23472,37,"rural",20873,"particular","turismo","gasolina","M","gris","soltero","anual",0,2,"medio","presencial",0,8,0,2,6.434,0,10,0,"fin_estudio",0,NA,0,"1","1"
640,"7","2",3.221,0.3221,43,"35-65",12,110,1475,4,18008,1110,"urbana",4414,"particular","turismo","gasolina","M","blanco","casado","anual",1,1,"basico","presencial",1,0,0,4,1.595,1,3.221,1,"baja",1501.42,1501.42,1,"3","2"
641,"7","2",7.648,0.7648,59,"35-65",40,120,1644,16,26272,139,"rural",12534,"particular","turismo","gasolina","H","blanco","casado","anual",1,1,"superior","presencial",0,4,1,10,7.648,0,10,0,"fin_estudio",0,NA,0,"1","1"
642,"7","2",2.044,0.2044,41,"35-65",16,102,1782,3,22104,42,"rural",15403,"particular","turismo","gasolina","M","gris","soltero","mensual",0,3,"medio","presencial",0,1,0,2,2.044,0,2.044,1,"baja",0,NA,0,"1","1"
643,"7","2",6.561,0.6561,61,"35-65",36,100,1644,2,17897,221,"mixta",10066,"comercial","turismo","diesel","M","rojo","soltero","anual",1,1,"medio","presencial",1,3,0,4,0.628,1,8.625,0,"fin_estudio",2885.93,2885.93,1,"1","1"
644,"7","2",5.103,0.5103,62,"35-65",38,110,1469,4,30953,1316,"urbana",25580,"comercial","turismo","diesel","M","negro","casado","anual",1,1,"superior","telefonico",6,1,1,6,0.037,1,5.103,1,"baja",12330.23,2055.04,1,"5","4"
645,"7","2",2.664,0.2664,37,"35-65",9,80,1314,11,30618,457,"mixta",28389,"particular","turismo","gasolina","H","otro","casado","mensual",0,1,"medio","presencial",0,3,0,3,2.664,0,5.271,0,"fin_estudio",0,NA,0,"1","1"
646,"7","2",8.92,0.892,53,"35-65",31,66,870,0,17324,231,"mixta",8852,"comercial","moto","gasolina","M","gris","casado","anual",1,2,"medio","telefonico",0,1,0,6,8.92,0,8.92,1,"baja",0,NA,0,"1","1"
647,"7","2",1.6,0.16,48,"35-65",16,112,1862,11,24805,373,"mixta",12134,"particular","turismo","diesel","M","gris","soltero","mensual",1,2,"medio","telefonico",0,2,0,1,1.6,0,1.6,1,"baja",0,NA,0,"4","3"
648,"7","2",4.466,0.4466,71,"65+",33,110,1911,1,28094,453,"mixta",9798,"particular","turismo","diesel","M","negro","otro","anual",1,1,"basico","presencial",0,1,3,4,4.466,0,4.466,1,"baja",0,NA,0,"3","3"
649,"7","2",5.187,0.5187,44,"35-65",25,145,2599,9,31890,115,"rural",11966,"particular","moto","diesel","H","negro","soltero","anual",1,1,"superior","presencial",0,2,0,9,5.187,0,10,0,"fin_estudio",0,NA,0,"4","4"
650,"7","2",3.412,0.3412,55,"35-65",15,139,1970,9,43505,748,"mixta",14029,"particular","turismo","gasolina","H","blanco","soltero","mensual",1,1,"basico","telefonico",0,1,1,6,3.412,0,10,0,"fin_estudio",0,NA,0,"1","1"
651,"7","2",9.053,0.9053,50,"35-65",31,69,1125,9,36871,83,"rural",4936,"particular","turismo","gasolina","M","negro","casado","mensual",1,1,"basico","presencial",0,3,3,9,9.053,0,10,0,"fin_estudio",0,NA,0,"1","1"
652,"7","2",5.427,0.5427,45,"35-65",16,83,1169,8,16699,44,"rural",6364,"comercial","turismo","gasolina","H","gris","casado","anual",0,1,"basico","presencial",0,0,0,5,5.427,0,8.869,0,"fin_estudio",0,NA,0,"2","1"
653,"7","2",5.755,0.5755,40,"35-65",19,138,1975,7,26386,478,"mixta",16808,"particular","turismo","gasolina","M","negro","soltero","anual",1,2,"medio","presencial",0,4,0,3,5.755,0,10,0,"fin_estudio",0,NA,0,"1","1"
654,"7","2",6.644,0.6644,38,"35-65",17,80,1415,0,18288,5072,"urbana",18243,"comercial","turismo","gasolina","H","blanco","soltero","anual",1,1,"medio","presencial",2,6,2,7,3.268,1,6.644,1,"baja",2754.56,1377.28,1,"3","2"
655,"7","2",4.608,0.4608,18,"18-25",0,103,1789,13,36797,1022,"urbana",10092,"particular","turismo","diesel","H","blanco","casado","anual",0,1,"medio","presencial",2,3,2,6,1.725,1,4.608,1,"baja",3059.63,1529.82,1,"3","2"
656,"7","2",3.032,0.3032,56,"35-65",33,114,1681,2,19965,1865,"urbana",22902,"particular","turismo","diesel","H","gris","soltero","mensual",1,1,"basico","presencial",0,2,0,9,3.032,0,10,0,"fin_estudio",0,NA,0,"1","1"
657,"7","2",3.181,0.3181,28,"25-35",6,98,1512,7,13400,89,"rural",9093,"particular","turismo","gasolina","H","otro","casado","anual",0,1,"basico","presencial",0,2,0,4,3.181,0,10,0,"fin_estudio",0,NA,0,"2","1"
658,"7","2",7.004,0.7004,70,"65+",26,122,1711,8,12038,222,"mixta",5090,"particular","moto","gasolina","M","otro","otro","anual",0,2,"superior","presencial",0,4,0,7,7.004,0,7.484,0,"fin_estudio",0,NA,0,"2","1"
659,"7","2",3.115,0.3115,34,"25-35",10,146,1859,11,30219,528,"mixta",11058,"particular","turismo","diesel","M","rojo","otro","anual",1,1,"superior","presencial",0,2,0,4,3.115,0,3.115,1,"baja",0,NA,0,"2","2"
660,"7","2",1.134,0.1134,33,"25-35",8,134,2264,14,31801,6513,"urbana",14491,"particular","moto","diesel","H","negro","casado","mensual",1,3,"medio","telematico",0,0,1,0,1.134,0,1.134,1,"baja",0,NA,0,"1","1"
661,"7","2",3.742,0.3742,56,"35-65",37,160,2821,6,21356,96,"rural",11410,"particular","turismo","gasolina","H","blanco","otro","anual",1,1,"medio","presencial",0,1,0,3,3.742,0,9.748,0,"fin_estudio",0,NA,0,"1","1"
662,"7","2",6.113,0.6113,56,"35-65",22,85,1271,15,25387,150,"rural",11840,"particular","turismo","gasolina","H","negro","casado","anual",0,2,"superior","presencial",0,8,0,4,6.113,0,10,0,"fin_estudio",0,NA,0,"1","1"
663,"7","2",0.963,0.0963,45,"35-65",13,126,1995,14,25296,804,"mixta",22441,"comercial","turismo","diesel","M","blanco","otro","anual",1,1,"basico","presencial",0,2,0,0,0.963,0,0.963,1,"baja",0,NA,0,"1","1"
664,"7","2",3.176,0.3176,46,"35-65",14,78,1033,8,12629,148,"rural",6297,"particular","turismo","gasolina","H","blanco","casado","anual",0,1,"basico","telefonico",0,1,0,1,3.176,0,3.176,1,"baja",0,NA,0,"1","1"
665,"7","2",4.945,0.4945,24,"18-25",4,99,1720,3,19619,593,"mixta",11042,"particular","turismo","gasolina","M","gris","casado","mensual",0,1,"superior","presencial",0,2,1,5,4.945,0,4.945,1,"baja",0,NA,0,"1","1"
666,"7","2",4.93,0.493,43,"35-65",18,100,1485,11,25995,268,"mixta",8502,"particular","turismo","diesel","H","gris","casado","anual",1,1,"basico","presencial",0,2,0,3,4.93,0,4.93,1,"baja",0,NA,0,"1","1"
667,"7","2",4.66,0.466,53,"35-65",18,92,1197,4,23665,198,"mixta",6627,"particular","turismo","gasolina","H","rojo","soltero","anual",0,1,"basico","telematico",0,0,0,2,4.66,0,7.381,0,"fin_estudio",0,NA,0,"1","1"
668,"7","2",1.246,0.1246,47,"35-65",29,55,870,6,29884,332,"mixta",23146,"particular","turismo","diesel","M","gris","casado","mensual",0,1,"basico","presencial",0,1,0,0,1.246,0,8.149,0,"fin_estudio",0,NA,0,"5","4"
669,"7","2",2.625,0.2625,49,"35-65",29,75,1348,14,11435,115,"rural",25449,"particular","turismo","gasolina","M","negro","soltero","anual",0,1,"medio","presencial",0,1,0,3,2.625,0,10,0,"fin_estudio",0,NA,0,"1","1"
670,"7","2",2.329,0.2329,39,"35-65",8,129,1898,3,23573,952,"mixta",6142,"particular","moto","gasolina","H","negro","casado","anual",0,1,"superior","presencial",0,0,0,0,2.329,0,2.329,1,"baja",0,NA,0,"1","1"
671,"7","2",2.158,0.2158,55,"35-65",32,55,866,8,12729,1514,"urbana",14022,"particular","turismo","diesel","H","blanco","casado","anual",0,1,"superior","presencial",0,2,0,0,2.158,0,2.92,0,"fin_estudio",0,NA,0,"3","3"
672,"7","2",2.94,0.294,39,"35-65",12,90,1443,12,29210,346,"mixta",7134,"particular","furgoneta","gasolina","H","negro","casado","anual",0,1,"superior","presencial",0,0,0,4,2.94,0,2.94,1,"baja",0,NA,0,"3","3"
673,"7","2",7.082,0.7082,71,"65+",41,96,1287,6,25662,491,"mixta",13456,"particular","turismo","gasolina","H","blanco","casado","anual",0,1,"medio","presencial",0,8,0,8,7.082,0,7.254,0,"fin_estudio",0,NA,0,"1","1"
674,"7","2",0.198,0.0198,27,"25-35",8,55,849,12,20812,606,"mixta",11624,"particular","turismo","diesel","M","rojo","soltero","anual",1,1,"medio","presencial",0,0,0,1,0.198,0,0.198,1,"baja",0,NA,0,"4","4"
675,"7","2",8.553,0.8553,46,"35-65",26,159,2001,1,16781,620,"mixta",13922,"particular","turismo","diesel","H","otro","casado","mensual",1,3,"basico","presencial",1,5,1,7,4.628,1,10,0,"fin_estudio",995.31,995.31,1,"1","1"
676,"7","2",3.408,0.3408,69,"65+",26,94,1299,0,41743,329,"mixta",10146,"particular","turismo","diesel","M","negro","casado","anual",0,2,"superior","presencial",0,1,0,5,3.408,0,3.881,0,"fin_estudio",0,NA,0,"5","4"
677,"7","2",1.671,0.1671,60,"35-65",19,79,1329,13,23962,428,"mixta",5976,"particular","turismo","gasolina","M","otro","casado","mensual",1,2,"medio","telefonico",0,1,0,3,1.671,0,1.671,1,"baja",0,NA,0,"3","2"
678,"7","2",3.481,0.3481,54,"35-65",30,132,2264,10,33670,814,"mixta",13188,"comercial","turismo","diesel","M","gris","casado","anual",0,1,"superior","telematico",0,4,0,4,3.481,0,10,0,"fin_estudio",0,NA,0,"3","2"
679,"7","2",1.038,0.1038,51,"35-65",26,99,1517,3,37022,838,"mixta",7295,"particular","turismo","diesel","M","negro","soltero","anual",0,2,"medio","telematico",0,0,0,1,1.038,0,3.107,0,"fin_estudio",0,NA,0,"3","3"
680,"7","2",2.377,0.2377,48,"35-65",24,106,1643,9,28890,27,"rural",33906,"particular","turismo","gasolina","H","otro","soltero","anual",0,2,"basico","presencial",1,1,1,0,2.138,1,10,0,"fin_estudio",1669.28,1669.28,1,"1","2"
681,"7","2",5.666,0.5666,48,"35-65",26,94,1589,17,14812,668,"mixta",15084,"particular","turismo","gasolina","H","blanco","casado","mensual",0,1,"medio","presencial",0,1,0,7,5.666,0,5.808,0,"fin_estudio",0,NA,0,"1","1"
682,"7","2",7.8,0.78,57,"35-65",15,82,1102,0,38563,43,"rural",13733,"particular","furgoneta","gasolina","H","blanco","otro","anual",0,2,"basico","presencial",0,2,0,7,7.8,0,10,0,"fin_estudio",0,NA,0,"1","1"
683,"7","2",4.858,0.4858,66,"65+",37,91,1251,14,39071,1069,"urbana",8172,"particular","turismo","gasolina","M","rojo","soltero","anual",0,2,"superior","presencial",1,2,0,7,4.032,1,10,0,"fin_estudio",824.72,824.72,1,"1","2"
684,"7","2",5.73,0.573,60,"35-65",23,153,1953,0,23047,1484,"urbana",11212,"particular","turismo","diesel","H","gris","casado","mensual",0,1,"superior","presencial",1,4,0,7,0.864,1,5.927,0,"fin_estudio",5521.66,5521.66,1,"2","2"
685,"7","2",4.132,0.4132,26,"25-35",5,99,1340,11,16032,1270,"urbana",11791,"particular","moto","diesel","H","blanco","casado","anual",1,2,"superior","presencial",1,0,0,3,3.667,1,5.308,0,"fin_estudio",717.66,717.66,1,"2","1"
686,"7","2",9.242,0.9242,27,"25-35",7,182,2880,9,39712,52,"rural",8604,"particular","moto","diesel","H","gris","casado","anual",1,1,"medio","presencial",0,6,0,15,9.242,0,10,0,"fin_estudio",0,NA,0,"1","1"
687,"7","2",1.151,0.1151,31,"25-35",7,116,1449,1,18394,126,"rural",14801,"comercial","furgoneta","gasolina","H","otro","casado","anual",0,3,"medio","presencial",1,0,1,2,0.065,1,3.383,0,"fin_estudio",257.73,257.73,1,"4","3"
688,"7","2",1.734,0.1734,39,"35-65",16,173,2191,13,39073,13,"rural",9078,"particular","moto","gasolina","H","otro","casado","mensual",1,2,"basico","presencial",0,0,0,3,1.734,0,9.654,0,"fin_estudio",0,NA,0,"3","3"
689,"7","2",8.803,0.8803,26,"25-35",4,140,2004,20,34359,205,"mixta",10963,"particular","moto","diesel","H","gris","casado","anual",0,1,"superior","telematico",0,2,0,4,8.803,0,9.703,0,"fin_estudio",0,NA,0,"1","1"
690,"8","2",2.551,0.2551,20,"18-25",1,133,1927,9,25725,4196,"urbana",6758,"particular","turismo","gasolina","H","blanco","casado","anual",1,2,"medio","telematico",4,0,0,3,0.067,1,2.551,1,"baja",10346.1,2586.52,1,"4","3"
691,"8","2",2.506,0.2506,75,"65+",47,55,980,11,24533,73,"rural",13191,"particular","moto","diesel","H","negro","casado","mensual",0,1,"medio","telefonico",0,0,0,4,2.506,0,2.506,1,"baja",0,NA,0,"3","3"
692,"8","2",6.261,0.6261,66,"65+",41,143,2055,9,36734,124,"rural",11598,"particular","turismo","diesel","M","negro","casado","anual",0,1,"basico","telematico",0,6,1,8,6.261,0,8.367,0,"fin_estudio",0,NA,0,"1","1"
693,"8","2",1.036,0.1036,78,"65+",35,124,1683,8,13407,72,"rural",11499,"particular","turismo","gasolina","H","gris","casado","mensual",1,1,"superior","telefonico",0,2,0,1,1.036,0,1.036,1,"baja",0,NA,0,"1","1"
694,"8","2",0.788,0.0788,45,"35-65",14,174,2525,14,23262,111,"rural",12978,"particular","furgoneta","gasolina","H","gris","casado","mensual",0,1,"medio","presencial",0,0,0,2,0.788,0,0.788,1,"baja",0,NA,0,"2","2"
695,"8","2",2.708,0.2708,39,"35-65",9,162,2861,8,31324,331,"mixta",6868,"particular","furgoneta","diesel","M","blanco","soltero","mensual",1,1,"basico","presencial",1,2,0,1,1.692,1,10,0,"fin_estudio",440.47,440.47,1,"5","4"
696,"8","2",2.848,0.2848,68,"65+",30,109,1312,10,25536,319,"mixta",10455,"particular","furgoneta","diesel","M","gris","casado","anual",0,1,"medio","telematico",0,1,0,1,2.848,0,2.848,1,"baja",0,NA,0,"2","1"
697,"8","2",0.516,0.0516,51,"35-65",29,63,1108,2,29735,749,"mixta",7178,"particular","turismo","gasolina","M","rojo","casado","anual",1,2,"medio","presencial",0,0,0,0,0.516,0,0.516,1,"baja",0,NA,0,"1","1"
698,"8","2",9.172,0.9172,47,"35-65",26,123,1986,16,13031,315,"mixta",17869,"particular","turismo","gasolina","H","blanco","casado","anual",1,2,"medio","presencial",3,5,4,11,3.962,1,10,0,"fin_estudio",4928.91,1642.97,1,"3","2"
699,"8","2",5.476,0.5476,60,"35-65",18,55,875,0,42238,2331,"urbana",9791,"comercial","turismo","diesel","M","gris","soltero","anual",0,1,"superior","presencial",0,2,0,6,5.476,0,5.476,1,"baja",0,NA,0,"2","1"
700,"8","2",9.721,0.9721,45,"35-65",13,126,1651,11,17574,143,"rural",13104,"comercial","turismo","diesel","H","rojo","casado","anual",0,1,"medio","telefonico",1,7,0,16,7.883,1,10,0,"fin_estudio",1030.28,1030.28,1,"1","1"
701,"8","2",5.555,0.5555,52,"35-65",32,130,2127,6,27308,92,"rural",6921,"particular","furgoneta","gasolina","H","gris","casado","anual",0,1,"medio","presencial",0,2,0,7,5.555,0,5.555,1,"baja",0,NA,0,"1","1"
702,"8","2",3.598,0.3598,40,"35-65",16,101,1642,0,22778,303,"mixta",15389,"particular","turismo","diesel","M","otro","soltero","mensual",0,1,"medio","presencial",0,2,1,1,3.598,0,4.941,0,"fin_estudio",0,NA,0,"3","3"
703,"8","2",2.071,0.2071,64,"35-65",17,155,2484,14,19777,214,"mixta",17283,"particular","furgoneta","diesel","H","blanco","casado","anual",0,1,"superior","presencial",0,0,0,0,2.071,0,2.071,1,"baja",0,NA,0,"1","1"
704,"8","2",2.12,0.212,51,"35-65",23,108,1410,0,24505,759,"mixta",11879,"particular","furgoneta","gasolina","H","otro","soltero","anual",0,1,"basico","presencial",0,4,0,1,2.12,0,4.748,0,"fin_estudio",0,NA,0,"1","1"
705,"8","2",1.541,0.1541,60,"35-65",18,113,1710,2,8526,25,"rural",24731,"particular","turismo","diesel","M","negro","casado","mensual",1,1,"medio","presencial",0,1,0,1,1.541,0,3.186,0,"fin_estudio",0,NA,0,"1","1"
706,"8","2",8.648,0.8648,30,"25-35",8,117,1714,1,44197,139,"rural",27790,"particular","moto","gasolina","H","gris","casado","anual",0,1,"basico","presencial",1,6,0,9,1.321,1,10,0,"fin_estudio",6045.26,6045.26,1,"1","1"
707,"8","2",1.067,0.1067,49,"35-65",15,110,1973,3,33702,543,"mixta",16081,"comercial","furgoneta","diesel","M","otro","casado","anual",1,1,"medio","telematico",0,0,0,1,1.067,0,1.067,1,"baja",0,NA,0,"2","1"
708,"8","2",7.315,0.7315,39,"35-65",15,64,800,7,11912,1704,"urbana",30265,"comercial","furgoneta","gasolina","H","otro","casado","mensual",1,1,"basico","telefonico",4,8,0,3,2.632,1,8.426,0,"fin_estudio",2474.27,618.57,1,"4","3"
709,"8","2",1.696,0.1696,38,"35-65",10,122,2003,17,23399,2967,"urbana",13808,"comercial","turismo","diesel","M","rojo","casado","mensual",0,2,"medio","presencial",0,1,0,4,1.696,0,7.762,0,"fin_estudio",0,NA,0,"1","1"
710,"8","2",2.517,0.2517,61,"35-65",20,138,2039,0,31488,234,"mixta",19535,"particular","moto","diesel","H","blanco","casado","anual",0,1,"medio","telematico",0,0,0,2,2.517,0,2.517,1,"baja",0,NA,0,"1","1"
711,"8","2",1.417,0.1417,28,"25-35",8,79,1398,3,27755,27,"rural",23631,"particular","turismo","gasolina","H","rojo","soltero","mensual",0,1,"basico","telefonico",0,1,0,2,1.417,0,1.417,1,"baja",0,NA,0,"2","1"
712,"8","2",4.643,0.4643,29,"25-35",8,133,2344,2,14551,536,"mixta",38664,"particular","turismo","diesel","M","otro","soltero","anual",0,1,"superior","presencial",0,5,1,4,4.643,0,4.643,1,"baja",0,NA,0,"1","1"
713,"8","2",9.905,0.9905,25,"18-25",3,159,1932,10,23141,50,"rural",12825,"particular","moto","diesel","M","gris","casado","anual",0,4,"basico","presencial",4,8,1,12,0.959,1,10,0,"fin_estudio",5805.66,1451.41,1,"4","3"
714,"8","2",1.039,0.1039,26,"25-35",5,106,1833,16,16324,585,"mixta",23899,"particular","turismo","diesel","H","rojo","casado","anual",0,1,"medio","presencial",0,2,0,1,1.039,0,5.364,0,"fin_estudio",0,NA,0,"2","1"
715,"8","2",8.821,0.8821,37,"35-65",9,125,1565,10,32520,266,"mixta",12429,"particular","turismo","diesel","M","gris","soltero","anual",0,1,"medio","presencial",0,4,0,10,8.821,0,10,0,"fin_estudio",0,NA,0,"1","1"
716,"8","2",6.211,0.6211,30,"25-35",11,57,800,0,12648,413,"mixta",11647,"comercial","furgoneta","diesel","M","blanco","soltero","anual",0,1,"basico","presencial",0,2,0,9,6.211,0,10,0,"fin_estudio",0,NA,0,"1","1"
717,"8","2",0.92,0.092,56,"35-65",35,60,945,9,19182,90,"rural",8712,"particular","turismo","gasolina","H","blanco","soltero","anual",0,1,"basico","telefonico",0,0,0,1,0.92,0,0.92,1,"baja",0,NA,0,"3","3"
718,"8","2",7.61,0.761,31,"25-35",13,86,1049,1,25723,528,"mixta",15762,"particular","turismo","gasolina","H","rojo","soltero","mensual",0,1,"medio","presencial",0,6,1,11,7.61,0,10,0,"fin_estudio",0,NA,0,"1","1"
719,"8","2",4.857,0.4857,37,"35-65",18,85,1217,7,21485,1095,"urbana",11793,"particular","turismo","diesel","M","blanco","casado","mensual",1,1,"medio","presencial",0,2,0,6,4.857,0,4.99,0,"fin_estudio",0,NA,0,"2","2"
720,"8","2",2.281,0.2281,54,"35-65",29,130,1836,14,10292,417,"mixta",11937,"comercial","turismo","gasolina","H","rojo","casado","anual",0,1,"superior","presencial",0,1,0,5,2.281,0,2.281,1,"baja",0,NA,0,"4","3"
721,"8","2",2.649,0.2649,55,"35-65",34,132,2146,14,29365,753,"mixta",8419,"particular","furgoneta","diesel","M","negro","casado","mensual",1,1,"medio","presencial",0,0,0,3,2.649,0,2.649,1,"baja",0,NA,0,"2","2"
722,"8","2",1.183,0.1183,44,"35-65",10,84,1240,3,17816,296,"mixta",7306,"particular","turismo","gasolina","H","rojo","casado","anual",0,2,"basico","telefonico",0,0,0,2,1.183,0,10,0,"fin_estudio",0,NA,0,"3","3"
723,"8","2",1.103,0.1103,45,"35-65",17,109,1914,7,23700,654,"mixta",19660,"particular","turismo","diesel","M","otro","soltero","mensual",1,1,"basico","presencial",0,2,0,2,1.103,0,4.561,0,"fin_estudio",0,NA,0,"1","1"
724,"8","2",6.505,0.6505,70,"65+",37,111,1890,8,40668,674,"mixta",16103,"particular","furgoneta","diesel","H","blanco","soltero","anual",0,1,"superior","presencial",1,4,1,5,4.751,1,6.67,0,"fin_estudio",1570.84,1570.84,1,"1","1"
725,"8","2",4.095,0.4095,43,"35-65",25,124,1503,1,15101,814,"mixta",9298,"particular","turismo","diesel","H","negro","soltero","mensual",1,1,"basico","presencial",0,2,0,1,4.095,0,10,0,"fin_estudio",0,NA,0,"2","2"
726,"8","2",1.447,0.1447,51,"35-65",27,126,1934,9,18964,2131,"urbana",10558,"particular","turismo","gasolina","H","blanco","soltero","anual",0,1,"medio","presencial",0,0,0,0,1.447,0,10,0,"fin_estudio",0,NA,0,"2","2"
727,"8","2",5.151,0.5151,73,"65+",48,85,1058,0,33957,21,"rural",9889,"particular","moto","diesel","H","negro","soltero","anual",0,1,"basico","telefonico",0,2,1,6,5.151,0,5.151,1,"baja",0,NA,0,"1","1"
728,"8","2",8.464,0.8464,30,"25-35",11,137,2270,11,22625,402,"mixta",10938,"particular","moto","diesel","M","otro","otro","anual",0,1,"medio","telematico",0,5,0,8,8.464,0,10,0,"fin_estudio",0,NA,0,"1","1"
729,"8","2",1.51,0.151,55,"35-65",35,109,1623,9,23416,307,"mixta",21381,"particular","turismo","gasolina","M","otro","soltero","anual",0,1,"basico","telefonico",2,2,0,7,0.227,1,1.51,1,"baja",2390.51,1195.26,1,"3","4"
730,"8","2",2.159,0.2159,41,"35-65",12,85,1102,6,35283,247,"mixta",12041,"particular","furgoneta","diesel","M","otro","soltero","mensual",1,1,"medio","presencial",0,0,1,0,2.159,0,2.788,0,"fin_estudio",0,NA,0,"1","1"
731,"8","2",6.284,0.6284,28,"25-35",6,74,1058,16,27565,199,"mixta",7789,"particular","turismo","diesel","H","rojo","soltero","mensual",0,1,"superior","telematico",0,4,0,0,6.284,0,8.131,0,"fin_estudio",0,NA,0,"1","1"
732,"8","2",1.703,0.1703,32,"25-35",11,106,1502,11,38085,241,"mixta",13839,"particular","turismo","diesel","M","blanco","casado","anual",1,2,"basico","telematico",0,2,0,2,1.703,0,7.264,0,"fin_estudio",0,NA,0,"2","2"
733,"8","2",5.742,0.5742,49,"35-65",12,104,1730,14,26860,459,"mixta",8169,"particular","turismo","diesel","H","otro","casado","anual",0,2,"medio","telefonico",0,2,0,7,5.742,0,5.746,0,"fin_estudio",0,NA,0,"5","5"
734,"8","2",8.782,0.8782,38,"35-65",10,68,1100,4,28921,99,"rural",12863,"comercial","turismo","diesel","H","gris","casado","anual",0,1,"basico","presencial",0,8,0,7,8.782,0,9.51,0,"fin_estudio",0,NA,0,"1","1"
735,"8","2",3.12,0.312,58,"35-65",28,152,2354,5,25749,72,"rural",12388,"particular","turismo","gasolina","M","negro","soltero","mensual",0,1,"basico","telefonico",0,0,0,2,3.12,0,3.12,1,"baja",0,NA,0,"3","3"
736,"8","2",8.327,0.8327,47,"35-65",25,55,800,12,19544,744,"mixta",7232,"particular","furgoneta","gasolina","M","blanco","soltero","anual",0,1,"basico","presencial",1,2,0,6,2.898,1,8.327,1,"baja",1041.1,1041.1,1,"4","3"
737,"8","2",3.316,0.3316,63,"35-65",31,143,2490,12,25824,70,"rural",13256,"particular","turismo","diesel","H","rojo","casado","mensual",1,1,"basico","telefonico",0,0,1,6,3.316,0,10,0,"fin_estudio",0,NA,0,"1","1"
738,"8","2",2.962,0.2962,48,"35-65",17,121,1808,19,33662,2315,"urbana",6821,"particular","turismo","diesel","H","rojo","casado","anual",0,1,"basico","presencial",0,0,0,1,2.962,0,10,0,"fin_estudio",0,NA,0,"3","3"
739,"8","2",2.736,0.2736,43,"35-65",17,123,1584,13,22245,708,"mixta",14063,"particular","turismo","diesel","H","blanco","soltero","mensual",0,2,"medio","presencial",1,0,0,5,1.258,1,3.832,0,"fin_estudio",3414.12,3414.12,1,"3","3"
740,"8","2",2.27,0.227,34,"25-35",15,138,1855,7,14808,358,"mixta",19816,"particular","turismo","diesel","M","negro","casado","mensual",1,2,"basico","presencial",0,7,0,1,2.27,0,2.27,1,"baja",0,NA,0,"5","4"
741,"8","2",4.225,0.4225,23,"18-25",2,91,1531,7,25456,192,"mixta",6413,"comercial","turismo","gasolina","H","otro","casado","anual",0,2,"basico","presencial",1,1,0,6,2.67,1,6.017,0,"fin_estudio",1319.42,1319.42,1,"2","1"
742,"8","2",2.07,0.207,31,"25-35",9,145,1868,13,23880,80,"rural",19778,"particular","moto","diesel","H","blanco","soltero","mensual",0,2,"medio","presencial",1,3,0,6,0.14,1,3.95,0,"fin_estudio",6161.72,6161.72,1,"3","3"
743,"8","2",5.166,0.5166,28,"25-35",6,73,895,4,26177,143,"rural",15947,"particular","turismo","gasolina","M","rojo","soltero","mensual",0,1,"superior","telematico",0,2,0,6,5.166,0,5.166,1,"baja",0,NA,0,"2","1"
744,"8","2",2.882,0.2882,51,"35-65",17,122,1830,16,29656,543,"mixta",8370,"particular","turismo","diesel","H","blanco","casado","anual",0,1,"superior","presencial",0,0,0,6,2.882,0,2.882,1,"baja",0,NA,0,"1","1"
745,"8","2",3.5,0.35,41,"35-65",11,142,1747,1,34555,123,"rural",18286,"particular","turismo","diesel","H","gris","casado","anual",1,1,"medio","presencial",0,3,0,2,3.5,0,8.668,0,"fin_estudio",0,NA,0,"1","1"
746,"8","2",6.629,0.6629,59,"35-65",19,146,2586,0,26315,578,"mixta",16215,"comercial","furgoneta","gasolina","H","blanco","casado","mensual",1,2,"superior","presencial",0,3,2,8,6.629,0,10,0,"fin_estudio",0,NA,0,"3","3"
747,"8","2",1.168,0.1168,27,"25-35",4,116,1788,9,33844,570,"mixta",8638,"particular","turismo","diesel","M","rojo","soltero","anual",1,2,"basico","presencial",0,1,0,1,1.168,0,10,0,"fin_estudio",0,NA,0,"1","1"
748,"8","2",2.015,0.2015,60,"35-65",39,85,1230,3,41220,287,"mixta",20611,"particular","turismo","diesel","M","blanco","soltero","anual",1,1,"medio","telefonico",0,2,0,4,2.015,0,2.015,1,"baja",0,NA,0,"1","1"
749,"8","2",1.318,0.1318,64,"35-65",17,55,800,7,29878,171,"mixta",17470,"particular","turismo","gasolina","H","rojo","otro","mensual",1,2,"superior","presencial",1,1,0,1,1.298,1,10,0,"fin_estudio",5050.03,5050.03,1,"2","3"
750,"8","2",2.526,0.2526,30,"25-35",10,100,1305,9,32603,515,"mixta",9172,"particular","turismo","diesel","H","blanco","soltero","anual",1,1,"medio","presencial",0,1,1,2,2.526,0,10,0,"fin_estudio",0,NA,0,"2","2"
751,"8","2",1.981,0.1981,43,"35-65",25,119,2108,9,14958,869,"mixta",7316,"particular","turismo","gasolina","H","negro","soltero","anual",1,2,"superior","telefonico",0,1,0,1,1.981,0,10,0,"fin_estudio",0,NA,0,"2","1"
752,"8","2",2.177,0.2177,28,"25-35",4,137,2218,4,22253,223,"mixta",3367,"particular","moto","diesel","H","otro","soltero","anual",1,1,"basico","presencial",0,1,0,4,2.177,0,9.358,0,"fin_estudio",0,NA,0,"2","1"
753,"8","2",1.166,0.1166,56,"35-65",22,55,883,6,16385,2271,"urbana",12522,"particular","turismo","diesel","M","rojo","soltero","mensual",0,1,"basico","telefonico",0,0,0,0,1.166,0,4.953,0,"fin_estudio",0,NA,0,"2","2"
754,"8","2",3.798,0.3798,56,"35-65",34,148,2660,16,21457,872,"mixta",18189,"particular","turismo","diesel","H","blanco","casado","anual",0,2,"medio","telematico",0,2,0,4,3.798,0,7.482,0,"fin_estudio",0,NA,0,"3","2"
755,"8","2",2.361,0.2361,37,"35-65",17,109,1416,1,29229,592,"mixta",16138,"comercial","turismo","diesel","H","gris","otro","anual",0,2,"basico","telematico",0,0,0,6,2.361,0,8.919,0,"fin_estudio",0,NA,0,"3","2"
756,"8","2",8.266,0.8266,58,"35-65",31,146,1911,9,15697,593,"mixta",19914,"particular","turismo","diesel","H","rojo","casado","anual",0,1,"basico","presencial",0,0,0,10,8.266,0,8.78,0,"fin_estudio",0,NA,0,"1","1"
757,"8","2",6.688,0.6688,60,"35-65",19,71,1038,14,7003,309,"mixta",20373,"particular","turismo","gasolina","H","gris","soltero","anual",0,2,"superior","telefonico",0,4,2,9,6.688,0,7.319,0,"fin_estudio",0,NA,0,"1","1"
758,"8","2",3.341,0.3341,30,"25-35",10,62,968,4,19177,1836,"urbana",8728,"particular","moto","gasolina","H","negro","casado","anual",1,1,"medio","telefonico",1,2,0,2,1.457,1,10,0,"fin_estudio",1586.48,1586.48,1,"3","3"
759,"8","2",5.148,0.5148,29,"25-35",10,160,2677,20,30456,382,"mixta",20581,"particular","moto","gasolina","H","negro","casado","mensual",0,1,"medio","telefonico",3,5,0,2,0.516,1,5.148,1,"baja",9496.24,3165.41,1,"4","4"
760,"8","2",3.325,0.3325,62,"35-65",19,89,1087,13,18753,1555,"urbana",9568,"particular","turismo","gasolina","H","gris","otro","anual",0,1,"medio","telefonico",0,0,0,5,3.325,0,3.325,1,"baja",0,NA,0,"1","1"
761,"8","2",1.227,0.1227,58,"35-65",32,157,2332,6,20307,163,"mixta",9865,"particular","turismo","gasolina","H","blanco","soltero","anual",0,1,"basico","presencial",0,1,0,1,1.227,0,4.825,0,"fin_estudio",0,NA,0,"1","1"
762,"8","2",3.233,0.3233,41,"35-65",15,102,1475,23,21810,168,"mixta",8453,"particular","turismo","diesel","M","otro","soltero","mensual",0,2,"medio","presencial",0,2,0,1,3.233,0,3.233,1,"baja",0,NA,0,"5","5"
763,"8","2",6.746,0.6746,34,"25-35",10,157,2643,3,29550,524,"mixta",18090,"comercial","turismo","gasolina","M","rojo","casado","mensual",0,1,"basico","presencial",1,9,0,14,2.757,1,6.746,1,"baja",884.39,884.39,1,"1","1"
764,"8","2",4.788,0.4788,45,"35-65",19,171,2378,12,20703,982,"mixta",8558,"particular","turismo","gasolina","M","rojo","soltero","anual",0,1,"basico","presencial",1,3,2,7,0.052,1,5.851,0,"fin_estudio",2106.1,2106.1,1,"4","3"
765,"8","2",1.662,0.1662,62,"35-65",37,152,2644,3,34630,36,"rural",6444,"particular","turismo","gasolina","H","gris","casado","mensual",0,1,"superior","telefonico",0,0,0,4,1.662,0,7.501,0,"fin_estudio",0,NA,0,"3","2"
766,"8","2",9.657,0.9657,63,"35-65",25,148,1909,5,46178,61,"rural",43207,"particular","turismo","diesel","M","negro","soltero","mensual",0,1,"basico","presencial",3,13,1,4,1.576,1,10,0,"fin_estudio",6888.5,2296.17,1,"2","1"
767,"8","2",1.47,0.147,57,"35-65",28,132,1994,9,27064,614,"mixta",5262,"particular","turismo","gasolina","M","otro","soltero","mensual",0,1,"superior","presencial",1,2,0,1,0.597,1,6.165,0,"fin_estudio",3006.78,3006.78,1,"4","4"
768,"8","2",1.347,0.1347,38,"35-65",11,94,1232,8,38247,534,"mixta",9263,"particular","moto","gasolina","M","otro","casado","anual",1,2,"medio","presencial",0,0,0,0,1.347,0,1.347,1,"baja",0,NA,0,"5","5"
769,"8","2",1.284,0.1284,60,"35-65",34,55,800,12,20797,473,"mixta",21197,"particular","furgoneta","diesel","M","negro","soltero","mensual",1,1,"medio","presencial",0,1,0,0,1.284,0,10,0,"fin_estudio",0,NA,0,"2","2"
770,"8","2",6.403,0.6403,45,"35-65",26,55,855,9,18441,165,"mixta",33412,"particular","furgoneta","diesel","H","blanco","soltero","mensual",0,3,"medio","telefonico",0,5,0,2,6.403,0,6.403,1,"baja",0,NA,0,"1","1"
771,"8","2",3.311,0.3311,46,"35-65",18,139,2371,8,32541,1092,"urbana",8860,"particular","moto","diesel","M","blanco","casado","anual",0,1,"basico","telefonico",0,0,0,4,3.311,0,7.199,0,"fin_estudio",0,NA,0,"3","2"
772,"8","2",1.779,0.1779,22,"18-25",3,112,1509,6,24452,92,"rural",4888,"particular","turismo","diesel","M","rojo","soltero","anual",1,2,"medio","presencial",0,0,0,1,1.779,0,1.779,1,"baja",0,NA,0,"3","2"
773,"8","2",1.945,0.1945,41,"35-65",20,110,1830,0,27497,244,"mixta",16666,"particular","turismo","gasolina","H","blanco","soltero","anual",1,1,"medio","telefonico",0,0,0,1,1.945,0,9.495,0,"fin_estudio",0,NA,0,"3","2"
774,"8","2",5.877,0.5877,18,"18-25",0,134,2299,3,22230,259,"mixta",10309,"particular","turismo","diesel","M","rojo","soltero","mensual",0,1,"basico","telematico",0,4,0,9,5.877,0,10,0,"fin_estudio",0,NA,0,"1","1"
775,"8","2",3.361,0.3361,40,"35-65",10,75,1225,9,11247,107,"rural",14932,"particular","turismo","diesel","M","gris","otro","anual",0,1,"medio","telefonico",0,1,1,2,3.361,0,10,0,"fin_estudio",0,NA,0,"1","1"
776,"8","2",3.802,0.3802,53,"35-65",19,113,1578,9,36352,314,"mixta",7296,"particular","turismo","diesel","M","gris","casado","mensual",0,2,"basico","presencial",1,2,0,4,3.684,1,5.675,0,"fin_estudio",378.75,378.75,1,"1","2"
777,"8","2",3.507,0.3507,73,"65+",30,115,1588,6,28594,209,"mixta",13059,"comercial","turismo","gasolina","H","negro","casado","anual",0,1,"medio","presencial",2,3,1,8,0.548,1,3.984,0,"fin_estudio",10860.45,5430.23,1,"3","4"
778,"8","2",2.369,0.2369,37,"35-65",12,73,1161,13,14943,215,"mixta",8681,"particular","turismo","gasolina","H","negro","soltero","mensual",0,1,"basico","telefonico",0,0,0,3,2.369,0,4.04,0,"fin_estudio",0,NA,0,"4","3"
779,"8","2",5.096,0.5096,18,"18-25",0,104,1666,9,25164,1039,"urbana",17509,"particular","turismo","gasolina","M","blanco","casado","anual",1,1,"superior","telefonico",0,4,0,9,5.096,0,10,0,"fin_estudio",0,NA,0,"2","2"
780,"8","2",3.658,0.3658,31,"25-35",12,170,2566,7,30447,318,"mixta",28066,"particular","turismo","diesel","H","gris","casado","anual",0,1,"superior","presencial",1,1,0,4,1.64,1,3.658,1,"baja",6117.02,6117.02,1,"2","1"
781,"8","2",3.642,0.3642,27,"25-35",7,115,1393,13,29685,258,"mixta",15184,"particular","turismo","gasolina","M","otro","casado","anual",0,3,"superior","presencial",1,1,0,2,3.004,1,3.642,1,"baja",1710.35,1710.35,1,"2","3"
782,"8","2",8.718,0.8718,32,"25-35",10,143,2473,6,18955,995,"mixta",10828,"comercial","furgoneta","diesel","H","blanco","casado","mensual",0,1,"basico","presencial",3,4,1,21,1.204,1,10,0,"fin_estudio",5142.64,1714.21,1,"1","1"
783,"8","2",3.577,0.3577,35,"25-35",15,84,1038,12,36545,538,"mixta",4366,"particular","turismo","diesel","H","negro","soltero","mensual",1,1,"medio","telefonico",0,0,0,6,3.577,0,6.605,0,"fin_estudio",0,NA,0,"3","3"
784,"9","2",3.734,0.3734,48,"35-65",28,90,1363,14,28254,1609,"urbana",7488,"particular","furgoneta","diesel","H","gris","otro","anual",0,1,"basico","telefonico",1,2,0,5,1.513,1,3.734,1,"baja",726.55,726.55,1,"2","2"
785,"9","2",4.695,0.4695,42,"35-65",13,55,969,0,20932,811,"mixta",8180,"particular","turismo","diesel","H","negro","soltero","anual",0,1,"medio","presencial",0,2,0,3,4.695,0,10,0,"fin_estudio",0,NA,0,"1","1"
786,"9","2",2.899,0.2899,48,"35-65",12,147,2130,8,27274,1984,"urbana",9422,"particular","turismo","gasolina","M","blanco","otro","anual",1,1,"superior","presencial",3,0,0,5,0.462,1,6.225,0,"fin_estudio",11603.05,3867.68,1,"4","3"
787,"9","2",4.453,0.4453,48,"35-65",16,100,1321,13,23439,376,"mixta",11665,"particular","turismo","gasolina","M","negro","casado","anual",1,1,"basico","presencial",0,1,0,5,4.453,0,10,0,"fin_estudio",0,NA,0,"1","1"
788,"9","2",4.242,0.4242,47,"35-65",24,62,980,16,28285,1329,"urbana",25066,"particular","turismo","gasolina","M","gris","soltero","mensual",0,1,"superior","telefonico",0,1,0,9,4.242,0,4.293,0,"fin_estudio",0,NA,0,"1","1"
789,"9","2",8.177,0.8177,34,"25-35",14,55,855,10,22193,634,"mixta",10283,"particular","turismo","diesel","H","blanco","soltero","anual",0,1,"superior","presencial",0,3,0,8,8.177,0,8.177,1,"baja",0,NA,0,"1","1"
790,"9","2",2.854,0.2854,29,"25-35",6,61,864,16,26402,1159,"urbana",23747,"particular","turismo","diesel","H","negro","otro","mensual",1,1,"basico","presencial",1,4,0,2,2.462,1,10,0,"fin_estudio",671.45,671.45,1,"3","4"
791,"9","2",0.475,0.0475,35,"25-35",8,105,1870,5,24225,388,"mixta",12726,"particular","furgoneta","gasolina","H","negro","soltero","mensual",1,1,"medio","presencial",0,0,0,1,0.475,0,0.475,1,"baja",0,NA,0,"2","2"
792,"9","2",2.078,0.2078,44,"35-65",16,109,1825,12,37818,548,"mixta",10334,"particular","turismo","gasolina","H","blanco","casado","anual",0,1,"basico","presencial",0,2,0,1,2.078,0,6.321,0,"fin_estudio",0,NA,0,"3","2"
793,"9","2",5.832,0.5832,47,"35-65",19,80,1303,5,39593,777,"mixta",8361,"comercial","turismo","gasolina","H","gris","casado","anual",0,1,"medio","presencial",0,5,0,4,5.832,0,10,0,"fin_estudio",0,NA,0,"1","1"
794,"9","2",7.365,0.7365,55,"35-65",19,159,2739,8,28159,156,"mixta",3762,"particular","turismo","diesel","M","otro","casado","anual",0,1,"superior","telematico",0,2,0,9,7.365,0,10,0,"fin_estudio",0,NA,0,"4","4"
795,"9","2",9.638,0.9638,35,"25-35",8,55,810,13,26953,3639,"urbana",14558,"particular","turismo","gasolina","M","negro","soltero","anual",0,1,"medio","telefonico",7,1,2,12,1.008,1,9.638,1,"baja",18434.37,2633.48,1,"5","4"
796,"9","2",5.165,0.5165,49,"35-65",19,122,1754,4,16628,249,"mixta",26411,"particular","turismo","gasolina","H","rojo","casado","anual",0,1,"basico","presencial",2,3,0,7,3.589,1,5.165,1,"baja",717.8,358.9,1,"5","5"
797,"9","2",1.622,0.1622,39,"35-65",9,136,1740,5,18399,445,"mixta",17460,"particular","furgoneta","gasolina","H","rojo","soltero","anual",1,1,"basico","presencial",0,0,0,3,1.622,0,1.622,1,"baja",0,NA,0,"1","1"
798,"9","2",2.667,0.2667,47,"35-65",18,65,993,13,34482,1314,"urbana",9580,"particular","turismo","diesel","M","otro","casado","mensual",1,4,"medio","presencial",0,0,0,2,2.667,0,2.667,1,"baja",0,NA,0,"3","2"
799,"9","2",3.367,0.3367,65,"35-65",42,103,1705,11,31643,33,"rural",24312,"particular","turismo","diesel","H","negro","casado","anual",0,1,"medio","presencial",0,2,0,5,3.367,0,7.478,0,"fin_estudio",0,NA,0,"4","3"
800,"9","2",1.859,0.1859,67,"65+",29,64,1049,2,19069,706,"mixta",20524,"particular","turismo","diesel","M","negro","soltero","anual",1,1,"superior","telematico",0,1,0,3,1.859,0,7.81,0,"fin_estudio",0,NA,0,"1","1"
801,"9","2",3.042,0.3042,39,"35-65",12,138,1821,4,33507,669,"mixta",11047,"particular","furgoneta","diesel","H","blanco","soltero","anual",0,2,"medio","presencial",0,0,0,4,3.042,0,10,0,"fin_estudio",0,NA,0,"1","1"
802,"9","2",3.956,0.3956,21,"18-25",3,166,2347,6,31368,126,"rural",13378,"particular","turismo","diesel","M","gris","soltero","mensual",1,1,"basico","telematico",2,2,0,6,2.276,1,10,0,"fin_estudio",1222.86,611.43,1,"4","5"
803,"9","2",7.492,0.7492,47,"35-65",24,100,1776,0,19910,580,"mixta",17672,"particular","turismo","gasolina","H","blanco","casado","anual",0,1,"medio","presencial",1,0,1,8,0.909,1,10,0,"fin_estudio",4893.66,4893.66,1,"1","1"
804,"9","2",0.491,0.0491,55,"35-65",27,57,1014,6,28018,4150,"urbana",5529,"particular","turismo","diesel","H","otro","casado","mensual",0,1,"basico","presencial",0,0,0,2,0.491,0,0.491,1,"baja",0,NA,0,"2","2"
805,"9","2",3.103,0.3103,55,"35-65",20,105,1773,7,13162,75,"rural",4865,"particular","turismo","diesel","M","blanco","casado","anual",1,1,"basico","presencial",0,0,0,8,3.103,0,10,0,"fin_estudio",0,NA,0,"1","1"
806,"9","2",9.29,0.929,48,"35-65",27,76,934,4,21958,89,"rural",6188,"particular","turismo","gasolina","H","gris","otro","anual",1,1,"basico","presencial",0,1,3,10,9.29,0,10,0,"fin_estudio",0,NA,0,"1","1"
807,"9","2",3.335,0.3335,35,"25-35",17,81,1247,22,26681,820,"mixta",11704,"particular","turismo","diesel","M","rojo","soltero","mensual",0,1,"basico","telefonico",0,0,0,5,3.335,0,3.335,1,"baja",0,NA,0,"1","1"
808,"9","2",1.705,0.1705,18,"18-25",0,115,1929,9,27876,204,"mixta",6613,"particular","turismo","gasolina","M","rojo","otro","mensual",1,1,"basico","telematico",3,1,0,2,0.185,1,5.193,0,"fin_estudio",5481.95,1827.32,1,"3","5"
809,"9","2",3.123,0.3123,42,"35-65",23,55,800,6,11385,164,"mixta",21722,"particular","turismo","gasolina","M","negro","soltero","anual",0,2,"superior","presencial",0,0,0,4,3.123,0,10,0,"fin_estudio",0,NA,0,"1","1"
810,"9","2",1.273,0.1273,44,"35-65",20,136,2385,8,24583,195,"mixta",15848,"particular","turismo","diesel","M","rojo","casado","anual",0,1,"medio","telefonico",0,0,1,1,1.273,0,7.669,0,"fin_estudio",0,NA,0,"3","3"
811,"9","2",2.34,0.234,25,"18-25",3,119,1736,11,35326,196,"mixta",12529,"particular","turismo","gasolina","M","blanco","soltero","anual",1,4,"medio","presencial",0,0,0,0,2.34,0,2.34,1,"baja",0,NA,0,"3","3"
812,"9","2",5.047,0.5047,28,"25-35",7,55,890,5,15402,123,"rural",6584,"particular","furgoneta","diesel","H","otro","otro","anual",0,1,"medio","telematico",0,1,0,10,5.047,0,10,0,"fin_estudio",0,NA,0,"1","1"
813,"9","2",8.444,0.8444,36,"35-65",14,81,1324,10,30198,236,"mixta",8371,"particular","turismo","diesel","H","otro","casado","anual",1,1,"basico","presencial",0,1,0,11,8.444,0,10,0,"fin_estudio",0,NA,0,"1","1"
814,"9","2",6.318,0.6318,37,"35-65",9,82,1464,6,20401,200,"mixta",6608,"particular","moto","diesel","H","otro","casado","anual",0,2,"medio","presencial",0,1,1,6,6.318,0,10,0,"fin_estudio",0,NA,0,"1","1"
815,"9","2",4.391,0.4391,64,"35-65",21,88,1154,11,34047,405,"mixta",22913,"particular","furgoneta","gasolina","H","rojo","soltero","mensual",0,1,"medio","presencial",0,2,1,3,4.391,0,4.391,1,"baja",0,NA,0,"1","1"
816,"9","2",1.321,0.1321,48,"35-65",29,116,1784,0,26444,402,"mixta",9222,"comercial","turismo","gasolina","M","negro","casado","mensual",0,1,"basico","presencial",0,1,0,2,1.321,0,1.321,1,"baja",0,NA,0,"4","4"
817,"9","2",3.89,0.389,33,"25-35",9,68,1165,5,9773,348,"mixta",10117,"particular","turismo","diesel","H","gris","soltero","anual",1,1,"basico","telefonico",0,1,0,7,3.89,0,10,0,"fin_estudio",0,NA,0,"1","1"
818,"9","2",3.558,0.3558,53,"35-65",19,154,2032,0,41651,610,"mixta",10990,"particular","moto","diesel","H","negro","soltero","mensual",0,2,"basico","telematico",0,2,0,4,3.558,0,10,0,"fin_estudio",0,NA,0,"1","1"
819,"9","2",1.277,0.1277,51,"35-65",19,97,1637,4,18034,332,"mixta",8760,"particular","turismo","gasolina","H","otro","soltero","anual",0,2,"superior","telematico",0,0,0,2,1.277,0,10,0,"fin_estudio",0,NA,0,"3","2"
820,"9","2",1.759,0.1759,43,"35-65",24,125,2047,14,17404,1014,"urbana",11596,"comercial","turismo","gasolina","H","blanco","soltero","mensual",1,1,"medio","telefonico",0,3,0,5,1.759,0,4.49,0,"fin_estudio",0,NA,0,"3","3"
821,"9","2",2.443,0.2443,60,"35-65",39,138,2110,10,42542,90,"rural",5937,"particular","turismo","diesel","M","negro","casado","anual",0,2,"medio","telefonico",0,0,0,5,2.443,0,2.443,1,"baja",0,NA,0,"1","1"
822,"9","2",7.242,0.7242,67,"65+",33,133,1694,6,22747,755,"mixta",21452,"particular","turismo","gasolina","M","otro","casado","mensual",1,1,"medio","telefonico",3,4,0,18,1.707,1,9.005,0,"fin_estudio",8624.55,2874.85,1,"2","3"
823,"9","2",4.661,0.4661,42,"35-65",15,93,1521,11,12549,349,"mixta",15265,"particular","turismo","diesel","M","blanco","casado","mensual",0,1,"basico","presencial",1,1,0,2,0.765,1,10,0,"fin_estudio",138.18,138.18,1,"2","1"
824,"9","2",3.287,0.3287,49,"35-65",18,127,1796,6,30903,212,"mixta",11763,"particular","turismo","diesel","H","blanco","soltero","anual",1,2,"basico","presencial",0,1,1,10,3.287,0,5.285,0,"fin_estudio",0,NA,0,"1","1"
825,"9","2",2.558,0.2558,59,"35-65",17,107,1804,6,30727,17,"rural",6935,"particular","turismo","diesel","M","rojo","soltero","anual",1,2,"medio","presencial",0,1,0,10,2.558,0,2.558,1,"baja",0,NA,0,"1","1"
826,"9","2",2.137,0.2137,51,"35-65",32,176,2502,14,20562,98,"rural",7679,"particular","turismo","diesel","M","blanco","casado","anual",0,1,"medio","presencial",0,1,0,0,2.137,0,10,0,"fin_estudio",0,NA,0,"4","3"
827,"9","2",0.317,0.0317,59,"35-65",34,147,2160,4,22237,59,"rural",13994,"particular","moto","gasolina","H","blanco","casado","mensual",1,1,"medio","telefonico",0,0,0,0,0.317,0,0.317,1,"baja",0,NA,0,"2","2"
828,"9","2",3.582,0.3582,28,"25-35",4,118,1531,9,27976,2363,"urbana",8867,"particular","turismo","diesel","H","rojo","soltero","anual",1,1,"medio","telefonico",0,1,0,4,3.582,0,4.188,0,"fin_estudio",0,NA,0,"2","2"
829,"9","2",4.436,0.4436,55,"35-65",24,82,1160,12,22782,1857,"urbana",22700,"particular","turismo","diesel","H","gris","casado","anual",0,1,"basico","telefonico",2,2,0,9,1.98,1,4.436,1,"baja",3000.15,1500.07,1,"4","5"
830,"9","2",4.399,0.4399,18,"18-25",0,84,1100,8,28467,497,"mixta",5270,"comercial","furgoneta","gasolina","H","otro","casado","anual",1,1,"superior","telematico",0,3,0,7,4.399,0,4.399,1,"baja",0,NA,0,"1","1"
831,"9","2",3.541,0.3541,47,"35-65",15,113,1660,12,17867,128,"rural",9272,"particular","moto","diesel","M","rojo","casado","mensual",0,1,"medio","telematico",0,0,0,4,3.541,0,4.955,0,"fin_estudio",0,NA,0,"1","1"
832,"9","2",3.145,0.3145,49,"35-65",23,108,1481,1,28569,231,"mixta",8146,"particular","moto","diesel","M","gris","soltero","anual",0,1,"medio","telefonico",0,0,0,2,3.145,0,3.145,1,"baja",0,NA,0,"1","1"
833,"9","2",7.222,0.7222,31,"25-35",6,80,1394,9,19435,128,"rural",15110,"particular","turismo","diesel","M","blanco","casado","mensual",0,1,"medio","presencial",0,6,0,13,7.222,0,7.222,1,"baja",0,NA,0,"1","1"
834,"9","2",6.105,0.6105,42,"35-65",12,101,1559,10,21821,653,"mixta",10114,"particular","moto","diesel","M","blanco","casado","anual",1,1,"medio","presencial",0,1,3,11,6.105,0,10,0,"fin_estudio",0,NA,0,"2","1"
835,"9","2",2.696,0.2696,49,"35-65",30,154,2114,11,26416,80,"rural",7458,"particular","turismo","diesel","M","rojo","casado","mensual",0,4,"medio","presencial",0,1,0,5,2.696,0,2.696,1,"baja",0,NA,0,"3","3"
836,"9","2",3.996,0.3996,51,"35-65",22,63,997,11,34943,1874,"urbana",26865,"comercial","turismo","diesel","M","otro","casado","anual",0,1,"basico","telefonico",0,4,0,8,3.996,0,3.996,1,"baja",0,NA,0,"2","1"
837,"9","2",3.599,0.3599,61,"35-65",40,55,903,14,20802,646,"mixta",10160,"particular","turismo","gasolina","H","gris","soltero","mensual",0,2,"basico","presencial",0,1,0,9,3.599,0,10,0,"fin_estudio",0,NA,0,"1","1"
838,"9","2",2.12,0.212,55,"35-65",23,94,1234,15,5594,689,"mixta",8973,"particular","turismo","diesel","M","rojo","casado","mensual",0,2,"basico","telematico",0,1,0,3,2.12,0,10,0,"fin_estudio",0,NA,0,"2","2"
839,"9","2",3.286,0.3286,39,"35-65",12,55,922,5,28649,1170,"urbana",14147,"particular","furgoneta","diesel","M","rojo","casado","anual",0,1,"basico","presencial",0,1,0,8,3.286,0,10,0,"fin_estudio",0,NA,0,"1","1"
840,"9","2",7.869,0.7869,71,"65+",30,72,866,11,15534,99,"rural",5726,"particular","turismo","diesel","M","rojo","casado","anual",0,1,"medio","presencial",0,4,0,7,7.869,0,10,0,"fin_estudio",0,NA,0,"1","1"
841,"9","2",0.255,0.0255,67,"65+",39,112,1771,6,27250,34,"rural",10134,"comercial","moto","gasolina","H","gris","casado","mensual",0,1,"medio","presencial",0,0,0,1,0.255,0,0.255,1,"baja",0,NA,0,"2","2"
842,"9","2",1.783,0.1783,51,"35-65",32,122,1577,8,22574,46,"rural",9049,"particular","turismo","diesel","M","gris","soltero","anual",1,3,"superior","presencial",0,2,0,2,1.783,0,1.783,1,"baja",0,NA,0,"1","1"
843,"9","2",6.619,0.6619,55,"35-65",17,93,1524,11,9903,49,"rural",12250,"comercial","turismo","diesel","H","otro","otro","anual",1,1,"medio","telefonico",0,4,0,6,6.619,0,10,0,"fin_estudio",0,NA,0,"2","1"
844,"9","2",3.181,0.3181,44,"35-65",25,130,1904,12,36766,406,"mixta",21237,"particular","turismo","gasolina","M","negro","casado","mensual",0,1,"superior","telematico",0,1,1,7,3.181,0,4.563,0,"fin_estudio",0,NA,0,"1","1"
845,"9","2",3.477,0.3477,60,"35-65",27,69,1018,9,18825,558,"mixta",10626,"particular","turismo","diesel","H","otro","casado","mensual",0,1,"medio","telematico",0,0,0,5,3.477,0,3.477,1,"baja",0,NA,0,"1","1"
846,"9","2",5.273,0.5273,53,"35-65",29,79,1263,6,19843,1451,"urbana",7533,"particular","turismo","gasolina","H","rojo","casado","anual",0,2,"basico","telefonico",0,1,0,6,5.273,0,8.227,0,"fin_estudio",0,NA,0,"3","3"
847,"9","2",3.178,0.3178,69,"65+",34,130,2098,12,34741,653,"mixta",11398,"particular","turismo","diesel","H","gris","soltero","mensual",1,1,"basico","telefonico",0,6,1,3,3.178,0,3.178,1,"baja",0,NA,0,"1","1"
848,"9","2",3.129,0.3129,29,"25-35",6,105,1428,2,23134,1617,"urbana",12631,"particular","moto","gasolina","H","otro","soltero","mensual",1,1,"basico","presencial",2,2,0,6,1.312,1,3.129,1,"baja",5894.59,2947.3,1,"3","3"
849,"9","2",6.879,0.6879,45,"35-65",24,225,3690,12,19821,468,"mixta",11556,"particular","turismo","diesel","M","rojo","otro","anual",0,2,"medio","telefonico",4,3,2,11,3.177,1,7.964,0,"fin_estudio",4348.3,1087.08,1,"5","4"
850,"9","2",2.562,0.2562,51,"35-65",27,199,3185,15,23769,47,"rural",9742,"comercial","turismo","gasolina","H","gris","casado","anual",0,1,"medio","telematico",0,1,0,5,2.562,0,10,0,"fin_estudio",0,NA,0,"1","1"
851,"9","2",3.844,0.3844,39,"35-65",13,84,1410,0,36830,1107,"urbana",12131,"particular","turismo","gasolina","H","rojo","casado","anual",0,3,"medio","telematico",0,2,0,5,3.844,0,4.416,0,"fin_estudio",0,NA,0,"2","2"
852,"9","2",2.984,0.2984,65,"35-65",17,119,1712,11,28203,1418,"urbana",14225,"particular","moto","gasolina","H","negro","casado","mensual",1,2,"basico","telefonico",0,2,0,4,2.984,0,10,0,"fin_estudio",0,NA,0,"1","1"
853,"9","2",3.102,0.3102,35,"25-35",14,131,2095,15,22272,3772,"urbana",8527,"particular","turismo","diesel","M","otro","otro","mensual",0,1,"medio","presencial",2,3,0,5,0.968,1,3.503,0,"fin_estudio",4153.53,2076.77,1,"3","3"
854,"9","2",1.749,0.1749,60,"35-65",39,84,1029,11,30030,98,"rural",10463,"comercial","turismo","diesel","H","gris","soltero","mensual",0,2,"medio","presencial",0,1,0,2,1.749,0,1.749,1,"baja",0,NA,0,"3","2"
855,"9","2",7.578,0.7578,75,"65+",29,95,1233,10,35841,52,"rural",13914,"particular","turismo","diesel","M","rojo","otro","mensual",0,1,"basico","telefonico",0,2,0,15,7.578,0,10,0,"fin_estudio",0,NA,0,"1","1"
856,"9","2",1.507,0.1507,49,"35-65",26,156,2045,6,52219,41,"rural",34366,"comercial","turismo","diesel","M","gris","casado","anual",0,2,"medio","telefonico",0,1,0,2,1.507,0,1.507,1,"baja",0,NA,0,"4","4"
857,"9","2",8.315,0.8315,53,"35-65",23,111,1931,14,31253,570,"mixta",10076,"particular","turismo","gasolina","M","gris","soltero","anual",1,3,"superior","presencial",0,2,0,14,8.315,0,10,0,"fin_estudio",0,NA,0,"1","1"
858,"9","2",8.064,0.8064,38,"35-65",19,55,800,7,18719,616,"mixta",20030,"particular","turismo","gasolina","M","gris","casado","mensual",1,1,"basico","presencial",0,5,0,13,8.064,0,10,0,"fin_estudio",0,NA,0,"1","1"
859,"9","2",1.629,0.1629,58,"35-65",15,77,1248,3,37319,429,"mixta",12191,"particular","turismo","gasolina","H","blanco","casado","anual",1,1,"basico","presencial",1,0,0,3,1.478,1,10,0,"fin_estudio",1790.41,1790.41,1,"2","3"
860,"9","2",3.786,0.3786,42,"35-65",15,137,1835,15,25987,60,"rural",12372,"particular","turismo","gasolina","M","blanco","casado","anual",0,2,"superior","presencial",0,3,0,6,3.786,0,10,0,"fin_estudio",0,NA,0,"1","1"
861,"9","2",0.448,0.0448,46,"35-65",24,128,1665,9,35173,277,"mixta",6608,"particular","turismo","gasolina","M","blanco","soltero","mensual",1,2,"superior","presencial",0,0,0,2,0.448,0,0.448,1,"baja",0,NA,0,"1","1"
862,"9","2",3.77,0.377,37,"35-65",8,77,1139,14,26245,359,"mixta",7549,"comercial","turismo","diesel","H","negro","casado","anual",0,1,"medio","presencial",1,3,0,7,0.603,1,5.066,0,"fin_estudio",6505.14,6505.14,1,"1","1"
863,"9","2",2.33,0.233,50,"35-65",31,169,2461,7,20101,191,"mixta",14180,"particular","moto","gasolina","H","blanco","soltero","anual",0,1,"medio","telematico",1,1,1,5,1.269,1,2.33,1,"baja",654.23,654.23,1,"3","3"
864,"9","2",5.82,0.582,21,"18-25",3,88,1177,4,41228,791,"mixta",7959,"particular","turismo","diesel","M","gris","soltero","mensual",0,1,"medio","presencial",0,1,0,5,5.82,0,5.82,1,"baja",0,NA,0,"1","1"
865,"9","2",3.905,0.3905,35,"25-35",9,90,1201,8,17936,164,"mixta",24149,"particular","turismo","diesel","M","blanco","soltero","anual",0,1,"basico","presencial",0,3,1,6,3.905,0,4.447,0,"fin_estudio",0,NA,0,"2","2"
866,"9","2",6.202,0.6202,39,"35-65",18,59,1016,6,14265,1799,"urbana",11536,"particular","furgoneta","diesel","M","otro","otro","anual",0,1,"basico","telefonico",1,5,0,8,3.147,1,10,0,"fin_estudio",1260.2,1260.2,1,"1","1"
867,"9","2",2.28,0.228,18,"18-25",0,70,934,7,32921,109,"rural",10084,"comercial","turismo","gasolina","M","negro","otro","mensual",0,1,"medio","telefonico",1,3,0,6,1.342,1,8.009,0,"fin_estudio",297.26,297.26,1,"3","3"
868,"9","2",1.663,0.1663,39,"35-65",21,87,1266,13,35131,159,"mixta",22631,"comercial","turismo","gasolina","H","rojo","casado","anual",0,2,"basico","telefonico",0,0,0,1,1.663,0,2.821,0,"fin_estudio",0,NA,0,"4","4"
869,"9","2",0.803,0.0803,36,"35-65",7,96,1620,8,32584,2781,"urbana",16481,"particular","turismo","diesel","M","otro","soltero","mensual",1,1,"superior","telematico",0,0,0,1,0.803,0,0.803,1,"baja",0,NA,0,"1","1"
870,"9","2",2.089,0.2089,37,"35-65",11,158,1953,8,33282,98,"rural",12417,"particular","turismo","diesel","H","negro","casado","anual",0,1,"medio","presencial",0,1,0,0,2.089,0,3.058,0,"fin_estudio",0,NA,0,"3","3"
871,"9","2",4.847,0.4847,38,"35-65",11,102,1381,3,23826,670,"mixta",23604,"particular","turismo","gasolina","H","negro","casado","mensual",0,1,"basico","telefonico",1,2,0,5,2.056,1,4.847,1,"baja",2078.41,2078.41,1,"4","4"
872,"9","2",3.778,0.3778,36,"35-65",12,155,2759,2,13869,30,"rural",5787,"particular","furgoneta","diesel","M","gris","casado","mensual",0,1,"basico","telematico",0,1,0,1,3.778,0,3.778,1,"baja",0,NA,0,"3","2"
873,"9","2",2.87,0.287,70,"65+",22,122,1677,10,21938,155,"mixta",5504,"particular","turismo","gasolina","M","otro","casado","mensual",0,2,"basico","presencial",0,2,0,2,2.87,0,2.87,1,"baja",0,NA,0,"4","3"
874,"9","2",4.58,0.458,18,"18-25",0,94,1138,11,19044,37,"rural",19110,"particular","turismo","diesel","H","negro","soltero","mensual",0,2,"medio","telematico",2,2,0,7,0.515,1,5.194,0,"fin_estudio",3866.83,1933.41,1,"1","1"
875,"9","2",2.426,0.2426,35,"25-35",17,127,1589,13,23732,256,"mixta",10212,"particular","furgoneta","diesel","H","gris","casado","anual",0,1,"superior","presencial",0,1,0,1,2.426,0,5.201,0,"fin_estudio",0,NA,0,"3","3"
876,"9","2",2.451,0.2451,43,"35-65",19,111,1932,3,36771,130,"rural",18343,"particular","turismo","gasolina","M","rojo","casado","anual",0,1,"basico","telefonico",0,0,0,3,2.451,0,2.451,1,"baja",0,NA,0,"1","1"
877,"9","2",1.255,0.1255,25,"18-25",6,113,1660,0,15448,17,"rural",9034,"particular","turismo","gasolina","H","negro","casado","anual",1,2,"basico","telefonico",0,0,0,2,1.255,0,1.255,1,"baja",0,NA,0,"4","4"
878,"9","2",8.591,0.8591,56,"35-65",32,114,1913,12,19480,741,"mixta",15408,"particular","turismo","gasolina","H","otro","casado","anual",0,2,"superior","telefonico",1,6,0,8,6.772,1,10,0,"fin_estudio",427.29,427.29,1,"1","1"
879,"9","2",2.047,0.2047,18,"18-25",0,123,1930,9,17935,149,"rural",29759,"particular","turismo","diesel","H","negro","casado","anual",1,1,"superior","presencial",0,3,0,4,2.047,0,3.107,0,"fin_estudio",0,NA,0,"4","4"
880,"9","2",1.371,0.1371,60,"35-65",31,110,1578,13,28701,371,"mixta",5929,"particular","turismo","diesel","H","gris","soltero","mensual",0,1,"medio","telefonico",0,0,0,4,1.371,0,1.371,1,"baja",0,NA,0,"1","1"
881,"10","2",3.439,0.3439,40,"35-65",10,127,2039,5,29219,179,"mixta",21485,"particular","moto","diesel","H","gris","soltero","anual",1,2,"basico","presencial",1,0,0,2,2.063,1,9.502,0,"fin_estudio",2634.9,2634.9,1,"3","2"
882,"10","2",1.922,0.1922,70,"65+",29,157,2349,8,35214,532,"mixta",9915,"comercial","turismo","diesel","H","rojo","casado","mensual",1,2,"medio","telematico",0,1,0,2,1.922,0,1.922,1,"baja",0,NA,0,"2","1"
883,"10","2",1.319,0.1319,22,"18-25",4,125,1910,6,22030,109,"rural",17483,"particular","turismo","diesel","H","blanco","casado","anual",0,2,"superior","presencial",2,1,0,0,0.278,1,1.319,1,"baja",2649.72,1324.86,1,"4","4"
884,"10","2",2.566,0.2566,36,"35-65",18,90,1359,11,16290,83,"rural",37963,"particular","turismo","diesel","M","blanco","casado","anual",0,1,"basico","telematico",0,2,0,1,2.566,0,2.566,1,"baja",0,NA,0,"2","2"
885,"10","2",4.681,0.4681,45,"35-65",11,61,974,7,20216,566,"mixta",12752,"particular","turismo","gasolina","M","negro","soltero","anual",1,1,"superior","telematico",0,2,1,0,4.681,0,4.681,1,"baja",0,NA,0,"1","1"
886,"10","2",2.228,0.2228,35,"25-35",13,88,1163,5,19739,47,"rural",15464,"particular","turismo","diesel","H","rojo","soltero","anual",0,1,"basico","telematico",0,0,0,1,2.228,0,2.228,1,"baja",0,NA,0,"4","4"
887,"10","2",5.361,0.5361,37,"35-65",17,121,2011,9,11303,350,"mixta",6213,"comercial","turismo","gasolina","H","otro","casado","mensual",0,2,"basico","presencial",0,2,3,5,5.361,0,10,0,"fin_estudio",0,NA,0,"1","1"
888,"10","2",1.994,0.1994,54,"35-65",14,180,2436,22,29349,227,"mixta",10517,"particular","turismo","diesel","H","otro","otro","anual",0,1,"medio","presencial",0,0,0,1,1.994,0,1.994,1,"baja",0,NA,0,"2","2"
889,"10","2",9.076,0.9076,35,"25-35",16,122,2065,12,22352,148,"rural",10043,"particular","turismo","gasolina","M","gris","soltero","anual",1,1,"basico","telefonico",1,6,0,4,2.154,1,10,0,"fin_estudio",4647.18,4647.18,1,"1","1"
890,"10","2",5.073,0.5073,18,"18-25",0,136,2286,2,12856,696,"mixta",15361,"particular","turismo","diesel","H","negro","casado","mensual",0,1,"medio","presencial",6,2,0,3,0.826,1,5.073,1,"baja",23143.57,3857.26,1,"5","5"
891,"10","2",2.692,0.2692,38,"35-65",9,68,990,4,6877,987,"mixta",10944,"particular","turismo","diesel","H","gris","casado","anual",1,1,"superior","telematico",0,1,0,1,2.692,0,2.692,1,"baja",0,NA,0,"2","2"
892,"10","2",9.915,0.9915,40,"35-65",12,186,2849,0,20190,1067,"urbana",16454,"particular","furgoneta","diesel","M","blanco","casado","anual",1,1,"superior","presencial",3,4,2,6,0.256,1,10,0,"fin_estudio",3508.57,1169.52,1,"1","2"
893,"10","2",2.855,0.2855,35,"25-35",15,119,1449,3,27385,834,"mixta",18093,"comercial","turismo","gasolina","M","rojo","soltero","mensual",1,1,"basico","presencial",0,1,0,2,2.855,0,2.855,1,"baja",0,NA,0,"3","2"
894,"10","2",0.963,0.0963,54,"35-65",31,120,1752,2,32627,344,"mixta",11704,"particular","turismo","gasolina","H","negro","soltero","anual",1,1,"basico","presencial",1,0,0,1,0.408,1,0.963,1,"baja",1019.81,1019.81,1,"4","4"
895,"10","2",5.755,0.5755,48,"35-65",19,166,2315,0,25719,144,"rural",9175,"particular","turismo","diesel","M","otro","casado","mensual",0,1,"medio","telematico",0,2,2,1,5.755,0,7.192,0,"fin_estudio",0,NA,0,"1","1"
896,"10","2",4.071,0.4071,45,"35-65",20,90,1209,0,14053,56,"rural",13597,"comercial","turismo","gasolina","M","negro","soltero","anual",0,1,"medio","telefonico",0,2,0,2,4.071,0,4.516,0,"fin_estudio",0,NA,0,"1","1"
897,"10","2",5.895,0.5895,58,"35-65",36,82,1328,5,13792,746,"mixta",25218,"particular","furgoneta","diesel","M","negro","casado","mensual",0,1,"superior","presencial",0,0,0,4,5.895,0,8.703,0,"fin_estudio",0,NA,0,"2","2"
898,"10","2",1.794,0.1794,48,"35-65",17,156,2305,1,32955,221,"mixta",26263,"particular","turismo","diesel","M","otro","soltero","anual",1,1,"medio","presencial",0,2,0,0,1.794,0,1.794,1,"baja",0,NA,0,"4","4"
899,"10","2",1.364,0.1364,29,"25-35",9,131,1807,8,14557,197,"mixta",22917,"particular","turismo","diesel","H","otro","casado","mensual",0,2,"medio","presencial",0,1,0,0,1.364,0,1.364,1,"baja",0,NA,0,"3","2"
900,"10","2",2.482,0.2482,48,"35-65",13,92,1444,12,36070,941,"mixta",8506,"comercial","moto","diesel","H","blanco","otro","anual",0,1,"basico","presencial",0,1,0,1,2.482,0,10,0,"fin_estudio",0,NA,0,"2","1"
901,"10","2",1.325,0.1325,68,"65+",29,91,1565,5,19256,142,"rural",13676,"particular","furgoneta","diesel","M","rojo","casado","mensual",0,2,"basico","presencial",1,2,0,2,0.961,1,10,0,"fin_estudio",2834.94,2834.94,1,"2","1"
902,"10","2",6.96,0.696,37,"35-65",15,68,1215,19,29665,25,"rural",6762,"particular","turismo","gasolina","H","rojo","casado","anual",0,1,"medio","presencial",0,2,0,3,6.96,0,8.114,0,"fin_estudio",0,NA,0,"1","1"
903,"10","2",8.662,0.8662,31,"25-35",10,98,1569,6,20229,163,"mixta",17381,"particular","turismo","diesel","H","rojo","casado","mensual",0,1,"medio","presencial",0,8,0,2,8.662,0,10,0,"fin_estudio",0,NA,0,"2","1"
904,"10","2",6.993,0.6993,45,"35-65",25,76,1278,15,20701,575,"mixta",21582,"particular","moto","gasolina","H","blanco","casado","mensual",0,3,"medio","telefonico",0,5,0,4,6.993,0,10,0,"fin_estudio",0,NA,0,"1","1"
905,"10","2",3.588,0.3588,78,"65+",29,142,1845,17,24532,303,"mixta",12703,"particular","turismo","diesel","H","rojo","casado","mensual",0,1,"superior","presencial",0,2,0,1,3.588,0,10,0,"fin_estudio",0,NA,0,"3","2"
906,"10","2",7.045,0.7045,85,"65+",43,166,2253,12,25679,578,"mixta",17374,"particular","turismo","diesel","H","gris","casado","mensual",0,1,"basico","presencial",0,8,0,4,7.045,0,9.69,0,"fin_estudio",0,NA,0,"1","1"
907,"10","2",0.384,0.0384,53,"35-65",30,113,1648,8,18313,310,"mixta",6715,"particular","furgoneta","gasolina","H","negro","casado","anual",0,3,"medio","telefonico",0,0,0,0,0.384,0,0.384,1,"baja",0,NA,0,"2","2"
908,"10","2",4.722,0.4722,43,"35-65",24,92,1128,5,13286,727,"mixta",11424,"particular","turismo","diesel","M","negro","otro","mensual",0,1,"superior","telefonico",1,2,0,3,2.247,1,8.132,0,"fin_estudio",1361.8,1361.8,1,"3","2"
909,"10","2",6.146,0.6146,56,"35-65",16,126,2249,0,35426,3093,"urbana",11211,"particular","turismo","diesel","M","otro","soltero","mensual",1,2,"medio","telefonico",5,0,0,3,2.292,1,6.146,1,"baja",15453.46,3090.69,1,"4","4"
910,"10","2",1.201,0.1201,45,"35-65",22,116,1784,0,20573,1727,"urbana",10347,"particular","furgoneta","gasolina","M","gris","casado","anual",0,2,"superior","telefonico",0,0,0,1,1.201,0,10,0,"fin_estudio",0,NA,0,"3","3"
911,"10","2",1.465,0.1465,52,"35-65",20,83,1173,3,25908,34,"rural",3923,"particular","turismo","gasolina","H","rojo","otro","mensual",0,3,"basico","telefonico",0,0,0,1,1.465,0,10,0,"fin_estudio",0,NA,0,"4","3"
912,"10","2",3.018,0.3018,41,"35-65",10,167,2186,1,37772,144,"rural",22436,"particular","turismo","gasolina","M","rojo","soltero","anual",0,2,"basico","presencial",0,2,0,4,3.018,0,10,0,"fin_estudio",0,NA,0,"4","4"
913,"10","2",2.561,0.2561,63,"35-65",24,205,3157,14,32269,326,"mixta",15200,"comercial","turismo","diesel","M","gris","casado","anual",0,1,"medio","presencial",0,0,0,2,2.561,0,2.561,1,"baja",0,NA,0,"3","2"
914,"10","2",2.079,0.2079,49,"35-65",14,90,1185,6,23062,379,"mixta",11829,"particular","moto","gasolina","H","blanco","casado","mensual",0,1,"basico","presencial",0,0,0,2,2.079,0,5.421,0,"fin_estudio",0,NA,0,"2","1"
915,"10","2",9.612,0.9612,27,"25-35",6,125,1705,8,26670,83,"rural",3992,"particular","turismo","gasolina","H","blanco","casado","anual",0,1,"superior","telefonico",0,1,0,10,9.612,0,10,0,"fin_estudio",0,NA,0,"1","1"
916,"10","2",0.318,0.0318,75,"65+",34,97,1290,7,28673,229,"mixta",11807,"particular","moto","diesel","H","rojo","otro","mensual",0,2,"basico","presencial",0,0,0,0,0.318,0,0.318,1,"baja",0,NA,0,"1","1"
917,"10","2",6.103,0.6103,69,"65+",31,115,1755,8,31719,342,"mixta",6478,"particular","turismo","diesel","H","otro","casado","anual",0,1,"basico","presencial",0,3,0,2,6.103,0,10,0,"fin_estudio",0,NA,0,"1","1"
918,"10","2",1.182,0.1182,46,"35-65",15,123,1525,11,28087,302,"mixta",11859,"particular","moto","gasolina","H","otro","casado","anual",0,2,"medio","telematico",0,0,0,0,1.182,0,10,0,"fin_estudio",0,NA,0,"2","2"
919,"10","2",1.076,0.1076,45,"35-65",13,175,3041,7,23155,212,"mixta",21965,"comercial","turismo","gasolina","H","gris","casado","anual",1,2,"basico","presencial",0,0,0,0,1.076,0,10,0,"fin_estudio",0,NA,0,"3","2"
920,"10","2",1.786,0.1786,51,"35-65",31,55,800,8,14895,151,"mixta",14323,"particular","moto","diesel","H","otro","soltero","mensual",0,2,"basico","telefonico",0,1,0,1,1.786,0,5.533,0,"fin_estudio",0,NA,0,"1","1"
921,"10","2",5.888,0.5888,40,"35-65",16,114,1864,7,30636,192,"mixta",11759,"comercial","moto","diesel","H","otro","soltero","mensual",1,2,"basico","telefonico",0,3,0,7,5.888,0,5.888,1,"baja",0,NA,0,"1","1"
922,"10","2",3.773,0.3773,22,"18-25",2,185,2839,12,32340,105,"rural",12273,"particular","moto","diesel","H","gris","casado","mensual",0,1,"basico","telematico",0,3,1,3,3.773,0,5.075,0,"fin_estudio",0,NA,0,"3","2"
923,"10","2",6.713,0.6713,53,"35-65",15,101,1787,10,23653,634,"mixta",8099,"particular","turismo","gasolina","H","blanco","soltero","mensual",0,1,"medio","telefonico",2,0,0,2,3.509,1,6.713,1,"baja",2703.46,1351.73,1,"1","2"
924,"10","2",4.236,0.4236,47,"35-65",25,96,1492,11,33067,25,"rural",17703,"comercial","turismo","gasolina","M","negro","soltero","mensual",0,1,"medio","presencial",0,5,0,2,4.236,0,4.236,1,"baja",0,NA,0,"1","1"
925,"10","2",2.12,0.212,48,"35-65",18,112,1625,9,22899,53,"rural",9895,"particular","turismo","diesel","M","otro","casado","anual",1,1,"basico","presencial",0,0,0,2,2.12,0,4.026,0,"fin_estudio",0,NA,0,"3","3"
926,"10","2",4.383,0.4383,63,"35-65",41,141,2185,7,33648,380,"mixta",16636,"particular","furgoneta","diesel","H","gris","soltero","anual",0,1,"superior","presencial",1,4,0,3,4.08,1,5.526,0,"fin_estudio",998.97,998.97,1,"1","2"
927,"10","2",7.493,0.7493,38,"35-65",7,61,1068,6,15296,78,"rural",10264,"particular","turismo","diesel","M","rojo","soltero","anual",0,1,"basico","telematico",2,1,0,4,5.019,1,7.493,1,"baja",1789.53,894.76,1,"3","3"
928,"10","2",1.192,0.1192,20,"18-25",1,86,1395,9,11305,95,"rural",9739,"particular","turismo","gasolina","H","negro","soltero","mensual",1,1,"basico","telefonico",0,0,0,1,1.192,0,1.192,1,"baja",0,NA,0,"1","1"
929,"10","2",2.44,0.244,54,"35-65",33,142,2169,9,35713,440,"mixta",23765,"particular","turismo","diesel","M","rojo","soltero","anual",0,1,"basico","presencial",1,2,2,0,1.886,1,2.44,1,"baja",7161.67,7161.67,1,"3","3"
930,"10","2",6.987,0.6987,42,"35-65",23,108,1862,5,11353,194,"mixta",6319,"particular","turismo","diesel","H","blanco","soltero","mensual",1,1,"superior","presencial",0,2,0,3,6.987,0,6.987,1,"baja",0,NA,0,"1","1"
931,"10","2",4.738,0.4738,39,"35-65",19,115,1576,12,20948,37,"rural",9529,"particular","furgoneta","gasolina","H","rojo","soltero","anual",0,1,"medio","telematico",0,1,1,4,4.738,0,4.738,1,"baja",0,NA,0,"1","1"
932,"10","2",3.938,0.3938,29,"25-35",7,211,3716,10,40150,143,"rural",6207,"particular","turismo","diesel","M","gris","soltero","mensual",0,1,"basico","presencial",0,3,0,3,3.938,0,10,0,"fin_estudio",0,NA,0,"1","1"
933,"10","2",8.685,0.8685,28,"25-35",5,58,995,0,29640,168,"mixta",14794,"particular","turismo","diesel","M","rojo","casado","mensual",1,2,"medio","presencial",0,4,0,7,8.685,0,9.691,0,"fin_estudio",0,NA,0,"1","1"
934,"10","2",2.057,0.2057,53,"35-65",13,112,1445,8,14720,748,"mixta",21159,"comercial","moto","gasolina","H","negro","casado","anual",1,1,"basico","presencial",0,3,0,0,2.057,0,2.057,1,"baja",0,NA,0,"1","1"
935,"10","2",9.109,0.9109,35,"25-35",14,169,2572,12,26032,187,"mixta",16487,"particular","turismo","gasolina","H","otro","soltero","anual",0,1,"basico","presencial",0,6,2,5,9.109,0,10,0,"fin_estudio",0,NA,0,"1","1"
936,"10","2",2.972,0.2972,61,"35-65",22,165,2479,11,36489,1165,"urbana",12088,"comercial","turismo","gasolina","M","negro","casado","anual",0,1,"medio","telefonico",0,0,2,2,2.972,0,7.153,0,"fin_estudio",0,NA,0,"3","2"
937,"10","2",1.433,0.1433,61,"35-65",35,67,867,4,6544,96,"rural",20747,"particular","turismo","diesel","M","rojo","otro","anual",0,2,"medio","telematico",0,0,0,0,1.433,0,5.291,0,"fin_estudio",0,NA,0,"2","2"
938,"10","2",6.872,0.6872,56,"35-65",21,85,1339,9,12120,3909,"urbana",15018,"particular","moto","diesel","H","negro","soltero","anual",0,1,"medio","telematico",0,5,0,5,6.872,0,10,0,"fin_estudio",0,NA,0,"2","1"
939,"10","2",2.42,0.242,45,"35-65",12,104,1689,8,39902,783,"mixta",8285,"particular","turismo","gasolina","M","gris","soltero","anual",0,1,"superior","telefonico",0,1,0,2,2.42,0,10,0,"fin_estudio",0,NA,0,"2","2"
940,"10","2",0.517,0.0517,34,"25-35",10,119,2001,9,28802,195,"mixta",10772,"particular","turismo","gasolina","H","rojo","casado","anual",0,2,"basico","presencial",0,0,0,0,0.517,0,0.517,1,"baja",0,NA,0,"2","2"
941,"10","2",1.275,0.1275,37,"35-65",9,107,1515,3,14455,287,"mixta",17776,"comercial","turismo","gasolina","H","rojo","soltero","mensual",0,1,"medio","telematico",0,0,0,2,1.275,0,1.275,1,"baja",0,NA,0,"2","1"
942,"10","2",7.434,0.7434,30,"25-35",6,130,2058,13,15189,1214,"urbana",4651,"particular","turismo","gasolina","M","blanco","casado","mensual",0,1,"basico","presencial",1,1,0,5,0.167,1,10,0,"fin_estudio",832.01,832.01,1,"2","2"
943,"10","2",5.164,0.5164,55,"35-65",36,201,3452,9,25592,916,"mixta",8775,"particular","furgoneta","gasolina","M","gris","soltero","anual",0,1,"basico","telematico",0,1,1,6,5.164,0,5.164,1,"baja",0,NA,0,"1","1"
944,"10","2",5.997,0.5997,51,"35-65",24,191,2868,8,38228,321,"mixta",22264,"particular","furgoneta","diesel","M","gris","casado","mensual",0,1,"superior","telefonico",0,3,3,4,5.997,0,5.997,1,"baja",0,NA,0,"2","1"
945,"10","2",9.854,0.9854,40,"35-65",20,174,2572,4,16032,116,"rural",7933,"particular","turismo","diesel","H","rojo","otro","anual",0,1,"basico","telematico",3,5,2,7,0.126,1,10,0,"fin_estudio",1970.39,656.8,1,"4","5"
946,"10","2",3.151,0.3151,41,"35-65",20,55,855,13,22864,141,"rural",11293,"particular","turismo","diesel","M","blanco","casado","anual",0,1,"medio","telefonico",0,1,0,0,3.151,0,8.996,0,"fin_estudio",0,NA,0,"3","2"
947,"10","2",2.78,0.278,82,"65+",29,95,1404,18,46554,2118,"urbana",8618,"comercial","turismo","gasolina","H","blanco","otro","anual",0,2,"basico","telematico",0,2,0,2,2.78,0,2.78,1,"baja",0,NA,0,"4","3"
948,"10","2",2.156,0.2156,18,"18-25",0,178,2920,0,36255,163,"mixta",10851,"particular","turismo","gasolina","M","rojo","casado","mensual",0,1,"superior","telefonico",0,0,0,4,2.156,0,9.741,0,"fin_estudio",0,NA,0,"2","2"
949,"10","2",1.997,0.1997,25,"18-25",7,140,2036,8,22762,59,"rural",10677,"particular","turismo","diesel","M","rojo","soltero","anual",0,2,"medio","presencial",1,3,0,1,1.179,1,10,0,"fin_estudio",2434.42,2434.42,1,"2","3"
950,"10","2",5.752,0.5752,40,"35-65",12,151,1926,16,31862,431,"mixta",17943,"particular","turismo","gasolina","H","gris","casado","mensual",0,1,"basico","telefonico",1,4,0,5,3.186,1,7.728,0,"fin_estudio",755.66,755.66,1,"2","1"
951,"10","2",3.705,0.3705,48,"35-65",21,122,1683,9,34528,388,"mixta",14175,"particular","furgoneta","gasolina","H","otro","soltero","mensual",0,2,"medio","telefonico",1,1,0,0,1.532,1,10,0,"fin_estudio",1993.69,1993.69,1,"1","1"
952,"10","2",7.648,0.7648,49,"35-65",13,119,1996,19,26974,865,"mixta",7357,"particular","moto","gasolina","M","otro","soltero","mensual",0,2,"superior","presencial",0,1,2,2,7.648,0,7.648,1,"baja",0,NA,0,"1","1"
953,"10","2",2.239,0.2239,51,"35-65",13,98,1341,16,19706,214,"mixta",17432,"comercial","turismo","diesel","H","rojo","casado","anual",0,1,"medio","telefonico",0,0,0,3,2.239,0,8.534,0,"fin_estudio",0,NA,0,"2","2"
954,"10","2",5.566,0.5566,48,"35-65",16,155,2236,19,28342,228,"mixta",20924,"particular","turismo","gasolina","M","rojo","otro","anual",1,1,"basico","presencial",0,2,0,1,5.566,0,5.566,1,"baja",0,NA,0,"1","1"
955,"10","2",7.933,0.7933,24,"18-25",3,86,1370,15,17114,728,"mixta",7933,"particular","turismo","diesel","M","blanco","casado","mensual",0,1,"superior","presencial",4,5,1,2,0.455,1,10,0,"fin_estudio",6088.05,1522.01,1,"4","4"
956,"10","2",8.41,0.841,59,"35-65",35,86,1378,6,25079,900,"mixta",10949,"comercial","turismo","diesel","H","gris","casado","anual",0,2,"basico","telefonico",2,3,0,2,3.505,1,10,0,"fin_estudio",2650.45,1325.22,1,"4","4"
957,"10","2",7.047,0.7047,41,"35-65",11,107,1854,6,24369,1749,"urbana",30809,"particular","turismo","gasolina","H","rojo","soltero","mensual",0,1,"basico","presencial",2,6,0,4,2.085,1,10,0,"fin_estudio",2223.84,1111.92,1,"1","1"
958,"10","2",2.053,0.2053,29,"25-35",10,55,877,15,22253,250,"mixta",24004,"particular","turismo","gasolina","H","blanco","casado","mensual",0,1,"medio","telefonico",1,1,0,1,0.53,1,2.81,0,"fin_estudio",1623.12,1623.12,1,"2","1"
959,"10","2",1.423,0.1423,28,"25-35",6,85,1187,10,24013,649,"mixta",23558,"particular","turismo","gasolina","H","otro","casado","anual",0,2,"basico","presencial",1,1,0,0,0.703,1,1.423,1,"baja",2037.54,2037.54,1,"4","4"
960,"10","2",3.692,0.3692,53,"35-65",16,93,1488,12,13404,49,"rural",7338,"particular","turismo","gasolina","H","rojo","soltero","anual",0,1,"basico","presencial",0,2,0,0,3.692,0,7.384,0,"fin_estudio",0,NA,0,"5","4"
961,"10","2",8.447,0.8447,46,"35-65",10,117,1671,11,24984,94,"rural",5154,"particular","moto","gasolina","M","gris","casado","anual",0,1,"medio","telematico",0,1,2,6,8.447,0,10,0,"fin_estudio",0,NA,0,"1","1"
962,"10","2",2.438,0.2438,77,"65+",38,112,1753,6,7598,685,"mixta",7292,"particular","turismo","gasolina","H","gris","soltero","anual",0,1,"medio","telematico",0,1,0,2,2.438,0,2.438,1,"baja",0,NA,0,"3","2"
963,"10","2",2.127,0.2127,18,"18-25",0,55,842,15,22840,796,"mixta",26810,"particular","turismo","diesel","H","gris","casado","mensual",0,3,"superior","telefonico",2,0,0,4,0.614,1,2.127,1,"baja",4909.42,2454.71,1,"3","3"
964,"10","2",4.527,0.4527,45,"35-65",21,110,1634,7,27286,641,"mixta",8046,"particular","turismo","diesel","H","rojo","casado","anual",0,1,"medio","telematico",0,1,1,2,4.527,0,4.527,1,"baja",0,NA,0,"1","1"
965,"10","2",4.215,0.4215,33,"25-35",14,161,2715,8,31126,174,"mixta",9061,"particular","furgoneta","diesel","M","negro","casado","mensual",0,1,"medio","presencial",1,2,1,3,3.65,1,5.201,0,"fin_estudio",203.16,203.16,1,"2","1"
966,"10","2",6.255,0.6255,65,"35-65",33,101,1453,12,31043,210,"mixta",10646,"particular","turismo","diesel","H","otro","casado","anual",1,1,"medio","presencial",3,3,0,5,0.443,1,7.551,0,"fin_estudio",5771.72,1923.91,1,"4","3"
967,"10","2",4.061,0.4061,67,"65+",33,114,1425,6,28646,2032,"urbana",5278,"particular","furgoneta","diesel","H","gris","soltero","anual",0,1,"medio","presencial",0,2,0,1,4.061,0,10,0,"fin_estudio",0,NA,0,"2","2"
968,"10","2",2.085,0.2085,73,"65+",45,116,1561,9,25187,1029,"urbana",6641,"particular","turismo","diesel","H","negro","casado","mensual",1,2,"medio","telematico",0,2,0,1,2.085,0,10,0,"fin_estudio",0,NA,0,"1","1"
969,"10","2",7.5,0.75,46,"35-65",16,91,1502,5,10470,1310,"urbana",9126,"particular","furgoneta","diesel","M","negro","casado","mensual",1,2,"basico","presencial",0,2,0,5,7.5,0,7.616,0,"fin_estudio",0,NA,0,"1","1"
970,"10","2",3.192,0.3192,48,"35-65",28,140,1977,10,40615,157,"mixta",9565,"particular","moto","diesel","H","gris","soltero","mensual",1,1,"medio","presencial",0,1,0,1,3.192,0,3.192,1,"baja",0,NA,0,"2","1"
971,"10","2",1.909,0.1909,35,"25-35",16,103,1452,8,35732,143,"rural",11177,"particular","turismo","diesel","H","blanco","soltero","anual",0,1,"basico","presencial",0,1,0,0,1.909,0,7.186,0,"fin_estudio",0,NA,0,"2","2"
972,"10","2",3.651,0.3651,43,"35-65",17,91,1532,7,18609,4772,"urbana",10575,"particular","turismo","gasolina","M","blanco","soltero","anual",0,1,"basico","presencial",1,2,1,1,2.877,1,10,0,"fin_estudio",1753.11,1753.11,1,"2","1"
973,"10","2",1.8,0.18,46,"35-65",19,150,2403,16,39210,478,"mixta",10765,"comercial","turismo","diesel","H","otro","soltero","anual",1,1,"medio","presencial",2,0,0,4,0.565,1,1.8,1,"baja",6424.96,3212.48,1,"5","5"
974,"10","2",1.044,0.1044,66,"65+",42,56,913,14,28754,1258,"urbana",13582,"comercial","furgoneta","diesel","M","blanco","otro","mensual",0,3,"medio","telematico",0,0,0,0,1.044,0,1.044,1,"baja",0,NA,0,"4","4"
975,"10","2",4.474,0.4474,62,"35-65",40,145,2235,7,33008,96,"rural",10648,"particular","moto","diesel","H","blanco","casado","anual",1,2,"superior","telefonico",0,1,1,4,4.474,0,4.474,1,"baja",0,NA,0,"2","2"
976,"10","2",3.589,0.3589,56,"35-65",23,73,1209,8,29101,1408,"urbana",7822,"particular","turismo","diesel","H","gris","soltero","mensual",1,2,"medio","telefonico",0,0,1,6,3.589,0,10,0,"fin_estudio",0,NA,0,"1","1"
977,"10","2",8.923,0.8923,47,"35-65",18,57,843,6,24776,288,"mixta",10891,"particular","turismo","gasolina","H","blanco","soltero","anual",0,1,"medio","presencial",3,2,0,5,0.239,1,10,0,"fin_estudio",6391.17,2130.39,1,"4","4"
978,"10","2",7.317,0.7317,51,"35-65",13,116,1996,11,29096,324,"mixta",12852,"particular","furgoneta","diesel","H","negro","soltero","mensual",0,1,"basico","telefonico",0,5,1,4,7.317,0,10,0,"fin_estudio",0,NA,0,"1","1"
979,"10","2",4.458,0.4458,42,"35-65",15,135,1630,14,21973,1791,"urbana",15042,"particular","turismo","diesel","H","negro","casado","anual",1,1,"medio","telefonico",1,2,1,3,2.111,1,10,0,"fin_estudio",3675.41,3675.41,1,"4","4"
980,"10","2",6.192,0.6192,27,"25-35",6,146,2446,8,31927,240,"mixta",19607,"particular","turismo","diesel","H","negro","soltero","mensual",0,1,"medio","presencial",1,4,0,6,4.654,1,6.192,1,"baja",7029.81,7029.81,1,"2","1"
981,"10","2",4.163,0.4163,37,"35-65",10,92,1440,5,27626,235,"mixta",26443,"particular","turismo","gasolina","M","gris","otro","mensual",0,1,"basico","telematico",0,4,0,4,4.163,0,4.163,1,"baja",0,NA,0,"1","1"
982,"10","2",2.98,0.298,58,"35-65",25,55,923,2,24894,633,"mixta",12919,"particular","moto","diesel","H","otro","casado","mensual",0,2,"basico","presencial",0,0,0,1,2.98,0,4.653,0,"fin_estudio",0,NA,0,"5","5"
983,"10","2",8.613,0.8613,28,"25-35",5,114,1384,10,20568,250,"mixta",9655,"comercial","turismo","diesel","H","blanco","soltero","mensual",0,1,"medio","presencial",2,7,0,7,0.955,1,10,0,"fin_estudio",4140.2,2070.1,1,"1","1"
984,"10","2",4.913,0.4913,24,"18-25",5,111,1729,8,20154,266,"mixta",8270,"comercial","turismo","diesel","H","gris","casado","anual",0,2,"basico","presencial",0,4,0,1,4.913,0,9.12,0,"fin_estudio",0,NA,0,"1","1"
985,"10","2",4.51,0.451,32,"25-35",7,105,1436,4,26323,960,"mixta",14448,"particular","turismo","gasolina","H","negro","otro","mensual",1,1,"basico","presencial",3,4,0,1,4.04,1,10,0,"fin_estudio",5449.22,1816.41,1,"1","4"
986,"11","3",1.899,0.1899,42,"35-65",14,92,1437,5,31621,417,"mixta",4795,"particular","turismo","gasolina","H","negro","soltero","anual",0,4,"medio","presencial",0,0,0,3,1.899,0,1.899,1,"baja",0,NA,0,"2","1"
987,"11","3",1.312,0.1312,41,"35-65",9,75,1192,3,25104,953,"mixta",17199,"comercial","turismo","diesel","M","rojo","otro","mensual",0,1,"superior","telematico",0,1,0,1,1.312,0,1.312,1,"baja",0,NA,0,"2","2"
988,"11","3",0.815,0.0815,22,"18-25",3,100,1798,0,35407,131,"rural",30271,"particular","moto","diesel","M","gris","otro","anual",1,1,"medio","presencial",0,0,0,0,0.815,0,0.815,1,"baja",0,NA,0,"1","1"
989,"11","3",2.725,0.2725,62,"35-65",36,160,2550,10,11321,78,"rural",24793,"particular","turismo","gasolina","H","otro","casado","mensual",0,2,"medio","telefonico",0,1,1,5,2.725,0,10,0,"fin_estudio",0,NA,0,"1","1"
990,"11","3",8.61,0.861,31,"25-35",11,183,2461,3,19153,616,"mixta",9834,"particular","turismo","gasolina","H","blanco","soltero","anual",0,1,"medio","presencial",9,2,2,19,1.176,1,10,0,"fin_estudio",22890.89,2543.43,1,"4","5"
991,"11","3",1.72,0.172,46,"35-65",22,135,2092,9,31182,137,"rural",14656,"particular","turismo","gasolina","H","negro","soltero","mensual",0,1,"medio","presencial",1,0,1,4,1.71,1,1.72,1,"baja",2212.54,2212.54,1,"5","5"
992,"11","3",0.85,0.085,74,"65+",53,136,1884,15,13083,133,"rural",7270,"comercial","turismo","diesel","M","blanco","soltero","anual",0,1,"basico","presencial",0,0,0,0,0.85,0,0.85,1,"baja",0,NA,0,"3","3"
993,"11","3",4.411,0.4411,54,"35-65",13,86,1470,6,19349,78,"rural",17685,"particular","turismo","gasolina","M","gris","casado","mensual",1,1,"superior","telefonico",0,3,0,3,4.411,0,4.411,1,"baja",0,NA,0,"1","1"
994,"11","3",3.644,0.3644,74,"65+",54,132,1734,0,22388,55,"rural",7679,"particular","moto","diesel","H","otro","casado","anual",1,2,"basico","presencial",0,2,0,8,3.644,0,3.644,1,"baja",0,NA,0,"3","2"
995,"11","3",1.72,0.172,24,"18-25",6,74,938,4,42425,109,"rural",17718,"particular","turismo","diesel","M","blanco","soltero","anual",0,1,"basico","presencial",0,1,0,5,1.72,0,10,0,"fin_estudio",0,NA,0,"2","2"
996,"11","3",3.761,0.3761,53,"35-65",19,99,1569,10,19753,567,"mixta",21433,"particular","furgoneta","gasolina","H","blanco","casado","mensual",0,1,"medio","telematico",1,3,0,4,0.125,1,3.761,1,"baja",293.28,293.28,1,"2","2"
997,"11","3",5.623,0.5623,24,"18-25",6,127,1979,7,24824,169,"mixta",12232,"particular","furgoneta","gasolina","H","negro","soltero","anual",1,2,"medio","presencial",1,4,0,7,5.45,1,6.119,0,"fin_estudio",1157.29,1157.29,1,"1","2"
998,"11","3",1.569,0.1569,38,"35-65",9,55,800,0,22308,20,"rural",10080,"particular","turismo","gasolina","H","blanco","otro","mensual",0,1,"medio","telematico",0,0,0,2,1.569,0,10,0,"fin_estudio",0,NA,0,"3","2"
999,"11","3",8.091,0.8091,44,"35-65",18,141,1860,7,23936,84,"rural",25933,"particular","turismo","gasolina","H","gris","casado","mensual",0,1,"basico","presencial",0,4,2,11,8.091,0,8.091,1,"baja",0,NA,0,"1","1"
1000,"11","3",1.145,0.1145,52,"35-65",14,152,2555,19,30114,103,"rural",14294,"particular","moto","diesel","M","negro","soltero","mensual",1,1,"basico","presencial",0,3,0,1,1.145,0,7.471,0,"fin_estudio",0,NA,0,"2","2"
1001,"11","3",6.715,0.6715,32,"25-35",11,98,1422,6,33118,1217,"urbana",17120,"particular","moto","diesel","H","otro","casado","anual",0,1,"basico","telematico",2,3,0,13,2.409,1,10,0,"fin_estudio",3530.44,1765.22,1,"4","3"
1002,"11","3",6.091,0.6091,53,"35-65",17,144,2540,3,18913,429,"mixta",15755,"particular","turismo","gasolina","H","otro","soltero","anual",0,3,"medio","telefonico",0,3,1,8,6.091,0,10,0,"fin_estudio",0,NA,0,"1","1"
1003,"11","3",3.302,0.3302,38,"35-65",18,57,809,3,16078,135,"rural",9915,"particular","turismo","diesel","M","rojo","casado","anual",0,2,"medio","telematico",0,1,0,0,3.302,0,10,0,"fin_estudio",0,NA,0,"4","4"
1004,"11","3",7.543,0.7543,35,"25-35",10,55,874,11,30840,213,"mixta",32601,"particular","furgoneta","diesel","M","blanco","casado","mensual",0,3,"medio","presencial",0,4,0,7,7.543,0,10,0,"fin_estudio",0,NA,0,"1","1"
1005,"11","3",4.137,0.4137,73,"65+",31,75,955,3,25676,122,"rural",7010,"particular","turismo","gasolina","M","otro","casado","anual",0,2,"basico","telefonico",0,3,0,12,4.137,0,4.137,1,"baja",0,NA,0,"1","1"
1006,"11","3",4.225,0.4225,37,"35-65",17,101,1253,8,19665,752,"mixta",5538,"comercial","turismo","diesel","H","blanco","casado","mensual",1,1,"medio","telematico",0,2,0,6,4.225,0,10,0,"fin_estudio",0,NA,0,"1","1"
1007,"11","3",7.264,0.7264,36,"35-65",12,83,1355,11,22594,985,"mixta",15037,"comercial","moto","diesel","H","negro","casado","anual",0,1,"basico","telematico",0,3,0,6,7.264,0,10,0,"fin_estudio",0,NA,0,"4","3"
1008,"11","3",3.381,0.3381,40,"35-65",14,132,1736,12,29447,719,"mixta",17534,"particular","turismo","diesel","M","otro","casado","mensual",0,1,"medio","telematico",2,0,0,2,0.234,1,3.381,1,"baja",4398.45,2199.22,1,"3","2"
1009,"11","3",8.198,0.8198,64,"35-65",34,84,1090,5,22925,36,"rural",6856,"particular","moto","diesel","H","rojo","soltero","anual",1,1,"medio","presencial",1,1,1,8,2.731,1,10,0,"fin_estudio",511.81,511.81,1,"1","1"
1010,"11","3",4.282,0.4282,51,"35-65",25,140,2283,11,27927,1046,"urbana",14059,"particular","turismo","diesel","H","negro","soltero","mensual",0,1,"superior","telematico",2,1,0,3,0.91,1,4.892,0,"fin_estudio",1910.72,955.36,1,"5","4"
1011,"11","3",8.098,0.8098,32,"25-35",9,55,916,8,11188,2737,"urbana",7775,"particular","turismo","gasolina","M","negro","casado","mensual",0,1,"medio","presencial",0,4,0,10,8.098,0,8.098,1,"baja",0,NA,0,"1","1"
1012,"11","3",2.762,0.2762,33,"25-35",6,97,1663,2,14421,48,"rural",16346,"particular","turismo","gasolina","M","negro","soltero","anual",0,2,"medio","presencial",1,1,1,2,0.029,1,7.359,0,"fin_estudio",975.38,975.38,1,"2","2"
1013,"11","3",2.683,0.2683,24,"18-25",4,96,1511,4,14649,281,"mixta",13187,"particular","turismo","diesel","M","otro","casado","anual",1,1,"superior","telematico",1,2,0,5,1.892,1,3.551,0,"fin_estudio",1309.65,1309.65,1,"2","1"
1014,"11","3",4.293,0.4293,55,"35-65",31,115,1763,9,11989,80,"rural",15342,"comercial","turismo","diesel","H","blanco","otro","mensual",1,2,"basico","telefonico",0,3,0,7,4.293,0,6.888,0,"fin_estudio",0,NA,0,"3","3"
1015,"11","3",4.203,0.4203,50,"35-65",24,70,889,0,28543,953,"mixta",7676,"particular","turismo","gasolina","H","gris","casado","anual",0,2,"basico","telefonico",0,0,0,4,4.203,0,10,0,"fin_estudio",0,NA,0,"2","1"
1016,"11","3",2.403,0.2403,21,"18-25",2,139,1847,7,36408,273,"mixta",20789,"particular","turismo","diesel","H","otro","soltero","anual",0,1,"medio","presencial",0,1,1,3,2.403,0,5.309,0,"fin_estudio",0,NA,0,"1","1"
1017,"11","3",6.388,0.6388,21,"18-25",3,119,1916,0,36593,260,"mixta",6599,"particular","turismo","gasolina","M","gris","casado","mensual",0,1,"medio","presencial",7,2,0,9,1.502,1,10,0,"fin_estudio",27907.68,3986.81,1,"5","5"
1018,"11","3",0.364,0.0364,53,"35-65",15,90,1563,8,22218,221,"mixta",9986,"particular","turismo","gasolina","H","otro","casado","anual",0,1,"basico","presencial",0,0,0,2,0.364,0,0.364,1,"baja",0,NA,0,"3","3"
1019,"11","3",2.814,0.2814,28,"25-35",9,55,875,5,13319,787,"mixta",14473,"particular","turismo","diesel","H","otro","casado","anual",0,1,"medio","telematico",0,0,0,4,2.814,0,10,0,"fin_estudio",0,NA,0,"2","1"
1020,"11","3",1.689,0.1689,20,"18-25",2,128,1807,14,9460,293,"mixta",14367,"comercial","turismo","diesel","H","rojo","casado","anual",1,1,"medio","telefonico",0,0,0,5,1.689,0,1.689,1,"baja",0,NA,0,"1","1"
1021,"11","3",5.906,0.5906,28,"25-35",8,63,1088,15,31370,476,"mixta",9725,"particular","turismo","gasolina","M","blanco","soltero","anual",0,1,"medio","presencial",0,1,0,4,5.906,0,5.906,1,"baja",0,NA,0,"1","1"
1022,"11","3",8.029,0.8029,56,"35-65",23,134,2112,3,41284,396,"mixta",16499,"particular","turismo","gasolina","H","blanco","casado","mensual",0,2,"basico","telefonico",0,5,2,6,8.029,0,8.601,0,"fin_estudio",0,NA,0,"1","1"
1023,"11","3",1.421,0.1421,26,"25-35",8,203,3025,10,32656,42,"rural",15498,"particular","moto","diesel","H","blanco","soltero","anual",0,1,"medio","telefonico",0,0,0,1,1.421,0,1.421,1,"baja",0,NA,0,"2","2"
1024,"11","3",4.463,0.4463,48,"35-65",29,92,1654,12,30294,297,"mixta",13164,"particular","turismo","gasolina","M","otro","casado","anual",0,1,"basico","telefonico",0,2,0,2,4.463,0,10,0,"fin_estudio",0,NA,0,"3","2"
1025,"11","3",2.795,0.2795,53,"35-65",28,139,2404,9,37707,458,"mixta",13853,"particular","furgoneta","gasolina","M","gris","soltero","anual",0,3,"superior","presencial",0,1,0,1,2.795,0,2.84,0,"fin_estudio",0,NA,0,"2","1"
1026,"11","3",2.513,0.2513,59,"35-65",35,69,990,5,28546,262,"mixta",11701,"particular","turismo","diesel","M","blanco","soltero","anual",1,1,"medio","telematico",0,1,0,3,2.513,0,2.513,1,"baja",0,NA,0,"3","3"
1027,"11","3",8.016,0.8016,41,"35-65",21,103,1387,0,24264,62,"rural",3606,"particular","turismo","diesel","M","rojo","casado","anual",0,1,"medio","presencial",0,2,0,6,8.016,0,10,0,"fin_estudio",0,NA,0,"1","1"
1028,"11","3",5.989,0.5989,31,"25-35",12,203,2758,5,27601,191,"mixta",10427,"particular","turismo","diesel","H","rojo","casado","anual",0,2,"superior","telefonico",0,3,0,11,5.989,0,10,0,"fin_estudio",0,NA,0,"1","1"
1029,"11","3",9.632,0.9632,35,"25-35",17,74,968,5,20488,455,"mixta",8177,"particular","turismo","diesel","H","rojo","soltero","anual",0,2,"medio","presencial",0,4,2,8,9.632,0,10,0,"fin_estudio",0,NA,0,"1","1"
1030,"11","3",1.244,0.1244,57,"35-65",21,55,808,12,17866,50,"rural",9588,"particular","furgoneta","diesel","H","otro","casado","anual",0,1,"basico","presencial",0,0,0,2,1.244,0,10,0,"fin_estudio",0,NA,0,"2","2"
1031,"11","3",6.352,0.6352,23,"18-25",2,151,2383,11,37437,781,"mixta",35776,"particular","turismo","gasolina","H","rojo","casado","anual",0,1,"medio","telefonico",10,6,0,10,1.41,1,10,0,"fin_estudio",53321.12,5332.11,1,"5","5"
1032,"11","3",2.059,0.2059,47,"35-65",25,94,1203,7,23780,501,"mixta",20738,"particular","furgoneta","gasolina","M","gris","casado","mensual",1,1,"basico","presencial",1,0,1,2,1.806,1,2.059,1,"baja",1026.1,1026.1,1,"4","4"
1033,"11","3",1.329,0.1329,48,"35-65",11,163,1963,10,27654,232,"mixta",4491,"particular","turismo","diesel","H","gris","casado","mensual",0,1,"medio","presencial",0,0,0,0,1.329,0,4.032,0,"fin_estudio",0,NA,0,"2","2"
1034,"11","3",7.202,0.7202,42,"35-65",17,124,1725,11,39491,146,"rural",12855,"particular","turismo","diesel","M","rojo","soltero","anual",0,1,"medio","presencial",0,5,0,9,7.202,0,10,0,"fin_estudio",0,NA,0,"1","1"
1035,"11","3",7.25,0.725,43,"35-65",15,145,2579,11,28114,341,"mixta",5428,"particular","furgoneta","diesel","H","rojo","otro","mensual",0,2,"superior","presencial",0,2,1,10,7.25,0,9.912,0,"fin_estudio",0,NA,0,"1","1"
1036,"11","3",3.773,0.3773,28,"25-35",9,85,1517,3,35562,267,"mixta",5784,"comercial","turismo","gasolina","H","otro","soltero","anual",0,1,"basico","presencial",0,1,0,6,3.773,0,3.773,1,"baja",0,NA,0,"3","2"
1037,"11","3",3.983,0.3983,34,"25-35",9,176,2904,5,39103,231,"mixta",11549,"particular","furgoneta","diesel","M","rojo","soltero","anual",0,1,"medio","presencial",0,1,0,12,3.983,0,3.983,1,"baja",0,NA,0,"3","3"
1038,"11","3",2.794,0.2794,65,"35-65",30,124,2165,0,24562,240,"mixta",14382,"particular","moto","diesel","H","otro","otro","mensual",0,1,"medio","telefonico",0,1,0,5,2.794,0,2.794,1,"baja",0,NA,0,"3","3"
1039,"11","3",7.106,0.7106,42,"35-65",13,84,1205,10,36129,298,"mixta",6177,"particular","turismo","diesel","M","negro","otro","mensual",0,2,"medio","presencial",0,3,0,11,7.106,0,7.106,1,"baja",0,NA,0,"1","1"
1040,"11","3",6.265,0.6265,36,"35-65",13,199,3297,0,40653,120,"rural",11476,"particular","turismo","gasolina","M","blanco","casado","mensual",0,3,"medio","telefonico",0,2,0,13,6.265,0,8.189,0,"fin_estudio",0,NA,0,"1","1"
1041,"11","3",2.263,0.2263,31,"25-35",13,127,2210,12,31449,34,"rural",14574,"particular","turismo","diesel","M","gris","casado","mensual",0,1,"superior","presencial",0,2,0,3,2.263,0,2.603,0,"fin_estudio",0,NA,0,"2","1"
1042,"11","3",0.648,0.0648,33,"25-35",8,118,1847,16,15846,869,"mixta",15762,"particular","furgoneta","diesel","M","gris","soltero","anual",1,1,"superior","telematico",0,0,0,2,0.648,0,0.648,1,"baja",0,NA,0,"2","2"
1043,"11","3",3.626,0.3626,49,"35-65",14,118,1723,5,30082,267,"mixta",8934,"comercial","moto","diesel","H","rojo","soltero","anual",1,1,"basico","telefonico",0,3,0,6,3.626,0,7.51,0,"fin_estudio",0,NA,0,"1","1"
1044,"11","3",5.684,0.5684,63,"35-65",31,97,1338,6,27094,501,"mixta",17057,"particular","furgoneta","diesel","M","rojo","casado","mensual",0,1,"medio","presencial",0,5,0,10,5.684,0,5.684,1,"baja",0,NA,0,"1","1"
1045,"11","3",7.166,0.7166,51,"35-65",23,137,2391,6,23582,311,"mixta",17060,"particular","turismo","diesel","M","gris","soltero","anual",1,1,"basico","presencial",0,3,0,13,7.166,0,7.166,1,"baja",0,NA,0,"1","1"
1046,"11","3",3.651,0.3651,29,"25-35",11,166,2901,1,34635,743,"mixta",8106,"particular","turismo","gasolina","M","rojo","otro","anual",1,1,"basico","presencial",0,0,1,11,3.651,0,5.602,0,"fin_estudio",0,NA,0,"1","1"
1047,"11","3",2.178,0.2178,55,"35-65",37,59,830,8,16777,243,"mixta",12520,"particular","turismo","gasolina","M","gris","soltero","anual",1,1,"basico","telematico",0,2,0,3,2.178,0,6.48,0,"fin_estudio",0,NA,0,"2","1"
1048,"11","3",0.593,0.0593,45,"35-65",15,125,1998,14,24619,63,"rural",6709,"particular","turismo","diesel","H","blanco","soltero","anual",0,1,"basico","presencial",0,0,0,1,0.593,0,0.593,1,"baja",0,NA,0,"2","2"
1049,"11","3",9.751,0.9751,50,"35-65",20,122,2052,6,18082,1431,"urbana",6153,"particular","turismo","gasolina","M","negro","casado","mensual",0,1,"basico","presencial",1,4,0,12,0.646,1,10,0,"fin_estudio",1026.9,1026.9,1,"1","1"
1050,"11","3",6.896,0.6896,30,"25-35",9,61,930,0,31901,538,"mixta",17086,"particular","turismo","diesel","M","gris","casado","anual",0,1,"basico","presencial",2,3,0,9,1.851,1,10,0,"fin_estudio",6059.44,3029.72,1,"1","1"
1051,"11","3",2.989,0.2989,51,"35-65",22,166,2539,9,20662,435,"mixta",17299,"particular","turismo","diesel","M","negro","casado","anual",0,1,"basico","presencial",0,2,0,3,2.989,0,2.989,1,"baja",0,NA,0,"1","1"
1052,"11","3",7.342,0.7342,34,"25-35",7,64,800,7,30809,182,"mixta",9387,"particular","moto","diesel","H","blanco","soltero","mensual",0,3,"basico","telefonico",0,1,0,7,7.342,0,7.896,0,"fin_estudio",0,NA,0,"1","1"
1053,"11","3",0.451,0.0451,45,"35-65",20,160,2791,1,24267,157,"mixta",5067,"particular","turismo","gasolina","M","otro","soltero","mensual",0,1,"superior","telematico",0,0,0,1,0.451,0,0.451,1,"baja",0,NA,0,"3","3"
1054,"11","3",8.267,0.8267,47,"35-65",16,161,1975,3,16840,1199,"urbana",22611,"particular","turismo","diesel","H","gris","casado","anual",0,1,"superior","presencial",2,3,1,12,0.903,1,9.323,0,"fin_estudio",4403.82,2201.91,1,"3","2"
1055,"11","3",3.723,0.3723,47,"35-65",25,192,2711,5,20996,346,"mixta",13511,"particular","turismo","gasolina","M","rojo","casado","anual",0,1,"basico","telefonico",0,0,0,3,3.723,0,3.723,1,"baja",0,NA,0,"4","4"
1056,"11","3",0.606,0.0606,58,"35-65",24,68,1111,11,22215,220,"mixta",12515,"comercial","turismo","diesel","M","gris","soltero","mensual",1,1,"basico","telematico",0,0,0,1,0.606,0,0.606,1,"baja",0,NA,0,"3","3"
1057,"11","3",3.216,0.3216,32,"25-35",11,70,1227,11,17695,556,"mixta",8076,"particular","turismo","diesel","M","rojo","casado","anual",0,2,"basico","telefonico",0,1,0,3,3.216,0,8.605,0,"fin_estudio",0,NA,0,"1","1"
1058,"11","3",2.039,0.2039,36,"35-65",11,70,1179,4,18639,325,"mixta",15402,"particular","furgoneta","diesel","M","rojo","casado","anual",1,1,"medio","telematico",0,0,1,2,2.039,0,2.039,1,"baja",0,NA,0,"1","1"
1059,"11","3",0.341,0.0341,41,"35-65",17,171,2952,11,15128,361,"mixta",20061,"particular","turismo","diesel","M","negro","casado","mensual",0,1,"basico","presencial",0,0,0,0,0.341,0,0.341,1,"baja",0,NA,0,"3","3"
1060,"11","3",2.528,0.2528,43,"35-65",22,148,2424,12,30185,1152,"urbana",19057,"particular","furgoneta","gasolina","M","otro","otro","mensual",0,2,"basico","presencial",1,0,0,8,2.373,1,9.652,0,"fin_estudio",1032.04,1032.04,1,"1","2"
1061,"11","3",5.33,0.533,55,"35-65",16,126,2038,17,29475,255,"mixta",7169,"particular","turismo","diesel","M","negro","soltero","anual",0,3,"basico","telefonico",0,0,0,5,5.33,0,10,0,"fin_estudio",0,NA,0,"1","1"
1062,"11","3",8.517,0.8517,30,"25-35",4,97,1224,13,29211,930,"mixta",31690,"particular","furgoneta","gasolina","H","blanco","soltero","anual",1,1,"basico","presencial",6,1,0,9,1.526,1,10,0,"fin_estudio",11326.05,1887.67,1,"5","5"
1063,"11","3",3.731,0.3731,53,"35-65",31,87,1234,8,22294,113,"rural",17644,"particular","furgoneta","diesel","H","blanco","soltero","anual",1,1,"basico","presencial",0,4,0,4,3.731,0,3.731,1,"baja",0,NA,0,"2","2"
1064,"11","3",4.344,0.4344,47,"35-65",14,72,1128,8,30107,150,"rural",16219,"comercial","furgoneta","gasolina","H","negro","soltero","mensual",1,1,"medio","presencial",1,2,0,2,0.305,1,4.344,1,"baja",1681.58,1681.58,1,"2","2"
1065,"11","3",6.598,0.6598,41,"35-65",15,116,1595,7,26279,1266,"urbana",12084,"particular","moto","diesel","H","rojo","soltero","anual",1,1,"superior","telematico",2,3,3,9,4.852,1,6.598,1,"baja",4374.11,2187.06,1,"4","4"
1066,"11","3",2.643,0.2643,59,"35-65",15,117,1705,16,15014,338,"mixta",9573,"particular","turismo","diesel","M","gris","casado","mensual",0,1,"basico","presencial",0,2,0,4,2.643,0,10,0,"fin_estudio",0,NA,0,"3","2"
1067,"11","3",1.469,0.1469,18,"18-25",0,89,1462,3,19393,374,"mixta",9407,"particular","turismo","diesel","M","gris","soltero","anual",1,1,"basico","presencial",0,2,0,2,1.469,0,5.438,0,"fin_estudio",0,NA,0,"1","1"
1068,"11","3",1.87,0.187,69,"65+",25,109,1598,7,20047,1452,"urbana",13951,"particular","turismo","diesel","M","gris","soltero","mensual",0,2,"medio","telefonico",0,0,0,2,1.87,0,1.87,1,"baja",0,NA,0,"1","1"
1069,"11","3",3.535,0.3535,49,"35-65",28,143,2201,10,39349,124,"rural",8442,"particular","furgoneta","diesel","M","rojo","casado","mensual",0,2,"basico","telefonico",0,1,0,5,3.535,0,3.535,1,"baja",0,NA,0,"2","2"
1070,"11","3",2.938,0.2938,52,"35-65",19,193,2318,1,12038,317,"mixta",14938,"particular","furgoneta","diesel","M","rojo","soltero","anual",0,1,"superior","telefonico",0,1,1,4,2.938,0,10,0,"fin_estudio",0,NA,0,"4","3"
1071,"11","3",1.145,0.1145,66,"65+",29,192,2477,10,29212,33,"rural",14748,"particular","turismo","gasolina","H","gris","casado","anual",0,1,"medio","presencial",0,0,0,0,1.145,0,10,0,"fin_estudio",0,NA,0,"5","5"
1072,"11","3",1.726,0.1726,18,"18-25",0,108,1841,8,21238,70,"rural",8822,"particular","furgoneta","gasolina","H","blanco","casado","anual",0,1,"medio","presencial",0,1,0,3,1.726,0,4.284,0,"fin_estudio",0,NA,0,"1","1"
1073,"11","3",2.576,0.2576,39,"35-65",15,136,2067,9,31397,558,"mixta",22895,"particular","turismo","diesel","M","gris","casado","anual",0,3,"superior","presencial",1,5,0,6,1.555,1,2.576,1,"baja",638.87,638.87,1,"5","4"
1074,"11","3",3.735,0.3735,54,"35-65",31,101,1801,10,20003,1126,"urbana",5197,"particular","turismo","diesel","M","negro","soltero","anual",0,1,"medio","telematico",0,1,0,6,3.735,0,7.491,0,"fin_estudio",0,NA,0,"3","2"
1075,"11","3",4.018,0.4018,58,"35-65",15,97,1525,15,19492,219,"mixta",26706,"particular","turismo","gasolina","M","gris","soltero","anual",0,1,"medio","telefonico",2,3,0,4,0.911,1,4.018,1,"baja",1730.83,865.42,1,"5","4"
1076,"11","3",4.701,0.4701,32,"25-35",7,97,1511,15,27086,535,"mixta",15451,"particular","turismo","gasolina","M","gris","casado","mensual",0,2,"medio","presencial",0,3,0,2,4.701,0,10,0,"fin_estudio",0,NA,0,"1","1"
1077,"11","3",1.969,0.1969,18,"18-25",0,66,1042,19,18276,330,"mixta",16801,"particular","furgoneta","gasolina","H","blanco","soltero","anual",0,1,"superior","presencial",0,0,0,8,1.969,0,3.109,0,"fin_estudio",0,NA,0,"2","2"
1078,"11","3",4.078,0.4078,57,"35-65",33,117,2013,13,14466,110,"rural",6239,"particular","turismo","diesel","M","negro","otro","anual",0,3,"medio","telematico",0,1,0,1,4.078,0,6.488,0,"fin_estudio",0,NA,0,"1","1"
1079,"11","3",2.098,0.2098,65,"35-65",33,79,1116,5,17514,234,"mixta",8006,"particular","turismo","diesel","M","otro","soltero","anual",1,2,"basico","presencial",0,2,0,1,2.098,0,3.642,0,"fin_estudio",0,NA,0,"1","1"
1080,"11","3",0.173,0.0173,52,"35-65",22,92,1275,5,23944,468,"mixta",12766,"particular","turismo","gasolina","H","negro","soltero","anual",1,1,"medio","presencial",0,0,0,0,0.173,0,0.173,1,"baja",0,NA,0,"3","3"
1081,"11","3",3.725,0.3725,29,"25-35",6,114,1890,6,21959,147,"rural",12248,"particular","turismo","diesel","M","otro","otro","mensual",0,1,"medio","presencial",1,2,0,7,2.272,1,10,0,"fin_estudio",2156.04,2156.04,1,"5","5"
1082,"11","3",5.102,0.5102,41,"35-65",17,55,825,8,21167,418,"mixta",6805,"particular","moto","diesel","H","negro","soltero","mensual",1,3,"basico","telematico",0,1,0,8,5.102,0,8.816,0,"fin_estudio",0,NA,0,"1","1"
1083,"11","3",1.148,0.1148,48,"35-65",17,118,1609,10,45535,299,"mixta",12321,"particular","turismo","diesel","M","otro","casado","mensual",0,2,"medio","telefonico",0,0,0,2,1.148,0,1.148,1,"baja",0,NA,0,"3","2"
1084,"11","3",8.167,0.8167,61,"35-65",41,131,2224,20,37382,340,"mixta",7724,"comercial","turismo","gasolina","M","gris","soltero","anual",0,1,"basico","telefonico",0,4,0,16,8.167,0,10,0,"fin_estudio",0,NA,0,"1","1"
1085,"11","3",7.612,0.7612,41,"35-65",22,119,2022,1,25633,727,"mixta",9780,"particular","turismo","gasolina","M","gris","casado","mensual",0,2,"medio","telefonico",2,1,2,6,4.974,1,7.612,1,"baja",2807.08,1403.54,1,"2","3"
1086,"11","3",1.579,0.1579,36,"35-65",17,173,2128,11,28998,425,"mixta",8513,"particular","turismo","diesel","H","blanco","casado","mensual",1,4,"superior","telematico",0,2,0,2,1.579,0,4.774,0,"fin_estudio",0,NA,0,"2","1"
1087,"12","3",7.649,0.7649,51,"35-65",32,55,843,3,10018,142,"rural",8282,"particular","turismo","diesel","H","otro","casado","anual",0,1,"basico","telematico",0,2,0,1,7.649,0,10,0,"fin_estudio",0,NA,0,"1","1"
1088,"12","3",8.687,0.8687,49,"35-65",26,128,1743,9,27438,410,"mixta",8531,"particular","turismo","diesel","H","negro","soltero","anual",0,1,"medio","presencial",0,3,0,3,8.687,0,8.687,1,"baja",0,NA,0,"1","1"
1089,"12","3",8.51,0.851,61,"35-65",21,55,875,6,25414,282,"mixta",10056,"particular","turismo","diesel","M","rojo","otro","anual",0,1,"medio","telematico",1,4,0,6,1.073,1,10,0,"fin_estudio",1160.13,1160.13,1,"4","3"
1090,"12","3",8.464,0.8464,40,"35-65",17,103,1766,6,26164,85,"rural",19313,"particular","turismo","gasolina","H","rojo","soltero","anual",1,2,"medio","telefonico",0,4,0,3,8.464,0,8.464,1,"baja",0,NA,0,"1","1"
1091,"12","3",4.754,0.4754,58,"35-65",34,129,2131,6,29238,14,"rural",8043,"comercial","turismo","gasolina","M","rojo","otro","anual",1,1,"basico","telefonico",0,4,0,5,4.754,0,4.754,1,"baja",0,NA,0,"3","2"
1092,"12","3",9.558,0.9558,36,"35-65",9,121,1602,14,23666,117,"rural",13670,"particular","turismo","gasolina","H","gris","otro","anual",0,2,"medio","telematico",0,2,0,6,9.558,0,10,0,"fin_estudio",0,NA,0,"1","1"
1093,"12","3",4.216,0.4216,43,"35-65",10,81,1059,4,20439,133,"rural",9094,"particular","turismo","gasolina","M","gris","soltero","anual",0,1,"basico","telefonico",0,0,0,7,4.216,0,10,0,"fin_estudio",0,NA,0,"1","1"
1094,"12","3",6.237,0.6237,74,"65+",27,80,1010,5,27214,374,"mixta",15302,"particular","furgoneta","diesel","M","gris","casado","mensual",0,2,"medio","presencial",0,4,0,3,6.237,0,10,0,"fin_estudio",0,NA,0,"1","1"
1095,"12","3",7.401,0.7401,39,"35-65",16,114,1766,0,5143,3959,"urbana",35184,"particular","turismo","gasolina","H","blanco","soltero","mensual",1,1,"basico","presencial",2,6,0,7,3.388,1,7.401,1,"baja",1329.82,664.91,1,"3","3"
1096,"12","3",0.1,0.01,61,"35-65",23,55,839,0,18476,488,"mixta",9790,"particular","turismo","gasolina","H","blanco","casado","anual",0,1,"medio","presencial",0,0,0,0,0.1,0,0.092,1,"baja",0,NA,0,"2","2"
1097,"12","3",3.728,0.3728,44,"35-65",22,147,2477,7,26634,193,"mixta",8327,"particular","moto","diesel","H","negro","otro","anual",1,2,"basico","telematico",0,0,2,5,3.728,0,5.113,0,"fin_estudio",0,NA,0,"4","4"
1098,"12","3",2.539,0.2539,38,"35-65",17,128,2226,10,24441,401,"mixta",9791,"particular","turismo","gasolina","M","gris","casado","mensual",1,1,"medio","presencial",0,2,0,2,2.539,0,2.539,1,"baja",0,NA,0,"1","1"
1099,"12","3",1.86,0.186,45,"35-65",12,111,1452,1,29870,1478,"urbana",16263,"particular","turismo","diesel","H","negro","casado","mensual",0,1,"medio","presencial",0,2,0,0,1.86,0,1.86,1,"baja",0,NA,0,"4","4"
1100,"12","3",9.774,0.9774,38,"35-65",12,118,2050,11,27146,255,"mixta",11417,"particular","turismo","diesel","M","rojo","soltero","anual",1,1,"medio","presencial",2,3,3,4,1.599,1,10,0,"fin_estudio",1927.66,963.83,1,"5","5"
1101,"12","3",4.867,0.4867,47,"35-65",15,56,800,7,9234,3143,"urbana",8362,"particular","turismo","diesel","M","negro","soltero","anual",0,1,"basico","telematico",0,2,0,2,4.867,0,4.867,1,"baja",0,NA,0,"2","2"
1102,"12","3",9.017,0.9017,41,"35-65",9,111,1885,12,26437,1327,"urbana",8992,"particular","moto","diesel","H","rojo","soltero","anual",0,1,"medio","presencial",1,1,1,5,4.011,1,10,0,"fin_estudio",2442.99,2442.99,1,"1","1"
1103,"12","3",0.567,0.0567,33,"25-35",15,109,1346,13,12184,503,"mixta",14260,"particular","turismo","diesel","H","rojo","soltero","mensual",0,2,"superior","presencial",0,0,0,0,0.567,0,0.567,1,"baja",0,NA,0,"2","2"
1104,"12","3",3.823,0.3823,73,"65+",27,94,1283,10,22343,398,"mixta",11561,"particular","moto","gasolina","H","rojo","casado","anual",0,1,"basico","presencial",0,6,0,4,3.823,0,3.823,1,"baja",0,NA,0,"1","1"
1105,"12","3",7.893,0.7893,31,"25-35",5,163,2518,7,15706,1267,"urbana",6446,"particular","turismo","gasolina","H","otro","soltero","mensual",1,2,"medio","presencial",2,4,1,8,0.016,1,10,0,"fin_estudio",2435.49,1217.74,1,"3","3"
1106,"12","3",6.711,0.6711,56,"35-65",22,109,1635,0,32557,1175,"urbana",13722,"particular","moto","diesel","H","negro","casado","mensual",0,2,"medio","presencial",1,4,0,6,4.993,1,10,0,"fin_estudio",6584.13,6584.13,1,"3","2"
1107,"12","3",3.434,0.3434,39,"35-65",16,165,2260,5,19126,298,"mixta",15417,"particular","turismo","gasolina","H","gris","soltero","anual",1,1,"superior","telefonico",1,3,0,3,2.002,1,3.434,1,"baja",356.84,356.84,1,"2","1"
1108,"12","3",7.242,0.7242,45,"35-65",15,125,1747,5,23095,55,"rural",15480,"particular","turismo","gasolina","M","blanco","casado","mensual",0,1,"medio","telefonico",0,2,1,5,7.242,0,10,0,"fin_estudio",0,NA,0,"2","2"
1109,"12","3",2.969,0.2969,85,"65+",55,73,1072,3,35646,938,"mixta",5506,"particular","turismo","gasolina","M","blanco","otro","mensual",0,1,"superior","presencial",0,0,0,3,2.969,0,2.969,1,"baja",0,NA,0,"1","1"
1110,"12","3",2.169,0.2169,53,"35-65",33,136,2046,14,20756,340,"mixta",15046,"particular","turismo","diesel","M","gris","soltero","mensual",0,2,"basico","presencial",0,0,0,1,2.169,0,2.169,1,"baja",0,NA,0,"1","1"
1111,"12","3",2.294,0.2294,47,"35-65",19,156,2436,8,41017,511,"mixta",14205,"particular","moto","diesel","H","otro","casado","mensual",0,1,"medio","presencial",1,3,0,3,0.531,1,2.294,1,"baja",202.46,202.46,1,"5","4"
1112,"12","3",3.135,0.3135,27,"25-35",5,75,1123,15,33605,210,"mixta",8458,"particular","turismo","diesel","H","otro","otro","anual",0,2,"basico","telefonico",0,1,0,1,3.135,0,7.323,0,"fin_estudio",0,NA,0,"3","3"
1113,"12","3",1.68,0.168,31,"25-35",6,115,1385,6,7290,194,"mixta",9174,"particular","turismo","diesel","H","otro","casado","mensual",0,2,"basico","telematico",0,0,0,0,1.68,0,1.68,1,"baja",0,NA,0,"2","2"
1114,"12","3",6.481,0.6481,65,"35-65",21,178,2609,12,31941,184,"mixta",7497,"particular","turismo","diesel","M","blanco","soltero","anual",0,1,"superior","telefonico",0,2,1,10,6.481,0,10,0,"fin_estudio",0,NA,0,"2","1"
1115,"12","3",4.094,0.4094,37,"35-65",12,94,1452,3,19302,169,"mixta",10414,"particular","turismo","diesel","H","gris","casado","mensual",0,1,"basico","telefonico",0,0,0,5,4.094,0,5.323,0,"fin_estudio",0,NA,0,"1","1"
1116,"12","3",7.765,0.7765,64,"35-65",23,105,1758,9,22598,27,"rural",10824,"particular","turismo","gasolina","M","rojo","soltero","mensual",0,1,"superior","presencial",1,2,0,4,3.835,1,10,0,"fin_estudio",114.06,114.06,1,"1","1"
1117,"12","3",1.87,0.187,63,"35-65",30,112,1532,2,37144,201,"mixta",7705,"particular","turismo","diesel","H","negro","soltero","anual",0,2,"basico","presencial",0,0,0,1,1.87,0,3.263,0,"fin_estudio",0,NA,0,"4","4"
1118,"12","3",2.893,0.2893,60,"35-65",29,64,1067,11,16359,364,"mixta",8766,"particular","turismo","diesel","M","blanco","soltero","mensual",1,1,"medio","telematico",0,0,0,4,2.893,0,2.893,1,"baja",0,NA,0,"4","4"
1119,"12","3",5.206,0.5206,40,"35-65",15,85,1478,12,37215,290,"mixta",5779,"particular","moto","gasolina","H","blanco","casado","anual",0,2,"medio","presencial",0,2,0,2,5.206,0,5.206,1,"baja",0,NA,0,"4","3"
1120,"12","3",3.89,0.389,40,"35-65",9,101,1550,6,6618,9,"rural",5567,"particular","turismo","diesel","H","rojo","soltero","anual",1,2,"medio","presencial",0,0,0,2,3.89,0,10,0,"fin_estudio",0,NA,0,"3","3"
1121,"12","3",9.133,0.9133,49,"35-65",14,89,1544,13,15117,153,"mixta",10766,"particular","turismo","diesel","H","rojo","casado","anual",0,2,"superior","telefonico",0,6,2,6,9.133,0,10,0,"fin_estudio",0,NA,0,"1","1"
1122,"12","3",5.107,0.5107,42,"35-65",15,98,1426,10,27933,63,"rural",13051,"particular","turismo","diesel","H","otro","soltero","anual",1,1,"superior","telefonico",0,1,0,5,5.107,0,5.107,1,"baja",0,NA,0,"1","1"
1123,"12","3",4.813,0.4813,56,"35-65",15,98,1487,9,20808,258,"mixta",9228,"particular","turismo","diesel","H","blanco","soltero","anual",0,1,"medio","telefonico",0,3,0,4,4.813,0,6.928,0,"fin_estudio",0,NA,0,"1","1"
1124,"12","3",9.726,0.9726,66,"65+",47,118,1587,1,22704,155,"mixta",6272,"particular","turismo","diesel","M","otro","casado","anual",0,1,"superior","presencial",0,4,0,8,9.726,0,10,0,"fin_estudio",0,NA,0,"1","1"
1125,"12","3",1.867,0.1867,40,"35-65",12,103,1738,2,14666,2089,"urbana",28431,"particular","turismo","gasolina","H","otro","soltero","mensual",1,1,"medio","telefonico",0,2,0,0,1.867,0,2.466,0,"fin_estudio",0,NA,0,"1","1"
1126,"12","3",8.104,0.8104,64,"35-65",41,89,1383,9,26923,295,"mixta",21399,"particular","turismo","diesel","H","gris","soltero","mensual",0,1,"basico","presencial",0,3,0,2,8.104,0,10,0,"fin_estudio",0,NA,0,"1","1"
1127,"12","3",3.246,0.3246,68,"65+",24,89,1570,11,18866,479,"mixta",14433,"particular","furgoneta","diesel","M","gris","casado","anual",0,1,"basico","telefonico",1,3,0,1,0.204,1,10,0,"fin_estudio",368.38,368.38,1,"3","2"
1128,"12","3",4.781,0.4781,28,"25-35",4,170,2592,10,32226,353,"mixta",6849,"particular","turismo","diesel","M","negro","casado","mensual",1,2,"medio","presencial",1,2,0,1,1.787,1,9.951,0,"fin_estudio",3953.9,3953.9,1,"2","2"
1129,"12","3",2.595,0.2595,48,"35-65",27,55,928,9,22902,3060,"urbana",7951,"comercial","turismo","gasolina","H","rojo","otro","anual",1,1,"basico","presencial",0,1,0,1,2.595,0,2.595,1,"baja",0,NA,0,"4","3"
1130,"12","3",1.994,0.1994,55,"35-65",31,112,1731,17,17224,160,"mixta",7808,"particular","moto","diesel","H","rojo","soltero","mensual",1,3,"basico","presencial",0,0,0,2,1.994,0,1.994,1,"baja",0,NA,0,"5","5"
1131,"12","3",1.844,0.1844,59,"35-65",40,55,958,9,27189,277,"mixta",11595,"particular","turismo","gasolina","H","blanco","soltero","mensual",0,1,"medio","presencial",0,0,0,1,1.844,0,6.458,0,"fin_estudio",0,NA,0,"3","2"
1132,"12","3",1.388,0.1388,27,"25-35",7,77,1082,1,38632,1291,"urbana",9691,"particular","turismo","diesel","M","otro","soltero","mensual",0,1,"medio","telefonico",1,0,0,1,0.744,1,1.388,1,"baja",1180.15,1180.15,1,"4","4"
1133,"12","3",1.506,0.1506,63,"35-65",20,139,2361,10,35904,98,"rural",8462,"particular","moto","gasolina","H","blanco","casado","mensual",0,2,"superior","telematico",2,0,0,3,0.309,1,10,0,"fin_estudio",18970.79,9485.4,1,"5","5"
1134,"12","3",2.507,0.2507,26,"25-35",4,173,2159,6,24355,60,"rural",9847,"comercial","turismo","diesel","M","blanco","casado","anual",0,3,"medio","presencial",0,1,0,2,2.507,0,2.507,1,"baja",0,NA,0,"4","3"
1135,"12","3",6.433,0.6433,57,"35-65",35,95,1497,11,25272,1168,"urbana",14751,"particular","turismo","gasolina","H","negro","casado","mensual",0,2,"medio","presencial",0,3,0,5,6.433,0,10,0,"fin_estudio",0,NA,0,"1","1"
1136,"12","3",4.18,0.418,43,"35-65",10,164,2811,7,24056,858,"mixta",20630,"particular","turismo","gasolina","M","gris","casado","anual",0,1,"medio","presencial",0,2,4,3,4.18,0,9.877,0,"fin_estudio",0,NA,0,"1","1"
1137,"12","3",2.74,0.274,58,"35-65",23,139,1835,8,20145,204,"mixta",13648,"comercial","moto","diesel","H","otro","casado","mensual",0,2,"medio","telefonico",1,1,0,1,2.198,1,10,0,"fin_estudio",2371.64,2371.64,1,"4","5"
1138,"12","3",2.872,0.2872,20,"18-25",1,111,1916,9,31212,1410,"urbana",12188,"comercial","turismo","gasolina","H","gris","casado","mensual",0,3,"medio","presencial",1,1,0,2,2.41,1,2.872,1,"baja",4213.28,4213.28,1,"2","3"
1139,"12","3",1.811,0.1811,50,"35-65",14,182,2970,0,38674,674,"mixta",8430,"particular","moto","diesel","H","blanco","soltero","anual",0,1,"superior","presencial",1,0,1,1,1.428,1,1.811,1,"baja",1866.25,1866.25,1,"3","4"
1140,"12","3",6.653,0.6653,35,"25-35",9,162,2641,8,23378,129,"rural",10120,"particular","furgoneta","diesel","M","rojo","soltero","anual",0,2,"basico","presencial",0,5,0,8,6.653,0,8.969,0,"fin_estudio",0,NA,0,"3","2"
1141,"12","3",3.216,0.3216,57,"35-65",17,120,2111,4,36049,87,"rural",15727,"particular","furgoneta","diesel","H","otro","soltero","mensual",1,2,"medio","telefonico",0,2,0,3,3.216,0,10,0,"fin_estudio",0,NA,0,"1","1"
1142,"12","3",4.522,0.4522,58,"35-65",21,55,800,11,18560,73,"rural",13834,"particular","furgoneta","gasolina","H","negro","soltero","mensual",0,1,"superior","presencial",0,2,0,2,4.522,0,8.416,0,"fin_estudio",0,NA,0,"1","1"
1143,"12","3",7.855,0.7855,30,"25-35",7,147,1792,8,16309,69,"rural",5898,"particular","turismo","diesel","M","otro","casado","anual",1,1,"basico","presencial",0,3,0,11,7.855,0,8.28,0,"fin_estudio",0,NA,0,"2","2"
1144,"12","3",6.43,0.643,69,"65+",23,154,1920,12,16976,99,"rural",9081,"particular","furgoneta","gasolina","H","blanco","casado","mensual",1,1,"medio","presencial",1,1,1,4,6.102,1,10,0,"fin_estudio",961.68,961.68,1,"1","2"
1145,"12","3",2.288,0.2288,41,"35-65",16,164,2265,15,33785,673,"mixta",18422,"particular","turismo","gasolina","H","blanco","soltero","mensual",0,1,"basico","telefonico",4,0,0,1,0.212,1,2.288,1,"baja",11662.4,2915.6,1,"5","5"
1146,"12","3",3.339,0.3339,30,"25-35",9,77,988,8,21181,828,"mixta",13487,"particular","turismo","diesel","M","rojo","otro","mensual",1,1,"medio","presencial",1,2,0,5,2.36,1,10,0,"fin_estudio",668.17,668.17,1,"5","5"
1147,"12","3",4.979,0.4979,36,"35-65",12,55,838,7,34128,242,"mixta",9352,"particular","turismo","diesel","M","rojo","soltero","anual",1,2,"basico","telefonico",1,3,0,1,2.461,1,10,0,"fin_estudio",204.51,204.51,1,"2","1"
1148,"12","3",2.279,0.2279,46,"35-65",24,173,2329,10,35597,432,"mixta",21321,"comercial","turismo","diesel","M","gris","casado","mensual",0,1,"medio","presencial",0,1,0,0,2.279,0,2.279,1,"baja",0,NA,0,"3","3"
1149,"12","3",7.439,0.7439,52,"35-65",32,148,2370,1,32775,158,"mixta",20460,"comercial","turismo","diesel","M","gris","soltero","mensual",1,1,"basico","presencial",0,3,0,6,7.439,0,10,0,"fin_estudio",0,NA,0,"1","1"
1150,"12","3",2.014,0.2014,63,"35-65",40,129,1943,0,18861,115,"rural",15072,"particular","moto","gasolina","H","negro","soltero","anual",0,1,"medio","telefonico",0,0,2,3,2.014,0,10,0,"fin_estudio",0,NA,0,"3","2"
1151,"12","3",3.782,0.3782,35,"25-35",11,92,1128,6,28414,56,"rural",9884,"particular","turismo","gasolina","H","gris","casado","mensual",0,1,"basico","presencial",0,2,0,5,3.782,0,10,0,"fin_estudio",0,NA,0,"2","2"
1152,"12","3",4.916,0.4916,41,"35-65",16,137,1790,6,16905,336,"mixta",5070,"particular","moto","gasolina","M","blanco","casado","anual",0,3,"medio","presencial",1,1,0,2,0.093,1,4.916,1,"baja",236.9,236.9,1,"2","1"
1153,"12","3",7.198,0.7198,40,"35-65",20,136,2119,1,33575,97,"rural",11999,"particular","turismo","diesel","H","negro","soltero","anual",0,1,"superior","telefonico",0,0,0,4,7.198,0,10,0,"fin_estudio",0,NA,0,"1","1"
1154,"12","3",6.578,0.6578,62,"35-65",32,67,1025,12,40030,203,"mixta",13359,"particular","turismo","diesel","M","blanco","casado","mensual",1,1,"medio","telefonico",0,1,1,2,6.578,0,10,0,"fin_estudio",0,NA,0,"1","1"
1155,"12","3",4.881,0.4881,45,"35-65",12,75,1056,3,24419,91,"rural",14658,"particular","turismo","diesel","H","negro","soltero","mensual",1,1,"basico","presencial",0,2,0,5,4.881,0,10,0,"fin_estudio",0,NA,0,"3","3"
1156,"12","3",6.226,0.6226,50,"35-65",12,98,1367,4,33619,354,"mixta",10370,"particular","turismo","diesel","M","negro","casado","mensual",1,2,"medio","presencial",4,1,2,3,1.087,1,10,0,"fin_estudio",14555.9,3638.98,1,"3","4"
1157,"12","3",2.086,0.2086,61,"35-65",31,132,1656,4,24759,8,"rural",28848,"particular","turismo","diesel","M","negro","soltero","mensual",0,1,"medio","telematico",0,0,1,1,2.086,0,8.31,0,"fin_estudio",0,NA,0,"1","1"
1158,"12","3",1.174,0.1174,49,"35-65",15,69,1040,8,23704,1611,"urbana",20512,"particular","turismo","gasolina","H","otro","soltero","anual",1,1,"superior","presencial",1,1,0,1,0.765,1,1.174,1,"baja",2948.59,2948.59,1,"4","3"
1159,"12","3",5.287,0.5287,61,"35-65",29,63,966,7,28526,567,"mixta",4541,"particular","turismo","diesel","M","otro","casado","mensual",1,1,"medio","telematico",0,2,0,2,5.287,0,10,0,"fin_estudio",0,NA,0,"3","2"
1160,"12","3",6.614,0.6614,48,"35-65",17,86,1147,14,10029,269,"mixta",3526,"particular","turismo","diesel","M","blanco","casado","mensual",0,1,"medio","presencial",0,0,0,4,6.614,0,10,0,"fin_estudio",0,NA,0,"1","1"
1161,"12","3",7.642,0.7642,47,"35-65",25,55,828,4,12870,376,"mixta",10988,"comercial","moto","gasolina","H","rojo","casado","anual",1,1,"medio","presencial",13,2,1,7,1.112,1,10,0,"fin_estudio",16648.48,1280.65,1,"5","5"
1162,"12","3",8.788,0.8788,21,"18-25",2,108,1590,18,31175,569,"mixta",11906,"particular","turismo","diesel","H","rojo","soltero","mensual",0,2,"basico","presencial",5,1,0,8,1.135,1,10,0,"fin_estudio",18706.44,3741.29,1,"4","3"
1163,"12","3",2.617,0.2617,34,"25-35",8,88,1261,5,4855,44,"rural",16700,"particular","turismo","diesel","H","gris","soltero","anual",1,1,"basico","presencial",0,0,0,2,2.617,0,10,0,"fin_estudio",0,NA,0,"2","2"
1164,"12","3",3.819,0.3819,29,"25-35",9,129,1795,3,27321,57,"rural",20856,"particular","furgoneta","gasolina","M","gris","soltero","mensual",0,1,"medio","presencial",0,1,1,2,3.819,0,3.819,1,"baja",0,NA,0,"4","3"
1165,"12","3",1.512,0.1512,61,"35-65",36,91,1320,14,14110,2010,"urbana",11354,"particular","turismo","diesel","H","blanco","soltero","anual",0,1,"medio","presencial",0,0,0,0,1.512,0,1.512,1,"baja",0,NA,0,"2","2"
1166,"12","3",5.927,0.5927,30,"25-35",9,55,800,6,17302,17,"rural",17741,"particular","turismo","diesel","M","otro","casado","anual",0,1,"basico","telefonico",0,4,0,5,5.927,0,8.229,0,"fin_estudio",0,NA,0,"1","1"
1167,"12","3",3.445,0.3445,54,"35-65",17,117,1618,0,14224,276,"mixta",8314,"particular","turismo","gasolina","H","negro","soltero","mensual",0,1,"basico","telefonico",0,0,0,2,3.445,0,3.445,1,"baja",0,NA,0,"1","1"
1168,"12","3",1.609,0.1609,27,"25-35",5,140,2479,17,36244,506,"mixta",13443,"particular","furgoneta","diesel","M","gris","casado","anual",0,3,"basico","presencial",0,1,0,0,1.609,0,7.713,0,"fin_estudio",0,NA,0,"4","4"
1169,"12","3",2.477,0.2477,38,"35-65",20,123,2080,3,24802,75,"rural",2626,"particular","turismo","gasolina","H","gris","soltero","mensual",0,1,"medio","presencial",0,0,1,1,2.477,0,5.497,0,"fin_estudio",0,NA,0,"3","2"
1170,"12","3",5.94,0.594,54,"35-65",34,140,2042,0,22645,175,"mixta",5930,"particular","turismo","diesel","M","negro","casado","anual",1,2,"basico","presencial",0,1,1,3,5.94,0,10,0,"fin_estudio",0,NA,0,"1","1"
1171,"12","3",2.074,0.2074,31,"25-35",10,143,2034,8,25398,95,"rural",5142,"particular","turismo","gasolina","H","gris","casado","anual",1,2,"superior","presencial",0,0,0,5,2.074,0,2.074,1,"baja",0,NA,0,"2","1"
1172,"12","3",4.413,0.4413,51,"35-65",14,55,800,3,28061,113,"rural",18977,"particular","furgoneta","diesel","M","negro","soltero","anual",0,1,"basico","telematico",0,2,0,1,4.413,0,6.859,0,"fin_estudio",0,NA,0,"4","3"
1173,"12","3",7.334,0.7334,30,"25-35",6,64,1028,15,27355,42,"rural",20311,"particular","turismo","diesel","H","gris","casado","mensual",0,1,"superior","presencial",1,4,0,6,3.516,1,7.747,0,"fin_estudio",519.83,519.83,1,"2","1"
1174,"12","3",4.719,0.4719,43,"35-65",19,90,1537,10,4072,123,"rural",5177,"particular","turismo","gasolina","H","blanco","casado","mensual",1,2,"medio","presencial",1,3,0,4,3.554,1,4.719,1,"baja",926.18,926.18,1,"4","4"
1175,"12","3",1.661,0.1661,18,"18-25",0,78,1079,13,21348,339,"mixta",7381,"particular","turismo","diesel","M","gris","casado","mensual",0,1,"basico","telefonico",0,0,0,2,1.661,0,10,0,"fin_estudio",0,NA,0,"1","1"
1176,"12","3",1.653,0.1653,71,"65+",29,95,1278,13,21572,56,"rural",17903,"particular","turismo","gasolina","H","gris","casado","anual",0,2,"medio","presencial",0,0,0,1,1.653,0,7.276,0,"fin_estudio",0,NA,0,"3","3"
1177,"12","3",5.604,0.5604,43,"35-65",20,89,1150,5,29694,674,"mixta",10630,"particular","turismo","gasolina","M","otro","casado","mensual",0,1,"superior","presencial",1,0,0,3,1.602,1,9.163,0,"fin_estudio",256.14,256.14,1,"3","3"
1178,"12","3",3.893,0.3893,63,"35-65",45,87,1065,4,18989,283,"mixta",21854,"particular","turismo","diesel","M","negro","soltero","anual",1,1,"basico","presencial",0,3,0,5,3.893,0,10,0,"fin_estudio",0,NA,0,"4","3"
1179,"12","3",0.504,0.0504,47,"35-65",21,184,2944,12,38318,226,"mixta",6024,"particular","turismo","gasolina","H","rojo","casado","anual",0,1,"basico","presencial",0,0,0,1,0.504,0,0.504,1,"baja",0,NA,0,"3","3"
1180,"12","3",8.47,0.847,58,"35-65",20,90,1579,6,33451,65,"rural",8962,"comercial","moto","diesel","H","negro","soltero","anual",0,1,"basico","presencial",0,2,1,4,8.47,0,8.47,1,"baja",0,NA,0,"1","1"
1181,"12","3",2.014,0.2014,49,"35-65",15,70,1222,4,19400,357,"mixta",10183,"particular","turismo","diesel","H","gris","casado","mensual",1,2,"superior","presencial",0,3,0,2,2.014,0,3.896,0,"fin_estudio",0,NA,0,"1","1"
1182,"12","3",8.147,0.8147,65,"35-65",36,111,1675,4,33337,455,"mixta",29327,"comercial","moto","diesel","M","negro","casado","anual",1,2,"superior","presencial",3,7,1,8,0.122,1,8.147,1,"baja",11746.45,3915.48,1,"4","4"
1183,"12","3",4.449,0.4449,27,"25-35",4,168,2780,8,24211,418,"mixta",12113,"particular","turismo","gasolina","M","blanco","casado","anual",0,3,"basico","presencial",0,3,0,5,4.449,0,7.692,0,"fin_estudio",0,NA,0,"3","3"
1184,"12","3",8.567,0.8567,74,"65+",47,55,861,17,13919,27,"rural",25945,"particular","moto","diesel","H","otro","casado","mensual",0,1,"basico","presencial",0,5,0,6,8.567,0,8.567,1,"baja",0,NA,0,"1","1"
1185,"12","3",5.357,0.5357,51,"35-65",16,195,2694,9,24705,1066,"urbana",9324,"comercial","turismo","gasolina","M","otro","casado","mensual",0,1,"medio","telematico",1,2,2,4,2.049,1,5.357,1,"baja",2605.99,2605.99,1,"1","1"
1186,"12","3",5.146,0.5146,44,"35-65",23,71,916,14,18376,1754,"urbana",15075,"particular","turismo","gasolina","M","rojo","casado","anual",1,2,"basico","presencial",0,2,0,1,5.146,0,10,0,"fin_estudio",0,NA,0,"1","1"
1187,"12","3",7.196,0.7196,76,"65+",39,112,1874,1,38672,1030,"urbana",15583,"particular","moto","gasolina","H","otro","soltero","mensual",0,2,"superior","telematico",0,3,0,7,7.196,0,10,0,"fin_estudio",0,NA,0,"1","1"
1188,"12","3",4.559,0.4559,83,"65+",49,103,1622,5,15238,182,"mixta",10531,"particular","turismo","diesel","H","blanco","soltero","mensual",0,1,"medio","telematico",1,3,1,3,2.465,1,9.333,0,"fin_estudio",3654.23,3654.23,1,"3","3"
1189,"12","3",1.521,0.1521,35,"25-35",16,96,1310,5,29116,39,"rural",10465,"comercial","turismo","diesel","H","rojo","casado","mensual",0,1,"basico","telematico",0,0,1,1,1.521,0,1.521,1,"baja",0,NA,0,"3","2"
1190,"12","3",2.311,0.2311,18,"18-25",0,77,1192,4,18213,140,"rural",10263,"particular","furgoneta","diesel","H","rojo","casado","anual",0,1,"basico","presencial",0,0,0,2,2.311,0,2.311,1,"baja",0,NA,0,"1","1"
1191,"12","3",1.07,0.107,56,"35-65",30,67,1097,13,25282,57,"rural",8429,"particular","turismo","gasolina","H","otro","soltero","anual",1,3,"medio","presencial",0,0,0,0,1.07,0,7.251,0,"fin_estudio",0,NA,0,"1","1"
1192,"12","3",3.902,0.3902,27,"25-35",6,157,2594,17,20286,4585,"urbana",19028,"particular","furgoneta","gasolina","H","otro","casado","anual",0,1,"medio","presencial",1,4,0,5,0.761,1,10,0,"fin_estudio",2605.66,2605.66,1,"4","4"
1193,"12","3",4.798,0.4798,31,"25-35",8,76,1256,3,20816,376,"mixta",7035,"particular","turismo","diesel","M","gris","casado","mensual",0,1,"basico","presencial",0,2,1,3,4.798,0,4.798,1,"baja",0,NA,0,"1","1"
1194,"13","3",3.967,0.3967,37,"35-65",11,130,1787,11,24767,805,"mixta",3810,"particular","moto","diesel","H","otro","casado","anual",0,1,"medio","telefonico",0,1,0,9,3.967,0,3.967,1,"baja",0,NA,0,"2","1"
1195,"13","3",2.568,0.2568,57,"35-65",33,163,2091,13,30434,553,"mixta",16632,"particular","turismo","gasolina","H","gris","soltero","mensual",0,1,"medio","telefonico",0,0,0,0,2.568,0,2.568,1,"baja",0,NA,0,"3","3"
1196,"13","3",1.39,0.139,71,"65+",23,113,1882,8,34156,131,"rural",24872,"particular","turismo","diesel","H","otro","casado","mensual",0,1,"medio","telefonico",0,0,0,0,1.39,0,9.007,0,"fin_estudio",0,NA,0,"4","4"
1197,"13","3",7.883,0.7883,23,"18-25",5,115,1737,4,8651,507,"mixta",7537,"particular","turismo","gasolina","H","blanco","casado","anual",0,1,"superior","presencial",0,2,3,8,7.883,0,9.594,0,"fin_estudio",0,NA,0,"1","1"
1198,"13","3",3.942,0.3942,60,"35-65",31,128,1876,12,17211,941,"mixta",17822,"comercial","turismo","diesel","H","negro","casado","anual",1,1,"medio","presencial",1,2,0,4,0.36,1,6.406,0,"fin_estudio",1112.26,1112.26,1,"3","3"
1199,"13","3",3.056,0.3056,40,"35-65",15,82,1416,3,26362,69,"rural",5382,"particular","turismo","gasolina","M","blanco","soltero","mensual",0,1,"basico","telematico",0,0,2,2,3.056,0,8.191,0,"fin_estudio",0,NA,0,"1","1"
1200,"13","3",2.158,0.2158,37,"35-65",17,127,1711,3,14951,464,"mixta",9482,"particular","turismo","gasolina","M","gris","casado","mensual",0,1,"medio","telefonico",0,0,1,1,2.158,0,10,0,"fin_estudio",0,NA,0,"1","1"
1201,"13","3",5.573,0.5573,51,"35-65",16,140,1731,0,30661,40,"rural",22352,"particular","moto","gasolina","H","negro","casado","mensual",1,3,"basico","telefonico",0,0,0,6,5.573,0,10,0,"fin_estudio",0,NA,0,"1","1"
1202,"13","3",2.715,0.2715,38,"35-65",16,179,3185,14,20303,345,"mixta",9181,"particular","moto","diesel","H","otro","soltero","mensual",0,2,"medio","telematico",0,1,0,3,2.715,0,10,0,"fin_estudio",0,NA,0,"3","2"
1203,"13","3",8.015,0.8015,41,"35-65",16,127,1694,12,19537,39,"rural",20505,"particular","turismo","gasolina","H","blanco","casado","anual",1,2,"basico","presencial",0,3,0,5,8.015,0,8.015,1,"baja",0,NA,0,"1","1"
1204,"13","3",6.145,0.6145,26,"25-35",3,173,3094,13,29201,651,"mixta",10624,"particular","turismo","diesel","M","rojo","casado","mensual",0,1,"medio","presencial",3,2,2,5,0.147,1,6.145,1,"baja",3025.8,1008.6,1,"5","5"
1205,"13","3",2.139,0.2139,49,"35-65",26,163,2503,17,25642,1622,"urbana",13419,"particular","turismo","diesel","H","negro","soltero","mensual",0,1,"medio","presencial",0,0,0,3,2.139,0,2.139,1,"baja",0,NA,0,"2","1"
1206,"13","3",4.652,0.4652,34,"25-35",6,94,1636,8,26310,2084,"urbana",14600,"particular","turismo","gasolina","M","blanco","casado","anual",0,1,"medio","telefonico",3,2,0,5,1.295,1,4.652,1,"baja",5841.12,1947.04,1,"5","4"
1207,"13","3",1.659,0.1659,51,"35-65",16,198,2668,12,26643,126,"rural",13690,"particular","turismo","diesel","H","rojo","otro","anual",0,1,"medio","presencial",0,0,1,5,1.659,0,1.659,1,"baja",0,NA,0,"2","1"
1208,"13","3",5.397,0.5397,33,"25-35",13,55,800,9,15919,228,"mixta",24613,"particular","furgoneta","diesel","M","gris","soltero","mensual",0,2,"basico","presencial",5,0,0,9,2.012,1,5.397,1,"baja",2727.5,545.5,1,"5","5"
1209,"13","3",1.758,0.1758,59,"35-65",19,133,2185,13,21120,485,"mixta",19351,"particular","turismo","diesel","H","blanco","soltero","anual",0,1,"basico","telematico",0,0,0,0,1.758,0,1.758,1,"baja",0,NA,0,"2","2"
1210,"13","3",3.459,0.3459,49,"35-65",24,55,808,3,8849,467,"mixta",12557,"particular","turismo","diesel","H","otro","casado","anual",1,1,"medio","telefonico",0,2,0,1,3.459,0,10,0,"fin_estudio",0,NA,0,"3","3"
1211,"13","3",1.137,0.1137,62,"35-65",43,55,800,15,4743,172,"mixta",12513,"particular","moto","gasolina","H","gris","casado","anual",1,2,"medio","telematico",0,1,0,0,1.137,0,10,0,"fin_estudio",0,NA,0,"5","4"
1212,"13","3",2.979,0.2979,42,"35-65",19,87,1431,3,15881,1435,"urbana",11210,"particular","turismo","diesel","M","rojo","soltero","mensual",0,2,"basico","telefonico",3,1,0,2,0.883,1,4.229,0,"fin_estudio",2027.24,675.75,1,"4","5"
1213,"13","3",2.625,0.2625,34,"25-35",12,117,2033,8,14028,257,"mixta",23795,"particular","moto","gasolina","H","gris","casado","anual",1,1,"superior","telematico",0,0,0,9,2.625,0,6.201,0,"fin_estudio",0,NA,0,"2","2"
1214,"13","3",5.314,0.5314,32,"25-35",8,153,2447,16,25809,67,"rural",8147,"comercial","turismo","gasolina","H","blanco","soltero","anual",0,1,"medio","presencial",1,6,0,6,3.721,1,5.314,1,"baja",1668.75,1668.75,1,"3","3"
1215,"13","3",6.396,0.6396,61,"35-65",31,55,800,20,23539,343,"mixta",8887,"particular","turismo","diesel","H","gris","soltero","anual",0,1,"basico","presencial",0,2,0,4,6.396,0,10,0,"fin_estudio",0,NA,0,"1","1"
1216,"13","3",4.386,0.4386,48,"35-65",27,174,2857,7,32518,149,"rural",24511,"particular","turismo","gasolina","M","otro","otro","mensual",1,1,"basico","presencial",0,1,0,3,4.386,0,10,0,"fin_estudio",0,NA,0,"1","1"
1217,"13","3",1.013,0.1013,41,"35-65",12,97,1239,6,20743,833,"mixta",15544,"particular","turismo","gasolina","M","negro","casado","anual",0,1,"basico","presencial",1,0,0,4,0.913,1,10,0,"fin_estudio",517.68,517.68,1,"2","1"
1218,"13","3",1.893,0.1893,30,"25-35",8,143,1890,12,20658,92,"rural",29220,"comercial","turismo","gasolina","H","negro","soltero","anual",1,2,"medio","presencial",0,2,0,6,1.893,0,1.893,1,"baja",0,NA,0,"1","1"
1219,"13","3",1.107,0.1107,47,"35-65",12,139,2457,4,37195,985,"mixta",3946,"particular","turismo","gasolina","M","blanco","soltero","anual",1,2,"medio","presencial",0,0,0,2,1.107,0,10,0,"fin_estudio",0,NA,0,"1","1"
1220,"13","3",2.486,0.2486,56,"35-65",21,130,2268,22,22777,201,"mixta",9555,"particular","turismo","gasolina","M","negro","soltero","anual",0,2,"medio","presencial",1,2,0,0,2.308,1,6.017,0,"fin_estudio",914.04,914.04,1,"1","2"
1221,"13","3",2.588,0.2588,18,"18-25",0,107,1590,0,29478,558,"mixta",7843,"particular","turismo","diesel","H","blanco","otro","anual",0,1,"superior","presencial",0,2,0,2,2.588,0,10,0,"fin_estudio",0,NA,0,"1","1"
1222,"13","3",1.092,0.1092,62,"35-65",41,98,1178,6,21059,523,"mixta",25687,"particular","turismo","gasolina","H","gris","soltero","mensual",0,1,"basico","telematico",0,2,0,1,1.092,0,1.092,1,"baja",0,NA,0,"4","4"
1223,"13","3",8.859,0.8859,53,"35-65",23,74,1177,9,8435,121,"rural",5309,"particular","turismo","gasolina","M","gris","casado","anual",0,1,"basico","presencial",0,2,1,13,8.859,0,10,0,"fin_estudio",0,NA,0,"1","1"
1224,"13","3",0.438,0.0438,33,"25-35",11,91,1495,2,36195,164,"mixta",7058,"particular","moto","diesel","M","rojo","otro","mensual",1,1,"basico","telefonico",0,0,0,1,0.438,0,0.438,1,"baja",0,NA,0,"1","1"
1225,"13","3",5.473,0.5473,29,"25-35",5,96,1181,7,31994,544,"mixta",6295,"particular","turismo","diesel","H","negro","soltero","mensual",1,2,"medio","presencial",1,1,0,6,1.135,1,5.473,1,"baja",1389.3,1389.3,1,"1","1"
1226,"13","3",1.881,0.1881,27,"25-35",3,118,1802,9,14451,17,"rural",7438,"particular","turismo","diesel","M","negro","casado","anual",0,1,"medio","telematico",0,0,0,5,1.881,0,7.852,0,"fin_estudio",0,NA,0,"5","5"
1227,"13","3",2.104,0.2104,26,"25-35",6,124,2228,9,36970,515,"mixta",10897,"particular","turismo","diesel","H","gris","casado","mensual",0,1,"superior","telematico",0,1,0,4,2.104,0,10,0,"fin_estudio",0,NA,0,"1","1"
1228,"13","3",2.161,0.2161,18,"18-25",0,79,1193,3,9240,53,"rural",3808,"particular","moto","diesel","H","blanco","otro","anual",0,1,"basico","telefonico",1,1,0,3,0.705,1,6.114,0,"fin_estudio",1853.39,1853.39,1,"5","5"
1229,"13","3",1.633,0.1633,48,"35-65",21,117,1951,10,18269,3314,"urbana",17859,"particular","turismo","diesel","M","negro","casado","anual",1,1,"medio","presencial",2,0,0,1,0.111,1,1.633,1,"baja",3078.65,1539.33,1,"5","4"
1230,"13","3",5.781,0.5781,49,"35-65",14,116,1673,16,29639,306,"mixta",6242,"comercial","furgoneta","gasolina","M","gris","soltero","anual",1,3,"medio","presencial",0,0,0,8,5.781,0,9.533,0,"fin_estudio",0,NA,0,"1","1"
1231,"13","3",4.694,0.4694,54,"35-65",29,106,1302,6,33154,284,"mixta",7469,"particular","turismo","diesel","H","blanco","soltero","anual",1,1,"medio","telefonico",1,0,0,4,1.306,1,5.995,0,"fin_estudio",2261.39,2261.39,1,"3","3"
1232,"13","3",3.401,0.3401,38,"35-65",18,92,1295,6,41094,719,"mixta",11635,"comercial","turismo","diesel","M","otro","soltero","mensual",0,1,"medio","presencial",1,2,0,2,2.464,1,8.799,0,"fin_estudio",8720.43,8720.43,1,"2","2"
1233,"13","3",4.374,0.4374,46,"35-65",25,109,1823,3,33906,208,"mixta",19113,"particular","turismo","gasolina","H","rojo","casado","anual",0,1,"basico","presencial",0,3,0,5,4.374,0,4.374,1,"baja",0,NA,0,"2","2"
1234,"13","3",9.834,0.9834,18,"18-25",0,134,2369,16,24095,825,"mixta",24159,"particular","turismo","diesel","M","gris","soltero","anual",1,1,"medio","telematico",13,2,1,16,1.072,1,10,0,"fin_estudio",25838.53,1987.58,1,"5","5"
1235,"13","3",6.275,0.6275,45,"35-65",24,68,1045,6,17958,218,"mixta",8247,"comercial","furgoneta","diesel","M","otro","casado","anual",0,1,"superior","telefonico",0,1,0,2,6.275,0,6.517,0,"fin_estudio",0,NA,0,"2","1"
1236,"13","3",2.275,0.2275,52,"35-65",14,155,2234,17,25741,242,"mixta",5594,"particular","turismo","gasolina","M","otro","soltero","anual",1,1,"basico","telematico",0,0,0,3,2.275,0,10,0,"fin_estudio",0,NA,0,"2","2"
1237,"13","3",4.134,0.4134,57,"35-65",33,106,1889,0,21287,11,"rural",13332,"particular","moto","diesel","M","gris","soltero","anual",1,1,"medio","telefonico",0,2,1,6,4.134,0,4.134,1,"baja",0,NA,0,"2","2"
1238,"13","3",1.313,0.1313,28,"25-35",5,143,2103,13,20738,907,"mixta",14632,"particular","turismo","diesel","M","otro","soltero","anual",0,2,"basico","telematico",0,2,0,2,1.313,0,1.313,1,"baja",0,NA,0,"2","2"
1239,"13","3",3.832,0.3832,46,"35-65",10,101,1683,10,21720,89,"rural",13514,"particular","turismo","gasolina","H","gris","soltero","mensual",1,1,"basico","telefonico",4,0,0,7,0.2,1,9.189,0,"fin_estudio",3873.72,968.43,1,"5","5"
1240,"13","3",1.935,0.1935,53,"35-65",22,90,1279,9,26155,78,"rural",20823,"particular","moto","diesel","H","rojo","casado","mensual",0,1,"medio","telefonico",1,0,0,2,0.944,1,1.935,1,"baja",4920.54,4920.54,1,"4","4"
1241,"13","3",6.971,0.6971,42,"35-65",15,102,1732,11,27766,469,"mixta",7614,"particular","turismo","diesel","H","negro","soltero","anual",0,2,"medio","presencial",0,0,0,5,6.971,0,10,0,"fin_estudio",0,NA,0,"1","1"
1242,"13","3",1.824,0.1824,45,"35-65",25,134,2067,18,19623,65,"rural",44771,"particular","turismo","gasolina","H","rojo","casado","anual",0,1,"basico","presencial",0,4,0,2,1.824,0,1.824,1,"baja",0,NA,0,"3","2"
1243,"13","3",6.134,0.6134,45,"35-65",16,102,1600,13,22859,299,"mixta",11481,"particular","turismo","gasolina","H","negro","soltero","mensual",1,2,"medio","presencial",0,0,0,7,6.134,0,7.295,0,"fin_estudio",0,NA,0,"1","1"
1244,"13","3",1.886,0.1886,57,"35-65",18,119,2093,12,34052,491,"mixta",7055,"particular","turismo","gasolina","M","gris","soltero","mensual",0,1,"medio","presencial",0,0,0,1,1.886,0,1.886,1,"baja",0,NA,0,"3","2"
1245,"13","3",8.648,0.8648,58,"35-65",18,161,1975,8,35733,201,"mixta",11739,"particular","turismo","diesel","M","blanco","soltero","mensual",0,1,"medio","presencial",2,5,1,8,1.185,1,10,0,"fin_estudio",5914.99,2957.5,1,"1","1"
1246,"13","3",3.76,0.376,62,"35-65",31,148,2236,10,19892,54,"rural",12156,"particular","turismo","gasolina","H","gris","soltero","mensual",1,2,"superior","presencial",0,1,1,4,3.76,0,3.76,1,"baja",0,NA,0,"3","3"
1247,"13","3",7.247,0.7247,49,"35-65",16,55,951,13,18159,831,"mixta",6423,"particular","furgoneta","gasolina","H","otro","casado","anual",0,2,"basico","presencial",0,0,3,4,7.247,0,10,0,"fin_estudio",0,NA,0,"2","2"
1248,"13","3",0.61,0.061,53,"35-65",31,104,1549,7,10246,603,"mixta",21768,"particular","turismo","gasolina","M","gris","casado","mensual",0,1,"medio","telematico",0,0,0,0,0.61,0,0.61,1,"baja",0,NA,0,"1","1"
1249,"13","3",1.365,0.1365,44,"35-65",25,92,1238,5,20549,202,"mixta",15622,"particular","moto","diesel","H","negro","casado","mensual",0,2,"basico","presencial",0,1,2,1,1.365,0,4.781,0,"fin_estudio",0,NA,0,"1","1"
1250,"13","3",5.587,0.5587,35,"25-35",16,61,858,6,44676,44,"rural",16475,"particular","turismo","diesel","H","blanco","soltero","anual",0,1,"superior","presencial",1,8,0,7,3.841,1,5.587,1,"baja",2187.5,2187.5,1,"1","1"
1251,"13","3",4.208,0.4208,46,"35-65",11,131,1820,3,20232,148,"rural",24751,"comercial","turismo","diesel","M","negro","otro","mensual",1,1,"medio","presencial",0,0,0,2,4.208,0,10,0,"fin_estudio",0,NA,0,"1","1"
1252,"13","3",7.226,0.7226,29,"25-35",9,111,1417,2,19627,109,"rural",15718,"comercial","furgoneta","diesel","H","gris","casado","mensual",0,2,"superior","presencial",0,4,1,5,7.226,0,10,0,"fin_estudio",0,NA,0,"1","1"
1253,"13","3",4.909,0.4909,22,"18-25",3,171,2420,10,38158,196,"mixta",27887,"particular","turismo","diesel","H","rojo","otro","mensual",1,2,"superior","telematico",9,3,0,7,0.248,1,4.909,1,"baja",44309.73,4923.3,1,"4","5"
1254,"13","3",4.675,0.4675,62,"35-65",40,193,2381,8,34303,268,"mixta",11228,"particular","furgoneta","diesel","M","rojo","casado","anual",0,1,"basico","presencial",0,0,0,8,4.675,0,10,0,"fin_estudio",0,NA,0,"1","1"
1255,"13","3",0.47,0.047,49,"35-65",18,100,1724,9,14180,73,"rural",12142,"particular","turismo","diesel","M","gris","soltero","anual",0,1,"basico","telefonico",0,0,0,1,0.47,0,0.47,1,"baja",0,NA,0,"3","3"
1256,"13","3",5.074,0.5074,26,"25-35",7,137,1948,15,33072,605,"mixta",32381,"particular","turismo","diesel","M","rojo","soltero","anual",1,1,"medio","presencial",0,5,0,6,5.074,0,5.074,1,"baja",0,NA,0,"4","4"
1257,"13","3",7.523,0.7523,51,"35-65",16,107,1899,3,35917,215,"mixta",22263,"comercial","turismo","gasolina","M","rojo","casado","anual",0,1,"basico","presencial",1,3,0,6,5.46,1,10,0,"fin_estudio",591.04,591.04,1,"2","2"
1258,"13","3",5.971,0.5971,23,"18-25",4,62,967,6,32557,55,"rural",13022,"comercial","turismo","diesel","M","blanco","casado","anual",1,1,"superior","telefonico",0,3,0,6,5.971,0,10,0,"fin_estudio",0,NA,0,"2","1"
1259,"13","3",2.352,0.2352,18,"18-25",0,95,1372,4,14685,617,"mixta",5758,"comercial","turismo","diesel","H","otro","soltero","anual",0,2,"basico","presencial",1,1,0,4,1.379,1,7.434,0,"fin_estudio",711.1,711.1,1,"4","4"
1260,"13","3",3.553,0.3553,60,"35-65",35,126,1726,12,27484,104,"rural",7815,"particular","turismo","diesel","H","negro","casado","mensual",1,2,"medio","presencial",2,0,0,3,0.649,1,10,0,"fin_estudio",3941.58,1970.79,1,"5","5"
1261,"13","3",4.501,0.4501,62,"35-65",37,67,1065,5,21051,42,"rural",10098,"comercial","furgoneta","gasolina","M","otro","casado","anual",1,2,"basico","telefonico",0,1,1,4,4.501,0,10,0,"fin_estudio",0,NA,0,"1","1"
1262,"13","3",2.477,0.2477,47,"35-65",24,62,817,8,13747,108,"rural",10556,"particular","turismo","diesel","H","blanco","casado","mensual",0,2,"basico","presencial",0,0,0,0,2.477,0,2.477,1,"baja",0,NA,0,"1","1"
1263,"13","3",1.712,0.1712,46,"35-65",22,188,3034,13,37313,587,"mixta",10656,"particular","turismo","gasolina","M","rojo","casado","anual",0,1,"superior","presencial",0,1,0,4,1.712,0,10,0,"fin_estudio",0,NA,0,"5","5"
1264,"13","3",4.383,0.4383,60,"35-65",41,100,1308,11,23205,75,"rural",10999,"particular","furgoneta","gasolina","H","gris","soltero","anual",0,1,"basico","presencial",0,0,2,5,4.383,0,10,0,"fin_estudio",0,NA,0,"1","1"
1265,"13","3",3.367,0.3367,74,"65+",51,121,1949,4,14674,73,"rural",7060,"comercial","furgoneta","gasolina","M","negro","casado","anual",0,2,"medio","presencial",0,2,0,4,3.367,0,3.367,1,"baja",0,NA,0,"3","2"
1266,"13","3",3.523,0.3523,68,"65+",32,132,1671,3,48832,401,"mixta",9460,"particular","moto","gasolina","M","gris","casado","mensual",1,3,"superior","presencial",1,2,2,5,1.63,1,3.523,1,"baja",9804.51,9804.51,1,"3","2"
1267,"13","3",3.899,0.3899,35,"25-35",12,100,1607,17,13980,176,"mixta",19781,"particular","turismo","gasolina","M","otro","casado","anual",1,2,"superior","presencial",1,3,0,2,0.647,1,3.899,1,"baja",420.23,420.23,1,"5","5"
1268,"13","3",5.883,0.5883,41,"35-65",9,102,1680,14,14407,96,"rural",3704,"particular","turismo","diesel","M","blanco","otro","anual",1,1,"basico","presencial",0,0,0,3,5.883,0,10,0,"fin_estudio",0,NA,0,"1","1"
1269,"13","3",2.878,0.2878,32,"25-35",9,115,1574,4,35452,91,"rural",9562,"particular","turismo","diesel","H","otro","casado","mensual",0,2,"basico","presencial",2,3,0,2,1.457,1,2.878,1,"baja",1281.62,640.81,1,"5","5"
1270,"13","3",5.657,0.5657,43,"35-65",14,145,2286,9,33866,62,"rural",16784,"particular","turismo","diesel","M","gris","soltero","anual",0,2,"medio","presencial",0,3,0,4,5.657,0,7.142,0,"fin_estudio",0,NA,0,"1","1"
1271,"13","3",3.924,0.3924,55,"35-65",30,89,1286,12,29142,89,"rural",9729,"particular","turismo","diesel","M","gris","casado","anual",0,1,"basico","presencial",0,2,0,3,3.924,0,10,0,"fin_estudio",0,NA,0,"2","2"
1272,"13","3",4.952,0.4952,59,"35-65",25,65,1153,8,40127,67,"rural",14042,"particular","moto","diesel","H","rojo","soltero","mensual",0,2,"medio","telefonico",1,6,3,4,1.64,1,10,0,"fin_estudio",1577.47,1577.47,1,"2","2"
1273,"13","3",2.489,0.2489,70,"65+",43,128,1661,12,29880,273,"mixta",9896,"particular","turismo","gasolina","M","otro","casado","mensual",0,1,"basico","telematico",0,1,0,2,2.489,0,3.698,0,"fin_estudio",0,NA,0,"1","1"
1274,"13","3",2.264,0.2264,32,"25-35",10,116,1623,5,25723,240,"mixta",18731,"particular","turismo","diesel","H","negro","casado","anual",0,1,"medio","presencial",0,1,0,2,2.264,0,2.264,1,"baja",0,NA,0,"3","3"
1275,"13","3",8.474,0.8474,51,"35-65",31,117,1418,5,35707,139,"rural",25439,"comercial","turismo","diesel","M","blanco","casado","anual",0,1,"superior","telefonico",0,5,1,9,8.474,0,10,0,"fin_estudio",0,NA,0,"1","1"
1276,"13","3",5.156,0.5156,60,"35-65",33,99,1712,12,28527,476,"mixta",15443,"particular","furgoneta","gasolina","H","gris","casado","anual",0,1,"superior","presencial",1,3,0,2,0.983,1,5.156,1,"baja",2134.78,2134.78,1,"2","1"
1277,"13","3",2.591,0.2591,37,"35-65",8,135,1787,11,20507,922,"mixta",10992,"particular","furgoneta","gasolina","H","otro","casado","mensual",1,1,"medio","presencial",0,0,0,4,2.591,0,2.591,1,"baja",0,NA,0,"1","1"
1278,"13","3",5.091,0.5091,42,"35-65",21,138,1912,11,18354,578,"mixta",8966,"particular","turismo","diesel","H","blanco","soltero","anual",0,1,"superior","presencial",1,3,2,7,4.257,1,10,0,"fin_estudio",1705.01,1705.01,1,"2","1"
1279,"13","3",5.644,0.5644,42,"35-65",19,165,2560,17,27045,54,"rural",9684,"particular","moto","diesel","H","gris","soltero","mensual",1,1,"superior","presencial",0,2,0,5,5.644,0,10,0,"fin_estudio",0,NA,0,"1","1"
1280,"13","3",3.556,0.3556,18,"18-25",0,111,1886,3,33207,1602,"urbana",11750,"particular","turismo","diesel","M","rojo","soltero","mensual",1,2,"medio","presencial",4,2,0,4,1.952,1,3.556,1,"baja",14527.1,3631.78,1,"3","5"
1281,"13","3",4.674,0.4674,52,"35-65",21,55,800,6,15838,135,"rural",3277,"comercial","moto","gasolina","H","gris","casado","anual",1,1,"basico","presencial",0,0,1,5,4.674,0,10,0,"fin_estudio",0,NA,0,"3","2"
1282,"13","3",3.041,0.3041,62,"35-65",23,150,1965,6,19011,283,"mixta",13900,"particular","turismo","diesel","M","blanco","soltero","anual",0,1,"basico","presencial",0,4,0,2,3.041,0,3.041,1,"baja",0,NA,0,"1","1"
1283,"13","3",3.065,0.3065,50,"35-65",21,80,1122,14,13765,88,"rural",53793,"particular","turismo","diesel","H","rojo","soltero","mensual",0,1,"basico","presencial",1,0,0,1,2.077,1,4.756,0,"fin_estudio",584.91,584.91,1,"4","3"
1284,"13","3",0.901,0.0901,61,"35-65",24,172,2931,15,28653,183,"mixta",12499,"particular","moto","diesel","H","rojo","casado","mensual",0,1,"superior","presencial",0,0,1,1,0.901,0,0.901,1,"baja",0,NA,0,"1","1"
1285,"13","3",5.695,0.5695,52,"35-65",19,85,1044,3,17823,397,"mixta",37433,"comercial","turismo","gasolina","H","blanco","soltero","mensual",1,1,"medio","presencial",3,5,1,10,1.794,1,5.695,1,"baja",1350.03,450.01,1,"5","4"
1286,"13","3",1.041,0.1041,49,"35-65",29,132,1874,5,22742,176,"mixta",11834,"particular","turismo","diesel","H","otro","soltero","mensual",1,1,"medio","presencial",0,0,0,1,1.041,0,1.041,1,"baja",0,NA,0,"3","3"
1287,"13","3",3.163,0.3163,56,"35-65",29,115,1785,15,31495,377,"mixta",19387,"particular","turismo","gasolina","M","gris","casado","anual",0,1,"basico","presencial",2,1,0,1,0.449,1,3.163,1,"baja",8833.56,4416.78,1,"3","3"
1288,"13","3",4.779,0.4779,62,"35-65",26,177,2179,12,21014,263,"mixta",9957,"particular","turismo","gasolina","M","otro","soltero","anual",0,1,"basico","presencial",2,1,0,5,0.632,1,10,0,"fin_estudio",1581.78,790.89,1,"5","5"
1289,"13","3",0.966,0.0966,56,"35-65",23,127,1734,6,45955,228,"mixta",10174,"particular","turismo","gasolina","M","gris","casado","anual",1,1,"basico","presencial",0,0,0,3,0.966,0,0.966,1,"baja",0,NA,0,"3","3"
1290,"13","3",2.652,0.2652,58,"35-65",22,55,938,12,22019,354,"mixta",9604,"particular","turismo","gasolina","H","gris","soltero","mensual",0,1,"basico","presencial",0,0,1,1,2.652,0,2.653,0,"fin_estudio",0,NA,0,"2","1"
1291,"13","3",4.828,0.4828,57,"35-65",38,61,1048,13,13431,248,"mixta",11252,"particular","turismo","gasolina","M","gris","casado","anual",0,2,"basico","telefonico",0,1,1,5,4.828,0,4.828,1,"baja",0,NA,0,"1","1"
1292,"13","3",3.69,0.369,62,"35-65",31,103,1336,7,21357,584,"mixta",12559,"particular","turismo","diesel","M","gris","casado","mensual",1,2,"medio","presencial",0,1,1,2,3.69,0,10,0,"fin_estudio",0,NA,0,"3","2"
1293,"13","3",9.171,0.9171,56,"35-65",26,99,1210,15,18754,68,"rural",5517,"particular","turismo","gasolina","H","otro","casado","anual",0,2,"basico","presencial",0,2,1,5,9.171,0,10,0,"fin_estudio",0,NA,0,"1","1"
1294,"13","3",1.016,0.1016,55,"35-65",21,63,823,15,10840,92,"rural",5312,"particular","turismo","diesel","H","gris","soltero","anual",0,2,"basico","presencial",0,1,0,1,1.016,0,3.653,0,"fin_estudio",0,NA,0,"2","2"
1295,"13","3",6.621,0.6621,49,"35-65",14,96,1550,8,14110,3563,"urbana",12234,"particular","turismo","gasolina","M","negro","soltero","anual",0,2,"basico","presencial",3,3,0,7,0.07,1,10,0,"fin_estudio",3098.66,1032.89,1,"4","3"
1296,"13","3",4.1,0.41,58,"35-65",35,111,1758,10,19233,393,"mixta",9513,"particular","furgoneta","diesel","M","blanco","soltero","mensual",1,1,"basico","telefonico",0,3,0,7,4.1,0,6.284,0,"fin_estudio",0,NA,0,"1","1"
1297,"13","3",4.02,0.402,53,"35-65",16,124,2183,9,40478,251,"mixta",7250,"particular","turismo","diesel","H","blanco","soltero","anual",0,1,"medio","presencial",0,0,0,4,4.02,0,10,0,"fin_estudio",0,NA,0,"3","2"
1298,"13","3",5.727,0.5727,26,"25-35",4,172,2804,7,26779,218,"mixta",15750,"comercial","turismo","gasolina","H","gris","otro","anual",0,1,"basico","presencial",1,2,3,9,1.073,1,5.727,1,"baja",3516.56,3516.56,1,"2","1"
1299,"13","3",2.994,0.2994,41,"35-65",15,121,2066,8,18538,269,"mixta",4470,"particular","turismo","diesel","H","gris","soltero","mensual",0,1,"superior","telefonico",0,1,1,4,2.994,0,10,0,"fin_estudio",0,NA,0,"2","2"
1300,"13","3",3.146,0.3146,26,"25-35",5,128,1774,0,30446,127,"rural",21429,"particular","turismo","diesel","M","negro","casado","mensual",0,2,"medio","presencial",0,3,0,2,3.146,0,10,0,"fin_estudio",0,NA,0,"4","3"
1301,"13","3",5.792,0.5792,33,"25-35",13,88,1187,8,17960,1210,"urbana",11479,"particular","turismo","gasolina","H","negro","soltero","mensual",1,2,"basico","presencial",1,2,0,7,2.845,1,5.792,1,"baja",1631.2,1631.2,1,"3","2"
1302,"13","3",8.483,0.8483,36,"35-65",14,98,1477,7,37792,80,"rural",13716,"particular","turismo","gasolina","H","gris","casado","mensual",0,1,"superior","presencial",1,0,0,7,1.741,1,9.756,0,"fin_estudio",1032.47,1032.47,1,"1","1"
1303,"13","3",4.052,0.4052,49,"35-65",23,153,1953,5,24074,467,"mixta",19716,"particular","turismo","diesel","M","rojo","soltero","anual",0,1,"superior","presencial",1,2,0,3,3.012,1,9.263,0,"fin_estudio",656.25,656.25,1,"3","2"
1304,"13","3",3.038,0.3038,46,"35-65",18,125,1906,7,18106,176,"mixta",25234,"particular","moto","gasolina","H","rojo","soltero","anual",0,1,"basico","presencial",0,1,0,0,3.038,0,10,0,"fin_estudio",0,NA,0,"1","1"
1305,"13","3",1.969,0.1969,72,"65+",51,126,2029,9,29899,245,"mixta",12340,"comercial","moto","diesel","H","negro","soltero","anual",1,1,"basico","telefonico",0,1,0,3,1.969,0,3.593,0,"fin_estudio",0,NA,0,"3","2"
1306,"13","3",7.278,0.7278,69,"65+",45,143,2417,0,27374,123,"rural",11862,"particular","turismo","gasolina","M","gris","soltero","mensual",1,1,"medio","telefonico",1,1,2,7,0.878,1,10,0,"fin_estudio",762.86,762.86,1,"1","1"
1307,"14","3",5.135,0.5135,59,"35-65",41,73,1097,8,24701,584,"mixta",11739,"comercial","turismo","gasolina","H","otro","soltero","anual",0,1,"basico","telematico",0,4,0,2,5.135,0,5.947,0,"fin_estudio",0,NA,0,"1","1"
1308,"14","3",1.848,0.1848,26,"25-35",6,103,1739,2,22749,2554,"urbana",11215,"particular","turismo","gasolina","H","otro","soltero","anual",0,1,"medio","presencial",0,2,0,4,1.848,0,1.848,1,"baja",0,NA,0,"1","1"
1309,"14","3",1.529,0.1529,56,"35-65",20,111,1338,15,13029,201,"mixta",10881,"particular","turismo","diesel","H","otro","casado","anual",0,2,"superior","telematico",0,0,0,1,1.529,0,1.529,1,"baja",0,NA,0,"1","1"
1310,"14","3",2.5,0.25,24,"18-25",2,61,1033,3,25144,1395,"urbana",23345,"particular","turismo","gasolina","M","negro","casado","anual",0,1,"superior","presencial",0,1,0,3,2.5,0,2.5,1,"baja",0,NA,0,"1","1"
1311,"14","3",3.124,0.3124,47,"35-65",20,111,1938,13,20881,181,"mixta",14916,"comercial","turismo","diesel","M","blanco","soltero","anual",0,3,"medio","telefonico",0,1,0,1,3.124,0,7.052,0,"fin_estudio",0,NA,0,"1","1"
1312,"14","3",4.183,0.4183,36,"35-65",15,75,1184,12,17553,272,"mixta",5664,"particular","turismo","gasolina","M","blanco","soltero","anual",1,2,"basico","telefonico",0,2,0,2,4.183,0,4.183,1,"baja",0,NA,0,"1","1"
1313,"14","3",3.787,0.3787,20,"18-25",1,95,1553,5,33267,2430,"urbana",13760,"particular","turismo","diesel","M","blanco","casado","mensual",0,1,"basico","telefonico",3,3,0,3,1.997,1,10,0,"fin_estudio",17968.45,5989.48,1,"3","5"
1314,"14","3",5.5,0.55,65,"35-65",47,196,3152,20,22532,232,"mixta",3159,"particular","moto","diesel","H","otro","casado","mensual",0,1,"medio","presencial",1,0,0,3,5.087,1,5.5,1,"baja",2531.14,2531.14,1,"1","2"
1315,"14","3",2.453,0.2453,72,"65+",22,161,2483,12,33115,165,"mixta",11346,"particular","turismo","diesel","H","gris","casado","anual",0,1,"basico","telematico",0,1,0,2,2.453,0,10,0,"fin_estudio",0,NA,0,"4","3"
1316,"14","3",3.374,0.3374,18,"18-25",0,104,1286,17,27885,419,"mixta",12765,"particular","turismo","gasolina","M","otro","soltero","anual",0,1,"medio","presencial",0,1,1,3,3.374,0,10,0,"fin_estudio",0,NA,0,"2","2"
1317,"14","3",3.292,0.3292,38,"35-65",13,104,1660,0,25032,660,"mixta",6932,"particular","turismo","diesel","M","gris","casado","anual",0,1,"medio","telefonico",0,1,0,3,3.292,0,10,0,"fin_estudio",0,NA,0,"1","1"
1318,"14","3",2.327,0.2327,39,"35-65",19,112,1368,17,24269,469,"mixta",7010,"particular","turismo","diesel","H","rojo","casado","mensual",1,1,"medio","presencial",0,0,1,0,2.327,0,10,0,"fin_estudio",0,NA,0,"4","4"
1319,"14","3",3.546,0.3546,38,"35-65",10,118,1577,7,26312,618,"mixta",9377,"particular","turismo","gasolina","H","otro","casado","anual",0,1,"medio","telematico",0,4,0,2,3.546,0,3.546,1,"baja",0,NA,0,"1","1"
1320,"14","3",4.737,0.4737,60,"35-65",25,55,800,5,19099,1383,"urbana",13353,"particular","turismo","gasolina","H","otro","otro","mensual",1,1,"medio","presencial",0,4,0,6,4.737,0,4.737,1,"baja",0,NA,0,"1","1"
1321,"14","3",8.244,0.8244,36,"35-65",11,135,2404,4,36834,160,"mixta",24159,"particular","turismo","gasolina","M","blanco","casado","mensual",0,1,"superior","telematico",3,7,0,6,0.337,1,9.302,0,"fin_estudio",10783.11,3594.37,1,"3","2"
1322,"14","3",4.706,0.4706,30,"25-35",7,112,1979,8,17406,117,"rural",29395,"comercial","turismo","gasolina","M","blanco","otro","anual",1,1,"medio","presencial",1,3,3,3,3.516,1,4.706,1,"baja",162.31,162.31,1,"4","4"
1323,"14","3",8.283,0.8283,52,"35-65",23,140,2087,6,40146,883,"mixta",3986,"comercial","turismo","diesel","H","rojo","casado","anual",0,1,"basico","presencial",0,0,1,4,8.283,0,10,0,"fin_estudio",0,NA,0,"1","1"
1324,"14","3",1.706,0.1706,42,"35-65",12,56,940,14,7035,349,"mixta",15931,"particular","moto","diesel","M","otro","soltero","mensual",1,1,"basico","telefonico",0,1,0,1,1.706,0,1.706,1,"baja",0,NA,0,"4","3"
1325,"14","3",2.022,0.2022,53,"35-65",31,60,800,0,23608,1874,"urbana",11052,"particular","turismo","diesel","H","rojo","soltero","anual",0,1,"superior","telefonico",1,1,1,1,0.165,1,3.494,0,"fin_estudio",415.7,415.7,1,"4","4"
1326,"14","3",4.418,0.4418,44,"35-65",20,115,1686,5,16638,259,"mixta",2735,"particular","turismo","gasolina","H","blanco","soltero","mensual",0,2,"medio","presencial",0,0,1,4,4.418,0,10,0,"fin_estudio",0,NA,0,"1","1"
1327,"14","3",2.662,0.2662,18,"18-25",0,87,1172,8,29174,296,"mixta",18906,"particular","turismo","diesel","M","otro","soltero","anual",0,1,"basico","telematico",0,3,0,3,2.662,0,2.662,1,"baja",0,NA,0,"2","1"
1328,"14","3",2.85,0.285,69,"65+",19,89,1079,2,19649,477,"mixta",10400,"particular","turismo","gasolina","H","rojo","soltero","mensual",0,1,"medio","telematico",1,2,1,4,2.521,1,10,0,"fin_estudio",1336.3,1336.3,1,"2","3"
1329,"14","3",5.84,0.584,55,"35-65",15,66,815,14,24199,191,"mixta",21414,"particular","turismo","gasolina","M","blanco","casado","anual",1,1,"superior","telefonico",3,5,0,3,2.7,1,5.84,1,"baja",2725.73,908.58,1,"3","4"
1330,"14","3",1.455,0.1455,49,"35-65",28,168,2853,2,24085,1854,"urbana",27117,"particular","turismo","gasolina","M","rojo","casado","mensual",0,1,"superior","telefonico",0,1,0,0,1.455,0,4.413,0,"fin_estudio",0,NA,0,"3","3"
1331,"14","3",1.932,0.1932,43,"35-65",15,138,2111,4,30388,803,"mixta",10205,"particular","moto","gasolina","H","rojo","casado","mensual",1,1,"basico","telematico",1,0,0,0,0.458,1,10,0,"fin_estudio",1013.31,1013.31,1,"5","4"
1332,"14","3",7.354,0.7354,48,"35-65",13,105,1455,6,23551,141,"rural",15587,"particular","turismo","gasolina","M","gris","soltero","anual",0,1,"medio","presencial",0,3,0,1,7.354,0,10,0,"fin_estudio",0,NA,0,"2","1"
1333,"14","3",4.344,0.4344,57,"35-65",26,139,1834,11,27316,285,"mixta",17520,"particular","turismo","diesel","M","rojo","casado","anual",0,2,"basico","presencial",0,5,1,4,4.344,0,10,0,"fin_estudio",0,NA,0,"1","1"
1334,"14","3",4.801,0.4801,51,"35-65",32,71,991,13,10459,3456,"urbana",15817,"comercial","turismo","gasolina","M","rojo","soltero","anual",1,1,"medio","presencial",0,2,0,4,4.801,0,10,0,"fin_estudio",0,NA,0,"1","1"
1335,"14","3",4.599,0.4599,56,"35-65",16,64,1114,0,4040,87,"rural",9743,"particular","turismo","gasolina","H","rojo","casado","mensual",0,1,"basico","presencial",1,2,0,7,0.421,1,7.99,0,"fin_estudio",1275.65,1275.65,1,"1","1"
1336,"14","3",2.494,0.2494,37,"35-65",9,55,905,13,29863,211,"mixta",13347,"particular","turismo","diesel","M","blanco","casado","mensual",1,1,"medio","presencial",0,1,0,2,2.494,0,3.101,0,"fin_estudio",0,NA,0,"5","4"
1337,"14","3",3.574,0.3574,54,"35-65",22,107,1740,6,16576,82,"rural",8900,"comercial","turismo","gasolina","M","rojo","casado","anual",1,1,"medio","presencial",1,2,0,3,1.972,1,3.574,1,"baja",429.41,429.41,1,"3","2"
1338,"14","3",6.967,0.6967,36,"35-65",11,97,1281,5,22272,15,"rural",19474,"particular","turismo","gasolina","H","negro","otro","mensual",1,1,"superior","presencial",1,3,0,8,5.643,1,8.155,0,"fin_estudio",1180.78,1180.78,1,"2","1"
1339,"14","3",9.589,0.9589,45,"35-65",11,107,1893,0,23832,5273,"urbana",16610,"comercial","turismo","diesel","M","rojo","casado","mensual",0,1,"superior","presencial",0,10,0,10,9.589,0,10,0,"fin_estudio",0,NA,0,"1","1"
1340,"14","3",5.294,0.5294,26,"25-35",4,72,975,6,17153,5154,"urbana",15622,"comercial","turismo","gasolina","H","gris","soltero","anual",1,1,"superior","presencial",6,3,0,8,1.045,1,10,0,"fin_estudio",9538.04,1589.67,1,"5","4"
1341,"14","3",6.363,0.6363,50,"35-65",28,138,2201,5,21072,268,"mixta",17091,"particular","turismo","gasolina","H","blanco","soltero","anual",0,2,"medio","telematico",0,5,0,7,6.363,0,10,0,"fin_estudio",0,NA,0,"1","1"
1342,"14","3",2.157,0.2157,32,"25-35",9,85,1382,13,39876,1059,"urbana",31027,"particular","moto","diesel","H","gris","soltero","mensual",1,1,"medio","presencial",0,2,0,3,2.157,0,9.141,0,"fin_estudio",0,NA,0,"4","4"
1343,"14","3",9.436,0.9436,57,"35-65",39,114,1599,9,33205,17756,"urbana",13675,"particular","turismo","gasolina","M","otro","casado","anual",1,1,"medio","telefonico",1,6,0,10,8.42,1,10,0,"fin_estudio",704.42,704.42,1,"2","1"
1344,"14","3",0.595,0.0595,35,"25-35",13,55,800,3,19849,7439,"urbana",6778,"particular","furgoneta","diesel","M","blanco","soltero","mensual",1,2,"basico","presencial",0,0,0,2,0.595,0,0.595,1,"baja",0,NA,0,"2","2"
1345,"14","3",1.688,0.1688,26,"25-35",3,55,882,7,19717,210,"mixta",29763,"particular","furgoneta","gasolina","H","gris","soltero","anual",0,1,"basico","telefonico",0,0,0,3,1.688,0,1.688,1,"baja",0,NA,0,"1","1"
1346,"14","3",5.246,0.5246,50,"35-65",16,81,1414,7,33993,394,"mixta",8594,"comercial","turismo","diesel","H","gris","soltero","mensual",1,1,"medio","telefonico",0,5,1,5,5.246,0,5.246,1,"baja",0,NA,0,"1","1"
1347,"14","3",3.17,0.317,45,"35-65",26,182,2347,3,27350,87,"rural",30545,"particular","turismo","diesel","M","blanco","soltero","mensual",0,1,"basico","telefonico",2,4,0,6,1.286,1,3.17,1,"baja",3671.63,1835.82,1,"3","2"
1348,"14","3",7.92,0.792,47,"35-65",20,108,1776,12,31576,3204,"urbana",9780,"particular","furgoneta","gasolina","H","otro","otro","mensual",1,1,"medio","presencial",1,2,0,4,0.716,1,7.92,1,"baja",225.61,225.61,1,"1","1"
1349,"14","3",5.601,0.5601,50,"35-65",24,102,1590,9,18483,181,"mixta",13865,"comercial","moto","diesel","H","blanco","casado","anual",0,1,"superior","presencial",0,2,0,4,5.601,0,5.601,1,"baja",0,NA,0,"1","1"
1350,"14","3",6.648,0.6648,45,"35-65",15,105,1744,13,24375,2487,"urbana",14331,"particular","turismo","diesel","M","gris","casado","mensual",0,1,"medio","presencial",2,5,0,3,4.64,1,6.648,1,"baja",3480.34,1740.17,1,"5","4"
1351,"14","3",3.047,0.3047,30,"25-35",8,74,1014,5,11605,62,"rural",6810,"particular","turismo","diesel","M","negro","casado","anual",0,1,"basico","telefonico",0,0,1,6,3.047,0,7.714,0,"fin_estudio",0,NA,0,"3","2"
1352,"14","3",3.377,0.3377,20,"18-25",1,89,1474,10,30538,289,"mixta",12858,"particular","turismo","diesel","H","negro","otro","anual",0,1,"superior","presencial",0,2,0,2,3.377,0,10,0,"fin_estudio",0,NA,0,"2","2"
1353,"14","3",3.519,0.3519,48,"35-65",17,153,2594,8,13353,1291,"urbana",17830,"comercial","turismo","diesel","H","gris","soltero","anual",0,1,"basico","presencial",2,4,0,9,2.47,1,3.675,0,"fin_estudio",3351.58,1675.79,1,"3","2"
1354,"14","3",1.763,0.1763,49,"35-65",26,131,1730,9,25567,154,"mixta",18945,"particular","turismo","diesel","H","rojo","soltero","anual",1,1,"medio","telematico",1,1,0,0,0.559,1,4.403,0,"fin_estudio",4335.71,4335.71,1,"5","4"
1355,"14","3",2.222,0.2222,27,"25-35",4,113,1400,15,18298,44,"rural",15335,"particular","turismo","diesel","M","blanco","soltero","mensual",0,2,"basico","presencial",0,0,1,6,2.222,0,2.222,1,"baja",0,NA,0,"1","1"
1356,"14","3",2.322,0.2322,41,"35-65",13,144,1805,5,28846,210,"mixta",19131,"particular","turismo","gasolina","M","blanco","casado","anual",0,2,"basico","presencial",1,0,0,4,1.276,1,2.322,1,"baja",1458.02,1458.02,1,"3","2"
1357,"14","3",2.529,0.2529,40,"35-65",8,84,1374,15,26236,778,"mixta",14986,"particular","turismo","diesel","M","blanco","otro","anual",0,1,"superior","telefonico",0,2,0,1,2.529,0,2.529,1,"baja",0,NA,0,"4","4"
1358,"14","3",6.544,0.6544,34,"25-35",13,83,1141,0,13150,186,"mixta",17042,"comercial","turismo","gasolina","M","rojo","soltero","mensual",1,1,"medio","presencial",3,3,0,6,0.528,1,10,0,"fin_estudio",3486.54,1162.18,1,"4","3"
1359,"14","3",1.147,0.1147,65,"35-65",46,55,827,15,26466,26,"rural",19425,"particular","turismo","diesel","M","rojo","otro","anual",0,1,"basico","presencial",0,1,0,1,1.147,0,1.147,1,"baja",0,NA,0,"4","3"
1360,"14","3",1.501,0.1501,47,"35-65",27,117,1886,6,13656,402,"mixta",6736,"particular","turismo","gasolina","M","blanco","otro","anual",0,1,"medio","presencial",0,0,0,1,1.501,0,6.53,0,"fin_estudio",0,NA,0,"3","2"
1361,"14","3",7.707,0.7707,60,"35-65",15,125,2235,6,31844,386,"mixta",6092,"particular","moto","diesel","M","blanco","soltero","anual",0,1,"medio","presencial",1,3,2,6,2.618,1,7.707,1,"baja",271.28,271.28,1,"4","3"
1362,"14","3",3.526,0.3526,52,"35-65",21,199,3476,0,9465,253,"mixta",17793,"particular","turismo","gasolina","M","rojo","soltero","mensual",0,1,"medio","telefonico",0,5,1,4,3.526,0,5.078,0,"fin_estudio",0,NA,0,"3","2"
1363,"14","3",3.624,0.3624,30,"25-35",12,165,2706,19,43610,133,"rural",6677,"particular","turismo","diesel","H","negro","otro","anual",0,1,"superior","presencial",1,4,0,5,2.477,1,10,0,"fin_estudio",4227.35,4227.35,1,"3","2"
1364,"14","3",1.377,0.1377,48,"35-65",27,105,1528,5,30390,215,"mixta",26128,"comercial","turismo","diesel","M","gris","soltero","mensual",1,1,"medio","presencial",0,2,1,0,1.377,0,9.675,0,"fin_estudio",0,NA,0,"2","2"
1365,"14","3",5.462,0.5462,39,"35-65",8,61,1041,10,22157,2742,"urbana",11101,"particular","furgoneta","gasolina","H","otro","otro","mensual",0,1,"basico","presencial",2,0,0,3,3.439,1,10,0,"fin_estudio",2248.38,1124.19,1,"4","3"
1366,"14","3",1.144,0.1144,38,"35-65",18,102,1824,8,7716,335,"mixta",8084,"particular","moto","diesel","H","otro","otro","anual",0,1,"basico","presencial",1,1,0,2,0.525,1,10,0,"fin_estudio",3431.44,3431.44,1,"4","3"
1367,"14","3",1.939,0.1939,56,"35-65",27,117,1702,9,20658,112,"rural",8362,"particular","turismo","gasolina","M","blanco","casado","anual",0,1,"basico","telefonico",0,0,0,3,1.939,0,6.001,0,"fin_estudio",0,NA,0,"4","4"
1368,"14","3",8.964,0.8964,66,"65+",25,66,1064,0,33159,127,"rural",9092,"particular","turismo","gasolina","M","negro","otro","anual",1,2,"basico","telefonico",2,3,0,7,3.242,1,10,0,"fin_estudio",3404.13,1702.07,1,"2","1"
1369,"14","3",8.628,0.8628,40,"35-65",9,139,2499,2,20735,53,"rural",11715,"particular","turismo","gasolina","M","otro","otro","anual",0,1,"basico","telematico",2,3,1,10,6.427,1,10,0,"fin_estudio",3042.54,1521.27,1,"2","3"
1370,"14","3",6.073,0.6073,78,"65+",56,137,2255,9,27007,93,"rural",12750,"particular","furgoneta","diesel","M","otro","soltero","anual",1,2,"superior","telematico",1,2,2,5,6.026,1,6.073,1,"baja",2967.46,2967.46,1,"2","3"
1371,"14","3",3.136,0.3136,32,"25-35",13,168,2581,12,19070,3538,"urbana",9224,"particular","turismo","gasolina","H","otro","soltero","anual",0,1,"medio","presencial",1,0,0,2,0.452,1,10,0,"fin_estudio",2058.54,2058.54,1,"3","3"
1372,"14","3",4.166,0.4166,26,"25-35",8,135,2077,9,46317,292,"mixta",7784,"comercial","turismo","diesel","M","gris","casado","mensual",0,1,"medio","presencial",0,1,0,5,4.166,0,4.166,1,"baja",0,NA,0,"4","3"
1373,"14","3",2.82,0.282,35,"25-35",11,118,2029,0,18831,367,"mixta",6856,"particular","furgoneta","gasolina","H","otro","soltero","anual",0,1,"medio","telefonico",1,0,0,5,2.457,1,2.82,1,"baja",2715.61,2715.61,1,"3","4"
1374,"14","3",2.151,0.2151,40,"35-65",13,96,1378,9,27002,800,"mixta",7506,"particular","turismo","gasolina","H","rojo","soltero","anual",1,1,"basico","telematico",0,1,0,1,2.151,0,2.151,1,"baja",0,NA,0,"1","1"
1375,"14","3",2.54,0.254,23,"18-25",3,95,1633,10,16720,47,"rural",9473,"particular","furgoneta","diesel","H","blanco","soltero","anual",1,1,"medio","presencial",2,0,0,0,0.905,1,2.54,1,"baja",4413.06,2206.53,1,"4","5"
1376,"14","3",4.299,0.4299,25,"18-25",3,77,1173,10,30595,172,"mixta",21212,"particular","turismo","gasolina","H","otro","casado","anual",0,1,"basico","telefonico",0,6,1,5,4.299,0,5.081,0,"fin_estudio",0,NA,0,"1","1"
1377,"14","3",1.305,0.1305,63,"35-65",37,206,2909,9,32495,762,"mixta",5567,"particular","turismo","gasolina","M","negro","soltero","anual",0,2,"basico","telematico",0,2,0,0,1.305,0,10,0,"fin_estudio",0,NA,0,"2","2"
1378,"14","3",1.56,0.156,51,"35-65",18,113,1701,8,23390,103,"rural",8236,"particular","furgoneta","diesel","M","rojo","soltero","mensual",0,1,"superior","presencial",0,0,0,1,1.56,0,10,0,"fin_estudio",0,NA,0,"1","1"
1379,"14","3",1.359,0.1359,41,"35-65",20,132,2003,19,26150,820,"mixta",14520,"particular","turismo","diesel","M","gris","soltero","anual",0,2,"basico","telematico",0,1,0,4,1.359,0,1.359,1,"baja",0,NA,0,"1","1"
1380,"14","3",9.69,0.969,49,"35-65",16,104,1861,7,13171,374,"mixta",9948,"particular","turismo","diesel","M","blanco","otro","anual",1,1,"basico","telefonico",3,4,0,8,3.396,1,10,0,"fin_estudio",1803.1,601.03,1,"4","3"
1381,"14","3",2.607,0.2607,49,"35-65",30,130,1567,0,31947,1263,"urbana",28364,"particular","turismo","diesel","H","otro","casado","mensual",0,2,"superior","telematico",1,0,0,1,0.081,1,4.258,0,"fin_estudio",1026.42,1026.42,1,"2","2"
1382,"14","3",9.959,0.9959,45,"35-65",24,77,1197,4,16130,144,"rural",9891,"particular","moto","diesel","M","otro","soltero","mensual",1,3,"basico","presencial",2,4,0,7,0.521,1,10,0,"fin_estudio",3225.71,1612.86,1,"2","1"
1383,"14","3",6.975,0.6975,36,"35-65",10,164,2938,15,33011,309,"mixta",13078,"particular","turismo","diesel","M","negro","casado","mensual",1,2,"superior","presencial",1,6,0,4,0.501,1,6.975,1,"baja",3162.99,3162.99,1,"1","1"
1384,"14","3",0.328,0.0328,40,"35-65",15,105,1436,8,32222,249,"mixta",8983,"particular","turismo","gasolina","H","blanco","casado","anual",1,1,"medio","telefonico",0,0,0,1,0.328,0,0.328,1,"baja",0,NA,0,"1","1"
1385,"14","3",3.96,0.396,68,"65+",25,105,1523,8,26644,32,"rural",5801,"particular","turismo","diesel","H","otro","soltero","anual",1,1,"basico","telefonico",0,0,0,7,3.96,0,10,0,"fin_estudio",0,NA,0,"3","3"
1386,"14","3",3.779,0.3779,49,"35-65",22,209,3365,10,36385,4154,"urbana",28570,"particular","moto","gasolina","M","negro","soltero","anual",1,2,"basico","presencial",2,4,2,5,1.619,1,3.779,1,"baja",9845.44,4922.72,1,"3","4"
1387,"14","3",3.154,0.3154,35,"25-35",15,133,2237,13,25823,196,"mixta",26123,"particular","turismo","diesel","M","gris","casado","mensual",1,1,"medio","telematico",1,4,0,1,1.474,1,10,0,"fin_estudio",2992.85,2992.85,1,"5","5"
1388,"14","3",2.146,0.2146,41,"35-65",13,128,1590,3,21531,451,"mixta",8046,"particular","moto","gasolina","M","rojo","casado","mensual",0,1,"basico","presencial",0,0,0,1,2.146,0,5.107,0,"fin_estudio",0,NA,0,"3","3"
1389,"14","3",8.485,0.8485,48,"35-65",30,127,1977,7,25666,104,"rural",14888,"particular","turismo","diesel","M","gris","casado","mensual",0,1,"superior","presencial",1,6,0,5,7.032,1,10,0,"fin_estudio",2961.88,2961.88,1,"3","3"
1390,"14","3",3.019,0.3019,40,"35-65",22,55,929,7,12222,221,"mixta",8528,"particular","moto","gasolina","H","gris","casado","anual",1,2,"medio","presencial",0,3,0,0,3.019,0,7.366,0,"fin_estudio",0,NA,0,"2","1"
1391,"14","3",2.638,0.2638,56,"35-65",20,80,1270,4,19963,115,"rural",6661,"particular","turismo","diesel","M","blanco","soltero","anual",0,2,"basico","presencial",0,0,0,4,2.638,0,7.606,0,"fin_estudio",0,NA,0,"2","2"
1392,"14","3",9.324,0.9324,48,"35-65",20,113,1916,2,25959,323,"mixta",18343,"particular","turismo","diesel","H","rojo","casado","mensual",0,2,"basico","telefonico",5,3,0,9,0.353,1,10,0,"fin_estudio",11183.85,2236.77,1,"4","5"
1393,"14","3",7.432,0.7432,50,"35-65",19,76,1155,14,29605,208,"mixta",9073,"particular","moto","diesel","H","rojo","soltero","anual",0,1,"basico","presencial",1,0,0,8,3.904,1,7.949,0,"fin_estudio",2543.72,2543.72,1,"1","1"
1394,"14","3",7.185,0.7185,21,"18-25",2,177,2633,13,30739,152,"mixta",13184,"particular","turismo","diesel","M","gris","otro","mensual",0,1,"superior","telematico",3,4,0,5,0.109,1,10,0,"fin_estudio",3415.19,1138.4,1,"4","3"
1395,"14","3",2.352,0.2352,43,"35-65",15,128,1985,15,14911,346,"mixta",17133,"comercial","turismo","diesel","M","negro","soltero","mensual",1,1,"basico","telematico",0,1,0,3,2.352,0,7.671,0,"fin_estudio",0,NA,0,"2","2"
1396,"14","3",1.928,0.1928,40,"35-65",10,55,833,6,21922,1107,"urbana",21394,"particular","turismo","diesel","M","otro","soltero","anual",0,2,"medio","presencial",0,0,1,0,1.928,0,1.928,1,"baja",0,NA,0,"1","1"
1397,"14","3",7.021,0.7021,41,"35-65",18,98,1761,10,17294,51,"rural",5980,"comercial","moto","diesel","M","blanco","otro","mensual",1,3,"medio","presencial",0,3,0,5,7.021,0,7.021,1,"baja",0,NA,0,"1","1"
1398,"14","3",1.592,0.1592,33,"25-35",11,151,2327,9,26551,92,"rural",22002,"particular","turismo","diesel","M","otro","casado","mensual",1,2,"basico","presencial",0,2,0,4,1.592,0,10,0,"fin_estudio",0,NA,0,"3","2"
1399,"14","3",7.706,0.7706,58,"35-65",28,97,1573,0,30964,332,"mixta",9120,"particular","turismo","diesel","H","rojo","casado","anual",0,1,"superior","presencial",1,3,0,7,3.233,1,9.003,0,"fin_estudio",3205.77,3205.77,1,"3","2"
1400,"14","3",3.71,0.371,30,"25-35",5,101,1475,8,15564,1280,"urbana",13012,"particular","turismo","diesel","H","negro","soltero","anual",0,1,"basico","presencial",1,4,0,3,3.336,1,3.71,1,"baja",1443.79,1443.79,1,"1","2"
1401,"14","3",3.949,0.3949,34,"25-35",10,154,2147,8,29424,206,"mixta",14657,"comercial","turismo","gasolina","M","blanco","casado","anual",1,1,"basico","presencial",0,1,0,0,3.949,0,8.425,0,"fin_estudio",0,NA,0,"4","4"
1402,"14","3",3.732,0.3732,43,"35-65",23,55,990,18,41898,123,"rural",3390,"particular","turismo","diesel","H","blanco","casado","mensual",1,1,"basico","telefonico",1,0,1,2,2.404,1,10,0,"fin_estudio",3188.98,3188.98,1,"2","2"
1403,"14","3",1.572,0.1572,43,"35-65",16,126,1642,17,33814,159,"mixta",13369,"particular","moto","diesel","H","rojo","casado","anual",1,1,"basico","telematico",0,0,0,1,1.572,0,10,0,"fin_estudio",0,NA,0,"4","4"
1404,"14","3",7.983,0.7983,51,"35-65",16,168,2754,9,45564,151,"mixta",9339,"particular","turismo","gasolina","M","negro","casado","anual",0,1,"basico","presencial",0,3,3,8,7.983,0,10,0,"fin_estudio",0,NA,0,"1","1"
1405,"14","3",3.009,0.3009,56,"35-65",26,116,1536,11,22558,71,"rural",10960,"particular","turismo","diesel","H","rojo","casado","mensual",0,1,"basico","presencial",0,0,0,2,3.009,0,3.057,0,"fin_estudio",0,NA,0,"2","1"
1406,"14","3",1.016,0.1016,27,"25-35",4,69,844,0,19091,646,"mixta",8152,"comercial","moto","gasolina","M","negro","soltero","mensual",0,2,"basico","presencial",0,0,0,1,1.016,0,2.898,0,"fin_estudio",0,NA,0,"3","2"
1407,"15","3",0.612,0.0612,53,"35-65",21,77,1043,11,21334,1580,"urbana",17029,"particular","turismo","diesel","H","rojo","casado","anual",0,1,"medio","telefonico",1,0,0,0,0.056,1,0.612,1,"baja",579.21,579.21,1,"3","3"
1408,"15","3",8.405,0.8405,54,"35-65",34,143,1998,18,23136,146,"rural",9645,"particular","turismo","gasolina","M","otro","soltero","mensual",0,1,"medio","presencial",0,5,0,7,8.405,0,10,0,"fin_estudio",0,NA,0,"2","1"
1409,"15","3",2.108,0.2108,58,"35-65",20,105,1882,6,26173,91,"rural",9414,"particular","turismo","diesel","H","otro","casado","mensual",1,2,"basico","presencial",0,0,0,1,2.108,0,2.108,1,"baja",0,NA,0,"1","1"
1410,"15","3",2.384,0.2384,39,"35-65",10,130,1925,5,19062,180,"mixta",24078,"particular","turismo","diesel","M","gris","casado","anual",1,2,"superior","telematico",0,1,1,2,2.384,0,2.384,1,"baja",0,NA,0,"2","1"
1411,"15","3",5.042,0.5042,49,"35-65",14,130,1823,11,17613,464,"mixta",25076,"particular","turismo","gasolina","M","negro","otro","anual",0,1,"superior","presencial",1,1,1,7,4.051,1,5.042,1,"baja",750.43,750.43,1,"2","1"
1412,"15","3",7.805,0.7805,73,"65+",44,115,2000,4,36538,295,"mixta",11561,"particular","turismo","diesel","M","gris","casado","mensual",1,2,"medio","presencial",0,4,1,7,7.805,0,10,0,"fin_estudio",0,NA,0,"1","1"
1413,"15","3",5.105,0.5105,38,"35-65",11,71,1097,13,28840,120,"rural",12924,"particular","turismo","gasolina","M","negro","soltero","mensual",1,1,"superior","presencial",0,0,0,3,5.105,0,5.105,1,"baja",0,NA,0,"1","1"
1414,"15","3",1.043,0.1043,44,"35-65",17,120,1485,13,16148,605,"mixta",11317,"particular","turismo","gasolina","M","otro","soltero","anual",1,1,"basico","presencial",1,0,0,0,0.677,1,1.043,1,"baja",1113.91,1113.91,1,"2","2"
1415,"15","3",8.32,0.832,61,"35-65",39,158,2260,11,33238,1123,"urbana",8983,"particular","furgoneta","gasolina","H","blanco","otro","mensual",0,1,"basico","presencial",4,2,0,6,3.994,1,10,0,"fin_estudio",8184.54,2046.14,1,"5","5"
1416,"15","3",1.195,0.1195,29,"25-35",8,134,2254,8,33753,67,"rural",9513,"comercial","turismo","gasolina","M","negro","otro","mensual",1,1,"medio","telematico",0,1,0,2,1.195,0,1.195,1,"baja",0,NA,0,"1","1"
1417,"15","3",1.648,0.1648,36,"35-65",16,110,1751,12,11746,84,"rural",8950,"particular","moto","diesel","H","otro","casado","mensual",0,2,"basico","telematico",0,0,0,1,1.648,0,1.648,1,"baja",0,NA,0,"1","1"
1418,"15","3",1.213,0.1213,34,"25-35",9,193,3090,13,37999,406,"mixta",24243,"particular","turismo","gasolina","M","otro","casado","mensual",0,2,"basico","telefonico",0,2,1,1,1.213,0,1.213,1,"baja",0,NA,0,"2","1"
1419,"15","3",4.314,0.4314,40,"35-65",9,55,800,17,16213,326,"mixta",13919,"particular","moto","diesel","H","blanco","soltero","anual",0,1,"medio","telematico",0,1,0,3,4.314,0,10,0,"fin_estudio",0,NA,0,"1","1"
1420,"15","3",9.626,0.9626,65,"35-65",17,86,1333,7,22051,1028,"urbana",20719,"particular","turismo","gasolina","M","gris","soltero","mensual",1,3,"medio","telematico",0,1,0,6,9.626,0,10,0,"fin_estudio",0,NA,0,"1","1"
1421,"15","3",2.351,0.2351,18,"18-25",0,100,1623,7,26881,130,"rural",13318,"particular","turismo","diesel","H","gris","soltero","mensual",1,2,"basico","telematico",0,1,0,0,2.351,0,10,0,"fin_estudio",0,NA,0,"2","2"
1422,"15","3",4.726,0.4726,56,"35-65",26,104,1543,2,19913,371,"mixta",11118,"comercial","turismo","gasolina","H","rojo","soltero","anual",1,1,"basico","presencial",0,4,0,6,4.726,0,10,0,"fin_estudio",0,NA,0,"1","1"
1423,"15","3",4.539,0.4539,45,"35-65",16,113,1541,0,29690,305,"mixta",7342,"comercial","turismo","gasolina","H","blanco","soltero","mensual",0,1,"medio","telematico",0,1,0,8,4.539,0,10,0,"fin_estudio",0,NA,0,"1","1"
1424,"15","3",5.329,0.5329,33,"25-35",11,128,1572,4,25529,410,"mixta",17675,"particular","turismo","diesel","M","otro","casado","mensual",0,1,"basico","presencial",0,1,1,5,5.329,0,5.401,0,"fin_estudio",0,NA,0,"1","1"
1425,"15","3",3.997,0.3997,30,"25-35",7,142,2415,7,15906,345,"mixta",11663,"particular","turismo","diesel","M","otro","soltero","mensual",0,1,"medio","presencial",1,5,0,3,0.487,1,3.997,1,"baja",1899.16,1899.16,1,"2","2"
1426,"15","3",1.866,0.1866,18,"18-25",0,92,1608,11,17912,699,"mixta",13492,"comercial","turismo","gasolina","H","otro","casado","mensual",1,1,"medio","telefonico",0,2,0,5,1.866,0,3.325,0,"fin_estudio",0,NA,0,"1","1"
1427,"15","3",1.312,0.1312,40,"35-65",14,170,2215,7,12829,109,"rural",15591,"particular","furgoneta","gasolina","H","negro","soltero","anual",0,1,"medio","presencial",0,0,0,1,1.312,0,3.798,0,"fin_estudio",0,NA,0,"1","1"
1428,"15","3",2.672,0.2672,34,"25-35",6,55,800,8,5141,357,"mixta",20999,"comercial","turismo","gasolina","M","negro","soltero","mensual",1,1,"superior","presencial",0,3,1,2,2.672,0,2.672,1,"baja",0,NA,0,"2","2"
1429,"15","3",3.903,0.3903,30,"25-35",8,61,911,6,11081,188,"mixta",16437,"particular","turismo","gasolina","H","rojo","casado","mensual",0,1,"medio","telefonico",0,2,0,5,3.903,0,10,0,"fin_estudio",0,NA,0,"1","1"
1430,"15","3",8.263,0.8263,34,"25-35",10,93,1390,9,19464,47,"rural",8970,"particular","moto","diesel","H","blanco","soltero","mensual",0,1,"basico","presencial",0,1,0,7,8.263,0,10,0,"fin_estudio",0,NA,0,"1","1"
1431,"15","3",9.192,0.9192,35,"25-35",16,145,2607,8,19831,920,"mixta",7817,"comercial","moto","gasolina","H","otro","soltero","mensual",1,2,"superior","telematico",3,5,0,12,1.888,1,10,0,"fin_estudio",6807.61,2269.2,1,"2","1"
1432,"15","3",1.911,0.1911,42,"35-65",18,55,816,13,16320,203,"mixta",4904,"particular","turismo","diesel","H","rojo","casado","anual",0,2,"basico","presencial",0,0,0,1,1.911,0,1.911,1,"baja",0,NA,0,"2","1"
1433,"15","3",7.455,0.7455,34,"25-35",11,55,800,7,32353,300,"mixta",24563,"particular","turismo","diesel","H","blanco","casado","anual",0,1,"medio","presencial",1,6,0,8,0.163,1,10,0,"fin_estudio",2412.91,2412.91,1,"3","3"
1434,"15","3",1.095,0.1095,50,"35-65",21,128,2103,3,36997,94,"rural",6225,"comercial","turismo","diesel","H","otro","casado","anual",1,2,"basico","presencial",0,1,0,0,1.095,0,1.095,1,"baja",0,NA,0,"4","4"
1435,"15","3",6.889,0.6889,44,"35-65",19,99,1488,10,41486,77,"rural",10401,"particular","turismo","gasolina","M","negro","soltero","mensual",1,1,"superior","telefonico",0,1,0,4,6.889,0,10,0,"fin_estudio",0,NA,0,"1","1"
1436,"15","3",3.116,0.3116,40,"35-65",14,55,800,5,41972,138,"rural",11218,"particular","turismo","diesel","M","otro","soltero","mensual",0,1,"basico","presencial",0,0,0,1,3.116,0,3.116,1,"baja",0,NA,0,"2","2"
1437,"15","3",0.887,0.0887,43,"35-65",12,104,1478,10,29802,565,"mixta",16438,"particular","moto","diesel","H","gris","soltero","mensual",1,1,"medio","telematico",0,1,0,2,0.887,0,0.887,1,"baja",0,NA,0,"2","2"
1438,"15","3",3.446,0.3446,68,"65+",31,140,1961,7,29435,219,"mixta",7594,"particular","moto","gasolina","H","negro","casado","anual",0,2,"medio","presencial",0,0,0,4,3.446,0,3.446,1,"baja",0,NA,0,"2","1"
1439,"15","3",7.616,0.7616,30,"25-35",7,117,1601,13,19155,325,"mixta",4864,"particular","turismo","diesel","H","rojo","casado","mensual",0,2,"basico","presencial",0,1,0,8,7.616,0,7.616,1,"baja",0,NA,0,"1","1"
1440,"15","3",3.339,0.3339,26,"25-35",5,103,1803,15,17715,117,"rural",35347,"particular","turismo","gasolina","H","negro","casado","mensual",1,2,"basico","presencial",0,3,0,1,3.339,0,3.339,1,"baja",0,NA,0,"1","1"
1441,"15","3",7.367,0.7367,56,"35-65",22,85,1265,9,29675,163,"mixta",11123,"particular","turismo","gasolina","H","negro","casado","anual",1,1,"medio","telefonico",0,3,1,4,7.367,0,10,0,"fin_estudio",0,NA,0,"1","1"
1442,"15","3",0.948,0.0948,61,"35-65",39,146,2372,5,21130,223,"mixta",4194,"particular","turismo","diesel","M","otro","soltero","anual",1,1,"basico","telefonico",0,1,1,0,0.948,0,0.948,1,"baja",0,NA,0,"2","2"
1443,"15","3",9.344,0.9344,62,"35-65",38,89,1519,2,30367,341,"mixta",13351,"particular","turismo","gasolina","M","blanco","casado","mensual",0,1,"medio","presencial",0,3,0,6,9.344,0,10,0,"fin_estudio",0,NA,0,"1","1"
1444,"15","3",9.908,0.9908,56,"35-65",36,197,3324,12,24350,107,"rural",11942,"particular","turismo","gasolina","M","blanco","casado","mensual",0,2,"superior","telefonico",0,4,3,12,9.908,0,10,0,"fin_estudio",0,NA,0,"1","1"
1445,"15","3",0.396,0.0396,31,"25-35",5,96,1712,8,15064,1260,"urbana",19357,"comercial","turismo","gasolina","H","negro","casado","anual",0,2,"basico","presencial",0,1,0,1,0.396,0,0.396,1,"baja",0,NA,0,"1","1"
1446,"15","3",6.67,0.667,46,"35-65",22,152,2088,0,1500,2146,"urbana",10791,"particular","moto","gasolina","H","otro","casado","anual",1,2,"superior","telefonico",1,1,2,9,2.821,1,6.67,1,"baja",2814.38,2814.38,1,"1","1"
1447,"15","3",2.776,0.2776,63,"35-65",34,148,1997,14,43885,19,"rural",5894,"particular","moto","gasolina","M","otro","casado","mensual",0,1,"basico","presencial",0,0,0,3,2.776,0,4.212,0,"fin_estudio",0,NA,0,"1","1"
1448,"15","3",2.865,0.2865,52,"35-65",16,114,1902,19,44884,272,"mixta",18025,"particular","turismo","gasolina","H","rojo","soltero","anual",1,2,"basico","presencial",0,2,1,0,2.865,0,4.272,0,"fin_estudio",0,NA,0,"2","2"
1449,"15","3",3.915,0.3915,27,"25-35",6,55,800,8,23072,91,"rural",24441,"comercial","furgoneta","diesel","M","rojo","casado","anual",1,2,"basico","presencial",0,2,1,2,3.915,0,3.915,1,"baja",0,NA,0,"1","1"
1450,"15","3",3.126,0.3126,52,"35-65",28,116,1943,12,27565,1103,"urbana",5437,"particular","turismo","diesel","H","gris","casado","mensual",1,2,"basico","presencial",0,0,0,1,3.126,0,10,0,"fin_estudio",0,NA,0,"2","1"
1451,"15","3",3.927,0.3927,49,"35-65",29,111,1644,0,9428,226,"mixta",7932,"particular","turismo","gasolina","H","rojo","soltero","anual",0,1,"basico","presencial",0,0,0,4,3.927,0,5.732,0,"fin_estudio",0,NA,0,"1","1"
1452,"15","3",6.363,0.6363,48,"35-65",14,122,2131,11,17042,164,"mixta",11452,"particular","turismo","diesel","H","gris","casado","mensual",1,3,"medio","telefonico",0,4,1,7,6.363,0,7.573,0,"fin_estudio",0,NA,0,"1","1"
1453,"15","3",7.453,0.7453,38,"35-65",19,75,1077,7,24405,528,"mixta",13785,"particular","turismo","diesel","H","rojo","soltero","anual",0,2,"medio","presencial",0,4,0,5,7.453,0,8.532,0,"fin_estudio",0,NA,0,"4","3"
1454,"15","3",8.857,0.8857,50,"35-65",25,55,800,7,11171,443,"mixta",8941,"particular","turismo","diesel","H","rojo","soltero","mensual",0,1,"basico","presencial",0,2,0,10,8.857,0,8.857,1,"baja",0,NA,0,"1","1"
1455,"15","3",3.843,0.3843,51,"35-65",12,135,2148,10,22241,62,"rural",23191,"particular","moto","gasolina","H","rojo","soltero","mensual",0,1,"basico","presencial",0,2,0,5,3.843,0,3.843,1,"baja",0,NA,0,"3","3"
1456,"15","3",8.145,0.8145,57,"35-65",30,130,1924,11,24774,363,"mixta",10860,"particular","turismo","gasolina","M","otro","soltero","anual",0,1,"medio","telefonico",2,2,1,6,3.994,1,10,0,"fin_estudio",6060.92,3030.46,1,"1","1"
1457,"15","3",1.941,0.1941,53,"35-65",15,95,1511,6,32703,31,"rural",12588,"particular","turismo","diesel","M","otro","soltero","anual",1,2,"superior","presencial",0,0,0,0,1.941,0,2.897,0,"fin_estudio",0,NA,0,"2","1"
1458,"15","3",1.345,0.1345,47,"35-65",22,96,1195,8,18003,153,"mixta",22232,"particular","moto","diesel","H","gris","casado","anual",0,2,"basico","telefonico",0,1,0,2,1.345,0,1.345,1,"baja",0,NA,0,"3","2"
1459,"15","3",4.552,0.4552,63,"35-65",43,204,3428,14,35117,719,"mixta",18777,"particular","turismo","diesel","M","otro","casado","anual",0,2,"basico","presencial",0,3,1,2,4.552,0,4.552,1,"baja",0,NA,0,"3","3"
1460,"15","3",5.297,0.5297,33,"25-35",12,105,1789,10,24538,187,"mixta",17545,"particular","furgoneta","gasolina","M","rojo","soltero","mensual",0,1,"basico","presencial",0,0,0,3,5.297,0,10,0,"fin_estudio",0,NA,0,"2","2"
1461,"15","3",1.506,0.1506,48,"35-65",29,137,2124,8,25865,75,"rural",12410,"particular","turismo","diesel","M","blanco","casado","anual",0,1,"basico","presencial",0,1,0,0,1.506,0,8.718,0,"fin_estudio",0,NA,0,"1","1"
1462,"15","3",7.663,0.7663,47,"35-65",14,112,1710,5,46269,62,"rural",23051,"comercial","turismo","diesel","H","blanco","casado","anual",0,1,"basico","presencial",0,8,0,6,7.663,0,9.513,0,"fin_estudio",0,NA,0,"1","1"
1463,"15","3",5.991,0.5991,50,"35-65",31,86,1172,3,19271,132,"rural",21188,"particular","moto","gasolina","H","gris","soltero","anual",1,1,"basico","presencial",0,4,0,3,5.991,0,5.991,1,"baja",0,NA,0,"3","3"
1464,"15","3",2.826,0.2826,56,"35-65",17,107,1294,11,35577,172,"mixta",8643,"particular","turismo","diesel","M","otro","soltero","anual",0,1,"medio","presencial",0,2,1,4,2.826,0,2.826,1,"baja",0,NA,0,"1","1"
1465,"15","3",0.475,0.0475,33,"25-35",13,114,1722,3,25130,32,"rural",17045,"particular","turismo","diesel","M","otro","soltero","anual",1,1,"basico","telefonico",0,0,0,2,0.475,0,0.475,1,"baja",0,NA,0,"1","1"
1466,"15","3",0.89,0.089,32,"25-35",11,90,1464,14,33504,61,"rural",20419,"particular","turismo","diesel","H","negro","soltero","mensual",0,1,"basico","presencial",0,1,0,2,0.89,0,0.89,1,"baja",0,NA,0,"3","3"
1467,"15","3",1.774,0.1774,68,"65+",28,71,957,12,11031,30,"rural",12012,"particular","turismo","diesel","M","gris","soltero","anual",1,1,"medio","presencial",0,0,1,2,1.774,0,10,0,"fin_estudio",0,NA,0,"4","4"
1468,"15","3",3.835,0.3835,44,"35-65",10,106,1700,0,39974,396,"mixta",10299,"particular","turismo","gasolina","M","rojo","otro","anual",1,3,"basico","presencial",1,3,0,2,1.43,1,3.835,1,"baja",2728.02,2728.02,1,"4","4"
1469,"15","3",1.739,0.1739,37,"35-65",9,109,1711,12,15946,796,"mixta",8964,"particular","turismo","diesel","H","rojo","casado","anual",0,2,"medio","presencial",0,0,0,0,1.739,0,10,0,"fin_estudio",0,NA,0,"5","4"
1470,"15","3",1.66,0.166,43,"35-65",11,159,1972,6,27400,131,"rural",14739,"particular","moto","diesel","H","otro","casado","mensual",0,1,"basico","presencial",3,1,0,2,0.32,1,5.979,0,"fin_estudio",8059.19,2686.4,1,"4","5"
1471,"15","3",7.223,0.7223,52,"35-65",21,91,1268,1,23311,799,"mixta",9826,"particular","turismo","diesel","H","gris","casado","anual",1,3,"basico","telefonico",0,3,0,5,7.223,0,7.223,1,"baja",0,NA,0,"1","1"
1472,"15","3",9.487,0.9487,50,"35-65",31,55,800,7,20482,359,"mixta",4560,"comercial","turismo","gasolina","M","gris","casado","anual",1,2,"basico","telematico",0,3,0,8,9.487,0,10,0,"fin_estudio",0,NA,0,"1","1"
1473,"15","3",1.84,0.184,67,"65+",37,109,1376,13,12028,577,"mixta",12965,"particular","turismo","diesel","M","blanco","soltero","mensual",1,1,"medio","presencial",0,2,0,1,1.84,0,1.84,1,"baja",0,NA,0,"2","1"
1474,"15","3",0.382,0.0382,39,"35-65",13,84,1307,8,26781,203,"mixta",24195,"particular","turismo","gasolina","H","gris","casado","anual",0,2,"basico","telefonico",2,0,0,1,0.154,1,0.382,1,"baja",3046.55,1523.27,1,"5","5"
1475,"15","3",1.007,0.1007,39,"35-65",8,75,942,9,22952,279,"mixta",17534,"comercial","turismo","gasolina","H","rojo","casado","anual",0,2,"basico","presencial",0,1,0,1,1.007,0,1.007,1,"baja",0,NA,0,"3","2"
1476,"15","3",3.448,0.3448,56,"35-65",20,140,1922,9,28152,462,"mixta",10177,"particular","turismo","diesel","H","rojo","soltero","anual",1,1,"basico","presencial",0,0,0,1,3.448,0,3.727,0,"fin_estudio",0,NA,0,"1","1"
1477,"15","3",3.702,0.3702,30,"25-35",6,143,2078,1,33303,472,"mixta",13478,"particular","turismo","diesel","M","gris","casado","mensual",0,1,"superior","telefonico",0,3,0,4,3.702,0,7.391,0,"fin_estudio",0,NA,0,"4","3"
1478,"15","3",2.84,0.284,54,"35-65",22,99,1316,5,20327,2818,"urbana",23568,"comercial","turismo","gasolina","M","gris","soltero","mensual",1,1,"superior","presencial",1,3,0,3,0.505,1,5.136,0,"fin_estudio",1742.29,1742.29,1,"3","3"
1479,"15","3",4.288,0.4288,76,"65+",50,59,911,21,19542,187,"mixta",7967,"particular","turismo","diesel","M","gris","casado","mensual",1,1,"superior","presencial",0,0,0,3,4.288,0,5.944,0,"fin_estudio",0,NA,0,"1","1"
1480,"15","3",2.652,0.2652,38,"35-65",15,123,2117,5,21825,427,"mixta",5654,"particular","turismo","diesel","M","otro","casado","anual",0,1,"superior","telematico",0,0,0,5,2.652,0,3.399,0,"fin_estudio",0,NA,0,"2","1"
1481,"15","3",4.484,0.4484,48,"35-65",17,68,840,8,22825,324,"mixta",13862,"particular","turismo","diesel","H","otro","casado","anual",1,1,"medio","presencial",0,2,0,5,4.484,0,4.484,1,"baja",0,NA,0,"1","1"
1482,"15","3",2.731,0.2731,27,"25-35",7,112,1348,3,23416,104,"rural",12248,"particular","moto","gasolina","M","otro","soltero","anual",1,1,"basico","telefonico",0,0,0,2,2.731,0,10,0,"fin_estudio",0,NA,0,"2","2"
1483,"15","3",3.337,0.3337,41,"35-65",14,177,2335,5,22002,79,"rural",12501,"particular","turismo","gasolina","M","blanco","casado","mensual",0,2,"medio","telematico",0,0,1,5,3.337,0,3.337,1,"baja",0,NA,0,"2","1"
1484,"15","3",6.122,0.6122,53,"35-65",13,99,1327,0,22577,400,"mixta",5481,"particular","turismo","diesel","H","rojo","otro","mensual",1,2,"basico","telefonico",0,0,0,4,6.122,0,6.122,1,"baja",0,NA,0,"1","1"
1485,"15","3",7.976,0.7976,68,"65+",38,114,1502,6,21829,137,"rural",16313,"particular","turismo","diesel","M","gris","soltero","anual",0,2,"superior","telefonico",0,2,4,11,7.976,0,7.976,1,"baja",0,NA,0,"1","1"
1486,"15","3",1.296,0.1296,42,"35-65",22,118,1456,11,7412,142,"rural",13727,"particular","turismo","diesel","M","otro","casado","anual",1,1,"medio","presencial",0,2,0,0,1.296,0,2.595,0,"fin_estudio",0,NA,0,"3","3"
1487,"15","3",7.183,0.7183,57,"35-65",26,147,1908,11,24708,58,"rural",28060,"comercial","turismo","gasolina","M","blanco","casado","mensual",1,1,"superior","telefonico",2,6,1,8,2.903,1,10,0,"fin_estudio",2915.94,1457.97,1,"2","2"
1488,"15","3",2.027,0.2027,47,"35-65",29,60,800,0,21755,789,"mixta",7108,"particular","turismo","diesel","M","gris","casado","mensual",0,1,"medio","presencial",0,1,0,0,2.027,0,5.257,0,"fin_estudio",0,NA,0,"2","2"
1489,"15","3",2.346,0.2346,60,"35-65",24,61,934,13,24697,29,"rural",9724,"particular","turismo","diesel","H","negro","soltero","mensual",0,1,"medio","telefonico",0,1,0,2,2.346,0,3.087,0,"fin_estudio",0,NA,0,"3","3"
1490,"15","3",5.423,0.5423,42,"35-65",13,174,2351,3,27448,844,"mixta",5590,"particular","moto","diesel","H","blanco","casado","anual",1,1,"basico","presencial",2,2,0,7,0.348,1,10,0,"fin_estudio",6502.96,3251.48,1,"2","2"
1491,"15","3",2.916,0.2916,54,"35-65",28,110,1332,5,33982,364,"mixta",29615,"particular","furgoneta","diesel","M","otro","soltero","mensual",1,1,"basico","presencial",0,2,0,1,2.916,0,10,0,"fin_estudio",0,NA,0,"3","3"
1492,"15","3",5.187,0.5187,34,"25-35",11,68,952,8,17436,483,"mixta",32668,"particular","turismo","gasolina","H","negro","otro","mensual",0,1,"medio","telefonico",0,3,1,2,5.187,0,10,0,"fin_estudio",0,NA,0,"1","1"
1493,"15","3",2.99,0.299,35,"25-35",11,122,2072,4,26910,574,"mixta",11540,"particular","turismo","gasolina","H","gris","casado","mensual",1,2,"superior","presencial",0,0,1,6,2.99,0,7.848,0,"fin_estudio",0,NA,0,"2","1"
1494,"15","3",6.667,0.6667,18,"18-25",0,100,1711,4,18839,4009,"urbana",14491,"particular","moto","diesel","H","blanco","soltero","mensual",1,1,"medio","presencial",28,7,1,6,0.129,1,6.667,1,"baja",93223.29,3329.4,1,"5","5"
1495,"15","3",2.272,0.2272,35,"25-35",13,55,906,11,20554,470,"mixta",11637,"particular","turismo","diesel","H","rojo","soltero","anual",0,1,"basico","presencial",0,2,0,1,2.272,0,2.272,1,"baja",0,NA,0,"3","3"
1496,"15","3",1.131,0.1131,59,"35-65",24,64,941,1,13560,524,"mixta",3926,"particular","turismo","gasolina","M","blanco","casado","mensual",0,2,"medio","presencial",0,0,0,4,1.131,0,1.131,1,"baja",0,NA,0,"4","4"
1497,"15","3",4.177,0.4177,32,"25-35",9,136,1698,2,25385,1106,"urbana",15419,"particular","turismo","gasolina","H","negro","soltero","anual",1,2,"medio","telefonico",3,3,0,1,1.172,1,10,0,"fin_estudio",10663.51,3554.5,1,"5","4"
1498,"15","3",6.29,0.629,52,"35-65",18,97,1221,12,32993,986,"mixta",20200,"comercial","turismo","gasolina","M","otro","soltero","anual",0,2,"superior","presencial",0,5,0,4,6.29,0,6.29,1,"baja",0,NA,0,"1","1"
1499,"15","3",2.747,0.2747,57,"35-65",30,90,1455,10,13829,25,"rural",15111,"particular","turismo","gasolina","M","otro","soltero","anual",0,1,"basico","telematico",0,0,0,2,2.747,0,10,0,"fin_estudio",0,NA,0,"1","1"
1500,"15","3",2.862,0.2862,50,"35-65",26,92,1525,14,23075,166,"mixta",5660,"particular","turismo","gasolina","H","blanco","soltero","mensual",0,1,"medio","telematico",0,1,0,3,2.862,0,4.921,0,"fin_estudio",0,NA,0,"3","3"
1501,"15","3",4.473,0.4473,18,"18-25",0,62,872,9,27997,1116,"urbana",18627,"particular","turismo","gasolina","H","otro","soltero","mensual",0,2,"basico","presencial",2,2,0,6,1.515,1,8.206,0,"fin_estudio",3717.53,1858.76,1,"2","1"
1502,"15","3",4.349,0.4349,35,"25-35",12,126,2132,11,21175,251,"mixta",5658,"particular","moto","gasolina","H","otro","casado","anual",1,2,"superior","presencial",0,1,2,6,4.349,0,4.349,1,"baja",0,NA,0,"2","2"
1503,"15","3",9.544,0.9544,37,"35-65",11,109,1838,4,40298,259,"mixta",22644,"particular","turismo","gasolina","M","negro","casado","anual",0,1,"medio","presencial",0,5,0,12,9.544,0,10,0,"fin_estudio",0,NA,0,"1","1"
1504,"16","4",1.725,0.1725,37,"35-65",14,146,1895,10,27124,145,"rural",24923,"particular","moto","diesel","H","gris","soltero","mensual",0,1,"basico","presencial",0,0,0,0,1.725,0,6.108,0,"fin_estudio",0,NA,0,"2","2"
1505,"16","4",2.187,0.2187,66,"65+",45,100,1776,14,27356,182,"mixta",11476,"particular","moto","gasolina","H","rojo","soltero","mensual",0,1,"medio","presencial",0,0,0,1,2.187,0,10,0,"fin_estudio",0,NA,0,"3","3"
1506,"16","4",1.665,0.1665,50,"35-65",11,55,974,8,23769,415,"mixta",10460,"particular","turismo","gasolina","M","gris","casado","anual",0,1,"basico","telematico",0,0,0,1,1.665,0,1.665,1,"baja",0,NA,0,"1","1"
1507,"16","4",1.826,0.1826,54,"35-65",32,60,800,0,9724,820,"mixta",5605,"particular","turismo","diesel","H","blanco","soltero","anual",1,1,"superior","presencial",0,1,0,0,1.826,0,10,0,"fin_estudio",0,NA,0,"4","4"
1508,"16","4",5.832,0.5832,54,"35-65",31,55,800,0,27248,634,"mixta",8864,"particular","turismo","gasolina","H","negro","soltero","anual",0,1,"medio","telefonico",2,1,0,1,1.011,1,10,0,"fin_estudio",2383.24,1191.62,1,"4","4"
1509,"16","4",2.128,0.2128,42,"35-65",19,55,891,8,16402,1750,"urbana",4152,"particular","turismo","gasolina","M","blanco","casado","anual",1,2,"medio","presencial",0,1,0,1,2.128,0,6.719,0,"fin_estudio",0,NA,0,"3","2"
1510,"16","4",4.051,0.4051,35,"25-35",13,78,1272,16,22793,52,"rural",15221,"particular","moto","gasolina","H","otro","soltero","mensual",1,1,"medio","presencial",2,2,1,2,1.065,1,10,0,"fin_estudio",8590.04,4295.02,1,"3","3"
1511,"16","4",5.491,0.5491,35,"25-35",13,65,989,2,13901,939,"mixta",12312,"particular","turismo","diesel","M","blanco","soltero","anual",0,1,"medio","presencial",0,2,0,2,5.491,0,10,0,"fin_estudio",0,NA,0,"1","1"
1512,"16","4",8.933,0.8933,60,"35-65",37,159,2187,6,30771,1686,"urbana",8102,"particular","turismo","gasolina","H","otro","otro","anual",0,1,"medio","presencial",0,1,0,1,8.933,0,10,0,"fin_estudio",0,NA,0,"1","1"
1513,"16","4",2.696,0.2696,45,"35-65",16,113,1670,9,28869,197,"mixta",13724,"particular","turismo","gasolina","M","gris","otro","mensual",0,1,"superior","telefonico",0,1,1,0,2.696,0,2.696,1,"baja",0,NA,0,"1","1"
1514,"16","4",4.081,0.4081,18,"18-25",0,55,800,12,30377,169,"mixta",10986,"particular","turismo","gasolina","H","negro","casado","mensual",1,1,"basico","telefonico",0,2,0,2,4.081,0,6.398,0,"fin_estudio",0,NA,0,"1","1"
1515,"16","4",5.041,0.5041,66,"65+",23,89,1069,4,16186,237,"mixta",8835,"particular","turismo","diesel","H","blanco","casado","mensual",0,1,"medio","presencial",1,1,0,1,4.203,1,10,0,"fin_estudio",923.61,923.61,1,"3","3"
1516,"16","4",3.622,0.3622,49,"35-65",23,122,1591,2,24331,653,"mixta",34119,"particular","turismo","gasolina","H","blanco","casado","anual",0,1,"basico","presencial",0,1,0,0,3.622,0,3.622,1,"baja",0,NA,0,"2","1"
1517,"16","4",3.271,0.3271,85,"65+",32,118,1731,5,39658,196,"mixta",19322,"particular","turismo","gasolina","M","negro","casado","mensual",1,1,"basico","presencial",0,0,0,2,3.271,0,3.271,1,"baja",0,NA,0,"1","1"
1518,"16","4",4.006,0.4006,19,"18-25",1,100,1646,8,32809,293,"mixta",12337,"particular","turismo","diesel","H","blanco","casado","anual",0,3,"superior","telefonico",1,2,0,4,1.802,1,8.076,0,"fin_estudio",1059.55,1059.55,1,"4","4"
1519,"16","4",3.458,0.3458,36,"35-65",18,69,1112,8,37953,145,"rural",11828,"particular","turismo","diesel","H","blanco","soltero","mensual",1,1,"medio","presencial",0,2,0,1,3.458,0,4.336,0,"fin_estudio",0,NA,0,"2","2"
1520,"16","4",6.916,0.6916,48,"35-65",21,110,1785,13,25260,930,"mixta",10080,"particular","turismo","gasolina","M","rojo","otro","anual",1,2,"medio","presencial",1,0,0,1,4.849,1,6.916,1,"baja",3164.66,3164.66,1,"3","2"
1521,"16","4",0.579,0.0579,57,"35-65",28,146,1754,12,24078,99,"rural",5125,"particular","turismo","diesel","H","blanco","casado","mensual",1,1,"superior","telefonico",0,0,0,0,0.579,0,0.579,1,"baja",0,NA,0,"2","2"
1522,"16","4",1.979,0.1979,54,"35-65",26,162,2274,10,31100,220,"mixta",2610,"particular","turismo","diesel","H","rojo","soltero","mensual",0,1,"basico","presencial",0,0,0,2,1.979,0,1.979,1,"baja",0,NA,0,"4","3"
1523,"16","4",7.249,0.7249,43,"35-65",9,197,3297,11,33174,1254,"urbana",18140,"particular","turismo","diesel","M","blanco","casado","anual",0,1,"superior","presencial",0,4,0,0,7.249,0,10,0,"fin_estudio",0,NA,0,"2","2"
1524,"16","4",6.046,0.6046,46,"35-65",18,79,1113,1,11858,548,"mixta",7783,"comercial","turismo","diesel","H","gris","casado","anual",1,2,"basico","presencial",0,2,2,5,6.046,0,10,0,"fin_estudio",0,NA,0,"5","4"
1525,"16","4",1.055,0.1055,36,"35-65",7,123,2023,8,16002,628,"mixta",32198,"particular","turismo","diesel","H","rojo","casado","anual",1,1,"medio","presencial",0,0,0,0,1.055,0,10,0,"fin_estudio",0,NA,0,"3","2"
1526,"16","4",3.422,0.3422,60,"35-65",22,83,1429,10,33934,242,"mixta",24006,"particular","turismo","diesel","M","negro","soltero","mensual",0,2,"basico","telefonico",0,1,0,1,3.422,0,4.5,0,"fin_estudio",0,NA,0,"1","1"
1527,"16","4",9.149,0.9149,56,"35-65",22,99,1631,9,26773,126,"rural",12984,"particular","turismo","gasolina","M","otro","soltero","mensual",0,1,"superior","presencial",1,6,2,3,1.774,1,10,0,"fin_estudio",894.51,894.51,1,"1","1"
1528,"16","4",7.098,0.7098,46,"35-65",14,78,939,8,21993,512,"mixta",6029,"particular","turismo","diesel","M","blanco","casado","mensual",0,2,"superior","telefonico",0,1,0,2,7.098,0,10,0,"fin_estudio",0,NA,0,"1","1"
1529,"16","4",1.18,0.118,36,"35-65",14,89,1085,20,23863,1602,"urbana",7093,"particular","turismo","diesel","M","negro","casado","anual",0,1,"basico","telematico",0,1,0,0,1.18,0,1.18,1,"baja",0,NA,0,"1","1"
1530,"16","4",1.193,0.1193,35,"25-35",17,140,1778,6,25505,415,"mixta",10469,"comercial","turismo","gasolina","H","otro","soltero","anual",0,1,"basico","presencial",0,1,0,0,1.193,0,1.193,1,"baja",0,NA,0,"1","1"
1531,"16","4",1.801,0.1801,33,"25-35",6,93,1117,13,25564,565,"mixta",11033,"comercial","turismo","gasolina","H","gris","soltero","anual",0,2,"medio","presencial",0,1,0,0,1.801,0,5.997,0,"fin_estudio",0,NA,0,"3","3"
1532,"16","4",2.003,0.2003,51,"35-65",27,159,2436,5,22516,344,"mixta",14330,"particular","turismo","diesel","M","gris","casado","anual",1,1,"medio","telefonico",0,1,1,1,2.003,0,10,0,"fin_estudio",0,NA,0,"3","3"
1533,"16","4",7.163,0.7163,56,"35-65",35,119,1915,5,25129,371,"mixta",12381,"particular","furgoneta","diesel","M","otro","casado","anual",0,1,"superior","presencial",0,4,1,2,7.163,0,10,0,"fin_estudio",0,NA,0,"2","2"
1534,"16","4",3.421,0.3421,55,"35-65",23,68,997,7,27394,860,"mixta",26709,"particular","turismo","gasolina","M","blanco","casado","anual",0,3,"medio","presencial",0,2,0,0,3.421,0,3.421,1,"baja",0,NA,0,"3","3"
1535,"16","4",3.051,0.3051,48,"35-65",18,182,2559,18,33769,165,"mixta",21228,"particular","turismo","diesel","H","otro","soltero","mensual",0,1,"medio","presencial",0,2,0,0,3.051,0,3.051,1,"baja",0,NA,0,"1","1"
1536,"16","4",3.816,0.3816,54,"35-65",17,168,2480,0,16801,82,"rural",9915,"particular","turismo","diesel","H","negro","casado","anual",1,1,"superior","presencial",0,3,0,0,3.816,0,4.241,0,"fin_estudio",0,NA,0,"2","1"
1537,"16","4",4.018,0.4018,60,"35-65",29,112,1448,7,3758,2001,"urbana",8693,"particular","turismo","gasolina","M","otro","casado","mensual",0,1,"medio","telefonico",0,2,0,2,4.018,0,4.018,1,"baja",0,NA,0,"1","1"
1538,"16","4",3.578,0.3578,35,"25-35",14,112,1385,7,43572,675,"mixta",16177,"comercial","turismo","gasolina","H","rojo","casado","anual",1,1,"basico","presencial",1,2,0,0,1.636,1,3.578,1,"baja",3108.79,3108.79,1,"4","3"
1539,"16","4",0.838,0.0838,43,"35-65",18,140,2035,11,24647,199,"mixta",25888,"particular","moto","gasolina","M","gris","casado","mensual",1,1,"superior","presencial",0,1,0,0,0.838,0,0.838,1,"baja",0,NA,0,"1","1"
1540,"16","4",6.886,0.6886,50,"35-65",29,167,2161,10,32760,138,"rural",17294,"particular","turismo","gasolina","H","negro","soltero","mensual",0,1,"basico","telematico",2,1,2,2,0.722,1,6.886,1,"baja",10504.83,5252.42,1,"2","2"
1541,"16","4",1.473,0.1473,77,"65+",42,123,2197,7,29088,559,"mixta",12556,"particular","turismo","gasolina","M","gris","casado","anual",1,1,"basico","telefonico",0,0,0,1,1.473,0,1.473,1,"baja",0,NA,0,"3","3"
1542,"16","4",2.745,0.2745,37,"35-65",14,67,1038,16,22035,78,"rural",33620,"particular","furgoneta","gasolina","M","negro","soltero","anual",1,1,"medio","presencial",0,0,0,2,2.745,0,2.745,1,"baja",0,NA,0,"3","3"
1543,"16","4",1.289,0.1289,29,"25-35",10,219,2821,10,25697,518,"mixta",8003,"comercial","turismo","diesel","M","rojo","soltero","anual",1,1,"superior","presencial",0,0,0,0,1.289,0,1.289,1,"baja",0,NA,0,"2","2"
1544,"16","4",4.506,0.4506,48,"35-65",14,121,1816,9,30493,192,"mixta",11860,"particular","moto","diesel","H","gris","soltero","anual",1,1,"medio","presencial",0,2,0,0,4.506,0,5.765,0,"fin_estudio",0,NA,0,"1","1"
1545,"16","4",3.792,0.3792,46,"35-65",16,88,1196,12,18507,228,"mixta",14372,"particular","turismo","diesel","H","blanco","soltero","anual",0,1,"basico","presencial",2,1,0,3,1.34,1,3.792,1,"baja",1450.96,725.48,1,"3","3"
1546,"16","4",5.296,0.5296,61,"35-65",40,67,904,4,27185,421,"mixta",7748,"particular","turismo","diesel","M","negro","soltero","anual",0,3,"medio","presencial",0,3,1,0,5.296,0,10,0,"fin_estudio",0,NA,0,"1","1"
1547,"16","4",1.259,0.1259,48,"35-65",21,110,1671,12,26899,1322,"urbana",30088,"comercial","furgoneta","gasolina","M","negro","casado","anual",0,1,"medio","telefonico",0,1,0,0,1.259,0,1.259,1,"baja",0,NA,0,"4","4"
1548,"16","4",1.54,0.154,58,"35-65",22,71,1023,8,20859,368,"mixta",12426,"particular","moto","diesel","H","blanco","soltero","anual",1,1,"basico","presencial",0,0,1,0,1.54,0,1.54,1,"baja",0,NA,0,"2","1"
1549,"16","4",5.601,0.5601,38,"35-65",17,127,1676,9,27313,997,"mixta",8214,"particular","moto","gasolina","H","negro","soltero","anual",0,1,"superior","telefonico",1,1,1,1,2.735,1,5.601,1,"baja",3799.86,3799.86,1,"2","1"
1550,"16","4",3.508,0.3508,62,"35-65",38,112,1868,9,26863,434,"mixta",17307,"particular","turismo","diesel","H","blanco","soltero","anual",1,3,"basico","telematico",1,0,0,2,0.517,1,10,0,"fin_estudio",638.09,638.09,1,"2","1"
1551,"16","4",6.221,0.6221,68,"65+",27,66,1103,12,23377,1309,"urbana",8074,"particular","furgoneta","gasolina","M","negro","casado","anual",0,1,"basico","telematico",0,3,0,1,6.221,0,10,0,"fin_estudio",0,NA,0,"1","1"
1552,"16","4",2.229,0.2229,18,"18-25",0,114,1928,6,21601,526,"mixta",31986,"comercial","moto","diesel","M","negro","otro","mensual",1,2,"basico","presencial",0,4,0,0,2.229,0,2.229,1,"baja",0,NA,0,"4","4"
1553,"16","4",3.13,0.313,18,"18-25",0,112,1682,14,23365,730,"mixta",5433,"particular","turismo","gasolina","M","otro","casado","anual",0,1,"basico","telefonico",1,1,0,0,0.162,1,3.13,1,"baja",1904.8,1904.8,1,"3","2"
1554,"16","4",2.397,0.2397,44,"35-65",11,102,1741,3,30474,2046,"urbana",35384,"particular","turismo","gasolina","M","gris","casado","anual",0,2,"basico","presencial",1,5,0,0,0.17,1,2.397,1,"baja",1513.06,1513.06,1,"2","2"
1555,"16","4",4.288,0.4288,54,"35-65",30,69,900,10,11778,1218,"urbana",7785,"particular","moto","diesel","H","rojo","casado","anual",1,1,"medio","telefonico",0,0,0,0,4.288,0,10,0,"fin_estudio",0,NA,0,"1","1"
1556,"16","4",5.349,0.5349,36,"35-65",16,98,1338,7,26887,157,"mixta",18669,"particular","turismo","diesel","H","gris","casado","anual",0,1,"superior","presencial",1,3,0,0,3.036,1,5.349,1,"baja",2052.69,2052.69,1,"2","2"
1557,"16","4",4.707,0.4707,27,"25-35",9,58,800,10,18549,1341,"urbana",9263,"particular","turismo","gasolina","M","negro","casado","anual",1,2,"basico","presencial",1,3,1,0,2.993,1,10,0,"fin_estudio",1620.28,1620.28,1,"1","1"
1558,"16","4",9.279,0.9279,51,"35-65",25,119,1452,5,28033,45,"rural",7776,"particular","turismo","diesel","H","negro","soltero","anual",0,1,"medio","presencial",0,4,0,1,9.279,0,10,0,"fin_estudio",0,NA,0,"1","1"
1559,"16","4",3.246,0.3246,56,"35-65",22,119,1608,0,24253,370,"mixta",13573,"particular","turismo","diesel","H","negro","soltero","mensual",0,1,"basico","telefonico",1,3,1,2,1.746,1,4.689,0,"fin_estudio",8061.66,8061.66,1,"2","1"
1560,"16","4",1.936,0.1936,53,"35-65",16,78,955,16,21715,155,"mixta",31236,"particular","furgoneta","diesel","H","otro","casado","mensual",0,1,"superior","presencial",0,1,0,1,1.936,0,9.54,0,"fin_estudio",0,NA,0,"2","1"
1561,"16","4",3.807,0.3807,49,"35-65",21,98,1381,8,28210,1089,"urbana",9031,"particular","turismo","diesel","M","blanco","casado","anual",0,3,"superior","presencial",1,1,0,0,0.642,1,10,0,"fin_estudio",2551.04,2551.04,1,"2","2"
1562,"16","4",2.668,0.2668,67,"65+",25,177,2330,4,30749,561,"mixta",11719,"particular","turismo","gasolina","H","otro","soltero","anual",0,3,"basico","presencial",1,2,1,0,1.266,1,10,0,"fin_estudio",2033.78,2033.78,1,"3","3"
1563,"16","4",2.534,0.2534,44,"35-65",24,118,2008,0,26376,605,"mixta",8150,"particular","turismo","gasolina","H","blanco","casado","mensual",0,1,"medio","presencial",0,1,0,1,2.534,0,10,0,"fin_estudio",0,NA,0,"2","2"
1564,"16","4",3.099,0.3099,50,"35-65",13,156,2741,10,27222,125,"rural",5796,"comercial","turismo","diesel","M","blanco","soltero","anual",0,1,"medio","telematico",1,2,0,0,2.771,1,10,0,"fin_estudio",1189.75,1189.75,1,"4","3"
1565,"16","4",3.613,0.3613,39,"35-65",21,115,1878,8,16306,268,"mixta",5349,"particular","turismo","gasolina","M","rojo","soltero","anual",0,1,"medio","presencial",0,1,0,0,3.613,0,10,0,"fin_estudio",0,NA,0,"1","1"
1566,"16","4",1.913,0.1913,45,"35-65",24,55,800,12,16716,544,"mixta",14309,"particular","moto","diesel","H","blanco","soltero","mensual",0,1,"basico","presencial",0,1,0,0,1.913,0,10,0,"fin_estudio",0,NA,0,"2","1"
1567,"16","4",3.692,0.3692,46,"35-65",16,131,2290,8,22606,24,"rural",22168,"particular","turismo","gasolina","H","rojo","soltero","anual",1,1,"medio","presencial",0,2,2,0,3.692,0,3.692,1,"baja",0,NA,0,"2","1"
1568,"16","4",9.315,0.9315,38,"35-65",9,72,1066,9,15597,506,"mixta",11338,"particular","furgoneta","gasolina","M","negro","casado","mensual",1,1,"superior","presencial",3,3,0,1,1.042,1,10,0,"fin_estudio",2579.18,859.73,1,"4","4"
1569,"16","4",4.932,0.4932,40,"35-65",16,83,1364,1,28319,2768,"urbana",12749,"comercial","turismo","gasolina","M","negro","soltero","mensual",1,1,"basico","telematico",3,2,0,1,0.192,1,4.932,1,"baja",9195.39,3065.13,1,"5","4"
1570,"16","4",5.188,0.5188,34,"25-35",7,105,1572,16,26334,284,"mixta",9468,"particular","turismo","gasolina","M","otro","casado","mensual",0,1,"basico","presencial",0,3,1,1,5.188,0,5.188,1,"baja",0,NA,0,"1","1"
1571,"16","4",4.154,0.4154,73,"65+",20,140,2160,11,29950,723,"mixta",15911,"particular","turismo","gasolina","M","rojo","casado","anual",1,1,"medio","telefonico",3,2,2,2,1,1,4.154,1,"baja",7149.75,2383.25,1,"4","4"
1572,"16","4",1.102,0.1102,31,"25-35",13,85,1412,2,19929,169,"mixta",18813,"particular","turismo","diesel","H","otro","soltero","mensual",1,1,"basico","telefonico",0,0,0,0,1.102,0,5.881,0,"fin_estudio",0,NA,0,"2","2"
1573,"16","4",0.841,0.0841,60,"35-65",25,133,1804,1,28528,305,"mixta",8529,"particular","moto","diesel","H","rojo","casado","mensual",1,1,"medio","telefonico",0,1,0,0,0.841,0,0.841,1,"baja",0,NA,0,"3","3"
1574,"16","4",9.467,0.9467,54,"35-65",28,115,1857,14,15513,227,"mixta",19581,"particular","moto","gasolina","H","rojo","casado","anual",1,2,"basico","telematico",5,4,0,0,2.24,1,10,0,"fin_estudio",13189.17,2637.83,1,"5","4"
1575,"16","4",2.477,0.2477,50,"35-65",28,72,1290,5,19144,144,"rural",9305,"particular","moto","gasolina","H","blanco","casado","anual",0,1,"basico","telefonico",0,2,1,0,2.477,0,10,0,"fin_estudio",0,NA,0,"4","4"
1576,"16","4",9.685,0.9685,37,"35-65",15,161,2259,1,23660,682,"mixta",8621,"comercial","turismo","gasolina","M","gris","soltero","anual",1,1,"medio","telematico",0,5,0,3,9.685,0,10,0,"fin_estudio",0,NA,0,"1","1"
1577,"16","4",3.946,0.3946,52,"35-65",30,128,1853,16,16643,919,"mixta",12901,"particular","turismo","diesel","H","otro","soltero","anual",0,1,"basico","presencial",0,1,0,0,3.946,0,3.946,1,"baja",0,NA,0,"3","3"
1578,"16","4",1.667,0.1667,51,"35-65",32,55,800,16,11961,55,"rural",10443,"particular","moto","diesel","H","negro","casado","anual",1,1,"medio","presencial",0,0,0,0,1.667,0,10,0,"fin_estudio",0,NA,0,"4","4"
1579,"16","4",5.638,0.5638,18,"18-25",0,137,1695,6,17091,816,"mixta",20521,"particular","furgoneta","diesel","M","gris","soltero","mensual",0,1,"superior","presencial",2,1,1,3,3.504,1,7.752,0,"fin_estudio",4872.03,2436.01,1,"4","5"
1580,"16","4",2.659,0.2659,68,"65+",30,143,2335,5,27268,134,"rural",4804,"particular","turismo","gasolina","M","gris","soltero","anual",0,1,"medio","telefonico",0,1,0,1,2.659,0,5.631,0,"fin_estudio",0,NA,0,"3","3"
1581,"16","4",2.678,0.2678,22,"18-25",3,187,3266,3,35271,1594,"urbana",10712,"particular","furgoneta","gasolina","M","blanco","soltero","mensual",0,2,"medio","presencial",3,3,0,1,0.094,1,10,0,"fin_estudio",10617.03,3539.01,1,"5","4"
1582,"16","4",3.518,0.3518,47,"35-65",17,73,1088,14,24086,37,"rural",8667,"particular","turismo","diesel","H","blanco","otro","anual",1,1,"medio","presencial",0,0,0,1,3.518,0,10,0,"fin_estudio",0,NA,0,"1","1"
1583,"16","4",3.444,0.3444,28,"25-35",5,61,1012,3,17744,155,"mixta",23215,"comercial","furgoneta","gasolina","M","blanco","casado","anual",1,1,"medio","presencial",0,0,0,1,3.444,0,10,0,"fin_estudio",0,NA,0,"1","1"
1584,"16","4",3,0.3,58,"35-65",16,93,1596,4,18882,25,"rural",4564,"comercial","turismo","diesel","H","gris","casado","mensual",0,2,"medio","telematico",0,1,1,2,3,0,7.747,0,"fin_estudio",0,NA,0,"2","2"
1585,"16","4",3.402,0.3402,50,"35-65",30,166,2536,15,41780,328,"mixta",17405,"particular","turismo","gasolina","M","gris","soltero","anual",0,1,"superior","telematico",1,1,0,1,0.009,1,3.402,1,"baja",675.46,675.46,1,"4","4"
1586,"16","4",5.099,0.5099,44,"35-65",14,86,1511,10,2662,291,"mixta",21463,"particular","turismo","diesel","M","gris","casado","mensual",1,1,"basico","presencial",0,2,1,0,5.099,0,10,0,"fin_estudio",0,NA,0,"1","1"
1587,"16","4",8.102,0.8102,61,"35-65",17,55,919,9,23486,307,"mixta",5538,"comercial","moto","gasolina","H","otro","otro","mensual",0,2,"basico","presencial",3,5,0,1,3.494,1,10,0,"fin_estudio",4198.98,1399.66,1,"4","3"
1588,"16","4",7.429,0.7429,41,"35-65",12,132,2106,7,34812,144,"rural",8258,"particular","turismo","diesel","H","gris","soltero","anual",0,2,"medio","presencial",2,1,0,1,3.158,1,10,0,"fin_estudio",1170.51,585.26,1,"2","2"
1589,"16","4",3.782,0.3782,19,"18-25",0,115,1588,13,18746,43,"rural",8898,"comercial","moto","gasolina","H","gris","casado","anual",0,1,"basico","telefonico",0,2,0,1,3.782,0,3.782,1,"baja",0,NA,0,"3","2"
1590,"16","4",2.837,0.2837,38,"35-65",18,86,1538,13,31815,56,"rural",12829,"particular","turismo","gasolina","M","gris","soltero","anual",0,3,"superior","presencial",0,0,0,0,2.837,0,3.507,0,"fin_estudio",0,NA,0,"2","1"
1591,"16","4",2.681,0.2681,33,"25-35",13,113,1751,3,10554,200,"mixta",22813,"particular","turismo","gasolina","H","rojo","otro","anual",1,1,"medio","telematico",0,3,0,0,2.681,0,2.681,1,"baja",0,NA,0,"4","4"
1592,"16","4",8.107,0.8107,49,"35-65",26,69,1231,10,22859,176,"mixta",14352,"particular","turismo","gasolina","M","otro","casado","mensual",1,1,"superior","telefonico",0,2,0,1,8.107,0,10,0,"fin_estudio",0,NA,0,"1","1"
1593,"16","4",1.061,0.1061,45,"35-65",23,143,2323,6,27280,409,"mixta",17840,"particular","turismo","gasolina","M","gris","casado","mensual",0,1,"basico","presencial",0,0,0,0,1.061,0,2.851,0,"fin_estudio",0,NA,0,"4","4"
1594,"16","4",4.286,0.4286,41,"35-65",13,55,800,10,22323,33,"rural",11665,"particular","turismo","diesel","H","negro","casado","anual",1,1,"medio","telefonico",0,2,1,1,4.286,0,10,0,"fin_estudio",0,NA,0,"1","1"
1595,"16","4",7.564,0.7564,61,"35-65",38,108,1804,5,26209,829,"mixta",12049,"particular","moto","diesel","H","negro","casado","anual",0,2,"basico","telematico",2,4,0,3,0.408,1,8.369,0,"fin_estudio",5119.43,2559.71,1,"3","2"
1596,"16","4",2.168,0.2168,54,"35-65",25,103,1332,11,31279,337,"mixta",7571,"particular","turismo","gasolina","H","negro","casado","mensual",0,2,"medio","presencial",1,0,0,0,1.143,1,10,0,"fin_estudio",1581.96,1581.96,1,"4","4"
1597,"16","4",3.771,0.3771,56,"35-65",24,89,1314,14,27704,54,"rural",11015,"particular","moto","diesel","H","blanco","casado","mensual",1,1,"basico","telematico",0,3,0,2,3.771,0,3.771,1,"baja",0,NA,0,"2","2"
1598,"16","4",9.822,0.9822,46,"35-65",13,137,1903,7,27308,276,"mixta",10126,"particular","furgoneta","diesel","M","gris","casado","mensual",0,1,"basico","presencial",0,2,0,0,9.822,0,10,0,"fin_estudio",0,NA,0,"1","1"
1599,"16","4",5.893,0.5893,41,"35-65",16,125,2186,10,26664,326,"mixta",9719,"particular","turismo","diesel","M","gris","casado","anual",0,1,"basico","telematico",0,3,0,1,5.893,0,10,0,"fin_estudio",0,NA,0,"3","3"
1600,"16","4",3.182,0.3182,49,"35-65",21,60,1029,6,34512,188,"mixta",28787,"particular","turismo","gasolina","M","blanco","soltero","anual",0,1,"superior","presencial",1,1,0,1,2.225,1,3.183,0,"fin_estudio",1530.41,1530.41,1,"2","2"
1601,"17","4",3.2,0.32,53,"35-65",28,83,1208,8,14738,202,"mixta",13763,"particular","turismo","gasolina","H","rojo","casado","anual",0,1,"basico","presencial",0,2,0,1,3.2,0,10,0,"fin_estudio",0,NA,0,"1","1"
1602,"17","4",2.254,0.2254,26,"25-35",6,93,1172,7,29531,587,"mixta",16266,"particular","turismo","gasolina","H","negro","casado","mensual",0,1,"superior","presencial",0,0,0,0,2.254,0,2.254,1,"baja",0,NA,0,"2","1"
1603,"17","4",4.609,0.4609,33,"25-35",14,122,1497,1,19049,1265,"urbana",27863,"particular","turismo","diesel","M","negro","casado","anual",0,1,"medio","presencial",2,2,0,0,0.316,1,4.609,1,"baja",2879.06,1439.53,1,"5","5"
1604,"17","4",8.714,0.8714,26,"25-35",3,159,2608,6,27168,207,"mixta",26192,"particular","turismo","gasolina","M","rojo","casado","anual",0,1,"basico","presencial",3,3,0,0,1.86,1,10,0,"fin_estudio",2501.3,833.77,1,"2","2"
1605,"17","4",4.943,0.4943,18,"18-25",0,63,800,5,24479,324,"mixta",8189,"particular","moto","diesel","H","blanco","casado","mensual",0,1,"superior","presencial",0,0,0,0,4.943,0,10,0,"fin_estudio",0,NA,0,"1","1"
1606,"17","4",6.133,0.6133,62,"35-65",32,141,1953,15,36134,516,"mixta",16145,"particular","turismo","gasolina","M","blanco","casado","mensual",0,1,"superior","telefonico",1,1,0,0,1.029,1,10,0,"fin_estudio",1164.61,1164.61,1,"1","1"
1607,"17","4",5.661,0.5661,49,"35-65",16,117,1832,12,25859,1475,"urbana",7097,"particular","furgoneta","gasolina","M","otro","soltero","mensual",1,1,"superior","telefonico",2,2,0,1,4.017,1,9.087,0,"fin_estudio",3820.43,1910.22,1,"3","3"
1608,"17","4",4.353,0.4353,51,"35-65",31,150,2074,12,33411,528,"mixta",9136,"particular","furgoneta","gasolina","M","otro","casado","anual",0,2,"medio","presencial",0,2,0,1,4.353,0,7.548,0,"fin_estudio",0,NA,0,"1","1"
1609,"17","4",8.53,0.853,33,"25-35",5,98,1741,5,11735,736,"mixta",9963,"particular","turismo","diesel","M","gris","casado","mensual",0,1,"medio","telematico",2,4,0,3,4.803,1,10,0,"fin_estudio",2202.85,1101.42,1,"1","2"
1610,"17","4",0.396,0.0396,27,"25-35",6,86,1361,11,36482,46,"rural",17181,"particular","turismo","gasolina","M","negro","casado","anual",0,3,"medio","telefonico",0,0,0,0,0.396,0,0.396,1,"baja",0,NA,0,"3","3"
1611,"17","4",7.76,0.776,66,"65+",25,117,1861,1,26857,1698,"urbana",16817,"particular","furgoneta","diesel","H","blanco","soltero","mensual",0,1,"superior","telematico",1,9,1,2,4.427,1,8.506,0,"fin_estudio",2428.54,2428.54,1,"1","1"
1612,"17","4",4.621,0.4621,34,"25-35",12,55,938,18,24524,3638,"urbana",23892,"particular","turismo","diesel","H","gris","casado","anual",0,1,"basico","presencial",2,1,0,0,0.411,1,4.621,1,"baja",3362.68,1681.34,1,"1","2"
1613,"17","4",1.811,0.1811,29,"25-35",4,128,1569,10,38074,114,"rural",24836,"particular","turismo","diesel","H","otro","soltero","mensual",1,2,"basico","presencial",0,0,0,0,1.811,0,7.537,0,"fin_estudio",0,NA,0,"3","3"
1614,"17","4",8.719,0.8719,24,"18-25",4,180,2707,2,31813,154,"mixta",15765,"particular","turismo","diesel","M","otro","soltero","anual",0,1,"basico","telematico",6,5,0,0,1.57,1,10,0,"fin_estudio",17965.95,2994.33,1,"3","2"
1615,"17","4",3.591,0.3591,51,"35-65",26,114,1377,5,20505,45,"rural",11265,"particular","turismo","gasolina","H","otro","casado","mensual",1,1,"superior","presencial",0,0,0,0,3.591,0,7.185,0,"fin_estudio",0,NA,0,"1","1"
1616,"17","4",2.299,0.2299,71,"65+",31,143,1775,6,28433,510,"mixta",19785,"particular","turismo","diesel","H","rojo","soltero","anual",0,1,"basico","presencial",4,0,1,0,0.483,1,2.299,1,"baja",19619.25,4904.81,1,"5","4"
1617,"17","4",3.596,0.3596,40,"35-65",11,55,909,9,26741,450,"mixta",10108,"particular","turismo","diesel","H","rojo","casado","anual",0,1,"superior","telefonico",0,0,0,1,3.596,0,3.596,1,"baja",0,NA,0,"3","3"
1618,"17","4",3.132,0.3132,47,"35-65",22,55,987,11,20702,124,"rural",11706,"particular","turismo","diesel","M","gris","casado","mensual",1,2,"medio","presencial",2,1,0,2,0.955,1,3.132,1,"baja",4236.09,2118.04,1,"4","5"
1619,"17","4",3.374,0.3374,47,"35-65",23,114,1795,8,19090,229,"mixta",8933,"particular","turismo","diesel","M","blanco","casado","anual",0,1,"basico","presencial",0,0,0,0,3.374,0,3.374,1,"baja",0,NA,0,"2","1"
1620,"17","4",2.168,0.2168,38,"35-65",20,55,800,7,28165,1064,"urbana",46093,"particular","furgoneta","gasolina","H","rojo","soltero","anual",0,1,"basico","presencial",0,4,1,0,2.168,0,3.444,0,"fin_estudio",0,NA,0,"1","1"
1621,"17","4",1.875,0.1875,42,"35-65",17,55,800,5,16574,486,"mixta",8427,"particular","turismo","diesel","H","rojo","soltero","anual",0,2,"medio","telematico",1,0,0,0,0.694,1,10,0,"fin_estudio",1133.05,1133.05,1,"2","2"
1622,"17","4",2.482,0.2482,18,"18-25",0,99,1422,13,28664,104,"rural",7463,"particular","turismo","diesel","M","otro","casado","mensual",1,1,"medio","presencial",0,0,0,0,2.482,0,4.261,0,"fin_estudio",0,NA,0,"1","1"
1623,"17","4",9.034,0.9034,39,"35-65",20,61,1028,15,21243,229,"mixta",9370,"particular","turismo","diesel","H","otro","soltero","anual",1,1,"medio","presencial",0,1,2,1,9.034,0,10,0,"fin_estudio",0,NA,0,"1","1"
1624,"17","4",6.671,0.6671,42,"35-65",12,98,1370,0,17490,455,"mixta",7647,"particular","furgoneta","gasolina","H","rojo","otro","mensual",0,2,"medio","telefonico",1,1,1,1,0.664,1,10,0,"fin_estudio",441.64,441.64,1,"2","2"
1625,"17","4",2.544,0.2544,43,"35-65",22,62,889,1,27521,396,"mixta",9885,"particular","turismo","diesel","M","rojo","casado","anual",1,1,"medio","telefonico",0,0,0,0,2.544,0,7.138,0,"fin_estudio",0,NA,0,"1","1"
1626,"17","4",3.94,0.394,43,"35-65",14,95,1505,2,28026,133,"rural",20733,"comercial","turismo","gasolina","M","gris","casado","mensual",0,2,"basico","presencial",1,2,2,0,1.203,1,3.94,1,"baja",1193.56,1193.56,1,"2","1"
1627,"17","4",1.794,0.1794,43,"35-65",14,131,1828,12,17747,1217,"urbana",8926,"particular","moto","gasolina","H","otro","otro","mensual",0,1,"basico","presencial",0,1,0,1,1.794,0,7.46,0,"fin_estudio",0,NA,0,"2","1"
1628,"17","4",2.45,0.245,58,"35-65",17,156,1954,7,29138,436,"mixta",60000,"particular","moto","gasolina","H","negro","soltero","anual",0,2,"superior","presencial",0,3,0,0,2.45,0,2.45,1,"baja",0,NA,0,"1","1"
1629,"17","4",2.067,0.2067,70,"65+",45,146,1939,0,26937,215,"mixta",21315,"particular","turismo","gasolina","H","rojo","soltero","anual",1,3,"medio","presencial",0,1,0,0,2.067,0,2.067,1,"baja",0,NA,0,"1","1"
1630,"17","4",1.046,0.1046,44,"35-65",23,156,1892,15,29443,186,"mixta",29838,"particular","turismo","gasolina","H","rojo","casado","mensual",0,3,"basico","telefonico",0,0,0,0,1.046,0,1.046,1,"baja",0,NA,0,"3","2"
1631,"17","4",4.772,0.4772,70,"65+",39,59,889,14,29121,239,"mixta",34570,"particular","turismo","gasolina","M","negro","soltero","anual",1,1,"superior","presencial",1,2,0,1,4.378,1,5.183,0,"fin_estudio",1900.91,1900.91,1,"1","2"
1632,"17","4",5.157,0.5157,25,"18-25",4,65,863,6,36379,520,"mixta",7754,"particular","turismo","gasolina","H","blanco","casado","anual",0,1,"basico","telefonico",0,1,0,0,5.157,0,5.157,1,"baja",0,NA,0,"3","2"
1633,"17","4",2.808,0.2808,54,"35-65",28,100,1720,6,35330,885,"mixta",12837,"particular","furgoneta","diesel","M","gris","soltero","mensual",0,1,"medio","telematico",1,0,0,0,2.791,1,7.986,0,"fin_estudio",750.22,750.22,1,"1","2"
1634,"17","4",3.172,0.3172,46,"35-65",18,109,1800,6,24295,1014,"urbana",18778,"particular","turismo","diesel","M","negro","soltero","mensual",0,1,"basico","presencial",1,3,0,0,0.064,1,3.172,1,"baja",439.35,439.35,1,"3","3"
1635,"17","4",1.613,0.1613,51,"35-65",24,114,1648,13,15860,397,"mixta",4398,"particular","furgoneta","gasolina","H","rojo","soltero","anual",0,2,"medio","telematico",0,0,0,0,1.613,0,1.613,1,"baja",0,NA,0,"2","1"
1636,"17","4",1.682,0.1682,66,"65+",40,146,2345,11,17655,272,"mixta",10981,"particular","turismo","gasolina","H","negro","soltero","mensual",1,3,"basico","presencial",0,1,0,0,1.682,0,4.177,0,"fin_estudio",0,NA,0,"1","1"
1637,"17","4",9.067,0.9067,52,"35-65",19,55,800,8,13629,587,"mixta",11758,"particular","turismo","diesel","H","blanco","soltero","anual",0,1,"basico","presencial",1,5,0,1,8.52,1,10,0,"fin_estudio",2917.26,2917.26,1,"2","1"
1638,"17","4",2.006,0.2006,22,"18-25",2,94,1193,6,42127,1380,"urbana",17450,"particular","turismo","gasolina","H","rojo","soltero","mensual",0,1,"medio","presencial",1,1,0,0,0.397,1,2.006,1,"baja",6382.73,6382.73,1,"2","2"
1639,"17","4",0.478,0.0478,45,"35-65",11,168,2982,15,28677,308,"mixta",15995,"particular","turismo","diesel","M","negro","otro","mensual",1,1,"medio","presencial",0,1,0,0,0.478,0,0.478,1,"baja",0,NA,0,"4","4"
1640,"17","4",7.08,0.708,46,"35-65",19,154,2624,9,22472,270,"mixta",8024,"particular","turismo","gasolina","M","negro","soltero","anual",0,1,"basico","telefonico",0,0,1,1,7.08,0,10,0,"fin_estudio",0,NA,0,"2","2"
1641,"17","4",3.314,0.3314,55,"35-65",36,147,2267,5,13907,518,"mixta",20069,"comercial","moto","gasolina","H","gris","soltero","mensual",0,2,"medio","presencial",0,3,0,1,3.314,0,10,0,"fin_estudio",0,NA,0,"2","2"
1642,"17","4",5.525,0.5525,65,"35-65",22,163,2211,7,9166,258,"mixta",7018,"particular","turismo","diesel","H","gris","casado","mensual",0,1,"medio","telematico",0,1,1,0,5.525,0,6.808,0,"fin_estudio",0,NA,0,"1","1"
1643,"17","4",9.583,0.9583,35,"25-35",12,55,800,6,24473,1350,"urbana",5735,"particular","turismo","diesel","H","otro","soltero","mensual",0,1,"basico","presencial",1,2,0,2,8.737,1,10,0,"fin_estudio",1365.34,1365.34,1,"2","1"
1644,"17","4",6.485,0.6485,54,"35-65",23,72,896,11,18311,1615,"urbana",10437,"particular","turismo","gasolina","H","rojo","casado","anual",0,1,"basico","presencial",3,0,0,1,4.654,1,10,0,"fin_estudio",2544.99,848.33,1,"4","5"
1645,"17","4",8.5,0.85,40,"35-65",12,90,1253,9,27751,553,"mixta",9985,"comercial","turismo","diesel","M","blanco","casado","mensual",0,2,"medio","presencial",3,3,0,4,0.605,1,10,0,"fin_estudio",6371.88,2123.96,1,"3","3"
1646,"17","4",5.347,0.5347,55,"35-65",25,75,1051,5,17910,218,"mixta",10706,"particular","turismo","diesel","M","blanco","casado","anual",0,2,"medio","presencial",0,6,0,0,5.347,0,5.347,1,"baja",0,NA,0,"1","1"
1647,"17","4",3.158,0.3158,48,"35-65",13,113,1681,5,20341,65,"rural",17162,"particular","moto","gasolina","H","blanco","soltero","mensual",0,1,"basico","telefonico",1,0,0,0,1.372,1,3.158,1,"baja",1333.67,1333.67,1,"4","3"
1648,"17","4",1.716,0.1716,37,"35-65",12,74,913,7,22332,585,"mixta",9175,"particular","turismo","gasolina","M","otro","casado","anual",0,1,"basico","telematico",0,0,0,0,1.716,0,10,0,"fin_estudio",0,NA,0,"3","3"
1649,"17","4",1.288,0.1288,18,"18-25",0,108,1713,0,23361,115,"rural",13982,"particular","furgoneta","diesel","M","rojo","casado","mensual",1,1,"basico","telefonico",0,1,0,0,1.288,0,1.288,1,"baja",0,NA,0,"3","3"
1650,"17","4",2.833,0.2833,22,"18-25",4,90,1304,5,30868,268,"mixta",15692,"particular","turismo","diesel","M","negro","soltero","anual",0,2,"superior","telefonico",1,1,0,1,0.116,1,2.833,1,"baja",549.99,549.99,1,"2","1"
1651,"17","4",4.395,0.4395,18,"18-25",0,86,1399,14,8100,326,"mixta",12546,"particular","furgoneta","gasolina","M","gris","soltero","mensual",0,1,"basico","telefonico",0,2,0,0,4.395,0,5.92,0,"fin_estudio",0,NA,0,"1","1"
1652,"17","4",6.828,0.6828,66,"65+",26,108,1868,14,27138,1466,"urbana",12880,"particular","furgoneta","diesel","M","gris","otro","anual",1,1,"basico","telematico",0,3,1,0,6.828,0,10,0,"fin_estudio",0,NA,0,"1","1"
1653,"17","4",1.836,0.1836,35,"25-35",6,144,2347,4,30273,119,"rural",10349,"particular","turismo","gasolina","H","negro","casado","anual",1,1,"superior","presencial",0,0,0,0,1.836,0,1.836,1,"baja",0,NA,0,"2","2"
1654,"17","4",3.564,0.3564,29,"25-35",10,163,2833,5,39309,298,"mixta",10771,"particular","turismo","gasolina","H","rojo","casado","mensual",0,1,"basico","presencial",0,1,0,1,3.564,0,3.59,0,"fin_estudio",0,NA,0,"1","1"
1655,"17","4",3.751,0.3751,21,"18-25",2,113,1794,7,25939,1056,"urbana",22373,"particular","moto","diesel","H","rojo","casado","anual",0,2,"medio","presencial",7,3,0,0,0.073,1,5.363,0,"fin_estudio",21197.03,3028.15,1,"5","5"
1656,"17","4",8.002,0.8002,55,"35-65",17,125,1924,0,27897,388,"mixta",11847,"particular","turismo","diesel","M","gris","casado","mensual",1,1,"superior","presencial",0,4,0,0,8.002,0,10,0,"fin_estudio",0,NA,0,"1","1"
1657,"17","4",2.149,0.2149,48,"35-65",24,159,2541,13,18200,662,"mixta",8259,"particular","turismo","gasolina","M","blanco","soltero","mensual",0,1,"superior","telefonico",0,0,2,0,2.149,0,2.149,1,"baja",0,NA,0,"5","4"
1658,"17","4",3.47,0.347,68,"65+",30,82,1037,3,13228,241,"mixta",18230,"comercial","turismo","diesel","M","negro","casado","anual",0,1,"medio","presencial",2,2,0,0,1.582,1,10,0,"fin_estudio",2808.95,1404.48,1,"3","3"
1659,"17","4",6.571,0.6571,38,"35-65",14,200,2407,6,33724,48,"rural",4528,"particular","turismo","diesel","M","negro","casado","anual",0,1,"medio","telefonico",1,2,0,0,1.615,1,10,0,"fin_estudio",3885.11,3885.11,1,"5","4"
1660,"17","4",2.027,0.2027,43,"35-65",12,127,2241,24,26665,846,"mixta",28807,"particular","turismo","gasolina","M","rojo","casado","anual",1,1,"medio","presencial",1,0,0,0,0.977,1,2.027,1,"baja",2625.68,2625.68,1,"4","4"
1661,"17","4",1.747,0.1747,30,"25-35",11,55,800,6,1500,65,"rural",13132,"particular","turismo","diesel","H","gris","casado","anual",0,2,"medio","telefonico",1,1,0,0,0.83,1,1.747,1,"baja",1399.89,1399.89,1,"3","2"
1662,"17","4",4.587,0.4587,61,"35-65",32,117,1522,8,35992,326,"mixta",16369,"particular","turismo","gasolina","H","rojo","soltero","anual",0,2,"basico","telematico",1,2,0,0,1.028,1,4.587,1,"baja",1409.81,1409.81,1,"3","2"
1663,"17","4",5.168,0.5168,53,"35-65",27,139,2377,10,28110,1393,"urbana",19559,"particular","moto","diesel","M","otro","soltero","anual",1,1,"basico","presencial",0,1,0,0,5.168,0,5.168,1,"baja",0,NA,0,"2","2"
1664,"17","4",6.207,0.6207,39,"35-65",8,137,1987,5,18285,322,"mixta",11559,"particular","turismo","diesel","H","rojo","casado","mensual",0,2,"basico","telefonico",0,1,0,1,6.207,0,10,0,"fin_estudio",0,NA,0,"1","1"
1665,"17","4",4.18,0.418,76,"65+",46,108,1646,11,34465,5213,"urbana",8017,"particular","turismo","gasolina","H","rojo","otro","anual",1,1,"basico","telefonico",0,2,0,0,4.18,0,4.18,1,"baja",0,NA,0,"1","1"
1666,"17","4",4.06,0.406,66,"65+",41,128,2234,8,24044,1276,"urbana",11212,"particular","moto","diesel","H","blanco","soltero","anual",1,1,"basico","presencial",1,1,0,0,0.331,1,4.06,1,"baja",10952.01,10952.01,1,"3","2"
1667,"17","4",2.36,0.236,21,"18-25",2,68,957,15,30707,600,"mixta",22967,"comercial","turismo","diesel","M","negro","casado","mensual",0,1,"superior","presencial",2,1,0,0,1.095,1,2.36,1,"baja",6489.59,3244.8,1,"5","4"
1668,"17","4",3.933,0.3933,62,"35-65",22,192,2347,15,26517,341,"mixta",3897,"particular","turismo","diesel","M","rojo","casado","mensual",1,1,"basico","presencial",1,1,0,1,3.781,1,3.933,1,"baja",1605.86,1605.86,1,"1","2"
1669,"17","4",6.128,0.6128,49,"35-65",27,129,2051,8,25759,279,"mixta",7975,"particular","turismo","diesel","H","rojo","otro","anual",0,2,"medio","presencial",0,2,0,0,6.128,0,8.776,0,"fin_estudio",0,NA,0,"1","1"
1670,"17","4",3.208,0.3208,19,"18-25",1,115,1519,5,21099,433,"mixta",15029,"particular","turismo","gasolina","M","negro","casado","mensual",0,1,"medio","presencial",0,1,0,0,3.208,0,3.208,1,"baja",0,NA,0,"2","1"
1671,"17","4",1.484,0.1484,23,"18-25",5,94,1383,2,17926,130,"rural",15479,"particular","moto","gasolina","H","negro","soltero","anual",1,2,"superior","telematico",2,1,0,0,1.147,1,1.484,1,"baja",4534.98,2267.49,1,"1","3"
1672,"17","4",2.73,0.273,76,"65+",49,74,1101,5,19859,552,"mixta",11562,"particular","turismo","gasolina","M","otro","casado","anual",1,1,"medio","telefonico",0,2,0,0,2.73,0,2.73,1,"baja",0,NA,0,"1","1"
1673,"17","4",1.368,0.1368,35,"25-35",8,108,1844,0,25131,58,"rural",5617,"comercial","turismo","gasolina","H","otro","casado","anual",1,1,"medio","presencial",0,1,1,0,1.368,0,1.683,0,"fin_estudio",0,NA,0,"2","2"
1674,"17","4",9.168,0.9168,49,"35-65",11,115,1846,12,22750,246,"mixta",14766,"particular","turismo","gasolina","M","rojo","soltero","anual",0,1,"medio","presencial",0,3,0,1,9.168,0,10,0,"fin_estudio",0,NA,0,"1","1"
1675,"17","4",2.204,0.2204,59,"35-65",15,116,1640,5,3909,244,"mixta",20422,"comercial","turismo","gasolina","M","negro","casado","anual",1,1,"basico","telefonico",0,3,1,0,2.204,0,10,0,"fin_estudio",0,NA,0,"1","1"
1676,"17","4",1.78,0.178,42,"35-65",10,55,945,11,13716,220,"mixta",6648,"particular","furgoneta","gasolina","H","gris","soltero","mensual",0,1,"basico","presencial",0,0,1,0,1.78,0,7.191,0,"fin_estudio",0,NA,0,"2","1"
1677,"17","4",3.681,0.3681,47,"35-65",20,97,1711,14,19550,607,"mixta",9645,"particular","turismo","gasolina","H","rojo","soltero","anual",0,1,"medio","presencial",0,0,0,2,3.681,0,10,0,"fin_estudio",0,NA,0,"2","1"
1678,"17","4",2.803,0.2803,28,"25-35",5,82,1349,7,25020,1794,"urbana",28046,"particular","furgoneta","diesel","M","blanco","casado","mensual",0,2,"basico","telematico",0,5,2,0,2.803,0,2.803,1,"baja",0,NA,0,"1","1"
1679,"17","4",7.204,0.7204,66,"65+",35,82,1113,7,28383,1188,"urbana",14328,"particular","turismo","diesel","M","rojo","casado","anual",1,3,"medio","presencial",3,3,0,0,3.027,1,7.204,1,"baja",5210.76,1736.92,1,"5","5"
1680,"17","4",3.859,0.3859,38,"35-65",17,118,1789,2,25979,2310,"urbana",11368,"comercial","turismo","diesel","M","blanco","otro","mensual",0,1,"medio","telematico",0,3,0,1,3.859,0,3.859,1,"baja",0,NA,0,"1","1"
1681,"17","4",1.897,0.1897,18,"18-25",0,148,2178,13,24750,44,"rural",20833,"particular","moto","gasolina","H","blanco","casado","mensual",0,2,"basico","presencial",0,1,0,0,1.897,0,1.897,1,"baja",0,NA,0,"3","2"
1682,"17","4",3.35,0.335,33,"25-35",10,138,2019,6,36287,985,"mixta",60000,"particular","turismo","gasolina","M","gris","casado","anual",0,1,"superior","telefonico",4,3,0,1,0.64,1,3.35,1,"baja",7631.19,1907.8,1,"5","5"
1683,"17","4",1.34,0.134,33,"25-35",11,101,1219,13,19555,83,"rural",8594,"particular","furgoneta","diesel","M","otro","casado","anual",0,2,"medio","presencial",0,2,0,0,1.34,0,1.34,1,"baja",0,NA,0,"5","5"
1684,"17","4",3.89,0.389,71,"65+",40,98,1383,7,26648,207,"mixta",7448,"comercial","turismo","gasolina","M","gris","casado","mensual",0,1,"superior","presencial",1,1,1,1,1.751,1,10,0,"fin_estudio",3216.37,3216.37,1,"2","1"
1685,"17","4",0.599,0.0599,56,"35-65",30,169,2764,7,39294,2737,"urbana",6134,"particular","turismo","gasolina","M","otro","soltero","anual",0,1,"basico","presencial",0,0,1,0,0.599,0,0.599,1,"baja",0,NA,0,"5","5"
1686,"17","4",8.078,0.8078,30,"25-35",10,109,1705,13,28072,375,"mixta",7360,"particular","turismo","gasolina","M","rojo","casado","anual",0,1,"superior","presencial",0,1,0,4,8.078,0,8.078,1,"baja",0,NA,0,"2","1"
1687,"17","4",1.087,0.1087,44,"35-65",13,146,2410,0,32445,665,"mixta",15629,"particular","turismo","gasolina","H","blanco","casado","mensual",0,1,"superior","presencial",0,0,1,0,1.087,0,2.03,0,"fin_estudio",0,NA,0,"3","3"
1688,"17","4",3.089,0.3089,28,"25-35",10,55,800,5,8266,179,"mixta",33235,"particular","furgoneta","gasolina","H","blanco","casado","mensual",1,2,"medio","telefonico",1,4,0,3,0.867,1,3.089,1,"baja",166.36,166.36,1,"2","1"
1689,"17","4",4.941,0.4941,21,"18-25",1,122,1482,3,6551,241,"mixta",22329,"particular","turismo","diesel","H","otro","casado","anual",1,1,"basico","telefonico",1,4,2,2,1.552,1,10,0,"fin_estudio",668.08,668.08,1,"2","1"
1690,"18","4",3.843,0.3843,37,"35-65",9,55,910,18,4755,853,"mixta",10616,"particular","turismo","gasolina","M","otro","casado","mensual",0,2,"medio","presencial",1,0,0,2,2.956,1,9.028,0,"fin_estudio",1466.63,1466.63,1,"3","3"
1691,"18","4",3.476,0.3476,34,"25-35",14,118,1653,10,29849,303,"mixta",14984,"particular","turismo","diesel","M","otro","otro","anual",0,4,"basico","presencial",0,1,0,0,3.476,0,10,0,"fin_estudio",0,NA,0,"3","2"
1692,"18","4",8.013,0.8013,47,"35-65",11,106,1276,4,19329,232,"mixta",23613,"particular","furgoneta","gasolina","M","rojo","soltero","mensual",0,1,"basico","presencial",1,4,1,1,4.362,1,10,0,"fin_estudio",713.21,713.21,1,"2","1"
1693,"18","4",8.848,0.8848,25,"18-25",6,55,923,9,6556,366,"mixta",12522,"comercial","furgoneta","diesel","M","otro","casado","anual",0,2,"basico","telematico",5,5,0,2,1.328,1,10,0,"fin_estudio",3927.24,785.45,1,"3","4"
1694,"18","4",1.576,0.1576,29,"25-35",5,119,2052,6,49339,342,"mixta",18663,"comercial","turismo","diesel","M","rojo","casado","mensual",1,3,"medio","presencial",0,0,0,0,1.576,0,1.576,1,"baja",0,NA,0,"1","1"
1695,"18","4",6.368,0.6368,24,"18-25",3,153,2560,7,31565,1739,"urbana",4736,"particular","turismo","gasolina","H","negro","soltero","mensual",0,2,"medio","presencial",0,2,1,3,6.368,0,10,0,"fin_estudio",0,NA,0,"1","1"
1696,"18","4",3.483,0.3483,58,"35-65",38,140,2357,13,41750,92,"rural",13571,"particular","turismo","diesel","M","gris","casado","mensual",1,2,"superior","telematico",0,2,0,0,3.483,0,3.483,1,"baja",0,NA,0,"3","3"
1697,"18","4",2.526,0.2526,61,"35-65",42,126,1596,5,20802,34,"rural",12711,"particular","furgoneta","gasolina","H","gris","otro","mensual",1,1,"basico","telefonico",0,1,0,0,2.526,0,2.526,1,"baja",0,NA,0,"1","1"
1698,"18","4",5.424,0.5424,34,"25-35",11,165,2318,8,23071,135,"rural",19967,"particular","turismo","gasolina","M","blanco","casado","anual",0,3,"medio","presencial",1,5,0,1,5.003,1,5.424,1,"baja",4255.35,4255.35,1,"1","2"
1699,"18","4",5.103,0.5103,55,"35-65",15,144,2028,10,27700,200,"mixta",4730,"particular","turismo","diesel","H","gris","soltero","mensual",1,1,"basico","presencial",0,2,0,0,5.103,0,10,0,"fin_estudio",0,NA,0,"1","1"
1700,"18","4",8.333,0.8333,35,"25-35",7,121,1616,8,30336,122,"rural",9559,"particular","turismo","gasolina","M","rojo","otro","mensual",1,1,"basico","presencial",0,3,0,1,8.333,0,10,0,"fin_estudio",0,NA,0,"1","1"
1701,"18","4",3.307,0.3307,20,"18-25",1,140,1957,11,15772,132,"rural",6168,"particular","furgoneta","diesel","M","gris","otro","anual",1,2,"basico","telematico",0,3,1,0,3.307,0,3.307,1,"baja",0,NA,0,"1","1"
1702,"18","4",2.646,0.2646,39,"35-65",18,55,800,4,22435,168,"mixta",17277,"particular","furgoneta","gasolina","H","otro","soltero","anual",0,1,"basico","presencial",0,2,0,0,2.646,0,10,0,"fin_estudio",0,NA,0,"3","2"
1703,"18","4",5.02,0.502,52,"35-65",14,156,2201,13,37380,1170,"urbana",17944,"particular","turismo","diesel","H","blanco","casado","anual",1,1,"basico","presencial",2,2,0,1,1.711,1,8.01,0,"fin_estudio",5349.43,2674.72,1,"4","4"
1704,"18","4",9.948,0.9948,44,"35-65",17,144,1738,8,32151,170,"mixta",4242,"comercial","turismo","gasolina","M","gris","soltero","anual",0,3,"medio","telefonico",0,3,1,0,9.948,0,10,0,"fin_estudio",0,NA,0,"1","1"
1705,"18","4",5.462,0.5462,47,"35-65",12,93,1179,0,28845,325,"mixta",18932,"comercial","turismo","gasolina","M","blanco","soltero","anual",0,1,"basico","presencial",1,4,0,1,2.786,1,5.665,0,"fin_estudio",1662.49,1662.49,1,"3","3"
1706,"18","4",1.685,0.1685,31,"25-35",10,101,1423,0,20808,98,"rural",7810,"particular","furgoneta","gasolina","M","rojo","casado","mensual",1,1,"medio","presencial",0,0,0,0,1.685,0,1.685,1,"baja",0,NA,0,"5","5"
1707,"18","4",1.298,0.1298,53,"35-65",15,72,936,11,14128,188,"mixta",9148,"particular","furgoneta","diesel","H","negro","casado","anual",0,3,"superior","presencial",1,1,0,1,0.202,1,3.157,0,"fin_estudio",1125.66,1125.66,1,"5","4"
1708,"18","4",2.195,0.2195,76,"65+",47,134,2078,10,24881,229,"mixta",23475,"particular","turismo","gasolina","M","negro","otro","anual",0,1,"basico","telefonico",0,1,0,0,2.195,0,2.195,1,"baja",0,NA,0,"4","4"
1709,"18","4",4.277,0.4277,41,"35-65",14,68,918,5,25093,1283,"urbana",8367,"particular","turismo","diesel","H","blanco","soltero","mensual",0,2,"basico","presencial",1,2,0,2,1.755,1,10,0,"fin_estudio",1569.23,1569.23,1,"3","3"
1710,"18","4",1.686,0.1686,41,"35-65",16,91,1442,7,16950,1209,"urbana",8508,"particular","turismo","diesel","M","blanco","casado","anual",0,1,"medio","presencial",0,0,0,0,1.686,0,2.609,0,"fin_estudio",0,NA,0,"5","4"
1711,"18","4",4.876,0.4876,52,"35-65",33,78,1214,1,14124,150,"rural",10650,"comercial","turismo","diesel","H","blanco","otro","anual",0,1,"medio","presencial",1,4,0,1,4.639,1,6.163,0,"fin_estudio",478.74,478.74,1,"1","2"
1712,"18","4",4.06,0.406,40,"35-65",8,99,1214,3,27290,1785,"urbana",19284,"particular","turismo","diesel","M","blanco","casado","mensual",0,1,"basico","presencial",1,0,0,0,0.072,1,10,0,"fin_estudio",926.3,926.3,1,"4","4"
1713,"18","4",6.461,0.6461,72,"65+",32,64,1070,0,23455,388,"mixta",18044,"particular","turismo","diesel","M","blanco","soltero","mensual",0,1,"superior","telefonico",1,3,0,1,1.135,1,6.461,1,"baja",287.44,287.44,1,"2","2"
1714,"18","4",4.4,0.44,82,"65+",25,136,1718,11,21413,1440,"urbana",26689,"particular","turismo","gasolina","H","blanco","casado","anual",0,1,"superior","presencial",1,1,0,0,1.462,1,10,0,"fin_estudio",3089.5,3089.5,1,"2","1"
1715,"18","4",5.214,0.5214,18,"18-25",0,146,2437,9,22611,82,"rural",5327,"particular","turismo","diesel","H","rojo","casado","anual",1,1,"medio","telefonico",0,2,1,2,5.214,0,10,0,"fin_estudio",0,NA,0,"2","1"
1716,"18","4",2.949,0.2949,52,"35-65",20,149,2084,0,28231,1058,"urbana",5919,"comercial","turismo","diesel","M","rojo","soltero","mensual",0,1,"basico","presencial",0,2,1,2,2.949,0,10,0,"fin_estudio",0,NA,0,"2","1"
1717,"18","4",0.903,0.0903,42,"35-65",23,129,1811,1,28949,79,"rural",10994,"particular","turismo","diesel","M","gris","soltero","anual",1,1,"medio","telematico",0,0,0,0,0.903,0,0.903,1,"baja",0,NA,0,"1","1"
1718,"18","4",7.916,0.7916,47,"35-65",23,168,2443,0,14815,129,"rural",14354,"particular","moto","gasolina","H","gris","soltero","anual",0,1,"basico","presencial",0,3,3,0,7.916,0,10,0,"fin_estudio",0,NA,0,"1","1"
1719,"18","4",2.455,0.2455,46,"35-65",24,160,2224,7,41617,345,"mixta",21643,"particular","turismo","gasolina","M","negro","soltero","mensual",1,1,"basico","presencial",0,1,0,0,2.455,0,3.728,0,"fin_estudio",0,NA,0,"1","1"
1720,"18","4",8.287,0.8287,68,"65+",43,177,2700,2,31774,424,"mixta",7116,"comercial","furgoneta","gasolina","M","negro","soltero","anual",0,1,"basico","telefonico",1,6,1,2,6.631,1,10,0,"fin_estudio",2759.46,2759.46,1,"2","2"
1721,"18","4",2.422,0.2422,64,"35-65",22,105,1697,15,17820,19,"rural",16118,"comercial","turismo","diesel","M","negro","soltero","anual",0,1,"basico","presencial",0,0,0,0,2.422,0,2.422,1,"baja",0,NA,0,"3","3"
1722,"18","4",2.802,0.2802,54,"35-65",25,55,895,8,21754,421,"mixta",19318,"particular","turismo","diesel","H","negro","casado","anual",1,1,"superior","telefonico",0,0,0,0,2.802,0,2.802,1,"baja",0,NA,0,"1","1"
1723,"18","4",9.456,0.9456,60,"35-65",24,113,1756,8,17240,1705,"urbana",27798,"particular","turismo","diesel","M","blanco","casado","anual",0,1,"basico","presencial",3,8,1,3,4.5,1,10,0,"fin_estudio",1783.34,594.45,1,"1","1"
1724,"18","4",3.784,0.3784,42,"35-65",13,133,2352,9,22198,61,"rural",13299,"particular","turismo","gasolina","M","blanco","casado","mensual",1,2,"basico","presencial",1,2,0,0,3.188,1,10,0,"fin_estudio",361.28,361.28,1,"1","2"
1725,"18","4",2.482,0.2482,40,"35-65",18,173,2372,15,37404,1733,"urbana",19565,"particular","moto","diesel","H","negro","casado","mensual",1,4,"medio","presencial",0,1,0,1,2.482,0,2.482,1,"baja",0,NA,0,"1","1"
1726,"18","4",1.952,0.1952,41,"35-65",17,109,1894,13,33220,1194,"urbana",12660,"particular","turismo","diesel","H","negro","casado","anual",1,1,"basico","presencial",0,0,0,0,1.952,0,1.952,1,"baja",0,NA,0,"2","1"
1727,"18","4",6.928,0.6928,56,"35-65",37,149,2116,9,17978,134,"rural",7675,"particular","turismo","diesel","H","gris","casado","anual",1,3,"basico","presencial",0,1,0,0,6.928,0,6.928,1,"baja",0,NA,0,"1","1"
1728,"18","4",4.167,0.4167,56,"35-65",27,57,800,11,6128,245,"mixta",6407,"particular","moto","gasolina","H","rojo","soltero","mensual",1,1,"superior","presencial",0,1,0,3,4.167,0,5.968,0,"fin_estudio",0,NA,0,"1","1"
1729,"18","4",6.322,0.6322,35,"25-35",17,70,1218,0,13842,348,"mixta",5116,"comercial","turismo","gasolina","M","rojo","casado","anual",0,1,"medio","presencial",0,3,1,2,6.322,0,7.545,0,"fin_estudio",0,NA,0,"1","1"
1730,"18","4",3.363,0.3363,18,"18-25",0,55,981,15,23115,1221,"urbana",7739,"particular","turismo","gasolina","H","rojo","soltero","mensual",0,1,"superior","presencial",1,2,0,1,2.951,1,3.363,1,"baja",5334.99,5334.99,1,"2","2"
1731,"18","4",5.811,0.5811,24,"18-25",6,96,1252,7,28000,580,"mixta",10227,"particular","moto","gasolina","M","gris","otro","mensual",1,2,"superior","presencial",0,2,0,1,5.811,0,5.957,0,"fin_estudio",0,NA,0,"1","1"
1732,"18","4",6.749,0.6749,39,"35-65",21,55,842,13,23839,52,"rural",16442,"particular","turismo","diesel","M","rojo","casado","anual",0,2,"basico","telematico",0,4,0,5,6.749,0,10,0,"fin_estudio",0,NA,0,"1","1"
1733,"18","4",3.538,0.3538,57,"35-65",21,69,1184,14,27110,485,"mixta",18231,"particular","turismo","diesel","M","rojo","casado","anual",0,2,"medio","telefonico",0,2,1,0,3.538,0,6.234,0,"fin_estudio",0,NA,0,"4","3"
1734,"18","4",1.151,0.1151,47,"35-65",12,92,1298,6,29549,155,"mixta",10607,"particular","turismo","diesel","M","otro","casado","mensual",1,1,"superior","presencial",0,1,0,0,1.151,0,1.417,0,"fin_estudio",0,NA,0,"2","1"
1735,"18","4",2.739,0.2739,74,"65+",35,124,2222,10,10271,738,"mixta",15696,"particular","turismo","gasolina","H","otro","casado","mensual",1,2,"basico","telefonico",0,1,0,0,2.739,0,6.472,0,"fin_estudio",0,NA,0,"2","1"
1736,"18","4",5.529,0.5529,49,"35-65",16,85,1377,1,39768,44,"rural",20706,"comercial","turismo","diesel","M","rojo","casado","mensual",0,1,"medio","presencial",0,4,0,2,5.529,0,5.529,1,"baja",0,NA,0,"1","1"
1737,"18","4",8.654,0.8654,23,"18-25",4,126,2045,3,29257,108,"rural",3841,"particular","turismo","gasolina","H","otro","casado","anual",1,2,"superior","telefonico",0,3,1,6,8.654,0,10,0,"fin_estudio",0,NA,0,"1","1"
1738,"18","4",3.117,0.3117,50,"35-65",14,59,800,1,27417,219,"mixta",17944,"comercial","turismo","diesel","H","negro","casado","mensual",0,1,"medio","presencial",0,2,0,2,3.117,0,8.095,0,"fin_estudio",0,NA,0,"3","2"
1739,"18","4",4.062,0.4062,64,"35-65",28,128,1787,9,26667,131,"rural",9075,"comercial","turismo","diesel","M","blanco","soltero","mensual",1,2,"medio","presencial",0,3,1,0,4.062,0,8.576,0,"fin_estudio",0,NA,0,"1","1"
1740,"18","4",3.597,0.3597,42,"35-65",16,143,1960,0,26327,360,"mixta",12479,"particular","moto","diesel","H","otro","casado","mensual",0,1,"medio","presencial",0,1,0,2,3.597,0,5.581,0,"fin_estudio",0,NA,0,"1","1"
1741,"18","4",5.988,0.5988,50,"35-65",11,163,2856,7,30464,140,"rural",9248,"particular","turismo","diesel","M","gris","casado","mensual",0,1,"medio","telefonico",0,0,0,2,5.988,0,10,0,"fin_estudio",0,NA,0,"1","1"
1742,"18","4",5.779,0.5779,59,"35-65",30,154,2763,4,9710,130,"rural",37540,"particular","turismo","gasolina","H","negro","soltero","anual",1,1,"superior","presencial",0,1,0,5,5.779,0,5.779,1,"baja",0,NA,0,"3","3"
1743,"18","4",3.308,0.3308,52,"35-65",21,62,921,11,30201,365,"mixta",11472,"particular","turismo","gasolina","H","gris","casado","anual",0,1,"medio","telefonico",0,2,1,1,3.308,0,4.695,0,"fin_estudio",0,NA,0,"1","1"
1744,"18","4",3.727,0.3727,74,"65+",48,177,2679,20,26270,2220,"urbana",10917,"particular","turismo","gasolina","H","otro","casado","mensual",0,2,"medio","telematico",0,5,1,0,3.727,0,9.826,0,"fin_estudio",0,NA,0,"2","1"
1745,"18","4",3.251,0.3251,43,"35-65",17,122,1692,9,20686,40,"rural",23793,"particular","moto","diesel","H","blanco","casado","mensual",0,1,"medio","presencial",1,1,0,0,2.353,1,3.251,1,"baja",1161.88,1161.88,1,"3","2"
1746,"18","4",7.345,0.7345,51,"35-65",27,101,1684,16,43780,87,"rural",7653,"comercial","turismo","diesel","H","rojo","casado","mensual",0,2,"basico","presencial",0,0,0,1,7.345,0,10,0,"fin_estudio",0,NA,0,"1","1"
1747,"18","4",5.979,0.5979,26,"25-35",5,70,1044,13,15282,223,"mixta",6694,"particular","turismo","gasolina","H","otro","casado","anual",0,1,"superior","presencial",0,0,0,0,5.979,0,10,0,"fin_estudio",0,NA,0,"1","1"
1748,"18","4",0.71,0.071,41,"35-65",20,89,1107,8,7037,67,"rural",27431,"particular","turismo","diesel","M","blanco","soltero","mensual",0,2,"basico","telefonico",0,0,0,1,0.71,0,0.71,1,"baja",0,NA,0,"2","2"
1749,"18","4",7.021,0.7021,42,"35-65",22,135,1838,7,19456,496,"mixta",17515,"particular","turismo","diesel","M","gris","casado","mensual",0,1,"medio","telematico",0,2,1,1,7.021,0,10,0,"fin_estudio",0,NA,0,"1","1"
1750,"18","4",6.348,0.6348,34,"25-35",10,82,1308,9,17447,148,"rural",7887,"particular","turismo","diesel","H","gris","soltero","mensual",0,2,"medio","telematico",0,4,2,2,6.348,0,8.265,0,"fin_estudio",0,NA,0,"1","1"
1751,"18","4",5.8,0.58,18,"18-25",0,123,2153,0,33007,7500,"urbana",9504,"particular","turismo","diesel","H","negro","soltero","mensual",0,1,"medio","presencial",8,1,0,2,2.625,1,10,0,"fin_estudio",31401.36,3925.17,1,"5","5"
1752,"18","4",1.759,0.1759,54,"35-65",15,57,800,5,26724,375,"mixta",10677,"particular","turismo","diesel","H","blanco","soltero","anual",1,1,"superior","presencial",0,1,0,4,1.759,0,5.757,0,"fin_estudio",0,NA,0,"2","1"
1753,"18","4",3.819,0.3819,43,"35-65",12,119,1844,5,23784,1312,"urbana",22730,"comercial","turismo","diesel","M","gris","casado","anual",0,1,"medio","telefonico",1,1,0,1,3.086,1,3.819,1,"baja",3128.62,3128.62,1,"2","3"
1754,"18","4",1.019,0.1019,62,"35-65",21,181,2923,16,33128,1645,"urbana",15981,"comercial","turismo","diesel","M","gris","soltero","anual",0,2,"medio","telefonico",0,0,0,0,1.019,0,1.019,1,"baja",0,NA,0,"3","3"
1755,"18","4",5.109,0.5109,42,"35-65",17,100,1547,3,24502,238,"mixta",19132,"particular","moto","diesel","H","otro","soltero","anual",1,2,"medio","presencial",0,2,0,2,5.109,0,5.109,1,"baja",0,NA,0,"1","1"
1756,"18","4",6.339,0.6339,37,"35-65",10,137,1853,3,38884,219,"mixta",9051,"particular","turismo","gasolina","H","gris","otro","mensual",1,2,"superior","telematico",0,3,0,1,6.339,0,10,0,"fin_estudio",0,NA,0,"1","1"
1757,"18","4",2.564,0.2564,29,"25-35",6,97,1199,12,25496,411,"mixta",19927,"comercial","turismo","diesel","M","negro","casado","mensual",0,1,"medio","presencial",0,0,0,2,2.564,0,5.887,0,"fin_estudio",0,NA,0,"4","3"
1758,"18","4",5.651,0.5651,40,"35-65",14,171,2652,4,12164,325,"mixta",25023,"particular","turismo","diesel","M","gris","casado","anual",0,1,"basico","telematico",0,1,2,1,5.651,0,10,0,"fin_estudio",0,NA,0,"3","3"
1759,"18","4",4.084,0.4084,20,"18-25",1,57,800,12,16681,49,"rural",10678,"particular","turismo","gasolina","H","rojo","soltero","mensual",0,2,"medio","presencial",1,1,1,0,2.548,1,4.183,0,"fin_estudio",207.97,207.97,1,"5","5"
1760,"18","4",4.957,0.4957,55,"35-65",16,97,1339,19,20636,379,"mixta",7126,"particular","turismo","gasolina","H","negro","soltero","anual",0,2,"superior","presencial",1,2,0,2,3.821,1,4.957,1,"baja",1991.25,1991.25,1,"3","3"
1761,"18","4",1.551,0.1551,44,"35-65",12,135,1950,15,27987,747,"mixta",25795,"particular","turismo","gasolina","M","blanco","soltero","mensual",0,1,"medio","presencial",1,2,0,0,1.142,1,10,0,"fin_estudio",251.17,251.17,1,"2","3"
1762,"18","4",4.172,0.4172,28,"25-35",8,108,1616,6,39130,220,"mixta",18433,"particular","turismo","diesel","M","gris","casado","anual",0,1,"medio","telefonico",1,3,0,2,3.996,1,10,0,"fin_estudio",3939.9,3939.9,1,"2","2"
1763,"18","4",5.359,0.5359,24,"18-25",5,116,1660,2,32418,85,"rural",17202,"particular","turismo","diesel","H","rojo","soltero","mensual",0,2,"basico","presencial",0,3,0,0,5.359,0,10,0,"fin_estudio",0,NA,0,"1","1"
1764,"18","4",1.632,0.1632,58,"35-65",26,151,1979,6,23577,68,"rural",20871,"particular","turismo","gasolina","M","negro","casado","anual",1,1,"basico","telefonico",1,0,1,1,0.632,1,10,0,"fin_estudio",1070.26,1070.26,1,"5","4"
1765,"18","4",4.053,0.4053,55,"35-65",32,99,1340,14,18868,952,"mixta",15021,"particular","furgoneta","gasolina","H","gris","casado","mensual",0,1,"medio","telematico",1,1,1,2,1.636,1,10,0,"fin_estudio",3349.53,3349.53,1,"1","1"
1766,"18","4",3.287,0.3287,50,"35-65",26,55,814,2,24583,432,"mixta",6885,"particular","turismo","diesel","H","blanco","casado","anual",1,1,"basico","telefonico",0,1,0,1,3.287,0,3.287,1,"baja",0,NA,0,"2","2"
1767,"18","4",5.124,0.5124,44,"35-65",11,146,1828,7,21486,1375,"urbana",5728,"particular","furgoneta","gasolina","H","blanco","casado","anual",0,2,"superior","telefonico",0,0,2,1,5.124,0,5.124,1,"baja",0,NA,0,"2","2"
1768,"18","4",7.041,0.7041,51,"35-65",24,143,2019,6,37216,492,"mixta",16062,"particular","turismo","diesel","M","negro","soltero","mensual",0,2,"medio","presencial",2,2,1,1,1.404,1,10,0,"fin_estudio",5926.43,2963.22,1,"2","2"
1769,"18","4",1.783,0.1783,46,"35-65",16,66,1036,10,7273,612,"mixta",10921,"comercial","moto","gasolina","H","otro","casado","anual",1,2,"basico","presencial",1,0,0,0,1.335,1,1.783,1,"baja",391.75,391.75,1,"1","2"
1770,"18","4",1.328,0.1328,66,"65+",37,84,1141,6,21400,611,"mixta",6133,"particular","turismo","gasolina","H","otro","soltero","mensual",1,1,"basico","presencial",1,0,0,0,1.171,1,9.191,0,"fin_estudio",1302.75,1302.75,1,"3","4"
1771,"18","4",6.167,0.6167,23,"18-25",4,143,2194,17,24893,245,"mixta",7094,"particular","moto","gasolina","H","rojo","casado","anual",1,1,"basico","telematico",1,1,0,1,4.794,1,10,0,"fin_estudio",6800.7,6800.7,1,"3","2"
1772,"18","4",3.523,0.3523,32,"25-35",9,55,800,8,15670,55,"rural",21725,"particular","turismo","gasolina","M","gris","soltero","anual",0,1,"basico","presencial",0,1,0,1,3.523,0,3.523,1,"baja",0,NA,0,"1","1"
1773,"18","4",6.359,0.6359,58,"35-65",32,125,2101,3,19273,667,"mixta",7230,"comercial","moto","diesel","M","negro","otro","mensual",0,1,"medio","presencial",0,0,1,4,6.359,0,10,0,"fin_estudio",0,NA,0,"1","1"
1774,"18","4",5.236,0.5236,38,"35-65",12,66,989,8,25966,4016,"urbana",7834,"particular","turismo","gasolina","M","rojo","casado","anual",0,2,"basico","telefonico",1,1,1,0,1.818,1,10,0,"fin_estudio",686.71,686.71,1,"1","1"
1775,"18","4",2.003,0.2003,18,"18-25",0,131,1623,4,34183,38,"rural",21904,"particular","turismo","diesel","M","negro","casado","mensual",0,1,"medio","presencial",1,0,0,0,1.84,1,2.003,1,"baja",1579.76,1579.76,1,"3","3"
1776,"18","4",0.686,0.0686,47,"35-65",19,67,991,2,20216,182,"mixta",7307,"particular","turismo","diesel","M","rojo","soltero","anual",0,1,"superior","presencial",0,0,0,0,0.686,0,0.686,1,"baja",0,NA,0,"1","1"
1777,"18","4",2.947,0.2947,70,"65+",25,70,932,11,14433,209,"mixta",7040,"particular","turismo","gasolina","M","otro","casado","mensual",0,2,"basico","presencial",1,0,0,1,0.558,1,3.494,0,"fin_estudio",2339.3,2339.3,1,"4","4"
1778,"18","4",6.377,0.6377,49,"35-65",26,152,2718,13,24905,334,"mixta",9373,"particular","turismo","diesel","M","rojo","casado","mensual",1,3,"medio","telefonico",1,2,0,1,4.707,1,7.059,0,"fin_estudio",2361.94,2361.94,1,"1","1"
1779,"18","4",2.129,0.2129,45,"35-65",14,119,2102,4,28115,400,"mixta",8448,"particular","turismo","gasolina","M","blanco","casado","mensual",1,1,"basico","telefonico",0,3,0,1,2.129,0,2.129,1,"baja",0,NA,0,"1","1"
1780,"19","4",7.392,0.7392,42,"35-65",23,145,2534,1,24287,532,"mixta",11792,"particular","turismo","gasolina","M","rojo","soltero","anual",0,1,"basico","presencial",0,4,0,5,7.392,0,10,0,"fin_estudio",0,NA,0,"1","1"
1781,"19","4",3.871,0.3871,37,"35-65",18,88,1568,8,18627,288,"mixta",16201,"particular","turismo","diesel","M","rojo","casado","anual",1,3,"basico","presencial",1,4,0,1,0.966,1,3.871,1,"baja",1826.78,1826.78,1,"4","3"
1782,"19","4",7.27,0.727,65,"35-65",31,71,955,1,13769,915,"mixta",7835,"particular","turismo","diesel","M","negro","otro","mensual",0,3,"medio","presencial",1,2,2,4,1.173,1,10,0,"fin_estudio",3639.2,3639.2,1,"1","1"
1783,"19","4",1.087,0.1087,43,"35-65",18,107,1839,5,27281,180,"mixta",9688,"particular","turismo","diesel","M","otro","casado","mensual",0,1,"basico","presencial",0,0,0,0,1.087,0,8.024,0,"fin_estudio",0,NA,0,"2","1"
1784,"19","4",5.629,0.5629,50,"35-65",29,82,1378,9,18715,128,"rural",9666,"particular","turismo","diesel","H","rojo","soltero","mensual",0,2,"superior","telefonico",0,3,0,6,5.629,0,5.629,1,"baja",0,NA,0,"1","1"
1785,"19","4",1.875,0.1875,66,"65+",38,98,1397,9,24623,63,"rural",23746,"comercial","moto","gasolina","H","otro","casado","mensual",0,1,"medio","telefonico",0,2,0,2,1.875,0,10,0,"fin_estudio",0,NA,0,"4","3"
1786,"19","4",0.335,0.0335,61,"35-65",38,119,1758,14,23058,346,"mixta",11157,"comercial","furgoneta","gasolina","H","gris","casado","anual",1,1,"superior","presencial",0,0,0,0,0.335,0,0.335,1,"baja",0,NA,0,"1","1"
1787,"19","4",3.951,0.3951,50,"35-65",14,90,1600,0,28820,88,"rural",12577,"particular","turismo","diesel","M","gris","casado","mensual",1,2,"basico","presencial",0,2,0,0,3.951,0,10,0,"fin_estudio",0,NA,0,"3","3"
1788,"19","4",1.235,0.1235,23,"18-25",3,56,800,10,16095,377,"mixta",16146,"particular","turismo","diesel","H","negro","soltero","mensual",0,1,"basico","presencial",1,4,0,1,0.594,1,1.235,1,"baja",593.49,593.49,1,"3","2"
1789,"19","4",2.628,0.2628,19,"18-25",0,130,1736,10,34087,958,"mixta",21578,"particular","furgoneta","diesel","M","gris","soltero","mensual",1,2,"medio","presencial",0,1,0,1,2.628,0,6.326,0,"fin_estudio",0,NA,0,"4","4"
1790,"19","4",7.141,0.7141,33,"25-35",15,178,2995,4,36877,121,"rural",13781,"particular","turismo","diesel","M","rojo","soltero","mensual",0,1,"superior","telefonico",1,2,0,0,1.639,1,9.639,0,"fin_estudio",2102.72,2102.72,1,"1","1"
1791,"19","4",2.263,0.2263,45,"35-65",25,101,1434,5,37079,248,"mixta",22000,"comercial","furgoneta","diesel","M","negro","soltero","mensual",0,1,"basico","presencial",0,2,0,2,2.263,0,3.604,0,"fin_estudio",0,NA,0,"3","3"
1792,"19","4",5.047,0.5047,37,"35-65",11,163,2547,13,26005,371,"mixta",13748,"particular","turismo","gasolina","H","rojo","casado","anual",0,1,"superior","presencial",0,3,0,0,5.047,0,8.608,0,"fin_estudio",0,NA,0,"1","1"
1793,"19","4",4.74,0.474,60,"35-65",25,109,1544,5,18466,610,"mixta",8389,"particular","turismo","diesel","M","negro","otro","anual",0,2,"medio","telefonico",0,0,0,1,4.74,0,10,0,"fin_estudio",0,NA,0,"2","1"
1794,"19","4",1.265,0.1265,27,"25-35",6,97,1687,12,31337,129,"rural",16409,"particular","furgoneta","diesel","M","otro","casado","anual",0,2,"basico","presencial",0,1,0,0,1.265,0,10,0,"fin_estudio",0,NA,0,"2","2"
1795,"19","4",1.548,0.1548,21,"18-25",1,122,1762,16,23451,251,"mixta",8961,"particular","turismo","diesel","M","negro","soltero","mensual",0,1,"medio","telefonico",0,0,0,1,1.548,0,3.611,0,"fin_estudio",0,NA,0,"2","1"
1796,"19","4",7.69,0.769,38,"35-65",12,146,2386,3,32542,33,"rural",9490,"comercial","turismo","gasolina","H","negro","otro","mensual",0,1,"basico","telefonico",1,2,2,1,1.938,1,8.687,0,"fin_estudio",10766.3,10766.3,1,"2","1"
1797,"19","4",7.75,0.775,49,"35-65",12,174,3107,7,27717,348,"mixta",17129,"particular","furgoneta","gasolina","H","negro","soltero","anual",0,2,"basico","telefonico",2,6,0,3,3.041,1,10,0,"fin_estudio",4885.21,2442.6,1,"2","1"
1798,"19","4",7.109,0.7109,18,"18-25",0,68,838,5,24282,336,"mixta",8666,"comercial","turismo","diesel","M","rojo","casado","anual",1,2,"medio","presencial",1,3,0,6,4.046,1,8.131,0,"fin_estudio",789.74,789.74,1,"4","4"
1799,"19","4",4.554,0.4554,43,"35-65",23,106,1548,8,21204,143,"rural",12033,"particular","turismo","gasolina","M","rojo","soltero","mensual",1,1,"medio","presencial",1,0,0,7,1.286,1,8.304,0,"fin_estudio",449.61,449.61,1,"2","1"
1800,"19","4",5.171,0.5171,26,"25-35",5,176,3036,4,31697,108,"rural",8228,"particular","furgoneta","gasolina","H","rojo","soltero","mensual",1,3,"medio","telefonico",0,4,0,0,5.171,0,10,0,"fin_estudio",0,NA,0,"2","1"
1801,"19","4",8.724,0.8724,56,"35-65",34,123,2077,5,26138,464,"mixta",7861,"particular","turismo","gasolina","H","negro","casado","anual",0,2,"superior","presencial",0,3,0,3,8.724,0,10,0,"fin_estudio",0,NA,0,"1","1"
1802,"19","4",1.236,0.1236,23,"18-25",4,110,1788,10,22703,305,"mixta",12157,"particular","turismo","diesel","M","negro","casado","anual",1,1,"basico","presencial",0,0,0,1,1.236,0,10,0,"fin_estudio",0,NA,0,"3","2"
1803,"19","4",1.209,0.1209,42,"35-65",21,66,947,15,18840,246,"mixta",19495,"particular","turismo","gasolina","M","gris","casado","anual",0,1,"medio","telematico",0,1,0,0,1.209,0,1.209,1,"baja",0,NA,0,"1","1"
1804,"19","4",3.203,0.3203,41,"35-65",23,132,1809,8,29624,115,"rural",16634,"particular","furgoneta","gasolina","H","otro","soltero","anual",1,1,"medio","telematico",0,0,0,1,3.203,0,3.203,1,"baja",0,NA,0,"2","1"
1805,"19","4",4.104,0.4104,43,"35-65",21,93,1358,1,24745,109,"rural",21047,"particular","turismo","diesel","M","blanco","casado","anual",0,2,"superior","presencial",1,3,2,2,2.7,1,10,0,"fin_estudio",2701.88,2701.88,1,"1","1"
1806,"19","4",0.342,0.0342,52,"35-65",32,150,2209,11,34710,232,"mixta",14732,"particular","turismo","diesel","H","negro","soltero","anual",0,1,"medio","presencial",0,0,0,0,0.342,0,0.342,1,"baja",0,NA,0,"2","2"
1807,"19","4",2.329,0.2329,44,"35-65",12,140,1921,3,28017,72,"rural",20781,"particular","turismo","diesel","M","otro","soltero","anual",0,1,"basico","presencial",2,2,0,0,0.292,1,2.329,1,"baja",7784.16,3892.08,1,"3","2"
1808,"19","4",1.343,0.1343,50,"35-65",23,56,810,1,5922,78,"rural",5540,"particular","turismo","gasolina","H","otro","casado","anual",1,1,"medio","presencial",0,0,0,0,1.343,0,1.535,0,"fin_estudio",0,NA,0,"2","2"
1809,"19","4",1.436,0.1436,44,"35-65",21,142,1998,10,23369,5524,"urbana",10953,"particular","moto","diesel","M","blanco","casado","anual",0,2,"medio","telefonico",0,0,0,1,1.436,0,3.634,0,"fin_estudio",0,NA,0,"3","3"
1810,"19","4",6.642,0.6642,54,"35-65",33,151,2001,18,24216,62,"rural",7873,"particular","turismo","diesel","M","gris","casado","mensual",0,1,"medio","presencial",0,1,0,3,6.642,0,10,0,"fin_estudio",0,NA,0,"1","1"
1811,"19","4",2.476,0.2476,30,"25-35",7,112,1872,0,11638,409,"mixta",9051,"particular","turismo","diesel","M","rojo","casado","mensual",1,1,"medio","telematico",0,1,0,2,2.476,0,10,0,"fin_estudio",0,NA,0,"3","3"
1812,"19","4",3.519,0.3519,37,"35-65",18,83,1483,7,15568,72,"rural",16546,"particular","turismo","gasolina","H","blanco","soltero","mensual",0,1,"superior","presencial",0,0,0,1,3.519,0,10,0,"fin_estudio",0,NA,0,"3","2"
1813,"19","4",4.432,0.4432,43,"35-65",19,169,2969,6,31354,103,"rural",4185,"comercial","turismo","gasolina","M","negro","soltero","anual",1,1,"basico","presencial",0,0,0,5,4.432,0,10,0,"fin_estudio",0,NA,0,"3","2"
1814,"19","4",5.023,0.5023,28,"25-35",7,136,1979,22,3819,782,"mixta",19519,"particular","furgoneta","diesel","M","otro","casado","anual",1,1,"medio","telematico",1,4,0,1,1.118,1,5.023,1,"baja",402.52,402.52,1,"1","1"
1815,"19","4",4.085,0.4085,43,"35-65",23,55,951,14,11240,110,"rural",14033,"particular","furgoneta","diesel","M","blanco","otro","mensual",1,3,"medio","presencial",0,2,0,0,4.085,0,10,0,"fin_estudio",0,NA,0,"1","1"
1816,"19","4",1.062,0.1062,23,"18-25",2,55,934,9,25087,440,"mixta",6154,"particular","turismo","diesel","M","negro","casado","anual",1,1,"basico","presencial",0,0,1,1,1.062,0,5.31,0,"fin_estudio",0,NA,0,"3","2"
1817,"19","4",5.225,0.5225,41,"35-65",19,55,800,9,27688,45,"rural",9664,"particular","turismo","diesel","H","negro","soltero","anual",0,1,"basico","telefonico",0,4,0,0,5.225,0,10,0,"fin_estudio",0,NA,0,"1","1"
1818,"19","4",0.1,0.01,18,"18-25",0,129,2202,7,20709,281,"mixta",16366,"particular","furgoneta","diesel","H","gris","soltero","anual",0,1,"basico","presencial",0,0,0,0,0.1,0,0.091,1,"baja",0,NA,0,"3","3"
1819,"19","4",8.348,0.8348,42,"35-65",12,150,2671,8,24461,734,"mixta",8535,"particular","turismo","gasolina","H","gris","casado","mensual",0,1,"superior","presencial",4,3,2,4,1.265,1,10,0,"fin_estudio",9796.56,2449.14,1,"3","3"
1820,"19","4",7.574,0.7574,49,"35-65",22,164,2012,6,28569,391,"mixta",6808,"particular","turismo","gasolina","M","gris","soltero","anual",1,2,"basico","telefonico",0,3,0,3,7.574,0,10,0,"fin_estudio",0,NA,0,"1","1"
1821,"19","4",2.222,0.2222,58,"35-65",27,99,1537,12,30708,836,"mixta",12023,"particular","turismo","gasolina","H","gris","soltero","anual",0,1,"basico","presencial",0,1,1,2,2.222,0,2.222,1,"baja",0,NA,0,"2","2"
1822,"19","4",2.676,0.2676,25,"18-25",6,61,922,8,16909,133,"rural",26187,"particular","turismo","gasolina","H","blanco","soltero","anual",0,2,"basico","presencial",0,3,0,1,2.676,0,2.676,1,"baja",0,NA,0,"3","2"
1823,"19","4",4.504,0.4504,35,"25-35",10,139,1893,0,37569,224,"mixta",9495,"particular","turismo","diesel","H","rojo","casado","mensual",1,1,"basico","presencial",2,1,0,5,1.278,1,4.504,1,"baja",6557.94,3278.97,1,"5","4"
1824,"19","4",8.071,0.8071,58,"35-65",33,83,1186,5,38519,743,"mixta",15911,"particular","turismo","diesel","M","blanco","otro","anual",0,1,"medio","telefonico",1,7,0,1,3.195,1,8.071,1,"baja",2428.46,2428.46,1,"1","1"
1825,"19","4",1.283,0.1283,66,"65+",28,76,1220,9,18398,313,"mixta",12018,"comercial","turismo","diesel","M","gris","otro","anual",1,1,"medio","presencial",0,0,0,1,1.283,0,1.283,1,"baja",0,NA,0,"2","2"
1826,"19","4",7.24,0.724,39,"35-65",10,56,943,9,21882,274,"mixta",11287,"particular","turismo","diesel","M","blanco","casado","anual",1,2,"superior","telematico",0,3,0,2,7.24,0,10,0,"fin_estudio",0,NA,0,"4","3"
1827,"19","4",5.622,0.5622,64,"35-65",36,76,1252,19,20092,263,"mixta",18773,"particular","turismo","diesel","M","otro","casado","mensual",0,2,"basico","presencial",1,6,0,1,2.381,1,10,0,"fin_estudio",1314.6,1314.6,1,"2","2"
1828,"19","4",0.612,0.0612,18,"18-25",0,115,1659,7,24385,856,"mixta",12529,"particular","turismo","gasolina","H","blanco","otro","mensual",0,2,"basico","telematico",0,0,0,0,0.612,0,0.612,1,"baja",0,NA,0,"2","2"
1829,"19","4",2.561,0.2561,55,"35-65",24,134,1646,0,53524,147,"rural",47034,"particular","turismo","gasolina","M","blanco","otro","anual",0,1,"medio","presencial",1,2,1,3,0.14,1,2.561,1,"baja",4930.18,4930.18,1,"1","1"
1830,"19","4",8.344,0.8344,46,"35-65",25,84,1114,4,28044,134,"rural",17585,"particular","turismo","gasolina","M","gris","casado","anual",0,1,"superior","telematico",1,2,0,1,6.251,1,10,0,"fin_estudio",4531.46,4531.46,1,"2","2"
1831,"19","4",8.009,0.8009,47,"35-65",16,77,1208,2,35434,396,"mixta",13083,"comercial","turismo","gasolina","H","negro","soltero","mensual",0,1,"superior","telematico",1,2,0,3,6.889,1,10,0,"fin_estudio",3605.32,3605.32,1,"2","1"
1832,"19","4",3.158,0.3158,38,"35-65",9,141,1844,4,14495,239,"mixta",4797,"particular","turismo","gasolina","M","rojo","soltero","mensual",0,1,"superior","telefonico",0,1,2,1,3.158,0,10,0,"fin_estudio",0,NA,0,"1","1"
1833,"19","4",3.283,0.3283,56,"35-65",22,118,1716,15,14967,228,"mixta",15160,"particular","turismo","gasolina","M","rojo","casado","mensual",0,1,"superior","telematico",1,2,0,2,2.076,1,3.283,1,"baja",1345.56,1345.56,1,"2","2"
1834,"19","4",5.093,0.5093,58,"35-65",18,55,800,8,37318,362,"mixta",9315,"particular","turismo","diesel","M","otro","soltero","anual",0,1,"basico","presencial",0,1,0,1,5.093,0,7.268,0,"fin_estudio",0,NA,0,"1","1"
1835,"19","4",8.759,0.8759,48,"35-65",12,104,1736,7,27433,995,"mixta",14753,"particular","moto","gasolina","H","otro","soltero","mensual",0,1,"medio","presencial",0,4,1,4,8.759,0,9.553,0,"fin_estudio",0,NA,0,"1","1"
1836,"19","4",1.975,0.1975,44,"35-65",25,129,1900,9,34951,708,"mixta",4397,"particular","turismo","gasolina","M","rojo","soltero","mensual",0,1,"medio","telefonico",0,0,0,2,1.975,0,1.975,1,"baja",0,NA,0,"1","1"
1837,"19","4",1.942,0.1942,53,"35-65",22,99,1756,4,24681,69,"rural",7950,"particular","turismo","diesel","H","gris","casado","anual",0,1,"basico","telefonico",0,0,0,2,1.942,0,1.942,1,"baja",0,NA,0,"2","2"
1838,"19","4",1.328,0.1328,24,"18-25",5,152,2606,11,20191,1022,"urbana",19382,"particular","furgoneta","diesel","H","otro","casado","anual",0,2,"medio","presencial",0,0,0,1,1.328,0,1.328,1,"baja",0,NA,0,"1","1"
1839,"19","4",3.477,0.3477,46,"35-65",10,76,1067,12,22338,295,"mixta",7218,"particular","moto","diesel","H","rojo","casado","anual",1,1,"medio","presencial",1,1,0,2,0.226,1,10,0,"fin_estudio",537.1,537.1,1,"2","1"
1840,"19","4",4.911,0.4911,29,"25-35",9,93,1365,7,21806,241,"mixta",11884,"particular","turismo","diesel","H","gris","soltero","anual",0,2,"medio","telefonico",2,2,1,3,0.38,1,10,0,"fin_estudio",2639.12,1319.56,1,"2","1"
1841,"19","4",3.363,0.3363,38,"35-65",12,55,821,0,9317,760,"mixta",6393,"particular","turismo","gasolina","M","negro","soltero","anual",0,1,"basico","presencial",1,0,0,1,2.432,1,3.363,1,"baja",219.52,219.52,1,"5","5"
1842,"19","4",1.126,0.1126,31,"25-35",8,83,1305,10,14355,1959,"urbana",14564,"particular","turismo","gasolina","M","gris","casado","anual",1,1,"superior","telefonico",1,0,1,1,0.821,1,4.777,0,"fin_estudio",692.03,692.03,1,"2","2"
1843,"19","4",2.285,0.2285,18,"18-25",0,134,2029,13,33426,104,"rural",15375,"particular","turismo","gasolina","H","otro","casado","anual",1,1,"basico","telefonico",0,3,0,1,2.285,0,2.285,1,"baja",0,NA,0,"1","1"
1844,"19","4",6.27,0.627,30,"25-35",8,55,815,15,27679,820,"mixta",12153,"particular","turismo","gasolina","M","gris","otro","mensual",1,4,"medio","telefonico",0,6,0,2,6.27,0,10,0,"fin_estudio",0,NA,0,"2","2"
1845,"19","4",7.54,0.754,73,"65+",40,154,2628,9,28662,74,"rural",15610,"particular","moto","diesel","H","rojo","soltero","anual",1,1,"basico","presencial",3,8,0,9,5.625,1,9.899,0,"fin_estudio",7423.47,2474.49,1,"4","3"
1846,"19","4",1.943,0.1943,33,"25-35",5,55,800,2,17176,308,"mixta",15181,"particular","turismo","diesel","M","rojo","soltero","anual",0,3,"basico","presencial",0,1,0,4,1.943,0,10,0,"fin_estudio",0,NA,0,"2","2"
1847,"19","4",5.702,0.5702,32,"25-35",12,209,3698,5,33130,275,"mixta",10829,"particular","turismo","gasolina","H","gris","casado","mensual",0,1,"superior","presencial",0,2,1,2,5.702,0,10,0,"fin_estudio",0,NA,0,"1","1"
1848,"19","4",1.652,0.1652,66,"65+",37,160,2093,10,21016,1044,"urbana",8139,"particular","moto","diesel","H","rojo","casado","mensual",0,1,"basico","telefonico",0,0,0,1,1.652,0,9.965,0,"fin_estudio",0,NA,0,"3","2"
1849,"19","4",3.826,0.3826,47,"35-65",24,140,2148,16,32704,114,"rural",15882,"particular","turismo","gasolina","M","otro","casado","anual",0,1,"basico","presencial",0,2,2,1,3.826,0,3.826,1,"baja",0,NA,0,"2","2"
1850,"19","4",2.98,0.298,62,"35-65",34,55,800,2,15050,88,"rural",32868,"particular","turismo","diesel","M","negro","casado","mensual",0,2,"basico","presencial",0,3,0,0,2.98,0,5.942,0,"fin_estudio",0,NA,0,"1","1"
1851,"19","4",3.206,0.3206,60,"35-65",32,121,1622,5,16757,121,"rural",12328,"particular","moto","gasolina","H","gris","casado","mensual",1,1,"basico","telematico",0,0,0,1,3.206,0,3.206,1,"baja",0,NA,0,"1","1"
1852,"19","4",3.175,0.3175,51,"35-65",32,154,2445,5,37070,151,"mixta",14641,"particular","moto","diesel","M","otro","casado","anual",0,1,"basico","telematico",0,3,0,4,3.175,0,3.175,1,"baja",0,NA,0,"1","1"
1853,"19","4",5.124,0.5124,39,"35-65",9,76,1058,10,17527,694,"mixta",12995,"particular","turismo","gasolina","H","gris","soltero","anual",1,1,"medio","telefonico",0,7,0,1,5.124,0,5.593,0,"fin_estudio",0,NA,0,"1","1"
1854,"19","4",2.213,0.2213,55,"35-65",23,133,2052,4,15608,1180,"urbana",12184,"particular","turismo","gasolina","M","rojo","soltero","mensual",1,1,"superior","presencial",0,0,2,3,2.213,0,3.55,0,"fin_estudio",0,NA,0,"3","2"
1855,"19","4",5.511,0.5511,47,"35-65",25,110,1837,9,28842,594,"mixta",13304,"comercial","turismo","diesel","M","blanco","casado","mensual",0,1,"superior","telematico",1,2,0,3,0.811,1,5.511,1,"baja",2152.69,2152.69,1,"4","4"
1856,"19","4",1.571,0.1571,38,"35-65",19,130,1941,8,31005,261,"mixta",8726,"particular","turismo","gasolina","H","negro","soltero","anual",0,1,"basico","telematico",0,0,1,1,1.571,0,1.571,1,"baja",0,NA,0,"1","1"
1857,"19","4",0.395,0.0395,32,"25-35",11,105,1872,10,26872,157,"mixta",15938,"particular","turismo","diesel","M","otro","otro","mensual",0,1,"superior","presencial",0,0,0,0,0.395,0,0.395,1,"baja",0,NA,0,"3","3"
1858,"19","4",4.915,0.4915,60,"35-65",25,91,1591,12,16595,161,"mixta",5775,"particular","turismo","gasolina","H","blanco","casado","anual",1,1,"medio","presencial",0,0,0,3,4.915,0,10,0,"fin_estudio",0,NA,0,"1","1"
1859,"19","4",5.395,0.5395,25,"18-25",3,85,1204,11,18070,510,"mixta",12448,"particular","turismo","gasolina","M","negro","soltero","anual",0,1,"basico","presencial",3,5,0,2,0.654,1,5.395,1,"baja",5655.2,1885.07,1,"4","4"
1860,"19","4",3.544,0.3544,53,"35-65",25,88,1107,8,26913,29,"rural",15966,"particular","turismo","diesel","H","rojo","soltero","anual",0,1,"medio","telematico",0,0,0,3,3.544,0,3.544,1,"baja",0,NA,0,"2","2"
1861,"19","4",3.278,0.3278,47,"35-65",14,117,1758,7,26880,234,"mixta",31005,"particular","turismo","diesel","M","rojo","casado","anual",0,1,"superior","presencial",0,0,0,1,3.278,0,7.151,0,"fin_estudio",0,NA,0,"3","3"
1862,"19","4",8.412,0.8412,23,"18-25",2,105,1433,14,22509,618,"mixta",10135,"comercial","turismo","diesel","H","rojo","soltero","anual",0,1,"superior","presencial",12,8,2,3,0.18,1,10,0,"fin_estudio",27589.45,2299.12,1,"5","5"
1863,"19","4",1.038,0.1038,55,"35-65",22,87,1315,6,29565,65,"rural",12827,"particular","turismo","diesel","M","blanco","casado","anual",1,1,"medio","presencial",0,1,0,0,1.038,0,1.038,1,"baja",0,NA,0,"3","2"
1864,"19","4",2.27,0.227,32,"25-35",10,187,2271,12,34592,74,"rural",19170,"comercial","turismo","diesel","H","blanco","casado","mensual",1,2,"medio","telefonico",1,1,0,3,0.23,1,2.27,1,"baja",2122.35,2122.35,1,"4","4"
1865,"19","4",3.502,0.3502,43,"35-65",18,55,800,14,18504,428,"mixta",13333,"particular","turismo","diesel","M","blanco","otro","mensual",0,1,"basico","telefonico",1,1,0,1,2.223,1,3.502,1,"baja",285.69,285.69,1,"4","4"
1866,"19","4",2.829,0.2829,58,"35-65",23,142,2027,11,11167,56,"rural",10892,"particular","turismo","gasolina","H","negro","casado","mensual",0,1,"medio","telefonico",0,1,0,2,2.829,0,9.423,0,"fin_estudio",0,NA,0,"1","1"
1867,"19","4",5.471,0.5471,37,"35-65",16,150,2202,21,22650,126,"rural",14509,"particular","turismo","gasolina","H","blanco","casado","anual",1,2,"basico","telefonico",0,1,3,1,5.471,0,6.611,0,"fin_estudio",0,NA,0,"1","1"
1868,"19","4",1.253,0.1253,42,"35-65",24,114,1991,7,32410,19,"rural",16319,"particular","turismo","gasolina","H","rojo","soltero","mensual",1,1,"superior","presencial",0,0,0,0,1.253,0,1.253,1,"baja",0,NA,0,"3","3"
1869,"19","4",2.63,0.263,38,"35-65",13,146,2241,5,10480,174,"mixta",9346,"comercial","moto","diesel","M","rojo","soltero","anual",0,1,"medio","presencial",0,1,0,2,2.63,0,2.63,1,"baja",0,NA,0,"1","1"
1870,"19","4",9.606,0.9606,56,"35-65",37,64,821,8,25056,193,"mixta",34770,"particular","turismo","gasolina","H","negro","soltero","anual",1,2,"basico","telefonico",0,7,0,5,9.606,0,10,0,"fin_estudio",0,NA,0,"1","1"
1871,"19","4",8.767,0.8767,35,"25-35",14,99,1395,6,12481,68,"rural",3507,"particular","turismo","gasolina","M","otro","casado","mensual",1,2,"basico","telematico",0,0,0,6,8.767,0,10,0,"fin_estudio",0,NA,0,"2","1"
1872,"19","4",2.106,0.2106,43,"35-65",15,55,860,1,29067,277,"mixta",31427,"particular","turismo","diesel","H","negro","casado","anual",1,1,"basico","telematico",1,0,0,2,2.028,1,2.764,0,"fin_estudio",1088.38,1088.38,1,"2","3"
1873,"19","4",2.173,0.2173,41,"35-65",16,75,1105,11,21801,298,"mixta",12564,"particular","turismo","diesel","M","gris","casado","anual",0,1,"medio","presencial",0,0,0,0,2.173,0,9.404,0,"fin_estudio",0,NA,0,"1","1"
1874,"19","4",2.764,0.2764,63,"35-65",18,170,2609,9,33831,39,"rural",13409,"particular","moto","diesel","H","otro","casado","mensual",0,1,"medio","presencial",2,3,0,2,0.998,1,10,0,"fin_estudio",3801.28,1900.64,1,"5","5"
1875,"19","4",2.734,0.2734,59,"35-65",22,118,1711,4,31081,91,"rural",13226,"particular","furgoneta","diesel","H","negro","casado","anual",0,1,"medio","presencial",0,0,0,2,2.734,0,3.538,0,"fin_estudio",0,NA,0,"1","1"
1876,"19","4",1.008,0.1008,33,"25-35",14,117,1665,9,34513,860,"mixta",7492,"particular","turismo","diesel","H","otro","casado","anual",0,1,"medio","presencial",0,0,0,0,1.008,0,2.427,0,"fin_estudio",0,NA,0,"2","2"
1877,"20","4",3.278,0.3278,38,"35-65",10,102,1709,6,27595,263,"mixta",24893,"particular","turismo","diesel","M","negro","casado","mensual",1,1,"basico","presencial",0,0,0,1,3.278,0,3.278,1,"baja",0,NA,0,"2","2"
1878,"20","4",6.172,0.6172,58,"35-65",23,91,1483,7,19728,1100,"urbana",16456,"particular","turismo","diesel","M","gris","casado","anual",0,1,"medio","presencial",1,2,1,2,1.918,1,10,0,"fin_estudio",1300.57,1300.57,1,"4","4"
1879,"20","4",1.987,0.1987,33,"25-35",10,96,1181,8,15783,300,"mixta",13071,"particular","turismo","gasolina","H","negro","casado","anual",0,1,"basico","telematico",0,1,0,1,1.987,0,1.987,1,"baja",0,NA,0,"5","4"
1880,"20","4",3.155,0.3155,53,"35-65",25,161,2827,13,10292,531,"mixta",6578,"particular","turismo","diesel","H","blanco","soltero","anual",1,2,"superior","telefonico",1,1,3,3,1.021,1,3.155,1,"baja",907.43,907.43,1,"4","3"
1881,"20","4",6.239,0.6239,53,"35-65",25,134,1874,5,29057,225,"mixta",24220,"particular","turismo","diesel","M","otro","casado","anual",1,2,"medio","telefonico",1,2,0,2,3.754,1,10,0,"fin_estudio",486.15,486.15,1,"2","2"
1882,"20","4",7.063,0.7063,46,"35-65",22,178,2653,8,24561,1988,"urbana",6909,"particular","turismo","diesel","H","blanco","casado","mensual",0,1,"medio","presencial",3,1,0,4,0.346,1,7.412,0,"fin_estudio",6172.76,2057.59,1,"3","3"
1883,"20","4",3.7,0.37,58,"35-65",28,130,2327,9,29438,211,"mixta",7111,"particular","turismo","diesel","M","otro","otro","mensual",1,2,"medio","presencial",0,2,0,2,3.7,0,3.7,1,"baja",0,NA,0,"2","1"
1884,"20","4",7.617,0.7617,23,"18-25",4,111,1714,4,25612,237,"mixta",8782,"particular","turismo","gasolina","M","gris","casado","anual",0,1,"basico","presencial",4,3,1,3,1.578,1,10,0,"fin_estudio",4091.33,1022.83,1,"4","5"
1885,"20","4",7.702,0.7702,64,"35-65",35,113,1645,2,11511,38,"rural",6503,"particular","turismo","gasolina","H","rojo","casado","anual",0,1,"medio","telefonico",0,0,0,6,7.702,0,10,0,"fin_estudio",0,NA,0,"3","2"
1886,"20","4",6.574,0.6574,37,"35-65",14,63,914,1,26292,248,"mixta",20123,"particular","turismo","diesel","H","blanco","soltero","anual",0,2,"basico","presencial",1,4,0,3,1.243,1,6.574,1,"baja",3307.22,3307.22,1,"1","1"
1887,"20","4",3.364,0.3364,44,"35-65",12,72,1157,6,19876,316,"mixta",18599,"particular","turismo","diesel","H","otro","soltero","mensual",0,1,"medio","telematico",1,1,0,1,1.989,1,3.364,1,"baja",1206.19,1206.19,1,"2","1"
1888,"20","4",2.604,0.2604,47,"35-65",14,124,1865,2,22617,112,"rural",11620,"particular","turismo","diesel","M","negro","soltero","anual",1,1,"basico","telematico",0,1,1,1,2.604,0,3.968,0,"fin_estudio",0,NA,0,"3","3"
1889,"20","4",6.993,0.6993,69,"65+",26,113,1787,2,17346,83,"rural",7186,"particular","turismo","diesel","H","blanco","casado","anual",1,1,"medio","presencial",0,2,1,2,6.993,0,10,0,"fin_estudio",0,NA,0,"1","1"
1890,"20","4",8.242,0.8242,69,"65+",31,55,961,8,23389,204,"mixta",8553,"particular","turismo","gasolina","M","rojo","otro","anual",1,1,"superior","presencial",0,1,0,2,8.242,0,8.242,1,"baja",0,NA,0,"1","1"
1891,"20","4",3.343,0.3343,64,"35-65",19,139,1773,16,22567,609,"mixta",6428,"particular","turismo","diesel","M","rojo","casado","anual",0,2,"medio","presencial",2,1,0,1,1.862,1,10,0,"fin_estudio",2844.92,1422.46,1,"4","3"
1892,"20","4",9.419,0.9419,51,"35-65",27,128,2069,6,27510,3683,"urbana",9006,"particular","turismo","diesel","H","negro","casado","anual",0,1,"superior","presencial",3,5,0,3,1.909,1,10,0,"fin_estudio",11389.27,3796.42,1,"2","2"
1893,"20","4",3.714,0.3714,73,"65+",49,147,2128,13,33722,13,"rural",9786,"particular","furgoneta","gasolina","H","rojo","soltero","anual",0,1,"medio","presencial",0,1,0,0,3.714,0,4.841,0,"fin_estudio",0,NA,0,"1","1"
1894,"20","4",1.767,0.1767,39,"35-65",14,104,1341,7,18783,364,"mixta",7108,"particular","furgoneta","diesel","M","negro","soltero","anual",0,1,"medio","telefonico",0,1,0,1,1.767,0,1.767,1,"baja",0,NA,0,"2","1"
1895,"20","4",9.968,0.9968,40,"35-65",15,93,1405,8,9829,614,"mixta",20865,"particular","turismo","diesel","H","negro","soltero","anual",0,1,"superior","telefonico",3,4,4,2,2.209,1,10,0,"fin_estudio",1987.16,662.39,1,"1","2"
1896,"20","4",2.304,0.2304,56,"35-65",15,171,2643,6,22748,266,"mixta",18472,"particular","furgoneta","diesel","H","rojo","soltero","mensual",0,3,"superior","telematico",0,0,0,0,2.304,0,4.499,0,"fin_estudio",0,NA,0,"3","3"
1897,"20","4",4.059,0.4059,61,"35-65",25,76,934,7,37182,294,"mixta",12106,"particular","turismo","gasolina","M","otro","casado","anual",0,1,"basico","telefonico",0,0,0,1,4.059,0,4.059,1,"baja",0,NA,0,"1","1"
1898,"20","4",2.888,0.2888,25,"18-25",6,123,1590,9,47321,722,"mixta",8821,"particular","moto","diesel","H","blanco","soltero","anual",0,1,"medio","presencial",2,0,0,2,1.747,1,2.888,1,"baja",15232,7616,1,"5","5"
1899,"20","4",0.256,0.0256,64,"35-65",30,125,1944,4,32340,151,"mixta",9865,"particular","turismo","diesel","H","gris","soltero","anual",0,1,"medio","presencial",0,0,0,0,0.256,0,0.256,1,"baja",0,NA,0,"3","3"
1900,"20","4",3.94,0.394,50,"35-65",12,127,1570,11,18983,106,"rural",32443,"particular","turismo","gasolina","M","gris","soltero","anual",1,1,"medio","telefonico",0,1,0,2,3.94,0,3.94,1,"baja",0,NA,0,"2","1"
1901,"20","4",1.739,0.1739,50,"35-65",27,181,3155,13,20213,805,"mixta",6463,"particular","moto","gasolina","H","rojo","casado","anual",0,1,"basico","presencial",0,0,0,0,1.739,0,8.174,0,"fin_estudio",0,NA,0,"2","1"
1902,"20","4",2.911,0.2911,54,"35-65",19,122,1764,4,11119,177,"mixta",10636,"particular","turismo","gasolina","M","gris","casado","anual",0,1,"basico","presencial",0,1,0,2,2.911,0,5.054,0,"fin_estudio",0,NA,0,"2","1"
1903,"20","4",5.976,0.5976,47,"35-65",17,95,1367,12,30169,350,"mixta",7984,"particular","turismo","gasolina","M","blanco","soltero","mensual",1,2,"basico","telefonico",0,1,0,1,5.976,0,10,0,"fin_estudio",0,NA,0,"4","4"
1904,"20","4",3.833,0.3833,51,"35-65",21,55,800,2,19281,421,"mixta",16484,"particular","turismo","diesel","M","rojo","soltero","mensual",0,2,"basico","telematico",0,1,2,1,3.833,0,10,0,"fin_estudio",0,NA,0,"1","1"
1905,"20","4",5.365,0.5365,49,"35-65",12,103,1773,13,10714,932,"mixta",16109,"particular","turismo","diesel","M","rojo","casado","anual",1,2,"basico","telefonico",1,4,0,1,3.964,1,5.365,1,"baja",1205.6,1205.6,1,"2","1"
1906,"20","4",6.585,0.6585,37,"35-65",10,137,2203,14,17718,207,"mixta",33965,"particular","furgoneta","gasolina","M","negro","otro","anual",1,2,"basico","presencial",0,6,0,2,6.585,0,6.585,1,"baja",0,NA,0,"1","1"
1907,"20","4",2.664,0.2664,18,"18-25",0,55,821,12,26256,448,"mixta",7839,"comercial","turismo","diesel","M","gris","casado","anual",0,1,"superior","presencial",2,2,1,0,0.123,1,4.338,0,"fin_estudio",5048.93,2524.46,1,"4","5"
1908,"20","4",4.29,0.429,52,"35-65",24,86,1459,1,33802,956,"mixta",14133,"particular","furgoneta","diesel","M","otro","casado","mensual",1,2,"basico","presencial",0,1,0,3,4.29,0,10,0,"fin_estudio",0,NA,0,"1","1"
1909,"20","4",0.591,0.0591,70,"65+",41,143,1846,10,25703,434,"mixta",16817,"comercial","turismo","diesel","H","rojo","casado","mensual",0,1,"basico","telefonico",0,1,1,0,0.591,0,0.591,1,"baja",0,NA,0,"3","3"
1910,"20","4",2.149,0.2149,51,"35-65",13,140,2283,3,23575,353,"mixta",19898,"comercial","turismo","gasolina","M","gris","soltero","anual",0,1,"medio","presencial",0,2,0,0,2.149,0,4.696,0,"fin_estudio",0,NA,0,"2","1"
1911,"20","4",3.666,0.3666,47,"35-65",15,72,1126,10,28671,272,"mixta",14150,"particular","turismo","gasolina","M","rojo","soltero","mensual",0,2,"basico","presencial",0,1,0,1,3.666,0,7.247,0,"fin_estudio",0,NA,0,"5","5"
1912,"20","4",1.871,0.1871,50,"35-65",22,55,800,3,22865,1639,"urbana",21795,"particular","turismo","diesel","H","otro","soltero","anual",0,1,"medio","telematico",0,2,0,2,1.871,0,10,0,"fin_estudio",0,NA,0,"1","1"
1913,"20","4",8.409,0.8409,43,"35-65",10,68,1155,17,22945,196,"mixta",16473,"particular","turismo","gasolina","H","gris","soltero","mensual",0,1,"basico","presencial",0,3,0,2,8.409,0,10,0,"fin_estudio",0,NA,0,"3","2"
1914,"20","4",1.656,0.1656,74,"65+",24,55,800,2,35473,767,"mixta",6067,"particular","turismo","diesel","H","rojo","casado","anual",0,1,"medio","telefonico",0,2,0,0,1.656,0,8.491,0,"fin_estudio",0,NA,0,"1","1"
1915,"20","4",3.204,0.3204,26,"25-35",3,173,2661,13,12763,1222,"urbana",5955,"particular","moto","diesel","H","blanco","casado","anual",0,2,"basico","presencial",0,2,0,1,3.204,0,10,0,"fin_estudio",0,NA,0,"2","2"
1916,"20","4",3.065,0.3065,44,"35-65",12,108,1388,11,19757,82,"rural",4338,"comercial","turismo","diesel","M","negro","soltero","anual",1,2,"basico","presencial",0,1,0,1,3.065,0,3.065,1,"baja",0,NA,0,"3","3"
1917,"20","4",1.998,0.1998,32,"25-35",10,86,1370,10,19875,360,"mixta",13572,"particular","turismo","diesel","H","otro","soltero","mensual",0,2,"medio","telematico",1,0,0,1,1.155,1,10,0,"fin_estudio",4312.72,4312.72,1,"3","4"
1918,"20","4",7.506,0.7506,46,"35-65",17,55,958,11,14066,340,"mixta",11054,"particular","turismo","gasolina","M","negro","casado","mensual",0,1,"medio","presencial",0,3,0,3,7.506,0,10,0,"fin_estudio",0,NA,0,"1","1"
1919,"20","4",2.819,0.2819,54,"35-65",23,79,975,2,20334,166,"mixta",12972,"particular","turismo","diesel","M","blanco","soltero","anual",0,1,"medio","presencial",0,2,0,1,2.819,0,5.443,0,"fin_estudio",0,NA,0,"4","3"
1920,"20","4",0.896,0.0896,25,"18-25",5,55,919,21,12066,253,"mixta",13027,"particular","turismo","gasolina","M","blanco","soltero","anual",0,2,"superior","presencial",0,1,0,0,0.896,0,0.896,1,"baja",0,NA,0,"2","2"
1921,"20","4",2.825,0.2825,67,"65+",37,79,1055,12,34469,315,"mixta",7908,"particular","moto","gasolina","H","gris","casado","mensual",1,1,"medio","presencial",0,0,0,2,2.825,0,3.129,0,"fin_estudio",0,NA,0,"2","2"
1922,"20","4",5.358,0.5358,45,"35-65",18,122,1671,13,22419,1418,"urbana",7920,"particular","turismo","diesel","M","gris","casado","anual",1,1,"basico","telematico",2,2,1,4,4.593,1,5.925,0,"fin_estudio",4363.8,2181.9,1,"4","5"
1923,"20","4",6.721,0.6721,40,"35-65",13,179,2971,4,30604,2748,"urbana",15141,"particular","moto","gasolina","H","otro","casado","mensual",0,1,"medio","presencial",2,5,0,2,1.562,1,10,0,"fin_estudio",11937.3,5968.65,1,"3","3"
1924,"20","4",2.99,0.299,25,"18-25",6,93,1121,5,13168,1246,"urbana",14064,"particular","turismo","gasolina","H","negro","soltero","anual",1,1,"basico","presencial",1,2,0,1,0.062,1,7.918,0,"fin_estudio",1331.31,1331.31,1,"3","2"
1925,"20","4",1.501,0.1501,50,"35-65",31,129,1803,0,35569,296,"mixta",13931,"particular","turismo","diesel","H","blanco","soltero","mensual",0,2,"medio","telefonico",0,0,0,1,1.501,0,1.501,1,"baja",0,NA,0,"5","5"
1926,"20","4",4.376,0.4376,25,"18-25",4,122,1594,10,35713,454,"mixta",11583,"particular","turismo","diesel","H","blanco","soltero","mensual",0,1,"superior","presencial",1,2,0,1,1.564,1,4.376,1,"baja",441.97,441.97,1,"1","1"
1927,"20","4",2.29,0.229,66,"65+",31,135,2326,7,43368,577,"mixta",6588,"particular","turismo","diesel","M","rojo","casado","anual",1,1,"basico","telefonico",1,0,0,0,0.95,1,5.332,0,"fin_estudio",4267.78,4267.78,1,"4","3"
1928,"20","4",5.66,0.566,49,"35-65",20,99,1711,10,28547,288,"mixta",10616,"comercial","turismo","diesel","H","otro","otro","mensual",1,1,"superior","telematico",1,1,0,0,0.997,1,10,0,"fin_estudio",3314.24,3314.24,1,"1","1"
1929,"20","4",3.271,0.3271,37,"35-65",18,138,2436,0,45093,540,"mixta",9249,"particular","turismo","diesel","H","rojo","casado","anual",0,1,"superior","presencial",0,1,0,3,3.271,0,3.271,1,"baja",0,NA,0,"4","3"
1930,"20","4",3.739,0.3739,40,"35-65",10,55,856,6,18432,209,"mixta",10944,"particular","turismo","gasolina","H","gris","otro","mensual",1,2,"superior","presencial",0,1,0,1,3.739,0,5.44,0,"fin_estudio",0,NA,0,"2","1"
1931,"20","4",3.397,0.3397,38,"35-65",17,103,1246,7,31553,199,"mixta",11269,"comercial","turismo","gasolina","M","blanco","casado","anual",1,2,"basico","presencial",0,0,0,2,3.397,0,3.397,1,"baja",0,NA,0,"2","1"
1932,"20","4",2.484,0.2484,18,"18-25",0,110,1939,12,12353,221,"mixta",14769,"particular","moto","diesel","H","rojo","casado","mensual",0,1,"medio","presencial",0,0,0,1,2.484,0,10,0,"fin_estudio",0,NA,0,"3","3"
1933,"20","4",0.476,0.0476,36,"35-65",16,155,2297,8,22403,2019,"urbana",12293,"particular","turismo","gasolina","M","otro","casado","anual",0,2,"basico","telefonico",1,0,0,1,0.166,1,0.476,1,"baja",2219.02,2219.02,1,"3","3"
1934,"20","4",3.867,0.3867,55,"35-65",36,130,2044,15,27401,158,"mixta",6841,"particular","turismo","diesel","M","rojo","casado","anual",0,1,"basico","telefonico",0,0,2,0,3.867,0,8.885,0,"fin_estudio",0,NA,0,"2","2"
1935,"20","4",1.324,0.1324,55,"35-65",15,126,1960,20,19719,751,"mixta",9951,"particular","turismo","diesel","M","rojo","casado","anual",0,1,"basico","presencial",0,1,0,0,1.324,0,10,0,"fin_estudio",0,NA,0,"1","1"
1936,"20","4",2.943,0.2943,67,"65+",42,132,2069,12,23956,816,"mixta",6345,"particular","turismo","gasolina","M","gris","otro","mensual",1,2,"basico","presencial",0,2,1,0,2.943,0,10,0,"fin_estudio",0,NA,0,"2","2"
1937,"20","4",2.222,0.2222,51,"35-65",15,55,901,11,19622,30,"rural",11993,"particular","moto","gasolina","H","negro","otro","mensual",0,1,"superior","presencial",0,0,0,1,2.222,0,8.237,0,"fin_estudio",0,NA,0,"1","1"
1938,"20","4",6.154,0.6154,18,"18-25",0,85,1267,6,25230,406,"mixta",10967,"particular","moto","diesel","M","blanco","otro","anual",0,2,"medio","telematico",1,2,0,4,2.523,1,7.256,0,"fin_estudio",2712.66,2712.66,1,"1","1"
1939,"20","4",7.312,0.7312,52,"35-65",17,55,832,12,14462,147,"rural",18855,"particular","turismo","gasolina","H","gris","casado","anual",1,3,"superior","telefonico",1,4,0,1,4.63,1,10,0,"fin_estudio",1361.83,1361.83,1,"2","2"
1940,"20","4",3.611,0.3611,40,"35-65",14,72,1143,0,21096,319,"mixta",25776,"particular","turismo","gasolina","H","negro","casado","mensual",0,2,"superior","presencial",0,2,0,2,3.611,0,10,0,"fin_estudio",0,NA,0,"1","1"
1941,"20","4",1.956,0.1956,58,"35-65",23,72,944,12,26060,151,"mixta",10390,"particular","turismo","diesel","H","rojo","casado","mensual",0,1,"basico","presencial",0,1,0,2,1.956,0,10,0,"fin_estudio",0,NA,0,"3","2"
1942,"20","4",9.452,0.9452,62,"35-65",40,123,1814,6,17470,641,"mixta",11996,"particular","turismo","diesel","H","blanco","casado","mensual",0,2,"basico","telefonico",0,3,0,2,9.452,0,10,0,"fin_estudio",0,NA,0,"1","1"
1943,"20","4",3.659,0.3659,62,"35-65",39,94,1490,7,38409,332,"mixta",8018,"comercial","turismo","gasolina","M","otro","soltero","anual",0,2,"superior","telematico",0,0,0,2,3.659,0,3.659,1,"baja",0,NA,0,"1","1"
1944,"20","4",5.538,0.5538,35,"25-35",7,83,1191,14,23251,1178,"urbana",20782,"particular","turismo","diesel","M","blanco","casado","anual",0,2,"basico","telefonico",0,3,0,0,5.538,0,5.538,1,"baja",0,NA,0,"1","1"
1945,"20","4",9.941,0.9941,37,"35-65",11,55,800,5,22237,938,"mixta",10717,"particular","turismo","gasolina","M","blanco","casado","mensual",0,1,"basico","presencial",2,2,0,1,3.602,1,10,0,"fin_estudio",2807.24,1403.62,1,"5","4"
1946,"20","4",5.438,0.5438,50,"35-65",24,76,1095,10,6783,438,"mixta",10632,"particular","turismo","diesel","M","otro","soltero","anual",0,1,"basico","telematico",2,2,0,0,1.478,1,10,0,"fin_estudio",912.79,456.4,1,"4","4"
1947,"20","4",3.503,0.3503,48,"35-65",20,68,907,9,18300,282,"mixta",17182,"particular","moto","gasolina","H","negro","soltero","anual",0,1,"medio","presencial",0,0,0,1,3.503,0,10,0,"fin_estudio",0,NA,0,"4","3"
1948,"20","4",2.974,0.2974,27,"25-35",4,128,2154,15,18978,231,"mixta",5209,"particular","furgoneta","diesel","H","negro","soltero","anual",1,1,"medio","telefonico",3,0,0,1,0.724,1,9.733,0,"fin_estudio",2932.02,977.34,1,"2","4"
1949,"20","4",3.602,0.3602,62,"35-65",23,83,1367,4,33551,351,"mixta",4654,"particular","turismo","diesel","M","rojo","soltero","anual",1,1,"medio","presencial",1,1,1,1,2.024,1,10,0,"fin_estudio",3947.67,3947.67,1,"3","2"
1950,"20","4",3.895,0.3895,56,"35-65",33,95,1433,11,30306,177,"mixta",9476,"particular","turismo","diesel","H","otro","casado","anual",0,2,"medio","telefonico",3,1,0,0,1.762,1,3.895,1,"baja",3686.81,1228.94,1,"3","4"
1951,"20","4",1.924,0.1924,18,"18-25",0,102,1372,9,47301,415,"mixta",7206,"particular","turismo","diesel","M","otro","casado","anual",0,1,"medio","presencial",0,1,0,1,1.924,0,1.924,1,"baja",0,NA,0,"3","3"
1952,"20","4",2.994,0.2994,74,"65+",47,112,1433,9,23538,126,"rural",4174,"particular","turismo","gasolina","H","negro","soltero","anual",0,2,"basico","telefonico",0,0,0,3,2.994,0,2.994,1,"baja",0,NA,0,"2","1"
1953,"20","4",2.711,0.2711,37,"35-65",16,168,2164,13,25826,5119,"urbana",25279,"particular","turismo","gasolina","M","rojo","soltero","anual",0,2,"basico","presencial",0,1,0,1,2.711,0,9.024,0,"fin_estudio",0,NA,0,"3","2"
1954,"20","4",1.32,0.132,43,"35-65",23,157,2492,6,17362,606,"mixta",10630,"particular","furgoneta","gasolina","H","gris","soltero","mensual",0,1,"medio","presencial",0,0,1,0,1.32,0,10,0,"fin_estudio",0,NA,0,"2","1"
1955,"20","4",4.76,0.476,59,"35-65",39,145,2586,4,30038,535,"mixta",7370,"particular","turismo","gasolina","M","otro","casado","mensual",1,2,"basico","telefonico",1,0,1,0,3.949,1,9.675,0,"fin_estudio",252.28,252.28,1,"3","3"
1956,"20","4",1.867,0.1867,51,"35-65",22,66,1134,4,19033,1448,"urbana",10575,"particular","turismo","diesel","M","negro","soltero","mensual",0,1,"medio","telematico",0,0,0,0,1.867,0,10,0,"fin_estudio",0,NA,0,"1","1"
1957,"20","4",3.333,0.3333,37,"35-65",8,154,2622,4,21763,112,"rural",8978,"particular","turismo","gasolina","M","negro","casado","anual",0,1,"superior","presencial",0,1,1,1,3.333,0,3.333,1,"baja",0,NA,0,"1","1"
1958,"20","4",4.457,0.4457,49,"35-65",18,109,1327,8,20825,346,"mixta",14108,"particular","turismo","diesel","H","rojo","casado","mensual",0,1,"superior","telefonico",1,2,1,3,3.183,1,10,0,"fin_estudio",1537.17,1537.17,1,"2","2"
1959,"20","4",2.192,0.2192,59,"35-65",26,177,2478,6,26045,351,"mixta",8550,"comercial","turismo","diesel","H","negro","soltero","mensual",1,1,"medio","presencial",0,0,2,1,2.192,0,2.192,1,"baja",0,NA,0,"4","4"
1960,"20","4",1.456,0.1456,55,"35-65",19,81,1033,9,20585,214,"mixta",22297,"particular","turismo","diesel","H","rojo","casado","mensual",1,1,"basico","presencial",0,0,0,0,1.456,0,4.068,0,"fin_estudio",0,NA,0,"1","1"
1961,"20","4",4.576,0.4576,69,"65+",37,91,1370,12,25192,229,"mixta",12099,"particular","turismo","diesel","H","gris","casado","anual",0,1,"basico","presencial",0,0,0,1,4.576,0,10,0,"fin_estudio",0,NA,0,"2","2"
1962,"20","4",2.285,0.2285,50,"35-65",19,97,1359,15,27317,263,"mixta",26589,"particular","furgoneta","diesel","H","gris","casado","mensual",1,1,"basico","presencial",0,1,0,1,2.285,0,8.084,0,"fin_estudio",0,NA,0,"3","2"
1963,"20","4",8.161,0.8161,53,"35-65",24,124,1492,3,21089,282,"mixta",10126,"particular","turismo","gasolina","H","negro","soltero","anual",1,1,"basico","presencial",0,4,0,2,8.161,0,10,0,"fin_estudio",0,NA,0,"1","1"
1964,"20","4",0.741,0.0741,66,"65+",30,105,1296,11,24333,467,"mixta",18944,"particular","moto","diesel","H","negro","casado","mensual",0,1,"superior","telematico",1,0,0,0,0.098,1,0.741,1,"baja",2749.06,2749.06,1,"4","4"
1965,"20","4",0.418,0.0418,63,"35-65",33,121,2048,4,32090,129,"rural",10589,"comercial","turismo","diesel","M","negro","soltero","anual",0,1,"basico","presencial",0,0,0,0,0.418,0,0.418,1,"baja",0,NA,0,"3","3"
1966,"21","5",3.525,0.3525,57,"35-65",19,55,800,13,22867,1155,"urbana",7280,"particular","turismo","gasolina","M","blanco","otro","anual",1,1,"basico","presencial",0,3,0,0,3.525,0,6.071,0,"fin_estudio",0,NA,0,"2","1"
1967,"21","5",3.23,0.323,46,"35-65",13,116,1749,15,33861,289,"mixta",8626,"particular","turismo","gasolina","M","rojo","soltero","anual",0,1,"basico","telefonico",0,2,0,0,3.23,0,3.23,1,"baja",0,NA,0,"2","2"
1968,"21","5",7.936,0.7936,66,"65+",47,73,953,8,8196,338,"mixta",10800,"comercial","turismo","diesel","H","otro","casado","mensual",0,1,"basico","presencial",3,0,2,2,0.828,1,10,0,"fin_estudio",3668.94,1222.98,1,"4","4"
1969,"21","5",2.358,0.2358,55,"35-65",15,86,1290,6,31513,575,"mixta",14608,"particular","moto","diesel","H","negro","casado","mensual",0,2,"medio","telefonico",0,0,0,0,2.358,0,8.699,0,"fin_estudio",0,NA,0,"3","3"
1970,"21","5",4.428,0.4428,42,"35-65",23,102,1530,10,17103,361,"mixta",11519,"comercial","turismo","gasolina","H","negro","casado","anual",0,1,"medio","telematico",1,1,1,2,2.647,1,4.428,1,"baja",657.04,657.04,1,"4","3"
1971,"21","5",2.134,0.2134,19,"18-25",1,90,1554,11,11081,7,"rural",12771,"comercial","furgoneta","diesel","H","blanco","casado","anual",0,2,"basico","telefonico",0,1,0,0,2.134,0,2.134,1,"baja",0,NA,0,"1","1"
1972,"21","5",1.754,0.1754,62,"35-65",33,115,1675,8,17892,190,"mixta",25479,"particular","turismo","diesel","M","gris","soltero","mensual",0,1,"basico","telematico",0,0,0,0,1.754,0,1.754,1,"baja",0,NA,0,"2","2"
1973,"21","5",9.757,0.9757,35,"25-35",12,115,1657,4,39245,174,"mixta",10953,"particular","moto","gasolina","H","otro","otro","mensual",0,1,"basico","telefonico",0,1,0,3,9.757,0,10,0,"fin_estudio",0,NA,0,"1","1"
1974,"21","5",1.076,0.1076,45,"35-65",16,59,800,12,21019,42,"rural",13215,"particular","turismo","gasolina","H","negro","soltero","anual",0,2,"basico","telematico",0,0,0,0,1.076,0,10,0,"fin_estudio",0,NA,0,"1","1"
1975,"21","5",0.431,0.0431,50,"35-65",22,74,969,9,4641,85,"rural",20270,"particular","turismo","diesel","H","rojo","casado","anual",1,2,"basico","presencial",0,0,0,0,0.431,0,0.431,1,"baja",0,NA,0,"3","3"
1976,"21","5",4.451,0.4451,52,"35-65",24,95,1475,3,21347,780,"mixta",8395,"particular","furgoneta","gasolina","M","otro","soltero","anual",1,1,"medio","telefonico",0,0,0,0,4.451,0,10,0,"fin_estudio",0,NA,0,"3","2"
1977,"21","5",6.511,0.6511,60,"35-65",19,116,2066,1,20409,504,"mixta",14136,"particular","turismo","diesel","M","blanco","soltero","anual",0,3,"superior","presencial",2,2,0,0,0.616,1,6.511,1,"baja",537.69,268.85,1,"2","3"
1978,"21","5",2.671,0.2671,43,"35-65",15,100,1518,5,32364,161,"mixta",11235,"particular","turismo","gasolina","M","otro","casado","anual",0,1,"basico","presencial",0,0,0,0,2.671,0,8.663,0,"fin_estudio",0,NA,0,"1","1"
1979,"21","5",6.708,0.6708,49,"35-65",18,134,2309,8,33802,205,"mixta",9896,"particular","turismo","diesel","M","rojo","soltero","mensual",1,2,"medio","presencial",0,4,0,0,6.708,0,7.104,0,"fin_estudio",0,NA,0,"1","1"
1980,"21","5",0.643,0.0643,42,"35-65",21,99,1691,7,25209,2809,"urbana",8026,"particular","turismo","gasolina","M","otro","otro","anual",1,1,"basico","presencial",1,0,0,0,0.337,1,0.643,1,"baja",1341.5,1341.5,1,"3","3"
1981,"21","5",2.589,0.2589,37,"35-65",10,117,1590,5,25227,84,"rural",10357,"particular","moto","diesel","H","negro","casado","mensual",0,3,"basico","telefonico",0,0,0,0,2.589,0,2.625,0,"fin_estudio",0,NA,0,"4","4"
1982,"21","5",0.604,0.0604,32,"25-35",12,149,2626,13,22307,210,"mixta",20635,"particular","furgoneta","gasolina","H","rojo","soltero","anual",1,1,"basico","telefonico",0,1,0,0,0.604,0,0.604,1,"baja",0,NA,0,"1","1"
1983,"21","5",6.135,0.6135,57,"35-65",15,101,1664,21,36830,587,"mixta",3828,"particular","turismo","diesel","H","rojo","soltero","anual",1,2,"medio","presencial",0,1,0,0,6.135,0,6.135,1,"baja",0,NA,0,"4","4"
1984,"21","5",6.61,0.661,52,"35-65",25,65,853,9,31179,475,"mixta",7906,"particular","turismo","diesel","M","rojo","casado","anual",0,2,"medio","telematico",1,0,0,0,2.346,1,10,0,"fin_estudio",1783.88,1783.88,1,"2","2"
1985,"21","5",5.347,0.5347,46,"35-65",10,55,803,10,20299,329,"mixta",10041,"particular","turismo","diesel","M","otro","casado","anual",0,1,"superior","telematico",1,4,0,1,2.057,1,7.485,0,"fin_estudio",401.63,401.63,1,"3","2"
1986,"21","5",5.559,0.5559,40,"35-65",20,126,1905,19,25243,134,"rural",9377,"comercial","turismo","diesel","M","negro","casado","mensual",0,1,"superior","presencial",0,1,0,2,5.559,0,5.559,1,"baja",0,NA,0,"2","2"
1987,"21","5",6.026,0.6026,41,"35-65",21,134,2172,1,29138,15,"rural",28147,"particular","turismo","diesel","H","otro","otro","anual",1,2,"medio","presencial",0,6,1,0,6.026,0,6.883,0,"fin_estudio",0,NA,0,"1","1"
1988,"21","5",4.177,0.4177,64,"35-65",44,55,810,7,26111,750,"mixta",17174,"particular","turismo","gasolina","M","negro","soltero","mensual",0,1,"medio","telematico",1,1,0,2,3.547,1,4.177,1,"baja",2056.64,2056.64,1,"3","2"
1989,"21","5",4.095,0.4095,61,"35-65",30,154,2206,7,23344,820,"mixta",10114,"particular","turismo","gasolina","M","negro","casado","anual",0,1,"superior","presencial",0,1,0,0,4.095,0,4.945,0,"fin_estudio",0,NA,0,"3","3"
1990,"21","5",4.417,0.4417,36,"35-65",10,122,1958,0,26024,97,"rural",14308,"particular","turismo","diesel","M","rojo","soltero","anual",1,2,"basico","presencial",0,0,0,1,4.417,0,4.768,0,"fin_estudio",0,NA,0,"1","1"
1991,"21","5",4.018,0.4018,30,"25-35",10,65,840,8,20068,278,"mixta",10194,"particular","turismo","diesel","M","otro","casado","anual",0,1,"basico","presencial",2,1,0,2,0.882,1,4.018,1,"baja",3082.4,1541.2,1,"4","4"
1992,"21","5",9.286,0.9286,53,"35-65",19,103,1692,19,40488,46,"rural",11732,"particular","turismo","diesel","M","gris","soltero","anual",0,3,"superior","presencial",0,4,0,1,9.286,0,10,0,"fin_estudio",0,NA,0,"1","1"
1993,"21","5",0.265,0.0265,53,"35-65",27,81,1040,9,20304,139,"rural",15340,"particular","turismo","diesel","H","blanco","casado","anual",1,1,"medio","telematico",0,0,0,0,0.265,0,0.265,1,"baja",0,NA,0,"5","5"
1994,"21","5",3.952,0.3952,49,"35-65",25,171,2864,7,22762,362,"mixta",4364,"particular","turismo","diesel","M","gris","otro","mensual",0,3,"basico","presencial",0,1,0,0,3.952,0,10,0,"fin_estudio",0,NA,0,"1","1"
1995,"21","5",5.824,0.5824,55,"35-65",21,139,2470,7,24419,91,"rural",13456,"particular","turismo","gasolina","H","gris","casado","anual",0,1,"basico","telefonico",1,4,0,1,4.044,1,10,0,"fin_estudio",539.85,539.85,1,"2","2"
1996,"21","5",6.945,0.6945,62,"35-65",24,141,2436,1,15945,198,"mixta",9836,"particular","turismo","diesel","H","otro","casado","anual",0,1,"medio","presencial",0,3,2,0,6.945,0,10,0,"fin_estudio",0,NA,0,"2","2"
1997,"21","5",7.109,0.7109,50,"35-65",32,155,2147,15,33166,3797,"urbana",12835,"particular","furgoneta","gasolina","M","gris","otro","anual",1,1,"basico","presencial",1,2,0,2,3.33,1,7.623,0,"fin_estudio",496.19,496.19,1,"1","1"
1998,"21","5",8.035,0.8035,18,"18-25",0,100,1740,8,19081,325,"mixta",9267,"particular","furgoneta","gasolina","H","negro","casado","anual",1,1,"basico","telefonico",3,1,0,2,0.645,1,8.333,0,"fin_estudio",10471.46,3490.49,1,"3","2"
1999,"21","5",3.475,0.3475,38,"35-65",9,185,2933,3,30635,389,"mixta",13145,"comercial","turismo","diesel","H","blanco","casado","mensual",1,1,"superior","telefonico",0,3,0,2,3.475,0,10,0,"fin_estudio",0,NA,0,"3","3"
2000,"21","5",0.739,0.0739,39,"35-65",10,71,996,10,27439,515,"mixta",21493,"particular","turismo","diesel","H","otro","otro","mensual",1,1,"superior","presencial",0,0,0,0,0.739,0,0.739,1,"baja",0,NA,0,"5","5"
2001,"21","5",7.795,0.7795,54,"35-65",34,119,1805,11,19988,5521,"urbana",10265,"particular","turismo","diesel","M","negro","soltero","anual",0,1,"basico","telefonico",2,6,0,1,0.728,1,10,0,"fin_estudio",6465.05,3232.52,1,"1","1"
2002,"21","5",0.67,0.067,24,"18-25",4,141,2325,20,27156,53,"rural",18913,"particular","furgoneta","gasolina","H","gris","casado","anual",0,1,"basico","presencial",0,2,1,0,0.67,0,0.67,1,"baja",0,NA,0,"3","3"
2003,"21","5",2.154,0.2154,23,"18-25",4,114,1546,3,23354,48,"rural",11801,"particular","moto","gasolina","H","rojo","soltero","anual",1,2,"medio","presencial",1,0,0,1,0.861,1,2.154,1,"baja",3164.72,3164.72,1,"3","3"
2004,"21","5",2.648,0.2648,49,"35-65",23,79,1183,8,19201,170,"mixta",23213,"particular","moto","gasolina","M","gris","casado","anual",0,1,"superior","presencial",1,3,0,0,2.051,1,2.648,1,"baja",2313.69,2313.69,1,"1","2"
2005,"21","5",5.894,0.5894,43,"35-65",12,130,2318,7,25980,528,"mixta",16319,"particular","turismo","diesel","M","gris","casado","anual",0,2,"medio","telefonico",0,6,0,2,5.894,0,7.68,0,"fin_estudio",0,NA,0,"2","2"
2006,"21","5",2.492,0.2492,30,"25-35",9,147,1884,6,26158,280,"mixta",11653,"particular","turismo","diesel","M","otro","casado","anual",0,2,"basico","presencial",0,3,1,2,2.492,0,2.492,1,"baja",0,NA,0,"1","1"
2007,"21","5",1.569,0.1569,26,"25-35",6,126,2086,6,26706,300,"mixta",14039,"particular","furgoneta","diesel","M","rojo","soltero","anual",1,1,"medio","presencial",0,1,0,0,1.569,0,1.569,1,"baja",0,NA,0,"2","2"
2008,"21","5",4.398,0.4398,67,"65+",41,55,870,18,26947,621,"mixta",35161,"particular","turismo","diesel","M","blanco","casado","anual",1,1,"superior","presencial",0,7,0,3,4.398,0,7.714,0,"fin_estudio",0,NA,0,"3","3"
2009,"21","5",6.889,0.6889,31,"25-35",5,55,854,5,22632,1470,"urbana",9367,"comercial","moto","gasolina","H","otro","soltero","anual",1,4,"basico","presencial",5,6,0,0,1.837,1,10,0,"fin_estudio",17264.85,3452.97,1,"4","5"
2010,"21","5",0.145,0.0145,18,"18-25",0,183,2275,4,26132,467,"mixta",10023,"particular","turismo","diesel","M","blanco","soltero","anual",1,2,"basico","presencial",0,0,0,0,0.145,0,0.145,1,"baja",0,NA,0,"2","2"
2011,"21","5",0.946,0.0946,68,"65+",49,107,1817,5,30307,322,"mixta",13555,"comercial","turismo","diesel","H","gris","soltero","anual",1,1,"medio","telefonico",0,0,1,0,0.946,0,0.946,1,"baja",0,NA,0,"5","5"
2012,"21","5",2.017,0.2017,34,"25-35",14,141,2168,10,16471,140,"rural",8328,"particular","turismo","gasolina","M","otro","soltero","mensual",1,1,"medio","presencial",0,0,0,0,2.017,0,6.701,0,"fin_estudio",0,NA,0,"1","1"
2013,"21","5",5.573,0.5573,45,"35-65",24,110,1537,22,11015,807,"mixta",12402,"particular","turismo","diesel","M","rojo","casado","anual",0,1,"medio","telefonico",0,5,2,1,5.573,0,10,0,"fin_estudio",0,NA,0,"1","1"
2014,"21","5",5.324,0.5324,40,"35-65",12,75,1239,7,28066,189,"mixta",5736,"comercial","furgoneta","diesel","M","gris","casado","anual",0,1,"medio","presencial",0,0,0,0,5.324,0,10,0,"fin_estudio",0,NA,0,"1","1"
2015,"21","5",3.248,0.3248,56,"35-65",33,70,903,5,31332,255,"mixta",18251,"particular","moto","diesel","H","gris","casado","anual",1,3,"basico","presencial",0,2,2,1,3.248,0,7.597,0,"fin_estudio",0,NA,0,"4","3"
2016,"21","5",1.901,0.1901,36,"35-65",16,162,2466,1,27084,140,"rural",11663,"particular","furgoneta","gasolina","M","otro","soltero","anual",1,1,"basico","presencial",1,0,0,0,0.555,1,4.136,0,"fin_estudio",2419.76,2419.76,1,"4","3"
2017,"21","5",8.213,0.8213,69,"65+",20,55,800,4,19805,506,"mixta",5763,"particular","furgoneta","diesel","H","blanco","casado","mensual",0,1,"medio","telematico",2,1,0,0,1.269,1,8.213,1,"baja",1960.57,980.28,1,"2","1"
2018,"21","5",0.749,0.0749,20,"18-25",2,55,856,13,30871,146,"rural",6384,"particular","turismo","diesel","H","rojo","casado","mensual",1,2,"medio","telematico",1,0,0,0,0.469,1,0.749,1,"baja",3859.38,3859.38,1,"3","3"
2019,"21","5",5.748,0.5748,20,"18-25",1,134,2100,11,27913,93,"rural",9545,"particular","furgoneta","diesel","M","otro","casado","mensual",0,2,"medio","presencial",0,2,3,0,5.748,0,5.748,1,"baja",0,NA,0,"2","1"
2020,"21","5",3.806,0.3806,70,"65+",34,68,1088,8,33107,65,"rural",8493,"particular","turismo","gasolina","H","negro","soltero","anual",0,1,"basico","telematico",0,0,0,0,3.806,0,3.806,1,"baja",0,NA,0,"1","1"
2021,"21","5",8.125,0.8125,24,"18-25",2,109,1399,7,25947,248,"mixta",10787,"particular","turismo","diesel","H","gris","casado","anual",0,1,"basico","presencial",1,4,3,0,0.494,1,10,0,"fin_estudio",2003.6,2003.6,1,"2","1"
2022,"21","5",3.796,0.3796,50,"35-65",17,107,1925,6,15664,57,"rural",9172,"particular","turismo","diesel","M","negro","soltero","anual",1,1,"basico","presencial",0,0,1,0,3.796,0,3.796,1,"baja",0,NA,0,"5","5"
2023,"21","5",4.275,0.4275,51,"35-65",16,121,1959,1,20737,307,"mixta",12663,"particular","turismo","diesel","M","negro","otro","anual",1,1,"medio","telematico",0,1,0,1,4.275,0,8.555,0,"fin_estudio",0,NA,0,"1","1"
2024,"21","5",0.845,0.0845,44,"35-65",22,150,1964,10,27734,210,"mixta",22498,"particular","turismo","gasolina","M","otro","otro","anual",1,2,"basico","presencial",0,0,0,0,0.845,0,0.845,1,"baja",0,NA,0,"2","2"
2025,"21","5",3.038,0.3038,65,"35-65",47,138,1902,9,36169,38,"rural",19422,"particular","turismo","diesel","M","gris","casado","anual",1,1,"medio","presencial",0,1,0,0,3.038,0,5.717,0,"fin_estudio",0,NA,0,"2","2"
2026,"21","5",0.561,0.0561,43,"35-65",15,121,1739,10,27265,91,"rural",21090,"particular","turismo","gasolina","M","negro","casado","mensual",0,1,"basico","presencial",0,1,0,0,0.561,0,0.561,1,"baja",0,NA,0,"1","1"
2027,"21","5",0.839,0.0839,35,"25-35",10,188,2744,17,17688,193,"mixta",12661,"comercial","moto","diesel","H","gris","casado","mensual",1,2,"basico","presencial",0,1,0,1,0.839,0,0.839,1,"baja",0,NA,0,"4","4"
2028,"21","5",3.717,0.3717,41,"35-65",15,127,2159,9,39452,43,"rural",8560,"particular","turismo","diesel","H","blanco","soltero","mensual",1,2,"basico","telefonico",0,0,0,1,3.717,0,5.249,0,"fin_estudio",0,NA,0,"1","1"
2029,"21","5",7.471,0.7471,55,"35-65",19,146,1987,0,35911,126,"rural",31041,"particular","turismo","diesel","H","otro","soltero","mensual",0,2,"basico","telematico",2,3,0,3,1.365,1,10,0,"fin_estudio",4267.59,2133.8,1,"3","2"
2030,"21","5",2.162,0.2162,43,"35-65",22,156,2554,9,24026,855,"mixta",26217,"particular","turismo","diesel","M","rojo","casado","anual",1,1,"medio","presencial",0,2,0,1,2.162,0,9.255,0,"fin_estudio",0,NA,0,"2","2"
2031,"21","5",1.278,0.1278,35,"25-35",13,80,1351,2,23645,128,"rural",10631,"particular","turismo","diesel","M","rojo","soltero","mensual",0,1,"basico","presencial",0,0,0,0,1.278,0,9.159,0,"fin_estudio",0,NA,0,"3","3"
2032,"21","5",1.098,0.1098,26,"25-35",5,104,1538,15,23263,50,"rural",12623,"particular","moto","diesel","M","blanco","soltero","anual",0,1,"superior","telematico",0,0,0,0,1.098,0,1.098,1,"baja",0,NA,0,"2","2"
2033,"21","5",5.526,0.5526,46,"35-65",11,67,908,21,18399,105,"rural",5529,"particular","furgoneta","diesel","H","blanco","casado","anual",0,1,"medio","presencial",0,0,0,0,5.526,0,10,0,"fin_estudio",0,NA,0,"1","1"
2034,"21","5",3.414,0.3414,51,"35-65",19,115,1594,2,18876,210,"mixta",13587,"particular","turismo","gasolina","M","otro","soltero","anual",0,1,"basico","telefonico",0,3,0,1,3.414,0,3.414,1,"baja",0,NA,0,"4","4"
2035,"21","5",1.982,0.1982,38,"35-65",16,108,1691,4,36763,101,"rural",7109,"particular","turismo","gasolina","M","otro","casado","anual",0,1,"superior","telefonico",0,1,1,0,1.982,0,10,0,"fin_estudio",0,NA,0,"3","3"
2036,"21","5",7.772,0.7772,58,"35-65",27,119,1650,9,30257,480,"mixta",7917,"particular","turismo","diesel","M","blanco","soltero","mensual",0,1,"basico","presencial",1,1,2,2,0.165,1,8.387,0,"fin_estudio",2569.9,2569.9,1,"1","1"
2037,"21","5",8.107,0.8107,47,"35-65",23,93,1247,3,46225,246,"mixta",9995,"comercial","turismo","diesel","M","negro","casado","anual",1,2,"medio","presencial",0,7,0,1,8.107,0,10,0,"fin_estudio",0,NA,0,"1","1"
2038,"21","5",8.562,0.8562,57,"35-65",15,78,1205,13,25802,543,"mixta",6219,"comercial","turismo","gasolina","H","rojo","soltero","mensual",0,2,"medio","presencial",3,1,0,0,3.665,1,10,0,"fin_estudio",2854.23,951.41,1,"1","2"
2039,"21","5",2.712,0.2712,29,"25-35",10,93,1483,5,31053,232,"mixta",9725,"particular","turismo","gasolina","H","otro","soltero","anual",1,2,"basico","telefonico",0,0,0,0,2.712,0,2.712,1,"baja",0,NA,0,"2","2"
2040,"21","5",5.494,0.5494,52,"35-65",22,172,2679,5,35921,427,"mixta",20704,"particular","turismo","diesel","H","blanco","soltero","mensual",0,1,"basico","telefonico",1,1,0,1,2.489,1,10,0,"fin_estudio",992.27,992.27,1,"2","1"
2041,"21","5",2.161,0.2161,41,"35-65",15,68,1076,10,33886,1428,"urbana",8088,"particular","turismo","gasolina","H","gris","otro","anual",0,1,"basico","telefonico",1,0,0,0,0.009,1,6.767,0,"fin_estudio",3439.1,3439.1,1,"3","3"
2042,"21","5",4.203,0.4203,41,"35-65",18,104,1853,12,20899,396,"mixta",5607,"particular","furgoneta","gasolina","H","rojo","casado","anual",0,1,"medio","telematico",0,3,0,1,4.203,0,6.177,0,"fin_estudio",0,NA,0,"1","1"
2043,"21","5",0.947,0.0947,64,"35-65",27,137,1665,9,24836,471,"mixta",14139,"comercial","moto","gasolina","M","gris","otro","mensual",1,1,"basico","telefonico",1,0,0,1,0.88,1,0.947,1,"baja",868.32,868.32,1,"5","5"
2044,"21","5",3.757,0.3757,68,"65+",23,126,1733,11,17367,1713,"urbana",20190,"comercial","turismo","diesel","M","blanco","soltero","mensual",0,3,"superior","telefonico",0,3,1,1,3.757,0,10,0,"fin_estudio",0,NA,0,"2","1"
2045,"21","5",7.918,0.7918,65,"35-65",17,135,1967,3,29119,212,"mixta",27621,"particular","turismo","diesel","H","gris","soltero","anual",0,1,"superior","telematico",1,3,0,1,6.725,1,10,0,"fin_estudio",752.54,752.54,1,"2","2"
2046,"21","5",1.831,0.1831,30,"25-35",5,101,1670,3,34344,334,"mixta",8120,"particular","turismo","diesel","M","rojo","casado","anual",1,2,"medio","telematico",0,0,0,0,1.831,0,1.831,1,"baja",0,NA,0,"1","1"
2047,"21","5",5.66,0.566,65,"35-65",27,118,1765,7,16394,427,"mixta",8217,"particular","turismo","gasolina","M","negro","casado","mensual",0,1,"medio","telematico",0,4,0,1,5.66,0,5.66,1,"baja",0,NA,0,"3","3"
2048,"21","5",3.506,0.3506,51,"35-65",25,87,1083,17,13289,59,"rural",12921,"particular","turismo","diesel","H","rojo","soltero","anual",0,1,"basico","presencial",0,2,0,0,3.506,0,10,0,"fin_estudio",0,NA,0,"1","1"
2049,"21","5",4.252,0.4252,80,"65+",59,59,800,7,31446,248,"mixta",24551,"particular","turismo","gasolina","H","blanco","casado","anual",0,2,"basico","presencial",1,6,0,0,1.602,1,5.7,0,"fin_estudio",3513.37,3513.37,1,"2","2"
2050,"21","5",9.981,0.9981,50,"35-65",32,161,2691,10,24944,1137,"urbana",9054,"particular","turismo","gasolina","M","negro","casado","anual",0,1,"medio","telefonico",0,2,0,1,9.981,0,10,0,"fin_estudio",0,NA,0,"3","3"
2051,"21","5",9.206,0.9206,30,"25-35",5,85,1324,8,18486,904,"mixta",15612,"particular","turismo","gasolina","M","gris","soltero","mensual",1,3,"medio","presencial",3,3,1,0,4.687,1,10,0,"fin_estudio",6385.63,2128.54,1,"4","3"
2052,"21","5",1.243,0.1243,41,"35-65",13,116,1644,11,22808,529,"mixta",9224,"particular","turismo","diesel","H","blanco","casado","mensual",1,1,"superior","presencial",0,0,0,0,1.243,0,6.448,0,"fin_estudio",0,NA,0,"4","3"
2053,"21","5",1.537,0.1537,34,"25-35",9,78,1299,4,10001,110,"rural",12486,"particular","turismo","diesel","M","otro","soltero","mensual",1,1,"medio","telefonico",0,0,0,0,1.537,0,1.537,1,"baja",0,NA,0,"3","2"
2054,"21","5",2.131,0.2131,37,"35-65",12,91,1495,13,16861,98,"rural",12490,"particular","turismo","diesel","M","rojo","casado","mensual",0,1,"medio","telefonico",0,3,0,1,2.131,0,10,0,"fin_estudio",0,NA,0,"5","4"
2055,"21","5",3.559,0.3559,42,"35-65",16,82,1046,2,25371,1032,"urbana",10344,"particular","turismo","diesel","H","rojo","casado","anual",1,2,"medio","presencial",0,2,0,0,3.559,0,9.975,0,"fin_estudio",0,NA,0,"1","1"
2056,"21","5",5.839,0.5839,18,"18-25",0,94,1427,9,33055,805,"mixta",13250,"particular","turismo","gasolina","M","rojo","casado","anual",0,1,"medio","presencial",0,1,0,1,5.839,0,10,0,"fin_estudio",0,NA,0,"1","1"
2057,"21","5",2.801,0.2801,23,"18-25",3,110,1392,10,23675,154,"mixta",19227,"particular","turismo","diesel","M","rojo","casado","anual",0,1,"basico","presencial",0,2,0,0,2.801,0,2.801,1,"baja",0,NA,0,"1","1"
2058,"21","5",1.975,0.1975,42,"35-65",13,135,1722,6,15701,257,"mixta",4603,"particular","turismo","gasolina","H","otro","soltero","anual",0,1,"basico","presencial",0,0,0,0,1.975,0,4.863,0,"fin_estudio",0,NA,0,"1","1"
2059,"21","5",5.215,0.5215,18,"18-25",0,102,1585,9,28015,4338,"urbana",11100,"particular","turismo","diesel","M","rojo","soltero","mensual",0,1,"medio","presencial",1,2,0,0,3.381,1,10,0,"fin_estudio",9494.85,9494.85,1,"1","1"
2060,"21","5",0.984,0.0984,48,"35-65",29,177,2592,10,20623,68,"rural",13127,"particular","turismo","diesel","M","gris","casado","mensual",1,1,"medio","presencial",0,0,0,0,0.984,0,0.984,1,"baja",0,NA,0,"2","2"
2061,"21","5",0.735,0.0735,37,"35-65",16,96,1478,0,25739,1297,"urbana",16963,"comercial","turismo","diesel","M","rojo","casado","anual",0,2,"medio","telefonico",0,1,0,0,0.735,0,0.735,1,"baja",0,NA,0,"5","5"
2062,"21","5",6.137,0.6137,36,"35-65",15,55,870,5,26884,405,"mixta",13920,"particular","turismo","diesel","H","rojo","soltero","mensual",0,1,"basico","presencial",0,2,1,0,6.137,0,6.137,1,"baja",0,NA,0,"1","1"
2063,"21","5",1.223,0.1223,74,"65+",55,149,2332,6,9480,451,"mixta",8171,"comercial","turismo","gasolina","M","blanco","soltero","anual",0,2,"basico","telematico",0,0,0,0,1.223,0,2.485,0,"fin_estudio",0,NA,0,"2","1"
2064,"21","5",6.572,0.6572,44,"35-65",11,144,2261,9,26918,74,"rural",20197,"particular","turismo","diesel","M","rojo","soltero","anual",0,2,"superior","presencial",0,6,2,2,6.572,0,10,0,"fin_estudio",0,NA,0,"1","1"
2065,"22","5",3.914,0.3914,32,"25-35",8,128,1660,10,23370,165,"mixta",21703,"particular","turismo","diesel","M","otro","soltero","anual",0,1,"basico","presencial",0,1,0,1,3.914,0,3.947,0,"fin_estudio",0,NA,0,"2","1"
2066,"22","5",3.762,0.3762,18,"18-25",0,77,1264,7,5927,765,"mixta",11472,"particular","turismo","gasolina","H","negro","soltero","anual",0,2,"medio","presencial",0,2,0,3,3.762,0,10,0,"fin_estudio",0,NA,0,"1","1"
2067,"22","5",0.539,0.0539,29,"25-35",4,152,2457,3,14542,191,"mixta",11122,"comercial","turismo","diesel","M","blanco","casado","anual",1,2,"medio","presencial",0,0,0,0,0.539,0,0.539,1,"baja",0,NA,0,"2","2"
2068,"22","5",0.1,0.01,44,"35-65",25,82,1185,5,19107,600,"mixta",8014,"particular","furgoneta","gasolina","H","blanco","soltero","mensual",0,1,"basico","presencial",0,0,0,0,0.1,0,0.079,1,"baja",0,NA,0,"1","1"
2069,"22","5",7.659,0.7659,47,"35-65",19,108,1425,4,22855,219,"mixta",7009,"particular","turismo","diesel","H","negro","casado","anual",1,2,"superior","telematico",1,0,4,0,2.734,1,7.659,1,"baja",1091.46,1091.46,1,"1","1"
2070,"22","5",2.538,0.2538,62,"35-65",41,95,1646,6,16165,106,"rural",14880,"particular","turismo","diesel","H","blanco","casado","anual",0,2,"superior","telematico",0,1,0,1,2.538,0,2.538,1,"baja",0,NA,0,"4","4"
2071,"22","5",2.16,0.216,36,"35-65",8,176,3022,14,40883,42,"rural",12666,"particular","turismo","gasolina","M","otro","casado","mensual",0,3,"medio","presencial",0,0,2,0,2.16,0,2.16,1,"baja",0,NA,0,"2","2"
2072,"22","5",4.371,0.4371,33,"25-35",8,156,2153,10,41645,139,"rural",16309,"particular","moto","gasolina","H","rojo","soltero","anual",0,3,"basico","presencial",0,0,1,1,4.371,0,10,0,"fin_estudio",0,NA,0,"2","2"
2073,"22","5",1.798,0.1798,62,"35-65",23,148,1887,10,29960,701,"mixta",16570,"particular","turismo","gasolina","H","rojo","casado","anual",0,1,"basico","presencial",0,0,0,1,1.798,0,5.81,0,"fin_estudio",0,NA,0,"3","2"
2074,"22","5",3.471,0.3471,49,"35-65",24,153,2676,0,24279,707,"mixta",8953,"particular","turismo","gasolina","M","blanco","otro","mensual",1,1,"basico","presencial",0,0,0,1,3.471,0,3.471,1,"baja",0,NA,0,"1","1"
2075,"22","5",3.608,0.3608,29,"25-35",7,94,1394,0,35437,281,"mixta",8875,"particular","turismo","gasolina","H","negro","casado","anual",0,1,"basico","presencial",0,0,0,3,3.608,0,3.608,1,"baja",0,NA,0,"3","3"
2076,"22","5",7.629,0.7629,59,"35-65",32,123,1598,7,22435,335,"mixta",24978,"particular","furgoneta","gasolina","M","negro","soltero","anual",0,2,"basico","telefonico",0,7,0,3,7.629,0,10,0,"fin_estudio",0,NA,0,"1","1"
2077,"22","5",7.769,0.7769,38,"35-65",10,120,1963,10,31138,370,"mixta",11138,"particular","moto","diesel","M","gris","casado","mensual",0,1,"medio","telefonico",2,4,0,0,2.362,1,10,0,"fin_estudio",6565.21,3282.6,1,"3","3"
2078,"22","5",2.82,0.282,55,"35-65",24,113,1361,3,21204,287,"mixta",41532,"particular","turismo","diesel","M","gris","casado","anual",0,1,"basico","presencial",0,4,0,0,2.82,0,10,0,"fin_estudio",0,NA,0,"2","1"
2079,"22","5",8.113,0.8113,44,"35-65",15,134,2326,7,36246,816,"mixta",16192,"particular","turismo","diesel","M","gris","casado","anual",0,2,"basico","telefonico",2,6,2,1,0.15,1,10,0,"fin_estudio",7307.87,3653.94,1,"1","1"
2080,"22","5",1.196,0.1196,58,"35-65",33,68,976,6,26654,1568,"urbana",18183,"particular","turismo","diesel","M","blanco","soltero","mensual",0,1,"basico","telefonico",0,1,0,0,1.196,0,1.196,1,"baja",0,NA,0,"1","1"
2081,"22","5",6.983,0.6983,18,"18-25",0,93,1522,4,24849,625,"mixta",12615,"particular","furgoneta","diesel","H","negro","casado","mensual",0,1,"superior","telefonico",10,3,0,1,1.154,1,10,0,"fin_estudio",23002.2,2300.22,1,"5","5"
2082,"22","5",1.803,0.1803,79,"65+",30,88,1347,11,17962,1140,"urbana",14435,"particular","moto","diesel","H","rojo","otro","mensual",1,1,"superior","telematico",0,0,0,1,1.803,0,1.803,1,"baja",0,NA,0,"2","1"
2083,"22","5",4.087,0.4087,25,"18-25",7,56,950,4,15296,620,"mixta",13416,"particular","turismo","diesel","H","rojo","casado","anual",1,2,"superior","presencial",7,3,0,1,0.078,1,10,0,"fin_estudio",6139.54,877.08,1,"5","4"
2084,"22","5",4.739,0.4739,48,"35-65",26,55,881,7,19558,318,"mixta",8264,"particular","furgoneta","gasolina","H","otro","soltero","mensual",0,1,"basico","presencial",0,1,0,0,4.739,0,10,0,"fin_estudio",0,NA,0,"2","1"
2085,"22","5",2.129,0.2129,54,"35-65",33,111,1516,6,25975,125,"rural",24623,"particular","turismo","diesel","M","rojo","casado","anual",0,1,"medio","presencial",0,1,0,0,2.129,0,2.154,0,"fin_estudio",0,NA,0,"2","2"
2086,"22","5",3.42,0.342,38,"35-65",12,113,1779,12,27896,90,"rural",5542,"comercial","moto","gasolina","H","negro","casado","mensual",1,1,"medio","telefonico",0,1,0,0,3.42,0,4.105,0,"fin_estudio",0,NA,0,"4","3"
2087,"22","5",7.902,0.7902,19,"18-25",1,100,1278,10,23756,84,"rural",23644,"particular","furgoneta","gasolina","H","negro","casado","mensual",0,3,"superior","telematico",3,5,0,2,1.945,1,10,0,"fin_estudio",3391.62,1130.54,1,"5","5"
2088,"22","5",1.092,0.1092,28,"25-35",9,205,3529,15,26978,330,"mixta",20862,"particular","moto","diesel","H","rojo","casado","anual",1,1,"basico","presencial",0,0,0,0,1.092,0,1.092,1,"baja",0,NA,0,"4","3"
2089,"22","5",2.424,0.2424,18,"18-25",0,97,1417,9,21819,10932,"urbana",11663,"comercial","turismo","gasolina","H","blanco","casado","anual",0,2,"medio","presencial",1,2,0,1,2.128,1,2.424,1,"baja",6125.1,6125.1,1,"2","3"
2090,"22","5",8.657,0.8657,64,"35-65",46,103,1836,11,21215,54,"rural",20677,"particular","turismo","gasolina","M","otro","soltero","mensual",0,1,"medio","presencial",0,3,0,0,8.657,0,10,0,"fin_estudio",0,NA,0,"1","1"
2091,"22","5",4.86,0.486,70,"65+",50,68,894,16,5666,651,"mixta",18092,"comercial","furgoneta","gasolina","M","rojo","casado","anual",0,1,"medio","telefonico",0,7,0,3,4.86,0,4.86,1,"baja",0,NA,0,"1","1"
2092,"22","5",6.949,0.6949,48,"35-65",12,122,1843,9,23039,48,"rural",12267,"particular","turismo","gasolina","M","otro","casado","mensual",0,1,"basico","presencial",1,2,0,1,6.287,1,10,0,"fin_estudio",455.62,455.62,1,"1","2"
2093,"22","5",4.238,0.4238,58,"35-65",23,77,1125,8,28149,45,"rural",9161,"particular","turismo","gasolina","H","otro","casado","mensual",0,2,"medio","telefonico",0,1,0,2,4.238,0,4.714,0,"fin_estudio",0,NA,0,"2","2"
2094,"22","5",6.39,0.639,44,"35-65",15,70,842,0,24094,439,"mixta",16392,"particular","turismo","diesel","H","gris","soltero","anual",0,1,"medio","presencial",0,0,2,0,6.39,0,10,0,"fin_estudio",0,NA,0,"1","1"
2095,"22","5",4.839,0.4839,23,"18-25",4,191,2888,10,35123,174,"mixta",8037,"particular","turismo","diesel","H","blanco","otro","mensual",1,1,"superior","telematico",0,2,1,0,4.839,0,10,0,"fin_estudio",0,NA,0,"1","1"
2096,"22","5",1.174,0.1174,42,"35-65",22,106,1623,9,19571,154,"mixta",7536,"particular","turismo","gasolina","M","otro","soltero","anual",0,1,"medio","presencial",0,0,0,0,1.174,0,1.174,1,"baja",0,NA,0,"2","2"
2097,"22","5",5.127,0.5127,19,"18-25",0,122,1864,9,12501,301,"mixta",15314,"particular","turismo","diesel","M","negro","casado","mensual",0,1,"medio","presencial",1,2,0,0,1.131,1,5.261,0,"fin_estudio",193.16,193.16,1,"4","4"
2098,"22","5",1.146,0.1146,34,"25-35",11,55,800,7,14427,273,"mixta",22647,"comercial","furgoneta","diesel","H","otro","soltero","anual",1,1,"medio","telematico",0,0,0,0,1.146,0,1.146,1,"baja",0,NA,0,"4","3"
2099,"22","5",4.02,0.402,64,"35-65",42,76,1184,17,1500,255,"mixta",9365,"particular","furgoneta","gasolina","H","negro","casado","anual",0,1,"superior","telematico",0,1,1,1,4.02,0,6.829,0,"fin_estudio",0,NA,0,"1","1"
2100,"22","5",1.304,0.1304,37,"35-65",11,117,2002,3,38066,682,"mixta",19732,"particular","furgoneta","diesel","M","blanco","soltero","anual",1,2,"basico","presencial",0,0,0,0,1.304,0,3.116,0,"fin_estudio",0,NA,0,"3","2"
2101,"22","5",4.127,0.4127,44,"35-65",22,80,1204,8,24557,227,"mixta",14767,"particular","turismo","diesel","M","negro","soltero","mensual",0,2,"basico","presencial",0,0,0,1,4.127,0,4.127,1,"baja",0,NA,0,"1","1"
2102,"22","5",4.922,0.4922,74,"65+",37,149,2324,15,19033,2391,"urbana",12844,"particular","turismo","diesel","H","rojo","soltero","anual",1,2,"basico","presencial",1,1,0,1,2.705,1,10,0,"fin_estudio",3271.43,3271.43,1,"2","2"
2103,"22","5",3.691,0.3691,31,"25-35",5,119,1493,4,29645,129,"rural",22131,"particular","turismo","diesel","M","rojo","casado","mensual",1,2,"basico","presencial",0,4,0,0,3.691,0,3.797,0,"fin_estudio",0,NA,0,"4","3"
2104,"22","5",2.593,0.2593,43,"35-65",17,62,938,14,20596,127,"rural",10382,"particular","turismo","diesel","M","blanco","soltero","anual",0,3,"basico","presencial",0,0,0,1,2.593,0,2.593,1,"baja",0,NA,0,"2","1"
2105,"22","5",3.856,0.3856,56,"35-65",23,103,1724,8,27918,60,"rural",7155,"comercial","furgoneta","gasolina","M","negro","casado","anual",0,1,"superior","telematico",0,2,0,1,3.856,0,3.856,1,"baja",0,NA,0,"1","1"
2106,"22","5",6.714,0.6714,20,"18-25",1,117,1932,9,12473,564,"mixta",15529,"particular","furgoneta","diesel","M","negro","otro","anual",0,1,"superior","presencial",0,8,0,4,6.714,0,10,0,"fin_estudio",0,NA,0,"1","1"
2107,"22","5",7.478,0.7478,18,"18-25",0,65,1152,12,13789,111,"rural",7911,"particular","turismo","diesel","H","gris","casado","anual",1,1,"medio","presencial",0,1,0,2,7.478,0,10,0,"fin_estudio",0,NA,0,"1","1"
2108,"22","5",1.443,0.1443,52,"35-65",27,138,1792,15,40129,406,"mixta",28758,"particular","furgoneta","gasolina","M","negro","casado","anual",1,1,"basico","telefonico",1,2,0,0,0.516,1,1.443,1,"baja",810.27,810.27,1,"2","2"
2109,"22","5",8.973,0.8973,53,"35-65",17,71,912,0,19348,33,"rural",5538,"particular","turismo","gasolina","M","rojo","soltero","anual",0,2,"basico","telematico",0,5,0,0,8.973,0,10,0,"fin_estudio",0,NA,0,"1","1"
2110,"22","5",3.305,0.3305,39,"35-65",9,157,2817,14,22088,373,"mixta",16726,"particular","turismo","gasolina","H","rojo","casado","anual",0,2,"medio","telematico",0,1,0,0,3.305,0,10,0,"fin_estudio",0,NA,0,"1","1"
2111,"22","5",4.94,0.494,46,"35-65",27,55,800,3,8363,1874,"urbana",5647,"comercial","furgoneta","diesel","H","rojo","soltero","anual",0,1,"superior","telefonico",1,2,0,3,1.35,1,4.94,1,"baja",490.59,490.59,1,"1","1"
2112,"22","5",3.844,0.3844,64,"35-65",21,145,2188,14,17411,399,"mixta",8126,"particular","turismo","diesel","M","otro","soltero","anual",1,2,"basico","telematico",1,1,0,0,2.903,1,10,0,"fin_estudio",401.85,401.85,1,"4","3"
2113,"22","5",8.408,0.8408,55,"35-65",34,118,1964,3,32156,1018,"urbana",22255,"particular","turismo","gasolina","H","gris","soltero","anual",0,1,"medio","presencial",0,5,0,2,8.408,0,8.408,1,"baja",0,NA,0,"1","1"
2114,"22","5",6.945,0.6945,18,"18-25",0,147,2499,6,40262,111,"rural",8465,"particular","turismo","gasolina","H","otro","otro","anual",0,2,"medio","presencial",3,2,0,2,4.048,1,9.689,0,"fin_estudio",9471.18,3157.06,1,"4","3"
2115,"22","5",3.373,0.3373,32,"25-35",6,176,2355,12,16151,134,"rural",7605,"particular","turismo","gasolina","M","negro","soltero","mensual",1,1,"basico","telematico",1,1,0,0,1.082,1,10,0,"fin_estudio",2042.58,2042.58,1,"1","1"
2116,"22","5",7.283,0.7283,46,"35-65",14,78,1254,4,30111,2058,"urbana",7797,"particular","moto","gasolina","H","otro","casado","anual",0,1,"medio","telematico",0,1,0,3,7.283,0,10,0,"fin_estudio",0,NA,0,"2","2"
2117,"22","5",1.301,0.1301,27,"25-35",6,60,920,3,14021,369,"mixta",12017,"particular","turismo","diesel","M","gris","otro","anual",0,1,"basico","telematico",0,0,0,0,1.301,0,10,0,"fin_estudio",0,NA,0,"3","3"
2118,"22","5",7.388,0.7388,35,"25-35",12,133,1907,14,33415,1035,"urbana",19465,"particular","turismo","diesel","M","otro","casado","anual",0,2,"medio","presencial",9,5,0,1,0.416,1,10,0,"fin_estudio",20608.33,2289.81,1,"3","2"
2119,"22","5",2.006,0.2006,75,"65+",29,88,1086,7,30732,353,"mixta",21377,"particular","turismo","diesel","H","rojo","casado","anual",1,2,"basico","presencial",0,0,1,1,2.006,0,2.251,0,"fin_estudio",0,NA,0,"2","2"
2120,"22","5",3.398,0.3398,64,"35-65",46,77,1322,8,21089,1053,"urbana",7307,"particular","turismo","gasolina","H","otro","casado","mensual",0,1,"basico","presencial",1,0,0,2,1.907,1,10,0,"fin_estudio",474.68,474.68,1,"5","4"
2121,"22","5",8.852,0.8852,57,"35-65",19,143,2414,2,1500,457,"mixta",7752,"particular","turismo","diesel","H","negro","casado","mensual",0,1,"medio","presencial",1,2,3,3,7.266,1,10,0,"fin_estudio",606.78,606.78,1,"2","2"
2122,"22","5",4.06,0.406,41,"35-65",13,68,965,12,6345,2775,"urbana",5383,"particular","moto","gasolina","H","blanco","casado","anual",0,1,"medio","presencial",2,1,0,0,1.449,1,5.121,0,"fin_estudio",780.41,390.2,1,"3","3"
2123,"22","5",9.766,0.9766,60,"35-65",29,127,2207,15,13398,505,"mixta",6515,"particular","moto","gasolina","M","gris","casado","anual",1,1,"superior","presencial",1,1,0,2,4.586,1,10,0,"fin_estudio",4528.14,4528.14,1,"1","1"
2124,"22","5",8.98,0.898,65,"35-65",35,63,1044,12,25509,631,"mixta",13099,"particular","turismo","gasolina","M","blanco","otro","mensual",0,1,"superior","presencial",0,3,0,4,8.98,0,10,0,"fin_estudio",0,NA,0,"1","1"
2125,"22","5",4.156,0.4156,57,"35-65",17,90,1290,6,15591,31,"rural",11170,"particular","turismo","diesel","M","rojo","casado","mensual",0,2,"basico","presencial",0,1,0,0,4.156,0,4.295,0,"fin_estudio",0,NA,0,"2","1"
2126,"22","5",2.027,0.2027,51,"35-65",12,59,800,16,21490,372,"mixta",18972,"particular","turismo","diesel","M","blanco","casado","mensual",0,1,"basico","presencial",0,0,0,0,2.027,0,9.619,0,"fin_estudio",0,NA,0,"1","1"
2127,"22","5",6.12,0.612,56,"35-65",27,181,2308,5,26982,407,"mixta",8933,"particular","turismo","diesel","M","blanco","casado","mensual",0,1,"basico","telefonico",4,0,0,2,1.14,1,10,0,"fin_estudio",7662.92,1915.73,1,"4","3"
2128,"22","5",2.644,0.2644,36,"35-65",13,95,1685,4,14933,80,"rural",14866,"particular","turismo","diesel","M","blanco","casado","anual",0,1,"basico","presencial",0,4,0,0,2.644,0,10,0,"fin_estudio",0,NA,0,"1","1"
2129,"22","5",2.66,0.266,39,"35-65",20,89,1286,6,25528,429,"mixta",11766,"particular","turismo","gasolina","M","gris","soltero","anual",0,1,"superior","telefonico",0,0,0,0,2.66,0,2.66,1,"baja",0,NA,0,"1","1"
2130,"22","5",6.433,0.6433,67,"65+",44,67,1182,4,19612,240,"mixta",8006,"particular","moto","diesel","H","blanco","casado","anual",1,2,"medio","telefonico",0,0,0,1,6.433,0,10,0,"fin_estudio",0,NA,0,"1","1"
2131,"22","5",7.601,0.7601,56,"35-65",29,149,2154,7,37343,1083,"urbana",10434,"particular","turismo","gasolina","M","rojo","casado","anual",1,1,"basico","presencial",0,4,1,1,7.601,0,10,0,"fin_estudio",0,NA,0,"1","1"
2132,"22","5",2.606,0.2606,58,"35-65",23,55,817,7,23694,77,"rural",13740,"particular","turismo","gasolina","H","otro","casado","mensual",1,1,"basico","presencial",0,1,0,0,2.606,0,6.353,0,"fin_estudio",0,NA,0,"1","1"
2133,"22","5",1.685,0.1685,51,"35-65",32,88,1354,7,17244,321,"mixta",7120,"particular","turismo","gasolina","M","blanco","casado","mensual",0,1,"superior","telefonico",0,1,0,0,1.685,0,9.374,0,"fin_estudio",0,NA,0,"2","2"
2134,"22","5",1.709,0.1709,68,"65+",31,137,2022,2,24156,458,"mixta",8695,"particular","turismo","diesel","H","blanco","casado","mensual",0,1,"medio","presencial",0,0,0,0,1.709,0,1.709,1,"baja",0,NA,0,"4","4"
2135,"22","5",7.26,0.726,45,"35-65",12,143,1951,3,22244,98,"rural",12368,"particular","turismo","diesel","H","blanco","casado","mensual",0,2,"medio","presencial",3,2,0,0,0.588,1,9.686,0,"fin_estudio",4276.58,1425.53,1,"5","5"
2136,"22","5",0.613,0.0613,38,"35-65",15,72,966,2,23668,788,"mixta",14113,"particular","turismo","diesel","H","blanco","soltero","anual",1,1,"superior","presencial",0,0,0,1,0.613,0,0.613,1,"baja",0,NA,0,"3","3"
2137,"22","5",1.127,0.1127,69,"65+",37,64,943,19,32984,158,"mixta",6213,"particular","turismo","gasolina","M","blanco","casado","anual",0,1,"medio","presencial",0,1,0,0,1.127,0,10,0,"fin_estudio",0,NA,0,"2","2"
2138,"22","5",3.037,0.3037,24,"18-25",3,140,1820,11,38778,384,"mixta",8455,"particular","turismo","diesel","M","rojo","soltero","mensual",0,1,"superior","presencial",0,1,0,0,3.037,0,3.988,0,"fin_estudio",0,NA,0,"2","2"
2139,"22","5",8.424,0.8424,53,"35-65",16,107,1386,13,31728,354,"mixta",11109,"particular","turismo","diesel","H","blanco","otro","mensual",0,1,"superior","presencial",1,5,1,1,4.11,1,10,0,"fin_estudio",1236.12,1236.12,1,"1","1"
2140,"22","5",6.659,0.6659,45,"35-65",27,101,1561,6,28318,76,"rural",20680,"particular","turismo","diesel","M","rojo","soltero","anual",1,1,"basico","presencial",0,7,0,0,6.659,0,6.659,1,"baja",0,NA,0,"1","1"
2141,"22","5",6.554,0.6554,18,"18-25",0,165,2184,10,15061,2172,"urbana",19743,"particular","turismo","gasolina","M","negro","soltero","anual",0,3,"basico","presencial",3,5,1,2,0.404,1,6.554,1,"baja",5249.08,1749.69,1,"4","3"
2142,"22","5",2.565,0.2565,46,"35-65",24,70,1157,13,11359,65,"rural",18609,"particular","turismo","diesel","H","rojo","casado","anual",0,2,"basico","presencial",0,1,0,0,2.565,0,2.565,1,"baja",0,NA,0,"2","1"
2143,"22","5",0.212,0.0212,26,"25-35",3,120,1582,0,39296,186,"mixta",4945,"particular","turismo","diesel","H","gris","casado","anual",0,2,"basico","telefonico",0,0,0,0,0.212,0,0.212,1,"baja",0,NA,0,"5","5"
2144,"22","5",5.194,0.5194,42,"35-65",18,111,1463,9,41455,107,"rural",7457,"particular","turismo","gasolina","H","gris","soltero","mensual",0,1,"medio","presencial",0,2,1,2,5.194,0,7.827,0,"fin_estudio",0,NA,0,"1","1"
2145,"22","5",1.579,0.1579,41,"35-65",19,116,1763,8,21967,258,"mixta",13028,"particular","turismo","diesel","M","otro","casado","anual",0,1,"medio","telefonico",0,3,0,1,1.579,0,7.792,0,"fin_estudio",0,NA,0,"2","2"
2146,"22","5",7.234,0.7234,34,"25-35",11,159,2071,0,17861,327,"mixta",8311,"particular","moto","diesel","H","blanco","casado","mensual",0,1,"medio","presencial",4,5,0,0,0.467,1,10,0,"fin_estudio",4911.02,1227.76,1,"5","5"
2147,"22","5",3.174,0.3174,51,"35-65",33,64,1076,2,14206,1689,"urbana",14250,"particular","turismo","diesel","M","gris","soltero","mensual",0,3,"medio","telematico",1,1,0,0,0.133,1,10,0,"fin_estudio",3073.36,3073.36,1,"1","1"
2148,"22","5",5.957,0.5957,38,"35-65",10,134,2002,9,17768,248,"mixta",8677,"comercial","turismo","diesel","M","blanco","casado","mensual",0,1,"basico","presencial",1,3,1,1,0.422,1,5.957,1,"baja",389.63,389.63,1,"1","1"
2149,"22","5",6.691,0.6691,58,"35-65",23,102,1638,4,25950,440,"mixta",10611,"particular","turismo","diesel","H","blanco","casado","mensual",1,2,"basico","presencial",0,3,0,0,6.691,0,10,0,"fin_estudio",0,NA,0,"2","1"
2150,"22","5",5.272,0.5272,59,"35-65",21,94,1595,7,25787,309,"mixta",9739,"particular","turismo","gasolina","H","negro","casado","mensual",0,1,"superior","presencial",1,2,0,1,0.336,1,5.842,0,"fin_estudio",727.43,727.43,1,"3","3"
2151,"22","5",1.673,0.1673,40,"35-65",10,163,2724,6,36268,1052,"urbana",8141,"particular","furgoneta","gasolina","H","gris","casado","mensual",1,1,"basico","presencial",0,2,0,1,1.673,0,1.673,1,"baja",0,NA,0,"3","2"
2152,"22","5",4.196,0.4196,39,"35-65",16,138,2083,16,24544,222,"mixta",7786,"particular","moto","diesel","H","gris","casado","anual",0,1,"medio","telefonico",0,1,0,1,4.196,0,4.196,1,"baja",0,NA,0,"1","1"
2153,"22","5",4.098,0.4098,59,"35-65",32,147,1803,9,31429,473,"mixta",9131,"particular","turismo","diesel","M","rojo","soltero","anual",0,3,"basico","telefonico",0,2,1,0,4.098,0,4.098,1,"baja",0,NA,0,"1","1"
2154,"22","5",7.867,0.7867,48,"35-65",14,190,2927,15,25295,280,"mixta",17949,"particular","turismo","diesel","H","rojo","soltero","anual",1,2,"medio","presencial",0,3,0,1,7.867,0,7.867,1,"baja",0,NA,0,"1","1"
2155,"22","5",2.299,0.2299,34,"25-35",12,142,1711,14,34405,65,"rural",8425,"particular","moto","diesel","H","otro","soltero","anual",0,2,"basico","telematico",1,1,1,0,1.386,1,2.299,1,"baja",2050.84,2050.84,1,"2","1"
2156,"22","5",3.268,0.3268,57,"35-65",30,96,1683,12,20476,358,"mixta",20236,"particular","turismo","gasolina","H","negro","casado","anual",1,1,"basico","presencial",0,3,0,0,3.268,0,3.268,1,"baja",0,NA,0,"1","1"
2157,"22","5",2.987,0.2987,20,"18-25",1,55,800,4,27779,824,"mixta",4302,"particular","turismo","gasolina","M","rojo","soltero","anual",0,1,"basico","telefonico",0,1,0,0,2.987,0,10,0,"fin_estudio",0,NA,0,"2","1"
2158,"22","5",3.272,0.3272,44,"35-65",14,105,1744,14,20300,84,"rural",7942,"particular","turismo","gasolina","H","blanco","otro","mensual",1,1,"basico","telefonico",0,2,0,0,3.272,0,3.272,1,"baja",0,NA,0,"3","3"
2159,"22","5",5.512,0.5512,62,"35-65",27,132,2099,11,35209,78,"rural",12148,"particular","turismo","diesel","M","rojo","casado","mensual",0,1,"medio","telefonico",1,3,0,0,2.46,1,10,0,"fin_estudio",1888.86,1888.86,1,"2","1"
2160,"22","5",4.22,0.422,51,"35-65",30,58,800,8,15541,2666,"urbana",13146,"particular","turismo","gasolina","M","gris","soltero","anual",1,3,"superior","telefonico",0,0,0,1,4.22,0,4.22,1,"baja",0,NA,0,"1","1"
2161,"22","5",4.043,0.4043,31,"25-35",5,117,1688,12,21520,59,"rural",6891,"particular","turismo","diesel","M","otro","casado","anual",1,1,"basico","telefonico",0,2,0,0,4.043,0,5.544,0,"fin_estudio",0,NA,0,"4","3"
2162,"22","5",1.773,0.1773,44,"35-65",24,121,1576,7,24137,235,"mixta",12383,"particular","furgoneta","gasolina","H","otro","casado","mensual",1,2,"medio","telefonico",0,1,0,0,1.773,0,9.936,0,"fin_estudio",0,NA,0,"3","2"
2163,"22","5",1.806,0.1806,33,"25-35",10,102,1648,11,27618,654,"mixta",45404,"particular","turismo","diesel","H","gris","casado","anual",1,2,"basico","presencial",2,0,3,1,0.342,1,2.069,0,"fin_estudio",5908.59,2954.3,1,"5","5"
2164,"22","5",2.566,0.2566,56,"35-65",26,110,1937,13,22363,436,"mixta",30412,"particular","turismo","gasolina","H","otro","casado","anual",0,1,"superior","presencial",0,3,0,1,2.566,0,2.566,1,"baja",0,NA,0,"3","3"
2165,"22","5",3.962,0.3962,51,"35-65",16,102,1466,13,35005,127,"rural",5551,"particular","turismo","diesel","M","blanco","soltero","mensual",0,2,"basico","presencial",0,1,1,0,3.962,0,10,0,"fin_estudio",0,NA,0,"3","2"
2166,"22","5",3.06,0.306,35,"25-35",16,141,2016,10,27670,1098,"urbana",12498,"comercial","moto","gasolina","H","rojo","casado","mensual",1,1,"basico","telefonico",0,1,0,0,3.06,0,10,0,"fin_estudio",0,NA,0,"1","1"
2167,"22","5",4.636,0.4636,37,"35-65",17,114,1419,13,23190,452,"mixta",7068,"particular","turismo","gasolina","H","rojo","casado","mensual",1,2,"basico","telefonico",0,2,0,0,4.636,0,10,0,"fin_estudio",0,NA,0,"1","1"
2168,"22","5",5.763,0.5763,71,"65+",38,55,800,5,19564,133,"rural",12084,"particular","turismo","gasolina","M","blanco","soltero","anual",0,1,"medio","presencial",0,6,0,2,5.763,0,10,0,"fin_estudio",0,NA,0,"3","3"
2169,"22","5",6.13,0.613,26,"25-35",7,89,1249,10,26988,376,"mixta",13216,"particular","turismo","gasolina","H","gris","casado","mensual",1,1,"medio","presencial",0,1,0,0,6.13,0,6.13,1,"baja",0,NA,0,"1","1"
2170,"22","5",0.438,0.0438,49,"35-65",13,76,1065,9,15094,568,"mixta",25891,"particular","furgoneta","diesel","M","blanco","casado","mensual",1,1,"superior","telefonico",0,0,0,0,0.438,0,0.438,1,"baja",0,NA,0,"1","1"
2171,"22","5",3.965,0.3965,60,"35-65",32,111,1788,5,50267,3067,"urbana",13573,"particular","turismo","gasolina","H","negro","soltero","anual",0,2,"basico","presencial",1,3,0,1,2.469,1,10,0,"fin_estudio",4877,4877,1,"4","3"
2172,"22","5",2.329,0.2329,38,"35-65",9,88,1373,15,22249,1260,"urbana",12953,"particular","turismo","gasolina","M","rojo","casado","mensual",1,2,"medio","presencial",3,1,0,0,1.016,1,6.339,0,"fin_estudio",3703.53,1234.51,1,"5","5"
2173,"23","5",1.808,0.1808,51,"35-65",29,103,1689,12,33159,691,"mixta",6572,"comercial","turismo","gasolina","M","otro","soltero","anual",0,2,"medio","telematico",0,0,0,1,1.808,0,4.183,0,"fin_estudio",0,NA,0,"2","2"
2174,"23","5",3.846,0.3846,57,"35-65",15,168,2215,9,27324,285,"mixta",6484,"particular","turismo","diesel","H","gris","casado","anual",1,1,"basico","telematico",0,1,0,2,3.846,0,6.758,0,"fin_estudio",0,NA,0,"1","1"
2175,"23","5",2.134,0.2134,44,"35-65",18,58,800,12,15314,207,"mixta",7785,"particular","turismo","gasolina","M","negro","casado","anual",0,2,"medio","presencial",0,0,0,0,2.134,0,10,0,"fin_estudio",0,NA,0,"2","2"
2176,"23","5",7.307,0.7307,43,"35-65",20,90,1388,5,4769,142,"rural",17165,"particular","turismo","gasolina","M","negro","soltero","mensual",0,1,"medio","telefonico",0,1,0,1,7.307,0,10,0,"fin_estudio",0,NA,0,"1","1"
2177,"23","5",0.735,0.0735,68,"65+",21,115,1418,12,17253,176,"mixta",29584,"particular","turismo","gasolina","H","blanco","otro","anual",1,1,"basico","telefonico",0,0,0,1,0.735,0,0.735,1,"baja",0,NA,0,"5","5"
2178,"23","5",6.167,0.6167,38,"35-65",8,98,1603,9,18427,361,"mixta",14673,"particular","turismo","diesel","H","blanco","casado","mensual",0,4,"basico","telefonico",0,2,0,3,6.167,0,10,0,"fin_estudio",0,NA,0,"1","1"
2179,"23","5",5.205,0.5205,53,"35-65",34,135,2288,5,22238,1410,"urbana",10763,"particular","moto","diesel","H","blanco","casado","anual",0,1,"medio","presencial",0,1,1,2,5.205,0,8.757,0,"fin_estudio",0,NA,0,"4","4"
2180,"23","5",9.197,0.9197,37,"35-65",18,132,2085,18,20969,92,"rural",2558,"particular","turismo","diesel","H","negro","otro","mensual",1,2,"basico","telematico",0,1,1,2,9.197,0,10,0,"fin_estudio",0,NA,0,"1","1"
2181,"23","5",1.979,0.1979,32,"25-35",13,132,2369,15,22924,197,"mixta",8822,"particular","turismo","diesel","H","otro","soltero","mensual",1,1,"medio","telefonico",0,0,0,0,1.979,0,10,0,"fin_estudio",0,NA,0,"3","3"
2182,"23","5",6.651,0.6651,38,"35-65",9,55,903,0,25033,72,"rural",21985,"particular","turismo","diesel","M","gris","casado","anual",0,1,"medio","presencial",0,8,0,1,6.651,0,6.651,1,"baja",0,NA,0,"5","5"
2183,"23","5",1.556,0.1556,34,"25-35",9,175,2679,4,25868,4382,"urbana",11322,"particular","moto","diesel","H","otro","casado","anual",0,2,"medio","presencial",4,0,0,0,0.287,1,9.151,0,"fin_estudio",15630.73,3907.68,1,"5","5"
2184,"23","5",4.816,0.4816,46,"35-65",26,111,1542,5,15885,30,"rural",12473,"comercial","turismo","diesel","M","otro","casado","anual",0,1,"superior","telefonico",0,2,0,2,4.816,0,4.816,1,"baja",0,NA,0,"1","1"
2185,"23","5",3.765,0.3765,65,"35-65",25,63,909,13,13680,340,"mixta",4506,"particular","furgoneta","diesel","M","gris","casado","mensual",1,3,"basico","telefonico",0,1,2,1,3.765,0,10,0,"fin_estudio",0,NA,0,"1","1"
2186,"23","5",0.696,0.0696,42,"35-65",24,94,1323,7,19045,285,"mixta",10815,"particular","turismo","diesel","M","rojo","otro","anual",0,1,"medio","telefonico",0,0,0,0,0.696,0,0.696,1,"baja",0,NA,0,"3","3"
2187,"23","5",2.58,0.258,37,"35-65",10,79,1096,12,17217,748,"mixta",13626,"particular","turismo","diesel","H","otro","otro","anual",1,1,"medio","presencial",0,0,0,1,2.58,0,2.58,1,"baja",0,NA,0,"2","2"
2188,"23","5",7.815,0.7815,33,"25-35",10,112,1501,0,22419,2905,"urbana",8906,"particular","turismo","diesel","M","otro","casado","anual",0,3,"basico","telefonico",11,2,0,1,0.882,1,9.656,0,"fin_estudio",18024.1,1638.55,1,"5","5"
2189,"23","5",5.517,0.5517,47,"35-65",15,97,1415,8,38854,264,"mixta",4527,"particular","turismo","diesel","M","rojo","casado","anual",0,1,"superior","presencial",0,0,0,1,5.517,0,5.517,1,"baja",0,NA,0,"1","1"
2190,"23","5",5.837,0.5837,53,"35-65",23,85,1453,15,33826,1327,"urbana",4734,"particular","turismo","gasolina","H","negro","casado","mensual",0,1,"basico","presencial",0,0,0,0,5.837,0,10,0,"fin_estudio",0,NA,0,"1","1"
2191,"23","5",0.926,0.0926,54,"35-65",16,79,1198,5,29962,70,"rural",15293,"comercial","turismo","gasolina","H","gris","otro","anual",0,1,"medio","presencial",0,0,0,0,0.926,0,0.926,1,"baja",0,NA,0,"3","3"
2192,"23","5",3.351,0.3351,47,"35-65",12,108,1865,3,30891,1182,"urbana",4935,"particular","turismo","diesel","M","rojo","soltero","anual",0,3,"medio","telematico",0,1,0,0,3.351,0,10,0,"fin_estudio",0,NA,0,"5","5"
2193,"23","5",7.639,0.7639,47,"35-65",16,128,1553,5,24659,238,"mixta",7392,"particular","turismo","gasolina","H","blanco","casado","anual",0,1,"medio","presencial",1,1,0,0,3.504,1,10,0,"fin_estudio",2474.21,2474.21,1,"4","3"
2194,"23","5",4.426,0.4426,64,"35-65",42,155,2051,6,22593,412,"mixta",21691,"particular","turismo","diesel","M","rojo","casado","anual",0,1,"basico","telefonico",0,3,0,1,4.426,0,7.189,0,"fin_estudio",0,NA,0,"2","2"
2195,"23","5",3.227,0.3227,54,"35-65",32,74,1214,6,17404,173,"mixta",8985,"particular","turismo","diesel","H","blanco","soltero","mensual",0,1,"medio","telefonico",0,0,0,1,3.227,0,3.227,1,"baja",0,NA,0,"1","1"
2196,"23","5",4.708,0.4708,46,"35-65",27,55,875,4,34138,486,"mixta",16834,"particular","turismo","gasolina","M","negro","casado","mensual",0,1,"medio","telefonico",0,6,0,1,4.708,0,4.708,1,"baja",0,NA,0,"2","2"
2197,"23","5",4.677,0.4677,47,"35-65",20,155,2419,18,37074,274,"mixta",14532,"particular","turismo","diesel","H","rojo","otro","anual",1,2,"medio","telefonico",0,0,0,0,4.677,0,10,0,"fin_estudio",0,NA,0,"1","1"
2198,"23","5",2.615,0.2615,54,"35-65",16,92,1503,3,37092,404,"mixta",8967,"particular","furgoneta","diesel","M","negro","soltero","mensual",0,1,"superior","presencial",0,0,0,2,2.615,0,10,0,"fin_estudio",0,NA,0,"3","2"
2199,"23","5",1.693,0.1693,70,"65+",28,55,810,7,35947,96,"rural",10688,"particular","turismo","diesel","M","gris","otro","mensual",1,2,"medio","presencial",0,0,0,1,1.693,0,10,0,"fin_estudio",0,NA,0,"3","2"
2200,"23","5",9.438,0.9438,62,"35-65",21,100,1564,13,16638,316,"mixta",9130,"particular","turismo","gasolina","M","gris","soltero","mensual",0,2,"superior","telematico",0,2,0,2,9.438,0,10,0,"fin_estudio",0,NA,0,"1","1"
2201,"23","5",7.417,0.7417,43,"35-65",19,189,2747,1,34963,471,"mixta",27624,"particular","turismo","diesel","H","blanco","soltero","anual",0,1,"superior","presencial",2,10,0,0,1.151,1,9.563,0,"fin_estudio",12096.3,6048.15,1,"1","1"
2202,"23","5",1.367,0.1367,45,"35-65",13,174,2154,7,22484,223,"mixta",3869,"particular","turismo","gasolina","H","rojo","soltero","mensual",0,1,"medio","telematico",0,1,0,0,1.367,0,2.925,0,"fin_estudio",0,NA,0,"3","2"
2203,"23","5",2.744,0.2744,63,"35-65",30,93,1239,0,19341,258,"mixta",22221,"particular","turismo","diesel","H","otro","soltero","anual",0,1,"superior","telematico",0,1,0,0,2.744,0,2.744,1,"baja",0,NA,0,"3","2"
2204,"23","5",5.245,0.5245,24,"18-25",4,64,1033,0,17640,109,"rural",24463,"particular","turismo","gasolina","H","blanco","casado","anual",0,3,"medio","presencial",1,4,0,1,2.144,1,10,0,"fin_estudio",1752.79,1752.79,1,"1","1"
2205,"23","5",1.964,0.1964,58,"35-65",22,108,1782,7,15351,2980,"urbana",30227,"particular","moto","diesel","H","otro","otro","mensual",0,1,"medio","presencial",1,1,0,1,0.685,1,5.716,0,"fin_estudio",875.92,875.92,1,"5","4"
2206,"23","5",7.814,0.7814,52,"35-65",15,103,1375,11,17920,211,"mixta",11047,"particular","turismo","gasolina","H","blanco","casado","anual",1,1,"basico","telematico",2,3,1,1,1.399,1,10,0,"fin_estudio",1838.26,919.13,1,"5","5"
2207,"23","5",3.241,0.3241,27,"25-35",4,55,978,8,18613,95,"rural",11659,"particular","turismo","diesel","M","negro","casado","mensual",0,2,"superior","presencial",0,2,0,0,3.241,0,4.539,0,"fin_estudio",0,NA,0,"1","1"
2208,"23","5",7.527,0.7527,38,"35-65",10,147,1794,12,29116,1247,"urbana",7612,"particular","turismo","diesel","M","rojo","casado","anual",0,1,"superior","telematico",3,3,0,5,2.388,1,10,0,"fin_estudio",7607.94,2535.98,1,"3","3"
2209,"23","5",2.808,0.2808,48,"35-65",14,139,2438,8,17428,257,"mixta",6365,"particular","turismo","gasolina","M","blanco","soltero","anual",1,1,"medio","presencial",0,0,0,0,2.808,0,4.918,0,"fin_estudio",0,NA,0,"2","1"
2210,"23","5",7.346,0.7346,62,"35-65",33,85,1061,10,34809,2183,"urbana",8355,"comercial","furgoneta","diesel","H","negro","soltero","anual",0,1,"basico","presencial",3,3,0,4,1.22,1,7.889,0,"fin_estudio",10559.51,3519.84,1,"5","4"
2211,"23","5",5.641,0.5641,22,"18-25",1,97,1600,10,17977,185,"mixta",7559,"particular","turismo","gasolina","M","negro","casado","anual",1,1,"medio","presencial",2,2,1,2,0.068,1,10,0,"fin_estudio",3334.41,1667.2,1,"2","3"
2212,"23","5",5.136,0.5136,60,"35-65",25,73,1269,10,17007,623,"mixta",11281,"particular","turismo","diesel","H","negro","otro","anual",0,2,"basico","telematico",0,2,0,0,5.136,0,5.136,1,"baja",0,NA,0,"1","1"
2213,"23","5",6.703,0.6703,49,"35-65",16,80,1417,6,13438,280,"mixta",21340,"particular","turismo","gasolina","M","rojo","otro","anual",0,1,"medio","presencial",0,6,2,2,6.703,0,6.703,1,"baja",0,NA,0,"1","1"
2214,"23","5",2.855,0.2855,69,"65+",28,81,1385,4,22966,135,"rural",27678,"particular","turismo","gasolina","M","rojo","otro","mensual",0,1,"medio","presencial",1,2,0,0,1.331,1,10,0,"fin_estudio",506.49,506.49,1,"3","2"
2215,"23","5",3.605,0.3605,48,"35-65",24,168,2636,0,31665,2381,"urbana",7426,"particular","turismo","diesel","M","gris","casado","anual",0,2,"superior","telefonico",2,1,1,0,0.388,1,10,0,"fin_estudio",7717.81,3858.9,1,"5","5"
2216,"23","5",2.227,0.2227,18,"18-25",0,112,1378,7,24406,246,"mixta",11832,"particular","turismo","gasolina","H","gris","casado","anual",0,2,"superior","presencial",2,3,0,0,1.511,1,2.227,1,"baja",4419.58,2209.79,1,"5","5"
2217,"23","5",1.765,0.1765,25,"18-25",3,110,1713,17,26902,41,"rural",9937,"particular","turismo","diesel","M","gris","otro","mensual",0,1,"basico","telefonico",0,1,0,1,1.765,0,9.015,0,"fin_estudio",0,NA,0,"4","4"
2218,"23","5",1.387,0.1387,61,"35-65",35,90,1186,16,27655,244,"mixta",9945,"particular","turismo","diesel","H","gris","casado","anual",0,1,"basico","telefonico",0,2,0,0,1.387,0,5.575,0,"fin_estudio",0,NA,0,"1","1"
2219,"23","5",8.631,0.8631,47,"35-65",10,166,2356,8,26301,942,"mixta",11975,"particular","turismo","diesel","H","negro","casado","anual",1,2,"medio","presencial",2,5,0,1,2.662,1,10,0,"fin_estudio",6669.84,3334.92,1,"2","1"
2220,"23","5",7.359,0.7359,58,"35-65",31,107,1698,7,37316,4938,"urbana",9852,"particular","furgoneta","diesel","H","blanco","soltero","anual",0,1,"basico","telefonico",0,0,0,1,7.359,0,8.255,0,"fin_estudio",0,NA,0,"1","1"
2221,"23","5",2.751,0.2751,18,"18-25",0,104,1867,10,22838,882,"mixta",24062,"particular","turismo","diesel","H","rojo","casado","mensual",0,2,"medio","presencial",2,2,0,2,0.983,1,6.476,0,"fin_estudio",4713.14,2356.57,1,"4","3"
2222,"23","5",4.878,0.4878,61,"35-65",19,90,1089,11,20039,361,"mixta",10774,"comercial","turismo","diesel","H","rojo","soltero","anual",0,1,"basico","presencial",1,2,0,1,4.494,1,6.417,0,"fin_estudio",2003.24,2003.24,1,"4","5"
2223,"23","5",6.501,0.6501,42,"35-65",11,55,903,7,28677,172,"mixta",12564,"particular","turismo","gasolina","H","negro","otro","anual",0,2,"medio","telefonico",0,7,0,2,6.501,0,10,0,"fin_estudio",0,NA,0,"1","1"
2224,"23","5",8.664,0.8664,28,"25-35",9,91,1401,7,13573,172,"mixta",5069,"particular","turismo","gasolina","H","gris","soltero","mensual",0,1,"medio","presencial",0,6,0,2,8.664,0,10,0,"fin_estudio",0,NA,0,"1","1"
2225,"23","5",3.78,0.378,81,"65+",34,80,1218,14,18661,174,"mixta",12355,"comercial","turismo","diesel","M","otro","soltero","anual",0,1,"medio","presencial",0,3,0,2,3.78,0,10,0,"fin_estudio",0,NA,0,"3","2"
2226,"23","5",2.796,0.2796,66,"65+",48,213,2590,1,37136,25,"rural",11283,"particular","moto","gasolina","H","negro","soltero","anual",1,1,"medio","presencial",1,0,0,2,0.624,1,2.796,1,"baja",2567.98,2567.98,1,"2","1"
2227,"23","5",1.442,0.1442,42,"35-65",15,117,1661,11,34286,310,"mixta",16664,"particular","turismo","diesel","H","negro","casado","anual",0,1,"medio","telefonico",1,0,0,0,1.405,1,5.412,0,"fin_estudio",3337.64,3337.64,1,"4","5"
2228,"23","5",3.201,0.3201,60,"35-65",23,116,1532,14,17930,48,"rural",9724,"particular","furgoneta","diesel","H","rojo","casado","anual",1,2,"basico","presencial",0,1,1,2,3.201,0,10,0,"fin_estudio",0,NA,0,"1","1"
2229,"23","5",5.707,0.5707,24,"18-25",3,118,2054,9,25656,70,"rural",21932,"comercial","turismo","diesel","H","negro","casado","anual",0,1,"medio","telematico",3,8,0,2,1.706,1,8.584,0,"fin_estudio",6774.84,2258.28,1,"3","3"
2230,"23","5",3.383,0.3383,52,"35-65",12,158,2203,6,15327,1855,"urbana",10355,"comercial","turismo","diesel","M","otro","soltero","anual",1,1,"medio","presencial",1,0,0,2,2.473,1,10,0,"fin_estudio",1887.7,1887.7,1,"2","2"
2231,"23","5",5.54,0.554,25,"18-25",6,70,899,9,11882,392,"mixta",10886,"particular","turismo","gasolina","M","blanco","casado","anual",0,1,"medio","presencial",0,4,0,1,5.54,0,5.54,1,"baja",0,NA,0,"1","1"
2232,"23","5",5.118,0.5118,84,"65+",29,111,1956,0,27196,201,"mixta",4731,"particular","turismo","gasolina","M","blanco","casado","anual",0,1,"superior","presencial",1,1,0,1,2.08,1,10,0,"fin_estudio",234.55,234.55,1,"5","4"
2233,"23","5",1.841,0.1841,47,"35-65",28,123,2145,12,25801,826,"mixta",26716,"particular","turismo","gasolina","H","otro","casado","mensual",0,1,"basico","presencial",1,0,0,1,1.057,1,6.67,0,"fin_estudio",3320.62,3320.62,1,"1","2"
2234,"23","5",9.793,0.9793,51,"35-65",22,55,829,1,30941,458,"mixta",14893,"particular","moto","diesel","M","negro","soltero","anual",1,1,"medio","telematico",1,5,0,3,6.486,1,10,0,"fin_estudio",626.32,626.32,1,"1","1"
2235,"23","5",1.304,0.1304,48,"35-65",24,62,969,11,39416,205,"mixta",35974,"particular","turismo","diesel","M","rojo","casado","mensual",0,1,"basico","presencial",0,0,0,0,1.304,0,3.159,0,"fin_estudio",0,NA,0,"2","2"
2236,"23","5",1.838,0.1838,18,"18-25",0,128,2019,12,26380,208,"mixta",4836,"particular","turismo","gasolina","H","negro","casado","anual",1,1,"medio","telefonico",0,0,0,0,1.838,0,9.599,0,"fin_estudio",0,NA,0,"3","2"
2237,"23","5",7.729,0.7729,28,"25-35",6,135,2000,11,26602,220,"mixta",8125,"particular","turismo","diesel","M","negro","soltero","anual",0,1,"basico","telefonico",0,4,0,2,7.729,0,9.056,0,"fin_estudio",0,NA,0,"2","2"
2238,"23","5",6.006,0.6006,21,"18-25",3,90,1603,8,9299,1432,"urbana",11275,"particular","turismo","gasolina","M","negro","casado","mensual",1,2,"basico","presencial",0,2,0,1,6.006,0,6.745,0,"fin_estudio",0,NA,0,"1","1"
2239,"23","5",4.335,0.4335,49,"35-65",25,75,1121,15,10806,260,"mixta",7906,"particular","turismo","gasolina","H","blanco","casado","anual",0,2,"superior","presencial",1,2,1,0,2.462,1,4.335,1,"baja",239.47,239.47,1,"2","1"
2240,"23","5",2.329,0.2329,19,"18-25",1,145,1851,10,29689,462,"mixta",22424,"particular","turismo","diesel","H","otro","soltero","anual",1,1,"medio","telefonico",1,1,0,1,0.103,1,9.522,0,"fin_estudio",15150.09,15150.09,1,"2","2"
2241,"23","5",3.778,0.3778,50,"35-65",29,57,850,8,19364,73,"rural",8084,"particular","turismo","gasolina","H","rojo","soltero","anual",0,2,"superior","telematico",0,0,0,1,3.778,0,3.778,1,"baja",0,NA,0,"1","1"
2242,"23","5",2.389,0.2389,48,"35-65",26,68,1148,20,21054,284,"mixta",7745,"particular","moto","gasolina","H","otro","casado","mensual",0,1,"medio","presencial",0,0,0,0,2.389,0,2.658,0,"fin_estudio",0,NA,0,"1","1"
2243,"23","5",7.785,0.7785,52,"35-65",20,131,1848,9,24774,216,"mixta",10777,"particular","turismo","gasolina","M","gris","casado","mensual",0,1,"basico","presencial",2,2,1,2,2.443,1,7.785,1,"baja",2244.89,1122.45,1,"4","4"
2244,"23","5",1.016,0.1016,50,"35-65",19,86,1308,4,37515,148,"rural",18173,"particular","turismo","diesel","H","rojo","casado","mensual",0,2,"basico","presencial",0,0,0,0,1.016,0,1.037,0,"fin_estudio",0,NA,0,"1","1"
2245,"23","5",3.626,0.3626,66,"65+",31,122,1702,7,29901,279,"mixta",4245,"particular","turismo","diesel","M","otro","casado","anual",0,2,"basico","presencial",0,1,0,2,3.626,0,8.397,0,"fin_estudio",0,NA,0,"1","1"
2246,"23","5",1.012,0.1012,39,"35-65",21,131,1757,8,25902,515,"mixta",11592,"particular","turismo","diesel","H","gris","soltero","anual",0,1,"basico","telefonico",0,0,1,0,1.012,0,1.012,1,"baja",0,NA,0,"3","2"
2247,"23","5",6.328,0.6328,75,"65+",21,119,1704,16,19587,638,"mixta",8412,"particular","turismo","diesel","H","blanco","casado","anual",0,1,"medio","telefonico",1,6,0,1,1.045,1,9.241,0,"fin_estudio",2602.21,2602.21,1,"3","3"
2248,"23","5",2.125,0.2125,36,"35-65",7,131,1623,0,24287,247,"mixta",8125,"particular","turismo","diesel","H","otro","casado","mensual",0,1,"medio","telematico",0,0,0,0,2.125,0,2.125,1,"baja",0,NA,0,"3","2"
2249,"23","5",5.669,0.5669,40,"35-65",8,70,1093,5,26884,39,"rural",7266,"particular","turismo","gasolina","M","gris","casado","anual",1,1,"basico","presencial",0,1,0,1,5.669,0,10,0,"fin_estudio",0,NA,0,"1","1"
2250,"23","5",1.827,0.1827,59,"35-65",25,72,1023,11,18368,208,"mixta",18240,"particular","furgoneta","diesel","M","blanco","casado","anual",0,1,"superior","presencial",0,0,0,0,1.827,0,10,0,"fin_estudio",0,NA,0,"3","3"
2251,"23","5",2.517,0.2517,54,"35-65",21,119,1532,11,29141,199,"mixta",19644,"particular","turismo","gasolina","M","otro","casado","mensual",0,2,"basico","telefonico",1,1,0,0,1.657,1,10,0,"fin_estudio",340.75,340.75,1,"4","4"
2252,"23","5",1.932,0.1932,60,"35-65",37,169,3018,10,33074,277,"mixta",26491,"particular","turismo","gasolina","M","negro","otro","anual",0,1,"superior","presencial",0,1,0,0,1.932,0,2.928,0,"fin_estudio",0,NA,0,"3","3"
2253,"23","5",3.378,0.3378,48,"35-65",11,116,2055,16,29515,845,"mixta",20580,"particular","turismo","diesel","M","gris","casado","anual",0,1,"medio","telefonico",0,0,0,0,3.378,0,10,0,"fin_estudio",0,NA,0,"1","1"
2254,"23","5",2.811,0.2811,18,"18-25",0,82,1202,6,34483,775,"mixta",13883,"particular","moto","gasolina","H","rojo","casado","mensual",0,1,"superior","telefonico",0,1,0,1,2.811,0,5.063,0,"fin_estudio",0,NA,0,"2","2"
2255,"23","5",0.238,0.0238,55,"35-65",35,110,1867,10,24861,160,"mixta",13237,"particular","turismo","diesel","M","gris","soltero","mensual",1,1,"basico","presencial",0,0,0,0,0.238,0,0.238,1,"baja",0,NA,0,"3","3"
2256,"23","5",2.552,0.2552,45,"35-65",23,90,1331,11,31212,93,"rural",30942,"particular","turismo","diesel","M","rojo","otro","anual",1,1,"basico","presencial",0,2,0,1,2.552,0,2.552,1,"baja",0,NA,0,"1","1"
2257,"23","5",7.476,0.7476,66,"65+",38,151,2688,18,11799,147,"rural",9549,"particular","turismo","diesel","H","blanco","casado","anual",1,2,"superior","presencial",0,4,0,1,7.476,0,7.476,1,"baja",0,NA,0,"3","3"
2258,"23","5",1.285,0.1285,27,"25-35",6,58,955,3,17467,237,"mixta",37200,"particular","turismo","diesel","M","gris","soltero","anual",1,2,"superior","telefonico",0,3,0,1,1.285,0,3.003,0,"fin_estudio",0,NA,0,"3","3"
2259,"23","5",5.876,0.5876,33,"25-35",11,149,2342,7,18455,193,"mixta",5771,"particular","turismo","diesel","M","blanco","otro","anual",0,2,"medio","presencial",0,0,1,1,5.876,0,5.876,1,"baja",0,NA,0,"2","2"
2260,"23","5",1.405,0.1405,31,"25-35",10,63,989,11,35779,118,"rural",10892,"comercial","furgoneta","diesel","H","negro","otro","anual",1,2,"basico","presencial",0,1,0,0,1.405,0,3.613,0,"fin_estudio",0,NA,0,"2","2"
2261,"23","5",8.338,0.8338,18,"18-25",0,55,800,14,22114,427,"mixta",14267,"particular","turismo","diesel","M","otro","soltero","anual",0,1,"medio","presencial",0,1,0,0,8.338,0,10,0,"fin_estudio",0,NA,0,"1","1"
2262,"23","5",2.655,0.2655,40,"35-65",22,200,2883,8,26506,954,"mixta",10747,"particular","moto","diesel","H","gris","casado","anual",0,2,"basico","presencial",0,1,0,0,2.655,0,2.655,1,"baja",0,NA,0,"2","2"
2263,"23","5",1.619,0.1619,27,"25-35",6,162,2441,12,25197,125,"rural",20073,"particular","turismo","diesel","M","otro","soltero","mensual",1,1,"medio","telematico",0,5,0,1,1.619,0,1.62,0,"fin_estudio",0,NA,0,"3","2"
2264,"23","5",8.548,0.8548,46,"35-65",17,160,2619,5,29345,64,"rural",8398,"particular","turismo","gasolina","H","otro","soltero","mensual",0,1,"basico","presencial",2,0,3,2,5.506,1,10,0,"fin_estudio",7295.15,3647.58,1,"3","2"
2265,"23","5",2.784,0.2784,40,"35-65",12,72,865,10,7358,2730,"urbana",11556,"particular","moto","diesel","M","rojo","otro","mensual",0,1,"basico","telematico",0,1,0,0,2.784,0,6.063,0,"fin_estudio",0,NA,0,"1","1"
2266,"23","5",8.668,0.8668,29,"25-35",4,83,1173,5,28547,429,"mixta",7985,"particular","turismo","gasolina","H","rojo","soltero","mensual",0,1,"basico","presencial",0,4,0,2,8.668,0,10,0,"fin_estudio",0,NA,0,"1","1"
2267,"23","5",6.387,0.6387,31,"25-35",7,115,1741,4,27673,700,"mixta",16385,"particular","furgoneta","gasolina","H","rojo","soltero","anual",0,1,"medio","presencial",6,4,1,0,0.348,1,7.026,0,"fin_estudio",18443.61,3073.94,1,"5","4"
2268,"23","5",4.45,0.445,50,"35-65",28,114,1421,1,26147,635,"mixta",4739,"particular","turismo","diesel","H","negro","soltero","anual",1,1,"medio","telematico",0,1,0,0,4.45,0,10,0,"fin_estudio",0,NA,0,"1","1"
2269,"23","5",2.782,0.2782,48,"35-65",29,83,1109,13,32032,538,"mixta",12597,"comercial","turismo","diesel","M","rojo","soltero","anual",1,2,"basico","telefonico",3,1,0,1,0.994,1,10,0,"fin_estudio",9314.5,3104.83,1,"5","4"
2270,"23","5",1.294,0.1294,40,"35-65",13,55,800,4,24503,56,"rural",20341,"particular","moto","gasolina","H","otro","casado","anual",0,2,"basico","presencial",0,0,0,0,1.294,0,1.294,1,"baja",0,NA,0,"3","3"
2271,"23","5",1.747,0.1747,50,"35-65",14,181,3130,9,22322,102,"rural",12307,"particular","turismo","gasolina","H","otro","casado","anual",0,1,"basico","presencial",0,1,0,0,1.747,0,5.154,0,"fin_estudio",0,NA,0,"4","4"
2272,"24","5",4.337,0.4337,46,"35-65",14,166,2336,20,28484,423,"mixta",8599,"particular","turismo","gasolina","M","blanco","soltero","anual",0,1,"basico","presencial",0,0,0,5,4.337,0,10,0,"fin_estudio",0,NA,0,"1","1"
2273,"24","5",2.863,0.2863,56,"35-65",29,102,1590,6,27565,112,"rural",6593,"particular","turismo","gasolina","H","otro","casado","mensual",1,1,"basico","presencial",0,1,0,0,2.863,0,2.863,1,"baja",0,NA,0,"1","1"
2274,"24","5",1.222,0.1222,68,"65+",49,117,1627,0,38646,60,"rural",8417,"particular","turismo","diesel","M","negro","casado","anual",1,1,"basico","presencial",0,0,0,0,1.222,0,1.222,1,"baja",0,NA,0,"2","1"
2275,"24","5",9.478,0.9478,34,"25-35",13,70,1047,0,22679,50,"rural",15340,"particular","moto","gasolina","M","gris","casado","mensual",0,3,"basico","telefonico",4,5,0,2,0.018,1,10,0,"fin_estudio",7676.77,1919.19,1,"4","4"
2276,"24","5",9.401,0.9401,27,"25-35",7,150,2363,4,44084,100,"rural",6776,"particular","turismo","gasolina","H","gris","soltero","anual",0,2,"medio","presencial",0,3,0,7,9.401,0,10,0,"fin_estudio",0,NA,0,"1","1"
2277,"24","5",6.903,0.6903,55,"35-65",27,138,1705,8,30635,583,"mixta",6994,"particular","turismo","diesel","H","gris","otro","mensual",0,2,"basico","presencial",0,1,0,2,6.903,0,6.903,1,"baja",0,NA,0,"1","1"
2278,"24","5",4.541,0.4541,46,"35-65",27,103,1767,8,18094,435,"mixta",8564,"particular","moto","gasolina","M","otro","casado","anual",0,2,"medio","telefonico",0,3,0,2,4.541,0,4.541,1,"baja",0,NA,0,"1","1"
2279,"24","5",2.133,0.2133,38,"35-65",19,55,800,7,27823,249,"mixta",16671,"particular","turismo","gasolina","M","rojo","casado","anual",0,1,"basico","presencial",0,1,0,0,2.133,0,2.234,0,"fin_estudio",0,NA,0,"4","4"
2280,"24","5",2.035,0.2035,63,"35-65",31,111,1689,15,32394,74,"rural",8408,"particular","turismo","diesel","M","negro","casado","mensual",0,1,"superior","presencial",0,2,0,0,2.035,0,2.035,1,"baja",0,NA,0,"3","2"
2281,"24","5",1.66,0.166,38,"35-65",9,133,1658,8,33123,3581,"urbana",19617,"particular","turismo","diesel","M","negro","casado","anual",0,2,"basico","telefonico",0,1,0,0,1.66,0,1.66,1,"baja",0,NA,0,"3","2"
2282,"24","5",3.377,0.3377,53,"35-65",16,116,1730,4,23459,401,"mixta",6961,"comercial","moto","gasolina","H","gris","casado","mensual",1,1,"basico","presencial",0,0,0,2,3.377,0,10,0,"fin_estudio",0,NA,0,"1","1"
2283,"24","5",1.389,0.1389,24,"18-25",4,170,2785,10,35446,266,"mixta",8744,"particular","turismo","diesel","H","otro","soltero","anual",1,1,"medio","presencial",0,1,0,0,1.389,0,1.389,1,"baja",0,NA,0,"1","1"
2284,"24","5",2.377,0.2377,40,"35-65",13,98,1722,3,1500,146,"rural",16878,"particular","turismo","diesel","M","rojo","casado","mensual",1,1,"medio","presencial",0,2,0,2,2.377,0,2.377,1,"baja",0,NA,0,"2","1"
2285,"24","5",2.006,0.2006,65,"35-65",40,159,2028,5,27689,601,"mixta",9550,"comercial","turismo","diesel","H","rojo","casado","anual",0,1,"basico","telefonico",0,0,0,0,2.006,0,10,0,"fin_estudio",0,NA,0,"1","1"
2286,"24","5",5.689,0.5689,55,"35-65",15,120,1622,12,22083,94,"rural",7515,"particular","turismo","gasolina","H","blanco","soltero","anual",0,2,"medio","telematico",0,2,0,2,5.689,0,5.811,0,"fin_estudio",0,NA,0,"4","4"
2287,"24","5",3.006,0.3006,42,"35-65",12,135,2044,12,29758,984,"mixta",30297,"particular","turismo","diesel","M","gris","otro","mensual",1,2,"medio","telefonico",2,3,0,2,0.504,1,3.006,1,"baja",1470.43,735.22,1,"3","2"
2288,"24","5",1.049,0.1049,31,"25-35",9,68,1013,5,23882,783,"mixta",8629,"particular","turismo","diesel","M","negro","soltero","anual",1,1,"medio","presencial",0,0,0,0,1.049,0,4.197,0,"fin_estudio",0,NA,0,"3","2"
2289,"24","5",1.136,0.1136,24,"18-25",4,114,1762,13,28305,840,"mixta",11686,"comercial","turismo","gasolina","M","negro","casado","mensual",0,3,"basico","telefonico",0,1,0,0,1.136,0,3.564,0,"fin_estudio",0,NA,0,"2","1"
2290,"24","5",2.872,0.2872,29,"25-35",5,58,1005,10,19020,43,"rural",10820,"particular","turismo","diesel","H","rojo","casado","mensual",1,2,"medio","presencial",0,3,0,2,2.872,0,2.872,1,"baja",0,NA,0,"1","1"
2291,"24","5",6.602,0.6602,23,"18-25",2,130,1608,11,27348,526,"mixta",18225,"comercial","turismo","diesel","H","otro","otro","anual",0,1,"basico","telematico",21,8,0,2,0.1,1,7.37,0,"fin_estudio",50404.05,2400.19,1,"5","5"
2292,"24","5",3.196,0.3196,61,"35-65",28,131,2255,23,31849,353,"mixta",10076,"particular","furgoneta","diesel","M","negro","casado","anual",0,3,"superior","telefonico",0,2,0,0,3.196,0,3.196,1,"baja",0,NA,0,"2","2"
2293,"24","5",2.124,0.2124,40,"35-65",8,126,2009,0,28303,234,"mixta",28118,"particular","turismo","diesel","M","otro","soltero","mensual",0,2,"medio","presencial",0,1,0,0,2.124,0,10,0,"fin_estudio",0,NA,0,"1","1"
2294,"24","5",3.268,0.3268,55,"35-65",34,66,877,5,12791,257,"mixta",10863,"comercial","turismo","gasolina","M","rojo","casado","anual",0,1,"medio","presencial",0,1,1,1,3.268,0,10,0,"fin_estudio",0,NA,0,"1","1"
2295,"24","5",1.386,0.1386,26,"25-35",7,78,1342,16,22815,39,"rural",10601,"particular","moto","gasolina","H","otro","casado","anual",1,1,"superior","presencial",1,0,0,0,0.142,1,1.386,1,"baja",6400.54,6400.54,1,"2","2"
2296,"24","5",7.865,0.7865,67,"65+",45,55,888,6,14954,1092,"urbana",20152,"particular","furgoneta","gasolina","H","rojo","otro","anual",1,1,"medio","presencial",2,7,0,1,2.006,1,10,0,"fin_estudio",846.67,423.34,1,"3","4"
2297,"24","5",7.735,0.7735,42,"35-65",18,78,1283,9,22597,205,"mixta",15631,"particular","turismo","diesel","M","rojo","soltero","mensual",1,1,"superior","presencial",1,3,0,0,6.523,1,10,0,"fin_estudio",46.57,46.57,1,"2","2"
2298,"24","5",4.846,0.4846,62,"35-65",28,152,2650,7,28985,158,"mixta",15858,"comercial","turismo","gasolina","M","otro","soltero","mensual",0,1,"basico","presencial",0,1,0,1,4.846,0,5.126,0,"fin_estudio",0,NA,0,"3","3"
2299,"24","5",8.742,0.8742,55,"35-65",33,115,1493,10,33776,75,"rural",8358,"particular","turismo","diesel","M","otro","soltero","anual",0,1,"medio","telefonico",1,7,0,2,5.344,1,8.742,1,"baja",674.54,674.54,1,"1","1"
2300,"24","5",3.471,0.3471,47,"35-65",14,144,1790,0,17423,431,"mixta",16878,"particular","furgoneta","diesel","M","rojo","soltero","mensual",0,1,"medio","telefonico",0,1,0,2,3.471,0,10,0,"fin_estudio",0,NA,0,"1","1"
2301,"24","5",5.86,0.586,46,"35-65",23,102,1363,8,21824,239,"mixta",19525,"particular","turismo","gasolina","M","rojo","casado","mensual",1,1,"superior","telefonico",0,2,0,5,5.86,0,5.86,1,"baja",0,NA,0,"1","1"
2302,"24","5",9.903,0.9903,37,"35-65",12,85,1331,0,12815,220,"mixta",10403,"particular","turismo","diesel","M","otro","soltero","mensual",0,1,"medio","presencial",1,7,0,3,6.686,1,10,0,"fin_estudio",948.31,948.31,1,"3","2"
2303,"24","5",8.333,0.8333,43,"35-65",21,55,824,9,24237,260,"mixta",27134,"particular","turismo","gasolina","M","blanco","casado","anual",0,2,"medio","telefonico",1,4,0,5,5.721,1,10,0,"fin_estudio",1110.86,1110.86,1,"2","2"
2304,"24","5",3.027,0.3027,44,"35-65",23,206,2679,11,34911,198,"mixta",15819,"particular","turismo","diesel","M","otro","soltero","anual",0,1,"medio","presencial",1,2,0,1,0.94,1,3.027,1,"baja",2821.67,2821.67,1,"4","4"
2305,"24","5",7.67,0.767,32,"25-35",11,174,2877,8,39241,345,"mixta",8962,"particular","turismo","gasolina","M","rojo","casado","anual",0,2,"basico","presencial",0,3,0,2,7.67,0,10,0,"fin_estudio",0,NA,0,"1","1"
2306,"24","5",3.374,0.3374,35,"25-35",8,90,1597,18,18467,26,"rural",27229,"particular","turismo","diesel","M","negro","casado","mensual",0,1,"basico","telefonico",1,3,0,3,2.246,1,5.498,0,"fin_estudio",589.44,589.44,1,"2","2"
2307,"24","5",3.637,0.3637,51,"35-65",26,143,1838,5,38482,224,"mixta",9594,"particular","turismo","diesel","M","gris","casado","anual",0,1,"medio","presencial",0,3,0,2,3.637,0,3.637,1,"baja",0,NA,0,"4","4"
2308,"24","5",9.408,0.9408,53,"35-65",19,104,1834,14,28435,100,"rural",16879,"comercial","turismo","diesel","M","rojo","casado","anual",1,1,"medio","presencial",2,6,3,3,5.705,1,9.408,1,"baja",2614.11,1307.05,1,"3","3"
2309,"24","5",2.728,0.2728,27,"25-35",7,112,1731,11,15880,254,"mixta",12434,"particular","turismo","gasolina","H","rojo","casado","mensual",0,2,"superior","telematico",0,1,0,2,2.728,0,10,0,"fin_estudio",0,NA,0,"1","1"
2310,"24","5",2.814,0.2814,35,"25-35",16,143,2469,10,29519,29,"rural",18413,"particular","furgoneta","diesel","H","gris","otro","anual",0,1,"medio","presencial",0,0,1,1,2.814,0,4.527,0,"fin_estudio",0,NA,0,"1","1"
2311,"24","5",0.138,0.0138,48,"35-65",12,56,988,10,20933,632,"mixta",13307,"particular","turismo","diesel","H","otro","soltero","anual",0,1,"basico","presencial",0,0,0,0,0.138,0,0.138,1,"baja",0,NA,0,"3","3"
2312,"24","5",3.603,0.3603,57,"35-65",25,88,1156,7,19911,316,"mixta",15535,"particular","furgoneta","gasolina","M","rojo","soltero","mensual",0,2,"superior","presencial",0,0,0,0,3.603,0,10,0,"fin_estudio",0,NA,0,"2","2"
2313,"24","5",5.841,0.5841,32,"25-35",14,64,1090,15,26130,375,"mixta",6793,"particular","moto","diesel","H","blanco","casado","anual",1,1,"superior","presencial",0,1,0,1,5.841,0,10,0,"fin_estudio",0,NA,0,"1","1"
2314,"24","5",4.288,0.4288,37,"35-65",9,118,1424,12,24654,534,"mixta",10258,"particular","turismo","gasolina","M","rojo","soltero","anual",0,1,"superior","telematico",0,3,0,0,4.288,0,4.801,0,"fin_estudio",0,NA,0,"1","1"
2315,"24","5",1.857,0.1857,23,"18-25",3,55,800,3,25876,933,"mixta",4916,"particular","moto","gasolina","M","rojo","casado","anual",0,1,"medio","presencial",1,0,0,0,0.957,1,2.041,0,"fin_estudio",1039.56,1039.56,1,"3","3"
2316,"24","5",3.268,0.3268,53,"35-65",31,131,2196,10,41003,10,"rural",8174,"particular","moto","diesel","H","otro","soltero","anual",0,2,"basico","presencial",0,3,1,1,3.268,0,10,0,"fin_estudio",0,NA,0,"3","2"
2317,"24","5",3.673,0.3673,54,"35-65",20,87,1169,3,22544,608,"mixta",17705,"particular","moto","diesel","H","otro","casado","mensual",1,3,"superior","telefonico",0,3,0,1,3.673,0,10,0,"fin_estudio",0,NA,0,"1","1"
2318,"24","5",0.275,0.0275,60,"35-65",22,85,1202,3,28916,191,"mixta",16606,"particular","turismo","diesel","H","blanco","soltero","mensual",0,1,"medio","presencial",0,0,0,0,0.275,0,0.275,1,"baja",0,NA,0,"3","3"
2319,"24","5",1.451,0.1451,49,"35-65",24,83,1005,18,21716,136,"rural",12011,"comercial","turismo","gasolina","H","gris","soltero","anual",0,1,"basico","presencial",0,3,1,0,1.451,0,1.451,1,"baja",0,NA,0,"2","2"
2320,"24","5",3.116,0.3116,52,"35-65",29,127,2234,6,25765,221,"mixta",10958,"particular","turismo","diesel","M","otro","soltero","anual",1,1,"basico","presencial",0,1,0,1,3.116,0,6.858,0,"fin_estudio",0,NA,0,"4","4"
2321,"24","5",0.974,0.0974,35,"25-35",9,111,1698,11,18556,22,"rural",4856,"particular","moto","gasolina","H","rojo","casado","mensual",1,2,"basico","telefonico",0,0,0,0,0.974,0,0.974,1,"baja",0,NA,0,"3","3"
2322,"24","5",4.082,0.4082,36,"35-65",14,162,2317,4,34813,113,"rural",6843,"particular","furgoneta","diesel","M","rojo","soltero","anual",1,1,"medio","telematico",0,2,0,0,4.082,0,8.351,0,"fin_estudio",0,NA,0,"1","1"
2323,"24","5",2.876,0.2876,66,"65+",31,75,1018,17,34450,248,"mixta",8724,"comercial","furgoneta","diesel","M","otro","soltero","anual",1,3,"medio","presencial",1,0,0,2,0.501,1,2.876,1,"baja",2159.93,2159.93,1,"3","2"
2324,"24","5",4.582,0.4582,46,"35-65",25,80,1017,0,29098,272,"mixta",4109,"particular","moto","diesel","M","rojo","casado","anual",0,1,"basico","telefonico",0,1,0,3,4.582,0,10,0,"fin_estudio",0,NA,0,"1","1"
2325,"24","5",3.411,0.3411,53,"35-65",24,117,2094,14,37890,386,"mixta",7731,"particular","turismo","diesel","M","otro","casado","anual",1,2,"basico","presencial",0,0,0,1,3.411,0,4.028,0,"fin_estudio",0,NA,0,"1","1"
2326,"24","5",4.232,0.4232,27,"25-35",7,94,1275,12,28942,622,"mixta",26120,"particular","turismo","diesel","H","negro","casado","anual",1,1,"basico","telefonico",0,1,0,2,4.232,0,4.232,1,"baja",0,NA,0,"3","2"
2327,"24","5",3.678,0.3678,35,"25-35",16,101,1299,4,27730,151,"mixta",12844,"particular","turismo","diesel","H","gris","soltero","mensual",0,1,"medio","presencial",3,0,1,1,1.228,1,10,0,"fin_estudio",5591.86,1863.95,1,"5","5"
2328,"24","5",2.23,0.223,20,"18-25",1,135,2270,18,16539,132,"rural",3027,"particular","turismo","gasolina","M","gris","soltero","anual",1,3,"medio","presencial",0,1,0,2,2.23,0,2.23,1,"baja",0,NA,0,"1","1"
2329,"24","5",4.849,0.4849,57,"35-65",29,104,1637,6,26834,317,"mixta",6209,"particular","turismo","gasolina","H","rojo","soltero","anual",0,1,"basico","telefonico",0,1,1,0,4.849,0,4.849,1,"baja",0,NA,0,"1","1"
2330,"24","5",0.554,0.0554,62,"35-65",23,128,2024,8,10148,1022,"urbana",16027,"comercial","turismo","diesel","H","otro","casado","mensual",1,1,"medio","telematico",0,0,0,2,0.554,0,0.554,1,"baja",0,NA,0,"3","3"
2331,"24","5",2.095,0.2095,43,"35-65",12,133,2119,9,26590,183,"mixta",19174,"comercial","moto","diesel","H","otro","soltero","anual",0,1,"medio","presencial",0,2,0,4,2.095,0,6.173,0,"fin_estudio",0,NA,0,"2","1"
2332,"24","5",3.598,0.3598,24,"18-25",2,85,1108,8,44590,411,"mixta",4175,"comercial","furgoneta","diesel","H","rojo","casado","anual",0,1,"medio","presencial",1,0,0,1,1.214,1,7.376,0,"fin_estudio",2700.01,2700.01,1,"3","3"
2333,"24","5",4.469,0.4469,66,"65+",30,97,1301,8,22053,662,"mixta",19275,"particular","turismo","diesel","M","negro","casado","anual",0,3,"basico","presencial",0,2,0,2,4.469,0,10,0,"fin_estudio",0,NA,0,"2","1"
2334,"24","5",5.205,0.5205,75,"65+",43,102,1332,3,10570,648,"mixta",20775,"particular","moto","diesel","M","blanco","soltero","anual",0,1,"basico","presencial",4,3,2,2,0.362,1,8.147,0,"fin_estudio",4832.57,1208.14,1,"2","3"
2335,"24","5",1.389,0.1389,54,"35-65",21,80,1011,6,30210,225,"mixta",15424,"particular","turismo","diesel","M","otro","casado","anual",1,1,"medio","presencial",0,0,0,1,1.389,0,1.389,1,"baja",0,NA,0,"4","3"
2336,"24","5",3.283,0.3283,58,"35-65",37,58,800,16,31971,125,"rural",13337,"comercial","turismo","diesel","H","negro","casado","anual",1,1,"basico","telefonico",0,3,0,2,3.283,0,3.283,1,"baja",0,NA,0,"1","1"
2337,"24","5",8.549,0.8549,33,"25-35",6,80,1339,12,24981,401,"mixta",17027,"particular","turismo","diesel","H","negro","otro","anual",0,1,"medio","presencial",3,1,0,0,1.817,1,8.549,1,"baja",3666.68,1222.23,1,"1","1"
2338,"24","5",4.859,0.4859,57,"35-65",15,74,1109,13,20867,106,"rural",14673,"particular","moto","gasolina","H","blanco","soltero","anual",1,2,"superior","telefonico",0,1,0,3,4.859,0,10,0,"fin_estudio",0,NA,0,"1","1"
2339,"24","5",5.864,0.5864,66,"65+",40,123,1885,14,20125,415,"mixta",7066,"particular","turismo","diesel","H","otro","casado","anual",0,2,"basico","presencial",4,0,1,4,1.184,1,5.864,1,"baja",5126.98,1281.74,1,"3","4"
2340,"24","5",7.83,0.783,36,"35-65",11,137,1918,1,16608,1038,"urbana",16402,"comercial","furgoneta","diesel","M","rojo","casado","anual",0,1,"superior","telefonico",3,2,2,4,1.036,1,10,0,"fin_estudio",2499.92,833.31,1,"1","3"
2341,"24","5",3.099,0.3099,59,"35-65",37,87,1535,5,11816,783,"mixta",5690,"comercial","moto","gasolina","H","rojo","casado","mensual",1,1,"basico","presencial",0,2,1,1,3.099,0,3.099,1,"baja",0,NA,0,"1","1"
2342,"24","5",2.715,0.2715,71,"65+",47,169,2889,7,19620,384,"mixta",32990,"comercial","turismo","gasolina","H","negro","soltero","anual",1,1,"superior","presencial",2,1,0,3,1.589,1,2.715,1,"baja",4406.99,2203.5,1,"2","3"
2343,"24","5",7.173,0.7173,31,"25-35",9,110,1508,12,29523,76,"rural",11314,"particular","turismo","diesel","M","blanco","casado","anual",0,2,"medio","telefonico",0,4,0,6,7.173,0,10,0,"fin_estudio",0,NA,0,"1","1"
2344,"24","5",2.494,0.2494,74,"65+",52,98,1424,3,29255,568,"mixta",6689,"comercial","moto","diesel","H","negro","casado","anual",1,1,"medio","presencial",0,3,0,1,2.494,0,2.764,0,"fin_estudio",0,NA,0,"1","1"
2345,"24","5",5.714,0.5714,27,"25-35",4,222,3678,2,26486,410,"mixta",17952,"comercial","turismo","diesel","M","rojo","otro","anual",0,1,"medio","presencial",0,4,2,2,5.714,0,5.714,1,"baja",0,NA,0,"1","1"
2346,"24","5",4.937,0.4937,33,"25-35",11,127,2059,0,22839,111,"rural",25014,"particular","turismo","gasolina","M","rojo","soltero","anual",0,2,"medio","presencial",0,1,0,0,4.937,0,4.937,1,"baja",0,NA,0,"1","1"
2347,"24","5",7.578,0.7578,40,"35-65",8,58,1034,12,26752,64,"rural",22644,"particular","turismo","diesel","H","rojo","casado","anual",1,2,"superior","presencial",0,4,0,1,7.578,0,10,0,"fin_estudio",0,NA,0,"1","1"
2348,"24","5",5.509,0.5509,62,"35-65",32,127,2038,8,33648,272,"mixta",12261,"particular","turismo","gasolina","M","negro","casado","anual",1,1,"basico","telematico",0,3,1,1,5.509,0,5.509,1,"baja",0,NA,0,"3","3"
2349,"24","5",6.511,0.6511,39,"35-65",9,55,823,9,22682,1085,"urbana",10203,"comercial","moto","diesel","H","rojo","casado","mensual",1,1,"basico","presencial",2,1,0,2,1.64,1,6.511,1,"baja",5988.25,2994.12,1,"3","2"
2350,"24","5",5.009,0.5009,53,"35-65",16,150,1958,15,30198,180,"mixta",11078,"particular","turismo","gasolina","H","gris","casado","anual",0,3,"medio","presencial",0,3,0,0,5.009,0,10,0,"fin_estudio",0,NA,0,"1","1"
2351,"24","5",4.039,0.4039,53,"35-65",28,68,986,10,20556,480,"mixta",16819,"comercial","turismo","diesel","H","gris","soltero","mensual",1,1,"basico","presencial",1,2,0,1,1.446,1,4.039,1,"baja",282.9,282.9,1,"2","1"
2352,"24","5",4.055,0.4055,47,"35-65",29,79,1324,3,11902,249,"mixta",29244,"particular","turismo","gasolina","M","otro","casado","mensual",1,1,"basico","presencial",0,3,0,0,4.055,0,6.272,0,"fin_estudio",0,NA,0,"1","1"
2353,"24","5",6.575,0.6575,47,"35-65",22,119,1765,1,31342,169,"mixta",12156,"particular","turismo","gasolina","H","gris","casado","anual",1,1,"superior","telematico",2,3,1,0,1.293,1,6.575,1,"baja",1061.64,530.82,1,"3","3"
2354,"24","5",2.839,0.2839,43,"35-65",16,164,2770,7,42875,548,"mixta",9007,"particular","furgoneta","diesel","M","otro","casado","mensual",1,3,"medio","presencial",0,1,0,0,2.839,0,2.839,1,"baja",0,NA,0,"3","2"
2355,"24","5",4.781,0.4781,70,"65+",30,140,1825,10,17457,172,"mixta",7297,"particular","moto","gasolina","H","otro","casado","mensual",0,1,"basico","telefonico",0,2,0,1,4.781,0,9.897,0,"fin_estudio",0,NA,0,"1","1"
2356,"24","5",4.598,0.4598,52,"35-65",13,125,2051,16,12732,2542,"urbana",7854,"particular","furgoneta","diesel","M","negro","soltero","mensual",1,1,"basico","telefonico",1,2,0,1,1.697,1,7.752,0,"fin_estudio",1214.69,1214.69,1,"1","1"
2357,"24","5",2.627,0.2627,29,"25-35",10,63,1007,13,21906,548,"mixta",7085,"particular","turismo","diesel","M","blanco","casado","anual",1,1,"medio","presencial",0,1,0,0,2.627,0,2.627,1,"baja",0,NA,0,"1","1"
2358,"24","5",1.278,0.1278,48,"35-65",19,135,2234,10,14441,134,"rural",9317,"particular","turismo","diesel","M","rojo","casado","mensual",1,1,"basico","presencial",0,2,0,2,1.278,0,2.489,0,"fin_estudio",0,NA,0,"1","1"
2359,"24","5",2.722,0.2722,63,"35-65",19,110,1482,9,34476,543,"mixta",9100,"particular","turismo","diesel","H","gris","casado","mensual",0,1,"basico","presencial",0,0,0,1,2.722,0,5.502,0,"fin_estudio",0,NA,0,"1","1"
2360,"24","5",0.68,0.068,44,"35-65",19,132,1664,15,19576,553,"mixta",3941,"particular","turismo","gasolina","M","blanco","otro","mensual",0,1,"medio","telefonico",0,0,0,0,0.68,0,0.68,1,"baja",0,NA,0,"2","2"
2361,"24","5",7.577,0.7577,43,"35-65",13,83,1304,10,26361,1593,"urbana",15168,"particular","turismo","gasolina","M","gris","casado","anual",1,2,"superior","telefonico",1,2,1,3,3.564,1,10,0,"fin_estudio",473.94,473.94,1,"1","1"
2362,"24","5",4.574,0.4574,25,"18-25",3,149,2413,11,17985,271,"mixta",10288,"particular","turismo","diesel","M","otro","casado","anual",0,2,"medio","presencial",7,2,0,2,0.338,1,4.574,1,"baja",8764.77,1252.11,1,"5","5"
2363,"24","5",1.146,0.1146,62,"35-65",34,157,2105,9,26408,952,"mixta",5240,"particular","turismo","gasolina","H","otro","soltero","anual",1,1,"medio","telefonico",0,1,0,0,1.146,0,1.146,1,"baja",0,NA,0,"3","3"
2364,"24","5",3.95,0.395,37,"35-65",16,131,1593,15,29601,260,"mixta",15481,"particular","moto","diesel","H","negro","soltero","anual",1,1,"medio","presencial",0,5,1,2,3.95,0,3.95,1,"baja",0,NA,0,"2","2"
2365,"24","5",1.542,0.1542,26,"25-35",3,117,1840,16,28934,2364,"urbana",7025,"particular","turismo","diesel","H","otro","casado","anual",0,3,"basico","presencial",1,0,0,0,1.358,1,3.753,0,"fin_estudio",3389.34,3389.34,1,"3","4"
2366,"24","5",5.732,0.5732,57,"35-65",27,115,1853,12,32761,33,"rural",17642,"particular","furgoneta","gasolina","M","negro","soltero","anual",1,1,"superior","presencial",0,1,1,1,5.732,0,6.567,0,"fin_estudio",0,NA,0,"2","1"
2367,"24","5",4.541,0.4541,62,"35-65",18,118,2065,4,29870,447,"mixta",26565,"particular","moto","diesel","H","otro","casado","mensual",1,1,"basico","presencial",1,1,0,1,4.062,1,4.541,1,"baja",6153.04,6153.04,1,"2","3"
2368,"24","5",7.881,0.7881,57,"35-65",27,113,1797,8,22466,307,"mixta",27747,"particular","turismo","diesel","H","rojo","casado","anual",0,1,"basico","telefonico",0,7,0,2,7.881,0,8.185,0,"fin_estudio",0,NA,0,"1","1"
2369,"24","5",6.729,0.6729,38,"35-65",10,96,1233,0,24889,125,"rural",13878,"comercial","furgoneta","gasolina","M","rojo","soltero","anual",0,1,"basico","telefonico",1,2,0,1,3.908,1,10,0,"fin_estudio",2082.78,2082.78,1,"1","1"
2370,"24","5",3.219,0.3219,51,"35-65",21,55,859,8,30124,121,"rural",9526,"comercial","moto","gasolina","H","rojo","soltero","anual",0,1,"medio","telefonico",0,1,0,1,3.219,0,3.219,1,"baja",0,NA,0,"2","2"
2371,"24","5",5.746,0.5746,32,"25-35",10,88,1167,6,11514,552,"mixta",13570,"particular","turismo","gasolina","H","blanco","otro","mensual",1,1,"medio","telefonico",1,3,0,2,4.303,1,5.746,1,"baja",1387.36,1387.36,1,"2","1"
2372,"24","5",3.502,0.3502,46,"35-65",27,146,1831,12,23548,1079,"urbana",9985,"particular","furgoneta","diesel","M","otro","soltero","mensual",1,1,"superior","telefonico",0,2,0,1,3.502,0,3.502,1,"baja",0,NA,0,"3","3"
2373,"25","5",4.033,0.4033,49,"35-65",18,130,2318,13,10607,969,"mixta",35494,"particular","turismo","diesel","M","rojo","casado","anual",0,2,"basico","presencial",1,2,0,2,1.278,1,6.785,0,"fin_estudio",3868.49,3868.49,1,"3","3"
2374,"25","5",7.051,0.7051,47,"35-65",18,122,1594,8,26514,97,"rural",18788,"particular","turismo","gasolina","H","otro","soltero","anual",0,2,"medio","telefonico",0,4,1,1,7.051,0,10,0,"fin_estudio",0,NA,0,"2","1"
2375,"25","5",0.852,0.0852,40,"35-65",21,114,1369,17,20425,6656,"urbana",15948,"particular","turismo","diesel","H","otro","casado","mensual",1,1,"medio","presencial",0,0,0,0,0.852,0,0.852,1,"baja",0,NA,0,"3","3"
2376,"25","5",1.648,0.1648,57,"35-65",37,145,2557,0,7142,140,"rural",8577,"particular","turismo","diesel","H","negro","casado","anual",0,1,"medio","presencial",0,0,0,0,1.648,0,10,0,"fin_estudio",0,NA,0,"4","3"
2377,"25","5",5.037,0.5037,56,"35-65",36,169,2847,6,21057,446,"mixta",9513,"particular","turismo","diesel","H","blanco","casado","mensual",0,1,"medio","telefonico",0,1,1,1,5.037,0,10,0,"fin_estudio",0,NA,0,"1","1"
2378,"25","5",5.818,0.5818,59,"35-65",32,55,828,12,16969,4441,"urbana",18091,"particular","turismo","gasolina","M","otro","otro","anual",0,1,"medio","telefonico",3,1,0,0,4.322,1,10,0,"fin_estudio",2855.36,951.79,1,"5","5"
2379,"25","5",2.669,0.2669,60,"35-65",39,55,880,12,20214,200,"mixta",10420,"particular","turismo","diesel","H","rojo","casado","anual",0,1,"medio","presencial",0,1,0,0,2.669,0,10,0,"fin_estudio",0,NA,0,"1","1"
2380,"25","5",4.801,0.4801,52,"35-65",22,129,2108,2,35016,131,"rural",15009,"particular","turismo","diesel","M","rojo","soltero","anual",1,1,"medio","presencial",0,3,0,1,4.801,0,10,0,"fin_estudio",0,NA,0,"1","1"
2381,"25","5",2.306,0.2306,46,"35-65",21,122,1561,9,18662,129,"rural",19199,"particular","turismo","diesel","H","rojo","casado","anual",0,2,"basico","presencial",0,1,0,4,2.306,0,6.829,0,"fin_estudio",0,NA,0,"3","2"
2382,"25","5",2.019,0.2019,46,"35-65",19,108,1930,4,25875,114,"rural",5415,"particular","turismo","gasolina","M","otro","casado","anual",1,2,"basico","presencial",0,1,0,0,2.019,0,10,0,"fin_estudio",0,NA,0,"1","1"
2383,"25","5",4.394,0.4394,31,"25-35",10,121,2094,14,16328,420,"mixta",13683,"comercial","turismo","diesel","M","rojo","casado","mensual",0,2,"basico","telefonico",0,6,1,2,4.394,0,10,0,"fin_estudio",0,NA,0,"2","2"
2384,"25","5",2.24,0.224,38,"35-65",18,72,1132,11,16200,495,"mixta",6984,"particular","turismo","gasolina","M","negro","soltero","anual",0,1,"medio","presencial",0,0,2,1,2.24,0,5.568,0,"fin_estudio",0,NA,0,"1","1"
2385,"25","5",3.551,0.3551,50,"35-65",27,134,2326,3,27532,328,"mixta",24721,"comercial","turismo","diesel","H","negro","soltero","anual",0,1,"superior","telematico",0,3,1,2,3.551,0,3.551,1,"baja",0,NA,0,"4","4"
2386,"25","5",5.151,0.5151,49,"35-65",22,150,2586,10,20184,126,"rural",9910,"particular","turismo","diesel","H","gris","soltero","anual",1,1,"basico","presencial",0,1,0,5,5.151,0,5.151,1,"baja",0,NA,0,"1","1"
2387,"25","5",3.634,0.3634,41,"35-65",12,65,1111,8,17571,743,"mixta",12586,"particular","furgoneta","diesel","H","otro","soltero","anual",1,1,"medio","telematico",0,0,0,1,3.634,0,3.634,1,"baja",0,NA,0,"1","1"
2388,"25","5",4.092,0.4092,37,"35-65",16,101,1652,8,32208,3396,"urbana",17638,"comercial","turismo","diesel","M","otro","casado","mensual",0,2,"basico","presencial",0,3,0,3,4.092,0,4.968,0,"fin_estudio",0,NA,0,"3","3"
2389,"25","5",7.225,0.7225,18,"18-25",0,55,800,12,26292,543,"mixta",13357,"comercial","turismo","diesel","M","rojo","otro","anual",0,1,"superior","presencial",10,2,1,0,0.049,1,10,0,"fin_estudio",13497.68,1349.77,1,"5","5"
2390,"25","5",4.097,0.4097,48,"35-65",19,110,1831,11,20323,1272,"urbana",24276,"particular","turismo","gasolina","M","otro","casado","anual",0,1,"basico","telefonico",0,3,0,0,4.097,0,4.097,1,"baja",0,NA,0,"1","1"
2391,"25","5",3.739,0.3739,54,"35-65",27,67,949,16,21258,410,"mixta",8360,"particular","turismo","diesel","H","blanco","soltero","anual",0,1,"basico","presencial",0,1,0,0,3.739,0,4.371,0,"fin_estudio",0,NA,0,"2","1"
2392,"25","5",5.542,0.5542,44,"35-65",24,79,949,6,31138,95,"rural",16786,"comercial","turismo","gasolina","H","blanco","casado","anual",0,2,"medio","presencial",0,0,0,1,5.542,0,5.542,1,"baja",0,NA,0,"1","1"
2393,"25","5",5.25,0.525,66,"65+",43,125,1592,13,28018,153,"mixta",6893,"comercial","moto","diesel","H","gris","casado","anual",0,1,"medio","presencial",0,4,1,4,5.25,0,5.25,1,"baja",0,NA,0,"1","1"
2394,"25","5",2.156,0.2156,65,"35-65",39,121,1666,3,17109,10571,"urbana",5769,"particular","moto","diesel","H","otro","soltero","mensual",0,1,"medio","telefonico",0,1,0,1,2.156,0,10,0,"fin_estudio",0,NA,0,"1","1"
2395,"25","5",2.505,0.2505,28,"25-35",4,140,2205,1,19591,1219,"urbana",7741,"comercial","turismo","gasolina","H","negro","casado","mensual",0,1,"basico","presencial",5,3,0,0,1.006,1,10,0,"fin_estudio",9792.25,1958.45,1,"5","5"
2396,"25","5",7.276,0.7276,55,"35-65",26,149,2191,0,15387,255,"mixta",12829,"particular","turismo","diesel","M","blanco","soltero","anual",0,1,"superior","presencial",1,1,0,3,3.563,1,8.172,0,"fin_estudio",986.69,986.69,1,"2","2"
2397,"25","5",8.047,0.8047,57,"35-65",39,156,1909,15,30056,107,"rural",12949,"particular","turismo","diesel","H","gris","casado","anual",1,2,"basico","telefonico",3,5,0,3,3.277,1,8.047,1,"baja",5018.6,1672.87,1,"3","2"
2398,"25","5",0.966,0.0966,68,"65+",20,93,1254,2,35956,458,"mixta",11219,"particular","turismo","gasolina","H","rojo","soltero","anual",1,2,"medio","telematico",0,0,0,0,0.966,0,0.966,1,"baja",0,NA,0,"2","2"
2399,"25","5",1.049,0.1049,54,"35-65",25,153,2211,8,21032,33,"rural",36138,"particular","turismo","gasolina","M","rojo","casado","anual",0,1,"superior","presencial",0,1,0,0,1.049,0,1.049,1,"baja",0,NA,0,"1","1"
2400,"25","5",3.245,0.3245,37,"35-65",16,97,1325,10,32125,125,"rural",8030,"particular","turismo","gasolina","M","otro","casado","anual",0,1,"medio","presencial",0,1,0,0,3.245,0,4.119,0,"fin_estudio",0,NA,0,"3","3"
2401,"25","5",4.437,0.4437,37,"35-65",17,95,1493,15,34797,269,"mixta",18176,"particular","turismo","diesel","H","gris","otro","mensual",0,2,"medio","telefonico",2,3,0,0,2.285,1,10,0,"fin_estudio",4855.77,2427.88,1,"4","3"
2402,"25","5",2.047,0.2047,18,"18-25",0,176,2466,6,43905,119,"rural",4768,"particular","turismo","diesel","M","otro","casado","mensual",0,1,"medio","presencial",0,0,1,2,2.047,0,2.047,1,"baja",0,NA,0,"4","4"
2403,"25","5",2.605,0.2605,57,"35-65",22,149,2174,16,26994,150,"rural",20534,"particular","turismo","gasolina","H","rojo","soltero","mensual",1,1,"basico","presencial",0,0,0,1,2.605,0,5.746,0,"fin_estudio",0,NA,0,"2","2"
2404,"25","5",6.737,0.6737,41,"35-65",16,112,1594,13,25712,683,"mixta",12250,"particular","turismo","diesel","M","rojo","soltero","anual",1,1,"basico","presencial",0,1,1,2,6.737,0,6.737,1,"baja",0,NA,0,"1","1"
2405,"25","5",5.112,0.5112,33,"25-35",13,55,800,11,15138,289,"mixta",10946,"particular","furgoneta","diesel","M","blanco","casado","mensual",0,2,"medio","telematico",0,2,0,2,5.112,0,10,0,"fin_estudio",0,NA,0,"1","1"
2406,"25","5",9.191,0.9191,40,"35-65",11,65,811,1,39373,648,"mixta",8088,"particular","furgoneta","diesel","H","rojo","soltero","anual",0,1,"basico","telefonico",1,4,0,2,8.319,1,10,0,"fin_estudio",1777.89,1777.89,1,"2","1"
2407,"25","5",2.487,0.2487,24,"18-25",2,68,980,5,11858,284,"mixta",12248,"particular","moto","diesel","H","blanco","casado","mensual",0,1,"superior","presencial",0,0,0,1,2.487,0,10,0,"fin_estudio",0,NA,0,"1","1"
2408,"25","5",0.592,0.0592,34,"25-35",14,160,2490,12,27572,162,"mixta",19005,"comercial","turismo","diesel","H","gris","casado","anual",1,1,"medio","presencial",0,1,1,0,0.592,0,0.592,1,"baja",0,NA,0,"2","2"
2409,"25","5",5.749,0.5749,42,"35-65",12,109,1761,14,17268,34,"rural",6139,"particular","furgoneta","gasolina","H","gris","soltero","anual",1,1,"superior","presencial",0,0,0,3,5.749,0,5.807,0,"fin_estudio",0,NA,0,"1","1"
2410,"25","5",3.868,0.3868,59,"35-65",27,57,800,14,35779,745,"mixta",17410,"particular","turismo","gasolina","M","negro","casado","anual",0,1,"medio","presencial",0,1,1,0,3.868,0,4.63,0,"fin_estudio",0,NA,0,"3","3"
2411,"25","5",3.581,0.3581,52,"35-65",31,94,1418,5,11771,160,"mixta",11039,"particular","furgoneta","gasolina","H","negro","soltero","mensual",0,1,"basico","telefonico",0,0,0,2,3.581,0,6.745,0,"fin_estudio",0,NA,0,"3","3"
2412,"25","5",4.484,0.4484,59,"35-65",33,113,1523,8,23895,1209,"urbana",8707,"particular","turismo","gasolina","H","otro","otro","mensual",0,1,"basico","telefonico",0,1,0,0,4.484,0,10,0,"fin_estudio",0,NA,0,"1","1"
2413,"25","5",2.895,0.2895,75,"65+",54,94,1559,15,18224,249,"mixta",13885,"comercial","moto","gasolina","M","blanco","otro","anual",0,2,"medio","telematico",0,3,0,1,2.895,0,2.895,1,"baja",0,NA,0,"3","3"
2414,"25","5",4.482,0.4482,44,"35-65",18,97,1549,2,25227,421,"mixta",8292,"particular","moto","diesel","H","otro","soltero","mensual",1,1,"medio","telematico",0,1,0,2,4.482,0,10,0,"fin_estudio",0,NA,0,"2","2"
2415,"25","5",4.118,0.4118,55,"35-65",33,55,871,3,17962,151,"mixta",5279,"particular","turismo","diesel","M","rojo","casado","mensual",0,1,"medio","presencial",0,0,0,1,4.118,0,10,0,"fin_estudio",0,NA,0,"1","1"
2416,"25","5",6.147,0.6147,59,"35-65",20,102,1578,16,20746,94,"rural",13546,"particular","turismo","gasolina","M","otro","soltero","mensual",0,1,"medio","telefonico",0,1,0,2,6.147,0,10,0,"fin_estudio",0,NA,0,"1","1"
2417,"25","5",7.779,0.7779,53,"35-65",23,158,2099,7,23856,1996,"urbana",15296,"comercial","turismo","diesel","M","negro","casado","mensual",0,2,"medio","telematico",0,3,1,4,7.779,0,8.889,0,"fin_estudio",0,NA,0,"1","1"
2418,"25","5",0.632,0.0632,45,"35-65",21,110,1747,5,13965,364,"mixta",5972,"comercial","turismo","gasolina","H","blanco","casado","mensual",1,1,"basico","presencial",0,0,0,0,0.632,0,0.632,1,"baja",0,NA,0,"3","3"
2419,"25","5",6.24,0.624,18,"18-25",0,63,800,8,24801,187,"mixta",13702,"particular","turismo","diesel","M","blanco","soltero","anual",0,1,"basico","telematico",2,6,0,2,4.872,1,6.24,1,"baja",2036.75,1018.38,1,"2","3"
2420,"25","5",1.828,0.1828,44,"35-65",23,91,1284,8,32227,51,"rural",18182,"particular","turismo","diesel","M","gris","soltero","anual",0,2,"basico","telefonico",0,1,0,0,1.828,0,1.828,1,"baja",0,NA,0,"2","1"
2421,"25","5",8.82,0.882,40,"35-65",17,69,994,12,29991,70,"rural",41395,"particular","turismo","diesel","H","otro","soltero","anual",0,2,"basico","telematico",0,8,0,1,8.82,0,9.84,0,"fin_estudio",0,NA,0,"1","1"
2422,"25","5",2.506,0.2506,58,"35-65",19,148,1825,8,26804,93,"rural",30808,"particular","turismo","diesel","H","blanco","otro","mensual",0,1,"medio","presencial",0,1,0,0,2.506,0,2.506,1,"baja",0,NA,0,"3","3"
2423,"25","5",5.604,0.5604,39,"35-65",14,126,1520,9,40159,335,"mixta",10586,"particular","furgoneta","diesel","H","otro","casado","mensual",1,1,"basico","presencial",1,2,1,3,2.442,1,9.212,0,"fin_estudio",1050.52,1050.52,1,"3","2"
2424,"25","5",6.91,0.691,25,"18-25",5,55,960,6,14922,786,"mixta",12783,"particular","turismo","diesel","M","blanco","soltero","anual",0,2,"medio","telefonico",1,5,0,1,3.276,1,10,0,"fin_estudio",596.51,596.51,1,"1","1"
2425,"25","5",3.692,0.3692,59,"35-65",31,132,2118,11,30106,487,"mixta",8686,"particular","turismo","diesel","H","gris","casado","mensual",0,1,"superior","telefonico",2,0,0,5,0.594,1,9.153,0,"fin_estudio",6284.23,3142.11,1,"3","2"
2426,"25","5",6.676,0.6676,52,"35-65",31,151,2085,5,33566,418,"mixta",6224,"particular","turismo","diesel","H","blanco","soltero","mensual",0,1,"medio","presencial",0,2,0,2,6.676,0,10,0,"fin_estudio",0,NA,0,"1","1"
2427,"25","5",4.149,0.4149,76,"65+",22,81,1271,8,28011,1340,"urbana",9934,"particular","furgoneta","gasolina","M","rojo","soltero","anual",0,1,"basico","presencial",0,2,0,2,4.149,0,10,0,"fin_estudio",0,NA,0,"1","1"
2428,"25","5",2.247,0.2247,55,"35-65",30,86,1449,13,44060,2203,"urbana",8764,"particular","turismo","gasolina","M","otro","casado","mensual",1,2,"basico","telefonico",0,2,0,1,2.247,0,2.247,1,"baja",0,NA,0,"3","3"
2429,"25","5",3.006,0.3006,18,"18-25",0,61,1035,6,32005,1222,"urbana",8514,"particular","furgoneta","diesel","H","blanco","casado","mensual",1,1,"medio","telematico",2,0,0,0,1.753,1,3.006,1,"baja",2505.79,1252.89,1,"3","2"
2430,"25","5",1.669,0.1669,43,"35-65",16,83,1124,10,27841,296,"mixta",5430,"particular","furgoneta","diesel","H","blanco","casado","mensual",0,1,"basico","presencial",0,0,0,2,1.669,0,1.669,1,"baja",0,NA,0,"3","3"
2431,"25","5",4.966,0.4966,64,"35-65",26,186,2713,15,34837,159,"mixta",9824,"particular","turismo","diesel","H","gris","casado","anual",0,1,"superior","presencial",0,4,1,1,4.966,0,4.966,1,"baja",0,NA,0,"1","1"
2432,"25","5",9.686,0.9686,49,"35-65",13,105,1497,17,29180,513,"mixta",9523,"particular","furgoneta","diesel","M","otro","casado","anual",1,1,"basico","telematico",0,4,0,5,9.686,0,10,0,"fin_estudio",0,NA,0,"1","1"
2433,"25","5",3.72,0.372,46,"35-65",17,87,1334,11,34196,123,"rural",9770,"particular","furgoneta","gasolina","H","gris","casado","anual",0,1,"basico","presencial",0,0,0,0,3.72,0,10,0,"fin_estudio",0,NA,0,"2","1"
2434,"25","5",3.447,0.3447,64,"35-65",38,77,1204,3,16240,162,"mixta",6678,"particular","turismo","gasolina","M","otro","casado","anual",1,1,"basico","presencial",0,1,0,1,3.447,0,10,0,"fin_estudio",0,NA,0,"1","1"
2435,"25","5",3.977,0.3977,49,"35-65",13,129,1942,4,29364,345,"mixta",7571,"particular","turismo","diesel","M","negro","soltero","mensual",0,1,"basico","presencial",1,1,0,0,3.409,1,3.977,1,"baja",2332.97,2332.97,1,"1","2"
2436,"25","5",1.993,0.1993,51,"35-65",26,55,800,8,22593,292,"mixta",9653,"particular","turismo","gasolina","H","rojo","casado","mensual",1,2,"medio","presencial",0,0,0,1,1.993,0,10,0,"fin_estudio",0,NA,0,"2","2"
2437,"25","5",3.379,0.3379,45,"35-65",12,90,1176,12,32239,136,"rural",8481,"particular","turismo","gasolina","H","blanco","casado","mensual",0,1,"basico","presencial",0,0,0,2,3.379,0,3.379,1,"baja",0,NA,0,"1","1"
2438,"25","5",4.726,0.4726,26,"25-35",5,55,800,1,17539,76,"rural",8723,"particular","moto","diesel","H","rojo","casado","mensual",0,1,"superior","telematico",0,2,0,1,4.726,0,9.929,0,"fin_estudio",0,NA,0,"1","1"
2439,"25","5",3.606,0.3606,52,"35-65",18,71,1132,7,27810,789,"mixta",21414,"particular","turismo","diesel","M","otro","soltero","anual",0,2,"basico","telematico",0,1,0,1,3.606,0,10,0,"fin_estudio",0,NA,0,"4","4"
2440,"25","5",4.006,0.4006,34,"25-35",15,130,1615,7,27199,518,"mixta",23705,"comercial","turismo","gasolina","M","otro","casado","mensual",0,2,"medio","presencial",1,3,0,3,2.539,1,4.006,1,"baja",2661.18,2661.18,1,"2","1"
2441,"25","5",7.698,0.7698,37,"35-65",18,148,2538,5,28336,107,"rural",11994,"particular","turismo","diesel","M","rojo","soltero","anual",0,2,"medio","presencial",1,3,0,1,2.893,1,10,0,"fin_estudio",238.33,238.33,1,"1","1"
2442,"25","5",4.557,0.4557,40,"35-65",20,156,2106,7,24151,718,"mixta",28342,"particular","turismo","gasolina","H","negro","casado","mensual",0,2,"medio","presencial",2,4,0,1,1.274,1,6.724,0,"fin_estudio",4349.05,2174.52,1,"4","4"
2443,"25","5",6.437,0.6437,68,"65+",43,143,2423,10,26869,633,"mixta",9147,"comercial","turismo","diesel","H","gris","casado","mensual",1,1,"medio","telefonico",0,7,1,2,6.437,0,10,0,"fin_estudio",0,NA,0,"1","1"
2444,"25","5",2.606,0.2606,29,"25-35",5,117,1747,0,27241,545,"mixta",10186,"comercial","turismo","diesel","M","blanco","casado","anual",0,1,"superior","presencial",0,1,0,2,2.606,0,8.473,0,"fin_estudio",0,NA,0,"2","1"
2445,"25","5",6.165,0.6165,58,"35-65",17,120,1493,5,26009,78,"rural",7474,"particular","moto","diesel","H","blanco","otro","anual",1,1,"medio","presencial",0,0,0,2,6.165,0,10,0,"fin_estudio",0,NA,0,"1","1"
2446,"25","5",3.726,0.3726,52,"35-65",25,84,1107,11,25659,246,"mixta",23563,"particular","turismo","diesel","M","negro","casado","mensual",0,1,"basico","presencial",0,1,0,2,3.726,0,3.726,1,"baja",0,NA,0,"3","3"
2447,"25","5",6.35,0.635,38,"35-65",16,126,1710,10,18801,172,"mixta",9362,"particular","turismo","gasolina","H","gris","soltero","mensual",0,1,"superior","presencial",0,0,0,2,6.35,0,10,0,"fin_estudio",0,NA,0,"1","1"
2448,"25","5",2.584,0.2584,52,"35-65",32,87,1279,0,25769,694,"mixta",11526,"comercial","turismo","gasolina","M","gris","casado","mensual",1,1,"superior","telematico",0,0,0,3,2.584,0,2.584,1,"baja",0,NA,0,"2","2"
2449,"25","5",8.611,0.8611,27,"25-35",3,110,1405,10,33121,257,"mixta",13269,"particular","turismo","diesel","H","gris","casado","anual",0,2,"basico","telefonico",1,8,0,2,3.109,1,10,0,"fin_estudio",5080.16,5080.16,1,"2","2"
2450,"25","5",7.457,0.7457,60,"35-65",28,76,1233,4,16317,357,"mixta",6637,"particular","furgoneta","gasolina","M","negro","otro","mensual",0,3,"medio","presencial",0,3,0,4,7.457,0,10,0,"fin_estudio",0,NA,0,"1","1"
2451,"25","5",5.761,0.5761,32,"25-35",7,156,2126,5,29134,102,"rural",6340,"particular","moto","gasolina","H","negro","casado","anual",1,1,"medio","presencial",0,1,0,2,5.761,0,10,0,"fin_estudio",0,NA,0,"1","1"
2452,"25","5",3.336,0.3336,33,"25-35",12,127,1701,12,14365,450,"mixta",22224,"particular","turismo","gasolina","H","blanco","soltero","anual",1,1,"medio","telefonico",2,3,0,2,0.65,1,10,0,"fin_estudio",4227.24,2113.62,1,"4","5"
2453,"25","5",9.15,0.915,48,"35-65",21,66,1108,7,27929,70,"rural",8771,"particular","turismo","diesel","H","gris","soltero","mensual",1,1,"basico","telefonico",0,3,2,3,9.15,0,10,0,"fin_estudio",0,NA,0,"2","2"
2454,"25","5",1.555,0.1555,56,"35-65",18,55,800,11,15468,571,"mixta",15047,"particular","turismo","diesel","H","blanco","casado","anual",0,1,"superior","telefonico",0,0,0,0,1.555,0,7.919,0,"fin_estudio",0,NA,0,"2","2"
2455,"25","5",1.405,0.1405,64,"35-65",26,135,2029,14,23976,542,"mixta",15684,"comercial","moto","diesel","H","rojo","soltero","mensual",1,1,"medio","presencial",0,1,0,0,1.405,0,1.405,1,"baja",0,NA,0,"4","3"
2456,"25","5",4.97,0.497,32,"25-35",9,99,1767,10,31317,572,"mixta",13793,"particular","turismo","gasolina","M","blanco","soltero","mensual",0,1,"basico","telefonico",0,1,0,2,4.97,0,4.97,1,"baja",0,NA,0,"1","1"
2457,"25","5",1.475,0.1475,47,"35-65",21,145,2118,17,29439,135,"rural",24997,"particular","turismo","diesel","M","negro","casado","mensual",0,2,"medio","telematico",0,0,0,1,1.475,0,10,0,"fin_estudio",0,NA,0,"1","1"
2458,"25","5",3.347,0.3347,68,"65+",33,146,2473,9,19146,154,"mixta",8609,"particular","turismo","gasolina","M","negro","casado","anual",1,1,"medio","telefonico",0,1,0,2,3.347,0,10,0,"fin_estudio",0,NA,0,"1","1"
2459,"25","5",1.523,0.1523,44,"35-65",18,55,924,4,19647,539,"mixta",16821,"particular","turismo","gasolina","H","gris","soltero","mensual",0,1,"medio","presencial",0,0,0,1,1.523,0,2.109,0,"fin_estudio",0,NA,0,"3","2"
2460,"25","5",4.793,0.4793,40,"35-65",20,55,910,15,30170,78,"rural",17366,"particular","furgoneta","diesel","H","blanco","casado","mensual",0,1,"basico","telematico",0,2,0,0,4.793,0,10,0,"fin_estudio",0,NA,0,"1","1"
2461,"25","5",0.644,0.0644,33,"25-35",10,104,1641,6,22883,207,"mixta",8526,"particular","turismo","diesel","H","negro","soltero","mensual",0,2,"superior","telefonico",0,1,0,0,0.644,0,0.644,1,"baja",0,NA,0,"2","2"
2462,"25","5",8.053,0.8053,32,"25-35",12,103,1540,6,24023,77,"rural",6920,"particular","turismo","gasolina","M","gris","soltero","mensual",0,1,"basico","telematico",1,1,0,2,3.578,1,10,0,"fin_estudio",1433.76,1433.76,1,"1","1"
2463,"25","5",8.481,0.8481,38,"35-65",13,86,1238,8,27967,731,"mixta",43200,"particular","turismo","diesel","H","negro","casado","mensual",0,1,"superior","presencial",0,6,0,1,8.481,0,10,0,"fin_estudio",0,NA,0,"1","1"
2464,"25","5",8.812,0.8812,52,"35-65",15,128,2124,2,34402,200,"mixta",8387,"particular","turismo","diesel","M","gris","soltero","anual",0,2,"basico","telefonico",0,5,1,2,8.812,0,10,0,"fin_estudio",0,NA,0,"2","1"
2465,"26","6",7.56,0.756,22,"18-25",4,114,1585,5,27570,61,"rural",8609,"particular","turismo","diesel","M","negro","soltero","mensual",0,1,"medio","presencial",0,4,1,2,7.56,0,10,0,"fin_estudio",0,NA,0,"1","1"
2466,"26","6",0.884,0.0884,65,"35-65",22,159,2778,4,32473,670,"mixta",14740,"particular","moto","gasolina","H","gris","casado","mensual",1,1,"superior","presencial",0,0,0,0,0.884,0,0.884,1,"baja",0,NA,0,"5","5"
2467,"26","6",0.876,0.0876,18,"18-25",0,152,1932,3,30831,527,"mixta",45519,"particular","turismo","diesel","M","gris","casado","mensual",0,1,"basico","presencial",0,2,0,1,0.876,0,0.876,1,"baja",0,NA,0,"3","3"
2468,"26","6",8.061,0.8061,61,"35-65",21,158,2637,11,32264,394,"mixta",10618,"particular","turismo","diesel","H","gris","casado","mensual",1,1,"medio","presencial",1,3,0,4,6.303,1,10,0,"fin_estudio",2831.57,2831.57,1,"2","2"
2469,"26","6",3.448,0.3448,67,"65+",41,121,1992,1,22021,322,"mixta",16522,"particular","turismo","gasolina","M","otro","casado","mensual",1,1,"medio","presencial",1,2,0,0,0.428,1,3.448,1,"baja",1555.17,1555.17,1,"2","1"
2470,"26","6",2.173,0.2173,31,"25-35",12,79,1239,0,32612,237,"mixta",12652,"particular","turismo","gasolina","H","negro","casado","mensual",1,4,"medio","presencial",1,2,0,0,0.525,1,6.644,0,"fin_estudio",9464.72,9464.72,1,"4","4"
2471,"26","6",3.571,0.3571,55,"35-65",31,93,1453,2,22091,155,"mixta",13485,"particular","turismo","diesel","M","gris","otro","mensual",0,1,"medio","telematico",0,3,0,3,3.571,0,10,0,"fin_estudio",0,NA,0,"1","1"
2472,"26","6",4.464,0.4464,70,"65+",24,55,814,13,24889,762,"mixta",14260,"particular","furgoneta","diesel","M","rojo","casado","mensual",0,3,"medio","presencial",0,6,0,0,4.464,0,4.464,1,"baja",0,NA,0,"2","1"
2473,"26","6",3.263,0.3263,46,"35-65",19,120,1917,14,21192,351,"mixta",18249,"comercial","turismo","diesel","M","rojo","casado","mensual",0,1,"medio","telematico",0,4,0,1,3.263,0,3.263,1,"baja",0,NA,0,"2","1"
2474,"26","6",7.587,0.7587,42,"35-65",22,172,2381,6,35670,1124,"urbana",14428,"particular","furgoneta","gasolina","M","rojo","casado","anual",0,2,"basico","presencial",0,1,0,3,7.587,0,7.587,1,"baja",0,NA,0,"1","1"
2475,"26","6",1.225,0.1225,45,"35-65",10,115,1993,2,38963,90,"rural",29609,"comercial","moto","diesel","M","blanco","casado","anual",1,1,"superior","presencial",1,1,0,0,0.672,1,5.167,0,"fin_estudio",1480.79,1480.79,1,"4","3"
2476,"26","6",2.037,0.2037,18,"18-25",0,60,835,16,10983,658,"mixta",9760,"particular","turismo","diesel","M","otro","soltero","anual",0,1,"basico","presencial",1,1,0,1,0.779,1,5.346,0,"fin_estudio",1536.39,1536.39,1,"4","3"
2477,"26","6",2.595,0.2595,61,"35-65",39,125,1751,7,30837,680,"mixta",19572,"particular","turismo","diesel","M","rojo","soltero","anual",0,2,"basico","telematico",0,1,0,2,2.595,0,10,0,"fin_estudio",0,NA,0,"1","1"
2478,"26","6",7.663,0.7663,45,"35-65",25,59,886,13,33369,338,"mixta",18193,"particular","turismo","diesel","M","otro","soltero","anual",0,1,"medio","presencial",2,4,0,3,1.583,1,7.663,1,"baja",486.61,243.3,1,"2","2"
2479,"26","6",2.347,0.2347,58,"35-65",30,135,2231,8,37236,50,"rural",22745,"particular","turismo","gasolina","H","blanco","casado","mensual",0,1,"medio","presencial",0,3,0,2,2.347,0,10,0,"fin_estudio",0,NA,0,"1","1"
2480,"26","6",0.853,0.0853,69,"65+",42,129,1643,8,30177,2740,"urbana",8813,"comercial","turismo","diesel","H","negro","casado","anual",0,1,"superior","presencial",0,0,0,0,0.853,0,0.853,1,"baja",0,NA,0,"4","4"
2481,"26","6",1.551,0.1551,40,"35-65",10,93,1564,10,21411,1128,"urbana",12269,"particular","turismo","gasolina","H","gris","casado","mensual",0,1,"basico","presencial",0,0,0,0,1.551,0,8.4,0,"fin_estudio",0,NA,0,"3","2"
2482,"26","6",4.592,0.4592,44,"35-65",26,157,2155,3,25877,1907,"urbana",15288,"particular","turismo","gasolina","H","blanco","casado","mensual",1,2,"superior","presencial",3,3,0,2,0.555,1,6.934,0,"fin_estudio",9754,3251.33,1,"5","5"
2483,"26","6",4.008,0.4008,59,"35-65",30,91,1268,13,20124,305,"mixta",17188,"particular","moto","gasolina","H","gris","soltero","anual",0,3,"basico","telematico",0,2,0,0,4.008,0,4.405,0,"fin_estudio",0,NA,0,"1","1"
2484,"26","6",4.821,0.4821,62,"35-65",26,149,2168,7,22527,258,"mixta",6492,"particular","turismo","gasolina","H","negro","soltero","anual",0,1,"medio","telematico",0,2,0,2,4.821,0,5.485,0,"fin_estudio",0,NA,0,"1","1"
2485,"26","6",3.428,0.3428,27,"25-35",8,203,2612,9,55520,635,"mixta",5238,"particular","turismo","diesel","M","rojo","casado","mensual",1,1,"medio","presencial",0,0,0,3,3.428,0,5.695,0,"fin_estudio",0,NA,0,"1","1"
2486,"26","6",5.812,0.5812,40,"35-65",19,84,1473,5,17737,744,"mixta",13529,"particular","turismo","diesel","M","blanco","soltero","anual",1,2,"medio","presencial",0,2,0,1,5.812,0,5.812,1,"baja",0,NA,0,"1","1"
2487,"26","6",5.991,0.5991,67,"65+",23,93,1516,6,20925,877,"mixta",33475,"particular","turismo","gasolina","M","rojo","casado","anual",1,1,"basico","presencial",8,2,0,1,1.22,1,9.626,0,"fin_estudio",15124.32,1890.54,1,"5","5"
2488,"26","6",1.172,0.1172,70,"65+",44,154,2424,10,35546,139,"rural",40665,"particular","turismo","diesel","M","otro","soltero","anual",1,1,"basico","presencial",0,2,0,0,1.172,0,1.172,1,"baja",0,NA,0,"3","2"
2489,"26","6",1.77,0.177,42,"35-65",17,138,2308,13,35140,324,"mixta",15519,"particular","turismo","diesel","H","rojo","soltero","anual",1,1,"basico","presencial",0,2,0,0,1.77,0,10,0,"fin_estudio",0,NA,0,"5","5"
2490,"26","6",2.501,0.2501,44,"35-65",25,143,2122,6,27761,74,"rural",10811,"particular","turismo","diesel","M","blanco","casado","mensual",0,1,"basico","telefonico",0,0,0,1,2.501,0,2.501,1,"baja",0,NA,0,"2","1"
2491,"26","6",4.745,0.4745,19,"18-25",1,93,1634,7,25621,283,"mixta",10806,"particular","furgoneta","diesel","H","negro","soltero","mensual",0,2,"basico","telefonico",0,3,0,4,4.745,0,10,0,"fin_estudio",0,NA,0,"1","1"
2492,"26","6",2.566,0.2566,32,"25-35",11,161,2718,8,19603,671,"mixta",25300,"particular","turismo","diesel","M","gris","casado","anual",1,3,"basico","telematico",0,1,0,1,2.566,0,2.566,1,"baja",0,NA,0,"1","1"
2493,"26","6",4.676,0.4676,41,"35-65",18,65,867,13,26590,127,"rural",23919,"comercial","turismo","diesel","H","gris","casado","mensual",0,1,"medio","presencial",0,1,0,0,4.676,0,10,0,"fin_estudio",0,NA,0,"2","2"
2494,"26","6",2.302,0.2302,51,"35-65",15,93,1264,8,18946,451,"mixta",17664,"particular","furgoneta","gasolina","M","rojo","casado","mensual",0,2,"superior","presencial",0,2,0,3,2.302,0,3.221,0,"fin_estudio",0,NA,0,"1","1"
2495,"26","6",4.983,0.4983,35,"25-35",14,156,2435,5,14346,584,"mixta",17590,"comercial","turismo","diesel","H","negro","soltero","mensual",1,1,"medio","presencial",1,3,1,6,2.12,1,6.934,0,"fin_estudio",1298.08,1298.08,1,"1","1"
2496,"26","6",1.264,0.1264,28,"25-35",5,137,1668,13,25482,83,"rural",17968,"particular","moto","diesel","H","otro","soltero","mensual",0,2,"basico","presencial",0,0,0,0,1.264,0,1.264,1,"baja",0,NA,0,"3","2"
2497,"26","6",2.759,0.2759,51,"35-65",32,103,1459,1,15237,213,"mixta",30872,"particular","moto","gasolina","M","rojo","soltero","anual",0,1,"superior","telefonico",0,3,0,0,2.759,0,2.759,1,"baja",0,NA,0,"4","4"
2498,"26","6",1.571,0.1571,21,"18-25",2,91,1481,5,20024,529,"mixta",6603,"particular","moto","gasolina","H","otro","casado","anual",1,2,"medio","presencial",1,0,0,0,0.404,1,1.571,1,"baja",3110.27,3110.27,1,"4","4"
2499,"26","6",1.679,0.1679,27,"25-35",5,93,1411,9,13212,74,"rural",15116,"comercial","moto","gasolina","H","negro","soltero","mensual",0,2,"medio","presencial",0,0,1,0,1.679,0,3.202,0,"fin_estudio",0,NA,0,"3","2"
2500,"26","6",6.433,0.6433,28,"25-35",8,154,2494,8,32725,1028,"urbana",5373,"particular","moto","gasolina","H","blanco","soltero","mensual",0,1,"basico","presencial",3,3,0,3,0.468,1,6.433,1,"baja",20704.17,6901.39,1,"4","3"
2501,"26","6",1.559,0.1559,31,"25-35",8,126,1864,14,23463,153,"mixta",12698,"particular","turismo","gasolina","H","negro","casado","anual",1,1,"superior","telematico",0,1,0,0,1.559,0,3.216,0,"fin_estudio",0,NA,0,"2","2"
2502,"26","6",1.853,0.1853,60,"35-65",25,70,981,5,35813,173,"mixta",12897,"particular","moto","gasolina","H","gris","otro","anual",0,2,"medio","presencial",0,1,0,3,1.853,0,5.385,0,"fin_estudio",0,NA,0,"1","1"
2503,"26","6",3.83,0.383,48,"35-65",24,174,2562,11,23915,125,"rural",12375,"particular","turismo","gasolina","H","negro","casado","anual",0,1,"basico","telematico",1,1,0,3,2.088,1,10,0,"fin_estudio",434.88,434.88,1,"2","2"
2504,"26","6",2.25,0.225,42,"35-65",9,126,2094,4,23750,80,"rural",7155,"particular","turismo","diesel","M","otro","casado","anual",0,1,"medio","telefonico",0,1,0,0,2.25,0,2.254,0,"fin_estudio",0,NA,0,"1","1"
2505,"26","6",5.376,0.5376,25,"18-25",7,143,2016,17,17354,321,"mixta",6772,"particular","moto","diesel","H","gris","casado","mensual",0,1,"medio","telefonico",0,3,0,1,5.376,0,5.376,1,"baja",0,NA,0,"2","2"
2506,"26","6",1.554,0.1554,18,"18-25",0,149,1858,11,35786,47,"rural",9518,"particular","turismo","gasolina","M","gris","otro","mensual",1,1,"basico","telefonico",0,1,0,2,1.554,0,1.554,1,"baja",0,NA,0,"3","3"
2507,"26","6",1.7,0.17,61,"35-65",34,95,1603,14,28422,258,"mixta",24691,"particular","turismo","diesel","M","otro","casado","anual",1,2,"basico","telematico",0,2,0,1,1.7,0,1.7,1,"baja",0,NA,0,"1","1"
2508,"26","6",1.531,0.1531,54,"35-65",31,178,2403,18,28621,1777,"urbana",13199,"particular","turismo","gasolina","H","gris","soltero","mensual",0,1,"basico","presencial",0,1,0,0,1.531,0,4.699,0,"fin_estudio",0,NA,0,"1","1"
2509,"26","6",1.605,0.1605,28,"25-35",5,80,1069,10,29159,315,"mixta",6509,"particular","turismo","gasolina","H","otro","casado","mensual",0,1,"basico","telefonico",0,1,0,0,1.605,0,10,0,"fin_estudio",0,NA,0,"1","1"
2510,"26","6",2.81,0.281,39,"35-65",9,129,2158,1,14174,260,"mixta",18280,"particular","turismo","diesel","H","negro","casado","anual",1,1,"medio","presencial",1,2,0,0,1.054,1,2.81,1,"baja",623.18,623.18,1,"3","2"
2511,"26","6",3.675,0.3675,45,"35-65",10,142,2539,9,24591,850,"mixta",9215,"particular","turismo","diesel","H","negro","casado","anual",0,1,"medio","presencial",4,1,0,2,1.161,1,10,0,"fin_estudio",4616.52,1154.13,1,"5","5"
2512,"26","6",2.34,0.234,50,"35-65",16,82,1285,5,13434,133,"rural",8229,"particular","turismo","gasolina","M","rojo","casado","anual",0,1,"medio","presencial",0,3,0,1,2.34,0,10,0,"fin_estudio",0,NA,0,"3","2"
2513,"26","6",8.408,0.8408,54,"35-65",31,95,1205,19,20219,78,"rural",4793,"particular","turismo","gasolina","H","negro","soltero","anual",0,1,"superior","presencial",0,6,0,2,8.408,0,10,0,"fin_estudio",0,NA,0,"1","1"
2514,"26","6",0.291,0.0291,37,"35-65",11,161,1979,7,36694,354,"mixta",15874,"particular","turismo","diesel","H","rojo","soltero","anual",0,1,"superior","telematico",0,0,0,0,0.291,0,0.291,1,"baja",0,NA,0,"2","2"
2515,"26","6",1.795,0.1795,73,"65+",40,118,2035,4,25796,367,"mixta",29653,"comercial","turismo","gasolina","M","gris","otro","mensual",1,1,"superior","presencial",0,1,0,3,1.795,0,2.947,0,"fin_estudio",0,NA,0,"5","5"
2516,"26","6",1.777,0.1777,37,"35-65",14,178,3031,11,36186,204,"mixta",18267,"particular","turismo","gasolina","M","blanco","soltero","mensual",0,1,"superior","presencial",0,0,0,1,1.777,0,1.777,1,"baja",0,NA,0,"2","1"
2517,"26","6",3.8,0.38,71,"65+",24,101,1536,11,22065,1342,"urbana",24572,"particular","turismo","diesel","M","blanco","casado","anual",0,1,"medio","presencial",4,1,0,2,1.94,1,7.2,0,"fin_estudio",8778.58,2194.64,1,"5","5"
2518,"26","6",4.358,0.4358,57,"35-65",16,118,1613,6,16502,1395,"urbana",5592,"particular","turismo","diesel","M","gris","casado","anual",1,1,"basico","presencial",0,2,0,2,4.358,0,10,0,"fin_estudio",0,NA,0,"1","1"
2519,"26","6",6.584,0.6584,42,"35-65",13,58,800,9,33834,1543,"urbana",19220,"comercial","turismo","diesel","H","blanco","otro","mensual",1,1,"basico","telefonico",2,2,1,1,1.314,1,6.584,1,"baja",3142.43,1571.21,1,"3","3"
2520,"26","6",9.317,0.9317,22,"18-25",2,83,1463,16,24925,111,"rural",20254,"particular","turismo","gasolina","M","otro","soltero","mensual",0,1,"superior","telematico",10,7,0,1,0.066,1,10,0,"fin_estudio",19584.91,1958.49,1,"4","4"
2521,"26","6",3.059,0.3059,54,"35-65",22,64,931,18,30268,196,"mixta",14894,"particular","furgoneta","diesel","M","rojo","casado","anual",0,1,"medio","presencial",0,0,0,0,3.059,0,7.022,0,"fin_estudio",0,NA,0,"1","1"
2522,"26","6",0.283,0.0283,51,"35-65",19,167,2779,8,31446,233,"mixta",11033,"particular","turismo","diesel","H","gris","soltero","anual",1,2,"medio","telefonico",0,0,0,1,0.283,0,0.283,1,"baja",0,NA,0,"3","3"
2523,"26","6",5.296,0.5296,57,"35-65",29,80,1355,3,35408,530,"mixta",34490,"particular","furgoneta","diesel","M","blanco","casado","anual",1,1,"basico","telematico",0,6,0,3,5.296,0,8.151,0,"fin_estudio",0,NA,0,"1","1"
2524,"26","6",4.019,0.4019,46,"35-65",23,58,800,0,18723,494,"mixta",23694,"particular","turismo","diesel","H","negro","casado","anual",0,3,"superior","telematico",0,1,0,1,4.019,0,10,0,"fin_estudio",0,NA,0,"1","1"
2525,"26","6",6.212,0.6212,34,"25-35",13,146,2309,4,18954,173,"mixta",12354,"comercial","furgoneta","gasolina","H","otro","soltero","anual",0,1,"superior","telefonico",1,1,1,10,3.081,1,10,0,"fin_estudio",1562.08,1562.08,1,"1","1"
2526,"26","6",1.91,0.191,46,"35-65",16,103,1375,10,32599,73,"rural",8173,"particular","turismo","gasolina","M","otro","casado","anual",1,1,"medio","presencial",0,0,0,0,1.91,0,10,0,"fin_estudio",0,NA,0,"2","2"
2527,"26","6",9.74,0.974,32,"25-35",13,55,942,0,19367,78,"rural",6438,"particular","furgoneta","diesel","M","blanco","soltero","mensual",1,1,"superior","presencial",0,5,1,6,9.74,0,10,0,"fin_estudio",0,NA,0,"1","1"
2528,"26","6",2.143,0.2143,68,"65+",31,137,1965,0,17344,322,"mixta",9614,"particular","turismo","diesel","M","rojo","casado","anual",0,1,"basico","presencial",0,1,0,0,2.143,0,7.878,0,"fin_estudio",0,NA,0,"4","3"
2529,"26","6",2.799,0.2799,25,"18-25",5,86,1320,13,19251,112,"rural",7623,"particular","turismo","gasolina","M","gris","casado","anual",1,1,"medio","telefonico",1,4,0,0,0.228,1,2.799,1,"baja",276.95,276.95,1,"5","5"
2530,"26","6",5.973,0.5973,35,"25-35",15,114,1737,4,32137,1528,"urbana",10507,"particular","turismo","diesel","H","blanco","otro","mensual",0,1,"medio","presencial",1,3,0,1,4.181,1,10,0,"fin_estudio",3643.51,3643.51,1,"2","1"
2531,"26","6",1.459,0.1459,41,"35-65",21,55,844,3,35361,292,"mixta",7161,"particular","turismo","diesel","H","otro","soltero","anual",0,1,"basico","presencial",0,1,0,0,1.459,0,1.459,1,"baja",0,NA,0,"4","4"
2532,"26","6",9.914,0.9914,35,"25-35",15,90,1234,9,18220,257,"mixta",12234,"particular","turismo","gasolina","H","otro","soltero","mensual",1,2,"medio","telefonico",1,3,0,3,3.307,1,10,0,"fin_estudio",3580.93,3580.93,1,"1","1"
2533,"26","6",1.387,0.1387,55,"35-65",15,169,3015,11,42575,176,"mixta",12358,"particular","turismo","gasolina","H","otro","soltero","mensual",1,2,"medio","presencial",1,1,0,1,0.472,1,10,0,"fin_estudio",2128.02,2128.02,1,"5","4"
2534,"26","6",5.879,0.5879,62,"35-65",39,165,2617,4,35709,641,"mixta",8070,"particular","furgoneta","diesel","H","otro","soltero","mensual",0,1,"basico","presencial",0,3,1,5,5.879,0,5.879,1,"baja",0,NA,0,"1","1"
2535,"26","6",4.736,0.4736,46,"35-65",22,55,800,7,14135,380,"mixta",15076,"particular","moto","diesel","H","otro","otro","anual",1,1,"basico","presencial",0,1,1,1,4.736,0,4.736,1,"baja",0,NA,0,"1","1"
2536,"26","6",2.891,0.2891,70,"65+",38,141,1726,5,14892,1233,"urbana",4577,"particular","furgoneta","diesel","M","rojo","casado","anual",0,1,"superior","presencial",0,1,1,3,2.891,0,2.891,1,"baja",0,NA,0,"3","2"
2537,"26","6",3.868,0.3868,28,"25-35",4,113,1912,5,22071,70,"rural",30666,"particular","moto","diesel","H","blanco","soltero","mensual",0,1,"basico","telematico",0,2,0,3,3.868,0,3.868,1,"baja",0,NA,0,"1","1"
2538,"26","6",0.402,0.0402,35,"25-35",12,108,1646,10,28507,106,"rural",23201,"particular","turismo","diesel","H","blanco","soltero","mensual",0,1,"medio","presencial",0,0,0,1,0.402,0,0.402,1,"baja",0,NA,0,"3","3"
2539,"26","6",3.283,0.3283,18,"18-25",0,176,2402,12,46576,73,"rural",11914,"particular","turismo","gasolina","H","otro","soltero","anual",0,1,"basico","presencial",0,1,0,3,3.283,0,3.283,1,"baja",0,NA,0,"4","3"
2540,"26","6",3.039,0.3039,44,"35-65",12,113,1646,0,22543,218,"mixta",25288,"particular","turismo","gasolina","M","blanco","casado","anual",0,1,"medio","presencial",2,2,1,1,0.147,1,7.511,0,"fin_estudio",3267.32,1633.66,1,"4","3"
2541,"26","6",3.711,0.3711,79,"65+",39,61,800,14,38258,35,"rural",6203,"particular","furgoneta","diesel","H","otro","soltero","anual",0,2,"basico","presencial",0,1,0,4,3.711,0,3.711,1,"baja",0,NA,0,"1","1"
2542,"26","6",3.179,0.3179,38,"35-65",12,137,1831,11,24159,72,"rural",9920,"particular","moto","diesel","H","gris","casado","mensual",1,1,"superior","presencial",0,3,1,4,3.179,0,4.251,0,"fin_estudio",0,NA,0,"1","1"
2543,"26","6",5.02,0.502,36,"35-65",16,90,1124,11,41074,91,"rural",7591,"particular","furgoneta","diesel","H","rojo","casado","anual",0,2,"medio","presencial",1,1,0,3,4.027,1,10,0,"fin_estudio",851.28,851.28,1,"2","1"
2544,"26","6",3.033,0.3033,65,"35-65",25,197,2648,6,30954,133,"rural",14031,"particular","turismo","diesel","M","rojo","casado","mensual",0,3,"medio","telematico",0,1,0,3,3.033,0,10,0,"fin_estudio",0,NA,0,"1","1"
2545,"26","6",1,0.1,25,"18-25",3,102,1271,8,34500,1191,"urbana",4690,"comercial","turismo","gasolina","H","otro","soltero","anual",0,1,"medio","telefonico",0,0,0,0,1,0,10,0,"fin_estudio",0,NA,0,"2","1"
2546,"26","6",3.014,0.3014,50,"35-65",29,139,1921,5,43144,938,"mixta",14485,"comercial","turismo","diesel","H","otro","casado","mensual",0,1,"medio","presencial",0,0,1,2,3.014,0,3.014,1,"baja",0,NA,0,"1","1"
2547,"26","6",1.29,0.129,64,"35-65",36,185,2679,13,36670,272,"mixta",8421,"particular","turismo","gasolina","M","negro","casado","anual",1,1,"superior","presencial",0,0,2,2,1.29,0,1.29,1,"baja",0,NA,0,"2","2"
2548,"26","6",5.093,0.5093,38,"35-65",10,126,2032,8,24431,219,"mixta",41296,"particular","turismo","gasolina","M","negro","otro","anual",1,1,"basico","presencial",5,2,0,2,0.993,1,5.093,1,"baja",1555.56,311.11,1,"5","5"
2549,"26","6",5.761,0.5761,49,"35-65",30,70,1122,0,13449,441,"mixta",6895,"particular","furgoneta","gasolina","M","negro","soltero","anual",0,1,"basico","presencial",1,1,0,4,1.932,1,5.761,1,"baja",352.12,352.12,1,"3","2"
2550,"26","6",1.524,0.1524,53,"35-65",33,79,1055,9,32641,381,"mixta",13328,"particular","turismo","diesel","M","blanco","casado","mensual",1,1,"medio","telefonico",0,0,0,0,1.524,0,6.466,0,"fin_estudio",0,NA,0,"2","1"
2551,"26","6",8.534,0.8534,66,"65+",42,79,1293,13,28674,166,"mixta",18805,"particular","turismo","gasolina","H","rojo","soltero","anual",0,1,"basico","presencial",1,2,1,4,6.996,1,10,0,"fin_estudio",308.42,308.42,1,"2","2"
2552,"26","6",2.806,0.2806,51,"35-65",32,75,1156,9,12002,127,"rural",7537,"particular","turismo","diesel","H","rojo","casado","mensual",0,2,"superior","telefonico",0,0,0,3,2.806,0,6.522,0,"fin_estudio",0,NA,0,"2","2"
2553,"26","6",2.141,0.2141,80,"65+",32,150,2375,12,23816,949,"mixta",8832,"comercial","moto","gasolina","H","blanco","casado","anual",1,2,"medio","presencial",0,0,0,1,2.141,0,3.595,0,"fin_estudio",0,NA,0,"3","2"
2554,"26","6",3.417,0.3417,40,"35-65",14,143,2104,1,26110,483,"mixta",6144,"particular","moto","diesel","H","negro","soltero","mensual",0,2,"medio","telematico",0,3,1,1,3.417,0,3.417,1,"baja",0,NA,0,"4","3"
2555,"26","6",5.409,0.5409,18,"18-25",0,122,2172,8,30654,260,"mixta",4726,"particular","turismo","diesel","M","negro","soltero","mensual",1,1,"medio","presencial",0,2,0,6,5.409,0,9.362,0,"fin_estudio",0,NA,0,"1","1"
2556,"26","6",4.242,0.4242,53,"35-65",25,107,1643,2,15466,57,"rural",10323,"particular","moto","gasolina","H","otro","soltero","mensual",0,1,"medio","presencial",2,5,1,2,1.58,1,9.716,0,"fin_estudio",2211.23,1105.62,1,"2","2"
2557,"26","6",0.474,0.0474,41,"35-65",16,55,962,5,19111,280,"mixta",9274,"particular","turismo","diesel","M","otro","casado","mensual",0,1,"medio","telefonico",0,0,0,0,0.474,0,0.474,1,"baja",0,NA,0,"1","1"
2558,"27","6",7.433,0.7433,43,"35-65",13,103,1355,11,20755,336,"mixta",14240,"particular","furgoneta","diesel","M","otro","casado","anual",1,1,"medio","telefonico",0,3,0,4,7.433,0,7.433,1,"baja",0,NA,0,"1","1"
2559,"27","6",4.495,0.4495,51,"35-65",32,104,1733,5,30576,53,"rural",16281,"particular","turismo","gasolina","M","gris","otro","anual",0,1,"superior","telefonico",0,2,0,2,4.495,0,10,0,"fin_estudio",0,NA,0,"1","1"
2560,"27","6",2.868,0.2868,42,"35-65",11,136,1692,11,18973,933,"mixta",20123,"particular","turismo","gasolina","M","rojo","casado","mensual",0,1,"medio","presencial",1,1,3,1,2.61,1,2.868,1,"baja",996.11,996.11,1,"3","4"
2561,"27","6",1.49,0.149,53,"35-65",16,189,3136,10,35579,237,"mixta",18950,"comercial","moto","diesel","H","rojo","casado","anual",1,2,"basico","telematico",0,2,0,0,1.49,0,10,0,"fin_estudio",0,NA,0,"3","3"
2562,"27","6",2.294,0.2294,18,"18-25",0,58,898,5,18175,632,"mixta",13521,"particular","turismo","diesel","H","negro","casado","anual",0,1,"medio","telefonico",1,2,0,0,1.118,1,10,0,"fin_estudio",448.1,448.1,1,"4","4"
2563,"27","6",2.457,0.2457,50,"35-65",15,113,1545,17,33075,3131,"urbana",25551,"particular","turismo","gasolina","H","gris","casado","anual",1,1,"medio","presencial",0,4,0,2,2.457,0,7.151,0,"fin_estudio",0,NA,0,"3","2"
2564,"27","6",1.716,0.1716,34,"25-35",12,146,2399,8,32453,2749,"urbana",15841,"comercial","turismo","gasolina","M","gris","otro","anual",0,1,"superior","presencial",0,0,0,0,1.716,0,1.716,1,"baja",0,NA,0,"1","1"
2565,"27","6",0.332,0.0332,58,"35-65",16,77,1273,0,25847,2269,"urbana",8252,"particular","turismo","diesel","H","blanco","casado","anual",0,2,"basico","telefonico",1,0,0,0,0.283,1,0.332,1,"baja",196.8,196.8,1,"4","4"
2566,"27","6",4.092,0.4092,22,"18-25",3,55,894,8,20359,216,"mixta",14311,"particular","turismo","gasolina","M","blanco","casado","mensual",1,2,"superior","telefonico",1,2,0,2,2.446,1,4.092,1,"baja",1424.64,1424.64,1,"4","3"
2567,"27","6",6.172,0.6172,35,"25-35",13,99,1538,8,17730,66,"rural",4638,"particular","furgoneta","diesel","H","rojo","soltero","mensual",1,2,"medio","telefonico",0,2,0,3,6.172,0,6.172,1,"baja",0,NA,0,"2","2"
2568,"27","6",8.775,0.8775,42,"35-65",20,127,1644,1,6605,560,"mixta",13025,"particular","turismo","diesel","H","blanco","soltero","anual",0,2,"medio","presencial",1,3,0,8,4.177,1,10,0,"fin_estudio",1391.29,1391.29,1,"1","1"
2569,"27","6",2.22,0.222,56,"35-65",16,118,1664,10,42250,1613,"urbana",8683,"particular","moto","gasolina","M","negro","otro","anual",0,1,"medio","presencial",0,2,0,1,2.22,0,2.22,1,"baja",0,NA,0,"1","1"
2570,"27","6",2.798,0.2798,53,"35-65",33,135,1977,14,35443,842,"mixta",12172,"particular","turismo","diesel","H","otro","casado","mensual",1,4,"basico","telematico",0,1,0,0,2.798,0,6.612,0,"fin_estudio",0,NA,0,"2","2"
2571,"27","6",6.518,0.6518,55,"35-65",21,141,1752,6,25088,499,"mixta",19842,"particular","turismo","diesel","H","rojo","soltero","anual",1,3,"basico","presencial",0,2,1,1,6.518,0,9.932,0,"fin_estudio",0,NA,0,"1","1"
2572,"27","6",7.998,0.7998,59,"35-65",38,87,1523,0,43587,525,"mixta",7638,"particular","turismo","gasolina","H","gris","casado","anual",0,1,"medio","telefonico",0,1,0,2,7.998,0,10,0,"fin_estudio",0,NA,0,"1","1"
2573,"27","6",0.797,0.0797,75,"65+",47,55,840,9,21379,291,"mixta",13961,"comercial","turismo","gasolina","M","rojo","casado","mensual",1,2,"superior","telefonico",1,1,0,0,0.254,1,0.797,1,"baja",628.08,628.08,1,"5","5"
2574,"27","6",1.598,0.1598,42,"35-65",18,60,1028,8,15051,235,"mixta",8780,"particular","turismo","diesel","H","negro","soltero","anual",0,1,"basico","presencial",0,0,0,0,1.598,0,5.469,0,"fin_estudio",0,NA,0,"1","1"
2575,"27","6",7.829,0.7829,35,"25-35",8,148,2058,8,40763,621,"mixta",10340,"particular","moto","gasolina","H","gris","casado","anual",0,1,"medio","presencial",5,5,0,2,0.378,1,10,0,"fin_estudio",33876.38,6775.28,1,"5","4"
2576,"27","6",3.388,0.3388,25,"18-25",6,102,1558,8,22578,1092,"urbana",12465,"particular","turismo","gasolina","M","negro","soltero","anual",0,1,"basico","telefonico",0,1,0,3,3.388,0,5.175,0,"fin_estudio",0,NA,0,"1","1"
2577,"27","6",7.251,0.7251,31,"25-35",12,137,2053,12,22075,687,"mixta",7061,"particular","turismo","gasolina","H","negro","casado","anual",1,1,"medio","telefonico",0,1,0,1,7.251,0,10,0,"fin_estudio",0,NA,0,"1","1"
2578,"27","6",1.775,0.1775,36,"35-65",15,55,879,12,18261,280,"mixta",19837,"particular","turismo","gasolina","M","gris","soltero","mensual",0,1,"medio","presencial",0,0,0,1,1.775,0,10,0,"fin_estudio",0,NA,0,"2","1"
2579,"27","6",2.04,0.204,26,"25-35",4,146,1878,4,26489,362,"mixta",22192,"particular","furgoneta","diesel","H","otro","casado","mensual",0,2,"medio","telefonico",0,2,0,1,2.04,0,2.04,1,"baja",0,NA,0,"1","1"
2580,"27","6",2.358,0.2358,45,"35-65",11,60,886,8,16610,993,"mixta",7812,"comercial","moto","gasolina","H","rojo","casado","mensual",1,2,"medio","presencial",0,0,0,2,2.358,0,10,0,"fin_estudio",0,NA,0,"3","2"
2581,"27","6",4.437,0.4437,51,"35-65",28,155,2470,18,24648,333,"mixta",17657,"particular","turismo","gasolina","M","otro","soltero","mensual",0,1,"medio","presencial",0,2,0,1,4.437,0,4.437,1,"baja",0,NA,0,"1","1"
2582,"27","6",1.245,0.1245,29,"25-35",8,118,1901,10,38730,58,"rural",15444,"particular","turismo","gasolina","H","rojo","soltero","mensual",1,3,"basico","presencial",0,0,0,1,1.245,0,1.245,1,"baja",0,NA,0,"3","3"
2583,"27","6",1.764,0.1764,46,"35-65",18,121,2087,5,11928,26,"rural",11474,"particular","furgoneta","gasolina","M","rojo","soltero","anual",1,3,"medio","presencial",0,0,0,0,1.764,0,3.051,0,"fin_estudio",0,NA,0,"1","1"
2584,"27","6",0.705,0.0705,43,"35-65",20,143,1802,7,25975,57,"rural",14488,"particular","turismo","diesel","M","blanco","casado","mensual",0,2,"basico","presencial",0,1,1,0,0.705,0,0.705,1,"baja",0,NA,0,"3","3"
2585,"27","6",0.856,0.0856,54,"35-65",15,194,2656,15,27603,32,"rural",9425,"comercial","turismo","diesel","H","gris","soltero","anual",1,1,"medio","presencial",0,0,0,1,0.856,0,0.856,1,"baja",0,NA,0,"3","3"
2586,"27","6",1.008,0.1008,47,"35-65",11,124,2086,10,17525,24,"rural",7820,"particular","turismo","diesel","M","otro","casado","anual",1,1,"medio","telefonico",0,0,0,0,1.008,0,3.824,0,"fin_estudio",0,NA,0,"3","3"
2587,"27","6",5.722,0.5722,34,"25-35",9,108,1907,3,26729,168,"mixta",11452,"comercial","moto","diesel","H","otro","casado","mensual",1,1,"basico","presencial",0,3,0,5,5.722,0,8.151,0,"fin_estudio",0,NA,0,"1","1"
2588,"27","6",9.848,0.9848,45,"35-65",16,55,800,12,22489,81,"rural",11998,"particular","turismo","diesel","M","gris","casado","mensual",0,1,"superior","presencial",0,5,1,5,9.848,0,10,0,"fin_estudio",0,NA,0,"3","2"
2589,"27","6",1.796,0.1796,57,"35-65",34,145,2377,2,18119,2113,"urbana",8340,"particular","turismo","gasolina","M","otro","casado","mensual",0,1,"basico","telefonico",0,0,0,0,1.796,0,4.232,0,"fin_estudio",0,NA,0,"3","2"
2590,"27","6",3.44,0.344,43,"35-65",13,55,822,2,29635,202,"mixta",5672,"particular","turismo","gasolina","M","blanco","soltero","mensual",1,1,"medio","telefonico",0,0,0,1,3.44,0,3.44,1,"baja",0,NA,0,"4","4"
2591,"27","6",1.634,0.1634,38,"35-65",11,91,1478,1,20824,426,"mixta",17746,"comercial","turismo","gasolina","H","blanco","soltero","mensual",0,2,"medio","presencial",0,2,0,1,1.634,0,10,0,"fin_estudio",0,NA,0,"2","1"
2592,"27","6",4.379,0.4379,57,"35-65",36,85,1315,8,28809,740,"mixta",8545,"particular","furgoneta","diesel","H","negro","casado","mensual",1,1,"basico","telematico",0,1,1,1,4.379,0,10,0,"fin_estudio",0,NA,0,"3","2"
2593,"27","6",3.12,0.312,49,"35-65",22,88,1337,8,30054,179,"mixta",10887,"particular","moto","gasolina","H","blanco","casado","anual",0,1,"superior","presencial",0,2,0,1,3.12,0,10,0,"fin_estudio",0,NA,0,"2","1"
2594,"27","6",9.393,0.9393,36,"35-65",15,82,1071,14,23689,269,"mixta",9769,"particular","turismo","diesel","H","rojo","casado","mensual",0,1,"basico","presencial",5,4,0,1,0.548,1,10,0,"fin_estudio",9158.24,1831.65,1,"4","4"
2595,"27","6",4.739,0.4739,24,"18-25",4,137,2039,12,26049,220,"mixta",9335,"particular","turismo","diesel","H","blanco","soltero","anual",0,2,"basico","telematico",5,4,0,5,0.522,1,6.663,0,"fin_estudio",13395.87,2679.17,1,"5","5"
2596,"27","6",2.614,0.2614,71,"65+",37,55,934,7,6272,1163,"urbana",14532,"comercial","turismo","diesel","H","rojo","casado","anual",1,1,"basico","presencial",0,0,0,0,2.614,0,10,0,"fin_estudio",0,NA,0,"2","2"
2597,"27","6",6.165,0.6165,48,"35-65",20,151,1835,7,27513,178,"mixta",26819,"particular","turismo","diesel","H","blanco","soltero","mensual",0,1,"basico","telefonico",1,3,0,2,1.962,1,6.165,1,"baja",4790.63,4790.63,1,"1","1"
2598,"27","6",1.439,0.1439,32,"25-35",11,152,2491,8,36771,57,"rural",9286,"particular","turismo","gasolina","M","otro","soltero","mensual",0,1,"medio","telefonico",1,0,0,0,0.438,1,1.439,1,"baja",1088.06,1088.06,1,"5","5"
2599,"27","6",9.958,0.9958,42,"35-65",15,80,1304,11,17573,323,"mixta",13268,"comercial","turismo","diesel","M","otro","casado","anual",0,1,"basico","telematico",2,7,0,8,4.401,1,10,0,"fin_estudio",3334.45,1667.22,1,"2","1"
2600,"27","6",1.821,0.1821,62,"35-65",37,70,960,6,16047,154,"mixta",24872,"particular","turismo","diesel","M","negro","casado","anual",0,2,"medio","presencial",0,0,0,1,1.821,0,1.821,1,"baja",0,NA,0,"3","2"
2601,"27","6",2.773,0.2773,18,"18-25",0,152,2729,14,18706,679,"mixta",23059,"particular","furgoneta","gasolina","H","negro","soltero","anual",0,1,"medio","telematico",0,3,0,2,2.773,0,10,0,"fin_estudio",0,NA,0,"1","1"
2602,"27","6",2.076,0.2076,56,"35-65",13,85,1447,18,7705,2006,"urbana",14686,"particular","turismo","diesel","M","blanco","otro","mensual",1,1,"basico","telefonico",0,1,0,2,2.076,0,2.076,1,"baja",0,NA,0,"5","5"
2603,"27","6",7.753,0.7753,44,"35-65",17,116,2004,12,24367,185,"mixta",20299,"particular","moto","diesel","H","blanco","casado","anual",0,1,"medio","presencial",0,5,0,6,7.753,0,10,0,"fin_estudio",0,NA,0,"1","1"
2604,"27","6",2.243,0.2243,67,"65+",28,98,1376,13,32450,474,"mixta",10074,"particular","turismo","gasolina","H","gris","casado","mensual",1,2,"basico","telefonico",0,0,0,0,2.243,0,10,0,"fin_estudio",0,NA,0,"4","3"
2605,"27","6",2.907,0.2907,42,"35-65",14,158,2227,5,10940,4572,"urbana",23024,"particular","turismo","diesel","M","negro","casado","mensual",0,1,"medio","telematico",0,1,0,1,2.907,0,2.907,1,"baja",0,NA,0,"1","1"
2606,"27","6",2.184,0.2184,36,"35-65",17,102,1274,6,14393,709,"mixta",11478,"particular","turismo","gasolina","M","negro","soltero","anual",0,1,"basico","presencial",0,1,1,0,2.184,0,2.184,1,"baja",0,NA,0,"3","2"
2607,"27","6",4.345,0.4345,34,"25-35",10,73,921,13,30837,2737,"urbana",17689,"particular","furgoneta","diesel","H","otro","casado","anual",0,1,"basico","presencial",0,1,0,3,4.345,0,4.345,1,"baja",0,NA,0,"1","1"
2608,"27","6",2.191,0.2191,31,"25-35",6,55,955,14,11822,58,"rural",20556,"particular","turismo","diesel","H","negro","otro","mensual",0,1,"superior","telefonico",0,1,0,1,2.191,0,2.191,1,"baja",0,NA,0,"1","1"
2609,"27","6",1.452,0.1452,60,"35-65",24,210,3708,10,28799,276,"mixta",30582,"particular","turismo","diesel","M","gris","casado","mensual",0,1,"medio","presencial",0,1,0,0,1.452,0,1.452,1,"baja",0,NA,0,"3","3"
2610,"27","6",7.009,0.7009,40,"35-65",10,133,1750,5,13990,166,"mixta",5938,"particular","turismo","diesel","H","blanco","soltero","mensual",0,1,"medio","presencial",0,1,1,0,7.009,0,10,0,"fin_estudio",0,NA,0,"1","1"
2611,"27","6",9.24,0.924,43,"35-65",24,105,1713,7,14832,389,"mixta",7340,"particular","turismo","diesel","M","rojo","casado","mensual",0,2,"medio","presencial",1,2,1,2,5.925,1,10,0,"fin_estudio",506.15,506.15,1,"1","1"
2612,"27","6",3.345,0.3345,47,"35-65",17,61,829,10,21633,81,"rural",14516,"particular","turismo","diesel","M","blanco","soltero","anual",1,1,"medio","presencial",0,1,0,3,3.345,0,3.345,1,"baja",0,NA,0,"4","4"
2613,"27","6",4.044,0.4044,58,"35-65",33,57,960,4,20229,97,"rural",11165,"particular","turismo","diesel","M","blanco","casado","mensual",1,1,"medio","presencial",2,0,0,3,1.385,1,4.044,1,"baja",1160.98,580.49,1,"5","5"
2614,"27","6",8.569,0.8569,50,"35-65",31,154,2012,9,27212,399,"mixta",16170,"particular","turismo","gasolina","H","otro","soltero","anual",0,3,"medio","presencial",1,2,0,2,3.168,1,10,0,"fin_estudio",1641.08,1641.08,1,"3","3"
2615,"27","6",3.266,0.3266,40,"35-65",8,114,1803,7,18666,131,"rural",9263,"particular","turismo","gasolina","M","gris","casado","anual",0,1,"basico","presencial",0,0,0,1,3.266,0,3.266,1,"baja",0,NA,0,"1","1"
2616,"27","6",4.378,0.4378,52,"35-65",32,190,2778,8,17931,152,"mixta",14578,"particular","turismo","diesel","M","negro","soltero","anual",0,1,"medio","presencial",0,1,2,2,4.378,0,5.595,0,"fin_estudio",0,NA,0,"3","3"
2617,"27","6",2.096,0.2096,62,"35-65",42,187,2461,3,16328,384,"mixta",16044,"comercial","furgoneta","diesel","H","negro","soltero","anual",0,1,"medio","telematico",0,3,1,1,2.096,0,2.096,1,"baja",0,NA,0,"1","1"
2618,"27","6",4.374,0.4374,45,"35-65",11,113,1373,9,35820,787,"mixta",22286,"particular","furgoneta","diesel","H","gris","soltero","mensual",0,2,"medio","telefonico",0,1,0,1,4.374,0,8.321,0,"fin_estudio",0,NA,0,"2","2"
2619,"27","6",1.505,0.1505,54,"35-65",36,103,1398,5,29205,967,"mixta",6200,"comercial","moto","gasolina","H","otro","soltero","mensual",0,1,"medio","presencial",0,1,0,0,1.505,0,1.505,1,"baja",0,NA,0,"1","1"
2620,"27","6",2.676,0.2676,44,"35-65",23,117,1773,8,1500,681,"mixta",10032,"particular","turismo","diesel","H","otro","soltero","anual",0,1,"superior","presencial",1,4,0,4,1.317,1,2.676,1,"baja",1301.27,1301.27,1,"4","4"
2621,"27","6",8.775,0.8775,40,"35-65",10,93,1316,3,26252,594,"mixta",21249,"particular","turismo","gasolina","M","otro","casado","anual",1,2,"basico","presencial",0,4,0,6,8.775,0,10,0,"fin_estudio",0,NA,0,"1","1"
2622,"27","6",3.707,0.3707,37,"35-65",7,151,2629,7,37744,59,"rural",11045,"particular","turismo","diesel","M","rojo","soltero","mensual",1,2,"basico","presencial",0,2,1,1,3.707,0,3.707,1,"baja",0,NA,0,"2","1"
2623,"27","6",2.479,0.2479,29,"25-35",4,95,1250,9,15398,1115,"urbana",30242,"particular","turismo","gasolina","H","negro","casado","anual",0,1,"medio","presencial",3,1,0,1,0.269,1,2.479,1,"baja",1873.32,624.44,1,"5","5"
2624,"27","6",1.746,0.1746,49,"35-65",12,61,1008,14,24001,78,"rural",29934,"particular","moto","diesel","H","otro","soltero","anual",1,2,"basico","presencial",0,3,0,0,1.746,0,4.776,0,"fin_estudio",0,NA,0,"3","2"
2625,"27","6",1.643,0.1643,39,"35-65",16,55,804,14,32193,829,"mixta",9472,"particular","turismo","gasolina","M","blanco","casado","mensual",0,2,"basico","telematico",0,1,0,1,1.643,0,1.643,1,"baja",0,NA,0,"3","3"
2626,"27","6",3.225,0.3225,57,"35-65",14,88,1344,17,23738,293,"mixta",16080,"particular","moto","gasolina","H","otro","casado","mensual",1,1,"medio","telefonico",0,2,0,2,3.225,0,3.225,1,"baja",0,NA,0,"1","1"
2627,"27","6",1.081,0.1081,67,"65+",39,88,1278,5,29772,408,"mixta",27279,"particular","turismo","diesel","H","negro","soltero","mensual",1,2,"superior","presencial",0,0,0,1,1.081,0,1.081,1,"baja",0,NA,0,"1","1"
2628,"27","6",1.211,0.1211,30,"25-35",11,97,1475,0,22911,1537,"urbana",13014,"particular","moto","gasolina","H","gris","soltero","anual",0,1,"basico","telematico",2,1,0,1,0.852,1,1.211,1,"baja",5958.84,2979.42,1,"5","5"
2629,"27","6",6.875,0.6875,33,"25-35",9,133,1620,5,28632,411,"mixta",14148,"comercial","turismo","gasolina","M","otro","casado","mensual",0,1,"medio","presencial",3,3,0,4,0.985,1,10,0,"fin_estudio",5884.2,1961.4,1,"5","4"
2630,"27","6",4.485,0.4485,68,"65+",26,129,2244,13,21419,154,"mixta",8365,"particular","turismo","diesel","M","rojo","casado","anual",0,1,"basico","telematico",1,1,0,2,0.619,1,10,0,"fin_estudio",1262.29,1262.29,1,"3","3"
2631,"27","6",7.052,0.7052,40,"35-65",10,64,1144,11,19851,126,"rural",7087,"particular","furgoneta","diesel","M","blanco","casado","mensual",0,1,"superior","presencial",0,1,0,4,7.052,0,10,0,"fin_estudio",0,NA,0,"2","2"
2632,"27","6",4.967,0.4967,45,"35-65",17,74,1313,10,18656,174,"mixta",8564,"particular","turismo","gasolina","M","rojo","casado","anual",1,1,"basico","telefonico",0,2,0,2,4.967,0,10,0,"fin_estudio",0,NA,0,"3","3"
2633,"27","6",1.251,0.1251,59,"35-65",32,158,2264,3,33314,340,"mixta",22060,"particular","furgoneta","gasolina","M","otro","casado","mensual",1,1,"basico","presencial",0,1,0,0,1.251,0,9.048,0,"fin_estudio",0,NA,0,"1","1"
2634,"27","6",1.977,0.1977,31,"25-35",9,92,1248,11,12946,942,"mixta",14473,"particular","turismo","gasolina","M","negro","soltero","anual",1,3,"superior","presencial",0,2,0,2,1.977,0,1.977,1,"baja",0,NA,0,"1","1"
2635,"27","6",1.252,0.1252,29,"25-35",8,82,1411,11,21796,273,"mixta",15039,"particular","turismo","gasolina","M","otro","soltero","mensual",0,3,"superior","presencial",0,2,1,1,1.252,0,10,0,"fin_estudio",0,NA,0,"5","4"
2636,"27","6",1.869,0.1869,50,"35-65",12,104,1515,13,32992,50,"rural",15205,"particular","moto","gasolina","H","negro","casado","anual",0,1,"medio","presencial",0,0,0,0,1.869,0,10,0,"fin_estudio",0,NA,0,"3","2"
2637,"27","6",3.958,0.3958,64,"35-65",35,180,2887,0,28081,609,"mixta",13352,"comercial","turismo","gasolina","M","negro","soltero","anual",0,1,"superior","presencial",1,0,1,3,1.846,1,3.958,1,"baja",1616.39,1616.39,1,"3","2"
2638,"27","6",5.713,0.5713,51,"35-65",19,136,2332,16,33126,328,"mixta",18118,"particular","turismo","diesel","M","gris","soltero","mensual",1,1,"superior","telefonico",6,3,0,2,2.022,1,10,0,"fin_estudio",20258.23,3376.37,1,"5","5"
2639,"27","6",4.996,0.4996,29,"25-35",8,142,2205,10,22327,860,"mixta",13379,"particular","turismo","gasolina","M","rojo","casado","mensual",0,1,"superior","presencial",0,2,0,3,4.996,0,10,0,"fin_estudio",0,NA,0,"1","1"
2640,"27","6",1.758,0.1758,50,"35-65",13,187,3241,9,37076,362,"mixta",6415,"particular","turismo","diesel","M","blanco","otro","mensual",1,2,"basico","telematico",1,0,2,1,0.603,1,4.548,0,"fin_estudio",560.76,560.76,1,"4","4"
2641,"27","6",2.545,0.2545,46,"35-65",11,55,880,11,21735,2146,"urbana",40543,"particular","turismo","gasolina","M","otro","soltero","mensual",1,1,"medio","presencial",0,2,0,1,2.545,0,2.545,1,"baja",0,NA,0,"1","1"
2642,"27","6",1.561,0.1561,65,"35-65",42,55,987,5,23624,105,"rural",11023,"particular","moto","gasolina","H","rojo","soltero","mensual",1,2,"superior","telefonico",0,0,0,0,1.561,0,6.618,0,"fin_estudio",0,NA,0,"2","2"
2643,"27","6",4.225,0.4225,74,"65+",43,79,1092,9,23509,40,"rural",20612,"particular","turismo","gasolina","M","negro","otro","mensual",0,1,"medio","presencial",0,3,0,3,4.225,0,4.225,1,"baja",0,NA,0,"1","1"
2644,"27","6",7.029,0.7029,41,"35-65",21,163,2074,6,31783,134,"rural",41234,"particular","turismo","gasolina","M","gris","casado","mensual",0,1,"basico","telefonico",9,9,0,6,0.608,1,10,0,"fin_estudio",14869.04,1652.12,1,"5","4"
2645,"28","6",5.789,0.5789,49,"35-65",19,149,2486,10,24373,97,"rural",8078,"particular","turismo","diesel","M","negro","casado","mensual",0,2,"medio","presencial",0,4,0,7,5.789,0,8.186,0,"fin_estudio",0,NA,0,"1","1"
2646,"28","6",0.479,0.0479,24,"18-25",5,77,930,3,27208,78,"rural",15740,"comercial","turismo","gasolina","M","otro","soltero","anual",0,1,"medio","telefonico",0,0,0,0,0.479,0,0.479,1,"baja",0,NA,0,"4","4"
2647,"28","6",1.269,0.1269,44,"35-65",20,119,2027,11,17444,224,"mixta",25491,"particular","turismo","gasolina","M","negro","casado","anual",0,1,"basico","telefonico",1,1,0,1,0.288,1,3.674,0,"fin_estudio",293.61,293.61,1,"3","2"
2648,"28","6",7.907,0.7907,29,"25-35",10,139,2145,10,22349,395,"mixta",5654,"comercial","turismo","diesel","H","blanco","casado","anual",1,1,"superior","telefonico",0,4,0,11,7.907,0,9.352,0,"fin_estudio",0,NA,0,"1","1"
2649,"28","6",2.712,0.2712,34,"25-35",13,154,1977,1,16152,61,"rural",20900,"particular","turismo","gasolina","H","blanco","casado","mensual",1,1,"superior","presencial",0,2,1,2,2.712,0,2.712,1,"baja",0,NA,0,"2","2"
2650,"28","6",3.6,0.36,84,"65+",60,139,2250,10,10311,370,"mixta",4504,"comercial","furgoneta","gasolina","M","rojo","otro","mensual",0,3,"basico","telematico",1,3,0,3,0.626,1,3.6,1,"baja",982.82,982.82,1,"3","3"
2651,"28","6",4.294,0.4294,18,"18-25",0,55,964,5,30900,181,"mixta",7993,"particular","moto","gasolina","H","negro","casado","anual",1,1,"superior","presencial",0,3,0,2,4.294,0,4.294,1,"baja",0,NA,0,"1","1"
2652,"28","6",7.793,0.7793,56,"35-65",25,151,2496,4,18420,418,"mixta",16931,"comercial","turismo","diesel","H","rojo","casado","mensual",0,1,"basico","presencial",4,6,0,11,1.058,1,7.793,1,"baja",4470.34,1117.59,1,"4","5"
2653,"28","6",1.19,0.119,41,"35-65",14,173,2191,16,34680,238,"mixta",5260,"particular","furgoneta","diesel","H","rojo","soltero","mensual",0,1,"medio","telefonico",0,0,0,0,1.19,0,1.779,0,"fin_estudio",0,NA,0,"1","1"
2654,"28","6",2.407,0.2407,27,"25-35",9,141,1989,15,11758,73,"rural",9261,"particular","turismo","diesel","H","rojo","casado","anual",1,1,"basico","presencial",0,2,0,4,2.407,0,2.407,1,"baja",0,NA,0,"1","1"
2655,"28","6",1.439,0.1439,30,"25-35",7,133,2192,0,27933,3817,"urbana",8932,"comercial","turismo","diesel","H","otro","casado","anual",1,1,"basico","presencial",1,0,0,0,0.346,1,1.439,1,"baja",2366.04,2366.04,1,"2","2"
2656,"28","6",9.926,0.9926,42,"35-65",13,75,957,2,8343,97,"rural",10680,"comercial","turismo","diesel","H","rojo","casado","anual",1,1,"medio","presencial",0,1,1,5,9.926,0,10,0,"fin_estudio",0,NA,0,"1","1"
2657,"28","6",5.354,0.5354,42,"35-65",13,55,905,8,8051,138,"rural",12241,"comercial","moto","diesel","M","gris","casado","mensual",1,1,"basico","presencial",0,4,0,0,5.354,0,6.765,0,"fin_estudio",0,NA,0,"1","1"
2658,"28","6",4.853,0.4853,42,"35-65",17,146,2198,7,36734,190,"mixta",15362,"particular","turismo","gasolina","H","gris","casado","anual",1,4,"medio","presencial",0,2,0,2,4.853,0,4.853,1,"baja",0,NA,0,"1","1"
2659,"28","6",6.088,0.6088,54,"35-65",31,55,800,0,19453,274,"mixta",36190,"particular","turismo","gasolina","H","otro","casado","mensual",1,1,"basico","presencial",0,3,0,3,6.088,0,6.088,1,"baja",0,NA,0,"1","1"
2660,"28","6",3.967,0.3967,21,"18-25",2,124,1685,0,22760,239,"mixta",5535,"particular","furgoneta","gasolina","M","gris","soltero","anual",1,2,"basico","telefonico",0,1,0,4,3.967,0,8.62,0,"fin_estudio",0,NA,0,"3","3"
2661,"28","6",8.727,0.8727,69,"65+",29,125,1789,14,19745,499,"mixta",36960,"particular","turismo","gasolina","H","rojo","soltero","mensual",1,2,"basico","presencial",0,11,0,5,8.727,0,10,0,"fin_estudio",0,NA,0,"1","1"
2662,"28","6",4.918,0.4918,59,"35-65",40,140,2436,7,15653,179,"mixta",7691,"particular","moto","diesel","M","otro","soltero","anual",0,1,"medio","telefonico",0,3,2,3,4.918,0,4.918,1,"baja",0,NA,0,"1","1"
2663,"28","6",1.183,0.1183,25,"18-25",4,153,1841,17,10426,164,"mixta",7118,"particular","turismo","diesel","H","gris","soltero","anual",0,1,"medio","presencial",0,1,0,2,1.183,0,2.91,0,"fin_estudio",0,NA,0,"2","1"
2664,"28","6",6.831,0.6831,35,"25-35",10,85,1188,13,12128,260,"mixta",12164,"particular","turismo","gasolina","M","blanco","casado","anual",1,1,"superior","presencial",1,2,0,2,4.216,1,10,0,"fin_estudio",347.76,347.76,1,"1","1"
2665,"28","6",6.165,0.6165,36,"35-65",7,129,2243,0,7164,127,"rural",11023,"particular","turismo","diesel","H","negro","casado","anual",1,1,"superior","telematico",0,2,0,5,6.165,0,10,0,"fin_estudio",0,NA,0,"1","1"
2666,"28","6",9.343,0.9343,63,"35-65",45,55,805,2,16072,305,"mixta",10336,"particular","turismo","gasolina","M","gris","soltero","anual",0,1,"medio","presencial",0,2,0,6,9.343,0,10,0,"fin_estudio",0,NA,0,"1","1"
2667,"28","6",5.761,0.5761,39,"35-65",19,136,2115,12,16070,318,"mixta",39719,"particular","turismo","gasolina","M","gris","casado","mensual",0,1,"basico","presencial",5,6,0,3,1.241,1,6.507,0,"fin_estudio",5900.68,1180.14,1,"5","4"
2668,"28","6",1.546,0.1546,30,"25-35",9,131,2267,6,24958,249,"mixta",5948,"particular","turismo","diesel","M","negro","soltero","anual",0,1,"basico","telefonico",0,0,0,0,1.546,0,10,0,"fin_estudio",0,NA,0,"1","1"
2669,"28","6",5.874,0.5874,51,"35-65",14,115,1664,5,16753,443,"mixta",15800,"particular","turismo","gasolina","M","blanco","soltero","anual",1,2,"superior","telefonico",1,2,0,4,5.244,1,5.874,1,"baja",913.33,913.33,1,"1","2"
2670,"28","6",1.229,0.1229,31,"25-35",10,151,2064,7,16710,349,"mixta",19230,"particular","turismo","gasolina","M","rojo","casado","mensual",1,2,"basico","presencial",1,2,0,3,0.108,1,10,0,"fin_estudio",723.08,723.08,1,"4","4"
2671,"28","6",6.643,0.6643,52,"35-65",22,142,1889,7,31147,2296,"urbana",9261,"particular","turismo","diesel","M","gris","casado","anual",0,1,"medio","presencial",0,0,2,8,6.643,0,10,0,"fin_estudio",0,NA,0,"1","1"
2672,"28","6",8.279,0.8279,66,"65+",38,70,1062,4,25296,908,"mixta",9977,"particular","furgoneta","gasolina","H","rojo","casado","anual",1,1,"basico","presencial",2,3,0,4,4.256,1,10,0,"fin_estudio",3027.01,1513.5,1,"2","1"
2673,"28","6",1.872,0.1872,32,"25-35",7,77,930,5,27256,147,"rural",10293,"comercial","moto","diesel","H","negro","soltero","anual",0,2,"medio","telefonico",0,1,0,2,1.872,0,3.105,0,"fin_estudio",0,NA,0,"4","3"
2674,"28","6",1.155,0.1155,19,"18-25",1,64,903,8,8016,147,"rural",8972,"particular","turismo","gasolina","M","blanco","casado","anual",0,3,"basico","presencial",0,0,0,0,1.155,0,10,0,"fin_estudio",0,NA,0,"1","1"
2675,"28","6",1.973,0.1973,27,"25-35",5,164,2025,11,20378,277,"mixta",10425,"particular","moto","gasolina","H","gris","soltero","mensual",0,1,"superior","presencial",0,1,0,1,1.973,0,1.973,1,"baja",0,NA,0,"3","3"
2676,"28","6",5.677,0.5677,43,"35-65",20,115,2059,3,27528,689,"mixta",11261,"particular","turismo","gasolina","M","blanco","casado","anual",0,1,"superior","telefonico",1,2,0,2,1.329,1,10,0,"fin_estudio",2833.24,2833.24,1,"2","2"
2677,"28","6",8.405,0.8405,42,"35-65",13,106,1311,12,28116,333,"mixta",7938,"comercial","moto","gasolina","M","gris","soltero","mensual",0,1,"superior","presencial",2,2,1,7,1.239,1,9.612,0,"fin_estudio",1830.65,915.32,1,"1","1"
2678,"28","6",1.173,0.1173,37,"35-65",18,111,1501,10,21083,292,"mixta",11775,"particular","turismo","gasolina","H","blanco","soltero","mensual",1,2,"medio","presencial",0,1,0,0,1.173,0,4.33,0,"fin_estudio",0,NA,0,"2","2"
2679,"28","6",8.107,0.8107,60,"35-65",31,181,2824,9,32508,501,"mixta",18034,"particular","turismo","gasolina","M","rojo","soltero","mensual",0,1,"medio","telefonico",1,2,2,7,7.384,1,8.121,0,"fin_estudio",1983.26,1983.26,1,"3","2"
2680,"28","6",7.305,0.7305,51,"35-65",21,137,2422,5,15901,2683,"urbana",24471,"particular","turismo","gasolina","M","rojo","casado","mensual",0,1,"medio","telefonico",0,6,0,6,7.305,0,7.86,0,"fin_estudio",0,NA,0,"1","1"
2681,"28","6",3.156,0.3156,40,"35-65",9,129,2047,6,13518,805,"mixta",18958,"particular","turismo","gasolina","H","rojo","casado","anual",0,1,"basico","telefonico",0,3,0,0,3.156,0,3.156,1,"baja",0,NA,0,"2","1"
2682,"28","6",6.11,0.611,50,"35-65",25,122,2175,2,30689,143,"rural",10115,"comercial","turismo","gasolina","M","rojo","soltero","mensual",0,1,"basico","telefonico",0,1,0,4,6.11,0,10,0,"fin_estudio",0,NA,0,"1","1"
2683,"28","6",1.89,0.189,26,"25-35",7,148,2460,5,34138,576,"mixta",21856,"particular","turismo","gasolina","M","rojo","casado","anual",1,1,"basico","presencial",0,1,0,1,1.89,0,10,0,"fin_estudio",0,NA,0,"4","3"
2684,"28","6",3.334,0.3334,41,"35-65",12,97,1599,0,35753,429,"mixta",24900,"particular","turismo","gasolina","H","rojo","soltero","mensual",0,1,"medio","presencial",0,1,0,0,3.334,0,10,0,"fin_estudio",0,NA,0,"1","1"
2685,"28","6",1.149,0.1149,30,"25-35",12,77,982,8,19315,635,"mixta",10285,"particular","turismo","diesel","M","gris","otro","mensual",1,1,"superior","presencial",0,0,0,2,1.149,0,10,0,"fin_estudio",0,NA,0,"3","2"
2686,"28","6",6.157,0.6157,35,"25-35",8,133,2174,12,34871,15,"rural",34131,"particular","turismo","diesel","M","negro","casado","mensual",0,2,"medio","presencial",0,6,1,4,6.157,0,6.269,0,"fin_estudio",0,NA,0,"3","2"
2687,"28","6",1.047,0.1047,44,"35-65",19,55,800,8,33826,703,"mixta",28262,"comercial","turismo","gasolina","H","otro","casado","mensual",1,2,"medio","presencial",1,2,0,0,0.584,1,9.047,0,"fin_estudio",888.69,888.69,1,"5","4"
2688,"28","6",5.474,0.5474,41,"35-65",21,104,1748,8,16188,187,"mixta",15874,"particular","turismo","diesel","H","gris","casado","anual",0,4,"medio","presencial",2,1,0,3,2.247,1,5.474,1,"baja",1325.62,662.81,1,"4","5"
2689,"28","6",6.337,0.6337,66,"65+",45,98,1637,11,28505,26,"rural",21285,"particular","moto","gasolina","H","negro","otro","anual",1,1,"basico","presencial",0,5,0,2,6.337,0,10,0,"fin_estudio",0,NA,0,"1","1"
2690,"28","6",5.444,0.5444,58,"35-65",20,151,2059,0,8247,104,"rural",22719,"particular","turismo","gasolina","M","negro","soltero","mensual",0,1,"medio","presencial",1,6,1,9,2.632,1,5.444,1,"baja",228.28,228.28,1,"2","2"
2691,"28","6",4.379,0.4379,37,"35-65",19,66,873,12,24772,477,"mixta",19920,"particular","moto","gasolina","H","otro","soltero","mensual",1,1,"superior","presencial",1,1,0,2,0.595,1,6.814,0,"fin_estudio",1379.81,1379.81,1,"1","1"
2692,"28","6",8.634,0.8634,43,"35-65",25,125,1999,3,21553,111,"rural",7101,"particular","turismo","gasolina","M","blanco","soltero","mensual",1,1,"basico","telefonico",0,6,1,5,8.634,0,8.634,1,"baja",0,NA,0,"1","1"
2693,"28","6",6.637,0.6637,54,"35-65",36,131,2332,9,11819,286,"mixta",7639,"particular","furgoneta","diesel","H","gris","otro","anual",0,2,"superior","telefonico",0,0,0,2,6.637,0,10,0,"fin_estudio",0,NA,0,"1","1"
2694,"28","6",2.669,0.2669,41,"35-65",12,78,1054,2,17726,211,"mixta",5155,"particular","turismo","diesel","M","blanco","soltero","anual",1,1,"basico","presencial",0,0,0,0,2.669,0,10,0,"fin_estudio",0,NA,0,"2","2"
2695,"28","6",8.834,0.8834,36,"35-65",12,184,3276,0,29177,420,"mixta",17723,"particular","turismo","diesel","H","gris","casado","anual",0,1,"basico","presencial",0,3,4,5,8.834,0,10,0,"fin_estudio",0,NA,0,"1","1"
2696,"28","6",1.401,0.1401,36,"35-65",9,116,1645,1,26514,244,"mixta",19898,"particular","turismo","diesel","H","otro","otro","anual",1,1,"medio","presencial",0,0,0,1,1.401,0,5.242,0,"fin_estudio",0,NA,0,"1","1"
2697,"28","6",9.229,0.9229,47,"35-65",26,58,944,15,20722,2253,"urbana",11311,"particular","turismo","gasolina","M","otro","soltero","mensual",1,2,"basico","telematico",1,4,0,3,7.334,1,10,0,"fin_estudio",1624.97,1624.97,1,"2","1"
2698,"28","6",2.167,0.2167,42,"35-65",22,99,1486,10,12396,53,"rural",23245,"particular","turismo","diesel","M","negro","soltero","mensual",1,1,"basico","presencial",0,0,1,1,2.167,0,10,0,"fin_estudio",0,NA,0,"3","3"
2699,"28","6",1.579,0.1579,65,"35-65",36,112,1952,9,35978,634,"mixta",5321,"particular","turismo","diesel","H","blanco","soltero","mensual",0,1,"medio","presencial",0,1,0,2,1.579,0,6.896,0,"fin_estudio",0,NA,0,"1","1"
2700,"28","6",4.605,0.4605,73,"65+",32,99,1324,8,24827,442,"mixta",38238,"comercial","furgoneta","gasolina","H","otro","casado","mensual",1,1,"superior","presencial",0,7,0,4,4.605,0,4.605,1,"baja",0,NA,0,"1","1"
2701,"28","6",4.929,0.4929,50,"35-65",14,156,2124,18,37524,2212,"urbana",21353,"particular","turismo","gasolina","M","blanco","soltero","mensual",1,2,"superior","presencial",4,5,0,4,0.186,1,4.929,1,"baja",8484.19,2121.05,1,"4","4"
2702,"28","6",1.355,0.1355,44,"35-65",13,55,876,5,16107,457,"mixta",25414,"particular","moto","diesel","H","negro","casado","anual",1,3,"basico","presencial",1,0,0,0,0.046,1,10,0,"fin_estudio",466.36,466.36,1,"4","3"
2703,"28","6",2.126,0.2126,39,"35-65",11,55,967,14,37935,47,"rural",8955,"particular","turismo","diesel","H","blanco","soltero","anual",0,3,"medio","presencial",0,0,0,2,2.126,0,7.01,0,"fin_estudio",0,NA,0,"1","1"
2704,"28","6",2.034,0.2034,37,"35-65",18,119,1527,16,23717,247,"mixta",18682,"particular","turismo","gasolina","M","otro","casado","mensual",1,1,"superior","telefonico",0,1,0,2,2.034,0,7.243,0,"fin_estudio",0,NA,0,"4","3"
2705,"28","6",3.281,0.3281,67,"65+",40,149,1860,2,24704,155,"mixta",8958,"particular","turismo","gasolina","M","otro","casado","anual",0,1,"medio","telematico",0,2,0,3,3.281,0,3.281,1,"baja",0,NA,0,"1","1"
2706,"28","6",7.422,0.7422,64,"35-65",17,158,2232,11,28080,425,"mixta",11839,"comercial","moto","gasolina","H","otro","otro","anual",1,1,"medio","telefonico",1,0,0,7,1.249,1,7.631,0,"fin_estudio",1427.51,1427.51,1,"1","1"
2707,"28","6",5.671,0.5671,33,"25-35",7,90,1333,0,1500,97,"rural",13481,"comercial","turismo","diesel","H","negro","casado","anual",1,1,"basico","presencial",0,5,0,1,5.671,0,5.671,1,"baja",0,NA,0,"3","3"
2708,"28","6",3.154,0.3154,49,"35-65",23,114,1375,8,38052,3547,"urbana",13051,"particular","turismo","diesel","H","blanco","otro","anual",0,1,"medio","presencial",1,2,1,3,0.134,1,8.848,0,"fin_estudio",3164.66,3164.66,1,"4","3"
2709,"28","6",6.402,0.6402,47,"35-65",12,58,800,7,37824,69,"rural",23943,"particular","moto","diesel","H","otro","soltero","anual",1,1,"basico","presencial",1,1,0,3,4.863,1,9.022,0,"fin_estudio",4384.96,4384.96,1,"4","4"
2710,"28","6",2.525,0.2525,63,"35-65",25,144,1816,9,29105,112,"rural",16077,"particular","turismo","gasolina","H","negro","otro","anual",0,1,"superior","presencial",0,0,0,2,2.525,0,3.397,0,"fin_estudio",0,NA,0,"4","3"
2711,"28","6",4.392,0.4392,29,"25-35",8,88,1217,0,15118,133,"rural",16562,"particular","turismo","diesel","M","blanco","soltero","mensual",0,1,"superior","presencial",2,0,0,3,0.469,1,4.392,1,"baja",3315.43,1657.71,1,"3","2"
2712,"28","6",2.019,0.2019,30,"25-35",5,134,1753,9,20240,594,"mixta",15957,"particular","turismo","diesel","H","rojo","soltero","anual",1,1,"superior","presencial",0,1,0,1,2.019,0,2.019,1,"baja",0,NA,0,"2","2"
2713,"28","6",9.565,0.9565,59,"35-65",38,70,1243,0,29771,337,"mixta",20571,"particular","moto","diesel","H","gris","soltero","anual",1,1,"medio","presencial",2,3,1,7,5.446,1,10,0,"fin_estudio",4998.94,2499.47,1,"2","1"
2714,"28","6",2.252,0.2252,54,"35-65",19,110,1419,12,25305,84,"rural",8588,"particular","turismo","gasolina","M","rojo","casado","mensual",1,1,"superior","telematico",0,0,0,1,2.252,0,2.252,1,"baja",0,NA,0,"2","2"
2715,"28","6",0.295,0.0295,30,"25-35",7,182,3229,16,20922,343,"mixta",19158,"particular","turismo","gasolina","H","negro","soltero","anual",0,1,"basico","presencial",0,0,0,1,0.295,0,0.295,1,"baja",0,NA,0,"2","2"
2716,"28","6",7.225,0.7225,49,"35-65",30,143,2558,5,30796,2546,"urbana",10426,"particular","turismo","diesel","M","gris","casado","anual",0,1,"medio","presencial",0,4,1,8,7.225,0,10,0,"fin_estudio",0,NA,0,"1","1"
2717,"28","6",4.596,0.4596,44,"35-65",10,102,1248,18,29189,168,"mixta",7100,"particular","turismo","diesel","H","gris","soltero","anual",0,1,"medio","telefonico",0,2,0,4,4.596,0,4.596,1,"baja",0,NA,0,"1","1"
2718,"28","6",5.345,0.5345,60,"35-65",17,89,1483,4,40196,2266,"urbana",28809,"particular","turismo","diesel","H","blanco","soltero","mensual",1,1,"superior","telefonico",5,3,0,4,0.238,1,10,0,"fin_estudio",7982.17,1596.43,1,"5","4"
2719,"28","6",4.931,0.4931,33,"25-35",7,74,1071,13,35418,1053,"urbana",15259,"particular","turismo","gasolina","H","otro","casado","anual",0,2,"basico","telematico",4,6,0,2,0.173,1,10,0,"fin_estudio",5037.87,1259.47,1,"4","5"
2720,"28","6",9.404,0.9404,56,"35-65",33,154,2264,9,25243,123,"rural",4236,"particular","turismo","gasolina","H","otro","casado","mensual",0,3,"medio","telematico",0,3,1,7,9.404,0,10,0,"fin_estudio",0,NA,0,"1","1"
2721,"28","6",2.028,0.2028,38,"35-65",14,94,1417,0,11970,46,"rural",6721,"particular","moto","gasolina","H","otro","soltero","anual",0,1,"basico","telefonico",1,0,0,0,1.729,1,3.455,0,"fin_estudio",614.48,614.48,1,"2","2"
2722,"28","6",4.841,0.4841,36,"35-65",10,178,2925,14,19731,567,"mixta",18201,"particular","turismo","diesel","M","gris","casado","anual",0,2,"basico","presencial",0,1,0,3,4.841,0,4.841,1,"baja",0,NA,0,"2","2"
2723,"28","6",7.128,0.7128,33,"25-35",8,90,1465,7,28299,336,"mixta",6798,"particular","furgoneta","diesel","M","rojo","soltero","anual",0,1,"medio","telefonico",0,3,2,5,7.128,0,10,0,"fin_estudio",0,NA,0,"1","1"
2724,"28","6",8.024,0.8024,42,"35-65",14,76,989,5,24764,106,"rural",10098,"particular","turismo","diesel","M","blanco","soltero","anual",0,1,"medio","telematico",0,1,0,7,8.024,0,8.78,0,"fin_estudio",0,NA,0,"2","2"
2725,"28","6",9.378,0.9378,66,"65+",39,82,1034,8,33503,822,"mixta",8914,"particular","moto","gasolina","H","negro","casado","anual",0,1,"basico","presencial",1,3,0,4,6.521,1,10,0,"fin_estudio",3653.02,3653.02,1,"1","1"
2726,"28","6",8.043,0.8043,29,"25-35",9,88,1063,2,15447,215,"mixta",6167,"particular","moto","diesel","H","blanco","soltero","anual",0,1,"basico","presencial",0,1,0,6,8.043,0,10,0,"fin_estudio",0,NA,0,"1","1"
2727,"28","6",2.351,0.2351,44,"35-65",13,149,2176,14,24330,714,"mixta",27804,"particular","turismo","gasolina","M","negro","soltero","anual",0,2,"medio","presencial",3,1,0,1,0.301,1,3.305,0,"fin_estudio",10107.55,3369.18,1,"5","4"
2728,"28","6",1.126,0.1126,37,"35-65",12,138,2347,4,28433,24,"rural",17833,"comercial","turismo","diesel","H","otro","casado","mensual",1,2,"superior","presencial",0,1,0,1,1.126,0,1.126,1,"baja",0,NA,0,"3","2"
2729,"28","6",2.143,0.2143,64,"35-65",33,113,1691,8,18168,266,"mixta",16321,"particular","turismo","diesel","M","negro","soltero","mensual",0,1,"medio","presencial",0,0,0,1,2.143,0,5.598,0,"fin_estudio",0,NA,0,"2","1"
2730,"28","6",3.685,0.3685,66,"65+",29,159,1918,8,21791,382,"mixta",11202,"particular","turismo","diesel","M","blanco","soltero","mensual",0,1,"superior","presencial",0,1,0,4,3.685,0,3.685,1,"baja",0,NA,0,"3","2"
2731,"28","6",4.621,0.4621,66,"65+",30,105,1320,9,28025,197,"mixta",11011,"particular","turismo","diesel","H","gris","soltero","mensual",1,2,"medio","telematico",1,1,0,2,2.401,1,4.621,1,"baja",3307.22,3307.22,1,"1","1"
2732,"28","6",6.779,0.6779,42,"35-65",13,105,1316,12,28301,21,"rural",14527,"particular","turismo","gasolina","H","gris","casado","anual",1,2,"medio","presencial",0,3,0,4,6.779,0,10,0,"fin_estudio",0,NA,0,"1","1"
2733,"29","6",6.971,0.6971,41,"35-65",18,109,1858,4,15565,129,"rural",4753,"particular","turismo","diesel","H","gris","casado","mensual",1,1,"basico","presencial",0,1,2,6,6.971,0,10,0,"fin_estudio",0,NA,0,"1","1"
2734,"29","6",5.981,0.5981,48,"35-65",11,129,2212,15,19087,225,"mixta",20665,"particular","turismo","gasolina","H","otro","soltero","anual",1,1,"basico","presencial",2,4,0,7,3.345,1,7.32,0,"fin_estudio",3406.5,1703.25,1,"2","3"
2735,"29","6",2.256,0.2256,29,"25-35",10,150,1976,0,40825,447,"mixta",26060,"particular","turismo","gasolina","M","negro","casado","mensual",0,1,"medio","telefonico",0,1,1,5,2.256,0,8.062,0,"fin_estudio",0,NA,0,"3","2"
2736,"29","6",6.603,0.6603,38,"35-65",9,85,1430,10,21245,198,"mixta",11680,"particular","turismo","gasolina","H","blanco","casado","anual",0,2,"basico","presencial",0,6,0,3,6.603,0,10,0,"fin_estudio",0,NA,0,"1","1"
2737,"29","6",2.785,0.2785,62,"35-65",19,96,1195,11,19149,184,"mixta",4768,"comercial","moto","diesel","H","rojo","casado","mensual",0,1,"medio","presencial",0,0,0,5,2.785,0,10,0,"fin_estudio",0,NA,0,"4","4"
2738,"29","6",4.651,0.4651,53,"35-65",19,112,1700,11,26395,343,"mixta",19042,"particular","turismo","gasolina","H","blanco","soltero","anual",1,1,"superior","telematico",1,4,1,2,0.76,1,4.651,1,"baja",676.08,676.08,1,"1","1"
2739,"29","6",4.405,0.4405,39,"35-65",12,95,1644,8,18148,510,"mixta",14269,"particular","furgoneta","diesel","H","rojo","casado","anual",0,2,"medio","telematico",0,1,1,3,4.405,0,6.645,0,"fin_estudio",0,NA,0,"1","1"
2740,"29","6",2.33,0.233,62,"35-65",39,92,1124,14,18660,197,"mixta",8261,"comercial","moto","diesel","H","negro","soltero","anual",0,1,"basico","presencial",0,0,0,1,2.33,0,2.33,1,"baja",0,NA,0,"3","3"
2741,"29","6",4.616,0.4616,29,"25-35",9,137,1766,3,29241,70,"rural",15325,"particular","moto","gasolina","H","rojo","casado","anual",0,2,"superior","telematico",1,0,0,7,1.19,1,4.616,1,"baja",5219.96,5219.96,1,"4","3"
2742,"29","6",1.556,0.1556,34,"25-35",11,133,2057,8,38188,317,"mixta",6942,"particular","turismo","gasolina","H","gris","soltero","mensual",1,2,"medio","presencial",0,1,0,0,1.556,0,10,0,"fin_estudio",0,NA,0,"3","3"
2743,"29","6",1.408,0.1408,41,"35-65",20,97,1577,6,28123,619,"mixta",8103,"particular","turismo","gasolina","M","rojo","casado","anual",0,1,"basico","presencial",0,0,0,3,1.408,0,10,0,"fin_estudio",0,NA,0,"1","1"
2744,"29","6",5.345,0.5345,53,"35-65",15,145,2130,14,24793,3454,"urbana",17139,"comercial","turismo","gasolina","H","negro","soltero","anual",1,2,"medio","telematico",2,2,0,5,2.417,1,6.044,0,"fin_estudio",4649.51,2324.76,1,"2","2"
2745,"29","6",2.276,0.2276,48,"35-65",19,131,1586,2,22195,118,"rural",24222,"particular","turismo","diesel","H","otro","otro","anual",1,1,"basico","telefonico",0,3,0,5,2.276,0,2.276,1,"baja",0,NA,0,"1","1"
2746,"29","6",6.355,0.6355,61,"35-65",18,138,2454,2,23094,129,"rural",18731,"particular","turismo","gasolina","M","rojo","casado","anual",1,2,"medio","telematico",0,1,2,3,6.355,0,6.355,1,"baja",0,NA,0,"1","1"
2747,"29","6",4.436,0.4436,50,"35-65",18,74,1060,8,18745,698,"mixta",8954,"particular","turismo","diesel","M","gris","casado","anual",0,2,"medio","telematico",0,2,0,2,4.436,0,8.086,0,"fin_estudio",0,NA,0,"2","2"
2748,"29","6",8.64,0.864,39,"35-65",20,65,815,8,32596,587,"mixta",7943,"particular","turismo","diesel","H","negro","soltero","anual",0,2,"basico","presencial",3,3,0,3,0.977,1,10,0,"fin_estudio",9915.03,3305.01,1,"3","3"
2749,"29","6",2.442,0.2442,56,"35-65",21,147,2396,9,16290,1505,"urbana",8394,"particular","moto","gasolina","H","rojo","casado","mensual",1,1,"superior","presencial",0,0,0,2,2.442,0,5.437,0,"fin_estudio",0,NA,0,"4","3"
2750,"29","6",4.554,0.4554,50,"35-65",24,160,2212,8,35580,218,"mixta",24441,"comercial","turismo","gasolina","M","gris","casado","anual",1,1,"medio","presencial",0,6,0,7,4.554,0,4.554,1,"baja",0,NA,0,"4","3"
2751,"29","6",2.743,0.2743,71,"65+",32,146,2236,17,29336,2998,"urbana",10230,"particular","turismo","diesel","M","gris","otro","anual",1,2,"basico","presencial",0,0,1,6,2.743,0,10,0,"fin_estudio",0,NA,0,"2","2"
2752,"29","6",1.8,0.18,39,"35-65",12,83,1299,3,18501,1203,"urbana",12088,"particular","turismo","diesel","H","negro","soltero","anual",0,1,"medio","presencial",0,0,0,1,1.8,0,1.8,1,"baja",0,NA,0,"3","3"
2753,"29","6",3.055,0.3055,57,"35-65",25,127,1812,14,19522,14,"rural",6896,"particular","furgoneta","gasolina","H","negro","casado","mensual",1,1,"basico","telefonico",0,0,0,5,3.055,0,7.51,0,"fin_estudio",0,NA,0,"1","1"
2754,"29","6",2.381,0.2381,51,"35-65",24,89,1346,10,27844,649,"mixta",5560,"particular","furgoneta","gasolina","H","rojo","soltero","anual",0,1,"superior","telematico",0,0,0,2,2.381,0,10,0,"fin_estudio",0,NA,0,"2","2"
2755,"29","6",5.23,0.523,55,"35-65",33,117,1797,6,15927,218,"mixta",13120,"comercial","turismo","diesel","M","gris","casado","anual",0,1,"medio","telefonico",0,2,0,5,5.23,0,10,0,"fin_estudio",0,NA,0,"2","1"
2756,"29","6",8.452,0.8452,33,"25-35",10,121,1759,10,23004,670,"mixta",23479,"comercial","turismo","diesel","H","otro","soltero","anual",1,2,"medio","presencial",10,3,0,11,0.358,1,10,0,"fin_estudio",16350.48,1635.05,1,"5","4"
2757,"29","6",9.744,0.9744,47,"35-65",18,163,2682,4,26799,868,"mixta",9084,"particular","turismo","diesel","H","rojo","casado","anual",0,2,"basico","presencial",0,1,0,10,9.744,0,10,0,"fin_estudio",0,NA,0,"2","1"
2758,"29","6",2.304,0.2304,38,"35-65",14,58,920,6,20717,260,"mixta",14481,"particular","turismo","gasolina","H","gris","otro","anual",1,3,"medio","presencial",0,1,0,2,2.304,0,4.991,0,"fin_estudio",0,NA,0,"3","2"
2759,"29","6",2.798,0.2798,41,"35-65",19,120,2008,5,20414,1125,"urbana",14890,"particular","turismo","gasolina","H","negro","casado","anual",1,2,"medio","presencial",0,1,0,5,2.798,0,10,0,"fin_estudio",0,NA,0,"1","1"
2760,"29","6",6.273,0.6273,51,"35-65",12,130,1634,7,36690,468,"mixta",17956,"particular","turismo","diesel","H","rojo","soltero","anual",0,2,"superior","presencial",0,2,0,10,6.273,0,8.643,0,"fin_estudio",0,NA,0,"1","1"
2761,"29","6",9.676,0.9676,55,"35-65",31,81,1454,11,18155,466,"mixta",19767,"particular","turismo","diesel","H","rojo","soltero","mensual",0,1,"basico","presencial",0,7,0,6,9.676,0,10,0,"fin_estudio",0,NA,0,"1","1"
2762,"29","6",3.794,0.3794,41,"35-65",13,157,1956,19,31418,725,"mixta",4786,"particular","turismo","diesel","M","gris","otro","anual",1,1,"medio","presencial",0,1,0,3,3.794,0,10,0,"fin_estudio",0,NA,0,"1","1"
2763,"29","6",4.925,0.4925,51,"35-65",18,99,1573,3,11798,303,"mixta",26221,"particular","turismo","diesel","H","blanco","casado","mensual",0,1,"superior","presencial",0,3,0,6,4.925,0,10,0,"fin_estudio",0,NA,0,"3","3"
2764,"29","6",2.017,0.2017,59,"35-65",18,63,1130,8,20642,730,"mixta",8719,"particular","turismo","diesel","H","negro","soltero","mensual",0,1,"superior","presencial",0,0,0,1,2.017,0,2.609,0,"fin_estudio",0,NA,0,"1","1"
2765,"29","6",5.168,0.5168,57,"35-65",39,71,1249,9,34471,295,"mixta",13012,"particular","turismo","gasolina","H","rojo","soltero","anual",0,1,"basico","presencial",0,6,0,1,5.168,0,5.168,1,"baja",0,NA,0,"1","1"
2766,"29","6",0.626,0.0626,37,"35-65",9,77,966,1,30242,61,"rural",9116,"particular","turismo","diesel","M","rojo","casado","anual",0,2,"basico","telematico",0,1,0,0,0.626,0,0.626,1,"baja",0,NA,0,"3","3"
2767,"29","6",5.89,0.589,45,"35-65",23,87,1442,7,17776,186,"mixta",15935,"particular","turismo","gasolina","H","rojo","otro","anual",0,2,"superior","presencial",0,1,0,2,5.89,0,5.89,1,"baja",0,NA,0,"1","1"
2768,"29","6",4.126,0.4126,27,"25-35",8,55,944,11,22332,78,"rural",11093,"particular","furgoneta","diesel","H","otro","soltero","anual",0,1,"medio","telematico",1,0,0,2,1.028,1,8.511,0,"fin_estudio",158.1,158.1,1,"2","1"
2769,"29","6",9.876,0.9876,57,"35-65",27,145,2238,10,30942,57,"rural",15346,"particular","turismo","gasolina","M","negro","soltero","anual",0,1,"superior","presencial",0,1,0,9,9.876,0,10,0,"fin_estudio",0,NA,0,"1","1"
2770,"29","6",8.345,0.8345,58,"35-65",19,91,1275,18,31479,917,"mixta",16505,"particular","turismo","diesel","M","gris","soltero","anual",1,1,"medio","presencial",3,1,0,11,2.634,1,10,0,"fin_estudio",7216.25,2405.42,1,"5","4"
2771,"29","6",1.187,0.1187,32,"25-35",9,108,1345,1,22049,25,"rural",7901,"particular","furgoneta","gasolina","M","rojo","soltero","mensual",1,1,"basico","telefonico",1,0,0,1,0.891,1,1.187,1,"baja",2876.04,2876.04,1,"4","4"
2772,"29","6",3.277,0.3277,55,"35-65",21,78,1218,15,30672,24,"rural",22938,"particular","turismo","diesel","H","rojo","soltero","anual",0,2,"medio","presencial",1,3,0,4,0.52,1,10,0,"fin_estudio",1337.84,1337.84,1,"1","1"
2773,"29","6",4.393,0.4393,37,"35-65",18,87,1075,13,11849,569,"mixta",10939,"particular","turismo","gasolina","H","otro","soltero","anual",0,3,"medio","telematico",1,3,0,4,1.136,1,7.091,0,"fin_estudio",425.96,425.96,1,"3","3"
2774,"29","6",1.467,0.1467,40,"35-65",8,67,1194,23,21300,2431,"urbana",10567,"particular","turismo","gasolina","M","blanco","casado","anual",0,1,"superior","presencial",0,1,0,0,1.467,0,10,0,"fin_estudio",0,NA,0,"5","5"
2775,"29","6",9.89,0.989,49,"35-65",12,93,1177,0,20101,309,"mixta",18409,"particular","turismo","gasolina","H","rojo","otro","mensual",0,2,"medio","presencial",2,4,0,11,2.038,1,10,0,"fin_estudio",1873.81,936.9,1,"1","1"
2776,"29","6",4.862,0.4862,47,"35-65",11,138,2317,5,20182,959,"mixta",15182,"particular","furgoneta","diesel","M","rojo","otro","anual",1,2,"basico","presencial",0,0,0,3,4.862,0,4.862,1,"baja",0,NA,0,"1","1"
2777,"29","6",4.208,0.4208,42,"35-65",16,55,800,10,18400,552,"mixta",7020,"particular","turismo","gasolina","M","gris","casado","mensual",0,1,"basico","presencial",0,1,1,6,4.208,0,4.208,1,"baja",0,NA,0,"1","1"
2778,"29","6",4.867,0.4867,33,"25-35",10,122,1671,13,22752,147,"rural",8028,"particular","moto","diesel","M","gris","soltero","mensual",0,1,"medio","presencial",0,1,0,5,4.867,0,9.797,0,"fin_estudio",0,NA,0,"1","1"
2779,"29","6",0.871,0.0871,55,"35-65",21,95,1355,3,17197,1136,"urbana",4383,"comercial","turismo","diesel","H","blanco","casado","anual",0,2,"superior","telefonico",1,0,0,0,0.527,1,0.871,1,"baja",2212.09,2212.09,1,"5","5"
2780,"29","6",1.532,0.1532,33,"25-35",14,158,2659,11,29939,181,"mixta",12621,"particular","turismo","diesel","H","negro","casado","mensual",1,1,"superior","presencial",0,2,0,2,1.532,0,10,0,"fin_estudio",0,NA,0,"1","1"
2781,"29","6",1.835,0.1835,46,"35-65",21,117,1693,3,23847,600,"mixta",12040,"comercial","turismo","gasolina","H","otro","casado","anual",0,2,"basico","presencial",0,2,1,2,1.835,0,1.835,1,"baja",0,NA,0,"3","3"
2782,"29","6",2.822,0.2822,54,"35-65",28,173,2917,0,30759,2002,"urbana",12793,"particular","turismo","diesel","M","blanco","casado","mensual",0,2,"basico","presencial",0,1,0,7,2.822,0,3.669,0,"fin_estudio",0,NA,0,"2","2"
2783,"29","6",2.168,0.2168,18,"18-25",0,98,1719,12,20252,1612,"urbana",9742,"particular","furgoneta","diesel","M","rojo","casado","mensual",0,1,"medio","telefonico",2,1,0,5,1.041,1,2.168,1,"baja",6607.79,3303.9,1,"4","5"
2784,"29","6",1.505,0.1505,24,"18-25",4,55,824,1,27982,74,"rural",18261,"particular","turismo","diesel","M","blanco","casado","anual",1,2,"medio","telematico",0,1,0,2,1.505,0,1.505,1,"baja",0,NA,0,"4","4"
2785,"29","6",1.968,0.1968,43,"35-65",12,180,3211,1,24957,215,"mixta",7059,"particular","turismo","diesel","H","negro","soltero","mensual",0,1,"basico","presencial",1,0,0,1,1.004,1,1.968,1,"baja",661.6,661.6,1,"5","5"
2786,"29","6",1.208,0.1208,59,"35-65",24,110,1348,16,32711,318,"mixta",9937,"particular","turismo","diesel","M","negro","casado","anual",0,1,"basico","presencial",0,0,0,3,1.208,0,1.208,1,"baja",0,NA,0,"1","1"
2787,"29","6",4.275,0.4275,49,"35-65",14,120,1814,15,30790,84,"rural",11221,"particular","moto","diesel","M","rojo","soltero","mensual",0,1,"medio","telefonico",1,2,0,5,1.229,1,4.275,1,"baja",2791.95,2791.95,1,"1","1"
2788,"29","6",0.897,0.0897,34,"25-35",9,184,2843,0,19883,87,"rural",6619,"particular","moto","diesel","H","otro","otro","anual",0,1,"superior","presencial",0,0,0,2,0.897,0,0.897,1,"baja",0,NA,0,"1","1"
2789,"29","6",1.386,0.1386,37,"35-65",14,112,1685,2,15091,614,"mixta",5740,"particular","turismo","diesel","M","otro","casado","anual",1,1,"superior","presencial",0,0,0,1,1.386,0,1.386,1,"baja",0,NA,0,"3","2"
2790,"29","6",3.146,0.3146,39,"35-65",11,133,1921,3,46973,95,"rural",8258,"particular","turismo","gasolina","M","otro","soltero","anual",1,1,"medio","telefonico",0,0,0,3,3.146,0,3.146,1,"baja",0,NA,0,"3","2"
2791,"29","6",4.997,0.4997,82,"65+",53,98,1615,4,28505,141,"rural",8773,"particular","moto","gasolina","H","negro","soltero","anual",1,2,"basico","presencial",2,1,0,3,1.862,1,4.997,1,"baja",8002.9,4001.45,1,"5","4"
2792,"29","6",3.498,0.3498,45,"35-65",22,62,991,9,20298,142,"rural",6183,"particular","turismo","diesel","H","negro","casado","anual",1,2,"basico","presencial",0,1,0,3,3.498,0,10,0,"fin_estudio",0,NA,0,"2","2"
2793,"29","6",3.289,0.3289,45,"35-65",24,105,1444,10,28610,50,"rural",17364,"particular","turismo","gasolina","M","blanco","casado","anual",0,1,"superior","telefonico",0,0,0,3,3.289,0,10,0,"fin_estudio",0,NA,0,"1","1"
2794,"29","6",6.56,0.656,52,"35-65",30,112,1898,4,18150,64,"rural",22946,"particular","moto","gasolina","H","blanco","soltero","anual",0,1,"medio","presencial",1,2,1,3,2.135,1,7.773,0,"fin_estudio",44.3,44.3,1,"4","4"
2795,"29","6",4.743,0.4743,30,"25-35",11,146,2389,7,31019,250,"mixta",17895,"comercial","turismo","gasolina","H","gris","casado","mensual",0,2,"medio","telematico",3,2,4,6,1.831,1,4.743,1,"baja",3490.69,1163.56,1,"4","5"
2796,"29","6",1.465,0.1465,36,"35-65",11,114,1394,3,35927,301,"mixta",8771,"particular","turismo","gasolina","H","otro","casado","anual",0,2,"basico","presencial",0,0,0,0,1.465,0,10,0,"fin_estudio",0,NA,0,"3","3"
2797,"29","6",2.807,0.2807,64,"35-65",40,55,976,9,9076,1162,"urbana",7531,"particular","turismo","gasolina","H","blanco","soltero","anual",0,1,"superior","presencial",0,0,0,2,2.807,0,10,0,"fin_estudio",0,NA,0,"4","3"
2798,"29","6",2.92,0.292,42,"35-65",17,216,3318,10,30998,356,"mixta",26383,"particular","moto","gasolina","H","rojo","casado","mensual",1,1,"medio","presencial",2,1,0,4,0.156,1,2.92,1,"baja",5482.52,2741.26,1,"5","5"
2799,"29","6",1.253,0.1253,37,"35-65",13,73,987,12,24711,302,"mixta",13451,"particular","moto","gasolina","H","rojo","casado","anual",0,1,"superior","telematico",0,0,0,1,1.253,0,1.253,1,"baja",0,NA,0,"1","1"
2800,"29","6",6.903,0.6903,55,"35-65",15,72,1284,5,4725,337,"mixta",14831,"particular","turismo","diesel","H","negro","casado","anual",1,1,"medio","telefonico",0,5,0,5,6.903,0,8.398,0,"fin_estudio",0,NA,0,"1","1"
2801,"29","6",4.225,0.4225,28,"25-35",5,115,1426,2,28138,1389,"urbana",3201,"particular","moto","diesel","M","blanco","otro","mensual",1,1,"medio","presencial",0,2,1,5,4.225,0,4.225,1,"baja",0,NA,0,"2","2"
2802,"29","6",8.195,0.8195,51,"35-65",23,95,1217,3,17588,519,"mixta",22579,"particular","turismo","gasolina","H","blanco","casado","anual",0,2,"medio","telefonico",8,4,0,8,1.389,1,10,0,"fin_estudio",8489.33,1061.17,1,"5","4"
2803,"29","6",5.527,0.5527,42,"35-65",18,121,1974,20,18846,1198,"urbana",31691,"particular","turismo","diesel","H","otro","casado","mensual",1,3,"superior","telefonico",8,3,0,6,0.841,1,6.827,0,"fin_estudio",13406,1675.75,1,"5","4"
2804,"29","6",3.066,0.3066,68,"65+",49,115,1825,6,24615,332,"mixta",19563,"particular","turismo","gasolina","H","negro","soltero","anual",0,1,"basico","presencial",1,3,0,3,1.036,1,10,0,"fin_estudio",5897.97,5897.97,1,"4","4"
2805,"29","6",1.132,0.1132,27,"25-35",4,108,1504,1,31494,28,"rural",4985,"particular","moto","diesel","H","otro","casado","anual",0,1,"basico","presencial",0,2,0,1,1.132,0,10,0,"fin_estudio",0,NA,0,"1","1"
2806,"29","6",0.867,0.0867,41,"35-65",12,121,1567,4,26322,141,"rural",32532,"particular","turismo","diesel","H","gris","soltero","mensual",0,2,"basico","presencial",0,1,0,0,0.867,0,0.867,1,"baja",0,NA,0,"1","1"
2807,"29","6",4.615,0.4615,41,"35-65",13,77,1278,9,23453,295,"mixta",18224,"particular","turismo","diesel","H","rojo","soltero","anual",0,1,"basico","presencial",0,2,0,3,4.615,0,10,0,"fin_estudio",0,NA,0,"1","1"
2808,"29","6",2.335,0.2335,42,"35-65",18,120,1692,11,34757,251,"mixta",37577,"particular","turismo","diesel","M","blanco","casado","anual",0,2,"basico","telematico",0,2,0,4,2.335,0,3.524,0,"fin_estudio",0,NA,0,"1","1"
2809,"29","6",1.531,0.1531,34,"25-35",6,115,1441,6,19458,301,"mixta",7975,"comercial","furgoneta","gasolina","H","otro","casado","mensual",0,5,"basico","presencial",1,0,0,1,0.722,1,2.076,0,"fin_estudio",5366.32,5366.32,1,"5","5"
2810,"29","6",3.187,0.3187,43,"35-65",15,147,1766,12,32347,519,"mixta",11004,"particular","turismo","diesel","H","blanco","casado","anual",0,2,"basico","presencial",0,0,0,7,3.187,0,3.187,1,"baja",0,NA,0,"1","1"
2811,"29","6",1.515,0.1515,53,"35-65",27,110,1539,5,33319,213,"mixta",14098,"particular","turismo","gasolina","M","rojo","casado","anual",1,1,"basico","presencial",0,2,0,1,1.515,0,1.515,1,"baja",0,NA,0,"1","1"
2812,"29","6",4.199,0.4199,32,"25-35",12,55,857,6,17371,147,"rural",10571,"comercial","furgoneta","gasolina","M","negro","soltero","anual",0,2,"medio","presencial",0,3,0,1,4.199,0,10,0,"fin_estudio",0,NA,0,"1","1"
2813,"29","6",8.419,0.8419,29,"25-35",4,106,1368,9,27336,1430,"urbana",13748,"comercial","furgoneta","gasolina","M","blanco","soltero","anual",0,1,"basico","telematico",0,3,1,11,8.419,0,10,0,"fin_estudio",0,NA,0,"1","1"
2814,"29","6",4.877,0.4877,58,"35-65",40,177,2944,5,25086,832,"mixta",13056,"particular","moto","gasolina","M","gris","casado","anual",0,1,"superior","presencial",1,2,0,4,1.139,1,10,0,"fin_estudio",5365.12,5365.12,1,"1","1"
2815,"29","6",8.066,0.8066,53,"35-65",23,148,2608,3,22795,300,"mixta",10799,"particular","moto","diesel","H","gris","otro","anual",0,1,"basico","presencial",0,3,0,6,8.066,0,10,0,"fin_estudio",0,NA,0,"1","1"
2816,"29","6",7.843,0.7843,33,"25-35",13,139,2175,11,11023,114,"rural",7315,"particular","turismo","gasolina","M","otro","casado","mensual",1,1,"basico","telematico",0,2,1,4,7.843,0,10,0,"fin_estudio",0,NA,0,"1","1"
2817,"29","6",1.5,0.15,19,"18-25",1,55,800,14,28641,1078,"urbana",14246,"particular","furgoneta","diesel","H","rojo","casado","mensual",0,1,"superior","telefonico",2,0,0,2,1.154,1,1.5,1,"baja",2491.15,1245.57,1,"3","5"
2818,"29","6",9.1,0.91,78,"65+",50,94,1531,2,41712,219,"mixta",9988,"particular","furgoneta","gasolina","H","otro","soltero","anual",0,2,"medio","telefonico",0,1,0,17,9.1,0,10,0,"fin_estudio",0,NA,0,"1","1"
2819,"29","6",4.821,0.4821,43,"35-65",15,112,1366,6,12651,295,"mixta",10740,"particular","moto","diesel","H","otro","casado","anual",1,3,"basico","presencial",1,0,0,2,1.245,1,4.821,1,"baja",1445.98,1445.98,1,"4","4"
2820,"29","6",2.952,0.2952,57,"35-65",24,152,1931,3,23669,534,"mixta",11187,"particular","turismo","gasolina","H","blanco","casado","mensual",0,1,"basico","telematico",0,0,0,2,2.952,0,10,0,"fin_estudio",0,NA,0,"2","2"
2821,"29","6",3.784,0.3784,69,"65+",42,55,800,3,20708,100,"rural",8742,"particular","turismo","gasolina","H","negro","casado","mensual",1,1,"medio","presencial",0,0,0,1,3.784,0,10,0,"fin_estudio",0,NA,0,"2","2"
2822,"29","6",8.581,0.8581,69,"65+",21,113,1742,2,21723,66,"rural",6270,"particular","furgoneta","diesel","M","negro","casado","anual",1,1,"basico","presencial",0,5,0,14,8.581,0,10,0,"fin_estudio",0,NA,0,"1","1"
2823,"29","6",8.923,0.8923,49,"35-65",24,159,2659,0,32024,224,"mixta",10066,"particular","turismo","gasolina","H","negro","soltero","mensual",0,1,"medio","presencial",1,2,2,11,6.96,1,8.923,1,"baja",1014.64,1014.64,1,"3","3"
2824,"29","6",3.086,0.3086,30,"25-35",10,128,1622,0,39693,120,"rural",10385,"particular","turismo","diesel","H","blanco","casado","mensual",1,1,"basico","telefonico",0,2,0,6,3.086,0,3.086,1,"baja",0,NA,0,"2","2"
2825,"29","6",9.101,0.9101,18,"18-25",0,131,1890,10,31460,358,"mixta",21094,"particular","turismo","gasolina","H","gris","casado","mensual",0,1,"basico","presencial",0,11,0,11,9.101,0,9.101,1,"baja",0,NA,0,"1","1"
2826,"29","6",0.312,0.0312,81,"65+",26,108,1415,6,25817,78,"rural",39857,"particular","turismo","diesel","H","blanco","soltero","anual",0,1,"basico","telefonico",0,0,0,0,0.312,0,0.312,1,"baja",0,NA,0,"3","3"
2827,"29","6",7.95,0.795,55,"35-65",32,133,1949,15,21905,136,"rural",9840,"particular","turismo","gasolina","M","gris","soltero","mensual",0,2,"medio","presencial",0,0,0,4,7.95,0,7.95,1,"baja",0,NA,0,"1","1"
2828,"29","6",2.463,0.2463,46,"35-65",16,127,1822,14,27287,196,"mixta",8993,"particular","turismo","gasolina","M","rojo","soltero","mensual",0,1,"medio","telefonico",0,2,0,3,2.463,0,2.463,1,"baja",0,NA,0,"1","1"
2829,"29","6",1.49,0.149,50,"35-65",23,146,2394,12,12878,30,"rural",6791,"particular","turismo","gasolina","M","blanco","casado","anual",1,1,"basico","telefonico",0,0,0,1,1.49,0,1.49,1,"baja",0,NA,0,"4","4"
2830,"29","6",1.949,0.1949,52,"35-65",27,121,1516,2,25930,301,"mixta",5272,"particular","turismo","diesel","M","rojo","casado","mensual",0,1,"medio","presencial",0,0,0,4,1.949,0,1.949,1,"baja",0,NA,0,"3","2"
2831,"29","6",5.072,0.5072,49,"35-65",14,107,1849,6,30134,1490,"urbana",11067,"particular","turismo","diesel","M","gris","casado","anual",0,2,"basico","presencial",1,1,0,8,1.21,1,10,0,"fin_estudio",115.99,115.99,1,"1","1"
2832,"29","6",2.244,0.2244,34,"25-35",9,150,2306,9,17485,59,"rural",7534,"particular","turismo","diesel","M","otro","otro","mensual",0,1,"basico","telefonico",1,2,0,2,1.526,1,10,0,"fin_estudio",1269.03,1269.03,1,"4","4"
2833,"29","6",1.469,0.1469,18,"18-25",0,146,2575,5,28878,653,"mixta",9651,"particular","turismo","diesel","M","otro","soltero","anual",0,1,"basico","presencial",0,1,0,2,1.469,0,3.985,0,"fin_estudio",0,NA,0,"1","1"
2834,"29","6",9.475,0.9475,52,"35-65",31,165,2906,6,37068,362,"mixta",8072,"particular","moto","gasolina","H","otro","soltero","mensual",0,2,"medio","presencial",4,6,0,9,3.516,1,10,0,"fin_estudio",27477.54,6869.38,1,"4","4"
2835,"29","6",5.479,0.5479,33,"25-35",11,157,2154,8,28831,68,"rural",16514,"particular","turismo","diesel","H","negro","soltero","anual",0,2,"superior","presencial",3,7,0,8,0.131,1,5.479,1,"baja",1849.49,616.5,1,"4","4"
2836,"29","6",4.7,0.47,46,"35-65",19,101,1466,0,12722,539,"mixta",9267,"particular","turismo","gasolina","M","rojo","casado","mensual",1,2,"medio","presencial",0,1,0,3,4.7,0,10,0,"fin_estudio",0,NA,0,"1","1"
2837,"29","6",3.191,0.3191,61,"35-65",28,118,1611,3,10593,1017,"urbana",8187,"particular","furgoneta","diesel","H","blanco","soltero","mensual",1,2,"basico","telefonico",0,1,1,1,3.191,0,10,0,"fin_estudio",0,NA,0,"1","1"
2838,"29","6",2.844,0.2844,22,"18-25",1,70,1229,3,18402,59,"rural",16692,"particular","moto","diesel","M","blanco","casado","mensual",0,2,"medio","telematico",0,2,0,2,2.844,0,2.844,1,"baja",0,NA,0,"1","1"
2839,"29","6",2.115,0.2115,66,"65+",31,105,1342,7,17753,513,"mixta",20149,"particular","furgoneta","diesel","M","negro","soltero","mensual",1,2,"medio","presencial",0,1,0,2,2.115,0,8.709,0,"fin_estudio",0,NA,0,"1","1"
2840,"29","6",2.036,0.2036,40,"35-65",20,87,1432,12,11893,241,"mixta",18376,"particular","turismo","diesel","M","blanco","soltero","anual",0,1,"basico","telematico",0,4,0,0,2.036,0,2.036,1,"baja",0,NA,0,"1","1"
2841,"29","6",8.744,0.8744,66,"65+",32,84,1357,5,29277,298,"mixta",8211,"particular","turismo","diesel","M","negro","soltero","anual",1,1,"basico","presencial",0,2,0,6,8.744,0,10,0,"fin_estudio",0,NA,0,"1","1"
2842,"29","6",2.608,0.2608,44,"35-65",16,55,800,11,18392,104,"rural",13751,"particular","turismo","gasolina","M","negro","soltero","anual",1,3,"basico","presencial",2,1,0,0,1.484,1,2.608,1,"baja",1804.45,902.22,1,"5","5"
2843,"29","6",9.471,0.9471,48,"35-65",24,81,1292,13,36592,55,"rural",31215,"particular","turismo","diesel","H","rojo","casado","anual",0,2,"basico","telefonico",0,3,1,9,9.471,0,10,0,"fin_estudio",0,NA,0,"1","1"
2844,"29","6",2.792,0.2792,37,"35-65",14,55,800,17,24981,74,"rural",6768,"particular","turismo","gasolina","H","otro","soltero","mensual",1,1,"medio","telematico",0,1,2,3,2.792,0,10,0,"fin_estudio",0,NA,0,"1","1"
2845,"29","6",1.17,0.117,23,"18-25",2,137,1831,6,35568,61,"rural",33407,"comercial","turismo","gasolina","H","negro","soltero","mensual",1,1,"superior","telefonico",1,1,0,4,0.737,1,4.235,0,"fin_estudio",370.28,370.28,1,"4","4"
2846,"29","6",1.09,0.109,46,"35-65",13,117,1721,16,42720,56,"rural",10379,"particular","furgoneta","gasolina","H","otro","casado","mensual",0,2,"basico","telefonico",0,0,0,3,1.09,0,10,0,"fin_estudio",0,NA,0,"3","3"
2847,"29","6",1.284,0.1284,47,"35-65",12,113,2009,10,28308,1827,"urbana",8200,"particular","moto","diesel","H","rojo","casado","anual",1,2,"superior","presencial",0,0,0,0,1.284,0,1.838,0,"fin_estudio",0,NA,0,"3","3"
2848,"29","6",4.494,0.4494,56,"35-65",16,103,1583,9,24268,256,"mixta",25004,"particular","turismo","diesel","M","gris","casado","anual",1,1,"basico","presencial",0,7,2,3,4.494,0,10,0,"fin_estudio",0,NA,0,"3","3"
2849,"29","6",9.07,0.907,63,"35-65",16,101,1229,10,26666,285,"mixta",19418,"particular","turismo","diesel","M","otro","casado","anual",1,4,"basico","presencial",1,5,0,11,7.315,1,10,0,"fin_estudio",5580.82,5580.82,1,"2","1"
2850,"29","6",5.522,0.5522,59,"35-65",30,98,1186,7,21082,147,"rural",17942,"particular","moto","diesel","M","gris","casado","anual",0,1,"basico","telefonico",0,2,0,3,5.522,0,10,0,"fin_estudio",0,NA,0,"1","1"
2851,"29","6",2.883,0.2883,62,"35-65",31,140,1854,5,39760,137,"rural",11865,"particular","moto","diesel","H","negro","soltero","mensual",1,2,"superior","presencial",1,0,0,3,2.594,1,10,0,"fin_estudio",2009.35,2009.35,1,"1","2"
2852,"29","6",4.702,0.4702,51,"35-65",29,96,1357,7,19026,1676,"urbana",28833,"particular","furgoneta","diesel","M","gris","soltero","anual",0,1,"medio","presencial",1,5,0,2,1.442,1,4.702,1,"baja",950.26,950.26,1,"1","1"
2853,"30","6",1.042,0.1042,50,"35-65",27,75,1340,12,26088,470,"mixta",8465,"particular","turismo","diesel","M","negro","otro","mensual",0,3,"medio","presencial",0,2,0,0,1.042,0,2.563,0,"fin_estudio",0,NA,0,"2","1"
2854,"30","6",6.063,0.6063,52,"35-65",15,98,1396,20,28888,97,"rural",11013,"particular","turismo","diesel","M","rojo","soltero","mensual",0,1,"superior","telefonico",0,4,0,1,6.063,0,6.063,1,"baja",0,NA,0,"1","1"
2855,"30","6",7.534,0.7534,46,"35-65",24,80,1097,14,30566,132,"rural",14984,"particular","turismo","gasolina","M","rojo","soltero","anual",1,2,"basico","presencial",0,5,0,2,7.534,0,10,0,"fin_estudio",0,NA,0,"1","1"
2856,"30","6",2.336,0.2336,48,"35-65",28,114,1704,14,21221,250,"mixta",6001,"particular","furgoneta","diesel","M","gris","soltero","mensual",0,1,"medio","telematico",0,2,0,2,2.336,0,8.819,0,"fin_estudio",0,NA,0,"1","1"
2857,"30","6",5.268,0.5268,47,"35-65",25,81,1054,7,20356,819,"mixta",10488,"particular","turismo","gasolina","M","rojo","casado","mensual",0,1,"medio","presencial",0,2,0,3,5.268,0,10,0,"fin_estudio",0,NA,0,"1","1"
2858,"30","6",4.419,0.4419,57,"35-65",15,76,1135,8,26896,238,"mixta",19893,"particular","turismo","diesel","M","blanco","soltero","anual",0,1,"superior","telefonico",0,1,0,2,4.419,0,4.419,1,"baja",0,NA,0,"1","1"
2859,"30","6",1.741,0.1741,78,"65+",53,55,968,3,12687,170,"mixta",6026,"comercial","turismo","gasolina","H","otro","soltero","anual",0,2,"superior","presencial",0,0,0,0,1.741,0,1.741,1,"baja",0,NA,0,"2","2"
2860,"30","6",4.844,0.4844,45,"35-65",26,73,898,4,34741,1748,"urbana",7606,"comercial","turismo","gasolina","H","blanco","soltero","anual",0,1,"medio","telematico",0,1,0,1,4.844,0,10,0,"fin_estudio",0,NA,0,"2","1"
2861,"30","6",2.299,0.2299,70,"65+",48,133,1662,0,30589,889,"mixta",23954,"particular","turismo","diesel","M","negro","casado","anual",1,1,"medio","presencial",1,3,0,0,2.298,1,4.296,0,"fin_estudio",2654.68,2654.68,1,"1","2"
2862,"30","6",7.761,0.7761,50,"35-65",12,85,1423,3,28207,371,"mixta",11140,"particular","turismo","diesel","M","gris","soltero","anual",0,2,"medio","presencial",1,1,0,4,6.184,1,7.761,1,"baja",2432.52,2432.52,1,"2","2"
2863,"30","6",2.161,0.2161,22,"18-25",3,115,1887,3,24436,384,"mixta",6977,"particular","turismo","diesel","H","rojo","soltero","anual",0,1,"superior","presencial",1,2,0,1,0.41,1,8.57,0,"fin_estudio",7905.42,7905.42,1,"3","2"
2864,"30","6",5.113,0.5113,73,"65+",36,97,1407,7,23662,276,"mixta",5708,"particular","turismo","diesel","H","otro","casado","anual",0,1,"basico","telefonico",0,4,0,0,5.113,0,10,0,"fin_estudio",0,NA,0,"1","1"
2865,"30","6",9.297,0.9297,42,"35-65",11,63,1073,12,13615,878,"mixta",7051,"particular","turismo","diesel","M","blanco","casado","anual",0,1,"medio","telematico",1,1,0,0,4.087,1,10,0,"fin_estudio",1069.54,1069.54,1,"2","1"
2866,"30","6",1.414,0.1414,20,"18-25",1,92,1151,0,33186,171,"mixta",17087,"particular","turismo","gasolina","M","negro","casado","anual",1,1,"basico","presencial",1,0,0,0,0.123,1,1.414,1,"baja",6967.73,6967.73,1,"4","4"
2867,"30","6",1.006,0.1006,27,"25-35",5,97,1728,3,40697,537,"mixta",31371,"particular","turismo","diesel","H","otro","soltero","mensual",1,4,"medio","presencial",0,0,0,0,1.006,0,1.006,1,"baja",0,NA,0,"3","3"
2868,"30","6",2.752,0.2752,26,"25-35",8,71,876,12,24135,213,"mixta",9009,"particular","turismo","diesel","M","rojo","casado","mensual",0,1,"basico","presencial",0,0,0,0,2.752,0,10,0,"fin_estudio",0,NA,0,"1","1"
2869,"30","6",3.7,0.37,22,"18-25",3,93,1447,2,28830,128,"rural",10404,"particular","turismo","diesel","M","negro","casado","anual",0,2,"superior","presencial",1,5,1,1,1.129,1,10,0,"fin_estudio",642.69,642.69,1,"2","2"
2870,"30","6",6.406,0.6406,52,"35-65",24,126,2189,13,24719,4876,"urbana",10101,"particular","turismo","diesel","H","rojo","soltero","anual",1,1,"medio","presencial",0,3,0,0,6.406,0,8.818,0,"fin_estudio",0,NA,0,"1","1"
2871,"30","6",1.84,0.184,42,"35-65",9,91,1390,10,20550,701,"mixta",10146,"particular","turismo","diesel","H","gris","casado","anual",1,1,"basico","telefonico",0,0,0,0,1.84,0,1.84,1,"baja",0,NA,0,"3","2"
2872,"30","6",2.271,0.2271,50,"35-65",13,55,800,14,30347,165,"mixta",16858,"particular","turismo","diesel","M","negro","casado","anual",1,1,"medio","telefonico",2,3,0,0,0.336,1,2.271,1,"baja",4689.25,2344.62,1,"5","5"
2873,"30","6",8.143,0.8143,34,"25-35",13,87,1205,2,25675,543,"mixta",7540,"particular","turismo","diesel","M","gris","casado","mensual",0,2,"basico","presencial",1,1,0,3,3.794,1,10,0,"fin_estudio",2452.35,2452.35,1,"2","1"
2874,"30","6",6.262,0.6262,44,"35-65",9,85,1185,11,11518,114,"rural",5353,"particular","turismo","gasolina","H","otro","casado","anual",0,1,"medio","presencial",0,0,1,0,6.262,0,8.098,0,"fin_estudio",0,NA,0,"1","1"
2875,"30","6",4.329,0.4329,49,"35-65",19,72,951,16,24156,2860,"urbana",16009,"particular","turismo","gasolina","H","rojo","soltero","mensual",0,1,"basico","telefonico",0,2,0,0,4.329,0,4.329,1,"baja",0,NA,0,"2","1"
2876,"30","6",0.591,0.0591,30,"25-35",9,129,1879,7,29362,71,"rural",17686,"particular","moto","diesel","H","rojo","casado","anual",0,1,"basico","presencial",1,0,0,1,0.131,1,0.591,1,"baja",1810.71,1810.71,1,"3","3"
2877,"30","6",3.179,0.3179,35,"25-35",8,128,1892,3,20429,1489,"urbana",9640,"particular","turismo","diesel","H","negro","casado","anual",0,2,"superior","presencial",0,1,0,0,3.179,0,3.179,1,"baja",0,NA,0,"1","1"
2878,"30","6",9.368,0.9368,47,"35-65",17,100,1419,6,6476,630,"mixta",19253,"particular","turismo","diesel","H","rojo","casado","anual",1,1,"medio","presencial",2,2,0,3,1.752,1,10,0,"fin_estudio",368.12,184.06,1,"1","1"
2879,"30","6",2.587,0.2587,59,"35-65",19,58,913,10,22652,214,"mixta",9301,"particular","moto","diesel","H","gris","soltero","mensual",1,2,"basico","presencial",0,0,0,0,2.587,0,6.893,0,"fin_estudio",0,NA,0,"1","1"
2880,"30","6",1.658,0.1658,44,"35-65",14,55,988,11,19930,64,"rural",14339,"particular","turismo","gasolina","H","gris","casado","anual",1,2,"basico","telematico",0,3,0,0,1.658,0,7.491,0,"fin_estudio",0,NA,0,"2","2"
2881,"30","6",1.618,0.1618,51,"35-65",14,137,2226,5,36590,275,"mixta",13247,"particular","furgoneta","diesel","H","otro","soltero","anual",0,1,"medio","presencial",0,0,0,1,1.618,0,1.618,1,"baja",0,NA,0,"5","4"
2882,"30","6",8.854,0.8854,29,"25-35",9,177,2254,8,25779,184,"mixta",12075,"particular","turismo","gasolina","M","rojo","soltero","anual",0,2,"medio","telefonico",1,4,1,6,5.919,1,10,0,"fin_estudio",500.54,500.54,1,"1","1"
2883,"30","6",4.43,0.443,35,"25-35",12,148,2475,3,26637,1461,"urbana",12631,"comercial","turismo","gasolina","H","rojo","otro","mensual",1,1,"superior","presencial",0,1,0,0,4.43,0,4.43,1,"baja",0,NA,0,"1","1"
2884,"30","6",6.057,0.6057,26,"25-35",4,129,2147,11,21768,65,"rural",10008,"particular","turismo","gasolina","M","gris","casado","anual",1,1,"medio","presencial",2,4,1,5,1.718,1,10,0,"fin_estudio",722.39,361.2,1,"2","2"
2885,"30","6",8.515,0.8515,55,"35-65",24,79,948,4,26396,1078,"urbana",21296,"particular","turismo","gasolina","M","blanco","casado","anual",0,1,"basico","telefonico",0,7,0,0,8.515,0,10,0,"fin_estudio",0,NA,0,"3","3"
2886,"30","6",0.549,0.0549,51,"35-65",25,154,2348,11,35453,113,"rural",9701,"comercial","turismo","diesel","M","blanco","casado","anual",0,1,"basico","presencial",0,0,1,0,0.549,0,0.549,1,"baja",0,NA,0,"2","2"
2887,"30","6",4.326,0.4326,28,"25-35",6,120,1779,8,36766,697,"mixta",9217,"particular","turismo","diesel","M","rojo","soltero","anual",0,1,"basico","presencial",0,0,1,2,4.326,0,7.184,0,"fin_estudio",0,NA,0,"1","1"
2888,"30","6",6.162,0.6162,70,"65+",25,120,1587,4,14556,61,"rural",16280,"particular","turismo","gasolina","M","rojo","soltero","mensual",0,1,"basico","presencial",0,4,0,0,6.162,0,8.037,0,"fin_estudio",0,NA,0,"2","1"
2889,"30","6",1.942,0.1942,51,"35-65",20,115,1393,9,20946,294,"mixta",4891,"particular","turismo","gasolina","M","gris","casado","mensual",0,1,"medio","telematico",0,1,0,0,1.942,0,1.942,1,"baja",0,NA,0,"2","2"
2890,"30","6",1.813,0.1813,55,"35-65",15,86,1377,12,18005,102,"rural",11811,"comercial","turismo","gasolina","H","otro","soltero","mensual",0,1,"basico","presencial",0,0,0,0,1.813,0,5.379,0,"fin_estudio",0,NA,0,"2","1"
2891,"30","6",5.479,0.5479,43,"35-65",9,110,1887,2,17664,276,"mixta",8784,"particular","turismo","gasolina","H","gris","soltero","mensual",1,3,"medio","telefonico",1,2,0,1,2.666,1,10,0,"fin_estudio",511.56,511.56,1,"1","1"
2892,"30","6",3.719,0.3719,48,"35-65",25,108,1851,11,42806,99,"rural",12641,"particular","furgoneta","diesel","M","otro","soltero","anual",1,2,"medio","telematico",0,4,0,1,3.719,0,7.745,0,"fin_estudio",0,NA,0,"1","1"
2893,"30","6",5.588,0.5588,54,"35-65",22,123,1976,7,31786,697,"mixta",7052,"particular","turismo","gasolina","H","gris","casado","anual",0,1,"medio","presencial",0,1,1,3,5.588,0,5.588,1,"baja",0,NA,0,"1","1"
2894,"30","6",1.444,0.1444,44,"35-65",21,130,1900,14,33822,354,"mixta",22772,"particular","turismo","diesel","H","gris","casado","anual",0,1,"basico","presencial",0,1,0,0,1.444,0,10,0,"fin_estudio",0,NA,0,"4","3"
2895,"30","6",2.981,0.2981,26,"25-35",4,101,1639,0,26424,440,"mixta",9300,"comercial","turismo","gasolina","H","rojo","casado","mensual",0,2,"basico","presencial",1,1,0,2,0.586,1,2.981,1,"baja",1433.35,1433.35,1,"4","3"
2896,"30","6",3.58,0.358,44,"35-65",16,55,834,7,18561,178,"mixta",8141,"comercial","turismo","diesel","H","negro","soltero","mensual",0,1,"superior","presencial",0,2,0,2,3.58,0,3.58,1,"baja",0,NA,0,"1","1"
2897,"30","6",5.664,0.5664,28,"25-35",7,80,1405,11,12388,90,"rural",16363,"comercial","turismo","gasolina","M","rojo","soltero","anual",0,1,"medio","presencial",2,4,1,3,2.28,1,10,0,"fin_estudio",930.86,465.43,1,"4","4"
2898,"30","6",6.898,0.6898,46,"35-65",18,61,1031,11,28609,134,"rural",17708,"particular","turismo","diesel","M","gris","casado","anual",0,1,"superior","telematico",0,6,0,2,6.898,0,10,0,"fin_estudio",0,NA,0,"1","1"
2899,"30","6",2.939,0.2939,67,"65+",32,180,2791,8,13023,977,"mixta",17041,"particular","furgoneta","diesel","H","gris","soltero","anual",1,1,"basico","presencial",4,1,0,1,1.669,1,2.939,1,"baja",7670.05,1917.51,1,"5","5"
2900,"30","6",8.178,0.8178,45,"35-65",20,57,987,10,13244,87,"rural",7039,"particular","moto","gasolina","H","rojo","soltero","anual",1,4,"medio","presencial",1,1,0,2,3.399,1,10,0,"fin_estudio",1644.13,1644.13,1,"1","1"
2901,"30","6",0.551,0.0551,21,"18-25",1,55,941,11,27970,82,"rural",20158,"particular","moto","gasolina","M","blanco","casado","anual",0,1,"basico","telefonico",0,1,0,0,0.551,0,0.551,1,"baja",0,NA,0,"4","4"
2902,"30","6",5.496,0.5496,48,"35-65",22,155,2745,6,42755,106,"rural",5335,"particular","turismo","diesel","M","negro","casado","mensual",0,1,"medio","presencial",0,1,0,3,5.496,0,5.496,1,"baja",0,NA,0,"1","1"
2903,"30","6",0.483,0.0483,18,"18-25",0,118,1420,2,24523,15,"rural",18655,"particular","moto","gasolina","H","negro","casado","anual",0,1,"basico","presencial",0,0,1,0,0.483,0,0.483,1,"baja",0,NA,0,"2","2"
2904,"30","6",5.65,0.565,68,"65+",28,114,1977,7,18821,314,"mixta",10287,"particular","turismo","diesel","H","rojo","casado","mensual",0,1,"medio","telefonico",0,1,0,2,5.65,0,8.644,0,"fin_estudio",0,NA,0,"1","1"
2905,"30","6",4.041,0.4041,29,"25-35",8,74,888,5,27042,399,"mixta",1950,"particular","turismo","diesel","M","rojo","soltero","mensual",0,1,"medio","telefonico",0,2,0,1,4.041,0,10,0,"fin_estudio",0,NA,0,"3","2"
2906,"30","6",1.437,0.1437,76,"65+",30,144,2203,8,29731,889,"mixta",13065,"comercial","turismo","diesel","M","gris","soltero","anual",0,1,"basico","telematico",0,1,0,1,1.437,0,1.437,1,"baja",0,NA,0,"4","4"
2907,"30","6",2.245,0.2245,44,"35-65",15,104,1540,2,18237,603,"mixta",14716,"particular","turismo","diesel","M","blanco","casado","anual",0,1,"superior","presencial",0,0,0,0,2.245,0,2.245,1,"baja",0,NA,0,"4","4"
2908,"30","6",9.211,0.9211,39,"35-65",16,125,2101,12,18049,212,"mixta",28929,"particular","turismo","diesel","M","rojo","casado","mensual",1,2,"medio","telematico",5,9,2,2,3.135,1,10,0,"fin_estudio",4293.28,858.66,1,"4","3"
2909,"30","6",3.619,0.3619,55,"35-65",24,178,2707,5,22179,396,"mixta",12648,"particular","turismo","diesel","H","rojo","otro","anual",0,3,"basico","telefonico",0,2,0,1,3.619,0,3.619,1,"baja",0,NA,0,"2","1"
2910,"30","6",4.922,0.4922,26,"25-35",6,73,1234,1,18852,433,"mixta",13670,"particular","turismo","diesel","H","otro","casado","mensual",1,2,"basico","presencial",2,5,0,4,2.039,1,4.922,1,"baja",1144.42,572.21,1,"3","2"
2911,"30","6",1.065,0.1065,84,"65+",35,104,1543,4,30191,336,"mixta",5719,"particular","turismo","gasolina","H","rojo","soltero","mensual",0,1,"medio","presencial",0,1,0,0,1.065,0,10,0,"fin_estudio",0,NA,0,"4","3"
2912,"30","6",2.128,0.2128,59,"35-65",33,170,2332,8,13553,194,"mixta",11224,"particular","furgoneta","gasolina","H","blanco","casado","mensual",1,1,"basico","telefonico",0,0,0,1,2.128,0,9.584,0,"fin_estudio",0,NA,0,"2","1"
2913,"30","6",4.175,0.4175,27,"25-35",7,84,1490,9,21757,319,"mixta",41232,"particular","turismo","diesel","H","blanco","soltero","anual",0,1,"basico","presencial",0,7,0,1,4.175,0,4.175,1,"baja",0,NA,0,"1","1"
2914,"30","6",7.026,0.7026,34,"25-35",16,94,1199,6,32402,180,"mixta",4923,"particular","turismo","diesel","H","gris","casado","anual",0,1,"basico","telefonico",0,2,1,3,7.026,0,7.026,1,"baja",0,NA,0,"1","1"
2915,"30","6",1.198,0.1198,61,"35-65",34,130,1647,2,33741,148,"rural",20448,"particular","turismo","diesel","M","blanco","soltero","anual",1,1,"basico","telematico",0,1,0,0,1.198,0,10,0,"fin_estudio",0,NA,0,"2","1"
2916,"30","6",8.622,0.8622,18,"18-25",0,76,1222,6,1500,172,"mixta",18590,"particular","turismo","diesel","M","negro","casado","anual",1,2,"medio","telematico",6,5,1,0,1.245,1,10,0,"fin_estudio",3502.57,583.76,1,"5","5"
2917,"30","6",6.582,0.6582,44,"35-65",26,125,1652,13,17963,557,"mixta",6126,"comercial","turismo","diesel","H","blanco","casado","mensual",1,1,"medio","telematico",0,0,0,1,6.582,0,6.582,1,"baja",0,NA,0,"1","1"
2918,"30","6",3.503,0.3503,54,"35-65",29,55,800,6,25900,1414,"urbana",12174,"particular","moto","diesel","H","blanco","casado","anual",1,1,"superior","presencial",0,3,0,1,3.503,0,3.503,1,"baja",0,NA,0,"1","1"
2919,"30","6",0.475,0.0475,55,"35-65",19,184,2434,9,36164,279,"mixta",7767,"particular","moto","gasolina","H","gris","casado","anual",0,1,"medio","presencial",0,0,0,0,0.475,0,0.475,1,"baja",0,NA,0,"5","5"
2920,"30","6",1.105,0.1105,58,"35-65",27,59,800,3,16376,153,"mixta",15929,"particular","moto","gasolina","H","otro","soltero","anual",1,2,"superior","presencial",0,0,0,0,1.105,0,1.646,0,"fin_estudio",0,NA,0,"1","1"
2921,"30","6",2.238,0.2238,54,"35-65",33,55,978,5,12903,204,"mixta",31444,"particular","moto","diesel","H","otro","casado","anual",1,2,"basico","telefonico",0,3,0,1,2.238,0,3.961,0,"fin_estudio",0,NA,0,"1","1"
2922,"30","6",3.699,0.3699,40,"35-65",17,180,2283,8,34364,527,"mixta",9007,"particular","turismo","gasolina","M","rojo","soltero","mensual",1,1,"basico","presencial",0,2,0,1,3.699,0,3.699,1,"baja",0,NA,0,"2","2"
2923,"30","6",2.371,0.2371,62,"35-65",40,105,1431,4,24077,565,"mixta",9433,"particular","turismo","gasolina","M","rojo","casado","mensual",1,1,"basico","telefonico",0,3,0,0,2.371,0,10,0,"fin_estudio",0,NA,0,"2","1"
2924,"30","6",2.533,0.2533,48,"35-65",21,97,1446,13,30518,177,"mixta",10058,"particular","turismo","gasolina","H","rojo","casado","anual",0,2,"basico","presencial",0,0,0,2,2.533,0,5.348,0,"fin_estudio",0,NA,0,"2","2"
2925,"30","6",2.745,0.2745,57,"35-65",15,78,1283,6,17621,121,"rural",10172,"particular","furgoneta","diesel","M","blanco","soltero","anual",0,1,"basico","presencial",1,0,0,0,0.817,1,2.745,1,"baja",295.16,295.16,1,"2","1"
2926,"30","6",2.786,0.2786,41,"35-65",12,113,2012,20,24575,2090,"urbana",9054,"comercial","turismo","diesel","H","rojo","soltero","anual",0,1,"superior","telematico",2,1,0,1,1.587,1,4.982,0,"fin_estudio",3352.86,1676.43,1,"2","3"
2927,"30","6",1.752,0.1752,54,"35-65",23,156,2507,3,35816,26,"rural",13205,"particular","furgoneta","diesel","M","blanco","soltero","anual",0,2,"medio","telefonico",0,2,0,1,1.752,0,1.752,1,"baja",0,NA,0,"1","1"
2928,"30","6",6.072,0.6072,39,"35-65",20,84,1113,10,20193,724,"mixta",23518,"particular","turismo","diesel","H","negro","soltero","mensual",0,1,"basico","presencial",0,1,0,1,6.072,0,10,0,"fin_estudio",0,NA,0,"1","1"
2929,"30","6",8.818,0.8818,46,"35-65",11,130,1874,9,26477,53,"rural",16856,"particular","turismo","diesel","H","blanco","casado","mensual",1,2,"superior","presencial",0,2,1,2,8.818,0,9.575,0,"fin_estudio",0,NA,0,"1","1"
2930,"30","6",4.41,0.441,41,"35-65",23,62,834,17,24737,211,"mixta",5395,"particular","moto","diesel","H","gris","otro","mensual",0,2,"medio","presencial",0,3,0,1,4.41,0,4.41,1,"baja",0,NA,0,"1","1"
2931,"30","6",6.949,0.6949,48,"35-65",22,64,812,16,28341,190,"mixta",5560,"particular","turismo","diesel","M","negro","soltero","anual",0,1,"superior","presencial",0,3,0,1,6.949,0,8.508,0,"fin_estudio",0,NA,0,"1","1"
2932,"30","6",3.957,0.3957,35,"25-35",15,140,2353,7,26356,212,"mixta",22846,"particular","turismo","gasolina","M","rojo","otro","mensual",0,3,"basico","presencial",1,2,0,0,2.416,1,10,0,"fin_estudio",3539.14,3539.14,1,"4","3"
2933,"30","6",2.769,0.2769,46,"35-65",19,131,2006,6,38493,708,"mixta",3037,"particular","furgoneta","diesel","M","otro","casado","anual",0,1,"basico","presencial",1,0,0,0,2.035,1,2.769,1,"baja",845.77,845.77,1,"1","2"
2934,"30","6",7.168,0.7168,57,"35-65",18,93,1546,8,27392,134,"rural",13402,"particular","turismo","gasolina","H","gris","soltero","mensual",0,1,"medio","presencial",1,4,0,1,6.238,1,9.627,0,"fin_estudio",5864.63,5864.63,1,"3","3"
2935,"30","6",2.218,0.2218,30,"25-35",7,154,2363,9,22446,1486,"urbana",14247,"particular","turismo","gasolina","M","blanco","soltero","anual",0,1,"basico","presencial",0,0,0,2,2.218,0,10,0,"fin_estudio",0,NA,0,"1","1"
2936,"30","6",6.256,0.6256,47,"35-65",17,133,2318,11,27696,1702,"urbana",18716,"particular","moto","gasolina","M","gris","casado","anual",0,2,"medio","telefonico",2,3,1,1,3.462,1,10,0,"fin_estudio",7442.63,3721.32,1,"2","2"
2937,"30","6",3.906,0.3906,62,"35-65",23,87,1072,1,28712,105,"rural",12924,"particular","turismo","gasolina","H","blanco","casado","anual",0,1,"medio","presencial",0,4,0,1,3.906,0,3.906,1,"baja",0,NA,0,"3","2"
2938,"30","6",3.388,0.3388,35,"25-35",11,87,1453,7,24050,3039,"urbana",23113,"particular","turismo","gasolina","M","otro","casado","mensual",1,1,"medio","presencial",2,0,0,0,0.88,1,3.388,1,"baja",1333.82,666.91,1,"5","4"
2939,"30","6",7.361,0.7361,23,"18-25",3,64,1064,14,17689,299,"mixta",8709,"particular","turismo","gasolina","M","otro","casado","mensual",0,2,"basico","presencial",2,2,1,2,2.5,1,7.947,0,"fin_estudio",4318.98,2159.49,1,"2","1"
2940,"30","6",4.946,0.4946,39,"35-65",10,62,934,12,28377,150,"rural",11804,"particular","turismo","diesel","M","gris","casado","mensual",0,1,"basico","telefonico",0,1,0,1,4.946,0,4.946,1,"baja",0,NA,0,"2","2"
2941,"30","6",8.537,0.8537,77,"65+",21,77,1327,6,15573,367,"mixta",8990,"particular","turismo","gasolina","H","negro","soltero","mensual",1,2,"superior","presencial",0,2,0,0,8.537,0,10,0,"fin_estudio",0,NA,0,"1","1"
